t_s,df_hz,frequency_source,frequency_is_derived_from_bus_voltage_angle,angle_is_exact_bus_voltage
0.0,2.3191544552338142e-15,Vmag_get_voltage_magnitude_series__angle_get_voltage_angle_series,true,true
0.01,8.006604666878644e-16,Vmag_get_voltage_magnitude_series__angle_get_voltage_angle_series,true,true
0.02,-1.7117568598154346e-15,Vmag_get_voltage_magnitude_series__angle_get_voltage_angle_series,true,true
0.03,-8.282694482977908e-17,Vmag_get_voltage_magnitude_series__angle_get_voltage_angle_series,true,true
0.04,1.159577227616907e-15,Vmag_get_voltage_magnitude_series__angle_get_voltage_angle_series,true,true
0.05,-7.178335218580855e-16,Vmag_get_voltage_magnitude_series__angle_get_voltage_angle_series,true,true
0.06,-2.2087185287941085e-16,Vmag_get_voltage_magnitude_series__angle_get_voltage_angle_series,true,true
0.07,-6.073975954183798e-16,Vmag_get_voltage_magnitude_series__angle_get_voltage_angle_series,true,true
0.08,2.7608981609926378e-17,Vmag_get_voltage_magnitude_series__angle_get_voltage_angle_series,true,true
0.09,4.693526873687481e-16,Vmag_get_voltage_magnitude_series__angle_get_voltage_angle_series,true,true
0.1,-0.0014886293516470828,Vmag_get_voltage_magnitude_series__angle_get_voltage_angle_series,true,true
0.11,-0.004571463769081617,Vmag_get_voltage_magnitude_series__angle_get_voltage_angle_series,true,true
0.12,-0.002521977700495941,Vmag_get_voltage_magnitude_series__angle_get_voltage_angle_series,true,true
0.13,0.00048561850197089085,Vmag_get_voltage_magnitude_series__angle_get_voltage_angle_series,true,true
0.14,-0.00023322779909418814,Vmag_get_voltage_magnitude_series__angle_get_voltage_angle_series,true,true
0.15,-0.0004524784098523476,Vmag_get_voltage_magnitude_series__angle_get_voltage_angle_series,true,true
0.16,-0.0006670761307041963,Vmag_get_voltage_magnitude_series__angle_get_voltage_angle_series,true,true
0.17,-0.0008102856355455847,Vmag_get_voltage_magnitude_series__angle_get_voltage_angle_series,true,true
0.18,-0.0009274534665806906,Vmag_get_voltage_magnitude_series__angle_get_voltage_angle_series,true,true
0.19,-0.0010219348695920329,Vmag_get_voltage_magnitude_series__angle_get_voltage_angle_series,true,true
0.2,-0.0011003062011123528,Vmag_get_voltage_magnitude_series__angle_get_voltage_angle_series,true,true
0.21,-0.0011683353366930035,Vmag_get_voltage_magnitude_series__angle_get_voltage_angle_series,true,true
0.22,-0.0012294734024691754,Vmag_get_voltage_magnitude_series__angle_get_voltage_angle_series,true,true
0.23,-0.0012848777598390199,Vmag_get_voltage_magnitude_series__angle_get_voltage_angle_series,true,true
0.24,-0.0013359135298896619,Vmag_get_voltage_magnitude_series__angle_get_voltage_angle_series,true,true
0.25,-0.0013839730220989498,Vmag_get_voltage_magnitude_series__angle_get_voltage_angle_series,true,true
0.26,-0.0014298023075866122,Vmag_get_voltage_magnitude_series__angle_get_voltage_angle_series,true,true
0.27,-0.0014741121674564533,Vmag_get_voltage_magnitude_series__angle_get_voltage_angle_series,true,true
0.28,-0.0015173652724364613,Vmag_get_voltage_magnitude_series__angle_get_voltage_angle_series,true,true
0.29,-0.0015599022987784082,Vmag_get_voltage_magnitude_series__angle_get_voltage_angle_series,true,true
0.3,-0.0016019341014921725,Vmag_get_voltage_magnitude_series__angle_get_voltage_angle_series,true,true
0.31,-0.0016435215466002462,Vmag_get_voltage_magnitude_series__angle_get_voltage_angle_series,true,true
0.32,-0.0016846599415142908,Vmag_get_voltage_magnitude_series__angle_get_voltage_angle_series,true,true
0.33,-0.0017252315802738605,Vmag_get_voltage_magnitude_series__angle_get_voltage_angle_series,true,true
0.34,-0.0017650688944155647,Vmag_get_voltage_magnitude_series__angle_get_voltage_angle_series,true,true
0.35,-0.0018039394058701188,Vmag_get_voltage_magnitude_series__angle_get_voltage_angle_series,true,true
0.36,-0.0018415837525439403,Vmag_get_voltage_magnitude_series__angle_get_voltage_angle_series,true,true
0.37,-0.001877721371499134,Vmag_get_voltage_magnitude_series__angle_get_voltage_angle_series,true,true
0.38,-0.0019120478375985231,Vmag_get_voltage_magnitude_series__angle_get_voltage_angle_series,true,true
0.39,-0.0019442933535550478,Vmag_get_voltage_magnitude_series__angle_get_voltage_angle_series,true,true
0.4,-0.001974172913262124,Vmag_get_voltage_magnitude_series__angle_get_voltage_angle_series,true,true
0.41,-0.002001431808163715,Vmag_get_voltage_magnitude_series__angle_get_voltage_angle_series,true,true
0.42,-0.00202585704102571,Vmag_get_voltage_magnitude_series__angle_get_voltage_angle_series,true,true
0.43,-0.0020472473244841053,Vmag_get_voltage_magnitude_series__angle_get_voltage_angle_series,true,true
0.44,-0.0020654524861829678,Vmag_get_voltage_magnitude_series__angle_get_voltage_angle_series,true,true
0.45,-0.002080341972956079,Vmag_get_voltage_magnitude_series__angle_get_voltage_angle_series,true,true
0.46,-0.002091829678441692,Vmag_get_voltage_magnitude_series__angle_get_voltage_angle_series,true,true
0.47,-0.002099862865595754,Vmag_get_voltage_magnitude_series__angle_get_voltage_angle_series,true,true
0.48,-0.0021044125016704903,Vmag_get_voltage_magnitude_series__angle_get_voltage_angle_series,true,true
0.49,-0.0021054869505492714,Vmag_get_voltage_magnitude_series__angle_get_voltage_angle_series,true,true
0.5,-0.002103113879393115,Vmag_get_voltage_magnitude_series__angle_get_voltage_angle_series,true,true
0.51,-0.0020973531353668863,Vmag_get_voltage_magnitude_series__angle_get_voltage_angle_series,true,true
0.52,-0.002088281408321354,Vmag_get_voltage_magnitude_series__angle_get_voltage_angle_series,true,true
0.53,-0.0020759935872790253,Vmag_get_voltage_magnitude_series__angle_get_voltage_angle_series,true,true
0.54,-0.002060607393854831,Vmag_get_voltage_magnitude_series__angle_get_voltage_angle_series,true,true
0.55,-0.0020422488058027635,Vmag_get_voltage_magnitude_series__angle_get_voltage_angle_series,true,true
0.56,-0.0020210621705954285,Vmag_get_voltage_magnitude_series__angle_get_voltage_angle_series,true,true
0.57,-0.0019971984352182615,Vmag_get_voltage_magnitude_series__angle_get_voltage_angle_series,true,true
0.58,-0.0019708188576608313,Vmag_get_voltage_magnitude_series__angle_get_voltage_angle_series,true,true
0.59,-0.0019420943428665495,Vmag_get_voltage_magnitude_series__angle_get_voltage_angle_series,true,true
0.6,-0.0019111960393973298,Vmag_get_voltage_magnitude_series__angle_get_voltage_angle_series,true,true
0.61,-0.0018783046461457653,Vmag_get_voltage_magnitude_series__angle_get_voltage_angle_series,true,true
0.62,-0.0018436007075158251,Vmag_get_voltage_magnitude_series__angle_get_voltage_angle_series,true,true
0.63,-0.0018072673126721752,Vmag_get_voltage_magnitude_series__angle_get_voltage_angle_series,true,true
0.64,-0.0017694883848005977,Vmag_get_voltage_magnitude_series__angle_get_voltage_angle_series,true,true
0.65,-0.0017304459847985586,Vmag_get_voltage_magnitude_series__angle_get_voltage_angle_series,true,true
0.66,-0.0016903229954223886,Vmag_get_voltage_magnitude_series__angle_get_voltage_angle_series,true,true
0.67,-0.001649298570782855,Vmag_get_voltage_magnitude_series__angle_get_voltage_angle_series,true,true
0.68,-0.0016075501039803358,Vmag_get_voltage_magnitude_series__angle_get_voltage_angle_series,true,true
0.69,-0.0015652506801469355,Vmag_get_voltage_magnitude_series__angle_get_voltage_angle_series,true,true
0.7,-0.0015225697031637053,Vmag_get_voltage_magnitude_series__angle_get_voltage_angle_series,true,true
0.71,-0.001479672477161846,Vmag_get_voltage_magnitude_series__angle_get_voltage_angle_series,true,true
0.72,-0.0014367178088911736,Vmag_get_voltage_magnitude_series__angle_get_voltage_angle_series,true,true
0.73,-0.001393860712076416,Vmag_get_voltage_magnitude_series__angle_get_voltage_angle_series,true,true
0.74,-0.0013512488295038178,Vmag_get_voltage_magnitude_series__angle_get_voltage_angle_series,true,true
0.75,-0.001309023443706194,Vmag_get_voltage_magnitude_series__angle_get_voltage_angle_series,true,true
0.76,-0.0012673200893113688,Vmag_get_voltage_magnitude_series__angle_get_voltage_angle_series,true,true
0.77,-0.0012262656431562306,Vmag_get_voltage_magnitude_series__angle_get_voltage_angle_series,true,true
0.78,-0.0011859808887352834,Vmag_get_voltage_magnitude_series__angle_get_voltage_angle_series,true,true
0.79,-0.001146577725639782,Vmag_get_voltage_magnitude_series__angle_get_voltage_angle_series,true,true
0.8,-0.001108160310015353,Vmag_get_voltage_magnitude_series__angle_get_voltage_angle_series,true,true
0.81,-0.0010708249233829503,Vmag_get_voltage_magnitude_series__angle_get_voltage_angle_series,true,true
0.82,-0.0010346583801239479,Vmag_get_voltage_magnitude_series__angle_get_voltage_angle_series,true,true
0.83,-0.0009997399999904985,Vmag_get_voltage_magnitude_series__angle_get_voltage_angle_series,true,true
0.84,-0.0009661389724073657,Vmag_get_voltage_magnitude_series__angle_get_voltage_angle_series,true,true
0.85,-0.0009339166703618161,Vmag_get_voltage_magnitude_series__angle_get_voltage_angle_series,true,true
0.86,-0.0009031251935636011,Vmag_get_voltage_magnitude_series__angle_get_voltage_angle_series,true,true
0.87,-0.0008738070214176119,Vmag_get_voltage_magnitude_series__angle_get_voltage_angle_series,true,true
0.88,-0.0008459971090414967,Vmag_get_voltage_magnitude_series__angle_get_voltage_angle_series,true,true
0.89,-0.0008197201046624212,Vmag_get_voltage_magnitude_series__angle_get_voltage_angle_series,true,true
0.9,-0.0007949930197514225,Vmag_get_voltage_magnitude_series__angle_get_voltage_angle_series,true,true
0.91,-0.0007718241226781186,Vmag_get_voltage_magnitude_series__angle_get_voltage_angle_series,true,true
0.92,-0.0007502129576931537,Vmag_get_voltage_magnitude_series__angle_get_voltage_angle_series,true,true
0.93,-0.0007301518779005623,Vmag_get_voltage_magnitude_series__angle_get_voltage_angle_series,true,true
0.94,-0.0007116245623798464,Vmag_get_voltage_magnitude_series__angle_get_voltage_angle_series,true,true
0.95,-0.0006946083018780354,Vmag_get_voltage_magnitude_series__angle_get_voltage_angle_series,true,true
0.96,-0.0006790727763682968,Vmag_get_voltage_magnitude_series__angle_get_voltage_angle_series,true,true
0.97,-0.0006649809184203756,Vmag_get_voltage_magnitude_series__angle_get_voltage_angle_series,true,true
0.98,-0.0006522902876372823,Vmag_get_voltage_magnitude_series__angle_get_voltage_angle_series,true,true
0.99,-0.0006409519312142306,Vmag_get_voltage_magnitude_series__angle_get_voltage_angle_series,true,true
1.0,-0.000630912296911025,Vmag_get_voltage_magnitude_series__angle_get_voltage_angle_series,true,true
1.01,-0.0006221126455739039,Vmag_get_voltage_magnitude_series__angle_get_voltage_angle_series,true,true
1.02,-0.0006144902882513772,Vmag_get_voltage_magnitude_series__angle_get_voltage_angle_series,true,true
1.03,-0.0006079790935691751,Vmag_get_voltage_magnitude_series__angle_get_voltage_angle_series,true,true
1.04,-0.0006025092395571985,Vmag_get_voltage_magnitude_series__angle_get_voltage_angle_series,true,true
1.05,-0.0005980088047642398,Vmag_get_voltage_magnitude_series__angle_get_voltage_angle_series,true,true
1.06,-0.000594403413975887,Vmag_get_voltage_magnitude_series__angle_get_voltage_angle_series,true,true
1.07,-0.0005916174801968856,Vmag_get_voltage_magnitude_series__angle_get_voltage_angle_series,true,true
1.08,-0.0005895742209967606,Vmag_get_voltage_magnitude_series__angle_get_voltage_angle_series,true,true
1.09,-0.0005881962074499763,Vmag_get_voltage_magnitude_series__angle_get_voltage_angle_series,true,true
1.1,-0.000587406475668124,Vmag_get_voltage_magnitude_series__angle_get_voltage_angle_series,true,true
1.11,-0.00058712786962753,Vmag_get_voltage_magnitude_series__angle_get_voltage_angle_series,true,true
1.12,-0.0005872846813952817,Vmag_get_voltage_magnitude_series__angle_get_voltage_angle_series,true,true
1.13,-0.0005878025065046851,Vmag_get_voltage_magnitude_series__angle_get_voltage_angle_series,true,true
1.14,-0.0005886083650204079,Vmag_get_voltage_magnitude_series__angle_get_voltage_angle_series,true,true
1.15,-0.0005896319228586647,Vmag_get_voltage_magnitude_series__angle_get_voltage_angle_series,true,true
1.16,-0.0005908049831104183,Vmag_get_voltage_magnitude_series__angle_get_voltage_angle_series,true,true
1.17,-0.00059206253344069,Vmag_get_voltage_magnitude_series__angle_get_voltage_angle_series,true,true
1.18,-0.0005933424850502156,Vmag_get_voltage_magnitude_series__angle_get_voltage_angle_series,true,true
1.19,-0.0005945862131653788,Vmag_get_voltage_magnitude_series__angle_get_voltage_angle_series,true,true
1.2,-0.0005957390479079041,Vmag_get_voltage_magnitude_series__angle_get_voltage_angle_series,true,true
1.21,-0.0005967496623970516,Vmag_get_voltage_magnitude_series__angle_get_voltage_angle_series,true,true
1.22,-0.0005975713862079344,Vmag_get_voltage_magnitude_series__angle_get_voltage_angle_series,true,true
1.23,-0.0005981613051225827,Vmag_get_voltage_magnitude_series__angle_get_voltage_angle_series,true,true
1.24,-0.0005984807885241105,Vmag_get_voltage_magnitude_series__angle_get_voltage_angle_series,true,true
1.25,-0.0005984959707489287,Vmag_get_voltage_magnitude_series__angle_get_voltage_angle_series,true,true
1.26,-0.0005981768469655404,Vmag_get_voltage_magnitude_series__angle_get_voltage_angle_series,true,true
1.27,-0.0005974983569236453,Vmag_get_voltage_magnitude_series__angle_get_voltage_angle_series,true,true
1.28,-0.0005964394285440084,Vmag_get_voltage_magnitude_series__angle_get_voltage_angle_series,true,true
1.29,-0.0005949834843842449,Vmag_get_voltage_magnitude_series__angle_get_voltage_angle_series,true,true
1.3,-0.0005931183444749181,Vmag_get_voltage_magnitude_series__angle_get_voltage_angle_series,true,true
1.31,-0.0005908356453220379,Vmag_get_voltage_magnitude_series__angle_get_voltage_angle_series,true,true
1.32,-0.0005881315608807739,Vmag_get_voltage_magnitude_series__angle_get_voltage_angle_series,true,true
1.33,-0.0005850056496862158,Vmag_get_voltage_magnitude_series__angle_get_voltage_angle_series,true,true
1.34,-0.0005814614930618196,Vmag_get_voltage_magnitude_series__angle_get_voltage_angle_series,true,true
1.35,-0.0005775062025502718,Vmag_get_voltage_magnitude_series__angle_get_voltage_angle_series,true,true
1.36,-0.0005731499628768382,Vmag_get_voltage_magnitude_series__angle_get_voltage_angle_series,true,true
1.37,-0.0005684064041158467,Vmag_get_voltage_magnitude_series__angle_get_voltage_angle_series,true,true
1.38,-0.0005632916591353251,Vmag_get_voltage_magnitude_series__angle_get_voltage_angle_series,true,true
1.39,-0.0005578247083744064,Vmag_get_voltage_magnitude_series__angle_get_voltage_angle_series,true,true
1.4,-0.0005520268628402989,Vmag_get_voltage_magnitude_series__angle_get_voltage_angle_series,true,true
1.41,-0.0005459214138948402,Vmag_get_voltage_magnitude_series__angle_get_voltage_angle_series,true,true
1.42,-0.000539533610060823,Vmag_get_voltage_magnitude_series__angle_get_voltage_angle_series,true,true
1.43,-0.0005328901142368106,Vmag_get_voltage_magnitude_series__angle_get_voltage_angle_series,true,true
1.44,-0.0005260190351409501,Vmag_get_voltage_magnitude_series__angle_get_voltage_angle_series,true,true
1.45,-0.0005189493673768613,Vmag_get_voltage_magnitude_series__angle_get_voltage_angle_series,true,true
1.46,-0.0005117108547400774,Vmag_get_voltage_magnitude_series__angle_get_voltage_angle_series,true,true
1.47,-0.0005043338831724466,Vmag_get_voltage_magnitude_series__angle_get_voltage_angle_series,true,true
1.48,-0.00049684879547601,Vmag_get_voltage_magnitude_series__angle_get_voltage_angle_series,true,true
1.49,-0.0004892861895586396,Vmag_get_voltage_magnitude_series__angle_get_voltage_angle_series,true,true
1.5,-0.00048167628706538584,Vmag_get_voltage_magnitude_series__angle_get_voltage_angle_series,true,true
1.51,-0.000474048763802456,Vmag_get_voltage_magnitude_series__angle_get_voltage_angle_series,true,true
1.52,-0.0004664327676527376,Vmag_get_voltage_magnitude_series__angle_get_voltage_angle_series,true,true
1.53,-0.00045885635686659536,Vmag_get_voltage_magnitude_series__angle_get_voltage_angle_series,true,true
1.54,-0.00045134677913792923,Vmag_get_voltage_magnitude_series__angle_get_voltage_angle_series,true,true
1.55,-0.00044392972384395274,Vmag_get_voltage_magnitude_series__angle_get_voltage_angle_series,true,true
1.56,-0.0004366296509567883,Vmag_get_voltage_magnitude_series__angle_get_voltage_angle_series,true,true
1.57,-0.00042946959269921873,Vmag_get_voltage_magnitude_series__angle_get_voltage_angle_series,true,true
1.58,-0.0004224706415135385,Vmag_get_voltage_magnitude_series__angle_get_voltage_angle_series,true,true
1.59,-0.0004156523907635729,Vmag_get_voltage_magnitude_series__angle_get_voltage_angle_series,true,true
1.6,-0.000409032399194206,Vmag_get_voltage_magnitude_series__angle_get_voltage_angle_series,true,true
1.61,-0.00040262644235224056,Vmag_get_voltage_magnitude_series__angle_get_voltage_angle_series,true,true
1.62,-0.0003964482937326553,Vmag_get_voltage_magnitude_series__angle_get_voltage_angle_series,true,true
1.63,-0.0003905096235759327,Vmag_get_voltage_magnitude_series__angle_get_voltage_angle_series,true,true
1.64,-0.0003848203322518352,Vmag_get_voltage_magnitude_series__angle_get_voltage_angle_series,true,true
1.65,-0.0003793879909408076,Vmag_get_voltage_magnitude_series__angle_get_voltage_angle_series,true,true
1.66,-0.00037421838302758697,Vmag_get_voltage_magnitude_series__angle_get_voltage_angle_series,true,true
1.67,-0.0003693153230995525,Vmag_get_voltage_magnitude_series__angle_get_voltage_angle_series,true,true
1.68,-0.00036468053819496964,Vmag_get_voltage_magnitude_series__angle_get_voltage_angle_series,true,true
1.69,-0.0003603140554133792,Vmag_get_voltage_magnitude_series__angle_get_voltage_angle_series,true,true
1.7,-0.00035621394422849235,Vmag_get_voltage_magnitude_series__angle_get_voltage_angle_series,true,true
1.71,-0.00035237669591168863,Vmag_get_voltage_magnitude_series__angle_get_voltage_angle_series,true,true
1.72,-0.00034879706425298474,Vmag_get_voltage_magnitude_series__angle_get_voltage_angle_series,true,true
1.73,-0.0003454682613232366,Vmag_get_voltage_magnitude_series__angle_get_voltage_angle_series,true,true
1.74,-0.0003423821713105057,Vmag_get_voltage_magnitude_series__angle_get_voltage_angle_series,true,true
1.75,-0.00033952924813397326,Vmag_get_voltage_magnitude_series__angle_get_voltage_angle_series,true,true
1.76,-0.00033689883765207517,Vmag_get_voltage_magnitude_series__angle_get_voltage_angle_series,true,true
1.77,-0.0003344791418352651,Vmag_get_voltage_magnitude_series__angle_get_voltage_angle_series,true,true
1.78,-0.00033225747268261595,Vmag_get_voltage_magnitude_series__angle_get_voltage_angle_series,true,true
1.79,-0.00033022033935571057,Vmag_get_voltage_magnitude_series__angle_get_voltage_angle_series,true,true
1.8,-0.0003283534863778764,Vmag_get_voltage_magnitude_series__angle_get_voltage_angle_series,true,true
1.81,-0.00032664220754272946,Vmag_get_voltage_magnitude_series__angle_get_voltage_angle_series,true,true
1.82,-0.0003250713117844482,Vmag_get_voltage_magnitude_series__angle_get_voltage_angle_series,true,true
1.83,-0.0003236253473516055,Vmag_get_voltage_magnitude_series__angle_get_voltage_angle_series,true,true
1.84,-0.00032228868702957895,Vmag_get_voltage_magnitude_series__angle_get_voltage_angle_series,true,true
1.85,-0.00032104563407394954,Vmag_get_voltage_magnitude_series__angle_get_voltage_angle_series,true,true
1.86,-0.0003198806449686,Vmag_get_voltage_magnitude_series__angle_get_voltage_angle_series,true,true
1.87,-0.0003187782566775428,Vmag_get_voltage_magnitude_series__angle_get_voltage_angle_series,true,true
1.88,-0.0003177233809551592,Vmag_get_voltage_magnitude_series__angle_get_voltage_angle_series,true,true
1.89,-0.00031670131662061765,Vmag_get_voltage_magnitude_series__angle_get_voltage_angle_series,true,true
1.9,-0.0003156977938941989,Vmag_get_voltage_magnitude_series__angle_get_voltage_angle_series,true,true
1.91,-0.0003146991942399235,Vmag_get_voltage_magnitude_series__angle_get_voltage_angle_series,true,true
1.92,-0.00031369248757534264,Vmag_get_voltage_magnitude_series__angle_get_voltage_angle_series,true,true
1.93,-0.00031266541758329504,Vmag_get_voltage_magnitude_series__angle_get_voltage_angle_series,true,true
1.94,-0.0003116064762374312,Vmag_get_voltage_magnitude_series__angle_get_voltage_angle_series,true,true
1.95,-0.00031050500074734217,Vmag_get_voltage_magnitude_series__angle_get_voltage_angle_series,true,true
1.96,-0.00030935125261792747,Vmag_get_voltage_magnitude_series__angle_get_voltage_angle_series,true,true
1.97,-0.00030813633555038883,Vmag_get_voltage_magnitude_series__angle_get_voltage_angle_series,true,true
1.98,-0.0003068523951356748,Vmag_get_voltage_magnitude_series__angle_get_voltage_angle_series,true,true
1.99,-0.00030549246753335235,Vmag_get_voltage_magnitude_series__angle_get_voltage_angle_series,true,true
2.0,-0.00030405059344612453,Vmag_get_voltage_magnitude_series__angle_get_voltage_angle_series,true,true
2.01,-0.0003025218416288614,Vmag_get_voltage_magnitude_series__angle_get_voltage_angle_series,true,true
2.02,-0.00030090216762380093,Vmag_get_voltage_magnitude_series__angle_get_voltage_angle_series,true,true
2.03,-0.00029918859740226333,Vmag_get_voltage_magnitude_series__angle_get_voltage_angle_series,true,true
2.04,-0.0002973790334985408,Vmag_get_voltage_magnitude_series__angle_get_voltage_angle_series,true,true
2.05,-0.00029547233001902444,Vmag_get_voltage_magnitude_series__angle_get_voltage_angle_series,true,true
2.06,-0.0002934682533598138,Vmag_get_voltage_magnitude_series__angle_get_voltage_angle_series,true,true
2.07,-0.0002913673784324514,Vmag_get_voltage_magnitude_series__angle_get_voltage_angle_series,true,true
2.08,-0.00028917117087286774,Vmag_get_voltage_magnitude_series__angle_get_voltage_angle_series,true,true
2.09,-0.0002868817939079966,Vmag_get_voltage_magnitude_series__angle_get_voltage_angle_series,true,true
2.1,-0.00028450217849274815,Vmag_get_voltage_magnitude_series__angle_get_voltage_angle_series,true,true
2.11,-0.0002820359242603027,Vmag_get_voltage_magnitude_series__angle_get_voltage_angle_series,true,true
2.12,-0.000279487209674257,Vmag_get_voltage_magnitude_series__angle_get_voltage_angle_series,true,true
2.13,-0.00027686082080502413,Vmag_get_voltage_magnitude_series__angle_get_voltage_angle_series,true,true
2.14,-0.00027416197488994295,Vmag_get_voltage_magnitude_series__angle_get_voltage_angle_series,true,true
2.15,-0.0002713963740554971,Vmag_get_voltage_magnitude_series__angle_get_voltage_angle_series,true,true
2.16,-0.00026857008489140997,Vmag_get_voltage_magnitude_series__angle_get_voltage_angle_series,true,true
2.17,-0.0002656894543451277,Vmag_get_voltage_magnitude_series__angle_get_voltage_angle_series,true,true
2.18,-0.00026276111006753915,Vmag_get_voltage_magnitude_series__angle_get_voltage_angle_series,true,true
2.19,-0.0002597918381781302,Vmag_get_voltage_magnitude_series__angle_get_voltage_angle_series,true,true
2.2,-0.00025678858158939446,Vmag_get_voltage_magnitude_series__angle_get_voltage_angle_series,true,true
2.21,-0.00025375832704926834,Vmag_get_voltage_magnitude_series__angle_get_voltage_angle_series,true,true
2.22,-0.00025070807696125094,Vmag_get_voltage_magnitude_series__angle_get_voltage_angle_series,true,true
2.23,-0.00024764481270852205,Vmag_get_voltage_magnitude_series__angle_get_voltage_angle_series,true,true
2.24,-0.00024457539213969574,Vmag_get_voltage_magnitude_series__angle_get_voltage_angle_series,true,true
2.25,-0.0002415065593573136,Vmag_get_voltage_magnitude_series__angle_get_voltage_angle_series,true,true
2.26,-0.000238444853326512,Vmag_get_voltage_magnitude_series__angle_get_voltage_angle_series,true,true
2.27,-0.00023539659378063533,Vmag_get_voltage_magnitude_series__angle_get_voltage_angle_series,true,true
2.28,-0.00023236784056789562,Vmag_get_voltage_magnitude_series__angle_get_voltage_angle_series,true,true
2.29,-0.00022936432899950244,Vmag_get_voltage_magnitude_series__angle_get_voltage_angle_series,true,true
2.3,-0.00022639150593454116,Vmag_get_voltage_magnitude_series__angle_get_voltage_angle_series,true,true
2.31,-0.0002234544199920294,Vmag_get_voltage_magnitude_series__angle_get_voltage_angle_series,true,true
2.32,-0.000220557751704508,Vmag_get_voltage_magnitude_series__angle_get_voltage_angle_series,true,true
2.33,-0.00021770580416135714,Vmag_get_voltage_magnitude_series__angle_get_voltage_angle_series,true,true
2.34,-0.00021490243553857455,Vmag_get_voltage_magnitude_series__angle_get_voltage_angle_series,true,true
2.35,-0.00021215110810278516,Vmag_get_voltage_magnitude_series__angle_get_voltage_angle_series,true,true
2.36,-0.00020945482617187153,Vmag_get_voltage_magnitude_series__angle_get_voltage_angle_series,true,true
2.37,-0.00020681618349955135,Vmag_get_voltage_magnitude_series__angle_get_voltage_angle_series,true,true
2.38,-0.0002042373283161117,Vmag_get_voltage_magnitude_series__angle_get_voltage_angle_series,true,true
2.39,-0.00020171996262537394,Vmag_get_voltage_magnitude_series__angle_get_voltage_angle_series,true,true
2.4,-0.00019926540234738155,Vmag_get_voltage_magnitude_series__angle_get_voltage_angle_series,true,true
2.41,-0.00019687450133478303,Vmag_get_voltage_magnitude_series__angle_get_voltage_angle_series,true,true
2.42,-0.00019454774137441235,Vmag_get_voltage_magnitude_series__angle_get_voltage_angle_series,true,true
2.43,-0.00019228521566833832,Vmag_get_voltage_magnitude_series__angle_get_voltage_angle_series,true,true
2.44,-0.00019008662528152733,Vmag_get_voltage_magnitude_series__angle_get_voltage_angle_series,true,true
2.45,-0.00018795134418810716,Vmag_get_voltage_magnitude_series__angle_get_voltage_angle_series,true,true
2.46,-0.00018587839497330948,Vmag_get_voltage_magnitude_series__angle_get_voltage_angle_series,true,true
2.47,-0.00018386651126306493,Vmag_get_voltage_magnitude_series__angle_get_voltage_angle_series,true,true
2.48,-0.00018191413001982705,Vmag_get_voltage_magnitude_series__angle_get_voltage_angle_series,true,true
2.49,-0.00018001942894948464,Vmag_get_voltage_magnitude_series__angle_get_voltage_angle_series,true,true
2.5,-0.00017818036685338315,Vmag_get_voltage_magnitude_series__angle_get_voltage_angle_series,true,true
2.51,-0.00017639467777840343,Vmag_get_voltage_magnitude_series__angle_get_voltage_angle_series,true,true
2.52,-0.00017465993506172176,Vmag_get_voltage_magnitude_series__angle_get_voltage_angle_series,true,true
2.53,-0.0001729735461327717,Vmag_get_voltage_magnitude_series__angle_get_voltage_angle_series,true,true
2.54,-0.00017133279742551256,Vmag_get_voltage_magnitude_series__angle_get_voltage_angle_series,true,true
2.55,-0.0001697348821564842,Vmag_get_voltage_magnitude_series__angle_get_voltage_angle_series,true,true
2.56,-0.00016817690953985684,Vmag_get_voltage_magnitude_series__angle_get_voltage_angle_series,true,true
2.57,-0.00016665595841478564,Vmag_get_voltage_magnitude_series__angle_get_voltage_angle_series,true,true
2.58,-0.00016516906803477842,Vmag_get_voltage_magnitude_series__angle_get_voltage_angle_series,true,true
2.59,-0.00016371328803056523,Vmag_get_voltage_magnitude_series__angle_get_voltage_angle_series,true,true
2.6,-0.0001622856943648871,Vmag_get_voltage_magnitude_series__angle_get_voltage_angle_series,true,true
2.61,-0.00016088339830762382,Vmag_get_voltage_magnitude_series__angle_get_voltage_angle_series,true,true
2.62,-0.0001595035870843871,Vmag_get_voltage_magnitude_series__angle_get_voltage_angle_series,true,true
2.63,-0.00015814351851789333,Vmag_get_voltage_magnitude_series__angle_get_voltage_angle_series,true,true
2.64,-0.00015680056271470967,Vmag_get_voltage_magnitude_series__angle_get_voltage_angle_series,true,true
2.65,-0.000155472197265267,Vmag_get_voltage_magnitude_series__angle_get_voltage_angle_series,true,true
2.66,-0.00015415602408682958,Vmag_get_voltage_magnitude_series__angle_get_voltage_angle_series,true,true
2.67,-0.0001528498007200978,Vmag_get_voltage_magnitude_series__angle_get_voltage_angle_series,true,true
2.68,-0.0001515514150489891,Vmag_get_voltage_magnitude_series__angle_get_voltage_angle_series,true,true
2.69,-0.00015025892881824596,Vmag_get_voltage_magnitude_series__angle_get_voltage_angle_series,true,true
2.7,-0.00014897056550779216,Vmag_get_voltage_magnitude_series__angle_get_voltage_angle_series,true,true
2.71,-0.00014768471364735657,Vmag_get_voltage_magnitude_series__angle_get_voltage_angle_series,true,true
2.72,-0.00014639994544519185,Vmag_get_voltage_magnitude_series__angle_get_voltage_angle_series,true,true
2.73,-0.00014511499758017456,Vmag_get_voltage_magnitude_series__angle_get_voltage_angle_series,true,true
2.74,-0.0001438287962302857,Vmag_get_voltage_magnitude_series__angle_get_voltage_angle_series,true,true
2.75,-0.00014254043204026812,Vmag_get_voltage_magnitude_series__angle_get_voltage_angle_series,true,true
2.76,-0.00014124917272185296,Vmag_get_voltage_magnitude_series__angle_get_voltage_angle_series,true,true
2.77,-0.00013995446076809883,Vmag_get_voltage_magnitude_series__angle_get_voltage_angle_series,true,true
2.78,-0.00013865589118936705,Vmag_get_voltage_magnitude_series__angle_get_voltage_angle_series,true,true
2.79,-0.00013735323163078755,Vmag_get_voltage_magnitude_series__angle_get_voltage_angle_series,true,true
2.8,-0.00013604639141557464,Vmag_get_voltage_magnitude_series__angle_get_voltage_angle_series,true,true
2.81,-0.00013473542738128962,Vmag_get_voltage_magnitude_series__angle_get_voltage_angle_series,true,true
2.82,-0.0001334205347900253,Vmag_get_voltage_magnitude_series__angle_get_voltage_angle_series,true,true
2.83,-0.00013210202861857237,Vmag_get_voltage_magnitude_series__angle_get_voltage_angle_series,true,true
2.84,-0.00013078034956171607,Vmag_get_voltage_magnitude_series__angle_get_voltage_angle_series,true,true
2.85,-0.00012945603491878628,Vmag_get_voltage_magnitude_series__angle_get_voltage_angle_series,true,true
2.86,-0.00012812972429342105,Vmag_get_voltage_magnitude_series__angle_get_voltage_angle_series,true,true
2.87,-0.00012680214335810525,Vmag_get_voltage_magnitude_series__angle_get_voltage_angle_series,true,true
2.88,-0.00012547408532810188,Vmag_get_voltage_magnitude_series__angle_get_voltage_angle_series,true,true
2.89,-0.00012414641366122414,Vmag_get_voltage_magnitude_series__angle_get_voltage_angle_series,true,true
2.9,-0.00012282003828904226,Vmag_get_voltage_magnitude_series__angle_get_voltage_angle_series,true,true
2.91,-0.00012149591584769445,Vmag_get_voltage_magnitude_series__angle_get_voltage_angle_series,true,true
2.92,-0.00012017503035933052,Vmag_get_voltage_magnitude_series__angle_get_voltage_angle_series,true,true
2.93,-0.00011885838454257125,Vmag_get_voltage_magnitude_series__angle_get_voltage_angle_series,true,true
2.94,-0.00011754699745470144,Vmag_get_voltage_magnitude_series__angle_get_voltage_angle_series,true,true
2.95,-0.00011624188328631548,Vmag_get_voltage_magnitude_series__angle_get_voltage_angle_series,true,true
2.96,-0.00011494405208119396,Vmag_get_voltage_magnitude_series__angle_get_voltage_angle_series,true,true
2.97,-0.00011365449452138038,Vmag_get_voltage_magnitude_series__angle_get_voltage_angle_series,true,true
2.98,-0.00011237417763022976,Vmag_get_voltage_magnitude_series__angle_get_voltage_angle_series,true,true
2.99,-0.00011110403816828492,Vmag_get_voltage_magnitude_series__angle_get_voltage_angle_series,true,true
3.0,-0.00010984496934242573,Vmag_get_voltage_magnitude_series__angle_get_voltage_angle_series,true,true
3.01,-0.00010859782568690388,Vmag_get_voltage_magnitude_series__angle_get_voltage_angle_series,true,true
3.02,-0.00010736340703939052,Vmag_get_voltage_magnitude_series__angle_get_voltage_angle_series,true,true
3.03,-0.00010614245853178565,Vmag_get_voltage_magnitude_series__angle_get_voltage_angle_series,true,true
3.04,-0.00010493566933672729,Vmag_get_voltage_magnitude_series__angle_get_voltage_angle_series,true,true
3.05,-0.00010374366227523715,Vmag_get_voltage_magnitude_series__angle_get_voltage_angle_series,true,true
3.06,-0.00010256699937170284,Vmag_get_voltage_magnitude_series__angle_get_voltage_angle_series,true,true
3.07,-0.00010140617128394503,Vmag_get_voltage_magnitude_series__angle_get_voltage_angle_series,true,true
3.08,-0.00010026160301325173,Vmag_get_voltage_magnitude_series__angle_get_voltage_angle_series,true,true
3.09,-9.913365166396464e-5,Vmag_get_voltage_magnitude_series__angle_get_voltage_angle_series,true,true
3.1,-9.80226007738644e-5,Vmag_get_voltage_magnitude_series__angle_get_voltage_angle_series,true,true
3.11,-9.69286701321453e-5,Vmag_get_voltage_magnitude_series__angle_get_voltage_angle_series,true,true
3.12,-9.58520079929646e-5,Vmag_get_voltage_magnitude_series__angle_get_voltage_angle_series,true,true
3.13,-9.479269861827153e-5,Vmag_get_voltage_magnitude_series__angle_get_voltage_angle_series,true,true
3.14,-9.375076136240399e-5,Vmag_get_voltage_magnitude_series__angle_get_voltage_angle_series,true,true
3.15,-9.272615206087539e-5,Vmag_get_voltage_magnitude_series__angle_get_voltage_angle_series,true,true
3.16,-9.171877200268638e-5,Vmag_get_voltage_magnitude_series__angle_get_voltage_angle_series,true,true
3.17,-9.07284604310076e-5,Vmag_get_voltage_magnitude_series__angle_get_voltage_angle_series,true,true
3.18,-8.975500833104985e-5,Vmag_get_voltage_magnitude_series__angle_get_voltage_angle_series,true,true
3.19,-8.87981575518776e-5,Vmag_get_voltage_magnitude_series__angle_get_voltage_angle_series,true,true
3.2,-8.785760220452787e-5,Vmag_get_voltage_magnitude_series__angle_get_voltage_angle_series,true,true
3.21,-8.693299875121553e-5,Vmag_get_voltage_magnitude_series__angle_get_voltage_angle_series,true,true
3.22,-8.602396404299734e-5,Vmag_get_voltage_magnitude_series__angle_get_voltage_angle_series,true,true
3.23,-8.513008509103234e-5,Vmag_get_voltage_magnitude_series__angle_get_voltage_angle_series,true,true
3.24,-8.425091856807404e-5,Vmag_get_voltage_magnitude_series__angle_get_voltage_angle_series,true,true
3.25,-8.338599801833689e-5,Vmag_get_voltage_magnitude_series__angle_get_voltage_angle_series,true,true
3.26,-8.253483884057703e-5,Vmag_get_voltage_magnitude_series__angle_get_voltage_angle_series,true,true
3.27,-8.169693836585755e-5,Vmag_get_voltage_magnitude_series__angle_get_voltage_angle_series,true,true
3.28,-8.087178556788499e-5,Vmag_get_voltage_magnitude_series__angle_get_voltage_angle_series,true,true
3.29,-8.005886057500222e-5,Vmag_get_voltage_magnitude_series__angle_get_voltage_angle_series,true,true
3.3,-7.925764100319e-5,Vmag_get_voltage_magnitude_series__angle_get_voltage_angle_series,true,true
3.31,-7.84676050482729e-5,Vmag_get_voltage_magnitude_series__angle_get_voltage_angle_series,true,true
3.32,-7.76882339040244e-5,Vmag_get_voltage_magnitude_series__angle_get_voltage_angle_series,true,true
3.33,-7.691901812542968e-5,Vmag_get_voltage_magnitude_series__angle_get_voltage_angle_series,true,true
3.34,-7.615945635160467e-5,Vmag_get_voltage_magnitude_series__angle_get_voltage_angle_series,true,true
3.35,-7.540906178137211e-5,Vmag_get_voltage_magnitude_series__angle_get_voltage_angle_series,true,true
3.36,-7.466736354979031e-5,Vmag_get_voltage_magnitude_series__angle_get_voltage_angle_series,true,true
3.37,-7.393390803030302e-5,Vmag_get_voltage_magnitude_series__angle_get_voltage_angle_series,true,true
3.38,-7.320826304124396e-5,Vmag_get_voltage_magnitude_series__angle_get_voltage_angle_series,true,true
3.39,-7.249001668498955e-5,Vmag_get_voltage_magnitude_series__angle_get_voltage_angle_series,true,true
3.4,-7.177878248786777e-5,Vmag_get_voltage_magnitude_series__angle_get_voltage_angle_series,true,true
3.41,-7.107419774947244e-5,Vmag_get_voltage_magnitude_series__angle_get_voltage_angle_series,true,true
3.42,-7.037592482344378e-5,Vmag_get_voltage_magnitude_series__angle_get_voltage_angle_series,true,true
3.43,-6.968365451110932e-5,Vmag_get_voltage_magnitude_series__angle_get_voltage_angle_series,true,true
3.44,-6.899710249749557e-5,Vmag_get_voltage_magnitude_series__angle_get_voltage_angle_series,true,true
3.45,-6.831601311553667e-5,Vmag_get_voltage_magnitude_series__angle_get_voltage_angle_series,true,true
3.46,-6.764015751278273e-5,Vmag_get_voltage_magnitude_series__angle_get_voltage_angle_series,true,true
3.47,-6.69693335203124e-5,Vmag_get_voltage_magnitude_series__angle_get_voltage_angle_series,true,true
3.48,-6.630336648784939e-5,Vmag_get_voltage_magnitude_series__angle_get_voltage_angle_series,true,true
3.49,-6.564210637935272e-5,Vmag_get_voltage_magnitude_series__angle_get_voltage_angle_series,true,true
3.5,-6.498543029173048e-5,Vmag_get_voltage_magnitude_series__angle_get_voltage_angle_series,true,true
3.51,-6.433323808090716e-5,Vmag_get_voltage_magnitude_series__angle_get_voltage_angle_series,true,true
3.52,-6.368545312158215e-5,Vmag_get_voltage_magnitude_series__angle_get_voltage_angle_series,true,true
3.53,-6.304202197220792e-5,Vmag_get_voltage_magnitude_series__angle_get_voltage_angle_series,true,true
3.54,-6.240291032072859e-5,Vmag_get_voltage_magnitude_series__angle_get_voltage_angle_series,true,true
3.55,-6.176810479942749e-5,Vmag_get_voltage_magnitude_series__angle_get_voltage_angle_series,true,true
3.56,-6.113760868847249e-5,Vmag_get_voltage_magnitude_series__angle_get_voltage_angle_series,true,true
3.57,-6.0511442026628086e-5,Vmag_get_voltage_magnitude_series__angle_get_voltage_angle_series,true,true
3.58,-5.988964010711811e-5,Vmag_get_voltage_magnitude_series__angle_get_voltage_angle_series,true,true
3.59,-5.927225035565723e-5,Vmag_get_voltage_magnitude_series__angle_get_voltage_angle_series,true,true
3.6,-5.865933284254241e-5,Vmag_get_voltage_magnitude_series__angle_get_voltage_angle_series,true,true
3.61,-5.805095666780891e-5,Vmag_get_voltage_magnitude_series__angle_get_voltage_angle_series,true,true
3.62,-5.744719977873493e-5,Vmag_get_voltage_magnitude_series__angle_get_voltage_angle_series,true,true
3.63,-5.684814667305044e-5,Vmag_get_voltage_magnitude_series__angle_get_voltage_angle_series,true,true
3.64,-5.6253886780553867e-5,Vmag_get_voltage_magnitude_series__angle_get_voltage_angle_series,true,true
3.65,-5.56645137360572e-5,Vmag_get_voltage_magnitude_series__angle_get_voltage_angle_series,true,true
3.66,-5.5080122901148576e-5,Vmag_get_voltage_magnitude_series__angle_get_voltage_angle_series,true,true
3.67,-5.450081090996931e-5,Vmag_get_voltage_magnitude_series__angle_get_voltage_angle_series,true,true
3.68,-5.392667376358677e-5,Vmag_get_voltage_magnitude_series__angle_get_voltage_angle_series,true,true
3.69,-5.3357805831432735e-5,Vmag_get_voltage_magnitude_series__angle_get_voltage_angle_series,true,true
3.7,-5.279429887499455e-5,Vmag_get_voltage_magnitude_series__angle_get_voltage_angle_series,true,true
3.71,-5.223624073572596e-5,Vmag_get_voltage_magnitude_series__angle_get_voltage_angle_series,true,true
3.72,-5.168371457734614e-5,Vmag_get_voltage_magnitude_series__angle_get_voltage_angle_series,true,true
3.73,-5.11367979530427e-5,Vmag_get_voltage_magnitude_series__angle_get_voltage_angle_series,true,true
3.74,-5.059556213253032e-5,Vmag_get_voltage_magnitude_series__angle_get_voltage_angle_series,true,true
3.75,-5.006007138189923e-5,Vmag_get_voltage_magnitude_series__angle_get_voltage_angle_series,true,true
3.76,-4.953038246261704e-5,Vmag_get_voltage_magnitude_series__angle_get_voltage_angle_series,true,true
3.77,-4.9006544169365504e-5,Vmag_get_voltage_magnitude_series__angle_get_voltage_angle_series,true,true
3.78,-4.848859695471294e-5,Vmag_get_voltage_magnitude_series__angle_get_voltage_angle_series,true,true
3.79,-4.7976572709794014e-5,Vmag_get_voltage_magnitude_series__angle_get_voltage_angle_series,true,true
3.8,-4.747049455293424e-5,Vmag_get_voltage_magnitude_series__angle_get_voltage_angle_series,true,true
3.81,-4.697037676416153e-5,Vmag_get_voltage_magnitude_series__angle_get_voltage_angle_series,true,true
3.82,-4.6476224786365743e-5,Vmag_get_voltage_magnitude_series__angle_get_voltage_angle_series,true,true
3.83,-4.598803527571267e-5,Vmag_get_voltage_magnitude_series__angle_get_voltage_angle_series,true,true
3.84,-4.550579626542055e-5,Vmag_get_voltage_magnitude_series__angle_get_voltage_angle_series,true,true
3.85,-4.502948738552752e-5,Vmag_get_voltage_magnitude_series__angle_get_voltage_angle_series,true,true
3.86,-4.455908013765625e-5,Vmag_get_voltage_magnitude_series__angle_get_voltage_angle_series,true,true
3.87,-4.409453818076685e-5,Vmag_get_voltage_magnitude_series__angle_get_voltage_angle_series,true,true
3.88,-4.363581776384489e-5,Vmag_get_voltage_magnitude_series__angle_get_voltage_angle_series,true,true
3.89,-4.318286813026247e-5,Vmag_get_voltage_magnitude_series__angle_get_voltage_angle_series,true,true
3.9,-4.2735631968301634e-5,Vmag_get_voltage_magnitude_series__angle_get_voltage_angle_series,true,true
3.91,-4.22940458867467e-5,Vmag_get_voltage_magnitude_series__angle_get_voltage_angle_series,true,true
3.92,-4.185804095038801e-5,Vmag_get_voltage_magnitude_series__angle_get_voltage_angle_series,true,true
3.93,-4.142754323369251e-5,Vmag_get_voltage_magnitude_series__angle_get_voltage_angle_series,true,true
3.94,-4.10024743025252e-5,Vmag_get_voltage_magnitude_series__angle_get_voltage_angle_series,true,true
3.95,-4.058275181823371e-5,Vmag_get_voltage_magnitude_series__angle_get_voltage_angle_series,true,true
3.96,-4.016829009280967e-5,Vmag_get_voltage_magnitude_series__angle_get_voltage_angle_series,true,true
3.97,-3.975900060832408e-5,Vmag_get_voltage_magnitude_series__angle_get_voltage_angle_series,true,true
3.98,-3.9354792608808674e-5,Vmag_get_voltage_magnitude_series__angle_get_voltage_angle_series,true,true
3.99,-3.8955573618310866e-5,Vmag_get_voltage_magnitude_series__angle_get_voltage_angle_series,true,true
4.0,-3.856124995547079e-5,Vmag_get_voltage_magnitude_series__angle_get_voltage_angle_series,true,true
4.01,-3.817172721689589e-5,Vmag_get_voltage_magnitude_series__angle_get_voltage_angle_series,true,true
4.02,-3.778691080791952e-5,Vmag_get_voltage_magnitude_series__angle_get_voltage_angle_series,true,true
4.03,-3.7406706390863596e-5,Vmag_get_voltage_magnitude_series__angle_get_voltage_angle_series,true,true
4.04,-3.7031020267139344e-5,Vmag_get_voltage_magnitude_series__angle_get_voltage_angle_series,true,true
4.05,-3.665975982650078e-5,Vmag_get_voltage_magnitude_series__angle_get_voltage_angle_series,true,true
4.06,-3.6292833890010094e-5,Vmag_get_voltage_magnitude_series__angle_get_voltage_angle_series,true,true
4.07,-3.5930153077844335e-5,Vmag_get_voltage_magnitude_series__angle_get_voltage_angle_series,true,true
4.08,-3.557163007820045e-5,Vmag_get_voltage_magnitude_series__angle_get_voltage_angle_series,true,true
4.09,-3.5217179946411096e-5,Vmag_get_voltage_magnitude_series__angle_get_voltage_angle_series,true,true
4.1,-3.486672033051642e-5,Vmag_get_voltage_magnitude_series__angle_get_voltage_angle_series,true,true
4.11,-3.452017167435553e-5,Vmag_get_voltage_magnitude_series__angle_get_voltage_angle_series,true,true
4.12,-3.4177457399558714e-5,Vmag_get_voltage_magnitude_series__angle_get_voltage_angle_series,true,true
4.13,-3.38385040151e-5,Vmag_get_voltage_magnitude_series__angle_get_voltage_angle_series,true,true
4.14,-3.350324125380207e-5,Vmag_get_voltage_magnitude_series__angle_get_voltage_angle_series,true,true
4.15,-3.317160214091686e-5,Vmag_get_voltage_magnitude_series__angle_get_voltage_angle_series,true,true
4.16,-3.284352301985107e-5,Vmag_get_voltage_magnitude_series__angle_get_voltage_angle_series,true,true
4.17,-3.251894357662797e-5,Vmag_get_voltage_magnitude_series__angle_get_voltage_angle_series,true,true
4.18,-3.219780684044533e-5,Vmag_get_voltage_magnitude_series__angle_get_voltage_angle_series,true,true
4.19,-3.188005912818132e-5,Vmag_get_voltage_magnitude_series__angle_get_voltage_angle_series,true,true
4.2,-3.1565650008994004e-5,Vmag_get_voltage_magnitude_series__angle_get_voltage_angle_series,true,true
4.21,-3.1254532200622143e-5,Vmag_get_voltage_magnitude_series__angle_get_voltage_angle_series,true,true
4.22,-3.094666148424475e-5,Vmag_get_voltage_magnitude_series__angle_get_voltage_angle_series,true,true
4.23,-3.06419965836088e-5,Vmag_get_voltage_magnitude_series__angle_get_voltage_angle_series,true,true
4.24,-3.0340499033218466e-5,Vmag_get_voltage_magnitude_series__angle_get_voltage_angle_series,true,true
4.25,-3.004213303322241e-5,Vmag_get_voltage_magnitude_series__angle_get_voltage_angle_series,true,true
4.26,-2.9746865289233246e-5,Vmag_get_voltage_magnitude_series__angle_get_voltage_angle_series,true,true
4.27,-2.9454664869195808e-5,Vmag_get_voltage_magnitude_series__angle_get_voltage_angle_series,true,true
4.28,-2.9165502999694704e-5,Vmag_get_voltage_magnitude_series__angle_get_voltage_angle_series,true,true
4.29,-2.887935291001219e-5,Vmag_get_voltage_magnitude_series__angle_get_voltage_angle_series,true,true
4.3,-2.8596189658081258e-5,Vmag_get_voltage_magnitude_series__angle_get_voltage_angle_series,true,true
4.31,-2.8315989927288714e-5,Vmag_get_voltage_magnitude_series__angle_get_voltage_angle_series,true,true
4.32,-2.8038731861870282e-5,Vmag_get_voltage_magnitude_series__angle_get_voltage_angle_series,true,true
4.33,-2.7764394896779008e-5,Vmag_get_voltage_magnitude_series__angle_get_voltage_angle_series,true,true
4.34,-2.749295956055726e-5,Vmag_get_voltage_magnitude_series__angle_get_voltage_angle_series,true,true
4.35,-2.7224407309963886e-5,Vmag_get_voltage_magnitude_series__angle_get_voltage_angle_series,true,true
4.36,-2.695872036917938e-5,Vmag_get_voltage_magnitude_series__angle_get_voltage_angle_series,true,true
4.37,-2.669588158087817e-5,Vmag_get_voltage_magnitude_series__angle_get_voltage_angle_series,true,true
4.38,-2.6435874240077903e-5,Vmag_get_voltage_magnitude_series__angle_get_voltage_angle_series,true,true
4.39,-2.61786819570932e-5,Vmag_get_voltage_magnitude_series__angle_get_voltage_angle_series,true,true
4.4,-2.5924288513471897e-5,Vmag_get_voltage_magnitude_series__angle_get_voltage_angle_series,true,true
4.41,-2.5672677769776362e-5,Vmag_get_voltage_magnitude_series__angle_get_voltage_angle_series,true,true
4.42,-2.5423833523286925e-5,Vmag_get_voltage_magnitude_series__angle_get_voltage_angle_series,true,true
4.43,-2.517773940044185e-5,Vmag_get_voltage_magnitude_series__angle_get_voltage_angle_series,true,true
4.44,-2.493437879913448e-5,Vmag_get_voltage_magnitude_series__angle_get_voltage_angle_series,true,true
4.45,-2.4693734772806207e-5,Vmag_get_voltage_magnitude_series__angle_get_voltage_angle_series,true,true
4.46,-2.4455789980805664e-5,Vmag_get_voltage_magnitude_series__angle_get_voltage_angle_series,true,true
4.47,-2.42205266142906e-5,Vmag_get_voltage_magnitude_series__angle_get_voltage_angle_series,true,true
4.48,-2.39879263452064e-5,Vmag_get_voltage_magnitude_series__angle_get_voltage_angle_series,true,true
4.49,-2.3757970312587663e-5,Vmag_get_voltage_magnitude_series__angle_get_voltage_angle_series,true,true
4.5,-2.353063907302786e-5,Vmag_get_voltage_magnitude_series__angle_get_voltage_angle_series,true,true
4.51,-2.3305912564571992e-5,Vmag_get_voltage_magnitude_series__angle_get_voltage_angle_series,true,true
4.52,-2.3083770116208853e-5,Vmag_get_voltage_magnitude_series__angle_get_voltage_angle_series,true,true
4.53,-2.286419044804184e-5,Vmag_get_voltage_magnitude_series__angle_get_voltage_angle_series,true,true
4.54,-2.264715166410544e-5,Vmag_get_voltage_magnitude_series__angle_get_voltage_angle_series,true,true
4.55,-2.2432631261365864e-5,Vmag_get_voltage_magnitude_series__angle_get_voltage_angle_series,true,true
4.56,-2.222060616423631e-5,Vmag_get_voltage_magnitude_series__angle_get_voltage_angle_series,true,true
4.57,-2.2011052727337768e-5,Vmag_get_voltage_magnitude_series__angle_get_voltage_angle_series,true,true
4.58,-2.1803946773926762e-5,Vmag_get_voltage_magnitude_series__angle_get_voltage_angle_series,true,true
4.59,-2.1599263643824624e-5,Vmag_get_voltage_magnitude_series__angle_get_voltage_angle_series,true,true
4.6,-2.1396978203305402e-5,Vmag_get_voltage_magnitude_series__angle_get_voltage_angle_series,true,true
4.61,-2.119706490622208e-5,Vmag_get_voltage_magnitude_series__angle_get_voltage_angle_series,true,true
4.62,-2.0999497837238376e-5,Vmag_get_voltage_magnitude_series__angle_get_voltage_angle_series,true,true
4.63,-2.0804250738167848e-5,Vmag_get_voltage_magnitude_series__angle_get_voltage_angle_series,true,true
4.64,-2.0611297078546164e-5,Vmag_get_voltage_magnitude_series__angle_get_voltage_angle_series,true,true
4.65,-2.042061009814887e-5,Vmag_get_voltage_magnitude_series__angle_get_voltage_angle_series,true,true
4.66,-2.0232162839787165e-5,Vmag_get_voltage_magnitude_series__angle_get_voltage_angle_series,true,true
4.67,-2.0045928211317777e-5,Vmag_get_voltage_magnitude_series__angle_get_voltage_angle_series,true,true
4.68,-1.9861879033686175e-5,Vmag_get_voltage_magnitude_series__angle_get_voltage_angle_series,true,true
4.69,-1.9679988089242228e-5,Vmag_get_voltage_magnitude_series__angle_get_voltage_angle_series,true,true
4.7,-1.9500228159063995e-5,Vmag_get_voltage_magnitude_series__angle_get_voltage_angle_series,true,true
4.71,-1.932257207011395e-5,Vmag_get_voltage_magnitude_series__angle_get_voltage_angle_series,true,true
4.72,-1.9146992728759748e-5,Vmag_get_voltage_magnitude_series__angle_get_voltage_angle_series,true,true
4.73,-1.897346318245264e-5,Vmag_get_voltage_magnitude_series__angle_get_voltage_angle_series,true,true
4.74,-1.8801956640430776e-5,Vmag_get_voltage_magnitude_series__angle_get_voltage_angle_series,true,true
4.75,-1.8632446495033407e-5,Vmag_get_voltage_magnitude_series__angle_get_voltage_angle_series,true,true
4.76,-1.8464906393267558e-5,Vmag_get_voltage_magnitude_series__angle_get_voltage_angle_series,true,true
4.77,-1.829931022934942e-5,Vmag_get_voltage_magnitude_series__angle_get_voltage_angle_series,true,true
4.78,-1.8135632180710563e-5,Vmag_get_voltage_magnitude_series__angle_get_voltage_angle_series,true,true
4.79,-1.7973846730025805e-5,Vmag_get_voltage_magnitude_series__angle_get_voltage_angle_series,true,true
4.8,-1.7813928699503625e-5,Vmag_get_voltage_magnitude_series__angle_get_voltage_angle_series,true,true
4.81,-1.765585325712903e-5,Vmag_get_voltage_magnitude_series__angle_get_voltage_angle_series,true,true
4.82,-1.7499595914454744e-5,Vmag_get_voltage_magnitude_series__angle_get_voltage_angle_series,true,true
4.83,-1.7345132569447188e-5,Vmag_get_voltage_magnitude_series__angle_get_voltage_angle_series,true,true
4.84,-1.719243949605039e-5,Vmag_get_voltage_magnitude_series__angle_get_voltage_angle_series,true,true
4.85,-1.7041493350207795e-5,Vmag_get_voltage_magnitude_series__angle_get_voltage_angle_series,true,true
4.86,-1.6892271179856677e-5,Vmag_get_voltage_magnitude_series__angle_get_voltage_angle_series,true,true
4.87,-1.6744750427962085e-5,Vmag_get_voltage_magnitude_series__angle_get_voltage_angle_series,true,true
4.88,-1.6598908932351242e-5,Vmag_get_voltage_magnitude_series__angle_get_voltage_angle_series,true,true
4.89,-1.6454724912795538e-5,Vmag_get_voltage_magnitude_series__angle_get_voltage_angle_series,true,true
4.9,-1.6312176976587467e-5,Vmag_get_voltage_magnitude_series__angle_get_voltage_angle_series,true,true
4.91,-1.6171244106555426e-5,Vmag_get_voltage_magnitude_series__angle_get_voltage_angle_series,true,true
4.92,-1.6031905668904685e-5,Vmag_get_voltage_magnitude_series__angle_get_voltage_angle_series,true,true
4.93,-1.5894141386715687e-5,Vmag_get_voltage_magnitude_series__angle_get_voltage_angle_series,true,true
4.94,-1.5757931336244357e-5,Vmag_get_voltage_magnitude_series__angle_get_voltage_angle_series,true,true
4.95,-1.5623255945870142e-5,Vmag_get_voltage_magnitude_series__angle_get_voltage_angle_series,true,true
4.96,-1.549009597362235e-5,Vmag_get_voltage_magnitude_series__angle_get_voltage_angle_series,true,true
4.97,-1.5358432510109495e-5,Vmag_get_voltage_magnitude_series__angle_get_voltage_angle_series,true,true
4.98,-1.5228246945333235e-5,Vmag_get_voltage_magnitude_series__angle_get_voltage_angle_series,true,true
4.99,-1.5099520970342182e-5,Vmag_get_voltage_magnitude_series__angle_get_voltage_angle_series,true,true
5.0,-1.4972236582919406e-5,Vmag_get_voltage_magnitude_series__angle_get_voltage_angle_series,true,true
5.01,-1.4846376046614051e-5,Vmag_get_voltage_magnitude_series__angle_get_voltage_angle_series,true,true
5.02,-1.4721921880025703e-5,Vmag_get_voltage_magnitude_series__angle_get_voltage_angle_series,true,true
5.03,-1.4598856880330547e-5,Vmag_get_voltage_magnitude_series__angle_get_voltage_angle_series,true,true
5.04,-1.4477164069606192e-5,Vmag_get_voltage_magnitude_series__angle_get_voltage_angle_series,true,true
5.05,-1.4356826714434121e-5,Vmag_get_voltage_magnitude_series__angle_get_voltage_angle_series,true,true
5.06,-1.4237828303759862e-5,Vmag_get_voltage_magnitude_series__angle_get_voltage_angle_series,true,true
5.07,-1.4120152533155808e-5,Vmag_get_voltage_magnitude_series__angle_get_voltage_angle_series,true,true
5.08,-1.4003783315034015e-5,Vmag_get_voltage_magnitude_series__angle_get_voltage_angle_series,true,true
5.09,-1.3888704757718641e-5,Vmag_get_voltage_magnitude_series__angle_get_voltage_angle_series,true,true
5.1,-1.377490115965055e-5,Vmag_get_voltage_magnitude_series__angle_get_voltage_angle_series,true,true
5.11,-1.3662356997239314e-5,Vmag_get_voltage_magnitude_series__angle_get_voltage_angle_series,true,true
5.12,-1.3551056935849137e-5,Vmag_get_voltage_magnitude_series__angle_get_voltage_angle_series,true,true
5.13,-1.3440985807932583e-5,Vmag_get_voltage_magnitude_series__angle_get_voltage_angle_series,true,true
5.14,-1.333212860850512e-5,Vmag_get_voltage_magnitude_series__angle_get_voltage_angle_series,true,true
5.15,-1.322447050254429e-5,Vmag_get_voltage_magnitude_series__angle_get_voltage_angle_series,true,true
5.16,-1.3117996820349007e-5,Vmag_get_voltage_magnitude_series__angle_get_voltage_angle_series,true,true
5.17,-1.3012693035618078e-5,Vmag_get_voltage_magnitude_series__angle_get_voltage_angle_series,true,true
5.18,-1.290854478765017e-5,Vmag_get_voltage_magnitude_series__angle_get_voltage_angle_series,true,true
5.19,-1.28055378611892e-5,Vmag_get_voltage_magnitude_series__angle_get_voltage_angle_series,true,true
5.2,-1.270365819260645e-5,Vmag_get_voltage_magnitude_series__angle_get_voltage_angle_series,true,true
5.21,-1.2602891869569297e-5,Vmag_get_voltage_magnitude_series__angle_get_voltage_angle_series,true,true
5.22,-1.2503225124417332e-5,Vmag_get_voltage_magnitude_series__angle_get_voltage_angle_series,true,true
5.23,-1.2404644338414096e-5,Vmag_get_voltage_magnitude_series__angle_get_voltage_angle_series,true,true
5.24,-1.2307136039591343e-5,Vmag_get_voltage_magnitude_series__angle_get_voltage_angle_series,true,true
5.25,-1.221068690274909e-5,Vmag_get_voltage_magnitude_series__angle_get_voltage_angle_series,true,true
5.26,-1.211528373902216e-5,Vmag_get_voltage_magnitude_series__angle_get_voltage_angle_series,true,true
5.27,-1.2020913512221946e-5,Vmag_get_voltage_magnitude_series__angle_get_voltage_angle_series,true,true
5.28,-1.1927563330722091e-5,Vmag_get_voltage_magnitude_series__angle_get_voltage_angle_series,true,true
5.29,-1.1835220447124462e-5,Vmag_get_voltage_magnitude_series__angle_get_voltage_angle_series,true,true
5.3,-1.1743872256160925e-5,Vmag_get_voltage_magnitude_series__angle_get_voltage_angle_series,true,true
5.31,-1.165350629083019e-5,Vmag_get_voltage_magnitude_series__angle_get_voltage_angle_series,true,true
5.32,-1.1564110237914025e-5,Vmag_get_voltage_magnitude_series__angle_get_voltage_angle_series,true,true
5.33,-1.147567191804149e-5,Vmag_get_voltage_magnitude_series__angle_get_voltage_angle_series,true,true
5.34,-1.1388179297671274e-5,Vmag_get_voltage_magnitude_series__angle_get_voltage_angle_series,true,true
5.35,-1.1301620489701133e-5,Vmag_get_voltage_magnitude_series__angle_get_voltage_angle_series,true,true
5.36,-1.1215983723042771e-5,Vmag_get_voltage_magnitude_series__angle_get_voltage_angle_series,true,true
5.37,-1.113125738834028e-5,Vmag_get_voltage_magnitude_series__angle_get_voltage_angle_series,true,true
5.38,-1.1047430007213779e-5,Vmag_get_voltage_magnitude_series__angle_get_voltage_angle_series,true,true
5.39,-1.0964490223923493e-5,Vmag_get_voltage_magnitude_series__angle_get_voltage_angle_series,true,true
5.4,-1.0882426839880928e-5,Vmag_get_voltage_magnitude_series__angle_get_voltage_angle_series,true,true
5.41,-1.0801228772233462e-5,Vmag_get_voltage_magnitude_series__angle_get_voltage_angle_series,true,true
5.42,-1.0720885052042172e-5,Vmag_get_voltage_magnitude_series__angle_get_voltage_angle_series,true,true
5.43,-1.0641384859291958e-5,Vmag_get_voltage_magnitude_series__angle_get_voltage_angle_series,true,true
5.44,-1.0562717500969972e-5,Vmag_get_voltage_magnitude_series__angle_get_voltage_angle_series,true,true
5.45,-1.0484872389142195e-5,Vmag_get_voltage_magnitude_series__angle_get_voltage_angle_series,true,true
5.46,-1.0407839053764028e-5,Vmag_get_voltage_magnitude_series__angle_get_voltage_angle_series,true,true
5.47,-1.0331607154167512e-5,Vmag_get_voltage_magnitude_series__angle_get_voltage_angle_series,true,true
5.48,-1.025616646293764e-5,Vmag_get_voltage_magnitude_series__angle_get_voltage_angle_series,true,true
5.49,-1.0181506856302588e-5,Vmag_get_voltage_magnitude_series__angle_get_voltage_angle_series,true,true
5.5,-1.0107618317557264e-5,Vmag_get_voltage_magnitude_series__angle_get_voltage_angle_series,true,true
5.51,-1.0034490943415638e-5,Vmag_get_voltage_magnitude_series__angle_get_voltage_angle_series,true,true
5.52,-9.962114931750093e-6,Vmag_get_voltage_magnitude_series__angle_get_voltage_angle_series,true,true
5.53,-9.890480570163533e-6,Vmag_get_voltage_magnitude_series__angle_get_voltage_angle_series,true,true
5.54,-9.819578254374727e-6,Vmag_get_voltage_magnitude_series__angle_get_voltage_angle_series,true,true
5.55,-9.749398479770013e-6,Vmag_get_voltage_magnitude_series__angle_get_voltage_angle_series,true,true
5.56,-9.67993182417703e-6,Vmag_get_voltage_magnitude_series__angle_get_voltage_angle_series,true,true
5.57,-9.611168962166136e-6,Vmag_get_voltage_magnitude_series__angle_get_voltage_angle_series,true,true
5.58,-9.543100656766e-6,Vmag_get_voltage_magnitude_series__angle_get_voltage_angle_series,true,true
5.59,-9.475717756371419e-6,Vmag_get_voltage_magnitude_series__angle_get_voltage_angle_series,true,true
5.6,-9.409011200929437e-6,Vmag_get_voltage_magnitude_series__angle_get_voltage_angle_series,true,true
5.61,-9.34297201431922e-6,Vmag_get_voltage_magnitude_series__angle_get_voltage_angle_series,true,true
5.62,-9.277591302252121e-6,Vmag_get_voltage_magnitude_series__angle_get_voltage_angle_series,true,true
5.63,-9.212860252050817e-6,Vmag_get_voltage_magnitude_series__angle_get_voltage_angle_series,true,true
5.64,-9.148770139498001e-6,Vmag_get_voltage_magnitude_series__angle_get_voltage_angle_series,true,true
5.65,-9.085312311773997e-6,Vmag_get_voltage_magnitude_series__angle_get_voltage_angle_series,true,true
5.66,-9.022478204186176e-6,Vmag_get_voltage_magnitude_series__angle_get_voltage_angle_series,true,true
5.67,-8.960259334757621e-6,Vmag_get_voltage_magnitude_series__angle_get_voltage_angle_series,true,true
5.68,-8.8986472955043e-6,Vmag_get_voltage_magnitude_series__angle_get_voltage_angle_series,true,true
5.69,-8.837633761987741e-6,Vmag_get_voltage_magnitude_series__angle_get_voltage_angle_series,true,true
5.7,-8.777210501761801e-6,Vmag_get_voltage_magnitude_series__angle_get_voltage_angle_series,true,true
5.71,-8.717369350242438e-6,Vmag_get_voltage_magnitude_series__angle_get_voltage_angle_series,true,true
5.72,-8.658102231029488e-6,Vmag_get_voltage_magnitude_series__angle_get_voltage_angle_series,true,true
5.73,-8.599401160600161e-6,Vmag_get_voltage_magnitude_series__angle_get_voltage_angle_series,true,true
5.74,-8.541258228097735e-6,Vmag_get_voltage_magnitude_series__angle_get_voltage_angle_series,true,true
5.75,-8.483665615044381e-6,Vmag_get_voltage_magnitude_series__angle_get_voltage_angle_series,true,true
5.76,-8.426615593741745e-6,Vmag_get_voltage_magnitude_series__angle_get_voltage_angle_series,true,true
5.77,-8.370100523900757e-6,Vmag_get_voltage_magnitude_series__angle_get_voltage_angle_series,true,true
5.78,-8.314112831991982e-6,Vmag_get_voltage_magnitude_series__angle_get_voltage_angle_series,true,true
5.79,-8.258645068118251e-6,Vmag_get_voltage_magnitude_series__angle_get_voltage_angle_series,true,true
5.8,-8.203689867030805e-6,Vmag_get_voltage_magnitude_series__angle_get_voltage_angle_series,true,true
5.81,-8.149239932614515e-6,Vmag_get_voltage_magnitude_series__angle_get_voltage_angle_series,true,true
5.82,-8.095288095811506e-6,Vmag_get_voltage_magnitude_series__angle_get_voltage_angle_series,true,true
5.83,-8.041827270003592e-6,Vmag_get_voltage_magnitude_series__angle_get_voltage_angle_series,true,true
5.84,-7.988850451840561e-6,Vmag_get_voltage_magnitude_series__angle_get_voltage_angle_series,true,true
5.85,-7.936350753488906e-6,Vmag_get_voltage_magnitude_series__angle_get_voltage_angle_series,true,true
5.86,-7.884321385624669e-6,Vmag_get_voltage_magnitude_series__angle_get_voltage_angle_series,true,true
5.87,-7.832755648928452e-6,Vmag_get_voltage_magnitude_series__angle_get_voltage_angle_series,true,true
5.88,-7.781646944852955e-6,Vmag_get_voltage_magnitude_series__angle_get_voltage_angle_series,true,true
5.89,-7.730988782360953e-6,Vmag_get_voltage_magnitude_series__angle_get_voltage_angle_series,true,true
5.9,-7.680774769476932e-6,Vmag_get_voltage_magnitude_series__angle_get_voltage_angle_series,true,true
5.91,-7.630998610359151e-6,Vmag_get_voltage_magnitude_series__angle_get_voltage_angle_series,true,true
5.92,-7.581654116011964e-6,Vmag_get_voltage_magnitude_series__angle_get_voltage_angle_series,true,true
5.93,-7.532735197219262e-6,Vmag_get_voltage_magnitude_series__angle_get_voltage_angle_series,true,true
5.94,-7.484235857145256e-6,Vmag_get_voltage_magnitude_series__angle_get_voltage_angle_series,true,true
5.95,-7.4361502101624606e-6,Vmag_get_voltage_magnitude_series__angle_get_voltage_angle_series,true,true
5.96,-7.388472475722514e-6,Vmag_get_voltage_magnitude_series__angle_get_voltage_angle_series,true,true
5.97,-7.341196948926335e-6,Vmag_get_voltage_magnitude_series__angle_get_voltage_angle_series,true,true
5.98,-7.294318044753687e-6,Vmag_get_voltage_magnitude_series__angle_get_voltage_angle_series,true,true
5.99,-7.2478302685202624e-6,Vmag_get_voltage_magnitude_series__angle_get_voltage_angle_series,true,true
6.0,-7.201728219742959e-6,Vmag_get_voltage_magnitude_series__angle_get_voltage_angle_series,true,true
6.01,-7.1560065933562835e-6,Vmag_get_voltage_magnitude_series__angle_get_voltage_angle_series,true,true
6.02,-7.110660181974682e-6,Vmag_get_voltage_magnitude_series__angle_get_voltage_angle_series,true,true
6.03,-7.065683859825698e-6,Vmag_get_voltage_magnitude_series__angle_get_voltage_angle_series,true,true
6.04,-7.021072591748912e-6,Vmag_get_voltage_magnitude_series__angle_get_voltage_angle_series,true,true
6.05,-6.97682144711089e-6,Vmag_get_voltage_magnitude_series__angle_get_voltage_angle_series,true,true
6.06,-6.9329255583377475e-6,Vmag_get_voltage_magnitude_series__angle_get_voltage_angle_series,true,true
6.07,-6.889380154818949e-6,Vmag_get_voltage_magnitude_series__angle_get_voltage_angle_series,true,true
6.08,-6.8461805412054235e-6,Vmag_get_voltage_magnitude_series__angle_get_voltage_angle_series,true,true
6.09,-6.803322102710503e-6,Vmag_get_voltage_magnitude_series__angle_get_voltage_angle_series,true,true
6.1,-6.760800307872041e-6,Vmag_get_voltage_magnitude_series__angle_get_voltage_angle_series,true,true
6.11,-6.71861069866838e-6,Vmag_get_voltage_magnitude_series__angle_get_voltage_angle_series,true,true
6.12,-6.6767488772096145e-6,Vmag_get_voltage_magnitude_series__angle_get_voltage_angle_series,true,true
6.13,-6.6352105329600704e-6,Vmag_get_voltage_magnitude_series__angle_get_voltage_angle_series,true,true
6.14,-6.593991420817958e-6,Vmag_get_voltage_magnitude_series__angle_get_voltage_angle_series,true,true
6.15,-6.553087345102147e-6,Vmag_get_voltage_magnitude_series__angle_get_voltage_angle_series,true,true
6.16,-6.512494197817041e-6,Vmag_get_voltage_magnitude_series__angle_get_voltage_angle_series,true,true
6.17,-6.472207916686941e-6,Vmag_get_voltage_magnitude_series__angle_get_voltage_angle_series,true,true
6.18,-6.432224507575702e-6,Vmag_get_voltage_magnitude_series__angle_get_voltage_angle_series,true,true
6.19,-6.39254002527086e-6,Vmag_get_voltage_magnitude_series__angle_get_voltage_angle_series,true,true
6.2,-6.353150581433876e-6,Vmag_get_voltage_magnitude_series__angle_get_voltage_angle_series,true,true
6.21,-6.314052360447707e-6,Vmag_get_voltage_magnitude_series__angle_get_voltage_angle_series,true,true
6.22,-6.275241572648326e-6,Vmag_get_voltage_magnitude_series__angle_get_voltage_angle_series,true,true
6.23,-6.236714493087708e-6,Vmag_get_voltage_magnitude_series__angle_get_voltage_angle_series,true,true
6.24,-6.198467444801681e-6,Vmag_get_voltage_magnitude_series__angle_get_voltage_angle_series,true,true
6.25,-6.160496792680736e-6,Vmag_get_voltage_magnitude_series__angle_get_voltage_angle_series,true,true
6.26,-6.1227989553432726e-6,Vmag_get_voltage_magnitude_series__angle_get_voltage_angle_series,true,true
6.27,-6.085370384151398e-6,Vmag_get_voltage_magnitude_series__angle_get_voltage_angle_series,true,true
6.28,-6.048207590600391e-6,Vmag_get_voltage_magnitude_series__angle_get_voltage_angle_series,true,true
6.29,-6.011307121358829e-6,Vmag_get_voltage_magnitude_series__angle_get_voltage_angle_series,true,true
6.3,-5.974665559814699e-6,Vmag_get_voltage_magnitude_series__angle_get_voltage_angle_series,true,true
6.31,-5.9382795366783275e-6,Vmag_get_voltage_magnitude_series__angle_get_voltage_angle_series,true,true
6.32,-5.902145716122651e-6,Vmag_get_voltage_magnitude_series__angle_get_voltage_angle_series,true,true
6.33,-5.866260808537503e-6,Vmag_get_voltage_magnitude_series__angle_get_voltage_angle_series,true,true
6.34,-5.8306215639034836e-6,Vmag_get_voltage_magnitude_series__angle_get_voltage_angle_series,true,true
6.35,-5.7952247656638044e-6,Vmag_get_voltage_magnitude_series__angle_get_voltage_angle_series,true,true
6.36,-5.7600672430378785e-6,Vmag_get_voltage_magnitude_series__angle_get_voltage_angle_series,true,true
6.37,-5.725145866216328e-6,Vmag_get_voltage_magnitude_series__angle_get_voltage_angle_series,true,true
6.38,-5.690457527421238e-6,Vmag_get_voltage_magnitude_series__angle_get_voltage_angle_series,true,true
6.39,-5.655999168681809e-6,Vmag_get_voltage_magnitude_series__angle_get_voltage_angle_series,true,true
6.4,-5.621767774876882e-6,Vmag_get_voltage_magnitude_series__angle_get_voltage_angle_series,true,true
6.41,-5.587760357499845e-6,Vmag_get_voltage_magnitude_series__angle_get_voltage_angle_series,true,true
6.42,-5.553973970616648e-6,Vmag_get_voltage_magnitude_series__angle_get_voltage_angle_series,true,true
6.43,-5.520405712468109e-6,Vmag_get_voltage_magnitude_series__angle_get_voltage_angle_series,true,true
6.44,-5.487052721438992e-6,Vmag_get_voltage_magnitude_series__angle_get_voltage_angle_series,true,true
6.45,-5.4539121661730114e-6,Vmag_get_voltage_magnitude_series__angle_get_voltage_angle_series,true,true
6.46,-5.420981262138233e-6,Vmag_get_voltage_magnitude_series__angle_get_voltage_angle_series,true,true
6.47,-5.388257257933989e-6,Vmag_get_voltage_magnitude_series__angle_get_voltage_angle_series,true,true
6.48,-5.355737448874486e-6,Vmag_get_voltage_magnitude_series__angle_get_voltage_angle_series,true,true
6.49,-5.323419173619545e-6,Vmag_get_voltage_magnitude_series__angle_get_voltage_angle_series,true,true
6.5,-5.2912997921426545e-6,Vmag_get_voltage_magnitude_series__angle_get_voltage_angle_series,true,true
6.51,-5.2593767291886806e-6,Vmag_get_voltage_magnitude_series__angle_get_voltage_angle_series,true,true
6.52,-5.227647443295417e-6,Vmag_get_voltage_magnitude_series__angle_get_voltage_angle_series,true,true
6.53,-5.196109427291712e-6,Vmag_get_voltage_magnitude_series__angle_get_voltage_angle_series,true,true
6.54,-5.164760224861681e-6,Vmag_get_voltage_magnitude_series__angle_get_voltage_angle_series,true,true
6.55,-5.133597412654116e-6,Vmag_get_voltage_magnitude_series__angle_get_voltage_angle_series,true,true
6.56,-5.1026186188366285e-6,Vmag_get_voltage_magnitude_series__angle_get_voltage_angle_series,true,true
6.57,-5.071821515751649e-6,Vmag_get_voltage_magnitude_series__angle_get_voltage_angle_series,true,true
6.58,-5.041203796116583e-6,Vmag_get_voltage_magnitude_series__angle_get_voltage_angle_series,true,true
6.59,-5.010763224597392e-6,Vmag_get_voltage_magnitude_series__angle_get_voltage_angle_series,true,true
6.6,-4.980497594076873e-6,Vmag_get_voltage_magnitude_series__angle_get_voltage_angle_series,true,true
6.61,-4.950404731231657e-6,Vmag_get_voltage_magnitude_series__angle_get_voltage_angle_series,true,true
6.62,-4.920482520054169e-6,Vmag_get_voltage_magnitude_series__angle_get_voltage_angle_series,true,true
6.63,-4.890728878716324e-6,Vmag_get_voltage_magnitude_series__angle_get_voltage_angle_series,true,true
6.64,-4.861141774920987e-6,Vmag_get_voltage_magnitude_series__angle_get_voltage_angle_series,true,true
6.65,-4.831719197796025e-6,Vmag_get_voltage_magnitude_series__angle_get_voltage_angle_series,true,true
6.66,-4.802459191962922e-6,Vmag_get_voltage_magnitude_series__angle_get_voltage_angle_series,true,true
6.67,-4.773359851518031e-6,Vmag_get_voltage_magnitude_series__angle_get_voltage_angle_series,true,true
6.68,-4.744419295903181e-6,Vmag_get_voltage_magnitude_series__angle_get_voltage_angle_series,true,true
6.69,-4.7156356826610184e-6,Vmag_get_voltage_magnitude_series__angle_get_voltage_angle_series,true,true
6.7,-4.6870072182568745e-6,Vmag_get_voltage_magnitude_series__angle_get_voltage_angle_series,true,true
6.71,-4.6585321444951645e-6,Vmag_get_voltage_magnitude_series__angle_get_voltage_angle_series,true,true
6.72,-4.6302087341580045e-6,Vmag_get_voltage_magnitude_series__angle_get_voltage_angle_series,true,true
6.73,-4.6020353116567114e-6,Vmag_get_voltage_magnitude_series__angle_get_voltage_angle_series,true,true
6.74,-4.574010223599809e-6,Vmag_get_voltage_magnitude_series__angle_get_voltage_angle_series,true,true
6.75,-4.546131854640594e-6,Vmag_get_voltage_magnitude_series__angle_get_voltage_angle_series,true,true
6.76,-4.51839863106732e-6,Vmag_get_voltage_magnitude_series__angle_get_voltage_angle_series,true,true
6.77,-4.490809003463738e-6,Vmag_get_voltage_magnitude_series__angle_get_voltage_angle_series,true,true
6.78,-4.463361467748148e-6,Vmag_get_voltage_magnitude_series__angle_get_voltage_angle_series,true,true
6.79,-4.436054542809121e-6,Vmag_get_voltage_magnitude_series__angle_get_voltage_angle_series,true,true
6.8,-4.408886776469044e-6,Vmag_get_voltage_magnitude_series__angle_get_voltage_angle_series,true,true
6.81,-4.381856758074617e-6,Vmag_get_voltage_magnitude_series__angle_get_voltage_angle_series,true,true
6.82,-4.354963100992737e-6,Vmag_get_voltage_magnitude_series__angle_get_voltage_angle_series,true,true
6.83,-4.328204451941557e-6,Vmag_get_voltage_magnitude_series__angle_get_voltage_angle_series,true,true
6.84,-4.301579477130791e-6,Vmag_get_voltage_magnitude_series__angle_get_voltage_angle_series,true,true
6.85,-4.275086872919548e-6,Vmag_get_voltage_magnitude_series__angle_get_voltage_angle_series,true,true
6.86,-4.248725372994659e-6,Vmag_get_voltage_magnitude_series__angle_get_voltage_angle_series,true,true
6.87,-4.222493724018791e-6,Vmag_get_voltage_magnitude_series__angle_get_voltage_angle_series,true,true
6.88,-4.196390704404567e-6,Vmag_get_voltage_magnitude_series__angle_get_voltage_angle_series,true,true
6.89,-4.1704151173026385e-6,Vmag_get_voltage_magnitude_series__angle_get_voltage_angle_series,true,true
6.9,-4.1445657831472475e-6,Vmag_get_voltage_magnitude_series__angle_get_voltage_angle_series,true,true
6.91,-4.11884155213474e-6,Vmag_get_voltage_magnitude_series__angle_get_voltage_angle_series,true,true
6.92,-4.093241294505224e-6,Vmag_get_voltage_magnitude_series__angle_get_voltage_angle_series,true,true
6.93,-4.067763901261128e-6,Vmag_get_voltage_magnitude_series__angle_get_voltage_angle_series,true,true
6.94,-4.042408285050684e-6,Vmag_get_voltage_magnitude_series__angle_get_voltage_angle_series,true,true
6.95,-4.01717337492149e-6,Vmag_get_voltage_magnitude_series__angle_get_voltage_angle_series,true,true
6.96,-3.992058127032814e-6,Vmag_get_voltage_magnitude_series__angle_get_voltage_angle_series,true,true
6.97,-3.967061515655772e-6,Vmag_get_voltage_magnitude_series__angle_get_voltage_angle_series,true,true
6.98,-3.942182528976761e-6,Vmag_get_voltage_magnitude_series__angle_get_voltage_angle_series,true,true
6.99,-3.917420180305993e-6,Vmag_get_voltage_magnitude_series__angle_get_voltage_angle_series,true,true
7.0,-3.8927734909047205e-6,Vmag_get_voltage_magnitude_series__angle_get_voltage_angle_series,true,true
7.01,-3.8682415126806895e-6,Vmag_get_voltage_magnitude_series__angle_get_voltage_angle_series,true,true
7.02,-3.8438233089714195e-6,Vmag_get_voltage_magnitude_series__angle_get_voltage_angle_series,true,true
7.03,-3.819517951949818e-6,Vmag_get_voltage_magnitude_series__angle_get_voltage_angle_series,true,true
7.04,-3.795324541618298e-6,Vmag_get_voltage_magnitude_series__angle_get_voltage_angle_series,true,true
7.05,-3.7712421926669175e-6,Vmag_get_voltage_magnitude_series__angle_get_voltage_angle_series,true,true
7.06,-3.7472700317683736e-6,Vmag_get_voltage_magnitude_series__angle_get_voltage_angle_series,true,true
7.07,-3.723407193436644e-6,Vmag_get_voltage_magnitude_series__angle_get_voltage_angle_series,true,true
7.08,-3.699652850340983e-6,Vmag_get_voltage_magnitude_series__angle_get_voltage_angle_series,true,true
7.09,-3.676006171616369e-6,Vmag_get_voltage_magnitude_series__angle_get_voltage_angle_series,true,true
7.1,-3.652466344785694e-6,Vmag_get_voltage_magnitude_series__angle_get_voltage_angle_series,true,true
7.11,-3.629032584042448e-6,Vmag_get_voltage_magnitude_series__angle_get_voltage_angle_series,true,true
7.12,-3.6057041031932686e-6,Vmag_get_voltage_magnitude_series__angle_get_voltage_angle_series,true,true
7.13,-3.5824801416103904e-6,Vmag_get_voltage_magnitude_series__angle_get_voltage_angle_series,true,true
7.14,-3.55935994446426e-6,Vmag_get_voltage_magnitude_series__angle_get_voltage_angle_series,true,true
7.15,-3.5363427788471684e-6,Vmag_get_voltage_magnitude_series__angle_get_voltage_angle_series,true,true
7.16,-3.513427923115551e-6,Vmag_get_voltage_magnitude_series__angle_get_voltage_angle_series,true,true
7.17,-3.4906146692643702e-6,Vmag_get_voltage_magnitude_series__angle_get_voltage_angle_series,true,true
7.18,-3.467902330823911e-6,Vmag_get_voltage_magnitude_series__angle_get_voltage_angle_series,true,true
7.19,-3.44529025694035e-6,Vmag_get_voltage_magnitude_series__angle_get_voltage_angle_series,true,true
7.2,-3.422777726964045e-6,Vmag_get_voltage_magnitude_series__angle_get_voltage_angle_series,true,true
7.21,-3.400364108262488e-6,Vmag_get_voltage_magnitude_series__angle_get_voltage_angle_series,true,true
7.22,-3.378048772289605e-6,Vmag_get_voltage_magnitude_series__angle_get_voltage_angle_series,true,true
7.23,-3.3558310826034542e-6,Vmag_get_voltage_magnitude_series__angle_get_voltage_angle_series,true,true
7.24,-3.3337105194373444e-6,Vmag_get_voltage_magnitude_series__angle_get_voltage_angle_series,true,true
7.25,-3.3116864316607564e-6,Vmag_get_voltage_magnitude_series__angle_get_voltage_angle_series,true,true
7.26,-3.289758132638466e-6,Vmag_get_voltage_magnitude_series__angle_get_voltage_angle_series,true,true
7.27,-3.267925137390958e-6,Vmag_get_voltage_magnitude_series__angle_get_voltage_angle_series,true,true
7.28,-3.246186965577461e-6,Vmag_get_voltage_magnitude_series__angle_get_voltage_angle_series,true,true
7.29,-3.224543015101301e-6,Vmag_get_voltage_magnitude_series__angle_get_voltage_angle_series,true,true
7.3,-3.2029927653120164e-6,Vmag_get_voltage_magnitude_series__angle_get_voltage_angle_series,true,true
7.31,-3.181535702075153e-6,Vmag_get_voltage_magnitude_series__angle_get_voltage_angle_series,true,true
7.32,-3.160171321692735e-6,Vmag_get_voltage_magnitude_series__angle_get_voltage_angle_series,true,true
7.33,-3.1388991406762736e-6,Vmag_get_voltage_magnitude_series__angle_get_voltage_angle_series,true,true
7.34,-3.117718688126698e-6,Vmag_get_voltage_magnitude_series__angle_get_voltage_angle_series,true,true
7.35,-3.09662951324456e-6,Vmag_get_voltage_magnitude_series__angle_get_voltage_angle_series,true,true
7.36,-3.075631117853671e-6,Vmag_get_voltage_magnitude_series__angle_get_voltage_angle_series,true,true
7.37,-3.054723075395263e-6,Vmag_get_voltage_magnitude_series__angle_get_voltage_angle_series,true,true
7.38,-3.0339049954228447e-6,Vmag_get_voltage_magnitude_series__angle_get_voltage_angle_series,true,true
7.39,-3.013176449168935e-6,Vmag_get_voltage_magnitude_series__angle_get_voltage_angle_series,true,true
7.4,-2.99253702895958e-6,Vmag_get_voltage_magnitude_series__angle_get_voltage_angle_series,true,true
7.41,-2.9719863426368022e-6,Vmag_get_voltage_magnitude_series__angle_get_voltage_angle_series,true,true
7.42,-2.9515240082576855e-6,Vmag_get_voltage_magnitude_series__angle_get_voltage_angle_series,true,true
7.43,-2.9311496510579154e-6,Vmag_get_voltage_magnitude_series__angle_get_voltage_angle_series,true,true
7.44,-2.910862934760358e-6,Vmag_get_voltage_magnitude_series__angle_get_voltage_angle_series,true,true
7.45,-2.890663475103204e-6,Vmag_get_voltage_magnitude_series__angle_get_voltage_angle_series,true,true
7.46,-2.8705509148811922e-6,Vmag_get_voltage_magnitude_series__angle_get_voltage_angle_series,true,true
7.47,-2.8505249603347605e-6,Vmag_get_voltage_magnitude_series__angle_get_voltage_angle_series,true,true
7.48,-2.8305852868929754e-6,Vmag_get_voltage_magnitude_series__angle_get_voltage_angle_series,true,true
7.49,-2.8107315753407884e-6,Vmag_get_voltage_magnitude_series__angle_get_voltage_angle_series,true,true
7.5,-2.790963516512573e-6,Vmag_get_voltage_magnitude_series__angle_get_voltage_angle_series,true,true
7.51,-2.771280817808469e-6,Vmag_get_voltage_magnitude_series__angle_get_voltage_angle_series,true,true
7.52,-2.7516831945245337e-6,Vmag_get_voltage_magnitude_series__angle_get_voltage_angle_series,true,true
7.53,-2.7321703612393624e-6,Vmag_get_voltage_magnitude_series__angle_get_voltage_angle_series,true,true
7.54,-2.7127420474401497e-6,Vmag_get_voltage_magnitude_series__angle_get_voltage_angle_series,true,true
7.55,-2.693397990786111e-6,Vmag_get_voltage_magnitude_series__angle_get_voltage_angle_series,true,true
7.56,-2.674137930758898e-6,Vmag_get_voltage_magnitude_series__angle_get_voltage_angle_series,true,true
7.57,-2.6549616184913895e-6,Vmag_get_voltage_magnitude_series__angle_get_voltage_angle_series,true,true
7.58,-2.63586880787712e-6,Vmag_get_voltage_magnitude_series__angle_get_voltage_angle_series,true,true
7.59,-2.6168592626934084e-6,Vmag_get_voltage_magnitude_series__angle_get_voltage_angle_series,true,true
7.6,-2.5979327546139796e-6,Vmag_get_voltage_magnitude_series__angle_get_voltage_angle_series,true,true
7.61,-2.579089050232734e-6,Vmag_get_voltage_magnitude_series__angle_get_voltage_angle_series,true,true
7.62,-2.5603279316043682e-6,Vmag_get_voltage_magnitude_series__angle_get_voltage_angle_series,true,true
7.63,-2.5416491835994695e-6,Vmag_get_voltage_magnitude_series__angle_get_voltage_angle_series,true,true
7.64,-2.5230526027950648e-6,Vmag_get_voltage_magnitude_series__angle_get_voltage_angle_series,true,true
7.65,-2.504537991952813e-6,Vmag_get_voltage_magnitude_series__angle_get_voltage_angle_series,true,true
7.66,-2.4861051327961036e-6,Vmag_get_voltage_magnitude_series__angle_get_voltage_angle_series,true,true
7.67,-2.467753839681923e-6,Vmag_get_voltage_magnitude_series__angle_get_voltage_angle_series,true,true
7.68,-2.4494839342562516e-6,Vmag_get_voltage_magnitude_series__angle_get_voltage_angle_series,true,true
7.69,-2.431295214476781e-6,Vmag_get_voltage_magnitude_series__angle_get_voltage_angle_series,true,true
7.7,-2.413187507235194e-6,Vmag_get_voltage_magnitude_series__angle_get_voltage_angle_series,true,true
7.71,-2.3951606354472673e-6,Vmag_get_voltage_magnitude_series__angle_get_voltage_angle_series,true,true
7.72,-2.3772144198202766e-6,Vmag_get_voltage_magnitude_series__angle_get_voltage_angle_series,true,true
7.73,-2.359348699614943e-6,Vmag_get_voltage_magnitude_series__angle_get_voltage_angle_series,true,true
7.74,-2.341563303158617e-6,Vmag_get_voltage_magnitude_series__angle_get_voltage_angle_series,true,true
7.75,-2.3238580663985206e-6,Vmag_get_voltage_magnitude_series__angle_get_voltage_angle_series,true,true
7.76,-2.306232830362242e-6,Vmag_get_voltage_magnitude_series__angle_get_voltage_angle_series,true,true
7.77,-2.2886874455746537e-6,Vmag_get_voltage_magnitude_series__angle_get_voltage_angle_series,true,true
7.78,-2.271221757204791e-6,Vmag_get_voltage_magnitude_series__angle_get_voltage_angle_series,true,true
7.79,-2.2538356111393158e-6,Vmag_get_voltage_magnitude_series__angle_get_voltage_angle_series,true,true
7.8,-2.2365288639769774e-6,Vmag_get_voltage_magnitude_series__angle_get_voltage_angle_series,true,true
7.81,-2.2193013724823806e-6,Vmag_get_voltage_magnitude_series__angle_get_voltage_angle_series,true,true
7.82,-2.2021530004882264e-6,Vmag_get_voltage_magnitude_series__angle_get_voltage_angle_series,true,true
7.83,-2.1850836028817055e-6,Vmag_get_voltage_magnitude_series__angle_get_voltage_angle_series,true,true
7.84,-2.168093049237793e-6,Vmag_get_voltage_magnitude_series__angle_get_voltage_angle_series,true,true
7.85,-2.151181196265878e-6,Vmag_get_voltage_magnitude_series__angle_get_voltage_angle_series,true,true
7.86,-2.134347918013977e-6,Vmag_get_voltage_magnitude_series__angle_get_voltage_angle_series,true,true
7.87,-2.117593097254352e-6,Vmag_get_voltage_magnitude_series__angle_get_voltage_angle_series,true,true
7.88,-2.1009165943958036e-6,Vmag_get_voltage_magnitude_series__angle_get_voltage_angle_series,true,true
7.89,-2.0843182872961994e-6,Vmag_get_voltage_magnitude_series__angle_get_voltage_angle_series,true,true
7.9,-2.0677980585071172e-6,Vmag_get_voltage_magnitude_series__angle_get_voltage_angle_series,true,true
7.91,-2.051355787874267e-6,Vmag_get_voltage_magnitude_series__angle_get_voltage_angle_series,true,true
7.92,-2.0349913573414605e-6,Vmag_get_voltage_magnitude_series__angle_get_voltage_angle_series,true,true
7.93,-2.0187046531044774e-6,Vmag_get_voltage_magnitude_series__angle_get_voltage_angle_series,true,true
7.94,-2.002495559316211e-6,Vmag_get_voltage_magnitude_series__angle_get_voltage_angle_series,true,true
7.95,-1.9863639639394125e-6,Vmag_get_voltage_magnitude_series__angle_get_voltage_angle_series,true,true
7.96,-1.970309760955414e-6,Vmag_get_voltage_magnitude_series__angle_get_voltage_angle_series,true,true
7.97,-1.954332837995664e-6,Vmag_get_voltage_magnitude_series__angle_get_voltage_angle_series,true,true
7.98,-1.9384330897596793e-6,Vmag_get_voltage_magnitude_series__angle_get_voltage_angle_series,true,true
7.99,-1.922610408130687e-6,Vmag_get_voltage_magnitude_series__angle_get_voltage_angle_series,true,true
8.0,-1.9068646929431305e-6,Vmag_get_voltage_magnitude_series__angle_get_voltage_angle_series,true,true
8.01,-1.8911958443630175e-6,Vmag_get_voltage_magnitude_series__angle_get_voltage_angle_series,true,true
8.02,-1.8756037544392302e-6,Vmag_get_voltage_magnitude_series__angle_get_voltage_angle_series,true,true
8.03,-1.8600883263746795e-6,Vmag_get_voltage_magnitude_series__angle_get_voltage_angle_series,true,true
8.04,-1.8446494664643174e-6,Vmag_get_voltage_magnitude_series__angle_get_voltage_angle_series,true,true
8.05,-1.8292870779666018e-6,Vmag_get_voltage_magnitude_series__angle_get_voltage_angle_series,true,true
8.06,-1.8140010628144255e-6,Vmag_get_voltage_magnitude_series__angle_get_voltage_angle_series,true,true
8.07,-1.7987913250938633e-6,Vmag_get_voltage_magnitude_series__angle_get_voltage_angle_series,true,true
8.08,-1.78365777121063e-6,Vmag_get_voltage_magnitude_series__angle_get_voltage_angle_series,true,true
8.09,-1.7686003101655216e-6,Vmag_get_voltage_magnitude_series__angle_get_voltage_angle_series,true,true
8.1,-1.753618844277962e-6,Vmag_get_voltage_magnitude_series__angle_get_voltage_angle_series,true,true
8.11,-1.738713285254427e-6,Vmag_get_voltage_magnitude_series__angle_get_voltage_angle_series,true,true
8.12,-1.723883546623434e-6,Vmag_get_voltage_magnitude_series__angle_get_voltage_angle_series,true,true
8.13,-1.7091295340177911e-6,Vmag_get_voltage_magnitude_series__angle_get_voltage_angle_series,true,true
8.14,-1.6944511544504442e-6,Vmag_get_voltage_magnitude_series__angle_get_voltage_angle_series,true,true
8.15,-1.679848324321095e-6,Vmag_get_voltage_magnitude_series__angle_get_voltage_angle_series,true,true
8.16,-1.6653209536246146e-6,Vmag_get_voltage_magnitude_series__angle_get_voltage_angle_series,true,true
8.17,-1.650868952024416e-6,Vmag_get_voltage_magnitude_series__angle_get_voltage_angle_series,true,true
8.18,-1.636492231116539e-6,Vmag_get_voltage_magnitude_series__angle_get_voltage_angle_series,true,true
8.19,-1.6221907069696806e-6,Vmag_get_voltage_magnitude_series__angle_get_voltage_angle_series,true,true
8.2,-1.6079642877562247e-6,Vmag_get_voltage_magnitude_series__angle_get_voltage_angle_series,true,true
8.21,-1.5938128787776514e-6,Vmag_get_voltage_magnitude_series__angle_get_voltage_angle_series,true,true
8.22,-1.5797364016244489e-6,Vmag_get_voltage_magnitude_series__angle_get_voltage_angle_series,true,true
8.23,-1.5657347664014915e-6,Vmag_get_voltage_magnitude_series__angle_get_voltage_angle_series,true,true
8.24,-1.551807881005358e-6,Vmag_get_voltage_magnitude_series__angle_get_voltage_angle_series,true,true
8.25,-1.5379556554859861e-6,Vmag_get_voltage_magnitude_series__angle_get_voltage_angle_series,true,true
8.26,-1.5241780064642516e-6,Vmag_get_voltage_magnitude_series__angle_get_voltage_angle_series,true,true
8.27,-1.5104748416709376e-6,Vmag_get_voltage_magnitude_series__angle_get_voltage_angle_series,true,true
8.28,-1.4968460715425082e-6,Vmag_get_voltage_magnitude_series__angle_get_voltage_angle_series,true,true
8.29,-1.4832916024291663e-6,Vmag_get_voltage_magnitude_series__angle_get_voltage_angle_series,true,true
8.3,-1.4698113506207434e-6,Vmag_get_voltage_magnitude_series__angle_get_voltage_angle_series,true,true
8.31,-1.4564052215840836e-6,Vmag_get_voltage_magnitude_series__angle_get_voltage_angle_series,true,true
8.32,-1.4430731211170816e-6,Vmag_get_voltage_magnitude_series__angle_get_voltage_angle_series,true,true
8.33,-1.4298149620307038e-6,Vmag_get_voltage_magnitude_series__angle_get_voltage_angle_series,true,true
8.34,-1.4166306379199354e-6,Vmag_get_voltage_magnitude_series__angle_get_voltage_angle_series,true,true
8.35,-1.4035200626447536e-6,Vmag_get_voltage_magnitude_series__angle_get_voltage_angle_series,true,true
8.36,-1.3904831427763647e-6,Vmag_get_voltage_magnitude_series__angle_get_voltage_angle_series,true,true
8.37,-1.3775197757748884e-6,Vmag_get_voltage_magnitude_series__angle_get_voltage_angle_series,true,true
8.38,-1.3646298700339698e-6,Vmag_get_voltage_magnitude_series__angle_get_voltage_angle_series,true,true
8.39,-1.3518133247256048e-6,Vmag_get_voltage_magnitude_series__angle_get_voltage_angle_series,true,true
8.4,-1.3390700375858839e-6,Vmag_get_voltage_magnitude_series__angle_get_voltage_angle_series,true,true
8.41,-1.3263999135295958e-6,Vmag_get_voltage_magnitude_series__angle_get_voltage_angle_series,true,true
8.42,-1.3138028552074713e-6,Vmag_get_voltage_magnitude_series__angle_get_voltage_angle_series,true,true
8.43,-1.3012787501405195e-6,Vmag_get_voltage_magnitude_series__angle_get_voltage_angle_series,true,true
8.44,-1.2888274966724699e-6,Vmag_get_voltage_magnitude_series__angle_get_voltage_angle_series,true,true
8.45,-1.276448997067414e-6,Vmag_get_voltage_magnitude_series__angle_get_voltage_angle_series,true,true
8.46,-1.264143136251345e-6,Vmag_get_voltage_magnitude_series__angle_get_voltage_angle_series,true,true
8.47,-1.251909810801014e-6,Vmag_get_voltage_magnitude_series__angle_get_voltage_angle_series,true,true
8.48,-1.2397489097833092e-6,Vmag_get_voltage_magnitude_series__angle_get_voltage_angle_series,true,true
8.49,-1.2276603285603032e-6,Vmag_get_voltage_magnitude_series__angle_get_voltage_angle_series,true,true
8.5,-1.215643956806505e-6,Vmag_get_voltage_magnitude_series__angle_get_voltage_angle_series,true,true
8.51,-1.2036996773493969e-6,Vmag_get_voltage_magnitude_series__angle_get_voltage_angle_series,true,true
8.52,-1.1918273745625639e-6,Vmag_get_voltage_magnitude_series__angle_get_voltage_angle_series,true,true
8.53,-1.1800269383966052e-6,Vmag_get_voltage_magnitude_series__angle_get_voltage_angle_series,true,true
8.54,-1.1682982511819374e-6,Vmag_get_voltage_magnitude_series__angle_get_voltage_angle_series,true,true
8.55,-1.1566411942001484e-6,Vmag_get_voltage_magnitude_series__angle_get_voltage_angle_series,true,true
8.56,-1.145055650113063e-6,Vmag_get_voltage_magnitude_series__angle_get_voltage_angle_series,true,true
8.57,-1.1335415001466377e-6,Vmag_get_voltage_magnitude_series__angle_get_voltage_angle_series,true,true
8.58,-1.1220986149805057e-6,Vmag_get_voltage_magnitude_series__angle_get_voltage_angle_series,true,true
8.59,-1.1107268742947252e-6,Vmag_get_voltage_magnitude_series__angle_get_voltage_angle_series,true,true
8.6,-1.0994261564441231e-6,Vmag_get_voltage_magnitude_series__angle_get_voltage_angle_series,true,true
8.61,-1.0881963262551253e-6,Vmag_get_voltage_magnitude_series__angle_get_voltage_angle_series,true,true
8.62,-1.0770372653403232e-6,Vmag_get_voltage_magnitude_series__angle_get_voltage_angle_series,true,true
8.63,-1.065948841563323e-6,Vmag_get_voltage_magnitude_series__angle_get_voltage_angle_series,true,true
8.64,-1.0549309246649465e-6,Vmag_get_voltage_magnitude_series__angle_get_voltage_angle_series,true,true
8.65,-1.0439833819010218e-6,Vmag_get_voltage_magnitude_series__angle_get_voltage_angle_series,true,true
8.66,-1.0331060784845953e-6,Vmag_get_voltage_magnitude_series__angle_get_voltage_angle_series,true,true
8.67,-1.0222988783033878e-6,Vmag_get_voltage_magnitude_series__angle_get_voltage_angle_series,true,true
8.68,-1.0115616453003378e-6,Vmag_get_voltage_magnitude_series__angle_get_voltage_angle_series,true,true
8.69,-1.0008942430318584e-6,Vmag_get_voltage_magnitude_series__angle_get_voltage_angle_series,true,true
8.7,-9.902965303055294e-7,Vmag_get_voltage_magnitude_series__angle_get_voltage_angle_series,true,true
8.71,-9.79768367143991e-7,Vmag_get_voltage_magnitude_series__angle_get_voltage_angle_series,true,true
8.72,-9.693096044035217e-7,Vmag_get_voltage_magnitude_series__angle_get_voltage_angle_series,true,true
8.73,-9.589200995663855e-7,Vmag_get_voltage_magnitude_series__angle_get_voltage_angle_series,true,true
8.74,-9.485997130416582e-7,Vmag_get_voltage_magnitude_series__angle_get_voltage_angle_series,true,true
8.75,-9.383482924829793e-7,Vmag_get_voltage_magnitude_series__angle_get_voltage_angle_series,true,true
8.76,-9.281656886361943e-7,Vmag_get_voltage_magnitude_series__angle_get_voltage_angle_series,true,true
8.77,-9.180517495414683e-7,Vmag_get_voltage_magnitude_series__angle_get_voltage_angle_series,true,true
8.78,-9.080063264416087e-7,Vmag_get_voltage_magnitude_series__angle_get_voltage_angle_series,true,true
8.79,-8.980292669349566e-7,Vmag_get_voltage_magnitude_series__angle_get_voltage_angle_series,true,true
8.8,-8.881204058095272e-7,Vmag_get_voltage_magnitude_series__angle_get_voltage_angle_series,true,true
8.81,-8.782795980077281e-7,Vmag_get_voltage_magnitude_series__angle_get_voltage_angle_series,true,true
8.82,-8.685066821825139e-7,Vmag_get_voltage_magnitude_series__angle_get_voltage_angle_series,true,true
8.83,-8.588014848391232e-7,Vmag_get_voltage_magnitude_series__angle_get_voltage_angle_series,true,true
8.84,-8.491638596499531e-7,Vmag_get_voltage_magnitude_series__angle_get_voltage_angle_series,true,true
8.85,-8.3959364162373e-7,Vmag_get_voltage_magnitude_series__angle_get_voltage_angle_series,true,true
8.86,-8.300906654378715e-7,Vmag_get_voltage_magnitude_series__angle_get_voltage_angle_series,true,true
8.87,-8.206547574318109e-7,Vmag_get_voltage_magnitude_series__angle_get_voltage_angle_series,true,true
8.88,-8.112857565348957e-7,Vmag_get_voltage_magnitude_series__angle_get_voltage_angle_series,true,true
8.89,-8.019834943875537e-7,Vmag_get_voltage_magnitude_series__angle_get_voltage_angle_series,true,true
8.9,-7.927477965560958e-7,Vmag_get_voltage_magnitude_series__angle_get_voltage_angle_series,true,true
8.91,-7.835784923066519e-7,Vmag_get_voltage_magnitude_series__angle_get_voltage_angle_series,true,true
8.92,-7.744753983708018e-7,Vmag_get_voltage_magnitude_series__angle_get_voltage_angle_series,true,true
8.93,-7.654383502542333e-7,Vmag_get_voltage_magnitude_series__angle_get_voltage_angle_series,true,true
8.94,-7.564671700446689e-7,Vmag_get_voltage_magnitude_series__angle_get_voltage_angle_series,true,true
8.95,-7.475616722096857e-7,Vmag_get_voltage_magnitude_series__angle_get_voltage_angle_series,true,true
8.96,-7.387216766284211e-7,Vmag_get_voltage_magnitude_series__angle_get_voltage_angle_series,true,true
8.97,-7.299469999772352e-7,Vmag_get_voltage_magnitude_series__angle_get_voltage_angle_series,true,true
8.98,-7.212374582145259e-7,Vmag_get_voltage_magnitude_series__angle_get_voltage_angle_series,true,true
8.99,-7.125928782320443e-7,Vmag_get_voltage_magnitude_series__angle_get_voltage_angle_series,true,true
9.0,-7.040130626255715e-7,Vmag_get_voltage_magnitude_series__angle_get_voltage_angle_series,true,true
9.01,-6.954978151504668e-7,Vmag_get_voltage_magnitude_series__angle_get_voltage_angle_series,true,true
9.02,-6.870469662323648e-7,Vmag_get_voltage_magnitude_series__angle_get_voltage_angle_series,true,true
9.03,-6.786603123930709e-7,Vmag_get_voltage_magnitude_series__angle_get_voltage_angle_series,true,true
9.04,-6.703376523630499e-7,Vmag_get_voltage_magnitude_series__angle_get_voltage_angle_series,true,true
9.05,-6.620788092240675e-7,Vmag_get_voltage_magnitude_series__angle_get_voltage_angle_series,true,true
9.06,-6.538835756326694e-7,Vmag_get_voltage_magnitude_series__angle_get_voltage_angle_series,true,true
9.07,-6.457517502088269e-7,Vmag_get_voltage_magnitude_series__angle_get_voltage_angle_series,true,true
9.08,-6.376831460397934e-7,Vmag_get_voltage_magnitude_series__angle_get_voltage_angle_series,true,true
9.09,-6.296775596473744e-7,Vmag_get_voltage_magnitude_series__angle_get_voltage_angle_series,true,true
9.1,-6.217347825285405e-7,Vmag_get_voltage_magnitude_series__angle_get_voltage_angle_series,true,true
9.11,-6.138546147390473e-7,Vmag_get_voltage_magnitude_series__angle_get_voltage_angle_series,true,true
9.12,-6.060368531319542e-7,Vmag_get_voltage_magnitude_series__angle_get_voltage_angle_series,true,true
9.13,-5.982812924069821e-7,Vmag_get_voltage_magnitude_series__angle_get_voltage_angle_series,true,true
9.14,-5.905877281472293e-7,Vmag_get_voltage_magnitude_series__angle_get_voltage_angle_series,true,true
9.15,-5.829559394255193e-7,Vmag_get_voltage_magnitude_series__angle_get_voltage_angle_series,true,true
9.16,-5.753857248067753e-7,Vmag_get_voltage_magnitude_series__angle_get_voltage_angle_series,true,true
9.17,-5.678768699900823e-7,Vmag_get_voltage_magnitude_series__angle_get_voltage_angle_series,true,true
9.18,-5.604291621101917e-7,Vmag_get_voltage_magnitude_series__angle_get_voltage_angle_series,true,true
9.19,-5.53042390731446e-7,Vmag_get_voltage_magnitude_series__angle_get_voltage_angle_series,true,true
9.2,-5.457163247666205e-7,Vmag_get_voltage_magnitude_series__angle_get_voltage_angle_series,true,true
9.21,-5.384507608480544e-7,Vmag_get_voltage_magnitude_series__angle_get_voltage_angle_series,true,true
9.22,-5.312454762264819e-7,Vmag_get_voltage_magnitude_series__angle_get_voltage_angle_series,true,true
9.23,-5.241002481525445e-7,Vmag_get_voltage_magnitude_series__angle_get_voltage_angle_series,true,true
9.24,-5.170148649206192e-7,Vmag_get_voltage_magnitude_series__angle_get_voltage_angle_series,true,true
9.25,-5.099890986461714e-7,Vmag_get_voltage_magnitude_series__angle_get_voltage_angle_series,true,true
9.26,-5.030227178554996e-7,Vmag_get_voltage_magnitude_series__angle_get_voltage_angle_series,true,true
9.27,-4.961155056524442e-7,Vmag_get_voltage_magnitude_series__angle_get_voltage_angle_series,true,true
9.28,-4.892672392325236e-7,Vmag_get_voltage_magnitude_series__angle_get_voltage_angle_series,true,true
9.29,-4.824776823180304e-7,Vmag_get_voltage_magnitude_series__angle_get_voltage_angle_series,true,true
9.3,-4.7574660553363147e-7,Vmag_get_voltage_magnitude_series__angle_get_voltage_angle_series,true,true
9.31,-4.6907378414221484e-7,Vmag_get_voltage_magnitude_series__angle_get_voltage_angle_series,true,true
9.32,-4.6245899351702227e-7,Vmag_get_voltage_magnitude_series__angle_get_voltage_angle_series,true,true
9.33,-4.55901996496944e-7,Vmag_get_voltage_magnitude_series__angle_get_voltage_angle_series,true,true
9.34,-4.494025515033908e-7,Vmag_get_voltage_magnitude_series__angle_get_voltage_angle_series,true,true
9.35,-4.429604328053292e-7,Vmag_get_voltage_magnitude_series__angle_get_voltage_angle_series,true,true
9.36,-4.3657539838242626e-7,Vmag_get_voltage_magnitude_series__angle_get_voltage_angle_series,true,true
9.37,-4.302472158774546e-7,Vmag_get_voltage_magnitude_series__angle_get_voltage_angle_series,true,true
9.38,-4.239756549211487e-7,Vmag_get_voltage_magnitude_series__angle_get_voltage_angle_series,true,true
9.39,-4.177604622287095e-7,Vmag_get_voltage_magnitude_series__angle_get_voltage_angle_series,true,true
9.4,-4.116014042280779e-7,Vmag_get_voltage_magnitude_series__angle_get_voltage_angle_series,true,true
9.41,-4.054982464638197e-7,Vmag_get_voltage_magnitude_series__angle_get_voltage_angle_series,true,true
9.42,-3.9945073940595904e-7,Vmag_get_voltage_magnitude_series__angle_get_voltage_angle_series,true,true
9.43,-3.93458639985022e-7,Vmag_get_voltage_magnitude_series__angle_get_voltage_angle_series,true,true
9.44,-3.8752170827895825e-7,Vmag_get_voltage_magnitude_series__angle_get_voltage_angle_series,true,true
9.45,-3.8163969967215684e-7,Vmag_get_voltage_magnitude_series__angle_get_voltage_angle_series,true,true
9.46,-3.758123664569031e-7,Vmag_get_voltage_magnitude_series__angle_get_voltage_angle_series,true,true
9.47,-3.7003946572937527e-7,Vmag_get_voltage_magnitude_series__angle_get_voltage_angle_series,true,true
9.48,-3.6432074856692893e-7,Vmag_get_voltage_magnitude_series__angle_get_voltage_angle_series,true,true
9.49,-3.586559586478122e-7,Vmag_get_voltage_magnitude_series__angle_get_voltage_angle_series,true,true
9.5,-3.5304485881087304e-7,Vmag_get_voltage_magnitude_series__angle_get_voltage_angle_series,true,true
9.51,-3.474871920717106e-7,Vmag_get_voltage_magnitude_series__angle_get_voltage_angle_series,true,true
9.52,-3.419827062498868e-7,Vmag_get_voltage_magnitude_series__angle_get_voltage_angle_series,true,true
9.53,-3.3653116081595397e-7,Vmag_get_voltage_magnitude_series__angle_get_voltage_angle_series,true,true
9.54,-3.3113229271150585e-7,Vmag_get_voltage_magnitude_series__angle_get_voltage_angle_series,true,true
9.55,-3.257858499770357e-7,Vmag_get_voltage_magnitude_series__angle_get_voltage_angle_series,true,true
9.56,-3.204915826960403e-7,Vmag_get_voltage_magnitude_series__angle_get_voltage_angle_series,true,true
9.57,-3.152492298531504e-7,Vmag_get_voltage_magnitude_series__angle_get_voltage_angle_series,true,true
9.58,-3.1005854081405966e-7,Vmag_get_voltage_magnitude_series__angle_get_voltage_angle_series,true,true
9.59,-3.049192586495853e-7,Vmag_get_voltage_magnitude_series__angle_get_voltage_angle_series,true,true
9.6,-2.998311300749301e-7,Vmag_get_voltage_magnitude_series__angle_get_voltage_angle_series,true,true
9.61,-2.947938946269614e-7,Vmag_get_voltage_magnitude_series__angle_get_voltage_angle_series,true,true
9.62,-2.8980728930249483e-7,Vmag_get_voltage_magnitude_series__angle_get_voltage_angle_series,true,true
9.63,-2.848710652342219e-7,Vmag_get_voltage_magnitude_series__angle_get_voltage_angle_series,true,true
9.64,-2.7998495610590477e-7,Vmag_get_voltage_magnitude_series__angle_get_voltage_angle_series,true,true
9.65,-2.7514870835660616e-7,Vmag_get_voltage_magnitude_series__angle_get_voltage_angle_series,true,true
9.66,-2.703620732294271e-7,Vmag_get_voltage_magnitude_series__angle_get_voltage_angle_series,true,true
9.67,-2.6562475160866077e-7,Vmag_get_voltage_magnitude_series__angle_get_voltage_angle_series,true,true
9.68,-2.609364898229842e-7,Vmag_get_voltage_magnitude_series__angle_get_voltage_angle_series,true,true
9.69,-2.5629705253343804e-7,Vmag_get_voltage_magnitude_series__angle_get_voltage_angle_series,true,true
9.7,-2.517061638158378e-7,Vmag_get_voltage_magnitude_series__angle_get_voltage_angle_series,true,true
9.71,-2.4716356845280266e-7,Vmag_get_voltage_magnitude_series__angle_get_voltage_angle_series,true,true
9.72,-2.426689988028635e-7,Vmag_get_voltage_magnitude_series__angle_get_voltage_angle_series,true,true
9.73,-2.3822218369055968e-7,Vmag_get_voltage_magnitude_series__angle_get_voltage_angle_series,true,true
9.74,-2.3382286088580563e-7,Vmag_get_voltage_magnitude_series__angle_get_voltage_angle_series,true,true
9.75,-2.2947076975981504e-7,Vmag_get_voltage_magnitude_series__angle_get_voltage_angle_series,true,true
9.76,-2.251656460394159e-7,Vmag_get_voltage_magnitude_series__angle_get_voltage_angle_series,true,true
9.77,-2.2090723014496315e-7,Vmag_get_voltage_magnitude_series__angle_get_voltage_angle_series,true,true
9.78,-2.1669523875308748e-7,Vmag_get_voltage_magnitude_series__angle_get_voltage_angle_series,true,true
9.79,-2.1252939577395392e-7,Vmag_get_voltage_magnitude_series__angle_get_voltage_angle_series,true,true
9.8,-2.084094669177827e-7,Vmag_get_voltage_magnitude_series__angle_get_voltage_angle_series,true,true
9.81,-2.0433520469766147e-7,Vmag_get_voltage_magnitude_series__angle_get_voltage_angle_series,true,true
9.82,-2.0030627371964507e-7,Vmag_get_voltage_magnitude_series__angle_get_voltage_angle_series,true,true
9.83,-1.9632242163766003e-7,Vmag_get_voltage_magnitude_series__angle_get_voltage_angle_series,true,true
9.84,-1.9238342470851944e-7,Vmag_get_voltage_magnitude_series__angle_get_voltage_angle_series,true,true
9.85,-1.8848899298269836e-7,Vmag_get_voltage_magnitude_series__angle_get_voltage_angle_series,true,true
9.86,-1.8463886064092192e-7,Vmag_get_voltage_magnitude_series__angle_get_voltage_angle_series,true,true
9.87,-1.808327477281005e-7,Vmag_get_voltage_magnitude_series__angle_get_voltage_angle_series,true,true
9.88,-1.7707040217426444e-7,Vmag_get_voltage_magnitude_series__angle_get_voltage_angle_series,true,true
9.89,-1.7335154965657156e-7,Vmag_get_voltage_magnitude_series__angle_get_voltage_angle_series,true,true
9.9,-1.69675922312651e-7,Vmag_get_voltage_magnitude_series__angle_get_voltage_angle_series,true,true
9.91,-1.6604323803394454e-7,Vmag_get_voltage_magnitude_series__angle_get_voltage_angle_series,true,true
9.92,-1.6245323757211482e-7,Vmag_get_voltage_magnitude_series__angle_get_voltage_angle_series,true,true
9.93,-1.5890568321383013e-7,Vmag_get_voltage_magnitude_series__angle_get_voltage_angle_series,true,true
9.94,-1.5540025154747992e-7,Vmag_get_voltage_magnitude_series__angle_get_voltage_angle_series,true,true
9.95,-1.5193667680899374e-7,Vmag_get_voltage_magnitude_series__angle_get_voltage_angle_series,true,true
9.96,-1.4851472459814498e-7,Vmag_get_voltage_magnitude_series__angle_get_voltage_angle_series,true,true
9.97,-1.4513411308244851e-7,Vmag_get_voltage_magnitude_series__angle_get_voltage_angle_series,true,true
9.98,-1.417945635768178e-7,Vmag_get_voltage_magnitude_series__angle_get_voltage_angle_series,true,true
9.99,-1.3849626928891944e-7,Vmag_get_voltage_magnitude_series__angle_get_voltage_angle_series,true,true
10.0,-1.3685752128876547e-7,Vmag_get_voltage_magnitude_series__angle_get_voltage_angle_series,true,true
