t_s,df_hz,frequency_source,frequency_is_derived_from_bus_voltage_angle,angle_is_exact_bus_voltage
0.0,-4.1965652047088065e-15,Vmag_get_voltage_magnitude_series__angle_get_voltage_angle_series,true,true
0.01,-2.6504622345529305e-15,Vmag_get_voltage_magnitude_series__angle_get_voltage_angle_series,true,true
0.02,4.4174370575882185e-16,Vmag_get_voltage_magnitude_series__angle_get_voltage_angle_series,true,true
0.03,1.5461029701558762e-15,Vmag_get_voltage_magnitude_series__angle_get_voltage_angle_series,true,true
0.04,3.86525742538969e-16,Vmag_get_voltage_magnitude_series__angle_get_voltage_angle_series,true,true
0.05,-2.760898160992636e-16,Vmag_get_voltage_magnitude_series__angle_get_voltage_angle_series,true,true
0.06,-2.2087185287941085e-16,Vmag_get_voltage_magnitude_series__angle_get_voltage_angle_series,true,true
0.07,6.073975954183798e-16,Vmag_get_voltage_magnitude_series__angle_get_voltage_angle_series,true,true
0.08,2.760898160992637e-16,Vmag_get_voltage_magnitude_series__angle_get_voltage_angle_series,true,true
0.09,-1.2700131540566124e-15,Vmag_get_voltage_magnitude_series__angle_get_voltage_angle_series,true,true
0.1,-0.007610679442283994,Vmag_get_voltage_magnitude_series__angle_get_voltage_angle_series,true,true
0.11,-0.008582197758814048,Vmag_get_voltage_magnitude_series__angle_get_voltage_angle_series,true,true
0.12,-0.0015833932368870623,Vmag_get_voltage_magnitude_series__angle_get_voltage_angle_series,true,true
0.13,-0.0015985667675107872,Vmag_get_voltage_magnitude_series__angle_get_voltage_angle_series,true,true
0.14,-0.0017663922426005964,Vmag_get_voltage_magnitude_series__angle_get_voltage_angle_series,true,true
0.15,-0.0017990484054955529,Vmag_get_voltage_magnitude_series__angle_get_voltage_angle_series,true,true
0.16,-0.0021311618884503037,Vmag_get_voltage_magnitude_series__angle_get_voltage_angle_series,true,true
0.17,-0.0023444679680298557,Vmag_get_voltage_magnitude_series__angle_get_voltage_angle_series,true,true
0.18,-0.002561496473719999,Vmag_get_voltage_magnitude_series__angle_get_voltage_angle_series,true,true
0.19,-0.002759023745694417,Vmag_get_voltage_magnitude_series__angle_get_voltage_angle_series,true,true
0.2,-0.002951118835240215,Vmag_get_voltage_magnitude_series__angle_get_voltage_angle_series,true,true
0.21,-0.0031276893059921426,Vmag_get_voltage_magnitude_series__angle_get_voltage_angle_series,true,true
0.22,-0.0032928685074397855,Vmag_get_voltage_magnitude_series__angle_get_voltage_angle_series,true,true
0.23,-0.0034464550875211377,Vmag_get_voltage_magnitude_series__angle_get_voltage_angle_series,true,true
0.24,-0.0035897777468514853,Vmag_get_voltage_magnitude_series__angle_get_voltage_angle_series,true,true
0.25,-0.003723495976069203,Vmag_get_voltage_magnitude_series__angle_get_voltage_angle_series,true,true
0.26,-0.0038486260861300904,Vmag_get_voltage_magnitude_series__angle_get_voltage_angle_series,true,true
0.27,-0.003965940480349288,Vmag_get_voltage_magnitude_series__angle_get_voltage_angle_series,true,true
0.28,-0.0040761277808967055,Vmag_get_voltage_magnitude_series__angle_get_voltage_angle_series,true,true
0.29,-0.004179713047946607,Vmag_get_voltage_magnitude_series__angle_get_voltage_angle_series,true,true
0.3,-0.004277079229533195,Vmag_get_voltage_magnitude_series__angle_get_voltage_angle_series,true,true
0.31,-0.004368463868015505,Vmag_get_voltage_magnitude_series__angle_get_voltage_angle_series,true,true
0.32,-0.004453974503822664,Vmag_get_voltage_magnitude_series__angle_get_voltage_angle_series,true,true
0.33,-0.004533607204085443,Vmag_get_voltage_magnitude_series__angle_get_voltage_angle_series,true,true
0.34,-0.004607267627235402,Vmag_get_voltage_magnitude_series__angle_get_voltage_angle_series,true,true
0.35,-0.00467479294896686,Vmag_get_voltage_magnitude_series__angle_get_voltage_angle_series,true,true
0.36,-0.004735973663740581,Vmag_get_voltage_magnitude_series__angle_get_voltage_angle_series,true,true
0.37,-0.00479057393331774,Vmag_get_voltage_magnitude_series__angle_get_voltage_angle_series,true,true
0.38,-0.004838349882178798,Vmag_get_voltage_magnitude_series__angle_get_voltage_angle_series,true,true
0.39,-0.004879065023113206,Vmag_get_voltage_magnitude_series__angle_get_voltage_angle_series,true,true
0.4,-0.004912503308037912,Vmag_get_voltage_magnitude_series__angle_get_voltage_angle_series,true,true
0.41,-0.004938479117880139,Vmag_get_voltage_magnitude_series__angle_get_voltage_angle_series,true,true
0.42,-0.004956844592366428,Vmag_get_voltage_magnitude_series__angle_get_voltage_angle_series,true,true
0.43,-0.0049674944136025075,Vmag_get_voltage_magnitude_series__angle_get_voltage_angle_series,true,true
0.44,-0.004970368358394191,Vmag_get_voltage_magnitude_series__angle_get_voltage_angle_series,true,true
0.45,-0.0049654520780352965,Vmag_get_voltage_magnitude_series__angle_get_voltage_angle_series,true,true
0.46,-0.004952776261987962,Vmag_get_voltage_magnitude_series__angle_get_voltage_angle_series,true,true
0.47,-0.0049324146666666875,Vmag_get_voltage_magnitude_series__angle_get_voltage_angle_series,true,true
0.48,-0.0049044811466739885,Vmag_get_voltage_magnitude_series__angle_get_voltage_angle_series,true,true
0.49,-0.00486912634259112,Vmag_get_voltage_magnitude_series__angle_get_voltage_angle_series,true,true
0.5,-0.004826533957320595,Vmag_get_voltage_magnitude_series__angle_get_voltage_angle_series,true,true
0.51,-0.004776916984834051,Vmag_get_voltage_magnitude_series__angle_get_voltage_angle_series,true,true
0.52,-0.004720513902090337,Vmag_get_voltage_magnitude_series__angle_get_voltage_angle_series,true,true
0.53,-0.004657585234379332,Vmag_get_voltage_magnitude_series__angle_get_voltage_angle_series,true,true
0.54,-0.004588410388743285,Vmag_get_voltage_magnitude_series__angle_get_voltage_angle_series,true,true
0.55,-0.0045132847620482875,Vmag_get_voltage_magnitude_series__angle_get_voltage_angle_series,true,true
0.56,-0.004432517223298864,Vmag_get_voltage_magnitude_series__angle_get_voltage_angle_series,true,true
0.57,-0.00434642798337466,Vmag_get_voltage_magnitude_series__angle_get_voltage_angle_series,true,true
0.58,-0.004255346815593022,Vmag_get_voltage_magnitude_series__angle_get_voltage_angle_series,true,true
0.59,-0.004159611545178813,Vmag_get_voltage_magnitude_series__angle_get_voltage_angle_series,true,true
0.6,-0.004059566788773732,Vmag_get_voltage_magnitude_series__angle_get_voltage_angle_series,true,true
0.61,-0.003955562769454962,Vmag_get_voltage_magnitude_series__angle_get_voltage_angle_series,true,true
0.62,-0.0038479544994704804,Vmag_get_voltage_magnitude_series__angle_get_voltage_angle_series,true,true
0.63,-0.003737100791693009,Vmag_get_voltage_magnitude_series__angle_get_voltage_angle_series,true,true
0.64,-0.00362336365165323,Vmag_get_voltage_magnitude_series__angle_get_voltage_angle_series,true,true
0.65,-0.0035071071910415205,Vmag_get_voltage_magnitude_series__angle_get_voltage_angle_series,true,true
0.66,-0.0033886969244661344,Vmag_get_voltage_magnitude_series__angle_get_voltage_angle_series,true,true
0.67,-0.0032684989390739574,Vmag_get_voltage_magnitude_series__angle_get_voltage_angle_series,true,true
0.68,-0.003146878689892665,Vmag_get_voltage_magnitude_series__angle_get_voltage_angle_series,true,true
0.69,-0.0030242003261378137,Vmag_get_voltage_magnitude_series__angle_get_voltage_angle_series,true,true
0.7,-0.0029008252373269733,Vmag_get_voltage_magnitude_series__angle_get_voltage_angle_series,true,true
0.71,-0.002777111045891341,Vmag_get_voltage_magnitude_series__angle_get_voltage_angle_series,true,true
0.72,-0.0026534104002189644,Vmag_get_voltage_magnitude_series__angle_get_voltage_angle_series,true,true
0.73,-0.0025300695093291754,Vmag_get_voltage_magnitude_series__angle_get_voltage_angle_series,true,true
0.74,-0.0024074271346166665,Vmag_get_voltage_magnitude_series__angle_get_voltage_angle_series,true,true
0.75,-0.0022858130068961363,Vmag_get_voltage_magnitude_series__angle_get_voltage_angle_series,true,true
0.76,-0.002165546643896573,Vmag_get_voltage_magnitude_series__angle_get_voltage_angle_series,true,true
0.77,-0.0020469361070404955,Vmag_get_voltage_magnitude_series__angle_get_voltage_angle_series,true,true
0.78,-0.0019302766408121263,Vmag_get_voltage_magnitude_series__angle_get_voltage_angle_series,true,true
0.79,-0.0018158496610795472,Vmag_get_voltage_magnitude_series__angle_get_voltage_angle_series,true,true
0.8,-0.0017039215599877506,Vmag_get_voltage_magnitude_series__angle_get_voltage_angle_series,true,true
0.81,-0.0015947427955383417,Vmag_get_voltage_magnitude_series__angle_get_voltage_angle_series,true,true
0.82,-0.0014885469107305163,Vmag_get_voltage_magnitude_series__angle_get_voltage_angle_series,true,true
0.83,-0.0013855497902865704,Vmag_get_voltage_magnitude_series__angle_get_voltage_angle_series,true,true
0.84,-0.0012859490277276416,Vmag_get_voltage_magnitude_series__angle_get_voltage_angle_series,true,true
0.85,-0.001189923359513127,Vmag_get_voltage_magnitude_series__angle_get_voltage_angle_series,true,true
0.86,-0.0010976322072042315,Vmag_get_voltage_magnitude_series__angle_get_voltage_angle_series,true,true
0.87,-0.0010092153828588682,Vmag_get_voltage_magnitude_series__angle_get_voltage_angle_series,true,true
0.88,-0.0009247929926777775,Vmag_get_voltage_magnitude_series__angle_get_voltage_angle_series,true,true
0.89,-0.0008444653311524095,Vmag_get_voltage_magnitude_series__angle_get_voltage_angle_series,true,true
0.9,-0.0007683129308614208,Vmag_get_voltage_magnitude_series__angle_get_voltage_angle_series,true,true
0.91,-0.0006963967173895861,Vmag_get_voltage_magnitude_series__angle_get_voltage_angle_series,true,true
0.92,-0.0006287583876648809,Vmag_get_voltage_magnitude_series__angle_get_voltage_angle_series,true,true
0.93,-0.0005654207480325093,Vmag_get_voltage_magnitude_series__angle_get_voltage_angle_series,true,true
0.94,-0.0005063881758653833,Vmag_get_voltage_magnitude_series__angle_get_voltage_angle_series,true,true
0.95,-0.00045164719840355856,Vmag_get_voltage_magnitude_series__angle_get_voltage_angle_series,true,true
0.96,-0.000401167157798606,Vmag_get_voltage_magnitude_series__angle_get_voltage_angle_series,true,true
0.97,-0.00035490097239211844,Vmag_get_voltage_magnitude_series__angle_get_voltage_angle_series,true,true
0.98,-0.0003127859004206274,Vmag_get_voltage_magnitude_series__angle_get_voltage_angle_series,true,true
0.99,-0.00027474435846806767,Vmag_get_voltage_magnitude_series__angle_get_voltage_angle_series,true,true
1.0,-0.00024068491078984568,Vmag_get_voltage_magnitude_series__angle_get_voltage_angle_series,true,true
1.01,-0.00021050315395149013,Vmag_get_voltage_magnitude_series__angle_get_voltage_angle_series,true,true
1.02,-0.00018408276832419874,Vmag_get_voltage_magnitude_series__angle_get_voltage_angle_series,true,true
1.03,-0.00016129649556929164,Vmag_get_voltage_magnitude_series__angle_get_voltage_angle_series,true,true
1.04,-0.0001420071810633791,Vmag_get_voltage_magnitude_series__angle_get_voltage_angle_series,true,true
1.05,-0.00012606892645669596,Vmag_get_voltage_magnitude_series__angle_get_voltage_angle_series,true,true
1.06,-0.00011332801331327665,Vmag_get_voltage_magnitude_series__angle_get_voltage_angle_series,true,true
1.07,-0.00010362410235304032,Vmag_get_voltage_magnitude_series__angle_get_voltage_angle_series,true,true
1.08,-9.679125901013483e-5,Vmag_get_voltage_magnitude_series__angle_get_voltage_angle_series,true,true
1.09,-9.265902029293711e-5,Vmag_get_voltage_magnitude_series__angle_get_voltage_angle_series,true,true
1.1,-9.105344635552429e-5,Vmag_get_voltage_magnitude_series__angle_get_voltage_angle_series,true,true
1.11,-9.179814678025671e-5,Vmag_get_voltage_magnitude_series__angle_get_voltage_angle_series,true,true
1.12,-9.471528102429101e-5,Vmag_get_voltage_magnitude_series__angle_get_voltage_angle_series,true,true
1.13,-9.962650153808076e-5,Vmag_get_voltage_magnitude_series__angle_get_voltage_angle_series,true,true
1.14,-0.00010635393646815313,Vmag_get_voltage_magnitude_series__angle_get_voltage_angle_series,true,true
1.15,-0.00011472104675259855,Vmag_get_voltage_magnitude_series__angle_get_voltage_angle_series,true,true
1.16,-0.00012455345529901438,Vmag_get_voltage_magnitude_series__angle_get_voltage_angle_series,true,true
1.17,-0.00013567979799613828,Vmag_get_voltage_magnitude_series__angle_get_voltage_angle_series,true,true
1.18,-0.0001479324258013596,Vmag_get_voltage_magnitude_series__angle_get_voltage_angle_series,true,true
1.19,-0.00016114812396479495,Vmag_get_voltage_magnitude_series__angle_get_voltage_angle_series,true,true
1.2,-0.00017516873713315878,Vmag_get_voltage_magnitude_series__angle_get_voltage_angle_series,true,true
1.21,-0.000189841745704786,Vmag_get_voltage_magnitude_series__angle_get_voltage_angle_series,true,true
1.22,-0.00020502080145213037,Vmag_get_voltage_magnitude_series__angle_get_voltage_angle_series,true,true
1.23,-0.00022056619295436297,Vmag_get_voltage_magnitude_series__angle_get_voltage_angle_series,true,true
1.24,-0.0002363452441379915,Vmag_get_voltage_magnitude_series__angle_get_voltage_angle_series,true,true
1.25,-0.0002522326172301049,Vmag_get_voltage_magnitude_series__angle_get_voltage_angle_series,true,true
1.26,-0.00026811068739833867,Vmag_get_voltage_magnitude_series__angle_get_voltage_angle_series,true,true
1.27,-0.00028386966643720817,Vmag_get_voltage_magnitude_series__angle_get_voltage_angle_series,true,true
1.28,-0.0002994078338173214,Vmag_get_voltage_magnitude_series__angle_get_voltage_angle_series,true,true
1.29,-0.00031463163664720414,Vmag_get_voltage_magnitude_series__angle_get_voltage_angle_series,true,true
1.3,-0.000329455724591952,Vmag_get_voltage_magnitude_series__angle_get_voltage_angle_series,true,true
1.31,-0.0003438029912349088,Vmag_get_voltage_magnitude_series__angle_get_voltage_angle_series,true,true
1.32,-0.00035760451642514324,Vmag_get_voltage_magnitude_series__angle_get_voltage_angle_series,true,true
1.33,-0.0003707994500958173,Vmag_get_voltage_magnitude_series__angle_get_voltage_angle_series,true,true
1.34,-0.0003833349051638389,Vmag_get_voltage_magnitude_series__angle_get_voltage_angle_series,true,true
1.35,-0.00039516578201840625,Vmag_get_voltage_magnitude_series__angle_get_voltage_angle_series,true,true
1.36,-0.0004062545513459699,Vmag_get_voltage_magnitude_series__angle_get_voltage_angle_series,true,true
1.37,-0.0004165710041994622,Vmag_get_voltage_magnitude_series__angle_get_voltage_angle_series,true,true
1.38,-0.00042609195119784426,Vmag_get_voltage_magnitude_series__angle_get_voltage_angle_series,true,true
1.39,-0.0004348009517768283,Vmag_get_voltage_magnitude_series__angle_get_voltage_angle_series,true,true
1.4,-0.0004426879669764763,Vmag_get_voltage_magnitude_series__angle_get_voltage_angle_series,true,true
1.41,-0.0004497489909944843,Vmag_get_voltage_magnitude_series__angle_get_voltage_angle_series,true,true
1.42,-0.00045598569159302087,Vmag_get_voltage_magnitude_series__angle_get_voltage_angle_series,true,true
1.43,-0.00046140502703705084,Vmag_get_voltage_magnitude_series__angle_get_voltage_angle_series,true,true
1.44,-0.00046601884556424065,Vmag_get_voltage_magnitude_series__angle_get_voltage_angle_series,true,true
1.45,-0.00046984347702479093,Vmag_get_voltage_magnitude_series__angle_get_voltage_angle_series,true,true
1.46,-0.00047289931721827876,Vmag_get_voltage_magnitude_series__angle_get_voltage_angle_series,true,true
1.47,-0.0004752104243319866,Vmag_get_voltage_magnitude_series__angle_get_voltage_angle_series,true,true
1.48,-0.0004768041134274138,Vmag_get_voltage_magnitude_series__angle_get_voltage_angle_series,true,true
1.49,-0.0004777105322862807,Vmag_get_voltage_magnitude_series__angle_get_voltage_angle_series,true,true
1.5,-0.00047796225695366366,Vmag_get_voltage_magnitude_series__angle_get_voltage_angle_series,true,true
1.51,-0.0004775939191387196,Vmag_get_voltage_magnitude_series__angle_get_voltage_angle_series,true,true
1.52,-0.00047664180992226666,Vmag_get_voltage_magnitude_series__angle_get_voltage_angle_series,true,true
1.53,-0.00047514351583122883,Vmag_get_voltage_magnitude_series__angle_get_voltage_angle_series,true,true
1.54,-0.00047313754796807,Vmag_get_voltage_magnitude_series__angle_get_voltage_angle_series,true,true
1.55,-0.0004706630147553502,Vmag_get_voltage_magnitude_series__angle_get_voltage_angle_series,true,true
1.56,-0.0004677593044953307,Vmag_get_voltage_magnitude_series__angle_get_voltage_angle_series,true,true
1.57,-0.0004644657782528248,Vmag_get_voltage_magnitude_series__angle_get_voltage_angle_series,true,true
1.58,-0.00046082148066031015,Vmag_get_voltage_magnitude_series__angle_get_voltage_angle_series,true,true
1.59,-0.0004568648659186639,Vmag_get_voltage_magnitude_series__angle_get_voltage_angle_series,true,true
1.6,-0.00045263359653892424,Vmag_get_voltage_magnitude_series__angle_get_voltage_angle_series,true,true
1.61,-0.0004481642898085426,Vmag_get_voltage_magnitude_series__angle_get_voltage_angle_series,true,true
1.62,-0.00044349232503782015,Vmag_get_voltage_magnitude_series__angle_get_voltage_angle_series,true,true
1.63,-0.00043865167135770036,Vmag_get_voltage_magnitude_series__angle_get_voltage_angle_series,true,true
1.64,-0.00043367473808974286,Vmag_get_voltage_magnitude_series__angle_get_voltage_angle_series,true,true
1.65,-0.0004285922416704175,Vmag_get_voltage_magnitude_series__angle_get_voltage_angle_series,true,true
1.66,-0.0004234330959733241,Vmag_get_voltage_magnitude_series__angle_get_voltage_angle_series,true,true
1.67,-0.00041822431827677497,Vmag_get_voltage_magnitude_series__angle_get_voltage_angle_series,true,true
1.68,-0.00041299096162722464,Vmag_get_voltage_magnitude_series__angle_get_voltage_angle_series,true,true
1.69,-0.00040775607888574923,Vmag_get_voltage_magnitude_series__angle_get_voltage_angle_series,true,true
1.7,-0.0004025406737330374,Vmag_get_voltage_magnitude_series__angle_get_voltage_angle_series,true,true
1.71,-0.0003973637044154875,Vmag_get_voltage_magnitude_series__angle_get_voltage_angle_series,true,true
1.72,-0.0003922420776709276,Vmag_get_voltage_magnitude_series__angle_get_voltage_angle_series,true,true
1.73,-0.00038719067403329666,Vmag_get_voltage_magnitude_series__angle_get_voltage_angle_series,true,true
1.74,-0.00038222238770829644,Vmag_get_voltage_magnitude_series__angle_get_voltage_angle_series,true,true
1.75,-0.0003773481634857717,Vmag_get_voltage_magnitude_series__angle_get_voltage_angle_series,true,true
1.76,-0.00037257707002267187,Vmag_get_voltage_magnitude_series__angle_get_voltage_angle_series,true,true
1.77,-0.00036791636583412155,Vmag_get_voltage_magnitude_series__angle_get_voltage_angle_series,true,true
1.78,-0.000363371582082845,Vmag_get_voltage_magnitude_series__angle_get_voltage_angle_series,true,true
1.79,-0.0003589466139756626,Vmag_get_voltage_magnitude_series__angle_get_voltage_angle_series,true,true
1.8,-0.0003546438161960617,Vmag_get_voltage_magnitude_series__angle_get_voltage_angle_series,true,true
1.81,-0.00035046411013270486,Vmag_get_voltage_magnitude_series__angle_get_voltage_angle_series,true,true
1.82,-0.0003464070914292514,Vmag_get_voltage_magnitude_series__angle_get_voltage_angle_series,true,true
1.83,-0.0003424711417468125,Vmag_get_voltage_magnitude_series__angle_get_voltage_angle_series,true,true
1.84,-0.00033865354267504787,Vmag_get_voltage_magnitude_series__angle_get_voltage_angle_series,true,true
1.85,-0.0003349505947199191,Vmag_get_voltage_magnitude_series__angle_get_voltage_angle_series,true,true
1.86,-0.00033135773281387046,Vmag_get_voltage_magnitude_series__angle_get_voltage_angle_series,true,true
1.87,-0.00032786964413812847,Vmag_get_voltage_magnitude_series__angle_get_voltage_angle_series,true,true
1.88,-0.00032448038048309716,Vmag_get_voltage_magnitude_series__angle_get_voltage_angle_series,true,true
1.89,-0.000321183471816708,Vmag_get_voltage_magnitude_series__angle_get_voltage_angle_series,true,true
1.9,-0.0003179720365677785,Vmag_get_voltage_magnitude_series__angle_get_voltage_angle_series,true,true
1.91,-0.0003148388890912221,Vmag_get_voltage_magnitude_series__angle_get_voltage_angle_series,true,true
1.92,-0.00031177663794049307,Vmag_get_voltage_magnitude_series__angle_get_voltage_angle_series,true,true
1.93,-0.0003087777800775731,Vmag_get_voltage_magnitude_series__angle_get_voltage_angle_series,true,true
1.94,-0.0003058347993328114,Vmag_get_voltage_magnitude_series__angle_get_voltage_angle_series,true,true
1.95,-0.0003029402444759466,Vmag_get_voltage_magnitude_series__angle_get_voltage_angle_series,true,true
1.96,-0.00030008681037314996,Vmag_get_voltage_magnitude_series__angle_get_voltage_angle_series,true,true
1.97,-0.0002972674086858688,Vmag_get_voltage_magnitude_series__angle_get_voltage_angle_series,true,true
1.98,-0.0002944752349348103,Vmag_get_voltage_magnitude_series__angle_get_voltage_angle_series,true,true
1.99,-0.000291703827257293,Vmag_get_voltage_magnitude_series__angle_get_voltage_angle_series,true,true
2.0,-0.0002889471145529241,Vmag_get_voltage_magnitude_series__angle_get_voltage_angle_series,true,true
2.01,-0.0002861994626937025,Vmag_get_voltage_magnitude_series__angle_get_voltage_angle_series,true,true
2.02,-0.000283455711911112,Vmag_get_voltage_magnitude_series__angle_get_voltage_angle_series,true,true
2.03,-0.0002807112091084542,Vmag_get_voltage_magnitude_series__angle_get_voltage_angle_series,true,true
2.04,-0.00027796182781553223,Vmag_get_voltage_magnitude_series__angle_get_voltage_angle_series,true,true
2.05,-0.00027520398720104787,Vmag_get_voltage_magnitude_series__angle_get_voltage_angle_series,true,true
2.06,-0.00027243466275609046,Vmag_get_voltage_magnitude_series__angle_get_voltage_angle_series,true,true
2.07,-0.00026965139210226595,Vmag_get_voltage_magnitude_series__angle_get_voltage_angle_series,true,true
2.08,-0.0002668522740349075,Vmag_get_voltage_magnitude_series__angle_get_voltage_angle_series,true,true
2.09,-0.000264035959762304,Vmag_get_voltage_magnitude_series__angle_get_voltage_angle_series,true,true
2.1,-0.0002612016434484091,Vmag_get_voltage_magnitude_series__angle_get_voltage_angle_series,true,true
2.11,-0.0002583490471325393,Vmag_get_voltage_magnitude_series__angle_get_voltage_angle_series,true,true
2.12,-0.0002554783996931521,Vmag_get_voltage_magnitude_series__angle_get_voltage_angle_series,true,true
2.13,-0.00025259041236547127,Vmag_get_voltage_magnitude_series__angle_get_voltage_angle_series,true,true
2.14,-0.0002496862512311521,Vmag_get_voltage_magnitude_series__angle_get_voltage_angle_series,true,true
2.15,-0.00024676750768845974,Vmag_get_voltage_magnitude_series__angle_get_voltage_angle_series,true,true
2.16,-0.00024383616631279255,Vmag_get_voltage_magnitude_series__angle_get_voltage_angle_series,true,true
2.17,-0.0002408945684937198,Vmag_get_voltage_magnitude_series__angle_get_voltage_angle_series,true,true
2.18,-0.00023794537511037255,Vmag_get_voltage_magnitude_series__angle_get_voltage_angle_series,true,true
2.19,-0.00023499153039462686,Vmag_get_voltage_magnitude_series__angle_get_voltage_angle_series,true,true
2.2,-0.00023203622312819902,Vmag_get_voltage_magnitude_series__angle_get_voltage_angle_series,true,true
2.21,-0.0002290828469745299,Vmag_get_voltage_magnitude_series__angle_get_voltage_angle_series,true,true
2.22,-0.00022613495972309664,Vmag_get_voltage_magnitude_series__angle_get_voltage_angle_series,true,true
2.23,-0.00022319624558832666,Vmag_get_voltage_magnitude_series__angle_get_voltage_angle_series,true,true
2.24,-0.00022027047739832433,Vmag_get_voltage_magnitude_series__angle_get_voltage_angle_series,true,true
2.25,-0.00021736147865185235,Vmag_get_voltage_magnitude_series__angle_get_voltage_angle_series,true,true
2.26,-0.00021447308559516265,Vmag_get_voltage_magnitude_series__angle_get_voltage_angle_series,true,true
2.27,-0.00021160911197614274,Vmag_get_voltage_magnitude_series__angle_get_voltage_angle_series,true,true
2.28,-0.00020877331990039192,Vmag_get_voltage_magnitude_series__angle_get_voltage_angle_series,true,true
2.29,-0.00020596938406916603,Vmag_get_voltage_magnitude_series__angle_get_voltage_angle_series,true,true
2.3,-0.00020320086415018121,Vmag_get_voltage_magnitude_series__angle_get_voltage_angle_series,true,true
2.31,-0.0002004711769896709,Vmag_get_voltage_magnitude_series__angle_get_voltage_angle_series,true,true
2.32,-0.00019778357209166198,Vmag_get_voltage_magnitude_series__angle_get_voltage_angle_series,true,true
2.33,-0.00019514111044461926,Vmag_get_voltage_magnitude_series__angle_get_voltage_angle_series,true,true
2.34,-0.00019254664290918987,Vmag_get_voltage_magnitude_series__angle_get_voltage_angle_series,true,true
2.35,-0.00019000279396786033,Vmag_get_voltage_magnitude_series__angle_get_voltage_angle_series,true,true
2.36,-0.00018751194655445628,Vmag_get_voltage_magnitude_series__angle_get_voltage_angle_series,true,true
2.37,-0.00018507623086215145,Vmag_get_voltage_magnitude_series__angle_get_voltage_angle_series,true,true
2.38,-0.0001826975149793018,Vmag_get_voltage_magnitude_series__angle_get_voltage_angle_series,true,true
2.39,-0.0001803773963844435,Vmag_get_voltage_magnitude_series__angle_get_voltage_angle_series,true,true
2.4,-0.00017811719859124955,Vmag_get_voltage_magnitude_series__angle_get_voltage_angle_series,true,true
2.41,-0.00017591797041515228,Vmag_get_voltage_magnitude_series__angle_get_voltage_angle_series,true,true
2.42,-0.00017378048474427448,Vmag_get_voltage_magnitude_series__angle_get_voltage_angle_series,true,true
2.43,-0.0001717052412189913,Vmag_get_voltage_magnitude_series__angle_get_voltage_angle_series,true,true
2.44,-0.00016969247125176785,Vmag_get_voltage_magnitude_series__angle_get_voltage_angle_series,true,true
2.45,-0.00016774214492402075,Vmag_get_voltage_magnitude_series__angle_get_voltage_angle_series,true,true
2.46,-0.000165853979016439,Vmag_get_voltage_magnitude_series__angle_get_voltage_angle_series,true,true
2.47,-0.00016402744709661556,Vmag_get_voltage_magnitude_series__angle_get_voltage_angle_series,true,true
2.48,-0.00016226179100598502,Vmag_get_voltage_magnitude_series__angle_get_voltage_angle_series,true,true
2.49,-0.00016055603427193562,Vmag_get_voltage_magnitude_series__angle_get_voltage_angle_series,true,true
2.5,-0.00015890899594195554,Vmag_get_voltage_magnitude_series__angle_get_voltage_angle_series,true,true
2.51,-0.0001573193056050549,Vmag_get_voltage_magnitude_series__angle_get_voltage_angle_series,true,true
2.52,-0.00015578541919913,Vmag_get_voltage_magnitude_series__angle_get_voltage_angle_series,true,true
2.53,-0.00015430563608412917,Vmag_get_voltage_magnitude_series__angle_get_voltage_angle_series,true,true
2.54,-0.0001528781160937363,Vmag_get_voltage_magnitude_series__angle_get_voltage_angle_series,true,true
2.55,-0.0001515008966126268,Vmag_get_voltage_magnitude_series__angle_get_voltage_angle_series,true,true
2.56,-0.000150171910235476,Vmag_get_voltage_magnitude_series__angle_get_voltage_angle_series,true,true
2.57,-0.00014888900306823504,Vmag_get_voltage_magnitude_series__angle_get_voltage_angle_series,true,true
2.58,-0.00014764995167629102,Vmag_get_voltage_magnitude_series__angle_get_voltage_angle_series,true,true
2.59,-0.00014645248091572758,Vmag_get_voltage_magnitude_series__angle_get_voltage_angle_series,true,true
2.6,-0.0001452942804319002,Vmag_get_voltage_magnitude_series__angle_get_voltage_angle_series,true,true
2.61,-0.0001441730208408118,Vmag_get_voltage_magnitude_series__angle_get_voltage_angle_series,true,true
2.62,-0.0001430863712579724,Vmag_get_voltage_magnitude_series__angle_get_voltage_angle_series,true,true
2.63,-0.00014203201205035268,Vmag_get_voltage_magnitude_series__angle_get_voltage_angle_series,true,true
2.64,-0.00014100765100519754,Vmag_get_voltage_magnitude_series__angle_get_voltage_angle_series,true,true
2.65,-0.00014001103597935713,Vmag_get_voltage_magnitude_series__angle_get_voltage_angle_series,true,true
2.66,-0.0001390399677409972,Vmag_get_voltage_magnitude_series__angle_get_voltage_angle_series,true,true
2.67,-0.00013809231180330565,Vmag_get_voltage_magnitude_series__angle_get_voltage_angle_series,true,true
2.68,-0.00013716600828062278,Vmag_get_voltage_magnitude_series__angle_get_voltage_angle_series,true,true
2.69,-0.00013625908204813251,Vmag_get_voltage_magnitude_series__angle_get_voltage_angle_series,true,true
2.7,-0.0001353696500415114,Vmag_get_voltage_magnitude_series__angle_get_voltage_angle_series,true,true
2.71,-0.00013449593002620375,Vmag_get_voltage_magnitude_series__angle_get_voltage_angle_series,true,true
2.72,-0.00013363624556184795,Vmag_get_voltage_magnitude_series__angle_get_voltage_angle_series,true,true
2.73,-0.0001327890311293195,Vmag_get_voltage_magnitude_series__angle_get_voltage_angle_series,true,true
2.74,-0.00013195283633240382,Vmag_get_voltage_magnitude_series__angle_get_voltage_angle_series,true,true
2.75,-0.00013112632874931013,Vmag_get_voltage_magnitude_series__angle_get_voltage_angle_series,true,true
2.76,-0.000130308295604215,Vmag_get_voltage_magnitude_series__angle_get_voltage_angle_series,true,true
2.77,-0.0001294976441681739,Vmag_get_voltage_magnitude_series__angle_get_voltage_angle_series,true,true
2.78,-0.00012869340224730164,Vmag_get_voltage_magnitude_series__angle_get_voltage_angle_series,true,true
2.79,-0.000127894716280611,Vmag_get_voltage_magnitude_series__angle_get_voltage_angle_series,true,true
2.8,-0.0001271008499614382,Vmag_get_voltage_magnitude_series__angle_get_voltage_angle_series,true,true
2.81,-0.00012631118129349697,Vmag_get_voltage_magnitude_series__angle_get_voltage_angle_series,true,true
2.82,-0.00012552519857567704,Vmag_get_voltage_magnitude_series__angle_get_voltage_angle_series,true,true
2.83,-0.00012474249676914365,Vmag_get_voltage_magnitude_series__angle_get_voltage_angle_series,true,true
2.84,-0.00012396277239900796,Vmag_get_voltage_magnitude_series__angle_get_voltage_angle_series,true,true
2.85,-0.00012318581810000695,Vmag_get_voltage_magnitude_series__angle_get_voltage_angle_series,true,true
2.86,-0.00012241151686461394,Vmag_get_voltage_magnitude_series__angle_get_voltage_angle_series,true,true
2.87,-0.00012163983569650678,Vmag_get_voltage_magnitude_series__angle_get_voltage_angle_series,true,true
2.88,-0.00012087081914487555,Vmag_get_voltage_magnitude_series__angle_get_voltage_angle_series,true,true
2.89,-0.00012010458249925044,Vmag_get_voltage_magnitude_series__angle_get_voltage_angle_series,true,true
2.9,-0.0001193413044580471,Vmag_get_voltage_magnitude_series__angle_get_voltage_angle_series,true,true
2.91,-0.00011858122016386969,Vmag_get_voltage_magnitude_series__angle_get_voltage_angle_series,true,true
2.92,-0.00011782461422097858,Vmag_get_voltage_magnitude_series__angle_get_voltage_angle_series,true,true
2.93,-0.00011707181332656359,Vmag_get_voltage_magnitude_series__angle_get_voltage_angle_series,true,true
2.94,-0.00011632317887479481,Vmag_get_voltage_magnitude_series__angle_get_voltage_angle_series,true,true
2.95,-0.0001155791002008495,Vmag_get_voltage_magnitude_series__angle_get_voltage_angle_series,true,true
2.96,-0.00011483998789329901,Vmag_get_voltage_magnitude_series__angle_get_voltage_angle_series,true,true
2.97,-0.00011410626712626358,Vmag_get_voltage_magnitude_series__angle_get_voltage_angle_series,true,true
2.98,-0.00011337837098571406,Vmag_get_voltage_magnitude_series__angle_get_voltage_angle_series,true,true
2.99,-0.00011265673454593734,Vmag_get_voltage_magnitude_series__angle_get_voltage_angle_series,true,true
3.0,-0.00011194178960469932,Vmag_get_voltage_magnitude_series__angle_get_voltage_angle_series,true,true
3.01,-0.00011123395903385501,Vmag_get_voltage_magnitude_series__angle_get_voltage_angle_series,true,true
3.02,-0.00011053365175533942,Vmag_get_voltage_magnitude_series__angle_get_voltage_angle_series,true,true
3.03,-0.00010984125838472148,Vmag_get_voltage_magnitude_series__angle_get_voltage_angle_series,true,true
3.04,-0.00010915714718208322,Vmag_get_voltage_magnitude_series__angle_get_voltage_angle_series,true,true
3.05,-0.00010848166038035411,Vmag_get_voltage_magnitude_series__angle_get_voltage_angle_series,true,true
3.06,-0.00010781511106378426,Vmag_get_voltage_magnitude_series__angle_get_voltage_angle_series,true,true
3.07,-0.0001071577803976317,Vmag_get_voltage_magnitude_series__angle_get_voltage_angle_series,true,true
3.08,-0.00010650991548611948,Vmag_get_voltage_magnitude_series__angle_get_voltage_angle_series,true,true
3.09,-0.00010587172755319707,Vmag_get_voltage_magnitude_series__angle_get_voltage_angle_series,true,true
3.1,-0.00010524339054541545,Vmag_get_voltage_magnitude_series__angle_get_voltage_angle_series,true,true
3.11,-0.00010462504026011831,Vmag_get_voltage_magnitude_series__angle_get_voltage_angle_series,true,true
3.12,-0.00010401677385717719,Vmag_get_voltage_magnitude_series__angle_get_voltage_angle_series,true,true
3.13,-0.00010341864980032243,Vmag_get_voltage_magnitude_series__angle_get_voltage_angle_series,true,true
3.14,-0.00010283068818798151,Vmag_get_voltage_magnitude_series__angle_get_voltage_angle_series,true,true
3.15,-0.00010225287130106897,Vmag_get_voltage_magnitude_series__angle_get_voltage_angle_series,true,true
3.16,-0.00010168514465972009,Vmag_get_voltage_magnitude_series__angle_get_voltage_angle_series,true,true
3.17,-0.0001011274183685938,Vmag_get_voltage_magnitude_series__angle_get_voltage_angle_series,true,true
3.18,-0.00010057956871592964,Vmag_get_voltage_magnitude_series__angle_get_voltage_angle_series,true,true
3.19,-0.00010004143990333328,Vmag_get_voltage_magnitude_series__angle_get_voltage_angle_series,true,true
3.2,-9.951284617810101e-5,Vmag_get_voltage_magnitude_series__angle_get_voltage_angle_series,true,true
3.21,-9.899357411927105e-5,Vmag_get_voltage_magnitude_series__angle_get_voltage_angle_series,true,true
3.22,-9.848338503339289e-5,Vmag_get_voltage_magnitude_series__angle_get_voltage_angle_series,true,true
3.23,-9.798201753925255e-5,Vmag_get_voltage_magnitude_series__angle_get_voltage_angle_series,true,true
3.24,-9.74891901364742e-5,Vmag_get_voltage_magnitude_series__angle_get_voltage_angle_series,true,true
3.25,-9.700460405222917e-5,Vmag_get_voltage_magnitude_series__angle_get_voltage_angle_series,true,true
3.26,-9.652794592945651e-5,Vmag_get_voltage_magnitude_series__angle_get_voltage_angle_series,true,true
3.27,-9.605889075274638e-5,Vmag_get_voltage_magnitude_series__angle_get_voltage_angle_series,true,true
3.28,-9.559710445336391e-5,Vmag_get_voltage_magnitude_series__angle_get_voltage_angle_series,true,true
3.29,-9.514224676085371e-5,Vmag_get_voltage_magnitude_series__angle_get_voltage_angle_series,true,true
3.3,-9.469397407462021e-5,Vmag_get_voltage_magnitude_series__angle_get_voltage_angle_series,true,true
3.31,-9.425194169752193e-5,Vmag_get_voltage_magnitude_series__angle_get_voltage_angle_series,true,true
3.32,-9.381580668680253e-5,Vmag_get_voltage_magnitude_series__angle_get_voltage_angle_series,true,true
3.33,-9.338523009433878e-5,Vmag_get_voltage_magnitude_series__angle_get_voltage_angle_series,true,true
3.34,-9.295987929860555e-5,Vmag_get_voltage_magnitude_series__angle_get_voltage_angle_series,true,true
3.35,-9.253943020859049e-5,Vmag_get_voltage_magnitude_series__angle_get_voltage_angle_series,true,true
3.36,-9.212356896765455e-5,Vmag_get_voltage_magnitude_series__angle_get_voltage_angle_series,true,true
3.37,-9.171199394411212e-5,Vmag_get_voltage_magnitude_series__angle_get_voltage_angle_series,true,true
3.38,-9.130441732418628e-5,Vmag_get_voltage_magnitude_series__angle_get_voltage_angle_series,true,true
3.39,-9.090056650151379e-5,Vmag_get_voltage_magnitude_series__angle_get_voltage_angle_series,true,true
3.4,-9.050018528851663e-5,Vmag_get_voltage_magnitude_series__angle_get_voltage_angle_series,true,true
3.41,-9.010303491258933e-5,Vmag_get_voltage_magnitude_series__angle_get_voltage_angle_series,true,true
3.42,-8.970889495447305e-5,Vmag_get_voltage_magnitude_series__angle_get_voltage_angle_series,true,true
3.43,-8.931756397986624e-5,Vmag_get_voltage_magnitude_series__angle_get_voltage_angle_series,true,true
3.44,-8.892885993138935e-5,Vmag_get_voltage_magnitude_series__angle_get_voltage_angle_series,true,true
3.45,-8.854262041853432e-5,Vmag_get_voltage_magnitude_series__angle_get_voltage_angle_series,true,true
3.46,-8.815870282406969e-5,Vmag_get_voltage_magnitude_series__angle_get_voltage_angle_series,true,true
3.47,-8.777698421845264e-5,Vmag_get_voltage_magnitude_series__angle_get_voltage_angle_series,true,true
3.48,-8.739736110151944e-5,Vmag_get_voltage_magnitude_series__angle_get_voltage_angle_series,true,true
3.49,-8.701974900811874e-5,Vmag_get_voltage_magnitude_series__angle_get_voltage_angle_series,true,true
3.5,-8.664408190640328e-5,Vmag_get_voltage_magnitude_series__angle_get_voltage_angle_series,true,true
3.51,-8.627031154837438e-5,Vmag_get_voltage_magnitude_series__angle_get_voltage_angle_series,true,true
3.52,-8.589840668373516e-5,Vmag_get_voltage_magnitude_series__angle_get_voltage_angle_series,true,true
3.53,-8.552835208353514e-5,Vmag_get_voltage_magnitude_series__angle_get_voltage_angle_series,true,true
3.54,-8.51601475197793e-5,Vmag_get_voltage_magnitude_series__angle_get_voltage_angle_series,true,true
3.55,-8.479380671512547e-5,Vmag_get_voltage_magnitude_series__angle_get_voltage_angle_series,true,true
3.56,-8.44293561407615e-5,Vmag_get_voltage_magnitude_series__angle_get_voltage_angle_series,true,true
3.57,-8.406683374741372e-5,Vmag_get_voltage_magnitude_series__angle_get_voltage_angle_series,true,true
3.58,-8.370628773594659e-5,Vmag_get_voltage_magnitude_series__angle_get_voltage_angle_series,true,true
3.59,-8.334777522608519e-5,Vmag_get_voltage_magnitude_series__angle_get_voltage_angle_series,true,true
3.6,-8.299136090672259e-5,Vmag_get_voltage_magnitude_series__angle_get_voltage_angle_series,true,true
3.61,-8.263711575629873e-5,Vmag_get_voltage_magnitude_series__angle_get_voltage_angle_series,true,true
3.62,-8.22851156761558e-5,Vmag_get_voltage_magnitude_series__angle_get_voltage_angle_series,true,true
3.63,-8.193544016980751e-5,Vmag_get_voltage_magnitude_series__angle_get_voltage_angle_series,true,true
3.64,-8.158817110393069e-5,Vmag_get_voltage_magnitude_series__angle_get_voltage_angle_series,true,true
3.65,-8.124339138481836e-5,Vmag_get_voltage_magnitude_series__angle_get_voltage_angle_series,true,true
3.66,-8.090118386050865e-5,Vmag_get_voltage_magnitude_series__angle_get_voltage_angle_series,true,true
3.67,-8.056163010253836e-5,Vmag_get_voltage_magnitude_series__angle_get_voltage_angle_series,true,true
3.68,-8.022480932974496e-5,Vmag_get_voltage_magnitude_series__angle_get_voltage_angle_series,true,true
3.69,-7.989079745048334e-5,Vmag_get_voltage_magnitude_series__angle_get_voltage_angle_series,true,true
3.7,-7.955966606801232e-5,Vmag_get_voltage_magnitude_series__angle_get_voltage_angle_series,true,true
3.71,-7.923148165172819e-5,Vmag_get_voltage_magnitude_series__angle_get_voltage_angle_series,true,true
3.72,-7.890630474961848e-5,Vmag_get_voltage_magnitude_series__angle_get_voltage_angle_series,true,true
3.73,-7.858418935623721e-5,Vmag_get_voltage_magnitude_series__angle_get_voltage_angle_series,true,true
3.74,-7.826518224487125e-5,Vmag_get_voltage_magnitude_series__angle_get_voltage_angle_series,true,true
3.75,-7.794932251191094e-5,Vmag_get_voltage_magnitude_series__angle_get_voltage_angle_series,true,true
3.76,-7.763664116063615e-5,Vmag_get_voltage_magnitude_series__angle_get_voltage_angle_series,true,true
3.77,-7.732716077100243e-5,Vmag_get_voltage_magnitude_series__angle_get_voltage_angle_series,true,true
3.78,-7.702089528424613e-5,Vmag_get_voltage_magnitude_series__angle_get_voltage_angle_series,true,true
3.79,-7.67178498274656e-5,Vmag_get_voltage_magnitude_series__angle_get_voltage_angle_series,true,true
3.8,-7.641802068507171e-5,Vmag_get_voltage_magnitude_series__angle_get_voltage_angle_series,true,true
3.81,-7.61213953365017e-5,Vmag_get_voltage_magnitude_series__angle_get_voltage_angle_series,true,true
3.82,-7.582795251256923e-5,Vmag_get_voltage_magnitude_series__angle_get_voltage_angle_series,true,true
3.83,-7.553766240752882e-5,Vmag_get_voltage_magnitude_series__angle_get_voltage_angle_series,true,true
3.84,-7.52504869352873e-5,Vmag_get_voltage_magnitude_series__angle_get_voltage_angle_series,true,true
3.85,-7.496638000256707e-5,Vmag_get_voltage_magnitude_series__angle_get_voltage_angle_series,true,true
3.86,-7.468528792632622e-5,Vmag_get_voltage_magnitude_series__angle_get_voltage_angle_series,true,true
3.87,-7.440714981467973e-5,Vmag_get_voltage_magnitude_series__angle_get_voltage_angle_series,true,true
3.88,-7.4131898054971e-5,Vmag_get_voltage_magnitude_series__angle_get_voltage_angle_series,true,true
3.89,-7.385945885283724e-5,Vmag_get_voltage_magnitude_series__angle_get_voltage_angle_series,true,true
3.9,-7.358975273057916e-5,Vmag_get_voltage_magnitude_series__angle_get_voltage_angle_series,true,true
3.91,-7.332269512762878e-5,Vmag_get_voltage_magnitude_series__angle_get_voltage_angle_series,true,true
3.92,-7.305819700739476e-5,Vmag_get_voltage_magnitude_series__angle_get_voltage_angle_series,true,true
3.93,-7.279616547087211e-5,Vmag_get_voltage_magnitude_series__angle_get_voltage_angle_series,true,true
3.94,-7.253650433234457e-5,Vmag_get_voltage_magnitude_series__angle_get_voltage_angle_series,true,true
3.95,-7.22791148359758e-5,Vmag_get_voltage_magnitude_series__angle_get_voltage_angle_series,true,true
3.96,-7.202389622571399e-5,Vmag_get_voltage_magnitude_series__angle_get_voltage_angle_series,true,true
3.97,-7.177074636594169e-5,Vmag_get_voltage_magnitude_series__angle_get_voltage_angle_series,true,true
3.98,-7.151956236800652e-5,Vmag_get_voltage_magnitude_series__angle_get_voltage_angle_series,true,true
3.99,-7.127024117561434e-5,Vmag_get_voltage_magnitude_series__angle_get_voltage_angle_series,true,true
4.0,-7.102268021554692e-5,Vmag_get_voltage_magnitude_series__angle_get_voltage_angle_series,true,true
4.01,-7.07767777846784e-5,Vmag_get_voltage_magnitude_series__angle_get_voltage_angle_series,true,true
4.02,-7.05324336975502e-5,Vmag_get_voltage_magnitude_series__angle_get_voltage_angle_series,true,true
4.03,-7.02895497725991e-5,Vmag_get_voltage_magnitude_series__angle_get_voltage_angle_series,true,true
4.04,-7.004803023277695e-5,Vmag_get_voltage_magnitude_series__angle_get_voltage_angle_series,true,true
4.05,-6.980778214988984e-5,Vmag_get_voltage_magnitude_series__angle_get_voltage_angle_series,true,true
4.06,-6.956871580609483e-5,Vmag_get_voltage_magnitude_series__angle_get_voltage_angle_series,true,true
4.07,-6.933074508788011e-5,Vmag_get_voltage_magnitude_series__angle_get_voltage_angle_series,true,true
4.08,-6.909378775369407e-5,Vmag_get_voltage_magnitude_series__angle_get_voltage_angle_series,true,true
4.09,-6.885776567411592e-5,Vmag_get_voltage_magnitude_series__angle_get_voltage_angle_series,true,true
4.1,-6.862260503708549e-5,Vmag_get_voltage_magnitude_series__angle_get_voltage_angle_series,true,true
4.11,-6.838823656444053e-5,Vmag_get_voltage_magnitude_series__angle_get_voltage_angle_series,true,true
4.12,-6.81545956339636e-5,Vmag_get_voltage_magnitude_series__angle_get_voltage_angle_series,true,true
4.13,-6.792162232120997e-5,Vmag_get_voltage_magnitude_series__angle_get_voltage_angle_series,true,true
4.14,-6.76892614951295e-5,Vmag_get_voltage_magnitude_series__angle_get_voltage_angle_series,true,true
4.15,-6.745746281033612e-5,Vmag_get_voltage_magnitude_series__angle_get_voltage_angle_series,true,true
4.16,-6.722618069329125e-5,Vmag_get_voltage_magnitude_series__angle_get_voltage_angle_series,true,true
4.17,-6.699537426665531e-5,Vmag_get_voltage_magnitude_series__angle_get_voltage_angle_series,true,true
4.18,-6.67650072618068e-5,Vmag_get_voltage_magnitude_series__angle_get_voltage_angle_series,true,true
4.19,-6.653504787359139e-5,Vmag_get_voltage_magnitude_series__angle_get_voltage_angle_series,true,true
4.2,-6.63054686211331e-5,Vmag_get_voltage_magnitude_series__angle_get_voltage_angle_series,true,true
4.21,-6.607624618256708e-5,Vmag_get_voltage_magnitude_series__angle_get_voltage_angle_series,true,true
4.22,-6.584736117754789e-5,Vmag_get_voltage_magnitude_series__angle_get_voltage_angle_series,true,true
4.23,-6.561879793812231e-5,Vmag_get_voltage_magnitude_series__angle_get_voltage_angle_series,true,true
4.24,-6.539054426956884e-5,Vmag_get_voltage_magnitude_series__angle_get_voltage_angle_series,true,true
4.25,-6.516259120291068e-5,Vmag_get_voltage_magnitude_series__angle_get_voltage_angle_series,true,true
4.26,-6.493493273397031e-5,Vmag_get_voltage_magnitude_series__angle_get_voltage_angle_series,true,true
4.27,-6.470756552664118e-5,Vmag_get_voltage_magnitude_series__angle_get_voltage_angle_series,true,true
4.28,-6.448048863744732e-5,Vmag_get_voltage_magnitude_series__angle_get_voltage_angle_series,true,true
4.29,-6.425370326818006e-5,Vmag_get_voltage_magnitude_series__angle_get_voltage_angle_series,true,true
4.3,-6.40272124102116e-5,Vmag_get_voltage_magnitude_series__angle_get_voltage_angle_series,true,true
4.31,-6.380102059701961e-5,Vmag_get_voltage_magnitude_series__angle_get_voltage_angle_series,true,true
4.32,-6.35751336618906e-5,Vmag_get_voltage_magnitude_series__angle_get_voltage_angle_series,true,true
4.33,-6.334955839340377e-5,Vmag_get_voltage_magnitude_series__angle_get_voltage_angle_series,true,true
4.34,-6.312430230566913e-5,Vmag_get_voltage_magnitude_series__angle_get_voltage_angle_series,true,true
4.35,-6.289937340253049e-5,Vmag_get_voltage_magnitude_series__angle_get_voltage_angle_series,true,true
4.36,-6.267477988145899e-5,Vmag_get_voltage_magnitude_series__angle_get_voltage_angle_series,true,true
4.37,-6.245052995775558e-5,Vmag_get_voltage_magnitude_series__angle_get_voltage_angle_series,true,true
4.38,-6.222663161775435e-5,Vmag_get_voltage_magnitude_series__angle_get_voltage_angle_series,true,true
4.39,-6.200309241643229e-5,Vmag_get_voltage_magnitude_series__angle_get_voltage_angle_series,true,true
4.4,-6.17799193119209e-5,Vmag_get_voltage_magnitude_series__angle_get_voltage_angle_series,true,true
4.41,-6.155711848675464e-5,Vmag_get_voltage_magnitude_series__angle_get_voltage_angle_series,true,true
4.42,-6.133469520910821e-5,Vmag_get_voltage_magnitude_series__angle_get_voltage_angle_series,true,true
4.43,-6.111265372071514e-5,Vmag_get_voltage_magnitude_series__angle_get_voltage_angle_series,true,true
4.44,-6.0890997111357255e-5,Vmag_get_voltage_magnitude_series__angle_get_voltage_angle_series,true,true
4.45,-6.066972718622015e-5,Vmag_get_voltage_magnitude_series__angle_get_voltage_angle_series,true,true
4.46,-6.0448844474673045e-5,Vmag_get_voltage_magnitude_series__angle_get_voltage_angle_series,true,true
4.47,-6.022834812978286e-5,Vmag_get_voltage_magnitude_series__angle_get_voltage_angle_series,true,true
4.48,-6.000823587759639e-5,Vmag_get_voltage_magnitude_series__angle_get_voltage_angle_series,true,true
4.49,-5.9788504058736364e-5,Vmag_get_voltage_magnitude_series__angle_get_voltage_angle_series,true,true
4.5,-5.9569147586684334e-5,Vmag_get_voltage_magnitude_series__angle_get_voltage_angle_series,true,true
4.51,-5.9350159924353965e-5,Vmag_get_voltage_magnitude_series__angle_get_voltage_angle_series,true,true
4.52,-5.913153321977586e-5,Vmag_get_voltage_magnitude_series__angle_get_voltage_angle_series,true,true
4.53,-5.891325826105292e-5,Vmag_get_voltage_magnitude_series__angle_get_voltage_angle_series,true,true
4.54,-5.8695324524110675e-5,Vmag_get_voltage_magnitude_series__angle_get_voltage_angle_series,true,true
4.55,-5.84777203217859e-5,Vmag_get_voltage_magnitude_series__angle_get_voltage_angle_series,true,true
4.56,-5.826043281573652e-5,Vmag_get_voltage_magnitude_series__angle_get_voltage_angle_series,true,true
4.57,-5.8043448152029226e-5,Vmag_get_voltage_magnitude_series__angle_get_voltage_angle_series,true,true
4.58,-5.782675150662871e-5,Vmag_get_voltage_magnitude_series__angle_get_voltage_angle_series,true,true
4.59,-5.761032720124505e-5,Vmag_get_voltage_magnitude_series__angle_get_voltage_angle_series,true,true
4.6,-5.7394158856076886e-5,Vmag_get_voltage_magnitude_series__angle_get_voltage_angle_series,true,true
4.61,-5.717822943578028e-5,Vmag_get_voltage_magnitude_series__angle_get_voltage_angle_series,true,true
4.62,-5.6962521414477365e-5,Vmag_get_voltage_magnitude_series__angle_get_voltage_angle_series,true,true
4.63,-5.674701689646294e-5,Vmag_get_voltage_magnitude_series__angle_get_voltage_angle_series,true,true
4.64,-5.65316976657451e-5,Vmag_get_voltage_magnitude_series__angle_get_voltage_angle_series,true,true
4.65,-5.6316545396315154e-5,Vmag_get_voltage_magnitude_series__angle_get_voltage_angle_series,true,true
4.66,-5.610154170724509e-5,Vmag_get_voltage_magnitude_series__angle_get_voltage_angle_series,true,true
4.67,-5.588666828466414e-5,Vmag_get_voltage_magnitude_series__angle_get_voltage_angle_series,true,true
4.68,-5.567190701070272e-5,Vmag_get_voltage_magnitude_series__angle_get_voltage_angle_series,true,true
4.69,-5.5457240034695904e-5,Vmag_get_voltage_magnitude_series__angle_get_voltage_angle_series,true,true
4.7,-5.524264991999805e-5,Vmag_get_voltage_magnitude_series__angle_get_voltage_angle_series,true,true
4.71,-5.502811969812417e-5,Vmag_get_voltage_magnitude_series__angle_get_voltage_angle_series,true,true
4.72,-5.4813632972320966e-5,Vmag_get_voltage_magnitude_series__angle_get_voltage_angle_series,true,true
4.73,-5.4599174005943155e-5,Vmag_get_voltage_magnitude_series__angle_get_voltage_angle_series,true,true
4.74,-5.4384727772912904e-5,Vmag_get_voltage_magnitude_series__angle_get_voltage_angle_series,true,true
4.75,-5.417028004062971e-5,Vmag_get_voltage_magnitude_series__angle_get_voltage_angle_series,true,true
4.76,-5.3955817424013203e-5,Vmag_get_voltage_magnitude_series__angle_get_voltage_angle_series,true,true
4.77,-5.3741327432454054e-5,Vmag_get_voltage_magnitude_series__angle_get_voltage_angle_series,true,true
4.78,-5.35267985302895e-5,Vmag_get_voltage_magnitude_series__angle_get_voltage_angle_series,true,true
4.79,-5.331222012298696e-5,Vmag_get_voltage_magnitude_series__angle_get_voltage_angle_series,true,true
4.8,-5.3097582613300753e-5,Vmag_get_voltage_magnitude_series__angle_get_voltage_angle_series,true,true
4.81,-5.2882877443633816e-5,Vmag_get_voltage_magnitude_series__angle_get_voltage_angle_series,true,true
4.82,-5.266809705517626e-5,Vmag_get_voltage_magnitude_series__angle_get_voltage_angle_series,true,true
4.83,-5.245323490007152e-5,Vmag_get_voltage_magnitude_series__angle_get_voltage_angle_series,true,true
4.84,-5.223828545718124e-5,Vmag_get_voltage_magnitude_series__angle_get_voltage_angle_series,true,true
4.85,-5.202324419857724e-5,Vmag_get_voltage_magnitude_series__angle_get_voltage_angle_series,true,true
4.86,-5.18081075767861e-5,Vmag_get_voltage_magnitude_series__angle_get_voltage_angle_series,true,true
4.87,-5.159287300401795e-5,Vmag_get_voltage_magnitude_series__angle_get_voltage_angle_series,true,true
4.88,-5.1377538804734336e-5,Vmag_get_voltage_magnitude_series__angle_get_voltage_angle_series,true,true
4.89,-5.116210418989817e-5,Vmag_get_voltage_magnitude_series__angle_get_voltage_angle_series,true,true
4.9,-5.0946569217189195e-5,Vmag_get_voltage_magnitude_series__angle_get_voltage_angle_series,true,true
4.91,-5.073093473014458e-5,Vmag_get_voltage_magnitude_series__angle_get_voltage_angle_series,true,true
4.92,-5.051520232226742e-5,Vmag_get_voltage_magnitude_series__angle_get_voltage_angle_series,true,true
4.93,-5.029937429330306e-5,Vmag_get_voltage_magnitude_series__angle_get_voltage_angle_series,true,true
4.94,-5.0083453575550716e-5,Vmag_get_voltage_magnitude_series__angle_get_voltage_angle_series,true,true
4.95,-4.986744368656026e-5,Vmag_get_voltage_magnitude_series__angle_get_voltage_angle_series,true,true
4.96,-4.965134866996632e-5,Vmag_get_voltage_magnitude_series__angle_get_voltage_angle_series,true,true
4.97,-4.9435173030643616e-5,Vmag_get_voltage_magnitude_series__angle_get_voltage_angle_series,true,true
4.98,-4.9218921714690387e-5,Vmag_get_voltage_magnitude_series__angle_get_voltage_angle_series,true,true
4.99,-4.90025999994254e-5,Vmag_get_voltage_magnitude_series__angle_get_voltage_angle_series,true,true
5.0,-4.878621346445382e-5,Vmag_get_voltage_magnitude_series__angle_get_voltage_angle_series,true,true
5.01,-4.8569767935217724e-5,Vmag_get_voltage_magnitude_series__angle_get_voltage_angle_series,true,true
5.02,-4.83532694139628e-5,Vmag_get_voltage_magnitude_series__angle_get_voltage_angle_series,true,true
5.03,-4.813672405843495e-5,Vmag_get_voltage_magnitude_series__angle_get_voltage_angle_series,true,true
5.04,-4.7920138079302165e-5,Vmag_get_voltage_magnitude_series__angle_get_voltage_angle_series,true,true
5.05,-4.770351777154604e-5,Vmag_get_voltage_magnitude_series__angle_get_voltage_angle_series,true,true
5.06,-4.7486869390864874e-5,Vmag_get_voltage_magnitude_series__angle_get_voltage_angle_series,true,true
5.07,-4.727019914127714e-5,Vmag_get_voltage_magnitude_series__angle_get_voltage_angle_series,true,true
5.08,-4.705351319297607e-5,Vmag_get_voltage_magnitude_series__angle_get_voltage_angle_series,true,true
5.09,-4.6836817564715475e-5,Vmag_get_voltage_magnitude_series__angle_get_voltage_angle_series,true,true
5.1,-4.662011813679432e-5,Vmag_get_voltage_magnitude_series__angle_get_voltage_angle_series,true,true
5.11,-4.640342063161994e-5,Vmag_get_voltage_magnitude_series__angle_get_voltage_angle_series,true,true
5.12,-4.618673054873579e-5,Vmag_get_voltage_magnitude_series__angle_get_voltage_angle_series,true,true
5.13,-4.5970053202314545e-5,Vmag_get_voltage_magnitude_series__angle_get_voltage_angle_series,true,true
5.14,-4.5753393681326546e-5,Vmag_get_voltage_magnitude_series__angle_get_voltage_angle_series,true,true
5.15,-4.553675680478555e-5,Vmag_get_voltage_magnitude_series__angle_get_voltage_angle_series,true,true
5.16,-4.5320147183336265e-5,Vmag_get_voltage_magnitude_series__angle_get_voltage_angle_series,true,true
5.17,-4.510356916318052e-5,Vmag_get_voltage_magnitude_series__angle_get_voltage_angle_series,true,true
5.18,-4.488702683503072e-5,Vmag_get_voltage_magnitude_series__angle_get_voltage_angle_series,true,true
5.19,-4.467052404371764e-5,Vmag_get_voltage_magnitude_series__angle_get_voltage_angle_series,true,true
5.2,-4.445406438829288e-5,Vmag_get_voltage_magnitude_series__angle_get_voltage_angle_series,true,true
5.21,-4.423765123787649e-5,Vmag_get_voltage_magnitude_series__angle_get_voltage_angle_series,true,true
5.22,-4.4021287734453455e-5,Vmag_get_voltage_magnitude_series__angle_get_voltage_angle_series,true,true
5.23,-4.3804976806401935e-5,Vmag_get_voltage_magnitude_series__angle_get_voltage_angle_series,true,true
5.24,-4.3588721181931024e-5,Vmag_get_voltage_magnitude_series__angle_get_voltage_angle_series,true,true
5.25,-4.337252343996419e-5,Vmag_get_voltage_magnitude_series__angle_get_voltage_angle_series,true,true
5.26,-4.315638595250145e-5,Vmag_get_voltage_magnitude_series__angle_get_voltage_angle_series,true,true
5.27,-4.294031095804949e-5,Vmag_get_voltage_magnitude_series__angle_get_voltage_angle_series,true,true
5.28,-4.272430060492224e-5,Vmag_get_voltage_magnitude_series__angle_get_voltage_angle_series,true,true
5.29,-4.250835692146869e-5,Vmag_get_voltage_magnitude_series__angle_get_voltage_angle_series,true,true
5.3,-4.2292481860081825e-5,Vmag_get_voltage_magnitude_series__angle_get_voltage_angle_series,true,true
5.31,-4.207667730761469e-5,Vmag_get_voltage_magnitude_series__angle_get_voltage_angle_series,true,true
5.32,-4.1860945130714274e-5,Vmag_get_voltage_magnitude_series__angle_get_voltage_angle_series,true,true
5.33,-4.1645287173991826e-5,Vmag_get_voltage_magnitude_series__angle_get_voltage_angle_series,true,true
5.34,-4.14297052933746e-5,Vmag_get_voltage_magnitude_series__angle_get_voltage_angle_series,true,true
5.35,-4.1214201396091084e-5,Vmag_get_voltage_magnitude_series__angle_get_voltage_angle_series,true,true
5.36,-4.0998777408534014e-5,Vmag_get_voltage_magnitude_series__angle_get_voltage_angle_series,true,true
5.37,-4.0783435345496413e-5,Vmag_get_voltage_magnitude_series__angle_get_voltage_angle_series,true,true
5.38,-4.056817733695236e-5,Vmag_get_voltage_magnitude_series__angle_get_voltage_angle_series,true,true
5.39,-4.0353005574668505e-5,Vmag_get_voltage_magnitude_series__angle_get_voltage_angle_series,true,true
5.4,-4.013792239619047e-5,Vmag_get_voltage_magnitude_series__angle_get_voltage_angle_series,true,true
5.41,-3.9922930286933975e-5,Vmag_get_voltage_magnitude_series__angle_get_voltage_angle_series,true,true
5.42,-3.970803187021806e-5,Vmag_get_voltage_magnitude_series__angle_get_voltage_angle_series,true,true
5.43,-3.9493229945400235e-5,Vmag_get_voltage_magnitude_series__angle_get_voltage_angle_series,true,true
5.44,-3.927852745841757e-5,Vmag_get_voltage_magnitude_series__angle_get_voltage_angle_series,true,true
5.45,-3.906392756315445e-5,Vmag_get_voltage_magnitude_series__angle_get_voltage_angle_series,true,true
5.46,-3.884943359976958e-5,Vmag_get_voltage_magnitude_series__angle_get_voltage_angle_series,true,true
5.47,-3.863504908470856e-5,Vmag_get_voltage_magnitude_series__angle_get_voltage_angle_series,true,true
5.48,-3.8420777746429747e-5,Vmag_get_voltage_magnitude_series__angle_get_voltage_angle_series,true,true
5.49,-3.820662350286847e-5,Vmag_get_voltage_magnitude_series__angle_get_voltage_angle_series,true,true
5.5,-3.799259047007874e-5,Vmag_get_voltage_magnitude_series__angle_get_voltage_angle_series,true,true
5.51,-3.777868296828811e-5,Vmag_get_voltage_magnitude_series__angle_get_voltage_angle_series,true,true
5.52,-3.756490551965282e-5,Vmag_get_voltage_magnitude_series__angle_get_voltage_angle_series,true,true
5.53,-3.7351262810579975e-5,Vmag_get_voltage_magnitude_series__angle_get_voltage_angle_series,true,true
5.54,-3.713775973641809e-5,Vmag_get_voltage_magnitude_series__angle_get_voltage_angle_series,true,true
5.55,-3.6924401373295976e-5,Vmag_get_voltage_magnitude_series__angle_get_voltage_angle_series,true,true
5.56,-3.671119294891913e-5,Vmag_get_voltage_magnitude_series__angle_get_voltage_angle_series,true,true
5.57,-3.64981398761421e-5,Vmag_get_voltage_magnitude_series__angle_get_voltage_angle_series,true,true
5.58,-3.628524770795932e-5,Vmag_get_voltage_magnitude_series__angle_get_voltage_angle_series,true,true
5.59,-3.607252213883045e-5,Vmag_get_voltage_magnitude_series__angle_get_voltage_angle_series,true,true
5.6,-3.585996900634338e-5,Vmag_get_voltage_magnitude_series__angle_get_voltage_angle_series,true,true
5.61,-3.564759426084424e-5,Vmag_get_voltage_magnitude_series__angle_get_voltage_angle_series,true,true
5.62,-3.543540398089204e-5,Vmag_get_voltage_magnitude_series__angle_get_voltage_angle_series,true,true
5.63,-3.5223404315169484e-5,Vmag_get_voltage_magnitude_series__angle_get_voltage_angle_series,true,true
5.64,-3.501160151335612e-5,Vmag_get_voltage_magnitude_series__angle_get_voltage_angle_series,true,true
5.65,-3.4800001901942754e-5,Vmag_get_voltage_magnitude_series__angle_get_voltage_angle_series,true,true
5.66,-3.458861185559474e-5,Vmag_get_voltage_magnitude_series__angle_get_voltage_angle_series,true,true
5.67,-3.437743783445177e-5,Vmag_get_voltage_magnitude_series__angle_get_voltage_angle_series,true,true
5.68,-3.4166486302991275e-5,Vmag_get_voltage_magnitude_series__angle_get_voltage_angle_series,true,true
5.69,-3.395576375114915e-5,Vmag_get_voltage_magnitude_series__angle_get_voltage_angle_series,true,true
5.7,-3.374527670301058e-5,Vmag_get_voltage_magnitude_series__angle_get_voltage_angle_series,true,true
5.71,-3.3535031671669326e-5,Vmag_get_voltage_magnitude_series__angle_get_voltage_angle_series,true,true
5.72,-3.332503517237575e-5,Vmag_get_voltage_magnitude_series__angle_get_voltage_angle_series,true,true
5.73,-3.3115293702050755e-5,Vmag_get_voltage_magnitude_series__angle_get_voltage_angle_series,true,true
5.74,-3.290581374251015e-5,Vmag_get_voltage_magnitude_series__angle_get_voltage_angle_series,true,true
5.75,-3.269660172700262e-5,Vmag_get_voltage_magnitude_series__angle_get_voltage_angle_series,true,true
5.76,-3.248766406001273e-5,Vmag_get_voltage_magnitude_series__angle_get_voltage_angle_series,true,true
5.77,-3.227900709353743e-5,Vmag_get_voltage_magnitude_series__angle_get_voltage_angle_series,true,true
5.78,-3.2070637122703495e-5,Vmag_get_voltage_magnitude_series__angle_get_voltage_angle_series,true,true
5.79,-3.186256040867575e-5,Vmag_get_voltage_magnitude_series__angle_get_voltage_angle_series,true,true
5.8,-3.16547831298997e-5,Vmag_get_voltage_magnitude_series__angle_get_voltage_angle_series,true,true
5.81,-3.1447311386055286e-5,Vmag_get_voltage_magnitude_series__angle_get_voltage_angle_series,true,true
5.82,-3.124015121315891e-5,Vmag_get_voltage_magnitude_series__angle_get_voltage_angle_series,true,true
5.83,-3.103330859896365e-5,Vmag_get_voltage_magnitude_series__angle_get_voltage_angle_series,true,true
5.84,-3.082678943489212e-5,Vmag_get_voltage_magnitude_series__angle_get_voltage_angle_series,true,true
5.85,-3.062059954588727e-5,Vmag_get_voltage_magnitude_series__angle_get_voltage_angle_series,true,true
5.86,-3.0414744674592403e-5,Vmag_get_voltage_magnitude_series__angle_get_voltage_angle_series,true,true
5.87,-3.0209230487088354e-5,Vmag_get_voltage_magnitude_series__angle_get_voltage_angle_series,true,true
5.88,-3.0004062590673763e-5,Vmag_get_voltage_magnitude_series__angle_get_voltage_angle_series,true,true
5.89,-2.9799246491104167e-5,Vmag_get_voltage_magnitude_series__angle_get_voltage_angle_series,true,true
5.9,-2.9594787647009194e-5,Vmag_get_voltage_magnitude_series__angle_get_voltage_angle_series,true,true
5.91,-2.9390691442968492e-5,Vmag_get_voltage_magnitude_series__angle_get_voltage_angle_series,true,true
5.92,-2.9186963185950284e-5,Vmag_get_voltage_magnitude_series__angle_get_voltage_angle_series,true,true
5.93,-2.8983608136072994e-5,Vmag_get_voltage_magnitude_series__angle_get_voltage_angle_series,true,true
5.94,-2.8780631479244647e-5,Vmag_get_voltage_magnitude_series__angle_get_voltage_angle_series,true,true
5.95,-2.8578038361862223e-5,Vmag_get_voltage_magnitude_series__angle_get_voltage_angle_series,true,true
5.96,-2.837583386811714e-5,Vmag_get_voltage_magnitude_series__angle_get_voltage_angle_series,true,true
5.97,-2.8174023024417783e-5,Vmag_get_voltage_magnitude_series__angle_get_voltage_angle_series,true,true
5.98,-2.7972610825728403e-5,Vmag_get_voltage_magnitude_series__angle_get_voltage_angle_series,true,true
5.99,-2.7771602223968304e-5,Vmag_get_voltage_magnitude_series__angle_get_voltage_angle_series,true,true
6.0,-2.7571002115725944e-5,Vmag_get_voltage_magnitude_series__angle_get_voltage_angle_series,true,true
6.01,-2.7370815391906048e-5,Vmag_get_voltage_magnitude_series__angle_get_voltage_angle_series,true,true
6.02,-2.7171046900147622e-5,Vmag_get_voltage_magnitude_series__angle_get_voltage_angle_series,true,true
6.03,-2.697170146164389e-5,Vmag_get_voltage_magnitude_series__angle_get_voltage_angle_series,true,true
6.04,-2.6772783893140578e-5,Vmag_get_voltage_magnitude_series__angle_get_voltage_angle_series,true,true
6.05,-2.657429895900683e-5,Vmag_get_voltage_magnitude_series__angle_get_voltage_angle_series,true,true
6.06,-2.637625143523757e-5,Vmag_get_voltage_magnitude_series__angle_get_voltage_angle_series,true,true
6.07,-2.6178646086096233e-5,Vmag_get_voltage_magnitude_series__angle_get_voltage_angle_series,true,true
6.08,-2.5981487642768316e-5,Vmag_get_voltage_magnitude_series__angle_get_voltage_angle_series,true,true
6.09,-2.578478085330612e-5,Vmag_get_voltage_magnitude_series__angle_get_voltage_angle_series,true,true
6.1,-2.5588530446217122e-5,Vmag_get_voltage_magnitude_series__angle_get_voltage_angle_series,true,true
6.11,-2.539274115970181e-5,Vmag_get_voltage_magnitude_series__angle_get_voltage_angle_series,true,true
6.12,-2.5197417713184256e-5,Vmag_get_voltage_magnitude_series__angle_get_voltage_angle_series,true,true
6.13,-2.5002564836246415e-5,Vmag_get_voltage_magnitude_series__angle_get_voltage_angle_series,true,true
6.14,-2.4808187262116902e-5,Vmag_get_voltage_magnitude_series__angle_get_voltage_angle_series,true,true
6.15,-2.461428969638993e-5,Vmag_get_voltage_magnitude_series__angle_get_voltage_angle_series,true,true
6.16,-2.4420876874723653e-5,Vmag_get_voltage_magnitude_series__angle_get_voltage_angle_series,true,true
6.17,-2.422795351336496e-5,Vmag_get_voltage_magnitude_series__angle_get_voltage_angle_series,true,true
6.18,-2.403552435045686e-5,Vmag_get_voltage_magnitude_series__angle_get_voltage_angle_series,true,true
6.19,-2.3843594104072756e-5,Vmag_get_voltage_magnitude_series__angle_get_voltage_angle_series,true,true
6.2,-2.3652167498357862e-5,Vmag_get_voltage_magnitude_series__angle_get_voltage_angle_series,true,true
6.21,-2.346124925958119e-5,Vmag_get_voltage_magnitude_series__angle_get_voltage_angle_series,true,true
6.22,-2.327084408988364e-5,Vmag_get_voltage_magnitude_series__angle_get_voltage_angle_series,true,true
6.23,-2.3080956702617412e-5,Vmag_get_voltage_magnitude_series__angle_get_voltage_angle_series,true,true
6.24,-2.2891591789073032e-5,Vmag_get_voltage_magnitude_series__angle_get_voltage_angle_series,true,true
6.25,-2.270275404448708e-5,Vmag_get_voltage_magnitude_series__angle_get_voltage_angle_series,true,true
6.26,-2.25144481403831e-5,Vmag_get_voltage_magnitude_series__angle_get_voltage_angle_series,true,true
6.27,-2.232667875228592e-5,Vmag_get_voltage_magnitude_series__angle_get_voltage_angle_series,true,true
6.28,-2.2139450514254655e-5,Vmag_get_voltage_magnitude_series__angle_get_voltage_angle_series,true,true
6.29,-2.1952768045161473e-5,Vmag_get_voltage_magnitude_series__angle_get_voltage_angle_series,true,true
6.3,-2.1766635955317817e-5,Vmag_get_voltage_magnitude_series__angle_get_voltage_angle_series,true,true
6.31,-2.1581058810862734e-5,Vmag_get_voltage_magnitude_series__angle_get_voltage_angle_series,true,true
6.32,-2.1396041184949876e-5,Vmag_get_voltage_magnitude_series__angle_get_voltage_angle_series,true,true
6.33,-2.1211587584828294e-5,Vmag_get_voltage_magnitude_series__angle_get_voltage_angle_series,true,true
6.34,-2.102770248820355e-5,Vmag_get_voltage_magnitude_series__angle_get_voltage_angle_series,true,true
6.35,-2.0844390348183534e-5,Vmag_get_voltage_magnitude_series__angle_get_voltage_angle_series,true,true
6.36,-2.0661655584471107e-5,Vmag_get_voltage_magnitude_series__angle_get_voltage_angle_series,true,true
6.37,-2.047950258587278e-5,Vmag_get_voltage_magnitude_series__angle_get_voltage_angle_series,true,true
6.38,-2.029793567045906e-5,Vmag_get_voltage_magnitude_series__angle_get_voltage_angle_series,true,true
6.39,-2.0116959117014724e-5,Vmag_get_voltage_magnitude_series__angle_get_voltage_angle_series,true,true
6.4,-1.9936577184116545e-5,Vmag_get_voltage_magnitude_series__angle_get_voltage_angle_series,true,true
6.41,-1.975679405681676e-5,Vmag_get_voltage_magnitude_series__angle_get_voltage_angle_series,true,true
6.42,-1.957761387405886e-5,Vmag_get_voltage_magnitude_series__angle_get_voltage_angle_series,true,true
6.43,-1.9399040736107953e-5,Vmag_get_voltage_magnitude_series__angle_get_voltage_angle_series,true,true
6.44,-1.922107868307087e-5,Vmag_get_voltage_magnitude_series__angle_get_voltage_angle_series,true,true
6.45,-1.9043731693871196e-5,Vmag_get_voltage_magnitude_series__angle_get_voltage_angle_series,true,true
6.46,-1.8867003689562403e-5,Vmag_get_voltage_magnitude_series__angle_get_voltage_angle_series,true,true
6.47,-1.8690898555169973e-5,Vmag_get_voltage_magnitude_series__angle_get_voltage_angle_series,true,true
6.48,-1.851542011108841e-5,Vmag_get_voltage_magnitude_series__angle_get_voltage_angle_series,true,true
6.49,-1.834057209742359e-5,Vmag_get_voltage_magnitude_series__angle_get_voltage_angle_series,true,true
6.5,-1.8166358203700146e-5,Vmag_get_voltage_magnitude_series__angle_get_voltage_angle_series,true,true
6.51,-1.7992782091090725e-5,Vmag_get_voltage_magnitude_series__angle_get_voltage_angle_series,true,true
6.52,-1.7819847332776545e-5,Vmag_get_voltage_magnitude_series__angle_get_voltage_angle_series,true,true
6.53,-1.7647557444210833e-5,Vmag_get_voltage_magnitude_series__angle_get_voltage_angle_series,true,true
6.54,-1.747591588952009e-5,Vmag_get_voltage_magnitude_series__angle_get_voltage_angle_series,true,true
6.55,-1.7304926069577115e-5,Vmag_get_voltage_magnitude_series__angle_get_voltage_angle_series,true,true
6.56,-1.7134591319353643e-5,Vmag_get_voltage_magnitude_series__angle_get_voltage_angle_series,true,true
6.57,-1.69649149239611e-5,Vmag_get_voltage_magnitude_series__angle_get_voltage_angle_series,true,true
6.58,-1.679590012935982e-5,Vmag_get_voltage_magnitude_series__angle_get_voltage_angle_series,true,true
6.59,-1.6627550085236146e-5,Vmag_get_voltage_magnitude_series__angle_get_voltage_angle_series,true,true
6.6,-1.645986789119525e-5,Vmag_get_voltage_magnitude_series__angle_get_voltage_angle_series,true,true
6.61,-1.6292856632845993e-5,Vmag_get_voltage_magnitude_series__angle_get_voltage_angle_series,true,true
6.62,-1.612651928853485e-5,Vmag_get_voltage_magnitude_series__angle_get_voltage_angle_series,true,true
6.63,-1.596085879011336e-5,Vmag_get_voltage_magnitude_series__angle_get_voltage_angle_series,true,true
6.64,-1.579587805157151e-5,Vmag_get_voltage_magnitude_series__angle_get_voltage_angle_series,true,true
6.65,-1.5631579903742417e-5,Vmag_get_voltage_magnitude_series__angle_get_voltage_angle_series,true,true
6.66,-1.5467967127347475e-5,Vmag_get_voltage_magnitude_series__angle_get_voltage_angle_series,true,true
6.67,-1.5305042455536428e-5,Vmag_get_voltage_magnitude_series__angle_get_voltage_angle_series,true,true
6.68,-1.5142808587611833e-5,Vmag_get_voltage_magnitude_series__angle_get_voltage_angle_series,true,true
6.69,-1.498126814336369e-5,Vmag_get_voltage_magnitude_series__angle_get_voltage_angle_series,true,true
6.7,-1.4820423711465311e-5,Vmag_get_voltage_magnitude_series__angle_get_voltage_angle_series,true,true
6.71,-1.4660277842184618e-5,Vmag_get_voltage_magnitude_series__angle_get_voltage_angle_series,true,true
6.72,-1.4500833007767887e-5,Vmag_get_voltage_magnitude_series__angle_get_voltage_angle_series,true,true
6.73,-1.4342091664228588e-5,Vmag_get_voltage_magnitude_series__angle_get_voltage_angle_series,true,true
6.74,-1.4184056212250483e-5,Vmag_get_voltage_magnitude_series__angle_get_voltage_angle_series,true,true
6.75,-1.4026729004890587e-5,Vmag_get_voltage_magnitude_series__angle_get_voltage_angle_series,true,true
6.76,-1.3870112347306238e-5,Vmag_get_voltage_magnitude_series__angle_get_voltage_angle_series,true,true
6.77,-1.371420850912077e-5,Vmag_get_voltage_magnitude_series__angle_get_voltage_angle_series,true,true
6.78,-1.355901971225103e-5,Vmag_get_voltage_magnitude_series__angle_get_voltage_angle_series,true,true
6.79,-1.3404548130296901e-5,Vmag_get_voltage_magnitude_series__angle_get_voltage_angle_series,true,true
6.8,-1.325079591468708e-5,Vmag_get_voltage_magnitude_series__angle_get_voltage_angle_series,true,true
6.81,-1.3097765155007357e-5,Vmag_get_voltage_magnitude_series__angle_get_voltage_angle_series,true,true
6.82,-1.2945457887255642e-5,Vmag_get_voltage_magnitude_series__angle_get_voltage_angle_series,true,true
6.83,-1.2793876130338698e-5,Vmag_get_voltage_magnitude_series__angle_get_voltage_angle_series,true,true
6.84,-1.2643021867408531e-5,Vmag_get_voltage_magnitude_series__angle_get_voltage_angle_series,true,true
6.85,-1.2492897007847107e-5,Vmag_get_voltage_magnitude_series__angle_get_voltage_angle_series,true,true
6.86,-1.2343503451678052e-5,Vmag_get_voltage_magnitude_series__angle_get_voltage_angle_series,true,true
6.87,-1.2194843047598754e-5,Vmag_get_voltage_magnitude_series__angle_get_voltage_angle_series,true,true
6.88,-1.204691759193129e-5,Vmag_get_voltage_magnitude_series__angle_get_voltage_angle_series,true,true
6.89,-1.189972884864113e-5,Vmag_get_voltage_magnitude_series__angle_get_voltage_angle_series,true,true
6.9,-1.175327853489755e-5,Vmag_get_voltage_magnitude_series__angle_get_voltage_angle_series,true,true
6.91,-1.1607568332722525e-5,Vmag_get_voltage_magnitude_series__angle_get_voltage_angle_series,true,true
6.92,-1.1462599877394992e-5,Vmag_get_voltage_magnitude_series__angle_get_voltage_angle_series,true,true
6.93,-1.1318374763941062e-5,Vmag_get_voltage_magnitude_series__angle_get_voltage_angle_series,true,true
6.94,-1.1174894537774485e-5,Vmag_get_voltage_magnitude_series__angle_get_voltage_angle_series,true,true
6.95,-1.1032160707781312e-5,Vmag_get_voltage_magnitude_series__angle_get_voltage_angle_series,true,true
6.96,-1.0890174744580567e-5,Vmag_get_voltage_magnitude_series__angle_get_voltage_angle_series,true,true
6.97,-1.07489380549051e-5,Vmag_get_voltage_magnitude_series__angle_get_voltage_angle_series,true,true
6.98,-1.060845201981235e-5,Vmag_get_voltage_magnitude_series__angle_get_voltage_angle_series,true,true
6.99,-1.0468717979497486e-5,Vmag_get_voltage_magnitude_series__angle_get_voltage_angle_series,true,true
7.0,-1.0329737219737453e-5,Vmag_get_voltage_magnitude_series__angle_get_voltage_angle_series,true,true
7.01,-1.0191510970926989e-5,Vmag_get_voltage_magnitude_series__angle_get_voltage_angle_series,true,true
7.02,-1.0054040441510769e-5,Vmag_get_voltage_magnitude_series__angle_get_voltage_angle_series,true,true
7.03,-9.91732678518621e-6,Vmag_get_voltage_magnitude_series__angle_get_voltage_angle_series,true,true
7.04,-9.781371096428541e-6,Vmag_get_voltage_magnitude_series__angle_get_voltage_angle_series,true,true
7.05,-9.646174436360488e-6,Vmag_get_voltage_magnitude_series__angle_get_voltage_angle_series,true,true
7.06,-9.511737811633144e-6,Vmag_get_voltage_magnitude_series__angle_get_voltage_angle_series,true,true
7.07,-9.378062206811258e-6,Vmag_get_voltage_magnitude_series__angle_get_voltage_angle_series,true,true
7.08,-9.245148541273896e-6,Vmag_get_voltage_magnitude_series__angle_get_voltage_angle_series,true,true
7.09,-9.112997672720855e-6,Vmag_get_voltage_magnitude_series__angle_get_voltage_angle_series,true,true
7.1,-8.981610435633622e-6,Vmag_get_voltage_magnitude_series__angle_get_voltage_angle_series,true,true
7.11,-8.850987608945198e-6,Vmag_get_voltage_magnitude_series__angle_get_voltage_angle_series,true,true
7.12,-8.721129915734795e-6,Vmag_get_voltage_magnitude_series__angle_get_voltage_angle_series,true,true
7.13,-8.592038052852327e-6,Vmag_get_voltage_magnitude_series__angle_get_voltage_angle_series,true,true
7.14,-8.463712661847717e-6,Vmag_get_voltage_magnitude_series__angle_get_voltage_angle_series,true,true
7.15,-8.336154318010076e-6,Vmag_get_voltage_magnitude_series__angle_get_voltage_angle_series,true,true
7.16,-8.209363565153491e-6,Vmag_get_voltage_magnitude_series__angle_get_voltage_angle_series,true,true
7.17,-8.083340911503366e-6,Vmag_get_voltage_magnitude_series__angle_get_voltage_angle_series,true,true
7.18,-7.95808680048757e-6,Vmag_get_voltage_magnitude_series__angle_get_voltage_angle_series,true,true
7.19,-7.833601640995832e-6,Vmag_get_voltage_magnitude_series__angle_get_voltage_angle_series,true,true
7.2,-7.709885796969734e-6,Vmag_get_voltage_magnitude_series__angle_get_voltage_angle_series,true,true
7.21,-7.5869395609257415e-6,Vmag_get_voltage_magnitude_series__angle_get_voltage_angle_series,true,true
7.22,-7.464763201664918e-6,Vmag_get_voltage_magnitude_series__angle_get_voltage_angle_series,true,true
7.23,-7.3433569532568796e-6,Vmag_get_voltage_magnitude_series__angle_get_voltage_angle_series,true,true
7.24,-7.222720986269897e-6,Vmag_get_voltage_magnitude_series__angle_get_voltage_angle_series,true,true
7.25,-7.102855423728944e-6,Vmag_get_voltage_magnitude_series__angle_get_voltage_angle_series,true,true
7.26,-6.9837603477710695e-6,Vmag_get_voltage_magnitude_series__angle_get_voltage_angle_series,true,true
7.27,-6.865435805607326e-6,Vmag_get_voltage_magnitude_series__angle_get_voltage_angle_series,true,true
7.28,-6.747881796768975e-6,Vmag_get_voltage_magnitude_series__angle_get_voltage_angle_series,true,true
7.29,-6.631098263359968e-6,Vmag_get_voltage_magnitude_series__angle_get_voltage_angle_series,true,true
7.3,-6.515085120012739e-6,Vmag_get_voltage_magnitude_series__angle_get_voltage_angle_series,true,true
7.31,-6.39984225079719e-6,Vmag_get_voltage_magnitude_series__angle_get_voltage_angle_series,true,true
7.32,-6.28536946385908e-6,Vmag_get_voltage_magnitude_series__angle_get_voltage_angle_series,true,true
7.33,-6.1716665552784575e-6,Vmag_get_voltage_magnitude_series__angle_get_voltage_angle_series,true,true
7.34,-6.058733262382917e-6,Vmag_get_voltage_magnitude_series__angle_get_voltage_angle_series,true,true
7.35,-5.946569281528895e-6,Vmag_get_voltage_magnitude_series__angle_get_voltage_angle_series,true,true
7.36,-5.8351742883942154e-6,Vmag_get_voltage_magnitude_series__angle_get_voltage_angle_series,true,true
7.37,-5.7245478939959235e-6,Vmag_get_voltage_magnitude_series__angle_get_voltage_angle_series,true,true
7.38,-5.61468967285149e-6,Vmag_get_voltage_magnitude_series__angle_get_voltage_angle_series,true,true
7.39,-5.505599180456325e-6,Vmag_get_voltage_magnitude_series__angle_get_voltage_angle_series,true,true
7.4,-5.39727592426669e-6,Vmag_get_voltage_magnitude_series__angle_get_voltage_angle_series,true,true
7.41,-5.2897193603028095e-6,Vmag_get_voltage_magnitude_series__angle_get_voltage_angle_series,true,true
7.42,-5.182928922083118e-6,Vmag_get_voltage_magnitude_series__angle_get_voltage_angle_series,true,true
7.43,-5.076903991663409e-6,Vmag_get_voltage_magnitude_series__angle_get_voltage_angle_series,true,true
7.44,-4.9716439284329356e-6,Vmag_get_voltage_magnitude_series__angle_get_voltage_angle_series,true,true
7.45,-4.8671480522996385e-6,Vmag_get_voltage_magnitude_series__angle_get_voltage_angle_series,true,true
7.46,-4.763415631680288e-6,Vmag_get_voltage_magnitude_series__angle_get_voltage_angle_series,true,true
7.47,-4.660445915196463e-6,Vmag_get_voltage_magnitude_series__angle_get_voltage_angle_series,true,true
7.48,-4.558238108841879e-6,Vmag_get_voltage_magnitude_series__angle_get_voltage_angle_series,true,true
7.49,-4.456791379570721e-6,Vmag_get_voltage_magnitude_series__angle_get_voltage_angle_series,true,true
7.5,-4.356104867638901e-6,Vmag_get_voltage_magnitude_series__angle_get_voltage_angle_series,true,true
7.51,-4.256177673490784e-6,Vmag_get_voltage_magnitude_series__angle_get_voltage_angle_series,true,true
7.52,-4.157008857509713e-6,Vmag_get_voltage_magnitude_series__angle_get_voltage_angle_series,true,true
7.53,-4.058597461995706e-6,Vmag_get_voltage_magnitude_series__angle_get_voltage_angle_series,true,true
7.54,-3.960942494902826e-6,Vmag_get_voltage_magnitude_series__angle_get_voltage_angle_series,true,true
7.55,-3.864042900739347e-6,Vmag_get_voltage_magnitude_series__angle_get_voltage_angle_series,true,true
7.56,-3.767897616090139e-6,Vmag_get_voltage_magnitude_series__angle_get_voltage_angle_series,true,true
7.57,-3.67250553242732e-6,Vmag_get_voltage_magnitude_series__angle_get_voltage_angle_series,true,true
7.58,-3.5778655203226564e-6,Vmag_get_voltage_magnitude_series__angle_get_voltage_angle_series,true,true
7.59,-3.48397641180547e-6,Vmag_get_voltage_magnitude_series__angle_get_voltage_angle_series,true,true
7.6,-3.390836998761955e-6,Vmag_get_voltage_magnitude_series__angle_get_voltage_angle_series,true,true
7.61,-3.2984460566788645e-6,Vmag_get_voltage_magnitude_series__angle_get_voltage_angle_series,true,true
7.62,-3.206802312754525e-6,Vmag_get_voltage_magnitude_series__angle_get_voltage_angle_series,true,true
7.63,-3.1159044632925354e-6,Vmag_get_voltage_magnitude_series__angle_get_voltage_angle_series,true,true
7.64,-3.0257511924212366e-6,Vmag_get_voltage_magnitude_series__angle_get_voltage_angle_series,true,true
7.65,-2.936341136119164e-6,Vmag_get_voltage_magnitude_series__angle_get_voltage_angle_series,true,true
7.66,-2.8476728871289043e-6,Vmag_get_voltage_magnitude_series__angle_get_voltage_angle_series,true,true
7.67,-2.759745036039298e-6,Vmag_get_voltage_magnitude_series__angle_get_voltage_angle_series,true,true
7.68,-2.6725561211480444e-6,Vmag_get_voltage_magnitude_series__angle_get_voltage_angle_series,true,true
7.69,-2.5861046531716978e-6,Vmag_get_voltage_magnitude_series__angle_get_voltage_angle_series,true,true
7.7,-2.5003891134229956e-6,Vmag_get_voltage_magnitude_series__angle_get_voltage_angle_series,true,true
7.71,-2.415407949255413e-6,Vmag_get_voltage_magnitude_series__angle_get_voltage_angle_series,true,true
7.72,-2.3311595975036412e-6,Vmag_get_voltage_magnitude_series__angle_get_voltage_angle_series,true,true
7.73,-2.2476424387630736e-6,Vmag_get_voltage_magnitude_series__angle_get_voltage_angle_series,true,true
7.74,-2.1648548452909713e-6,Vmag_get_voltage_magnitude_series__angle_get_voltage_angle_series,true,true
7.75,-2.0827951506918347e-6,Vmag_get_voltage_magnitude_series__angle_get_voltage_angle_series,true,true
7.76,-2.0014616536450985e-6,Vmag_get_voltage_magnitude_series__angle_get_voltage_angle_series,true,true
7.77,-1.9208526240338455e-6,Vmag_get_voltage_magnitude_series__angle_get_voltage_angle_series,true,true
7.78,-1.8409663021445891e-6,Vmag_get_voltage_magnitude_series__angle_get_voltage_angle_series,true,true
7.79,-1.7618009290091e-6,Vmag_get_voltage_magnitude_series__angle_get_voltage_angle_series,true,true
7.8,-1.6833546780169948e-6,Vmag_get_voltage_magnitude_series__angle_get_voltage_angle_series,true,true
7.81,-1.6056257044741777e-6,Vmag_get_voltage_magnitude_series__angle_get_voltage_angle_series,true,true
7.82,-1.52861215416159e-6,Vmag_get_voltage_magnitude_series__angle_get_voltage_angle_series,true,true
7.83,-1.452312134483532e-6,Vmag_get_voltage_magnitude_series__angle_get_voltage_angle_series,true,true
7.84,-1.37672371791882e-6,Vmag_get_voltage_magnitude_series__angle_get_voltage_angle_series,true,true
7.85,-1.3018449511872335e-6,Vmag_get_voltage_magnitude_series__angle_get_voltage_angle_series,true,true
7.86,-1.2276738647745794e-6,Vmag_get_voltage_magnitude_series__angle_get_voltage_angle_series,true,true
7.87,-1.1542084646497595e-6,Vmag_get_voltage_magnitude_series__angle_get_voltage_angle_series,true,true
7.88,-1.0814467078032471e-6,Vmag_get_voltage_magnitude_series__angle_get_voltage_angle_series,true,true
7.89,-1.0093865502040987e-6,Vmag_get_voltage_magnitude_series__angle_get_voltage_angle_series,true,true
7.9,-9.38025925623832e-7,Vmag_get_voltage_magnitude_series__angle_get_voltage_angle_series,true,true
7.91,-8.673627205396775e-7,Vmag_get_voltage_magnitude_series__angle_get_voltage_angle_series,true,true
7.92,-7.973948041731815e-7,Vmag_get_voltage_magnitude_series__angle_get_voltage_angle_series,true,true
7.93,-7.281200300640776e-7,Vmag_get_voltage_magnitude_series__angle_get_voltage_angle_series,true,true
7.94,-6.595362238670873e-7,Vmag_get_voltage_magnitude_series__angle_get_voltage_angle_series,true,true
7.95,-5.916411867752969e-7,Vmag_get_voltage_magnitude_series__angle_get_voltage_angle_series,true,true
7.96,-5.244326907438348e-7,Vmag_get_voltage_magnitude_series__angle_get_voltage_angle_series,true,true
7.97,-4.57908491410986e-7,Vmag_get_voltage_magnitude_series__angle_get_voltage_angle_series,true,true
7.98,-3.9206632080939084e-7,Vmag_get_voltage_magnitude_series__angle_get_voltage_angle_series,true,true
7.99,-3.269038851572393e-7,Vmag_get_voltage_magnitude_series__angle_get_voltage_angle_series,true,true
8.0,-2.624188900929098e-7,Vmag_get_voltage_magnitude_series__angle_get_voltage_angle_series,true,true
8.01,-1.9860898269618005e-7,Vmag_get_voltage_magnitude_series__angle_get_voltage_angle_series,true,true
8.02,-1.3547180532567434e-7,Vmag_get_voltage_magnitude_series__angle_get_voltage_angle_series,true,true
8.03,-7.300499133948916e-8,Vmag_get_voltage_magnitude_series__angle_get_voltage_angle_series,true,true
8.04,-1.1206135111837834e-8,Vmag_get_voltage_magnitude_series__angle_get_voltage_angle_series,true,true
8.05,4.992717994382354e-8,Vmag_get_voltage_magnitude_series__angle_get_voltage_angle_series,true,true
8.06,1.1039738410811748e-7,Vmag_get_voltage_magnitude_series__angle_get_voltage_angle_series,true,true
8.07,1.7020694584485744e-7,Vmag_get_voltage_magnitude_series__angle_get_voltage_angle_series,true,true
8.08,2.2935833419766425e-7,Vmag_get_voltage_magnitude_series__angle_get_voltage_angle_series,true,true
8.09,2.878540410703911e-7,Vmag_get_voltage_magnitude_series__angle_get_voltage_angle_series,true,true
8.1,3.456965963016319e-7,Vmag_get_voltage_magnitude_series__angle_get_voltage_angle_series,true,true
8.11,4.028885152628741e-7,Vmag_get_voltage_magnitude_series__angle_get_voltage_angle_series,true,true
8.12,4.5943235827298666e-7,Vmag_get_voltage_magnitude_series__angle_get_voltage_angle_series,true,true
8.13,5.153306960871507e-7,Vmag_get_voltage_magnitude_series__angle_get_voltage_angle_series,true,true
8.14,5.705861117188737e-7,Vmag_get_voltage_magnitude_series__angle_get_voltage_angle_series,true,true
8.15,6.252012065139154e-7,Vmag_get_voltage_magnitude_series__angle_get_voltage_angle_series,true,true
8.16,6.791785956778865e-7,Vmag_get_voltage_magnitude_series__angle_get_voltage_angle_series,true,true
8.17,7.32520918850301e-7,Vmag_get_voltage_magnitude_series__angle_get_voltage_angle_series,true,true
8.18,7.852308414022432e-7,Vmag_get_voltage_magnitude_series__angle_get_voltage_angle_series,true,true
8.19,8.373110295330675e-7,Vmag_get_voltage_magnitude_series__angle_get_voltage_angle_series,true,true
8.2,8.887641513746776e-7,Vmag_get_voltage_magnitude_series__angle_get_voltage_angle_series,true,true
8.21,9.395929063125768e-7,Vmag_get_voltage_magnitude_series__angle_get_voltage_angle_series,true,true
8.22,9.89800038210198e-7,Vmag_get_voltage_magnitude_series__angle_get_voltage_angle_series,true,true
8.23,1.0393882625763648e-6,Vmag_get_voltage_magnitude_series__angle_get_voltage_angle_series,true,true
8.24,1.0883603102983591e-6,Vmag_get_voltage_magnitude_series__angle_get_voltage_angle_series,true,true
8.25,1.1367189553609988e-6,Vmag_get_voltage_magnitude_series__angle_get_voltage_angle_series,true,true
8.26,1.1844669591594067e-6,Vmag_get_voltage_magnitude_series__angle_get_voltage_angle_series,true,true
8.27,1.2316071133757583e-6,Vmag_get_voltage_magnitude_series__angle_get_voltage_angle_series,true,true
8.28,1.2781422220610528e-6,Vmag_get_voltage_magnitude_series__angle_get_voltage_angle_series,true,true
8.29,1.3240750870298445e-6,Vmag_get_voltage_magnitude_series__angle_get_voltage_angle_series,true,true
8.3,1.3694085365188314e-6,Vmag_get_voltage_magnitude_series__angle_get_voltage_angle_series,true,true
8.31,1.4141454324750595e-6,Vmag_get_voltage_magnitude_series__angle_get_voltage_angle_series,true,true
8.32,1.4582886036593191e-6,Vmag_get_voltage_magnitude_series__angle_get_voltage_angle_series,true,true
8.33,1.5018409078498097e-6,Vmag_get_voltage_magnitude_series__angle_get_voltage_angle_series,true,true
8.34,1.544805231758821e-6,Vmag_get_voltage_magnitude_series__angle_get_voltage_angle_series,true,true
8.35,1.5871844542576926e-6,Vmag_get_voltage_magnitude_series__angle_get_voltage_angle_series,true,true
8.36,1.628981469430313e-6,Vmag_get_voltage_magnitude_series__angle_get_voltage_angle_series,true,true
8.37,1.6701991884503817e-6,Vmag_get_voltage_magnitude_series__angle_get_voltage_angle_series,true,true
8.38,1.7108405474229498e-6,Vmag_get_voltage_magnitude_series__angle_get_voltage_angle_series,true,true
8.39,1.7509084666052307e-6,Vmag_get_voltage_magnitude_series__angle_get_voltage_angle_series,true,true
8.4,1.7904058827642918e-6,Vmag_get_voltage_magnitude_series__angle_get_voltage_angle_series,true,true
8.41,1.8293357603318575e-6,Vmag_get_voltage_magnitude_series__angle_get_voltage_angle_series,true,true
8.42,1.8677010379803216e-6,Vmag_get_voltage_magnitude_series__angle_get_voltage_angle_series,true,true
8.43,1.9055046899700551e-6,Vmag_get_voltage_magnitude_series__angle_get_voltage_angle_series,true,true
8.44,1.942749711903172e-6,Vmag_get_voltage_magnitude_series__angle_get_voltage_angle_series,true,true
8.45,1.979439078785309e-6,Vmag_get_voltage_magnitude_series__angle_get_voltage_angle_series,true,true
8.46,2.0155757862741467e-6,Vmag_get_voltage_magnitude_series__angle_get_voltage_angle_series,true,true
8.47,2.051162846067845e-6,Vmag_get_voltage_magnitude_series__angle_get_voltage_angle_series,true,true
8.48,2.08620329023962e-6,Vmag_get_voltage_magnitude_series__angle_get_voltage_angle_series,true,true
8.49,2.1207001127076175e-6,Vmag_get_voltage_magnitude_series__angle_get_voltage_angle_series,true,true
8.5,2.154656335081611e-6,Vmag_get_voltage_magnitude_series__angle_get_voltage_angle_series,true,true
8.51,2.1880750349623905e-6,Vmag_get_voltage_magnitude_series__angle_get_voltage_angle_series,true,true
8.52,2.220959238156295e-6,Vmag_get_voltage_magnitude_series__angle_get_voltage_angle_series,true,true
8.53,2.2533119769853834e-6,Vmag_get_voltage_magnitude_series__angle_get_voltage_angle_series,true,true
8.54,2.2851363286361078e-6,Vmag_get_voltage_magnitude_series__angle_get_voltage_angle_series,true,true
8.55,2.3164353636693695e-6,Vmag_get_voltage_magnitude_series__angle_get_voltage_angle_series,true,true
8.56,2.347212138785967e-6,Vmag_get_voltage_magnitude_series__angle_get_voltage_angle_series,true,true
8.57,2.3774697358932756e-6,Vmag_get_voltage_magnitude_series__angle_get_voltage_angle_series,true,true
8.58,2.407211246700481e-6,Vmag_get_voltage_magnitude_series__angle_get_voltage_angle_series,true,true
8.59,2.4364397612600215e-6,Vmag_get_voltage_magnitude_series__angle_get_voltage_angle_series,true,true
8.6,2.4651583552676674e-6,Vmag_get_voltage_magnitude_series__angle_get_voltage_angle_series,true,true
8.61,2.4933701368045235e-6,Vmag_get_voltage_magnitude_series__angle_get_voltage_angle_series,true,true
8.62,2.5210782174302012e-6,Vmag_get_voltage_magnitude_series__angle_get_voltage_angle_series,true,true
8.63,2.5482857013609948e-6,Vmag_get_voltage_magnitude_series__angle_get_voltage_angle_series,true,true
8.64,2.5749956979204193e-6,Vmag_get_voltage_magnitude_series__angle_get_voltage_angle_series,true,true
8.65,2.60121131966178e-6,Vmag_get_voltage_magnitude_series__angle_get_voltage_angle_series,true,true
8.66,2.6269357085150186e-6,Vmag_get_voltage_magnitude_series__angle_get_voltage_angle_series,true,true
8.67,2.652171968199021e-6,Vmag_get_voltage_magnitude_series__angle_get_voltage_angle_series,true,true
8.68,2.6769232238572437e-6,Vmag_get_voltage_magnitude_series__angle_get_voltage_angle_series,true,true
8.69,2.7011926281592956e-6,Vmag_get_voltage_magnitude_series__angle_get_voltage_angle_series,true,true
8.7,2.7249832993461445e-6,Vmag_get_voltage_magnitude_series__angle_get_voltage_angle_series,true,true
8.71,2.748298367973089e-6,Vmag_get_voltage_magnitude_series__angle_get_voltage_angle_series,true,true
8.72,2.771140985605386e-6,Vmag_get_voltage_magnitude_series__angle_get_voltage_angle_series,true,true
8.73,2.7935142832943213e-6,Vmag_get_voltage_magnitude_series__angle_get_voltage_angle_series,true,true
8.74,2.8154214030250747e-6,Vmag_get_voltage_magnitude_series__angle_get_voltage_angle_series,true,true
8.75,2.836865507903451e-6,Vmag_get_voltage_magnitude_series__angle_get_voltage_angle_series,true,true
8.76,2.8578497373467485e-6,Vmag_get_voltage_magnitude_series__angle_get_voltage_angle_series,true,true
8.77,2.8783772183206164e-6,Vmag_get_voltage_magnitude_series__angle_get_voltage_angle_series,true,true
8.78,2.898451108243408e-6,Vmag_get_voltage_magnitude_series__angle_get_voltage_angle_series,true,true
8.79,2.918074563925823e-6,Vmag_get_voltage_magnitude_series__angle_get_voltage_angle_series,true,true
8.8,2.937250731301395e-6,Vmag_get_voltage_magnitude_series__angle_get_voltage_angle_series,true,true
8.81,2.9559827611071118e-6,Vmag_get_voltage_magnitude_series__angle_get_voltage_angle_series,true,true
8.82,2.974273808358823e-6,Vmag_get_voltage_magnitude_series__angle_get_voltage_angle_series,true,true
8.83,2.9921270202322114e-6,Vmag_get_voltage_magnitude_series__angle_get_voltage_angle_series,true,true
8.84,3.0095455419148545e-6,Vmag_get_voltage_magnitude_series__angle_get_voltage_angle_series,true,true
8.85,3.02653252530331e-6,Vmag_get_voltage_magnitude_series__angle_get_voltage_angle_series,true,true
8.86,3.043091114756884e-6,Vmag_get_voltage_magnitude_series__angle_get_voltage_angle_series,true,true
8.87,3.05922447258045e-6,Vmag_get_voltage_magnitude_series__angle_get_voltage_angle_series,true,true
8.88,3.0749357404833945e-6,Vmag_get_voltage_magnitude_series__angle_get_voltage_angle_series,true,true
8.89,3.0902280512292557e-6,Vmag_get_voltage_magnitude_series__angle_get_voltage_angle_series,true,true
8.9,3.1051045735279147e-6,Vmag_get_voltage_magnitude_series__angle_get_voltage_angle_series,true,true
8.91,3.119568438817947e-6,Vmag_get_voltage_magnitude_series__angle_get_voltage_angle_series,true,true
8.92,3.1336227869307874e-6,Vmag_get_voltage_magnitude_series__angle_get_voltage_angle_series,true,true
8.93,3.1472707524797706e-6,Vmag_get_voltage_magnitude_series__angle_get_voltage_angle_series,true,true
8.94,3.1605154702438875e-6,Vmag_get_voltage_magnitude_series__angle_get_voltage_angle_series,true,true
8.95,3.1733600960122808e-6,Vmag_get_voltage_magnitude_series__angle_get_voltage_angle_series,true,true
8.96,3.1858077470328e-6,Vmag_get_voltage_magnitude_series__angle_get_voltage_angle_series,true,true
8.97,3.1978615499673973e-6,Vmag_get_voltage_magnitude_series__angle_get_voltage_angle_series,true,true
8.98,3.2095246464691328e-6,Vmag_get_voltage_magnitude_series__angle_get_voltage_angle_series,true,true
8.99,3.2208001438739507e-6,Vmag_get_voltage_magnitude_series__angle_get_voltage_angle_series,true,true
9.0,3.2316911544043043e-6,Vmag_get_voltage_magnitude_series__angle_get_voltage_angle_series,true,true
9.01,3.242200818968376e-6,Vmag_get_voltage_magnitude_series__angle_get_voltage_angle_series,true,true
9.02,3.2523322481044716e-6,Vmag_get_voltage_magnitude_series__angle_get_voltage_angle_series,true,true
9.03,3.2620885311748044e-6,Vmag_get_voltage_magnitude_series__angle_get_voltage_angle_series,true,true
9.04,3.2714727917212193e-6,Vmag_get_voltage_magnitude_series__angle_get_voltage_angle_series,true,true
9.05,3.2804881267542e-6,Vmag_get_voltage_magnitude_series__angle_get_voltage_angle_series,true,true
9.06,3.2891376154482496e-6,Vmag_get_voltage_magnitude_series__angle_get_voltage_angle_series,true,true
9.07,3.2974243700804542e-6,Vmag_get_voltage_magnitude_series__angle_get_voltage_angle_series,true,true
9.08,3.3053514759271915e-6,Vmag_get_voltage_magnitude_series__angle_get_voltage_angle_series,true,true
9.09,3.31292201682888e-6,Vmag_get_voltage_magnitude_series__angle_get_voltage_angle_series,true,true
9.1,3.3201390692267316e-6,Vmag_get_voltage_magnitude_series__angle_get_voltage_angle_series,true,true
9.11,3.327005712295248e-6,Vmag_get_voltage_magnitude_series__angle_get_voltage_angle_series,true,true
9.12,3.3335250036736276e-6,Vmag_get_voltage_magnitude_series__angle_get_voltage_angle_series,true,true
9.13,3.339700013067083e-6,Vmag_get_voltage_magnitude_series__angle_get_voltage_angle_series,true,true
9.14,3.3455337943878974e-6,Vmag_get_voltage_magnitude_series__angle_get_voltage_angle_series,true,true
9.15,3.3510293917741815e-6,Vmag_get_voltage_magnitude_series__angle_get_voltage_angle_series,true,true
9.16,3.3561898568193606e-6,Vmag_get_voltage_magnitude_series__angle_get_voltage_angle_series,true,true
9.17,3.3610182276709876e-6,Vmag_get_voltage_magnitude_series__angle_get_voltage_angle_series,true,true
9.18,3.365517543939894e-6,Vmag_get_voltage_magnitude_series__angle_get_voltage_angle_series,true,true
9.19,3.369690825358443e-6,Vmag_get_voltage_magnitude_series__angle_get_voltage_angle_series,true,true
9.2,3.373541097208104e-6,Vmag_get_voltage_magnitude_series__angle_get_voltage_angle_series,true,true
9.21,3.3770713684267273e-6,Vmag_get_voltage_magnitude_series__angle_get_voltage_angle_series,true,true
9.22,3.3802846419604173e-6,Vmag_get_voltage_magnitude_series__angle_get_voltage_angle_series,true,true
9.23,3.38318392878889e-6,Vmag_get_voltage_magnitude_series__angle_get_voltage_angle_series,true,true
9.24,3.3857722196277683e-6,Vmag_get_voltage_magnitude_series__angle_get_voltage_angle_series,true,true
9.25,3.3880524943420476e-6,Vmag_get_voltage_magnitude_series__angle_get_voltage_angle_series,true,true
9.26,3.3900277367448058e-6,Vmag_get_voltage_magnitude_series__angle_get_voltage_angle_series,true,true
9.27,3.3917009189981316e-6,Vmag_get_voltage_magnitude_series__angle_get_voltage_angle_series,true,true
9.28,3.3930750032420526e-6,Vmag_get_voltage_magnitude_series__angle_get_voltage_angle_series,true,true
9.29,3.394152945459492e-6,Vmag_get_voltage_magnitude_series__angle_get_voltage_angle_series,true,true
9.3,3.394937686366512e-6,Vmag_get_voltage_magnitude_series__angle_get_voltage_angle_series,true,true
9.31,3.3954321765901943e-6,Vmag_get_voltage_magnitude_series__angle_get_voltage_angle_series,true,true
9.32,3.395639337795197e-6,Vmag_get_voltage_magnitude_series__angle_get_voltage_angle_series,true,true
9.33,3.3955620953466867e-6,Vmag_get_voltage_magnitude_series__angle_get_voltage_angle_series,true,true
9.34,3.3952033682042434e-6,Vmag_get_voltage_magnitude_series__angle_get_voltage_angle_series,true,true
9.35,3.3945660609707775e-6,Vmag_get_voltage_magnitude_series__angle_get_voltage_angle_series,true,true
9.36,3.393653079795302e-6,Vmag_get_voltage_magnitude_series__angle_get_voltage_angle_series,true,true
9.37,3.3924673142887497e-6,Vmag_get_voltage_magnitude_series__angle_get_voltage_angle_series,true,true
9.38,3.3910116415560877e-6,Vmag_get_voltage_magnitude_series__angle_get_voltage_angle_series,true,true
9.39,3.3892889232130403e-6,Vmag_get_voltage_magnitude_series__angle_get_voltage_angle_series,true,true
9.4,3.3873020308691842e-6,Vmag_get_voltage_magnitude_series__angle_get_voltage_angle_series,true,true
9.41,3.3850538108175604e-6,Vmag_get_voltage_magnitude_series__angle_get_voltage_angle_series,true,true
9.42,3.3825471070593657e-6,Vmag_get_voltage_magnitude_series__angle_get_voltage_angle_series,true,true
9.43,3.379784769310854e-6,Vmag_get_voltage_magnitude_series__angle_get_voltage_angle_series,true,true
9.44,3.376769619375599e-6,Vmag_get_voltage_magnitude_series__angle_get_voltage_angle_series,true,true
9.45,3.373504456389904e-6,Vmag_get_voltage_magnitude_series__angle_get_voltage_angle_series,true,true
9.46,3.369992102489249e-6,Vmag_get_voltage_magnitude_series__angle_get_voltage_angle_series,true,true
9.47,3.3662353453801156e-6,Vmag_get_voltage_magnitude_series__angle_get_voltage_angle_series,true,true
9.48,3.3622369814376077e-6,Vmag_get_voltage_magnitude_series__angle_get_voltage_angle_series,true,true
9.49,3.3579997705938714e-6,Vmag_get_voltage_magnitude_series__angle_get_voltage_angle_series,true,true
9.5,3.353526473581414e-6,Vmag_get_voltage_magnitude_series__angle_get_voltage_angle_series,true,true
9.51,3.3488198713425166e-6,Vmag_get_voltage_magnitude_series__angle_get_voltage_angle_series,true,true
9.52,3.343882704510348e-6,Vmag_get_voltage_magnitude_series__angle_get_voltage_angle_series,true,true
9.53,3.3387177035579722e-6,Vmag_get_voltage_magnitude_series__angle_get_voltage_angle_series,true,true
9.54,3.3333275881906523e-6,Vmag_get_voltage_magnitude_series__angle_get_voltage_angle_series,true,true
9.55,3.327715075629733e-6,Vmag_get_voltage_magnitude_series__angle_get_voltage_angle_series,true,true
9.56,3.3218828725769442e-6,Vmag_get_voltage_magnitude_series__angle_get_voltage_angle_series,true,true
9.57,3.3158336676771507e-6,Vmag_get_voltage_magnitude_series__angle_get_voltage_angle_series,true,true
9.58,3.3095701370692357e-6,Vmag_get_voltage_magnitude_series__angle_get_voltage_angle_series,true,true
9.59,3.303094960177255e-6,Vmag_get_voltage_magnitude_series__angle_get_voltage_angle_series,true,true
9.6,3.2964107891751994e-6,Vmag_get_voltage_magnitude_series__angle_get_voltage_angle_series,true,true
9.61,3.289520276264671e-6,Vmag_get_voltage_magnitude_series__angle_get_voltage_angle_series,true,true
9.62,3.282426062106423e-6,Vmag_get_voltage_magnitude_series__angle_get_voltage_angle_series,true,true
9.63,3.275130766627741e-6,Vmag_get_voltage_magnitude_series__angle_get_voltage_angle_series,true,true
9.64,3.2676369985736853e-6,Vmag_get_voltage_magnitude_series__angle_get_voltage_angle_series,true,true
9.65,3.2599473797477877e-6,Vmag_get_voltage_magnitude_series__angle_get_voltage_angle_series,true,true
9.66,3.2520644960903828e-6,Vmag_get_voltage_magnitude_series__angle_get_voltage_angle_series,true,true
9.67,3.2439909139391374e-6,Vmag_get_voltage_magnitude_series__angle_get_voltage_angle_series,true,true
9.68,3.2357292200347583e-6,Vmag_get_voltage_magnitude_series__angle_get_voltage_angle_series,true,true
9.69,3.2272819599805667e-6,Vmag_get_voltage_magnitude_series__angle_get_voltage_angle_series,true,true
9.7,3.2186516850394406e-6,Vmag_get_voltage_magnitude_series__angle_get_voltage_angle_series,true,true
9.71,3.209840929136676e-6,Vmag_get_voltage_magnitude_series__angle_get_voltage_angle_series,true,true
9.72,3.200852206263309e-6,Vmag_get_voltage_magnitude_series__angle_get_voltage_angle_series,true,true
9.73,3.191688018869253e-6,Vmag_get_voltage_magnitude_series__angle_get_voltage_angle_series,true,true
9.74,3.1823508823538918e-6,Vmag_get_voltage_magnitude_series__angle_get_voltage_angle_series,true,true
9.75,3.17284328094578e-6,Vmag_get_voltage_magnitude_series__angle_get_voltage_angle_series,true,true
9.76,3.1631676678133708e-6,Vmag_get_voltage_magnitude_series__angle_get_voltage_angle_series,true,true
9.77,3.1533265339770287e-6,Vmag_get_voltage_magnitude_series__angle_get_voltage_angle_series,true,true
9.78,3.143322310932156e-6,Vmag_get_voltage_magnitude_series__angle_get_voltage_angle_series,true,true
9.79,3.1331574307812734e-6,Vmag_get_voltage_magnitude_series__angle_get_voltage_angle_series,true,true
9.8,3.1228343255725188e-6,Vmag_get_voltage_magnitude_series__angle_get_voltage_angle_series,true,true
9.81,3.1123553995788354e-6,Vmag_get_voltage_magnitude_series__angle_get_voltage_angle_series,true,true
9.82,3.101723055443685e-6,Vmag_get_voltage_magnitude_series__angle_get_voltage_angle_series,true,true
9.83,3.090939675242669e-6,Vmag_get_voltage_magnitude_series__angle_get_voltage_angle_series,true,true
9.84,3.0800076519842693e-6,Vmag_get_voltage_magnitude_series__angle_get_voltage_angle_series,true,true
9.85,3.0689293325423574e-6,Vmag_get_voltage_magnitude_series__angle_get_voltage_angle_series,true,true
9.86,3.057707051670464e-6,Vmag_get_voltage_magnitude_series__angle_get_voltage_angle_series,true,true
9.87,3.046343176590011e-6,Vmag_get_voltage_magnitude_series__angle_get_voltage_angle_series,true,true
9.88,3.0348400103323497e-6,Vmag_get_voltage_magnitude_series__angle_get_voltage_angle_series,true,true
9.89,3.023199855348499e-6,Vmag_get_voltage_magnitude_series__angle_get_voltage_angle_series,true,true
9.9,3.0114250280866953e-6,Vmag_get_voltage_magnitude_series__angle_get_voltage_angle_series,true,true
9.91,2.9995178092423526e-6,Vmag_get_voltage_magnitude_series__angle_get_voltage_angle_series,true,true
9.92,2.9874804613991223e-6,Vmag_get_voltage_magnitude_series__angle_get_voltage_angle_series,true,true
9.93,2.975315244462586e-6,Vmag_get_voltage_magnitude_series__angle_get_voltage_angle_series,true,true
9.94,2.9630244125956546e-6,Vmag_get_voltage_magnitude_series__angle_get_voltage_angle_series,true,true
9.95,2.950610194422672e-6,Vmag_get_voltage_magnitude_series__angle_get_voltage_angle_series,true,true
9.96,2.938074811611304e-6,Vmag_get_voltage_magnitude_series__angle_get_voltage_angle_series,true,true
9.97,2.9254204691252554e-6,Vmag_get_voltage_magnitude_series__angle_get_voltage_angle_series,true,true
9.98,2.9126493600006312e-6,Vmag_get_voltage_magnitude_series__angle_get_voltage_angle_series,true,true
9.99,2.899771561571199e-6,Vmag_get_voltage_magnitude_series__angle_get_voltage_angle_series,true,true
10.0,2.893308234536952e-6,Vmag_get_voltage_magnitude_series__angle_get_voltage_angle_series,true,true
