t_s,df_hz,frequency_source,frequency_is_derived_from_bus_voltage_angle,angle_is_exact_bus_voltage
0.0,1.3252311172764653e-15,Vmag_get_voltage_magnitude_series__angle_get_voltage_angle_series,true,true
0.01,-1.21479519083676e-15,Vmag_get_voltage_magnitude_series__angle_get_voltage_angle_series,true,true
0.02,2.2087185287941092e-16,Vmag_get_voltage_magnitude_series__angle_get_voltage_angle_series,true,true
0.03,-5.521796321985272e-16,Vmag_get_voltage_magnitude_series__angle_get_voltage_angle_series,true,true
0.04,-1.2147951908367596e-15,Vmag_get_voltage_magnitude_series__angle_get_voltage_angle_series,true,true
0.05,-3.975693351829397e-15,Vmag_get_voltage_magnitude_series__angle_get_voltage_angle_series,true,true
0.06,1.8774107494749923e-15,Vmag_get_voltage_magnitude_series__angle_get_voltage_angle_series,true,true
0.07,7.288771145020559e-15,Vmag_get_voltage_magnitude_series__angle_get_voltage_angle_series,true,true
0.08,1.1043592643970549e-15,Vmag_get_voltage_magnitude_series__angle_get_voltage_angle_series,true,true
0.09,2.319154455233814e-15,Vmag_get_voltage_magnitude_series__angle_get_voltage_angle_series,true,true
0.1,-0.013168950645406116,Vmag_get_voltage_magnitude_series__angle_get_voltage_angle_series,true,true
0.11,-0.013986940112415549,Vmag_get_voltage_magnitude_series__angle_get_voltage_angle_series,true,true
0.12,-0.0019215029771381112,Vmag_get_voltage_magnitude_series__angle_get_voltage_angle_series,true,true
0.13,-0.002760832770123222,Vmag_get_voltage_magnitude_series__angle_get_voltage_angle_series,true,true
0.14,-0.003070748482274437,Vmag_get_voltage_magnitude_series__angle_get_voltage_angle_series,true,true
0.15,-0.003129147514316945,Vmag_get_voltage_magnitude_series__angle_get_voltage_angle_series,true,true
0.16,-0.0035982505302255734,Vmag_get_voltage_magnitude_series__angle_get_voltage_angle_series,true,true
0.17,-0.003957443436532803,Vmag_get_voltage_magnitude_series__angle_get_voltage_angle_series,true,true
0.18,-0.004311010970451143,Vmag_get_voltage_magnitude_series__angle_get_voltage_angle_series,true,true
0.19,-0.0046379937670179405,Vmag_get_voltage_magnitude_series__angle_get_voltage_angle_series,true,true
0.2,-0.004955222807731814,Vmag_get_voltage_magnitude_series__angle_get_voltage_angle_series,true,true
0.21,-0.005249859796749753,Vmag_get_voltage_magnitude_series__angle_get_voltage_angle_series,true,true
0.22,-0.0055259097239246805,Vmag_get_voltage_magnitude_series__angle_get_voltage_angle_series,true,true
0.23,-0.005782652345981985,Vmag_get_voltage_magnitude_series__angle_get_voltage_angle_series,true,true
0.24,-0.006021282653302068,Vmag_get_voltage_magnitude_series__angle_get_voltage_angle_series,true,true
0.25,-0.0062422024410953405,Vmag_get_voltage_magnitude_series__angle_get_voltage_angle_series,true,true
0.26,-0.006446351332791298,Vmag_get_voltage_magnitude_series__angle_get_voltage_angle_series,true,true
0.27,-0.006634471101458421,Vmag_get_voltage_magnitude_series__angle_get_voltage_angle_series,true,true
0.28,-0.00680729784217163,Vmag_get_voltage_magnitude_series__angle_get_voltage_angle_series,true,true
0.29,-0.006965452255278978,Vmag_get_voltage_magnitude_series__angle_get_voltage_angle_series,true,true
0.3,-0.007109465612876333,Vmag_get_voltage_magnitude_series__angle_get_voltage_angle_series,true,true
0.31,-0.00723975993804814,Vmag_get_voltage_magnitude_series__angle_get_voltage_angle_series,true,true
0.32,-0.007356657110378483,Vmag_get_voltage_magnitude_series__angle_get_voltage_angle_series,true,true
0.33,-0.007460387015272839,Vmag_get_voltage_magnitude_series__angle_get_voltage_angle_series,true,true
0.34,-0.007551101392394541,Vmag_get_voltage_magnitude_series__angle_get_voltage_angle_series,true,true
0.35,-0.007628888241367359,Vmag_get_voltage_magnitude_series__angle_get_voltage_angle_series,true,true
0.36,-0.007693787970698986,Vmag_get_voltage_magnitude_series__angle_get_voltage_angle_series,true,true
0.37,-0.007745809251103778,Vmag_get_voltage_magnitude_series__angle_get_voltage_angle_series,true,true
0.38,-0.007784944097948826,Vmag_get_voltage_magnitude_series__angle_get_voltage_angle_series,true,true
0.39,-0.0078111816748552875,Vmag_get_voltage_magnitude_series__angle_get_voltage_angle_series,true,true
0.4,-0.007824520593208801,Vmag_get_voltage_magnitude_series__angle_get_voltage_angle_series,true,true
0.41,-0.007824979494577142,Vmag_get_voltage_magnitude_series__angle_get_voltage_angle_series,true,true
0.42,-0.007812605725078081,Vmag_get_voltage_magnitude_series__angle_get_voltage_angle_series,true,true
0.43,-0.007787482206647955,Vmag_get_voltage_magnitude_series__angle_get_voltage_angle_series,true,true
0.44,-0.007749732488104959,Vmag_get_voltage_magnitude_series__angle_get_voltage_angle_series,true,true
0.45,-0.0076995242888313825,Vmag_get_voltage_magnitude_series__angle_get_voltage_angle_series,true,true
0.46,-0.007637071507312662,Vmag_get_voltage_magnitude_series__angle_get_voltage_angle_series,true,true
0.47,-0.007562634981659826,Vmag_get_voltage_magnitude_series__angle_get_voltage_angle_series,true,true
0.48,-0.007476521942542267,Vmag_get_voltage_magnitude_series__angle_get_voltage_angle_series,true,true
0.49,-0.007379084843554496,Vmag_get_voltage_magnitude_series__angle_get_voltage_angle_series,true,true
0.5,-0.007270719258555699,Vmag_get_voltage_magnitude_series__angle_get_voltage_angle_series,true,true
0.51,-0.007151861285763209,Vmag_get_voltage_magnitude_series__angle_get_voltage_angle_series,true,true
0.52,-0.007022984355880387,Vmag_get_voltage_magnitude_series__angle_get_voltage_angle_series,true,true
0.53,-0.006884595943190769,Vmag_get_voltage_magnitude_series__angle_get_voltage_angle_series,true,true
0.54,-0.006737234052493895,Vmag_get_voltage_magnitude_series__angle_get_voltage_angle_series,true,true
0.55,-0.006581463522653114,Vmag_get_voltage_magnitude_series__angle_get_voltage_angle_series,true,true
0.56,-0.006417872372078056,Vmag_get_voltage_magnitude_series__angle_get_voltage_angle_series,true,true
0.57,-0.006247068189299668,Vmag_get_voltage_magnitude_series__angle_get_voltage_angle_series,true,true
0.58,-0.006069674636024901,Vmag_get_voltage_magnitude_series__angle_get_voltage_angle_series,true,true
0.59,-0.005886328063996759,Vmag_get_voltage_magnitude_series__angle_get_voltage_angle_series,true,true
0.6,-0.005697674337618178,Vmag_get_voltage_magnitude_series__angle_get_voltage_angle_series,true,true
0.61,-0.0055043655556920035,Vmag_get_voltage_magnitude_series__angle_get_voltage_angle_series,true,true
0.62,-0.005307057318817306,Vmag_get_voltage_magnitude_series__angle_get_voltage_angle_series,true,true
0.63,-0.005106405719359423,Vmag_get_voltage_magnitude_series__angle_get_voltage_angle_series,true,true
0.64,-0.004903065112972621,Vmag_get_voltage_magnitude_series__angle_get_voltage_angle_series,true,true
0.65,-0.004697685159943709,Vmag_get_voltage_magnitude_series__angle_get_voltage_angle_series,true,true
0.66,-0.00449090868926642,Vmag_get_voltage_magnitude_series__angle_get_voltage_angle_series,true,true
0.67,-0.0042833695331375,Vmag_get_voltage_magnitude_series__angle_get_voltage_angle_series,true,true
0.68,-0.004075689992721746,Vmag_get_voltage_magnitude_series__angle_get_voltage_angle_series,true,true
0.69,-0.0038684794069693933,Vmag_get_voltage_magnitude_series__angle_get_voltage_angle_series,true,true
0.7,-0.0036623315856637124,Vmag_get_voltage_magnitude_series__angle_get_voltage_angle_series,true,true
0.71,-0.003457823201918807,Vmag_get_voltage_magnitude_series__angle_get_voltage_angle_series,true,true
0.72,-0.0032555120281953427,Vmag_get_voltage_magnitude_series__angle_get_voltage_angle_series,true,true
0.73,-0.003055934918014117,Vmag_get_voltage_magnitude_series__angle_get_voltage_angle_series,true,true
0.74,-0.002859606614073819,Vmag_get_voltage_magnitude_series__angle_get_voltage_angle_series,true,true
0.75,-0.0026670177533035964,Vmag_get_voltage_magnitude_series__angle_get_voltage_angle_series,true,true
0.76,-0.0024786335714774145,Vmag_get_voltage_magnitude_series__angle_get_voltage_angle_series,true,true
0.77,-0.0022948925650357077,Vmag_get_voltage_magnitude_series__angle_get_voltage_angle_series,true,true
0.78,-0.0021162050133000042,Vmag_get_voltage_magnitude_series__angle_get_voltage_angle_series,true,true
0.79,-0.001942952019789031,Vmag_get_voltage_magnitude_series__angle_get_voltage_angle_series,true,true
0.8,-0.0017754843014404088,Vmag_get_voltage_magnitude_series__angle_get_voltage_angle_series,true,true
0.81,-0.0016141213758724788,Vmag_get_voltage_magnitude_series__angle_get_voltage_angle_series,true,true
0.82,-0.0014591506784420783,Vmag_get_voltage_magnitude_series__angle_get_voltage_angle_series,true,true
0.83,-0.0013108269540575961,Vmag_get_voltage_magnitude_series__angle_get_voltage_angle_series,true,true
0.84,-0.0011693718223520827,Vmag_get_voltage_magnitude_series__angle_get_voltage_angle_series,true,true
0.85,-0.001034973415578279,Vmag_get_voltage_magnitude_series__angle_get_voltage_angle_series,true,true
0.86,-0.0009077862022227029,Vmag_get_voltage_magnitude_series__angle_get_voltage_angle_series,true,true
0.87,-0.0007879309790561896,Vmag_get_voltage_magnitude_series__angle_get_voltage_angle_series,true,true
0.88,-0.0006754951562033063,Vmag_get_voltage_magnitude_series__angle_get_voltage_angle_series,true,true
0.89,-0.0005705330417703022,Vmag_get_voltage_magnitude_series__angle_get_voltage_angle_series,true,true
0.9,-0.00047306636512023473,Vmag_get_voltage_magnitude_series__angle_get_voltage_angle_series,true,true
0.91,-0.00038308495753099797,Vmag_get_voltage_magnitude_series__angle_get_voltage_angle_series,true,true
0.92,-0.0003005476615544479,Vmag_get_voltage_magnitude_series__angle_get_voltage_angle_series,true,true
0.93,-0.00022538334908180825,Vmag_get_voltage_magnitude_series__angle_get_voltage_angle_series,true,true
0.94,-0.00015749202616256405,Vmag_get_voltage_magnitude_series__angle_get_voltage_angle_series,true,true
0.95,-9.674616596008294e-5,Vmag_get_voltage_magnitude_series__angle_get_voltage_angle_series,true,true
0.96,-4.299212025069137e-5,Vmag_get_voltage_magnitude_series__angle_get_voltage_angle_series,true,true
0.97,3.948274559824557e-6,Vmag_get_voltage_magnitude_series__angle_get_voltage_angle_series,true,true
0.98,4.427608427003552e-5,Vmag_get_voltage_magnitude_series__angle_get_voltage_angle_series,true,true
0.99,7.821358888950233e-5,Vmag_get_voltage_magnitude_series__angle_get_voltage_angle_series,true,true
1.0,0.00010600231623003244,Vmag_get_voltage_magnitude_series__angle_get_voltage_angle_series,true,true
1.01,0.0001279013534144672,Vmag_get_voltage_magnitude_series__angle_get_voltage_angle_series,true,true
1.02,0.00014418522589502398,Vmag_get_voltage_magnitude_series__angle_get_voltage_angle_series,true,true
1.03,0.00015514204488091174,Vmag_get_voltage_magnitude_series__angle_get_voltage_angle_series,true,true
1.04,0.00016107152657810777,Vmag_get_voltage_magnitude_series__angle_get_voltage_angle_series,true,true
1.05,0.00016228282682488113,Vmag_get_voltage_magnitude_series__angle_get_voltage_angle_series,true,true
1.06,0.00015909287035000802,Vmag_get_voltage_magnitude_series__angle_get_voltage_angle_series,true,true
1.07,0.00015182411047050642,Vmag_get_voltage_magnitude_series__angle_get_voltage_angle_series,true,true
1.08,0.00014080270586108357,Vmag_get_voltage_magnitude_series__angle_get_voltage_angle_series,true,true
1.09,0.00012635664234758522,Vmag_get_voltage_magnitude_series__angle_get_voltage_angle_series,true,true
1.1,0.00010881388680974568,Vmag_get_voltage_magnitude_series__angle_get_voltage_angle_series,true,true
1.11,8.850062919601478e-5,Vmag_get_voltage_magnitude_series__angle_get_voltage_angle_series,true,true
1.12,6.57395899892867e-5,Vmag_get_voltage_magnitude_series__angle_get_voltage_angle_series,true,true
1.13,4.084847799314852e-5,Vmag_get_voltage_magnitude_series__angle_get_voltage_angle_series,true,true
1.14,1.4138387090029475e-5,Vmag_get_voltage_magnitude_series__angle_get_voltage_angle_series,true,true
1.15,-1.4087555083388546e-5,Vmag_get_voltage_magnitude_series__angle_get_voltage_angle_series,true,true
1.16,-4.353546795807657e-5,Vmag_get_voltage_magnitude_series__angle_get_voltage_angle_series,true,true
1.17,-7.392199352790563e-5,Vmag_get_voltage_magnitude_series__angle_get_voltage_angle_series,true,true
1.18,-0.00010497531250909341,Vmag_get_voltage_magnitude_series__angle_get_voltage_angle_series,true,true
1.19,-0.00013643614860260869,Vmag_get_voltage_magnitude_series__angle_get_voltage_angle_series,true,true
1.2,-0.00016805861283177104,Vmag_get_voltage_magnitude_series__angle_get_voltage_angle_series,true,true
1.21,-0.00019961092954096318,Vmag_get_voltage_magnitude_series__angle_get_voltage_angle_series,true,true
1.22,-0.00023087607809495653,Vmag_get_voltage_magnitude_series__angle_get_voltage_angle_series,true,true
1.23,-0.0002616522901936991,Vmag_get_voltage_magnitude_series__angle_get_voltage_angle_series,true,true
1.24,-0.00029175344813347646,Vmag_get_voltage_magnitude_series__angle_get_voltage_angle_series,true,true
1.25,-0.00032100930082665176,Vmag_get_voltage_magnitude_series__angle_get_voltage_angle_series,true,true
1.26,-0.00034926574954032404,Vmag_get_voltage_magnitude_series__angle_get_voltage_angle_series,true,true
1.27,-0.0003763847744378284,Vmag_get_voltage_magnitude_series__angle_get_voltage_angle_series,true,true
1.28,-0.0004022444820657431,Vmag_get_voltage_magnitude_series__angle_get_voltage_angle_series,true,true
1.29,-0.00042673894678048866,Vmag_get_voltage_magnitude_series__angle_get_voltage_angle_series,true,true
1.3,-0.0004497779499242904,Vmag_get_voltage_magnitude_series__angle_get_voltage_angle_series,true,true
1.31,-0.00047128670578549544,Vmag_get_voltage_magnitude_series__angle_get_voltage_angle_series,true,true
1.32,-0.0004912054406904264,Vmag_get_voltage_magnitude_series__angle_get_voltage_angle_series,true,true
1.33,-0.0005094888960397797,Vmag_get_voltage_magnitude_series__angle_get_voltage_angle_series,true,true
1.34,-0.0005261058092549124,Vmag_get_voltage_magnitude_series__angle_get_voltage_angle_series,true,true
1.35,-0.0005410383130577546,Vmag_get_voltage_magnitude_series__angle_get_voltage_angle_series,true,true
1.36,-0.0005542812644496418,Vmag_get_voltage_magnitude_series__angle_get_voltage_angle_series,true,true
1.37,-0.0005658415237802365,Vmag_get_voltage_magnitude_series__angle_get_voltage_angle_series,true,true
1.38,-0.0005757372124940033,Vmag_get_voltage_magnitude_series__angle_get_voltage_angle_series,true,true
1.39,-0.0005839969271075579,Vmag_get_voltage_magnitude_series__angle_get_voltage_angle_series,true,true
1.4,-0.0005906589306549103,Vmag_get_voltage_magnitude_series__angle_get_voltage_angle_series,true,true
1.41,-0.0005957702973128663,Vmag_get_voltage_magnitude_series__angle_get_voltage_angle_series,true,true
1.42,-0.0005993860493023222,Vmag_get_voltage_magnitude_series__angle_get_voltage_angle_series,true,true
1.43,-0.0006015683498904264,Vmag_get_voltage_magnitude_series__angle_get_voltage_angle_series,true,true
1.44,-0.0006023855925590666,Vmag_get_voltage_magnitude_series__angle_get_voltage_angle_series,true,true
1.45,-0.0006019115506054422,Vmag_get_voltage_magnitude_series__angle_get_voltage_angle_series,true,true
1.46,-0.000600224530436719,Vmag_get_voltage_magnitude_series__angle_get_voltage_angle_series,true,true
1.47,-0.0005974065371310771,Vmag_get_voltage_magnitude_series__angle_get_voltage_angle_series,true,true
1.48,-0.0005935424776145074,Vmag_get_voltage_magnitude_series__angle_get_voltage_angle_series,true,true
1.49,-0.0005887193362942776,Vmag_get_voltage_magnitude_series__angle_get_voltage_angle_series,true,true
1.5,-0.000583025413542647,Vmag_get_voltage_magnitude_series__angle_get_voltage_angle_series,true,true
1.51,-0.0005765496389334425,Vmag_get_voltage_magnitude_series__angle_get_voltage_angle_series,true,true
1.52,-0.0005693808412278956,Vmag_get_voltage_magnitude_series__angle_get_voltage_angle_series,true,true
1.53,-0.0005616071115547084,Vmag_get_voltage_magnitude_series__angle_get_voltage_angle_series,true,true
1.54,-0.0005533151717676299,Vmag_get_voltage_magnitude_series__angle_get_voltage_angle_series,true,true
1.55,-0.0005445898240786305,Vmag_get_voltage_magnitude_series__angle_get_voltage_angle_series,true,true
1.56,-0.0005355134349321203,Vmag_get_voltage_magnitude_series__angle_get_voltage_angle_series,true,true
1.57,-0.0005261654549320258,Vmag_get_voltage_magnitude_series__angle_get_voltage_angle_series,true,true
1.58,-0.0005166219943689932,Vmag_get_voltage_magnitude_series__angle_get_voltage_angle_series,true,true
1.59,-0.0005069554174033113,Vmag_get_voltage_magnitude_series__angle_get_voltage_angle_series,true,true
1.6,-0.0004972340899862405,Vmag_get_voltage_magnitude_series__angle_get_voltage_angle_series,true,true
1.61,-0.0004875220403265789,Vmag_get_voltage_magnitude_series__angle_get_voltage_angle_series,true,true
1.62,-0.00047787874205684945,Vmag_get_voltage_magnitude_series__angle_get_voltage_angle_series,true,true
1.63,-0.0004683589434196014,Vmag_get_voltage_magnitude_series__angle_get_voltage_angle_series,true,true
1.64,-0.0004590125311261135,Vmag_get_voltage_magnitude_series__angle_get_voltage_angle_series,true,true
1.65,-0.00044988444207987667,Vmag_get_voltage_magnitude_series__angle_get_voltage_angle_series,true,true
1.66,-0.0004410146176293146,Vmag_get_voltage_magnitude_series__angle_get_voltage_angle_series,true,true
1.67,-0.0004324379946713067,Vmag_get_voltage_magnitude_series__angle_get_voltage_angle_series,true,true
1.68,-0.0004241845382466784,Vmag_get_voltage_magnitude_series__angle_get_voltage_angle_series,true,true
1.69,-0.00041627933016900697,Vmag_get_voltage_magnitude_series__angle_get_voltage_angle_series,true,true
1.7,-0.000408742653921468,Vmag_get_voltage_magnitude_series__angle_get_voltage_angle_series,true,true
1.71,-0.0004015901461410218,Vmag_get_voltage_magnitude_series__angle_get_voltage_angle_series,true,true
1.72,-0.00039483295457889517,Vmag_get_voltage_magnitude_series__angle_get_voltage_angle_series,true,true
1.73,-0.00038847793132347453,Vmag_get_voltage_magnitude_series__angle_get_voltage_angle_series,true,true
1.74,-0.00038252785452218426,Vmag_get_voltage_magnitude_series__angle_get_voltage_angle_series,true,true
1.75,-0.0003769816545038501,Vmag_get_voltage_magnitude_series__angle_get_voltage_angle_series,true,true
1.76,-0.00037183466633224505,Vmag_get_voltage_magnitude_series__angle_get_voltage_angle_series,true,true
1.77,-0.0003670789017782464,Vmag_get_voltage_magnitude_series__angle_get_voltage_angle_series,true,true
1.78,-0.0003627033219467679,Vmag_get_voltage_magnitude_series__angle_get_voltage_angle_series,true,true
1.79,-0.00035869412442469093,Vmag_get_voltage_magnitude_series__angle_get_voltage_angle_series,true,true
1.8,-0.0003550350316355288,Vmag_get_voltage_magnitude_series__angle_get_voltage_angle_series,true,true
1.81,-0.0003517075904671697,Vmag_get_voltage_magnitude_series__angle_get_voltage_angle_series,true,true
1.82,-0.00034869146606760897,Vmag_get_voltage_magnitude_series__angle_get_voltage_angle_series,true,true
1.83,-0.0003459647309503564,Vmag_get_voltage_magnitude_series__angle_get_voltage_angle_series,true,true
1.84,-0.0003435041583796787,Vmag_get_voltage_magnitude_series__angle_get_voltage_angle_series,true,true
1.85,-0.0003412855056382535,Vmag_get_voltage_magnitude_series__angle_get_voltage_angle_series,true,true
1.86,-0.00033928378580468354,Vmag_get_voltage_magnitude_series__angle_get_voltage_angle_series,true,true
1.87,-0.00033747354044939924,Vmag_get_voltage_magnitude_series__angle_get_voltage_angle_series,true,true
1.88,-0.000335829085535806,Vmag_get_voltage_magnitude_series__angle_get_voltage_angle_series,true,true
1.89,-0.0003343247555562563,Vmag_get_voltage_magnitude_series__angle_get_voltage_angle_series,true,true
1.9,-0.0003329351323875366,Vmag_get_voltage_magnitude_series__angle_get_voltage_angle_series,true,true
1.91,-0.00033163525863329083,Vmag_get_voltage_magnitude_series__angle_get_voltage_angle_series,true,true
1.92,-0.00033040083100523837,Vmag_get_voltage_magnitude_series__angle_get_voltage_angle_series,true,true
1.93,-0.00032920837647410536,Vmag_get_voltage_magnitude_series__angle_get_voltage_angle_series,true,true
1.94,-0.00032803542911023184,Vmag_get_voltage_magnitude_series__angle_get_voltage_angle_series,true,true
1.95,-0.0003268606556242618,Vmag_get_voltage_magnitude_series__angle_get_voltage_angle_series,true,true
1.96,-0.0003256639975655463,Vmag_get_voltage_magnitude_series__angle_get_voltage_angle_series,true,true
1.97,-0.00032442677360933415,Vmag_get_voltage_magnitude_series__angle_get_voltage_angle_series,true,true
1.98,-0.00032313177374834675,Vmag_get_voltage_magnitude_series__angle_get_voltage_angle_series,true,true
1.99,-0.0003217633356238816,Vmag_get_voltage_magnitude_series__angle_get_voltage_angle_series,true,true
2.0,-0.0003203073954906708,Vmag_get_voltage_magnitude_series__angle_get_voltage_angle_series,true,true
2.01,-0.00031875153399261,Vmag_get_voltage_magnitude_series__angle_get_voltage_angle_series,true,true
2.02,-0.0003170849983337998,Vmag_get_voltage_magnitude_series__angle_get_voltage_angle_series,true,true
2.03,-0.00031529871533728305,Vmag_get_voltage_magnitude_series__angle_get_voltage_angle_series,true,true
2.04,-0.0003133852797352645,Vmag_get_voltage_magnitude_series__angle_get_voltage_angle_series,true,true
2.05,-0.0003113389383428112,Vmag_get_voltage_magnitude_series__angle_get_voltage_angle_series,true,true
2.06,-0.0003091555579595953,Vmag_get_voltage_magnitude_series__angle_get_voltage_angle_series,true,true
2.07,-0.000306832580966479,Vmag_get_voltage_magnitude_series__angle_get_voltage_angle_series,true,true
2.08,-0.00030436897198822023,Vmag_get_voltage_magnitude_series__angle_get_voltage_angle_series,true,true
2.09,-0.0003017651490931604,Vmag_get_voltage_magnitude_series__angle_get_voltage_angle_series,true,true
2.1,-0.0002990229134264891,Vmag_get_voltage_magnitude_series__angle_get_voltage_angle_series,true,true
2.11,-0.000296145368172306,Vmag_get_voltage_magnitude_series__angle_get_voltage_angle_series,true,true
2.12,-0.00029313682863983697,Vmag_get_voltage_magnitude_series__angle_get_voltage_angle_series,true,true
2.13,-0.0002900027318960347,Vmag_get_voltage_magnitude_series__angle_get_voltage_angle_series,true,true
2.14,-0.00028674953525293024,Vmag_get_voltage_magnitude_series__angle_get_voltage_angle_series,true,true
2.15,-0.00028338461686188126,Vmag_get_voltage_magnitude_series__angle_get_voltage_angle_series,true,true
2.16,-0.0002799161733084912,Vmag_get_voltage_magnitude_series__angle_get_voltage_angle_series,true,true
2.17,-0.0002763531128659049,Vmag_get_voltage_magnitude_series__angle_get_voltage_angle_series,true,true
2.18,-0.00027270494804932185,Vmag_get_voltage_magnitude_series__angle_get_voltage_angle_series,true,true
2.19,-0.0002689816939032929,Vmag_get_voltage_magnitude_series__angle_get_voltage_angle_series,true,true
2.2,-0.0002651937630232613,Vmag_get_voltage_magnitude_series__angle_get_voltage_angle_series,true,true
2.21,-0.0002613518629509791,Vmag_get_voltage_magnitude_series__angle_get_voltage_angle_series,true,true
2.22,-0.0002574668956605309,Vmag_get_voltage_magnitude_series__angle_get_voltage_angle_series,true,true
2.23,-0.0002535498636399775,Vmag_get_voltage_magnitude_series__angle_get_voltage_angle_series,true,true
2.24,-0.0002496117776727192,Vmag_get_voltage_magnitude_series__angle_get_voltage_angle_series,true,true
2.25,-0.0002456635703995774,Vmag_get_voltage_magnitude_series__angle_get_voltage_angle_series,true,true
2.26,-0.00024171601259839642,Vmag_get_voltage_magnitude_series__angle_get_voltage_angle_series,true,true
2.27,-0.00023777963285051966,Vmag_get_voltage_magnitude_series__angle_get_voltage_angle_series,true,true
2.28,-0.00023386465733095803,Vmag_get_voltage_magnitude_series__angle_get_voltage_angle_series,true,true
2.29,-0.00022998093404407057,Vmag_get_voltage_magnitude_series__angle_get_voltage_angle_series,true,true
2.3,-0.00022613787853579758,Vmag_get_voltage_magnitude_series__angle_get_voltage_angle_series,true,true
2.31,-0.00022234442130302334,Vmag_get_voltage_magnitude_series__angle_get_voltage_angle_series,true,true
2.32,-0.00021860896044279218,Vmag_get_voltage_magnitude_series__angle_get_voltage_angle_series,true,true
2.33,-0.0002149393249066866,Vmag_get_voltage_magnitude_series__angle_get_voltage_angle_series,true,true
2.34,-0.00021134273891848228,Vmag_get_voltage_magnitude_series__angle_get_voltage_angle_series,true,true
2.35,-0.0002078257976035893,Vmag_get_voltage_magnitude_series__angle_get_voltage_angle_series,true,true
2.36,-0.000204394444521802,Vmag_get_voltage_magnitude_series__angle_get_voltage_angle_series,true,true
2.37,-0.0002010539593823511,Vmag_get_voltage_magnitude_series__angle_get_voltage_angle_series,true,true
2.38,-0.00019780895004812164,Vmag_get_voltage_magnitude_series__angle_get_voltage_angle_series,true,true
2.39,-0.00019466334754499853,Vmag_get_voltage_magnitude_series__angle_get_voltage_angle_series,true,true
2.4,-0.00019162041000139187,Vmag_get_voltage_magnitude_series__angle_get_voltage_angle_series,true,true
2.41,-0.00018868273268813287,Vmag_get_voltage_magnitude_series__angle_get_voltage_angle_series,true,true
2.42,-0.00018585225801585157,Vmag_get_voltage_magnitude_series__angle_get_voltage_angle_series,true,true
2.43,-0.0001831302925800997,Vmag_get_voltage_magnitude_series__angle_get_voltage_angle_series,true,true
2.44,-0.00018051752907592434,Vmag_get_voltage_magnitude_series__angle_get_voltage_angle_series,true,true
2.45,-0.0001780140707868692,Vmag_get_voltage_magnitude_series__angle_get_voltage_angle_series,true,true
2.46,-0.0001756194588667344,Vmag_get_voltage_magnitude_series__angle_get_voltage_angle_series,true,true
2.47,-0.00017333270336406531,Vmag_get_voltage_magnitude_series__angle_get_voltage_angle_series,true,true
2.48,-0.00017115231582858062,Vmag_get_voltage_magnitude_series__angle_get_voltage_angle_series,true,true
2.49,-0.00016907634517258904,Vmag_get_voltage_magnitude_series__angle_get_voltage_angle_series,true,true
2.5,-0.0001671024140562073,Vmag_get_voltage_magnitude_series__angle_get_voltage_angle_series,true,true
2.51,-0.00016522775682092269,Vmag_get_voltage_magnitude_series__angle_get_voltage_angle_series,true,true
2.52,-0.00016344925844071268,Vmag_get_voltage_magnitude_series__angle_get_voltage_angle_series,true,true
2.53,-0.00016176349455298818,Vmag_get_voltage_magnitude_series__angle_get_voltage_angle_series,true,true
2.54,-0.00016016677075927956,Vmag_get_voltage_magnitude_series__angle_get_voltage_angle_series,true,true
2.55,-0.0001586551620277223,Vmag_get_voltage_magnitude_series__angle_get_voltage_angle_series,true,true
2.56,-0.00015722455178439327,Vmag_get_voltage_magnitude_series__angle_get_voltage_angle_series,true,true
2.57,-0.00015587067130304468,Vmag_get_voltage_magnitude_series__angle_get_voltage_angle_series,true,true
2.58,-0.00015458913601489068,Vmag_get_voltage_magnitude_series__angle_get_voltage_angle_series,true,true
2.59,-0.00015337548261723212,Vmag_get_voltage_magnitude_series__angle_get_voltage_angle_series,true,true
2.6,-0.00015222520317557367,Vmag_get_voltage_magnitude_series__angle_get_voltage_angle_series,true,true
2.61,-0.00015113377798322628,Vmag_get_voltage_magnitude_series__angle_get_voltage_angle_series,true,true
2.62,-0.00015009670954779802,Vmag_get_voltage_magnitude_series__angle_get_voltage_angle_series,true,true
2.63,-0.0001491095474529162,Vmag_get_voltage_magnitude_series__angle_get_voltage_angle_series,true,true
2.64,-0.00014816791965654213,Vmag_get_voltage_magnitude_series__angle_get_voltage_angle_series,true,true
2.65,-0.00014726755577108518,Vmag_get_voltage_magnitude_series__angle_get_voltage_angle_series,true,true
2.66,-0.00014640431020955823,Vmag_get_voltage_magnitude_series__angle_get_voltage_angle_series,true,true
2.67,-0.00014557418356034074,Vmag_get_voltage_magnitude_series__angle_get_voltage_angle_series,true,true
2.68,-0.00014477333968039623,Vmag_get_voltage_magnitude_series__angle_get_voltage_angle_series,true,true
2.69,-0.00014399812288357517,Vmag_get_voltage_magnitude_series__angle_get_voltage_angle_series,true,true
2.7,-0.00014324506960077131,Vmag_get_voltage_magnitude_series__angle_get_voltage_angle_series,true,true
2.71,-0.00014251092230495335,Vmag_get_voltage_magnitude_series__angle_get_voltage_angle_series,true,true
2.72,-0.00014179263660932365,Vmag_get_voltage_magnitude_series__angle_get_voltage_angle_series,true,true
2.73,-0.00014108738850330104,Vmag_get_voltage_magnitude_series__angle_get_voltage_angle_series,true,true
2.74,-0.00014039257941125919,Vmag_get_voltage_magnitude_series__angle_get_voltage_angle_series,true,true
2.75,-0.00013970583876049647,Vmag_get_voltage_magnitude_series__angle_get_voltage_angle_series,true,true
2.76,-0.00013902502469281429,Vmag_get_voltage_magnitude_series__angle_get_voltage_angle_series,true,true
2.77,-0.00013834822260276283,Vmag_get_voltage_magnitude_series__angle_get_voltage_angle_series,true,true
2.78,-0.00013767374329575984,Vmag_get_voltage_magnitude_series__angle_get_voltage_angle_series,true,true
2.79,-0.00013700011710485294,Vmag_get_voltage_magnitude_series__angle_get_voltage_angle_series,true,true
2.8,-0.00013632608946864114,Vmag_get_voltage_magnitude_series__angle_get_voltage_angle_series,true,true
2.81,-0.00013565061341721445,Vmag_get_voltage_magnitude_series__angle_get_voltage_angle_series,true,true
2.82,-0.00013497284046295693,Vmag_get_voltage_magnitude_series__angle_get_voltage_angle_series,true,true
2.83,-0.00013429211219405344,Vmag_get_voltage_magnitude_series__angle_get_voltage_angle_series,true,true
2.84,-0.000133607949607318,Vmag_get_voltage_magnitude_series__angle_get_voltage_angle_series,true,true
2.85,-0.00013292004203682635,Vmag_get_voltage_magnitude_series__angle_get_voltage_angle_series,true,true
2.86,-0.00013222823560071688,Vmag_get_voltage_magnitude_series__angle_get_voltage_angle_series,true,true
2.87,-0.00013153252093258734,Vmag_get_voltage_magnitude_series__angle_get_voltage_angle_series,true,true
2.88,-0.00013083302088384713,Vmag_get_voltage_magnitude_series__angle_get_voltage_angle_series,true,true
2.89,-0.00013012997783700366,Vmag_get_voltage_magnitude_series__angle_get_voltage_angle_series,true,true
2.9,-0.00012942374043662012,Vmag_get_voltage_magnitude_series__angle_get_voltage_angle_series,true,true
2.91,-0.00012871475105047576,Vmag_get_voltage_magnitude_series__angle_get_voltage_angle_series,true,true
2.92,-0.00012800353323652366,Vmag_get_voltage_magnitude_series__angle_get_voltage_angle_series,true,true
2.93,-0.00012729067909444345,Vmag_get_voltage_magnitude_series__angle_get_voltage_angle_series,true,true
2.94,-0.00012657683670156664,Vmag_get_voltage_magnitude_series__angle_get_voltage_angle_series,true,true
2.95,-0.00012586269859186957,Vmag_get_voltage_magnitude_series__angle_get_voltage_angle_series,true,true
2.96,-0.00012514899048841668,Vmag_get_voltage_magnitude_series__angle_get_voltage_angle_series,true,true
2.97,-0.0001244364604737375,Vmag_get_voltage_magnitude_series__angle_get_voltage_angle_series,true,true
2.98,-0.00012372586837881147,Vmag_get_voltage_magnitude_series__angle_get_voltage_angle_series,true,true
2.99,-0.0001230179761099852,Vmag_get_voltage_magnitude_series__angle_get_voltage_angle_series,true,true
3.0,-0.00012231353939157045,Vmag_get_voltage_magnitude_series__angle_get_voltage_angle_series,true,true
3.01,-0.00012161329916612989,Vmag_get_voltage_magnitude_series__angle_get_voltage_angle_series,true,true
3.02,-0.00012091797376973222,Vmag_get_voltage_magnitude_series__angle_get_voltage_angle_series,true,true
3.03,-0.00012022825254999845,Vmag_get_voltage_magnitude_series__angle_get_voltage_angle_series,true,true
3.04,-0.00011954478989799252,Vmag_get_voltage_magnitude_series__angle_get_voltage_angle_series,true,true
3.05,-0.00011886819987782974,Vmag_get_voltage_magnitude_series__angle_get_voltage_angle_series,true,true
3.06,-0.00011819905189422028,Vmag_get_voltage_magnitude_series__angle_get_voltage_angle_series,true,true
3.07,-0.00011753786691854223,Vmag_get_voltage_magnitude_series__angle_get_voltage_angle_series,true,true
3.08,-0.00011688511461894319,Vmag_get_voltage_magnitude_series__angle_get_voltage_angle_series,true,true
3.09,-0.00011624121103086005,Vmag_get_voltage_magnitude_series__angle_get_voltage_angle_series,true,true
3.1,-0.00011560651705906605,Vmag_get_voltage_magnitude_series__angle_get_voltage_angle_series,true,true
3.11,-0.00011498133751472478,Vmag_get_voltage_magnitude_series__angle_get_voltage_angle_series,true,true
3.12,-0.00011436592084620255,Vmag_get_voltage_magnitude_series__angle_get_voltage_angle_series,true,true
3.13,-0.00011376045942979103,Vmag_get_voltage_magnitude_series__angle_get_voltage_angle_series,true,true
3.14,-0.00011316509054259247,Vmag_get_voltage_magnitude_series__angle_get_voltage_angle_series,true,true
3.15,-0.00011257989749608936,Vmag_get_voltage_magnitude_series__angle_get_voltage_angle_series,true,true
3.16,-0.00011200491150930328,Vmag_get_voltage_magnitude_series__angle_get_voltage_angle_series,true,true
3.17,-0.00011144011399697218,Vmag_get_voltage_magnitude_series__angle_get_voltage_angle_series,true,true
3.18,-0.00011088543904088551,Vmag_get_voltage_magnitude_series__angle_get_voltage_angle_series,true,true
3.19,-0.0001103407762810415,Vmag_get_voltage_magnitude_series__angle_get_voltage_angle_series,true,true
3.2,-0.00010980597405904024,Vmag_get_voltage_magnitude_series__angle_get_voltage_angle_series,true,true
3.21,-0.00010928084276081347,Vmag_get_voltage_magnitude_series__angle_get_voltage_angle_series,true,true
3.22,-0.00010876515841766407,Vmag_get_voltage_magnitude_series__angle_get_voltage_angle_series,true,true
3.23,-0.00010825866635639428,Vmag_get_voltage_magnitude_series__angle_get_voltage_angle_series,true,true
3.24,-0.00010776108481878797,Vmag_get_voltage_magnitude_series__angle_get_voltage_angle_series,true,true
3.25,-0.00010727210892670458,Vmag_get_voltage_magnitude_series__angle_get_voltage_angle_series,true,true
3.26,-0.00010679141437040621,Vmag_get_voltage_magnitude_series__angle_get_voltage_angle_series,true,true
3.27,-0.00010631866128891337,Vmag_get_voltage_magnitude_series__angle_get_voltage_angle_series,true,true
3.28,-0.00010585349781966802,Vmag_get_voltage_magnitude_series__angle_get_voltage_angle_series,true,true
3.29,-0.0001053955637387896,Vmag_get_voltage_magnitude_series__angle_get_voltage_angle_series,true,true
3.3,-0.00010494449420877105,Vmag_get_voltage_magnitude_series__angle_get_voltage_angle_series,true,true
3.31,-0.00010449992264616859,Vmag_get_voltage_magnitude_series__angle_get_voltage_angle_series,true,true
3.32,-0.00010406148420938903,Vmag_get_voltage_magnitude_series__angle_get_voltage_angle_series,true,true
3.33,-0.00010362881862689874,Vmag_get_voltage_magnitude_series__angle_get_voltage_angle_series,true,true
3.34,-0.00010320157296877876,Vmag_get_voltage_magnitude_series__angle_get_voltage_angle_series,true,true
3.35,-0.00010277940428940145,Vmag_get_voltage_magnitude_series__angle_get_voltage_angle_series,true,true
3.36,-0.0001023619816536535,Vmag_get_voltage_magnitude_series__angle_get_voltage_angle_series,true,true
3.37,-0.00010194898835454464,Vmag_get_voltage_magnitude_series__angle_get_voltage_angle_series,true,true
3.38,-0.00010154012363551114,Vmag_get_voltage_magnitude_series__angle_get_voltage_angle_series,true,true
3.39,-0.0001011351043407702,Vmag_get_voltage_magnitude_series__angle_get_voltage_angle_series,true,true
3.4,-0.00010073366605882887,Vmag_get_voltage_magnitude_series__angle_get_voltage_angle_series,true,true
3.41,-0.00010033556410586069,Vmag_get_voltage_magnitude_series__angle_get_voltage_angle_series,true,true
3.42,-9.99405744768351e-5,Vmag_get_voltage_magnitude_series__angle_get_voltage_angle_series,true,true
3.43,-9.954849434612354e-5,Vmag_get_voltage_magnitude_series__angle_get_voltage_angle_series,true,true
3.44,-9.915914228163465e-5,Vmag_get_voltage_magnitude_series__angle_get_voltage_angle_series,true,true
3.45,-9.877235833305264e-5,Vmag_get_voltage_magnitude_series__angle_get_voltage_angle_series,true,true
3.46,-9.8388003983135e-5,Vmag_get_voltage_magnitude_series__angle_get_voltage_angle_series,true,true
3.47,-9.800596179155664e-5,Vmag_get_voltage_magnitude_series__angle_get_voltage_angle_series,true,true
3.48,-9.762613488237681e-5,Vmag_get_voltage_magnitude_series__angle_get_voltage_angle_series,true,true
3.49,-9.724844625392491e-5,Vmag_get_voltage_magnitude_series__angle_get_voltage_angle_series,true,true
3.5,-9.687283790315627e-5,Vmag_get_voltage_magnitude_series__angle_get_voltage_angle_series,true,true
3.51,-9.649926992437368e-5,Vmag_get_voltage_magnitude_series__angle_get_voltage_angle_series,true,true
3.52,-9.61277193929627e-5,Vmag_get_voltage_magnitude_series__angle_get_voltage_angle_series,true,true
3.53,-9.575817912042586e-5,Vmag_get_voltage_magnitude_series__angle_get_voltage_angle_series,true,true
3.54,-9.539065642468938e-5,Vmag_get_voltage_magnitude_series__angle_get_voltage_angle_series,true,true
3.55,-9.502517174551063e-5,Vmag_get_voltage_magnitude_series__angle_get_voltage_angle_series,true,true
3.56,-9.466175722322291e-5,Vmag_get_voltage_magnitude_series__angle_get_voltage_angle_series,true,true
3.57,-9.430045528167694e-5,Vmag_get_voltage_magnitude_series__angle_get_voltage_angle_series,true,true
3.58,-9.394131711421949e-5,Vmag_get_voltage_magnitude_series__angle_get_voltage_angle_series,true,true
3.59,-9.358440120832457e-5,Vmag_get_voltage_magnitude_series__angle_get_voltage_angle_series,true,true
3.6,-9.322977191097562e-5,Vmag_get_voltage_magnitude_series__angle_get_voltage_angle_series,true,true
3.61,-9.287749798294874e-5,Vmag_get_voltage_magnitude_series__angle_get_voltage_angle_series,true,true
3.62,-9.252765108677921e-5,Vmag_get_voltage_magnitude_series__angle_get_voltage_angle_series,true,true
3.63,-9.218030448394887e-5,Vmag_get_voltage_magnitude_series__angle_get_voltage_angle_series,true,true
3.64,-9.183553176354772e-5,Vmag_get_voltage_magnitude_series__angle_get_voltage_angle_series,true,true
3.65,-9.149340549467961e-5,Vmag_get_voltage_magnitude_series__angle_get_voltage_angle_series,true,true
3.66,-9.115399610769093e-5,Vmag_get_voltage_magnitude_series__angle_get_voltage_angle_series,true,true
3.67,-9.081737074889499e-5,Vmag_get_voltage_magnitude_series__angle_get_voltage_angle_series,true,true
3.68,-9.048359228880208e-5,Vmag_get_voltage_magnitude_series__angle_get_voltage_angle_series,true,true
3.69,-9.015271846590981e-5,Vmag_get_voltage_magnitude_series__angle_get_voltage_angle_series,true,true
3.7,-8.982480098698153e-5,Vmag_get_voltage_magnitude_series__angle_get_voltage_angle_series,true,true
3.71,-8.949988477144382e-5,Vmag_get_voltage_magnitude_series__angle_get_voltage_angle_series,true,true
3.72,-8.917800742515921e-5,Vmag_get_voltage_magnitude_series__angle_get_voltage_angle_series,true,true
3.73,-8.885919869266402e-5,Vmag_get_voltage_magnitude_series__angle_get_voltage_angle_series,true,true
3.74,-8.854348000349762e-5,Vmag_get_voltage_magnitude_series__angle_get_voltage_angle_series,true,true
3.75,-8.823086414663922e-5,Vmag_get_voltage_magnitude_series__angle_get_voltage_angle_series,true,true
3.76,-8.792135511776515e-5,Vmag_get_voltage_magnitude_series__angle_get_voltage_angle_series,true,true
3.77,-8.76149479747632e-5,Vmag_get_voltage_magnitude_series__angle_get_voltage_angle_series,true,true
3.78,-8.731162873870704e-5,Vmag_get_voltage_magnitude_series__angle_get_voltage_angle_series,true,true
3.79,-8.701137453903412e-5,Vmag_get_voltage_magnitude_series__angle_get_voltage_angle_series,true,true
3.8,-8.671415371431653e-5,Vmag_get_voltage_magnitude_series__angle_get_voltage_angle_series,true,true
3.81,-8.641992605510952e-5,Vmag_get_voltage_magnitude_series__angle_get_voltage_angle_series,true,true
3.82,-8.612864306535344e-5,Vmag_get_voltage_magnitude_series__angle_get_voltage_angle_series,true,true
3.83,-8.584024834127927e-5,Vmag_get_voltage_magnitude_series__angle_get_voltage_angle_series,true,true
3.84,-8.555467801607903e-5,Vmag_get_voltage_magnitude_series__angle_get_voltage_angle_series,true,true
3.85,-8.527186120082107e-5,Vmag_get_voltage_magnitude_series__angle_get_voltage_angle_series,true,true
3.86,-8.499172052177621e-5,Vmag_get_voltage_magnitude_series__angle_get_voltage_angle_series,true,true
3.87,-8.471417267508203e-5,Vmag_get_voltage_magnitude_series__angle_get_voltage_angle_series,true,true
3.88,-8.443912903938632e-5,Vmag_get_voltage_magnitude_series__angle_get_voltage_angle_series,true,true
3.89,-8.416649627706016e-5,Vmag_get_voltage_magnitude_series__angle_get_voltage_angle_series,true,true
3.9,-8.3896176970585e-5,Vmag_get_voltage_magnitude_series__angle_get_voltage_angle_series,true,true
3.91,-8.362807031183846e-5,Vmag_get_voltage_magnitude_series__angle_get_voltage_angle_series,true,true
3.92,-8.336207273842616e-5,Vmag_get_voltage_magnitude_series__angle_get_voltage_angle_series,true,true
3.93,-8.309807858365236e-5,Vmag_get_voltage_magnitude_series__angle_get_voltage_angle_series,true,true
3.94,-8.283598074636907e-5,Vmag_get_voltage_magnitude_series__angle_get_voltage_angle_series,true,true
3.95,-8.25756713175343e-5,Vmag_get_voltage_magnitude_series__angle_get_voltage_angle_series,true,true
3.96,-8.231704223493142e-5,Vmag_get_voltage_magnitude_series__angle_get_voltage_angle_series,true,true
3.97,-8.205998590669037e-5,Vmag_get_voltage_magnitude_series__angle_get_voltage_angle_series,true,true
3.98,-8.180439568654877e-5,Vmag_get_voltage_magnitude_series__angle_get_voltage_angle_series,true,true
3.99,-8.155016653679868e-5,Vmag_get_voltage_magnitude_series__angle_get_voltage_angle_series,true,true
4.0,-8.129719554071119e-5,Vmag_get_voltage_magnitude_series__angle_get_voltage_angle_series,true,true
4.01,-8.104538227872912e-5,Vmag_get_voltage_magnitude_series__angle_get_voltage_angle_series,true,true
4.02,-8.079462938667266e-5,Vmag_get_voltage_magnitude_series__angle_get_voltage_angle_series,true,true
4.03,-8.05448428905331e-5,Vmag_get_voltage_magnitude_series__angle_get_voltage_angle_series,true,true
4.04,-8.029593261733337e-5,Vmag_get_voltage_magnitude_series__angle_get_voltage_angle_series,true,true
4.05,-8.004781243637555e-5,Vmag_get_voltage_magnitude_series__angle_get_voltage_angle_series,true,true
4.06,-7.980040057681361e-5,Vmag_get_voltage_magnitude_series__angle_get_voltage_angle_series,true,true
4.07,-7.955361988789559e-5,Vmag_get_voltage_magnitude_series__angle_get_voltage_angle_series,true,true
4.08,-7.930739796451494e-5,Vmag_get_voltage_magnitude_series__angle_get_voltage_angle_series,true,true
4.09,-7.906166730121376e-5,Vmag_get_voltage_magnitude_series__angle_get_voltage_angle_series,true,true
4.1,-7.88163653612191e-5,Vmag_get_voltage_magnitude_series__angle_get_voltage_angle_series,true,true
4.11,-7.857143467373707e-5,Vmag_get_voltage_magnitude_series__angle_get_voltage_angle_series,true,true
4.12,-7.832682282642915e-5,Vmag_get_voltage_magnitude_series__angle_get_voltage_angle_series,true,true
4.13,-7.808248240975253e-5,Vmag_get_voltage_magnitude_series__angle_get_voltage_angle_series,true,true
4.14,-7.78383709984209e-5,Vmag_get_voltage_magnitude_series__angle_get_voltage_angle_series,true,true
4.15,-7.759445102147635e-5,Vmag_get_voltage_magnitude_series__angle_get_voltage_angle_series,true,true
4.16,-7.735068959507569e-5,Vmag_get_voltage_magnitude_series__angle_get_voltage_angle_series,true,true
4.17,-7.71070584277916e-5,Vmag_get_voltage_magnitude_series__angle_get_voltage_angle_series,true,true
4.18,-7.686353362079265e-5,Vmag_get_voltage_magnitude_series__angle_get_voltage_angle_series,true,true
4.19,-7.662009541842371e-5,Vmag_get_voltage_magnitude_series__angle_get_voltage_angle_series,true,true
4.2,-7.637672792199745e-5,Vmag_get_voltage_magnitude_series__angle_get_voltage_angle_series,true,true
4.21,-7.613341897819902e-5,Vmag_get_voltage_magnitude_series__angle_get_voltage_angle_series,true,true
4.22,-7.5890159828576e-5,Vmag_get_voltage_magnitude_series__angle_get_voltage_angle_series,true,true
4.23,-7.564694479490633e-5,Vmag_get_voltage_magnitude_series__angle_get_voltage_angle_series,true,true
4.24,-7.540377107570662e-5,Vmag_get_voltage_magnitude_series__angle_get_voltage_angle_series,true,true
4.25,-7.516063834391415e-5,Vmag_get_voltage_magnitude_series__angle_get_voltage_angle_series,true,true
4.26,-7.491754855756127e-5,Vmag_get_voltage_magnitude_series__angle_get_voltage_angle_series,true,true
4.27,-7.467450561343156e-5,Vmag_get_voltage_magnitude_series__angle_get_voltage_angle_series,true,true
4.28,-7.443151498987142e-5,Vmag_get_voltage_magnitude_series__angle_get_voltage_angle_series,true,true
4.29,-7.418858353092649e-5,Vmag_get_voltage_magnitude_series__angle_get_voltage_angle_series,true,true
4.3,-7.394571915368654e-5,Vmag_get_voltage_magnitude_series__angle_get_voltage_angle_series,true,true
4.31,-7.370293051389862e-5,Vmag_get_voltage_magnitude_series__angle_get_voltage_angle_series,true,true
4.32,-7.346022679751922e-5,Vmag_get_voltage_magnitude_series__angle_get_voltage_angle_series,true,true
4.33,-7.321761742942637e-5,Vmag_get_voltage_magnitude_series__angle_get_voltage_angle_series,true,true
4.34,-7.297511181643533e-5,Vmag_get_voltage_magnitude_series__angle_get_voltage_angle_series,true,true
4.35,-7.273271919386091e-5,Vmag_get_voltage_magnitude_series__angle_get_voltage_angle_series,true,true
4.36,-7.24904483529063e-5,Vmag_get_voltage_magnitude_series__angle_get_voltage_angle_series,true,true
4.37,-7.22483074381658e-5,Vmag_get_voltage_magnitude_series__angle_get_voltage_angle_series,true,true
4.38,-7.200630382426809e-5,Vmag_get_voltage_magnitude_series__angle_get_voltage_angle_series,true,true
4.39,-7.176444392897617e-5,Vmag_get_voltage_magnitude_series__angle_get_voltage_angle_series,true,true
4.4,-7.152273307613637e-5,Vmag_get_voltage_magnitude_series__angle_get_voltage_angle_series,true,true
4.41,-7.12811754049976e-5,Vmag_get_voltage_magnitude_series__angle_get_voltage_angle_series,true,true
4.42,-7.10397737518242e-5,Vmag_get_voltage_magnitude_series__angle_get_voltage_angle_series,true,true
4.43,-7.079852958591101e-5,Vmag_get_voltage_magnitude_series__angle_get_voltage_angle_series,true,true
4.44,-7.055744292763972e-5,Vmag_get_voltage_magnitude_series__angle_get_voltage_angle_series,true,true
4.45,-7.03165123610561e-5,Vmag_get_voltage_magnitude_series__angle_get_voltage_angle_series,true,true
4.46,-7.007573495673048e-5,Vmag_get_voltage_magnitude_series__angle_get_voltage_angle_series,true,true
4.47,-6.98351063010359e-5,Vmag_get_voltage_magnitude_series__angle_get_voltage_angle_series,true,true
4.48,-6.959462052983086e-5,Vmag_get_voltage_magnitude_series__angle_get_voltage_angle_series,true,true
4.49,-6.935427027742558e-5,Vmag_get_voltage_magnitude_series__angle_get_voltage_angle_series,true,true
4.5,-6.911404682544966e-5,Vmag_get_voltage_magnitude_series__angle_get_voltage_angle_series,true,true
4.51,-6.88739401064567e-5,Vmag_get_voltage_magnitude_series__angle_get_voltage_angle_series,true,true
4.52,-6.863393874073927e-5,Vmag_get_voltage_magnitude_series__angle_get_voltage_angle_series,true,true
4.53,-6.839403020591856e-5,Vmag_get_voltage_magnitude_series__angle_get_voltage_angle_series,true,true
4.54,-6.81542008464818e-5,Vmag_get_voltage_magnitude_series__angle_get_voltage_angle_series,true,true
4.55,-6.791443601762518e-5,Vmag_get_voltage_magnitude_series__angle_get_voltage_angle_series,true,true
4.56,-6.767472019189176e-5,Vmag_get_voltage_magnitude_series__angle_get_voltage_angle_series,true,true
4.57,-6.743503703509627e-5,Vmag_get_voltage_magnitude_series__angle_get_voltage_angle_series,true,true
4.58,-6.719536957025497e-5,Vmag_get_voltage_magnitude_series__angle_get_voltage_angle_series,true,true
4.59,-6.695570027692305e-5,Vmag_get_voltage_magnitude_series__angle_get_voltage_angle_series,true,true
4.6,-6.671601118480092e-5,Vmag_get_voltage_magnitude_series__angle_get_voltage_angle_series,true,true
4.61,-6.64762840637392e-5,Vmag_get_voltage_magnitude_series__angle_get_voltage_angle_series,true,true
4.62,-6.623650051428423e-5,Vmag_get_voltage_magnitude_series__angle_get_voltage_angle_series,true,true
4.63,-6.599664205757305e-5,Vmag_get_voltage_magnitude_series__angle_get_voltage_angle_series,true,true
4.64,-6.575669031154577e-5,Vmag_get_voltage_magnitude_series__angle_get_voltage_angle_series,true,true
4.65,-6.551662705637865e-5,Vmag_get_voltage_magnitude_series__angle_get_voltage_angle_series,true,true
4.66,-6.527643439256148e-5,Vmag_get_voltage_magnitude_series__angle_get_voltage_angle_series,true,true
4.67,-6.503609483349821e-5,Vmag_get_voltage_magnitude_series__angle_get_voltage_angle_series,true,true
4.68,-6.479559135383426e-5,Vmag_get_voltage_magnitude_series__angle_get_voltage_angle_series,true,true
4.69,-6.455490757040572e-5,Vmag_get_voltage_magnitude_series__angle_get_voltage_angle_series,true,true
4.7,-6.431402779612052e-5,Vmag_get_voltage_magnitude_series__angle_get_voltage_angle_series,true,true
4.71,-6.40729370789424e-5,Vmag_get_voltage_magnitude_series__angle_get_voltage_angle_series,true,true
4.72,-6.38316213355299e-5,Vmag_get_voltage_magnitude_series__angle_get_voltage_angle_series,true,true
4.73,-6.359006737393073e-5,Vmag_get_voltage_magnitude_series__angle_get_voltage_angle_series,true,true
4.74,-6.334826297363656e-5,Vmag_get_voltage_magnitude_series__angle_get_voltage_angle_series,true,true
4.75,-6.310619690513024e-5,Vmag_get_voltage_magnitude_series__angle_get_voltage_angle_series,true,true
4.76,-6.28638590088063e-5,Vmag_get_voltage_magnitude_series__angle_get_voltage_angle_series,true,true
4.77,-6.262124019423913e-5,Vmag_get_voltage_magnitude_series__angle_get_voltage_angle_series,true,true
4.78,-6.237833244003122e-5,Vmag_get_voltage_magnitude_series__angle_get_voltage_angle_series,true,true
4.79,-6.213512889081718e-5,Vmag_get_voltage_magnitude_series__angle_get_voltage_angle_series,true,true
4.8,-6.189162375726411e-5,Vmag_get_voltage_magnitude_series__angle_get_voltage_angle_series,true,true
4.81,-6.164781237836858e-5,Vmag_get_voltage_magnitude_series__angle_get_voltage_angle_series,true,true
4.82,-6.140369121311852e-5,Vmag_get_voltage_magnitude_series__angle_get_voltage_angle_series,true,true
4.83,-6.115925777598769e-5,Vmag_get_voltage_magnitude_series__angle_get_voltage_angle_series,true,true
4.84,-6.091451066001699e-5,Vmag_get_voltage_magnitude_series__angle_get_voltage_angle_series,true,true
4.85,-6.066944948442336e-5,Vmag_get_voltage_magnitude_series__angle_get_voltage_angle_series,true,true
4.86,-6.04240748701934e-5,Vmag_get_voltage_magnitude_series__angle_get_voltage_angle_series,true,true
4.87,-6.017838838010589e-5,Vmag_get_voltage_magnitude_series__angle_get_voltage_angle_series,true,true
4.88,-5.993239249791467e-5,Vmag_get_voltage_magnitude_series__angle_get_voltage_angle_series,true,true
4.89,-5.968609055066772e-5,Vmag_get_voltage_magnitude_series__angle_get_voltage_angle_series,true,true
4.9,-5.9439486689546375e-5,Vmag_get_voltage_magnitude_series__angle_get_voltage_angle_series,true,true
4.91,-5.9192585798358584e-5,Vmag_get_voltage_magnitude_series__angle_get_voltage_angle_series,true,true
4.92,-5.894539345842037e-5,Vmag_get_voltage_magnitude_series__angle_get_voltage_angle_series,true,true
4.93,-5.869791589820758e-5,Vmag_get_voltage_magnitude_series__angle_get_voltage_angle_series,true,true
4.94,-5.845015989871219e-5,Vmag_get_voltage_magnitude_series__angle_get_voltage_angle_series,true,true
4.95,-5.8202132761957626e-5,Vmag_get_voltage_magnitude_series__angle_get_voltage_angle_series,true,true
4.96,-5.795384222082792e-5,Vmag_get_voltage_magnitude_series__angle_get_voltage_angle_series,true,true
4.97,-5.770529643880203e-5,Vmag_get_voltage_magnitude_series__angle_get_voltage_angle_series,true,true
4.98,-5.745650385385246e-5,Vmag_get_voltage_magnitude_series__angle_get_voltage_angle_series,true,true
4.99,-5.720747319290219e-5,Vmag_get_voltage_magnitude_series__angle_get_voltage_angle_series,true,true
5.0,-5.69582134290308e-5,Vmag_get_voltage_magnitude_series__angle_get_voltage_angle_series,true,true
5.01,-5.6708733641896196e-5,Vmag_get_voltage_magnitude_series__angle_get_voltage_angle_series,true,true
5.02,-5.645904305311659e-5,Vmag_get_voltage_magnitude_series__angle_get_voltage_angle_series,true,true
5.03,-5.6209150922418135e-5,Vmag_get_voltage_magnitude_series__angle_get_voltage_angle_series,true,true
5.04,-5.595906649952747e-5,Vmag_get_voltage_magnitude_series__angle_get_voltage_angle_series,true,true
5.05,-5.570879901594436e-5,Vmag_get_voltage_magnitude_series__angle_get_voltage_angle_series,true,true
5.06,-5.54583576334333e-5,Vmag_get_voltage_magnitude_series__angle_get_voltage_angle_series,true,true
5.07,-5.5207751398910305e-5,Vmag_get_voltage_magnitude_series__angle_get_voltage_angle_series,true,true
5.08,-5.495698922748118e-5,Vmag_get_voltage_magnitude_series__angle_get_voltage_angle_series,true,true
5.09,-5.470607983943786e-5,Vmag_get_voltage_magnitude_series__angle_get_voltage_angle_series,true,true
5.1,-5.445503173801541e-5,Vmag_get_voltage_magnitude_series__angle_get_voltage_angle_series,true,true
5.11,-5.420385325886718e-5,Vmag_get_voltage_magnitude_series__angle_get_voltage_angle_series,true,true
5.12,-5.3952552488001246e-5,Vmag_get_voltage_magnitude_series__angle_get_voltage_angle_series,true,true
5.13,-5.370113723240454e-5,Vmag_get_voltage_magnitude_series__angle_get_voltage_angle_series,true,true
5.14,-5.344961506168678e-5,Vmag_get_voltage_magnitude_series__angle_get_voltage_angle_series,true,true
5.15,-5.3197993278207506e-5,Vmag_get_voltage_magnitude_series__angle_get_voltage_angle_series,true,true
5.16,-5.294627890668551e-5,Vmag_get_voltage_magnitude_series__angle_get_voltage_angle_series,true,true
5.17,-5.269447871573403e-5,Vmag_get_voltage_magnitude_series__angle_get_voltage_angle_series,true,true
5.18,-5.2442599206605656e-5,Vmag_get_voltage_magnitude_series__angle_get_voltage_angle_series,true,true
5.19,-5.219064659590899e-5,Vmag_get_voltage_magnitude_series__angle_get_voltage_angle_series,true,true
5.2,-5.193862687843741e-5,Vmag_get_voltage_magnitude_series__angle_get_voltage_angle_series,true,true
5.21,-5.168654581159765e-5,Vmag_get_voltage_magnitude_series__angle_get_voltage_angle_series,true,true
5.22,-5.1434408911498624e-5,Vmag_get_voltage_magnitude_series__angle_get_voltage_angle_series,true,true
5.23,-5.118222150021786e-5,Vmag_get_voltage_magnitude_series__angle_get_voltage_angle_series,true,true
5.24,-5.0929988701264475e-5,Vmag_get_voltage_magnitude_series__angle_get_voltage_angle_series,true,true
5.25,-5.067771546630479e-5,Vmag_get_voltage_magnitude_series__angle_get_voltage_angle_series,true,true
5.26,-5.042540658500242e-5,Vmag_get_voltage_magnitude_series__angle_get_voltage_angle_series,true,true
5.27,-5.017306671957343e-5,Vmag_get_voltage_magnitude_series__angle_get_voltage_angle_series,true,true
5.28,-4.992070044041309e-5,Vmag_get_voltage_magnitude_series__angle_get_voltage_angle_series,true,true
5.29,-4.9668312202561885e-5,Vmag_get_voltage_magnitude_series__angle_get_voltage_angle_series,true,true
5.3,-4.9415906414231026e-5,Vmag_get_voltage_magnitude_series__angle_get_voltage_angle_series,true,true
5.31,-4.916348743001956e-5,Vmag_get_voltage_magnitude_series__angle_get_voltage_angle_series,true,true
5.32,-4.8911059567976616e-5,Vmag_get_voltage_magnitude_series__angle_get_voltage_angle_series,true,true
5.33,-4.8658627168620566e-5,Vmag_get_voltage_magnitude_series__angle_get_voltage_angle_series,true,true
5.34,-4.840619459935668e-5,Vmag_get_voltage_magnitude_series__angle_get_voltage_angle_series,true,true
5.35,-4.815376624300036e-5,Vmag_get_voltage_magnitude_series__angle_get_voltage_angle_series,true,true
5.36,-4.7901346538196685e-5,Vmag_get_voltage_magnitude_series__angle_get_voltage_angle_series,true,true
5.37,-4.764894003247618e-5,Vmag_get_voltage_magnitude_series__angle_get_voltage_angle_series,true,true
5.38,-4.739655134801986e-5,Vmag_get_voltage_magnitude_series__angle_get_voltage_angle_series,true,true
5.39,-4.7144185230701276e-5,Vmag_get_voltage_magnitude_series__angle_get_voltage_angle_series,true,true
5.4,-4.689184653904276e-5,Vmag_get_voltage_magnitude_series__angle_get_voltage_angle_series,true,true
5.41,-4.663954028379837e-5,Vmag_get_voltage_magnitude_series__angle_get_voltage_angle_series,true,true
5.42,-4.638727161806992e-5,Vmag_get_voltage_magnitude_series__angle_get_voltage_angle_series,true,true
5.43,-4.613504583444401e-5,Vmag_get_voltage_magnitude_series__angle_get_voltage_angle_series,true,true
5.44,-4.588286841965765e-5,Vmag_get_voltage_magnitude_series__angle_get_voltage_angle_series,true,true
5.45,-4.5630745055363144e-5,Vmag_get_voltage_magnitude_series__angle_get_voltage_angle_series,true,true
5.46,-4.537868156804546e-5,Vmag_get_voltage_magnitude_series__angle_get_voltage_angle_series,true,true
5.47,-4.512668396321032e-5,Vmag_get_voltage_magnitude_series__angle_get_voltage_angle_series,true,true
5.48,-4.4874758462435325e-5,Vmag_get_voltage_magnitude_series__angle_get_voltage_angle_series,true,true
5.49,-4.46229114333455e-5,Vmag_get_voltage_magnitude_series__angle_get_voltage_angle_series,true,true
5.5,-4.437114946664254e-5,Vmag_get_voltage_magnitude_series__angle_get_voltage_angle_series,true,true
5.51,-4.4119479315706194e-5,Vmag_get_voltage_magnitude_series__angle_get_voltage_angle_series,true,true
5.52,-4.38679079109411e-5,Vmag_get_voltage_magnitude_series__angle_get_voltage_angle_series,true,true
5.53,-4.361644237016748e-5,Vmag_get_voltage_magnitude_series__angle_get_voltage_angle_series,true,true
5.54,-4.3365089965922376e-5,Vmag_get_voltage_magnitude_series__angle_get_voltage_angle_series,true,true
5.55,-4.311385813760768e-5,Vmag_get_voltage_magnitude_series__angle_get_voltage_angle_series,true,true
5.56,-4.286275446609756e-5,Vmag_get_voltage_magnitude_series__angle_get_voltage_angle_series,true,true
5.57,-4.261178669196039e-5,Vmag_get_voltage_magnitude_series__angle_get_voltage_angle_series,true,true
5.58,-4.236096269733951e-5,Vmag_get_voltage_magnitude_series__angle_get_voltage_angle_series,true,true
5.59,-4.211029044653884e-5,Vmag_get_voltage_magnitude_series__angle_get_voltage_angle_series,true,true
5.6,-4.1859778036389235e-5,Vmag_get_voltage_magnitude_series__angle_get_voltage_angle_series,true,true
5.61,-4.1609433693156163e-5,Vmag_get_voltage_magnitude_series__angle_get_voltage_angle_series,true,true
5.62,-4.135926571002546e-5,Vmag_get_voltage_magnitude_series__angle_get_voltage_angle_series,true,true
5.63,-4.110928244688267e-5,Vmag_get_voltage_magnitude_series__angle_get_voltage_angle_series,true,true
5.64,-4.085949232827723e-5,Vmag_get_voltage_magnitude_series__angle_get_voltage_angle_series,true,true
5.65,-4.0609903877547154e-5,Vmag_get_voltage_magnitude_series__angle_get_voltage_angle_series,true,true
5.66,-4.03605256205116e-5,Vmag_get_voltage_magnitude_series__angle_get_voltage_angle_series,true,true
5.67,-4.011136610634332e-5,Vmag_get_voltage_magnitude_series__angle_get_voltage_angle_series,true,true
5.68,-3.9862433953296405e-5,Vmag_get_voltage_magnitude_series__angle_get_voltage_angle_series,true,true
5.69,-3.9613737759639555e-5,Vmag_get_voltage_magnitude_series__angle_get_voltage_angle_series,true,true
5.7,-3.936528610061198e-5,Vmag_get_voltage_magnitude_series__angle_get_voltage_angle_series,true,true
5.71,-3.911708756956092e-5,Vmag_get_voltage_magnitude_series__angle_get_voltage_angle_series,true,true
5.72,-3.886915073587256e-5,Vmag_get_voltage_magnitude_series__angle_get_voltage_angle_series,true,true
5.73,-3.8621484132603075e-5,Vmag_get_voltage_magnitude_series__angle_get_voltage_angle_series,true,true
5.74,-3.837409624222553e-5,Vmag_get_voltage_magnitude_series__angle_get_voltage_angle_series,true,true
5.75,-3.8126995536662934e-5,Vmag_get_voltage_magnitude_series__angle_get_voltage_angle_series,true,true
5.76,-3.788019042467409e-5,Vmag_get_voltage_magnitude_series__angle_get_voltage_angle_series,true,true
5.77,-3.763368920479939e-5,Vmag_get_voltage_magnitude_series__angle_get_voltage_angle_series,true,true
5.78,-3.7387500163104936e-5,Vmag_get_voltage_magnitude_series__angle_get_voltage_angle_series,true,true
5.79,-3.714163153606776e-5,Vmag_get_voltage_magnitude_series__angle_get_voltage_angle_series,true,true
5.8,-3.689609143437507e-5,Vmag_get_voltage_magnitude_series__angle_get_voltage_angle_series,true,true
5.81,-3.6650887909855093e-5,Vmag_get_voltage_magnitude_series__angle_get_voltage_angle_series,true,true
5.82,-3.6406028940512845e-5,Vmag_get_voltage_magnitude_series__angle_get_voltage_angle_series,true,true
5.83,-3.616152240755297e-5,Vmag_get_voltage_magnitude_series__angle_get_voltage_angle_series,true,true
5.84,-3.5917376132099766e-5,Vmag_get_voltage_magnitude_series__angle_get_voltage_angle_series,true,true
5.85,-3.5673597830366675e-5,Vmag_get_voltage_magnitude_series__angle_get_voltage_angle_series,true,true
5.86,-3.543019514259035e-5,Vmag_get_voltage_magnitude_series__angle_get_voltage_angle_series,true,true
5.87,-3.518717563092605e-5,Vmag_get_voltage_magnitude_series__angle_get_voltage_angle_series,true,true
5.88,-3.4944546746261705e-5,Vmag_get_voltage_magnitude_series__angle_get_voltage_angle_series,true,true
5.89,-3.470231588675529e-5,Vmag_get_voltage_magnitude_series__angle_get_voltage_angle_series,true,true
5.9,-3.446049035504076e-5,Vmag_get_voltage_magnitude_series__angle_get_voltage_angle_series,true,true
5.91,-3.421907736782976e-5,Vmag_get_voltage_magnitude_series__angle_get_voltage_angle_series,true,true
5.92,-3.3978084079821195e-5,Vmag_get_voltage_magnitude_series__angle_get_voltage_angle_series,true,true
5.93,-3.3737517578737626e-5,Vmag_get_voltage_magnitude_series__angle_get_voltage_angle_series,true,true
5.94,-3.3497384857384935e-5,Vmag_get_voltage_magnitude_series__angle_get_voltage_angle_series,true,true
5.95,-3.325769285064229e-5,Vmag_get_voltage_magnitude_series__angle_get_voltage_angle_series,true,true
5.96,-3.3018448444021095e-5,Vmag_get_voltage_magnitude_series__angle_get_voltage_angle_series,true,true
5.97,-3.277965843639876e-5,Vmag_get_voltage_magnitude_series__angle_get_voltage_angle_series,true,true
5.98,-3.254132958369601e-5,Vmag_get_voltage_magnitude_series__angle_get_voltage_angle_series,true,true
5.99,-3.23034685960549e-5,Vmag_get_voltage_magnitude_series__angle_get_voltage_angle_series,true,true
6.0,-3.2066082107689985e-5,Vmag_get_voltage_magnitude_series__angle_get_voltage_angle_series,true,true
6.01,-3.182917670980532e-5,Vmag_get_voltage_magnitude_series__angle_get_voltage_angle_series,true,true
6.02,-3.15927589760428e-5,Vmag_get_voltage_magnitude_series__angle_get_voltage_angle_series,true,true
6.03,-3.135683543073891e-5,Vmag_get_voltage_magnitude_series__angle_get_voltage_angle_series,true,true
6.04,-3.112141254002753e-5,Vmag_get_voltage_magnitude_series__angle_get_voltage_angle_series,true,true
6.05,-3.0886496742541295e-5,Vmag_get_voltage_magnitude_series__angle_get_voltage_angle_series,true,true
6.06,-3.0652094471835544e-5,Vmag_get_voltage_magnitude_series__angle_get_voltage_angle_series,true,true
6.07,-3.041821209349504e-5,Vmag_get_voltage_magnitude_series__angle_get_voltage_angle_series,true,true
6.08,-3.0184855964432547e-5,Vmag_get_voltage_magnitude_series__angle_get_voltage_angle_series,true,true
6.09,-2.995203243697508e-5,Vmag_get_voltage_magnitude_series__angle_get_voltage_angle_series,true,true
6.1,-2.971974777212187e-5,Vmag_get_voltage_magnitude_series__angle_get_voltage_angle_series,true,true
6.11,-2.9488008294541065e-5,Vmag_get_voltage_magnitude_series__angle_get_voltage_angle_series,true,true
6.12,-2.9256820271305817e-5,Vmag_get_voltage_magnitude_series__angle_get_voltage_angle_series,true,true
6.13,-2.9026189903777297e-5,Vmag_get_voltage_magnitude_series__angle_get_voltage_angle_series,true,true
6.14,-2.8796123439868092e-5,Vmag_get_voltage_magnitude_series__angle_get_voltage_angle_series,true,true
6.15,-2.8566627078018e-5,Vmag_get_voltage_magnitude_series__angle_get_voltage_angle_series,true,true
6.16,-2.83377070020867e-5,Vmag_get_voltage_magnitude_series__angle_get_voltage_angle_series,true,true
6.17,-2.8109369369647608e-5,Vmag_get_voltage_magnitude_series__angle_get_voltage_angle_series,true,true
6.18,-2.7881620338663236e-5,Vmag_get_voltage_magnitude_series__angle_get_voltage_angle_series,true,true
6.19,-2.7654466012874506e-5,Vmag_get_voltage_magnitude_series__angle_get_voltage_angle_series,true,true
6.2,-2.7427912491602386e-5,Vmag_get_voltage_magnitude_series__angle_get_voltage_angle_series,true,true
6.21,-2.720196588288986e-5,Vmag_get_voltage_magnitude_series__angle_get_voltage_angle_series,true,true
6.22,-2.6976632214826803e-5,Vmag_get_voltage_magnitude_series__angle_get_voltage_angle_series,true,true
6.23,-2.6751917511087995e-5,Vmag_get_voltage_magnitude_series__angle_get_voltage_angle_series,true,true
6.24,-2.6527827780436948e-5,Vmag_get_voltage_magnitude_series__angle_get_voltage_angle_series,true,true
6.25,-2.6304368971668134e-5,Vmag_get_voltage_magnitude_series__angle_get_voltage_angle_series,true,true
6.26,-2.6081547040371375e-5,Vmag_get_voltage_magnitude_series__angle_get_voltage_angle_series,true,true
6.27,-2.5859367899947646e-5,Vmag_get_voltage_magnitude_series__angle_get_voltage_angle_series,true,true
6.28,-2.563783738423228e-5,Vmag_get_voltage_magnitude_series__angle_get_voltage_angle_series,true,true
6.29,-2.5416961331807028e-5,Vmag_get_voltage_magnitude_series__angle_get_voltage_angle_series,true,true
6.3,-2.5196745539451403e-5,Vmag_get_voltage_magnitude_series__angle_get_voltage_angle_series,true,true
6.31,-2.497719574248961e-5,Vmag_get_voltage_magnitude_series__angle_get_voltage_angle_series,true,true
6.32,-2.4758317643835133e-5,Vmag_get_voltage_magnitude_series__angle_get_voltage_angle_series,true,true
6.33,-2.454011689587474e-5,Vmag_get_voltage_magnitude_series__angle_get_voltage_angle_series,true,true
6.34,-2.4322599088044573e-5,Vmag_get_voltage_magnitude_series__angle_get_voltage_angle_series,true,true
6.35,-2.4105769775492627e-5,Vmag_get_voltage_magnitude_series__angle_get_voltage_angle_series,true,true
6.36,-2.3889634457157138e-5,Vmag_get_voltage_magnitude_series__angle_get_voltage_angle_series,true,true
6.37,-2.367419856764524e-5,Vmag_get_voltage_magnitude_series__angle_get_voltage_angle_series,true,true
6.38,-2.34594674844666e-5,Vmag_get_voltage_magnitude_series__angle_get_voltage_angle_series,true,true
6.39,-2.324544652223978e-5,Vmag_get_voltage_magnitude_series__angle_get_voltage_angle_series,true,true
6.4,-2.303214093843477e-5,Vmag_get_voltage_magnitude_series__angle_get_voltage_angle_series,true,true
6.41,-2.2819555919012226e-5,Vmag_get_voltage_magnitude_series__angle_get_voltage_angle_series,true,true
6.42,-2.260769660365812e-5,Vmag_get_voltage_magnitude_series__angle_get_voltage_angle_series,true,true
6.43,-2.2396568054644915e-5,Vmag_get_voltage_magnitude_series__angle_get_voltage_angle_series,true,true
6.44,-2.2186175256113625e-5,Vmag_get_voltage_magnitude_series__angle_get_voltage_angle_series,true,true
6.45,-2.1976523125831245e-5,Vmag_get_voltage_magnitude_series__angle_get_voltage_angle_series,true,true
6.46,-2.1767616514473008e-5,Vmag_get_voltage_magnitude_series__angle_get_voltage_angle_series,true,true
6.47,-2.155946021782948e-5,Vmag_get_voltage_magnitude_series__angle_get_voltage_angle_series,true,true
6.48,-2.1352058945829203e-5,Vmag_get_voltage_magnitude_series__angle_get_voltage_angle_series,true,true
6.49,-2.1145417327890956e-5,Vmag_get_voltage_magnitude_series__angle_get_voltage_angle_series,true,true
6.5,-2.0939539925403155e-5,Vmag_get_voltage_magnitude_series__angle_get_voltage_angle_series,true,true
6.51,-2.0734431232225454e-5,Vmag_get_voltage_magnitude_series__angle_get_voltage_angle_series,true,true
6.52,-2.053009567242016e-5,Vmag_get_voltage_magnitude_series__angle_get_voltage_angle_series,true,true
6.53,-2.032653759048323e-5,Vmag_get_voltage_magnitude_series__angle_get_voltage_angle_series,true,true
6.54,-2.0123761244216565e-5,Vmag_get_voltage_magnitude_series__angle_get_voltage_angle_series,true,true
6.55,-1.992177085320947e-5,Vmag_get_voltage_magnitude_series__angle_get_voltage_angle_series,true,true
6.56,-1.972057054561211e-5,Vmag_get_voltage_magnitude_series__angle_get_voltage_angle_series,true,true
6.57,-1.9520164349963193e-5,Vmag_get_voltage_magnitude_series__angle_get_voltage_angle_series,true,true
6.58,-1.9320556271939398e-5,Vmag_get_voltage_magnitude_series__angle_get_voltage_angle_series,true,true
6.59,-1.9121750211749394e-5,Vmag_get_voltage_magnitude_series__angle_get_voltage_angle_series,true,true
6.6,-1.8923750007814706e-5,Vmag_get_voltage_magnitude_series__angle_get_voltage_angle_series,true,true
6.61,-1.8726559452120213e-5,Vmag_get_voltage_magnitude_series__angle_get_voltage_angle_series,true,true
6.62,-1.853018222107787e-5,Vmag_get_voltage_magnitude_series__angle_get_voltage_angle_series,true,true
6.63,-1.8334621941512296e-5,Vmag_get_voltage_magnitude_series__angle_get_voltage_angle_series,true,true
6.64,-1.813988219386668e-5,Vmag_get_voltage_magnitude_series__angle_get_voltage_angle_series,true,true
6.65,-1.79459664598561e-5,Vmag_get_voltage_magnitude_series__angle_get_voltage_angle_series,true,true
6.66,-1.7752878191321057e-5,Vmag_get_voltage_magnitude_series__angle_get_voltage_angle_series,true,true
6.67,-1.7560620756169206e-5,Vmag_get_voltage_magnitude_series__angle_get_voltage_angle_series,true,true
6.68,-1.7369197435286283e-5,Vmag_get_voltage_magnitude_series__angle_get_voltage_angle_series,true,true
6.69,-1.717861146941611e-5,Vmag_get_voltage_magnitude_series__angle_get_voltage_angle_series,true,true
6.7,-1.6988866057224827e-5,Vmag_get_voltage_magnitude_series__angle_get_voltage_angle_series,true,true
6.71,-1.679996430107697e-5,Vmag_get_voltage_magnitude_series__angle_get_voltage_angle_series,true,true
6.72,-1.661190923459224e-5,Vmag_get_voltage_magnitude_series__angle_get_voltage_angle_series,true,true
6.73,-1.6424703875599466e-5,Vmag_get_voltage_magnitude_series__angle_get_voltage_angle_series,true,true
6.74,-1.6238351148110646e-5,Vmag_get_voltage_magnitude_series__angle_get_voltage_angle_series,true,true
6.75,-1.605285391859924e-5,Vmag_get_voltage_magnitude_series__angle_get_voltage_angle_series,true,true
6.76,-1.5868215008814333e-5,Vmag_get_voltage_magnitude_series__angle_get_voltage_angle_series,true,true
6.77,-1.5684437175788125e-5,Vmag_get_voltage_magnitude_series__angle_get_voltage_angle_series,true,true
6.78,-1.5501523106869863e-5,Vmag_get_voltage_magnitude_series__angle_get_voltage_angle_series,true,true
6.79,-1.53194754526874e-5,Vmag_get_voltage_magnitude_series__angle_get_voltage_angle_series,true,true
6.8,-1.513829679484481e-5,Vmag_get_voltage_magnitude_series__angle_get_voltage_angle_series,true,true
6.81,-1.4957989661662212e-5,Vmag_get_voltage_magnitude_series__angle_get_voltage_angle_series,true,true
6.82,-1.4778556533531853e-5,Vmag_get_voltage_magnitude_series__angle_get_voltage_angle_series,true,true
6.83,-1.4599999797636693e-5,Vmag_get_voltage_magnitude_series__angle_get_voltage_angle_series,true,true
6.84,-1.4422321827519578e-5,Vmag_get_voltage_magnitude_series__angle_get_voltage_angle_series,true,true
6.85,-1.4245524932892713e-5,Vmag_get_voltage_magnitude_series__angle_get_voltage_angle_series,true,true
6.86,-1.4069611364551991e-5,Vmag_get_voltage_magnitude_series__angle_get_voltage_angle_series,true,true
6.87,-1.3894583323319748e-5,Vmag_get_voltage_magnitude_series__angle_get_voltage_angle_series,true,true
6.88,-1.3720442942706404e-5,Vmag_get_voltage_magnitude_series__angle_get_voltage_angle_series,true,true
6.89,-1.3547192304981373e-5,Vmag_get_voltage_magnitude_series__angle_get_voltage_angle_series,true,true
6.9,-1.337483342068713e-5,Vmag_get_voltage_magnitude_series__angle_get_voltage_angle_series,true,true
6.91,-1.3203368292082209e-5,Vmag_get_voltage_magnitude_series__angle_get_voltage_angle_series,true,true
6.92,-1.3032798831860467e-5,Vmag_get_voltage_magnitude_series__angle_get_voltage_angle_series,true,true
6.93,-1.2863126869227386e-5,Vmag_get_voltage_magnitude_series__angle_get_voltage_angle_series,true,true
6.94,-1.2694354238083115e-5,Vmag_get_voltage_magnitude_series__angle_get_voltage_angle_series,true,true
6.95,-1.2526482693696247e-5,Vmag_get_voltage_magnitude_series__angle_get_voltage_angle_series,true,true
6.96,-1.2359513892052374e-5,Vmag_get_voltage_magnitude_series__angle_get_voltage_angle_series,true,true
6.97,-1.2193449494052637e-5,Vmag_get_voltage_magnitude_series__angle_get_voltage_angle_series,true,true
6.98,-1.2028291093730291e-5,Vmag_get_voltage_magnitude_series__angle_get_voltage_angle_series,true,true
6.99,-1.1864040177387227e-5,Vmag_get_voltage_magnitude_series__angle_get_voltage_angle_series,true,true
7.0,-1.1700698230109506e-5,Vmag_get_voltage_magnitude_series__angle_get_voltage_angle_series,true,true
7.01,-1.1538266672766289e-5,Vmag_get_voltage_magnitude_series__angle_get_voltage_angle_series,true,true
7.02,-1.137674683009123e-5,Vmag_get_voltage_magnitude_series__angle_get_voltage_angle_series,true,true
7.03,-1.1216140005008406e-5,Vmag_get_voltage_magnitude_series__angle_get_voltage_angle_series,true,true
7.04,-1.1056447445002018e-5,Vmag_get_voltage_magnitude_series__angle_get_voltage_angle_series,true,true
7.05,-1.0897670312243553e-5,Vmag_get_voltage_magnitude_series__angle_get_voltage_angle_series,true,true
7.06,-1.0739809726663758e-5,Vmag_get_voltage_magnitude_series__angle_get_voltage_angle_series,true,true
7.07,-1.058286675281071e-5,Vmag_get_voltage_magnitude_series__angle_get_voltage_angle_series,true,true
7.08,-1.0426842397363072e-5,Vmag_get_voltage_magnitude_series__angle_get_voltage_angle_series,true,true
7.09,-1.0271737612388038e-5,Vmag_get_voltage_magnitude_series__angle_get_voltage_angle_series,true,true
7.1,-1.0117553275685586e-5,Vmag_get_voltage_magnitude_series__angle_get_voltage_angle_series,true,true
7.11,-9.964290194819333e-6,Vmag_get_voltage_magnitude_series__angle_get_voltage_angle_series,true,true
7.12,-9.811949172989755e-6,Vmag_get_voltage_magnitude_series__angle_get_voltage_angle_series,true,true
7.13,-9.660530926372955e-6,Vmag_get_voltage_magnitude_series__angle_get_voltage_angle_series,true,true
7.14,-9.510036088374207e-6,Vmag_get_voltage_magnitude_series__angle_get_voltage_angle_series,true,true
7.15,-9.360465258771885e-6,Vmag_get_voltage_magnitude_series__angle_get_voltage_angle_series,true,true
7.16,-9.21181897842591e-6,Vmag_get_voltage_magnitude_series__angle_get_voltage_angle_series,true,true
7.17,-9.064097741425801e-6,Vmag_get_voltage_magnitude_series__angle_get_voltage_angle_series,true,true
7.18,-8.917301964391105e-6,Vmag_get_voltage_magnitude_series__angle_get_voltage_angle_series,true,true
7.19,-8.771432019988654e-6,Vmag_get_voltage_magnitude_series__angle_get_voltage_angle_series,true,true
7.2,-8.626488229586978e-6,Vmag_get_voltage_magnitude_series__angle_get_voltage_angle_series,true,true
7.21,-8.482470837138263e-6,Vmag_get_voltage_magnitude_series__angle_get_voltage_angle_series,true,true
7.22,-8.339380052029043e-6,Vmag_get_voltage_magnitude_series__angle_get_voltage_angle_series,true,true
7.23,-8.197216018268519e-6,Vmag_get_voltage_magnitude_series__angle_get_voltage_angle_series,true,true
7.24,-8.055978810732226e-6,Vmag_get_voltage_magnitude_series__angle_get_voltage_angle_series,true,true
7.25,-7.915668491705304e-6,Vmag_get_voltage_magnitude_series__angle_get_voltage_angle_series,true,true
7.26,-7.776285021431188e-6,Vmag_get_voltage_magnitude_series__angle_get_voltage_angle_series,true,true
7.27,-7.637828327739656e-6,Vmag_get_voltage_magnitude_series__angle_get_voltage_angle_series,true,true
7.28,-7.5002983042815976e-6,Vmag_get_voltage_magnitude_series__angle_get_voltage_angle_series,true,true
7.29,-7.363694753597559e-6,Vmag_get_voltage_magnitude_series__angle_get_voltage_angle_series,true,true
7.3,-7.228017449293229e-6,Vmag_get_voltage_magnitude_series__angle_get_voltage_angle_series,true,true
7.31,-7.093266110253974e-6,Vmag_get_voltage_magnitude_series__angle_get_voltage_angle_series,true,true
7.32,-6.959440413234476e-6,Vmag_get_voltage_magnitude_series__angle_get_voltage_angle_series,true,true
7.33,-6.82653995906406e-6,Vmag_get_voltage_magnitude_series__angle_get_voltage_angle_series,true,true
7.34,-6.694564311796293e-6,Vmag_get_voltage_magnitude_series__angle_get_voltage_angle_series,true,true
7.35,-6.563513001250238e-6,Vmag_get_voltage_magnitude_series__angle_get_voltage_angle_series,true,true
7.36,-6.433385488057418e-6,Vmag_get_voltage_magnitude_series__angle_get_voltage_angle_series,true,true
7.37,-6.304181169734619e-6,Vmag_get_voltage_magnitude_series__angle_get_voltage_angle_series,true,true
7.38,-6.175899426459637e-6,Vmag_get_voltage_magnitude_series__angle_get_voltage_angle_series,true,true
7.39,-6.048539584407686e-6,Vmag_get_voltage_magnitude_series__angle_get_voltage_angle_series,true,true
7.4,-5.922100917297437e-6,Vmag_get_voltage_magnitude_series__angle_get_voltage_angle_series,true,true
7.41,-5.796582652795222e-6,Vmag_get_voltage_magnitude_series__angle_get_voltage_angle_series,true,true
7.42,-5.671983956667533e-6,Vmag_get_voltage_magnitude_series__angle_get_voltage_angle_series,true,true
7.43,-5.548303974471623e-6,Vmag_get_voltage_magnitude_series__angle_get_voltage_angle_series,true,true
7.44,-5.425541790141981e-6,Vmag_get_voltage_magnitude_series__angle_get_voltage_angle_series,true,true
7.45,-5.303696454205712e-6,Vmag_get_voltage_magnitude_series__angle_get_voltage_angle_series,true,true
7.46,-5.182766949326586e-6,Vmag_get_voltage_magnitude_series__angle_get_voltage_angle_series,true,true
7.47,-5.062752234977321e-6,Vmag_get_voltage_magnitude_series__angle_get_voltage_angle_series,true,true
7.48,-4.943651222204918e-6,Vmag_get_voltage_magnitude_series__angle_get_voltage_angle_series,true,true
7.49,-4.825462776114563e-6,Vmag_get_voltage_magnitude_series__angle_get_voltage_angle_series,true,true
7.5,-4.708185728017632e-6,Vmag_get_voltage_magnitude_series__angle_get_voltage_angle_series,true,true
7.51,-4.5918188341297216e-6,Vmag_get_voltage_magnitude_series__angle_get_voltage_angle_series,true,true
7.52,-4.4763608403402526e-6,Vmag_get_voltage_magnitude_series__angle_get_voltage_angle_series,true,true
7.53,-4.361810474482974e-6,Vmag_get_voltage_magnitude_series__angle_get_voltage_angle_series,true,true
7.54,-4.248166372066781e-6,Vmag_get_voltage_magnitude_series__angle_get_voltage_angle_series,true,true
7.55,-4.135427133536794e-6,Vmag_get_voltage_magnitude_series__angle_get_voltage_angle_series,true,true
7.56,-4.023591344208813e-6,Vmag_get_voltage_magnitude_series__angle_get_voltage_angle_series,true,true
7.57,-3.912657529266618e-6,Vmag_get_voltage_magnitude_series__angle_get_voltage_angle_series,true,true
7.58,-3.802624184186353e-6,Vmag_get_voltage_magnitude_series__angle_get_voltage_angle_series,true,true
7.59,-3.6934897619812164e-6,Vmag_get_voltage_magnitude_series__angle_get_voltage_angle_series,true,true
7.6,-3.5852526657477255e-6,Vmag_get_voltage_magnitude_series__angle_get_voltage_angle_series,true,true
7.61,-3.477911280195127e-6,Vmag_get_voltage_magnitude_series__angle_get_voltage_angle_series,true,true
7.62,-3.371463938072225e-6,Vmag_get_voltage_magnitude_series__angle_get_voltage_angle_series,true,true
7.63,-3.2659089160260824e-6,Vmag_get_voltage_magnitude_series__angle_get_voltage_angle_series,true,true
7.64,-3.161244499538956e-6,Vmag_get_voltage_magnitude_series__angle_get_voltage_angle_series,true,true
7.65,-3.057468905733534e-6,Vmag_get_voltage_magnitude_series__angle_get_voltage_angle_series,true,true
7.66,-2.9545802954651027e-6,Vmag_get_voltage_magnitude_series__angle_get_voltage_angle_series,true,true
7.67,-2.852576820864255e-6,Vmag_get_voltage_magnitude_series__angle_get_voltage_angle_series,true,true
7.68,-2.7514565850283144e-6,Vmag_get_voltage_magnitude_series__angle_get_voltage_angle_series,true,true
7.69,-2.651217654831855e-6,Vmag_get_voltage_magnitude_series__angle_get_voltage_angle_series,true,true
7.7,-2.5518580715280553e-6,Vmag_get_voltage_magnitude_series__angle_get_voltage_angle_series,true,true
7.71,-2.453375830870272e-6,Vmag_get_voltage_magnitude_series__angle_get_voltage_angle_series,true,true
7.72,-2.355768888082123e-6,Vmag_get_voltage_magnitude_series__angle_get_voltage_angle_series,true,true
7.73,-2.2590351696188667e-6,Vmag_get_voltage_magnitude_series__angle_get_voltage_angle_series,true,true
7.74,-2.16317256168164e-6,Vmag_get_voltage_magnitude_series__angle_get_voltage_angle_series,true,true
7.75,-2.068178926451583e-6,Vmag_get_voltage_magnitude_series__angle_get_voltage_angle_series,true,true
7.76,-1.9740520944702383e-6,Vmag_get_voltage_magnitude_series__angle_get_voltage_angle_series,true,true
7.77,-1.880789823225601e-6,Vmag_get_voltage_magnitude_series__angle_get_voltage_angle_series,true,true
7.78,-1.788389872525074e-6,Vmag_get_voltage_magnitude_series__angle_get_voltage_angle_series,true,true
7.79,-1.6968499820765386e-6,Vmag_get_voltage_magnitude_series__angle_get_voltage_angle_series,true,true
7.8,-1.6061678108590713e-6,Vmag_get_voltage_magnitude_series__angle_get_voltage_angle_series,true,true
7.81,-1.5163410105079266e-6,Vmag_get_voltage_magnitude_series__angle_get_voltage_angle_series,true,true
7.82,-1.4273672183018147e-6,Vmag_get_voltage_magnitude_series__angle_get_voltage_angle_series,true,true
7.83,-1.339244003545983e-6,Vmag_get_voltage_magnitude_series__angle_get_voltage_angle_series,true,true
7.84,-1.2519689320668358e-6,Vmag_get_voltage_magnitude_series__angle_get_voltage_angle_series,true,true
7.85,-1.1655395223691178e-6,Vmag_get_voltage_magnitude_series__angle_get_voltage_angle_series,true,true
7.86,-1.079953264906944e-6,Vmag_get_voltage_magnitude_series__angle_get_voltage_angle_series,true,true
7.87,-9.95207626611458e-7,Vmag_get_voltage_magnitude_series__angle_get_voltage_angle_series,true,true
7.88,-9.113000129561302e-7,Vmag_get_voltage_magnitude_series__angle_get_voltage_angle_series,true,true
7.89,-8.282278532686938e-7,Vmag_get_voltage_magnitude_series__angle_get_voltage_angle_series,true,true
7.9,-7.459885285612305e-7,Vmag_get_voltage_magnitude_series__angle_get_voltage_angle_series,true,true
7.91,-6.645793515963314e-7,Vmag_get_voltage_magnitude_series__angle_get_voltage_angle_series,true,true
7.92,-5.839976356334977e-7,Vmag_get_voltage_magnitude_series__angle_get_voltage_angle_series,true,true
7.93,-5.042406782504017e-7,Vmag_get_voltage_magnitude_series__angle_get_voltage_angle_series,true,true
7.94,-4.2530574085698817e-7,Vmag_get_voltage_magnitude_series__angle_get_voltage_angle_series,true,true
7.95,-3.471900498549541e-7,Vmag_get_voltage_magnitude_series__angle_get_voltage_angle_series,true,true
7.96,-2.698908003926053e-7,Vmag_get_voltage_magnitude_series__angle_get_voltage_angle_series,true,true
7.97,-1.9340516895462093e-7,Vmag_get_voltage_magnitude_series__angle_get_voltage_angle_series,true,true
7.98,-1.1773030695673494e-7,Vmag_get_voltage_magnitude_series__angle_get_voltage_angle_series,true,true
7.99,-4.286332351769076e-8,Vmag_get_voltage_magnitude_series__angle_get_voltage_angle_series,true,true
8.0,3.1198661421044284e-8,Vmag_get_voltage_magnitude_series__angle_get_voltage_angle_series,true,true
8.01,1.0445857181627135e-7,Vmag_get_voltage_magnitude_series__angle_get_voltage_angle_series,true,true
8.02,1.7691939518067247e-7,Vmag_get_voltage_magnitude_series__angle_get_voltage_angle_series,true,true
8.03,2.4858407744780344e-7,Vmag_get_voltage_magnitude_series__angle_get_voltage_angle_series,true,true
8.04,3.1945563881935205e-7,Vmag_get_voltage_magnitude_series__angle_get_voltage_angle_series,true,true
8.05,3.8953711285983234e-7,Vmag_get_voltage_magnitude_series__angle_get_voltage_angle_series,true,true
8.06,4.5883151474614447e-7,Vmag_get_voltage_magnitude_series__angle_get_voltage_angle_series,true,true
8.07,5.273419169713406e-7,Vmag_get_voltage_magnitude_series__angle_get_voltage_angle_series,true,true
8.08,5.950714329450934e-7,Vmag_get_voltage_magnitude_series__angle_get_voltage_angle_series,true,true
8.09,6.620231913724169e-7,Vmag_get_voltage_magnitude_series__angle_get_voltage_angle_series,true,true
8.1,7.282002989815757e-7,Vmag_get_voltage_magnitude_series__angle_get_voltage_angle_series,true,true
8.11,7.936059101539367e-7,Vmag_get_voltage_magnitude_series__angle_get_voltage_angle_series,true,true
8.12,8.582432217886224e-7,Vmag_get_voltage_magnitude_series__angle_get_voltage_angle_series,true,true
8.13,9.22115429404529e-7,Vmag_get_voltage_magnitude_series__angle_get_voltage_angle_series,true,true
8.14,9.852257393431436e-7,Vmag_get_voltage_magnitude_series__angle_get_voltage_angle_series,true,true
8.15,1.0475773925122123e-6,Vmag_get_voltage_magnitude_series__angle_get_voltage_angle_series,true,true
8.16,1.1091736526799689e-6,Vmag_get_voltage_magnitude_series__angle_get_voltage_angle_series,true,true
8.17,1.170017799351685e-6,Vmag_get_voltage_magnitude_series__angle_get_voltage_angle_series,true,true
8.18,1.230113125505815e-6,Vmag_get_voltage_magnitude_series__angle_get_voltage_angle_series,true,true
8.19,1.289462932790034e-6,Vmag_get_voltage_magnitude_series__angle_get_voltage_angle_series,true,true
8.2,1.3480705573079057e-6,Vmag_get_voltage_magnitude_series__angle_get_voltage_angle_series,true,true
8.21,1.405939363434946e-6,Vmag_get_voltage_magnitude_series__angle_get_voltage_angle_series,true,true
8.22,1.4630727054967819e-6,Vmag_get_voltage_magnitude_series__angle_get_voltage_angle_series,true,true
8.23,1.5194739643786098e-6,Vmag_get_voltage_magnitude_series__angle_get_voltage_angle_series,true,true
8.24,1.5751465391327177e-6,Vmag_get_voltage_magnitude_series__angle_get_voltage_angle_series,true,true
8.25,1.6300938457079631e-6,Vmag_get_voltage_magnitude_series__angle_get_voltage_angle_series,true,true
8.26,1.684319320318198e-6,Vmag_get_voltage_magnitude_series__angle_get_voltage_angle_series,true,true
8.27,1.7378263860353978e-6,Vmag_get_voltage_magnitude_series__angle_get_voltage_angle_series,true,true
8.28,1.7906185221434259e-6,Vmag_get_voltage_magnitude_series__angle_get_voltage_angle_series,true,true
8.29,1.8426992243809328e-6,Vmag_get_voltage_magnitude_series__angle_get_voltage_angle_series,true,true
8.3,1.894071941662225e-6,Vmag_get_voltage_magnitude_series__angle_get_voltage_angle_series,true,true
8.31,1.9447402007586268e-6,Vmag_get_voltage_magnitude_series__angle_get_voltage_angle_series,true,true
8.32,1.9947075293798128e-6,Vmag_get_voltage_magnitude_series__angle_get_voltage_angle_series,true,true
8.33,2.0439774481680693e-6,Vmag_get_voltage_magnitude_series__angle_get_voltage_angle_series,true,true
8.34,2.09255349272958e-6,Vmag_get_voltage_magnitude_series__angle_get_voltage_angle_series,true,true
8.35,2.1404392141867784e-6,Vmag_get_voltage_magnitude_series__angle_get_voltage_angle_series,true,true
8.36,2.1876382078364677e-6,Vmag_get_voltage_magnitude_series__angle_get_voltage_angle_series,true,true
8.37,2.2341540452867463e-6,Vmag_get_voltage_magnitude_series__angle_get_voltage_angle_series,true,true
8.38,2.279990306981178e-6,Vmag_get_voltage_magnitude_series__angle_get_voltage_angle_series,true,true
8.39,2.325150612181174e-6,Vmag_get_voltage_magnitude_series__angle_get_voltage_angle_series,true,true
8.4,2.3696385884856374e-6,Vmag_get_voltage_magnitude_series__angle_get_voltage_angle_series,true,true
8.41,2.413457852008746e-6,Vmag_get_voltage_magnitude_series__angle_get_voltage_angle_series,true,true
8.42,2.4566120337181067e-6,Vmag_get_voltage_magnitude_series__angle_get_voltage_angle_series,true,true
8.43,2.4991047820302045e-6,Vmag_get_voltage_magnitude_series__angle_get_voltage_angle_series,true,true
8.44,2.540939756625986e-6,Vmag_get_voltage_magnitude_series__angle_get_voltage_angle_series,true,true
8.45,2.582120627125405e-6,Vmag_get_voltage_magnitude_series__angle_get_voltage_angle_series,true,true
8.46,2.622651084297578e-6,Vmag_get_voltage_magnitude_series__angle_get_voltage_angle_series,true,true
8.47,2.6625347990327095e-6,Vmag_get_voltage_magnitude_series__angle_get_voltage_angle_series,true,true
8.48,2.701775468946021e-6,Vmag_get_voltage_magnitude_series__angle_get_voltage_angle_series,true,true
8.49,2.7403768025313713e-6,Vmag_get_voltage_magnitude_series__angle_get_voltage_angle_series,true,true
8.5,2.778342509441967e-6,Vmag_get_voltage_magnitude_series__angle_get_voltage_angle_series,true,true
8.51,2.815676300324935e-6,Vmag_get_voltage_magnitude_series__angle_get_voltage_angle_series,true,true
8.52,2.8523819023927944e-6,Vmag_get_voltage_magnitude_series__angle_get_voltage_angle_series,true,true
8.53,2.888463070908786e-6,Vmag_get_voltage_magnitude_series__angle_get_voltage_angle_series,true,true
8.54,2.923923521047653e-6,Vmag_get_voltage_magnitude_series__angle_get_voltage_angle_series,true,true
8.55,2.9587670067479224e-6,Vmag_get_voltage_magnitude_series__angle_get_voltage_angle_series,true,true
8.56,2.992997286033744e-6,Vmag_get_voltage_magnitude_series__angle_get_voltage_angle_series,true,true
8.57,3.0266181221192197e-6,Vmag_get_voltage_magnitude_series__angle_get_voltage_angle_series,true,true
8.58,3.0596332920237313e-6,Vmag_get_voltage_magnitude_series__angle_get_voltage_angle_series,true,true
8.59,3.0920465328990298e-6,Vmag_get_voltage_magnitude_series__angle_get_voltage_angle_series,true,true
8.6,3.123861645176652e-6,Vmag_get_voltage_magnitude_series__angle_get_voltage_angle_series,true,true
8.61,3.155082407090514e-6,Vmag_get_voltage_magnitude_series__angle_get_voltage_angle_series,true,true
8.62,3.1857125927328993e-6,Vmag_get_voltage_magnitude_series__angle_get_voltage_angle_series,true,true
8.63,3.215756007671179e-6,Vmag_get_voltage_magnitude_series__angle_get_voltage_angle_series,true,true
8.64,3.2452164283170844e-6,Vmag_get_voltage_magnitude_series__angle_get_voltage_angle_series,true,true
8.65,3.2740976590220523e-6,Vmag_get_voltage_magnitude_series__angle_get_voltage_angle_series,true,true
8.66,3.302403512476294e-6,Vmag_get_voltage_magnitude_series__angle_get_voltage_angle_series,true,true
8.67,3.3301377845834727e-6,Vmag_get_voltage_magnitude_series__angle_get_voltage_angle_series,true,true
8.68,3.357304276879483e-6,Vmag_get_voltage_magnitude_series__angle_get_voltage_angle_series,true,true
8.69,3.3839067892436836e-6,Vmag_get_voltage_magnitude_series__angle_get_voltage_angle_series,true,true
8.7,3.409949151483263e-6,Vmag_get_voltage_magnitude_series__angle_get_voltage_angle_series,true,true
8.71,3.4354351763439685e-6,Vmag_get_voltage_magnitude_series__angle_get_voltage_angle_series,true,true
8.72,3.460368657134226e-6,Vmag_get_voltage_magnitude_series__angle_get_voltage_angle_series,true,true
8.73,3.4847534275261724e-6,Vmag_get_voltage_magnitude_series__angle_get_voltage_angle_series,true,true
8.74,3.5085933010935255e-6,Vmag_get_voltage_magnitude_series__angle_get_voltage_angle_series,true,true
8.75,3.531892116423434e-6,Vmag_get_voltage_magnitude_series__angle_get_voltage_angle_series,true,true
8.76,3.55465366351124e-6,Vmag_get_voltage_magnitude_series__angle_get_voltage_angle_series,true,true
8.77,3.576881748807237e-6,Vmag_get_voltage_magnitude_series__angle_get_voltage_angle_series,true,true
8.78,3.5985802264148227e-6,Vmag_get_voltage_magnitude_series__angle_get_voltage_angle_series,true,true
8.79,3.619752914158871e-6,Vmag_get_voltage_magnitude_series__angle_get_voltage_angle_series,true,true
8.8,3.640403592427438e-6,Vmag_get_voltage_magnitude_series__angle_get_voltage_angle_series,true,true
8.81,3.660536104280334e-6,Vmag_get_voltage_magnitude_series__angle_get_voltage_angle_series,true,true
8.82,3.680154290788867e-6,Vmag_get_voltage_magnitude_series__angle_get_voltage_angle_series,true,true
8.83,3.699261929359008e-6,Vmag_get_voltage_magnitude_series__angle_get_voltage_angle_series,true,true
8.84,3.717862847368658e-6,Vmag_get_voltage_magnitude_series__angle_get_voltage_angle_series,true,true
8.85,3.7359608598268967e-6,Vmag_get_voltage_magnitude_series__angle_get_voltage_angle_series,true,true
8.86,3.7535597705887738e-6,Vmag_get_voltage_magnitude_series__angle_get_voltage_angle_series,true,true
8.87,3.7706634046574856e-6,Vmag_get_voltage_magnitude_series__angle_get_voltage_angle_series,true,true
8.88,3.787275556059952e-6,Vmag_get_voltage_magnitude_series__angle_get_voltage_angle_series,true,true
8.89,3.803400020644624e-6,Vmag_get_voltage_magnitude_series__angle_get_voltage_angle_series,true,true
8.9,3.819040612536419e-6,Vmag_get_voltage_magnitude_series__angle_get_voltage_angle_series,true,true
8.91,3.834201136860736e-6,Vmag_get_voltage_magnitude_series__angle_get_voltage_angle_series,true,true
8.92,3.848885371906708e-6,Vmag_get_voltage_magnitude_series__angle_get_voltage_angle_series,true,true
8.93,3.863097108994908e-6,Vmag_get_voltage_magnitude_series__angle_get_voltage_angle_series,true,true
8.94,3.876840134255422e-6,Vmag_get_voltage_magnitude_series__angle_get_voltage_angle_series,true,true
8.95,3.890118231609267e-6,Vmag_get_voltage_magnitude_series__angle_get_voltage_angle_series,true,true
8.96,3.902935198175594e-6,Vmag_get_voltage_magnitude_series__angle_get_voltage_angle_series,true,true
8.97,3.915294793138123e-6,Vmag_get_voltage_magnitude_series__angle_get_voltage_angle_series,true,true
8.98,3.927200782471687e-6,Vmag_get_voltage_magnitude_series__angle_get_voltage_angle_series,true,true
8.99,3.9386569391648435e-6,Vmag_get_voltage_magnitude_series__angle_get_voltage_angle_series,true,true
9.0,3.949667016989948e-6,Vmag_get_voltage_magnitude_series__angle_get_voltage_angle_series,true,true
9.01,3.960234761878409e-6,Vmag_get_voltage_magnitude_series__angle_get_voltage_angle_series,true,true
9.02,3.970363948143665e-6,Vmag_get_voltage_magnitude_series__angle_get_voltage_angle_series,true,true
9.03,3.980058309403517e-6,Vmag_get_voltage_magnitude_series__angle_get_voltage_angle_series,true,true
9.04,3.989321573532745e-6,Vmag_get_voltage_magnitude_series__angle_get_voltage_angle_series,true,true
9.05,3.998157480996885e-6,Vmag_get_voltage_magnitude_series__angle_get_voltage_angle_series,true,true
9.06,4.0065697363138725e-6,Vmag_get_voltage_magnitude_series__angle_get_voltage_angle_series,true,true
9.07,4.0145620856352765e-6,Vmag_get_voltage_magnitude_series__angle_get_voltage_angle_series,true,true
9.08,4.022138246455608e-6,Vmag_get_voltage_magnitude_series__angle_get_voltage_angle_series,true,true
9.09,4.02930188778765e-6,Vmag_get_voltage_magnitude_series__angle_get_voltage_angle_series,true,true
9.1,4.036056740322653e-6,Vmag_get_voltage_magnitude_series__angle_get_voltage_angle_series,true,true
9.11,4.042406504602857e-6,Vmag_get_voltage_magnitude_series__angle_get_voltage_angle_series,true,true
9.12,4.048354829099605e-6,Vmag_get_voltage_magnitude_series__angle_get_voltage_angle_series,true,true
9.13,4.053905405962725e-6,Vmag_get_voltage_magnitude_series__angle_get_voltage_angle_series,true,true
9.14,4.0590619119907366e-6,Vmag_get_voltage_magnitude_series__angle_get_voltage_angle_series,true,true
9.15,4.063828002391213e-6,Vmag_get_voltage_magnitude_series__angle_get_voltage_angle_series,true,true
9.16,4.068207332483242e-6,Vmag_get_voltage_magnitude_series__angle_get_voltage_angle_series,true,true
9.17,4.072203532240508e-6,Vmag_get_voltage_magnitude_series__angle_get_voltage_angle_series,true,true
9.18,4.075820254993894e-6,Vmag_get_voltage_magnitude_series__angle_get_voltage_angle_series,true,true
9.19,4.079061126575737e-6,Vmag_get_voltage_magnitude_series__angle_get_voltage_angle_series,true,true
9.2,4.08192975443043e-6,Vmag_get_voltage_magnitude_series__angle_get_voltage_angle_series,true,true
9.21,4.084429754341364e-6,Vmag_get_voltage_magnitude_series__angle_get_voltage_angle_series,true,true
9.22,4.086564730385001e-6,Vmag_get_voltage_magnitude_series__angle_get_voltage_angle_series,true,true
9.23,4.088338273550414e-6,Vmag_get_voltage_magnitude_series__angle_get_voltage_angle_series,true,true
9.24,4.089753948764893e-6,Vmag_get_voltage_magnitude_series__angle_get_voltage_angle_series,true,true
9.25,4.090815362810575e-6,Vmag_get_voltage_magnitude_series__angle_get_voltage_angle_series,true,true
9.26,4.091526062999855e-6,Vmag_get_voltage_magnitude_series__angle_get_voltage_angle_series,true,true
9.27,4.091889585546315e-6,Vmag_get_voltage_magnitude_series__angle_get_voltage_angle_series,true,true
9.28,4.0919094927264145e-6,Vmag_get_voltage_magnitude_series__angle_get_voltage_angle_series,true,true
9.29,4.091589304353639e-6,Vmag_get_voltage_magnitude_series__angle_get_voltage_angle_series,true,true
9.3,4.09093255145181e-6,Vmag_get_voltage_magnitude_series__angle_get_voltage_angle_series,true,true
9.31,4.08994274687731e-6,Vmag_get_voltage_magnitude_series__angle_get_voltage_angle_series,true,true
9.32,4.0886233811225234e-6,Vmag_get_voltage_magnitude_series__angle_get_voltage_angle_series,true,true
9.33,4.0869779505892426e-6,Vmag_get_voltage_magnitude_series__angle_get_voltage_angle_series,true,true
9.34,4.085009930530419e-6,Vmag_get_voltage_magnitude_series__angle_get_voltage_angle_series,true,true
9.35,4.082722784824104e-6,Vmag_get_voltage_magnitude_series__angle_get_voltage_angle_series,true,true
9.36,4.080119996950726e-6,Vmag_get_voltage_magnitude_series__angle_get_voltage_angle_series,true,true
9.37,4.077204995503694e-6,Vmag_get_voltage_magnitude_series__angle_get_voltage_angle_series,true,true
9.38,4.0739812023961316e-6,Vmag_get_voltage_magnitude_series__angle_get_voltage_angle_series,true,true
9.39,4.0704520531240555e-6,Vmag_get_voltage_magnitude_series__angle_get_voltage_angle_series,true,true
9.4,4.066620953751585e-6,Vmag_get_voltage_magnitude_series__angle_get_voltage_angle_series,true,true
9.41,4.0624912891402285e-6,Vmag_get_voltage_magnitude_series__angle_get_voltage_angle_series,true,true
9.42,4.0580664696066115e-6,Vmag_get_voltage_magnitude_series__angle_get_voltage_angle_series,true,true
9.43,4.05334987509748e-6,Vmag_get_voltage_magnitude_series__angle_get_voltage_angle_series,true,true
9.44,4.048344840280854e-6,Vmag_get_voltage_magnitude_series__angle_get_voltage_angle_series,true,true
9.45,4.043054730636011e-6,Vmag_get_voltage_magnitude_series__angle_get_voltage_angle_series,true,true
9.46,4.037482887347408e-6,Vmag_get_voltage_magnitude_series__angle_get_voltage_angle_series,true,true
9.47,4.0316326244315415e-6,Vmag_get_voltage_magnitude_series__angle_get_voltage_angle_series,true,true
9.48,4.0255072602111944e-6,Vmag_get_voltage_magnitude_series__angle_get_voltage_angle_series,true,true
9.49,4.019110091420003e-6,Vmag_get_voltage_magnitude_series__angle_get_voltage_angle_series,true,true
9.5,4.0124444050728795e-6,Vmag_get_voltage_magnitude_series__angle_get_voltage_angle_series,true,true
9.51,4.005513473441543e-6,Vmag_get_voltage_magnitude_series__angle_get_voltage_angle_series,true,true
9.52,3.99832056912902e-6,Vmag_get_voltage_magnitude_series__angle_get_voltage_angle_series,true,true
9.53,3.990868929233187e-6,Vmag_get_voltage_magnitude_series__angle_get_voltage_angle_series,true,true
9.54,3.983161789415897e-6,Vmag_get_voltage_magnitude_series__angle_get_voltage_angle_series,true,true
9.55,3.9752023640811536e-6,Vmag_get_voltage_magnitude_series__angle_get_voltage_angle_series,true,true
9.56,3.9669938629939375e-6,Vmag_get_voltage_magnitude_series__angle_get_voltage_angle_series,true,true
9.57,3.958539487856704e-6,Vmag_get_voltage_magnitude_series__angle_get_voltage_angle_series,true,true
9.58,3.949842406248267e-6,Vmag_get_voltage_magnitude_series__angle_get_voltage_angle_series,true,true
9.59,3.940905777740482e-6,Vmag_get_voltage_magnitude_series__angle_get_voltage_angle_series,true,true
9.6,3.931732763782615e-6,Vmag_get_voltage_magnitude_series__angle_get_voltage_angle_series,true,true
9.61,3.922326507878095e-6,Vmag_get_voltage_magnitude_series__angle_get_voltage_angle_series,true,true
9.62,3.912690108030398e-6,Vmag_get_voltage_magnitude_series__angle_get_voltage_angle_series,true,true
9.63,3.902826690129122e-6,Vmag_get_voltage_magnitude_series__angle_get_voltage_angle_series,true,true
9.64,3.8927393538898445e-6,Vmag_get_voltage_magnitude_series__angle_get_voltage_angle_series,true,true
9.65,3.88243117484199e-6,Vmag_get_voltage_magnitude_series__angle_get_voltage_angle_series,true,true
9.66,3.871905215926325e-6,Vmag_get_voltage_magnitude_series__angle_get_voltage_angle_series,true,true
9.67,3.861164535444959e-6,Vmag_get_voltage_magnitude_series__angle_get_voltage_angle_series,true,true
9.68,3.850212167514536e-6,Vmag_get_voltage_magnitude_series__angle_get_voltage_angle_series,true,true
9.69,3.839051129465439e-6,Vmag_get_voltage_magnitude_series__angle_get_voltage_angle_series,true,true
9.7,3.827684422945807e-6,Vmag_get_voltage_magnitude_series__angle_get_voltage_angle_series,true,true
9.71,3.816115053690932e-6,Vmag_get_voltage_magnitude_series__angle_get_voltage_angle_series,true,true
9.72,3.8043459923167955e-6,Vmag_get_voltage_magnitude_series__angle_get_voltage_angle_series,true,true
9.73,3.792380194640293e-6,Vmag_get_voltage_magnitude_series__angle_get_voltage_angle_series,true,true
9.74,3.780220628185541e-6,Vmag_get_voltage_magnitude_series__angle_get_voltage_angle_series,true,true
9.75,3.7678701959265214e-6,Vmag_get_voltage_magnitude_series__angle_get_voltage_angle_series,true,true
9.76,3.7553318392689163e-6,Vmag_get_voltage_magnitude_series__angle_get_voltage_angle_series,true,true
9.77,3.7426084625119373e-6,Vmag_get_voltage_magnitude_series__angle_get_voltage_angle_series,true,true
9.78,3.7297029383701207e-6,Vmag_get_voltage_magnitude_series__angle_get_voltage_angle_series,true,true
9.79,3.7166181440303287e-6,Vmag_get_voltage_magnitude_series__angle_get_voltage_angle_series,true,true
9.8,3.7033569300101367e-6,Vmag_get_voltage_magnitude_series__angle_get_voltage_angle_series,true,true
9.81,3.6899221402555205e-6,Vmag_get_voltage_magnitude_series__angle_get_voltage_angle_series,true,true
9.82,3.676316596127652e-6,Vmag_get_voltage_magnitude_series__angle_get_voltage_angle_series,true,true
9.83,3.662543116062141e-6,Vmag_get_voltage_magnitude_series__angle_get_voltage_angle_series,true,true
9.84,3.6486044819951906e-6,Vmag_get_voltage_magnitude_series__angle_get_voltage_angle_series,true,true
9.85,3.634503472163404e-6,Vmag_get_voltage_magnitude_series__angle_get_voltage_angle_series,true,true
9.86,3.620242855692417e-6,Vmag_get_voltage_magnitude_series__angle_get_voltage_angle_series,true,true
9.87,3.6058253782399143e-6,Vmag_get_voltage_magnitude_series__angle_get_voltage_angle_series,true,true
9.88,3.591253783034948e-6,Vmag_get_voltage_magnitude_series__angle_get_voltage_angle_series,true,true
9.89,3.576530755603158e-6,Vmag_get_voltage_magnitude_series__angle_get_voltage_angle_series,true,true
9.9,3.5616590070906827e-6,Vmag_get_voltage_magnitude_series__angle_get_voltage_angle_series,true,true
9.91,3.546641237766678e-6,Vmag_get_voltage_magnitude_series__angle_get_voltage_angle_series,true,true
9.92,3.531480091908968e-6,Vmag_get_voltage_magnitude_series__angle_get_voltage_angle_series,true,true
9.93,3.5161782208080543e-6,Vmag_get_voltage_magnitude_series__angle_get_voltage_angle_series,true,true
9.94,3.5007382824910343e-6,Vmag_get_voltage_magnitude_series__angle_get_voltage_angle_series,true,true
9.95,3.4851628828589367e-6,Vmag_get_voltage_magnitude_series__angle_get_voltage_angle_series,true,true
9.96,3.469454607438291e-6,Vmag_get_voltage_magnitude_series__angle_get_voltage_angle_series,true,true
9.97,3.4536160712966134e-6,Vmag_get_voltage_magnitude_series__angle_get_voltage_angle_series,true,true
9.98,3.4376498376511415e-6,Vmag_get_voltage_magnitude_series__angle_get_voltage_angle_series,true,true
9.99,3.421568292167424e-6,Vmag_get_voltage_magnitude_series__angle_get_voltage_angle_series,true,true
10.0,3.413501470544679e-6,Vmag_get_voltage_magnitude_series__angle_get_voltage_angle_series,true,true
