t_s,delta_p_pu,delta_q_pu,delta_p_network_pu,delta_q_network_pu,delta_p_with_load_pu,delta_q_with_load_pu,p_network_abs_pu,q_network_abs_pu,p_network_ref_pu,q_network_ref_pu,delta_p_load_pu,delta_q_load_pu,angle_source,angle_is_exact_bus_voltage,asset_type,source
0.0,0.0003488020007460513,0.006721678367069384,0.0003488020007460513,0.006721678367069384,0.0003488020007460513,0.006721678367069384,-1.0255537172069356,-0.5020714038358457,-1.0259025192076816,-0.5087930822029151,0.0,0.0,Vmag_get_voltage_magnitude_series__angle_get_voltage_angle_series,true,Unknown,Ybus EMT reconstruction using exact complex bus-voltage phasors when available; otherwise diagnostic fallback
0.01,0.00034880200074693946,0.006721678367062167,0.00034880200074693946,0.006721678367062167,0.00034880200074693946,0.006721678367062167,-1.0255537172069347,-0.5020714038358529,-1.0259025192076816,-0.5087930822029151,0.0,0.0,Vmag_get_voltage_magnitude_series__angle_get_voltage_angle_series,true,Unknown,Ybus EMT reconstruction using exact complex bus-voltage phasors when available; otherwise diagnostic fallback
0.02,0.0003488020007451631,0.0067216783670841496,0.0003488020007451631,0.0067216783670841496,0.0003488020007451631,0.0067216783670841496,-1.0255537172069364,-0.5020714038358309,-1.0259025192076816,-0.5087930822029151,0.0,0.0,Vmag_get_voltage_magnitude_series__angle_get_voltage_angle_series,true,Unknown,Ybus EMT reconstruction using exact complex bus-voltage phasors when available; otherwise diagnostic fallback
0.03,0.00034880200074649537,0.006721678367076933,0.00034880200074649537,0.006721678367076933,0.00034880200074649537,0.006721678367076933,-1.0255537172069351,-0.5020714038358381,-1.0259025192076816,-0.5087930822029151,0.0,0.0,Vmag_get_voltage_magnitude_series__angle_get_voltage_angle_series,true,Unknown,Ybus EMT reconstruction using exact complex bus-voltage phasors when available; otherwise diagnostic fallback
0.04,0.0003488020007440529,0.006721678367062167,0.0003488020007440529,0.006721678367062167,0.0003488020007440529,0.006721678367062167,-1.0255537172069376,-0.5020714038358529,-1.0259025192076816,-0.5087930822029151,0.0,0.0,Vmag_get_voltage_magnitude_series__angle_get_voltage_angle_series,true,Unknown,Ybus EMT reconstruction using exact complex bus-voltage phasors when available; otherwise diagnostic fallback
0.05,0.0003488020007487158,0.006721678367076822,0.0003488020007487158,0.006721678367076822,0.0003488020007487158,0.006721678367076822,-1.025553717206933,-0.5020714038358383,-1.0259025192076816,-0.5087930822029151,0.0,0.0,Vmag_get_voltage_magnitude_series__angle_get_voltage_angle_series,true,Unknown,Ybus EMT reconstruction using exact complex bus-voltage phasors when available; otherwise diagnostic fallback
0.06,0.0003488020007460513,0.006721678367076933,0.0003488020007460513,0.006721678367076933,0.0003488020007460513,0.006721678367076933,-1.0255537172069356,-0.5020714038358381,-1.0259025192076816,-0.5087930822029151,0.0,0.0,Vmag_get_voltage_magnitude_series__angle_get_voltage_angle_series,true,Unknown,Ybus EMT reconstruction using exact complex bus-voltage phasors when available; otherwise diagnostic fallback
0.07,0.00034880200074738354,0.006721678367069495,0.00034880200074738354,0.006721678367069495,0.00034880200074738354,0.006721678367069495,-1.0255537172069342,-0.5020714038358456,-1.0259025192076816,-0.5087930822029151,0.0,0.0,Vmag_get_voltage_magnitude_series__angle_get_voltage_angle_series,true,Unknown,Ybus EMT reconstruction using exact complex bus-voltage phasors when available; otherwise diagnostic fallback
0.08,0.00034880200074538514,0.006721678367069495,0.00034880200074538514,0.006721678367069495,0.00034880200074538514,0.006721678367069495,-1.0255537172069362,-0.5020714038358456,-1.0259025192076816,-0.5087930822029151,0.0,0.0,Vmag_get_voltage_magnitude_series__angle_get_voltage_angle_series,true,Unknown,Ybus EMT reconstruction using exact complex bus-voltage phasors when available; otherwise diagnostic fallback
0.09,0.00034880200074782763,0.006721678367076933,0.00034880200074782763,0.006721678367076933,0.00034880200074782763,0.006721678367076933,-1.0255537172069338,-0.5020714038358381,-1.0259025192076816,-0.5087930822029151,0.0,0.0,Vmag_get_voltage_magnitude_series__angle_get_voltage_angle_series,true,Unknown,Ybus EMT reconstruction using exact complex bus-voltage phasors when available; otherwise diagnostic fallback
0.1,0.00034880200075293466,0.006721678367062167,0.00034880200075293466,0.006721678367062167,0.00034880200075293466,0.006721678367062167,-1.0255537172069287,-0.5020714038358529,-1.0259025192076816,-0.5087930822029151,0.0,0.0,Vmag_get_voltage_magnitude_series__angle_get_voltage_angle_series,true,Unknown,Ybus EMT reconstruction using exact complex bus-voltage phasors when available; otherwise diagnostic fallback
0.11,0.12488314927453092,0.01426507132560706,0.12488314927453092,0.01426507132560706,0.12488314927453092,0.01426507132560706,-0.9010193699331507,-0.494528010877308,-1.0259025192076816,-0.5087930822029151,0.0,0.0,Vmag_get_voltage_magnitude_series__angle_get_voltage_angle_series,true,Unknown,Ybus EMT reconstruction using exact complex bus-voltage phasors when available; otherwise diagnostic fallback
0.12,0.0011438729479580356,0.005840240143307196,0.0011438729479580356,0.005840240143307196,0.0011438729479580356,0.005840240143307196,-1.0247586462597236,-0.5029528420596079,-1.0259025192076816,-0.5087930822029151,0.0,0.0,Vmag_get_voltage_magnitude_series__angle_get_voltage_angle_series,true,Unknown,Ybus EMT reconstruction using exact complex bus-voltage phasors when available; otherwise diagnostic fallback
0.13,0.0014615940403903682,0.005405419533552114,0.0014615940403903682,0.005405419533552114,0.0014615940403903682,0.005405419533552114,-1.0244409251672912,-0.503387662669363,-1.0259025192076816,-0.5087930822029151,0.0,0.0,Vmag_get_voltage_magnitude_series__angle_get_voltage_angle_series,true,Unknown,Ybus EMT reconstruction using exact complex bus-voltage phasors when available; otherwise diagnostic fallback
0.14,0.001385325830968842,0.005486047740879574,0.001385325830968842,0.005486047740879574,0.001385325830968842,0.005486047740879574,-1.0245171933767128,-0.5033070344620355,-1.0259025192076816,-0.5087930822029151,0.0,0.0,Vmag_get_voltage_magnitude_series__angle_get_voltage_angle_series,true,Unknown,Ybus EMT reconstruction using exact complex bus-voltage phasors when available; otherwise diagnostic fallback
0.15,0.0013894799951352788,0.005369106519193201,0.0013894799951352788,0.005369106519193201,0.0013894799951352788,0.005369106519193201,-1.0245130392125463,-0.5034239756837219,-1.0259025192076816,-0.5087930822029151,0.0,0.0,Vmag_get_voltage_magnitude_series__angle_get_voltage_angle_series,true,Unknown,Ybus EMT reconstruction using exact complex bus-voltage phasors when available; otherwise diagnostic fallback
0.16,0.001380495669365489,0.005238721860370332,0.001380495669365489,0.005238721860370332,0.001380495669365489,0.005238721860370332,-1.0245220235383161,-0.5035543603425447,-1.0259025192076816,-0.5087930822029151,0.0,0.0,Vmag_get_voltage_magnitude_series__angle_get_voltage_angle_series,true,Unknown,Ybus EMT reconstruction using exact complex bus-voltage phasors when available; otherwise diagnostic fallback
0.17,0.0013596156360138334,0.005090317772200814,0.0013596156360138334,0.005090317772200814,0.0013596156360138334,0.005090317772200814,-1.0245429035716678,-0.5037027644307143,-1.0259025192076816,-0.5087930822029151,0.0,0.0,Vmag_get_voltage_magnitude_series__angle_get_voltage_angle_series,true,Unknown,Ybus EMT reconstruction using exact complex bus-voltage phasors when available; otherwise diagnostic fallback
0.18,0.0013332591903161273,0.004927846285546655,0.0013332591903161273,0.004927846285546655,0.0013332591903161273,0.004927846285546655,-1.0245692600173655,-0.5038652359173684,-1.0259025192076816,-0.5087930822029151,0.0,0.0,Vmag_get_voltage_magnitude_series__angle_get_voltage_angle_series,true,Unknown,Ybus EMT reconstruction using exact complex bus-voltage phasors when available; otherwise diagnostic fallback
0.19,0.0013023023652103394,0.004750297138070514,0.0013023023652103394,0.004750297138070514,0.0013023023652103394,0.004750297138070514,-1.0246002168424713,-0.5040427850648446,-1.0259025192076816,-0.5087930822029151,0.0,0.0,Vmag_get_voltage_magnitude_series__angle_get_voltage_angle_series,true,Unknown,Ybus EMT reconstruction using exact complex bus-voltage phasors when available; otherwise diagnostic fallback
0.2,0.001267712342745364,0.004559635621489755,0.001267712342745364,0.004559635621489755,0.001267712342745364,0.004559635621489755,-1.0246348068649362,-0.5042334465814253,-1.0259025192076816,-0.5087930822029151,0.0,0.0,Vmag_get_voltage_magnitude_series__angle_get_voltage_angle_series,true,Unknown,Ybus EMT reconstruction using exact complex bus-voltage phasors when available; otherwise diagnostic fallback
0.21,0.0012308120583011117,0.004357385522501089,0.0012308120583011117,0.004357385522501089,0.0012308120583011117,0.004357385522501089,-1.0246717071493805,-0.504435696680414,-1.0259025192076816,-0.5087930822029151,0.0,0.0,Vmag_get_voltage_magnitude_series__angle_get_voltage_angle_series,true,Unknown,Ybus EMT reconstruction using exact complex bus-voltage phasors when available; otherwise diagnostic fallback
0.22,0.0011919272197382647,0.004144475753986354,0.0011919272197382647,0.004144475753986354,0.0011919272197382647,0.004144475753986354,-1.0247105919879433,-0.5046486064489287,-1.0259025192076816,-0.5087930822029151,0.0,0.0,Vmag_get_voltage_magnitude_series__angle_get_voltage_angle_series,true,Unknown,Ybus EMT reconstruction using exact complex bus-voltage phasors when available; otherwise diagnostic fallback
0.23,0.0011516389178551911,0.003922302793196941,0.0011516389178551911,0.003922302793196941,0.0011516389178551911,0.003922302793196941,-1.0247508802898264,-0.5048707794097181,-1.0259025192076816,-0.5087930822029151,0.0,0.0,Vmag_get_voltage_magnitude_series__angle_get_voltage_angle_series,true,Unknown,Ybus EMT reconstruction using exact complex bus-voltage phasors when available; otherwise diagnostic fallback
0.24,0.0011101644620374884,0.003691697854526832,0.0011101644620374884,0.003691697854526832,0.0011101644620374884,0.003691697854526832,-1.0247923547456441,-0.5051013843483882,-1.0259025192076816,-0.5087930822029151,0.0,0.0,Vmag_get_voltage_magnitude_series__angle_get_voltage_angle_series,true,Unknown,Ybus EMT reconstruction using exact complex bus-voltage phasors when available; otherwise diagnostic fallback
0.25,0.00106766298914307,0.00345349823033414,0.00106766298914307,0.00345349823033414,0.00106766298914307,0.00345349823033414,-1.0248348562185385,-0.5053395839725809,-1.0259025192076816,-0.5087930822029151,0.0,0.0,Vmag_get_voltage_magnitude_series__angle_get_voltage_angle_series,true,Unknown,Ybus EMT reconstruction using exact complex bus-voltage phasors when available; otherwise diagnostic fallback
0.26,0.0010241584960459793,0.0032084092544075737,0.0010241584960459793,0.0032084092544075737,0.0010241584960459793,0.0032084092544075737,-1.0248783607116356,-0.5055846729485075,-1.0259025192076816,-0.5087930822029151,0.0,0.0,Vmag_get_voltage_magnitude_series__angle_get_voltage_angle_series,true,Unknown,Ybus EMT reconstruction using exact complex bus-voltage phasors when available; otherwise diagnostic fallback
0.27,0.0009796304358478114,0.002957029028264113,0.0009796304358478114,0.002957029028264113,0.0009796304358478114,0.002957029028264113,-1.0249228887718338,-0.505836053174651,-1.0259025192076816,-0.5087930822029151,0.0,0.0,Vmag_get_voltage_magnitude_series__angle_get_voltage_angle_series,true,Unknown,Ybus EMT reconstruction using exact complex bus-voltage phasors when available; otherwise diagnostic fallback
0.28,0.0009339966727011095,0.0026998646436604545,0.0009339966727011095,0.0026998646436604545,0.0009339966727011095,0.0026998646436604545,-1.0249685225349805,-0.5060932175592546,-1.0259025192076816,-0.5087930822029151,0.0,0.0,Vmag_get_voltage_magnitude_series__angle_get_voltage_angle_series,true,Unknown,Ybus EMT reconstruction using exact complex bus-voltage phasors when available; otherwise diagnostic fallback
0.29,0.0008871455784311699,0.0024373581161232227,0.0008871455784311699,0.0024373581161232227,0.0008871455784311699,0.0024373581161232227,-1.0250153736292504,-0.5063557240867919,-1.0259025192076816,-0.5087930822029151,0.0,0.0,Vmag_get_voltage_magnitude_series__angle_get_voltage_angle_series,true,Unknown,Ybus EMT reconstruction using exact complex bus-voltage phasors when available; otherwise diagnostic fallback
0.3,0.0008389542908693315,0.0021699039991071034,0.0008389542908693315,0.0021699039991071034,0.0008389542908693315,0.0021699039991071034,-1.0250635649168123,-0.506623178203808,-1.0259025192076816,-0.5087930822029151,0.0,0.0,Vmag_get_voltage_magnitude_series__angle_get_voltage_angle_series,true,Unknown,Ybus EMT reconstruction using exact complex bus-voltage phasors when available; otherwise diagnostic fallback
0.31,0.0007893031459138555,0.001897862773817538,0.0007893031459138555,0.001897862773817538,0.0007893031459138555,0.001897862773817538,-1.0251132160617678,-0.5068952194290975,-1.0259025192076816,-0.5087930822029151,0.0,0.0,Vmag_get_voltage_magnitude_series__angle_get_voltage_angle_series,true,Unknown,Ybus EMT reconstruction using exact complex bus-voltage phasors when available; otherwise diagnostic fallback
0.32,0.0007380843363407052,0.0016215779798921526,0.0007380843363407052,0.0016215779798921526,0.0007380843363407052,0.0016215779798921526,-1.025164434871341,-0.5071715042230229,-1.0259025192076816,-0.5087930822029151,0.0,0.0,Vmag_get_voltage_magnitude_series__angle_get_voltage_angle_series,true,Unknown,Ybus EMT reconstruction using exact complex bus-voltage phasors when available; otherwise diagnostic fallback
0.33,0.0006852084541528747,0.001341387701470409,0.0006852084541528747,0.001341387701470409,0.0006852084541528747,0.001341387701470409,-1.0252173107535287,-0.5074516945014447,-1.0259025192076816,-0.5087930822029151,0.0,0.0,Vmag_get_voltage_magnitude_series__angle_get_voltage_angle_series,true,Unknown,Ybus EMT reconstruction using exact complex bus-voltage phasors when available; otherwise diagnostic fallback
0.34,0.0006306121609109816,0.00105763707658324,0.0006306121609109816,0.00105763707658324,0.0006306121609109816,0.00105763707658324,-1.0252719070467706,-0.5077354451263318,-1.0259025192076816,-0.5087930822029151,0.0,0.0,Vmag_get_voltage_magnitude_series__angle_get_voltage_angle_series,true,Unknown,Ybus EMT reconstruction using exact complex bus-voltage phasors when available; otherwise diagnostic fallback
0.35,0.000574260518374281,0.000770684740121097,0.000574260518374281,0.000770684740121097,0.000574260518374281,0.000770684740121097,-1.0253282586893073,-0.508022397462794,-1.0259025192076816,-0.5087930822029151,0.0,0.0,Vmag_get_voltage_magnitude_series__angle_get_voltage_angle_series,true,Unknown,Ybus EMT reconstruction using exact complex bus-voltage phasors when available; otherwise diagnostic fallback
0.36,0.0005161490181728734,0.000480907432349964,0.0005161490181728734,0.000480907432349964,0.0005161490181728734,0.000480907432349964,-1.0253863701895087,-0.5083121747705651,-1.0259025192076816,-0.5087930822029151,0.0,0.0,Vmag_get_voltage_magnitude_series__angle_get_voltage_angle_series,true,Unknown,Ybus EMT reconstruction using exact complex bus-voltage phasors when available; otherwise diagnostic fallback
0.37,0.0004563027173347667,0.00018870335635612356,0.0004563027173347667,0.00018870335635612356,0.0004563027173347667,0.00018870335635612356,-1.0254462164903468,-0.508604378846559,-1.0259025192076816,-0.5087930822029151,0.0,0.0,Vmag_get_voltage_magnitude_series__angle_get_voltage_angle_series,true,Unknown,Ybus EMT reconstruction using exact complex bus-voltage phasors when available; otherwise diagnostic fallback
0.38,0.0003947739084313451,-0.00010550608168613529,0.0003947739084313451,-0.00010550608168613529,0.0003947739084313451,-0.00010550608168613529,-1.0255077452992503,-0.5088985882846012,-1.0259025192076816,-0.5087930822029151,0.0,0.0,Vmag_get_voltage_magnitude_series__angle_get_voltage_angle_series,true,Unknown,Ybus EMT reconstruction using exact complex bus-voltage phasors when available; otherwise diagnostic fallback
0.39,0.000331641386264625,-0.0004012772717980617,0.000331641386264625,-0.0004012772717980617,0.000331641386264625,-0.0004012772717980617,-1.025570877821417,-0.5091943594747131,-1.0259025192076816,-0.5087930822029151,0.0,0.0,Vmag_get_voltage_magnitude_series__angle_get_voltage_angle_series,true,Unknown,Ybus EMT reconstruction using exact complex bus-voltage phasors when available; otherwise diagnostic fallback
0.4,0.00026700688077596624,-0.000698146692692192,0.00026700688077596624,-0.000698146692692192,0.00026700688077596624,-0.000698146692692192,-1.0256355123269056,-0.5094912288956073,-1.0259025192076816,-0.5087930822029151,0.0,0.0,Vmag_get_voltage_magnitude_series__angle_get_voltage_angle_series,true,Unknown,Ybus EMT reconstruction using exact complex bus-voltage phasors when available; otherwise diagnostic fallback
0.41,0.00020099147686880592,-0.0009956340858399138,0.00020099147686880592,-0.0009956340858399138,0.00020099147686880592,-0.0009956340858399138,-1.0257015277308128,-0.509788716288755,-1.0259025192076816,-0.5087930822029151,0.0,0.0,Vmag_get_voltage_magnitude_series__angle_get_voltage_angle_series,true,Unknown,Ybus EMT reconstruction using exact complex bus-voltage phasors when available; otherwise diagnostic fallback
0.42,0.00013373177935216418,-0.0012932454018014239,0.00013373177935216418,-0.0012932454018014239,0.00013373177935216418,-0.0012932454018014239,-1.0257687874283294,-0.5100863276047165,-1.0259025192076816,-0.5087930822029151,0.0,0.0,Vmag_get_voltage_magnitude_series__angle_get_voltage_angle_series,true,Unknown,Ybus EMT reconstruction using exact complex bus-voltage phasors when available; otherwise diagnostic fallback
0.43,6.537702626174813e-5,-0.0015904769062095037,6.537702626174813e-5,-0.0015904769062095037,6.537702626174813e-5,-0.0015904769062095037,-1.0258371421814199,-0.5103835591091246,-1.0259025192076816,-0.5087930822029151,0.0,0.0,Vmag_get_voltage_magnitude_series__angle_get_voltage_angle_series,true,Unknown,Ybus EMT reconstruction using exact complex bus-voltage phasors when available; otherwise diagnostic fallback
0.44,-3.914220908951549e-6,-0.0018868196489364442,-3.914220908951549e-6,-0.0018868196489364442,-3.914220908951549e-6,-0.0018868196489364442,-1.0259064334285906,-0.5106799018518515,-1.0259025192076816,-0.5087930822029151,0.0,0.0,Vmag_get_voltage_magnitude_series__angle_get_voltage_angle_series,true,Unknown,Ybus EMT reconstruction using exact complex bus-voltage phasors when available; otherwise diagnostic fallback
0.45,-7.397751494142568e-5,-0.0021817642327582876,-7.397751494142568e-5,-0.0021817642327582876,-7.397751494142568e-5,-0.0021817642327582876,-1.025976496722623,-0.5109748464356734,-1.0259025192076816,-0.5087930822029151,0.0,0.0,Vmag_get_voltage_magnitude_series__angle_get_voltage_angle_series,true,Unknown,Ybus EMT reconstruction using exact complex bus-voltage phasors when available; otherwise diagnostic fallback
0.46,-0.00014464528870150595,-0.0024748045071143476,-0.00014464528870150595,-0.0024748045071143476,-0.00014464528870150595,-0.0024748045071143476,-1.0260471644963831,-0.5112678867100294,-1.0259025192076816,-0.5087930822029151,0.0,0.0,Vmag_get_voltage_magnitude_series__angle_get_voltage_angle_series,true,Unknown,Ybus EMT reconstruction using exact complex bus-voltage phasors when available; otherwise diagnostic fallback
0.47,-0.0002157489677880875,-0.002765440735294722,-0.0002157489677880875,-0.002765440735294722,-0.0002157489677880875,-0.002765440735294722,-1.0261182681754697,-0.5115585229382098,-1.0259025192076816,-0.5087930822029151,0.0,0.0,Vmag_get_voltage_magnitude_series__angle_get_voltage_angle_series,true,Unknown,Ybus EMT reconstruction using exact complex bus-voltage phasors when available; otherwise diagnostic fallback
0.48,-0.0002871210402559665,-0.0030531834507925293,-0.0002871210402559665,-0.0030531834507925293,-0.0002871210402559665,-0.0030531834507925293,-1.0261896402479376,-0.5118462656537076,-1.0259025192076816,-0.5087930822029151,0.0,0.0,Vmag_get_voltage_magnitude_series__angle_get_voltage_angle_series,true,Unknown,Ybus EMT reconstruction using exact complex bus-voltage phasors when available; otherwise diagnostic fallback
0.49,-0.00035859624888967545,-0.0033375571950788885,-0.00035859624888967545,-0.0033375571950788885,-0.00035859624888967545,-0.0033375571950788885,-1.0262611154565713,-0.512130639397994,-1.0259025192076816,-0.5087930822029151,0.0,0.0,Vmag_get_voltage_magnitude_series__angle_get_voltage_angle_series,true,Unknown,Ybus EMT reconstruction using exact complex bus-voltage phasors when available; otherwise diagnostic fallback
0.5,-0.00043001330510183955,-0.0036181026547692507,-0.00043001330510183955,-0.0036181026547692507,-0.00043001330510183955,-0.0036181026547692507,-1.0263325325127834,-0.5124111848576843,-1.0259025192076816,-0.5087930822029151,0.0,0.0,Vmag_get_voltage_magnitude_series__angle_get_voltage_angle_series,true,Unknown,Ybus EMT reconstruction using exact complex bus-voltage phasors when available; otherwise diagnostic fallback
0.51,-0.0005012161025901296,-0.0038943780795196448,-0.0005012161025901296,-0.0038943780795196448,-0.0005012161025901296,-0.0038943780795196448,-1.0264037353102717,-0.5126874602824347,-1.0259025192076816,-0.5087930822029151,0.0,0.0,Vmag_get_voltage_magnitude_series__angle_get_voltage_angle_series,true,Unknown,Ybus EMT reconstruction using exact complex bus-voltage phasors when available; otherwise diagnostic fallback
0.52,-0.0005720537317472907,-0.004165961487510583,-0.0005720537317472907,-0.004165961487510583,-0.0005720537317472907,-0.004165961487510583,-1.026474572939429,-0.5129590436904257,-1.0259025192076816,-0.5087930822029151,0.0,0.0,Vmag_get_voltage_magnitude_series__angle_get_voltage_angle_series,true,Unknown,Ybus EMT reconstruction using exact complex bus-voltage phasors when available; otherwise diagnostic fallback
0.53,-0.000642380498253825,-0.0044324527610849485,-0.000642380498253825,-0.0044324527610849485,-0.000642380498253825,-0.0044324527610849485,-1.0265448997059354,-0.513225534964,-1.0259025192076816,-0.5087930822029151,0.0,0.0,Vmag_get_voltage_magnitude_series__angle_get_voltage_angle_series,true,Unknown,Ybus EMT reconstruction using exact complex bus-voltage phasors when available; otherwise diagnostic fallback
0.54,-0.0007120566921037241,-0.004693474394143249,-0.0007120566921037241,-0.004693474394143249,-0.0007120566921037241,-0.004693474394143249,-1.0266145758997853,-0.5134865565970583,-1.0259025192076816,-0.5087930822029151,0.0,0.0,Vmag_get_voltage_magnitude_series__angle_get_voltage_angle_series,true,Unknown,Ybus EMT reconstruction using exact complex bus-voltage phasors when available; otherwise diagnostic fallback
0.55,-0.0007809497150428335,-0.004948671534097171,-0.0007809497150428335,-0.004948671534097171,-0.0007809497150428335,-0.004948671534097171,-1.0266834689227244,-0.5137417537370123,-1.0259025192076816,-0.5087930822029151,0.0,0.0,Vmag_get_voltage_magnitude_series__angle_get_voltage_angle_series,true,Unknown,Ybus EMT reconstruction using exact complex bus-voltage phasors when available; otherwise diagnostic fallback
0.56,-0.0008489324942402288,-0.00519771280682324,-0.0008489324942402288,-0.00519771280682324,-0.0008489324942402288,-0.00519771280682324,-1.0267514517019218,-0.5139907950097383,-1.0259025192076816,-0.5087930822029151,0.0,0.0,Vmag_get_voltage_magnitude_series__angle_get_voltage_angle_series,true,Unknown,Ybus EMT reconstruction using exact complex bus-voltage phasors when available; otherwise diagnostic fallback
0.57,-0.0009158830473432467,-0.005440291260661145,-0.0009158830473432467,-0.005440291260661145,-0.0009158830473432467,-0.005440291260661145,-1.0268184022550249,-0.5142333734635762,-1.0259025192076816,-0.5087930822029151,0.0,0.0,Vmag_get_voltage_magnitude_series__angle_get_voltage_angle_series,true,Unknown,Ybus EMT reconstruction using exact complex bus-voltage phasors when available; otherwise diagnostic fallback
0.58,-0.000981685781383801,-0.005676124672427174,-0.000981685781383801,-0.005676124672427174,-0.000981685781383801,-0.005676124672427174,-1.0268842049890654,-0.5144692068753423,-1.0259025192076816,-0.5087930822029151,0.0,0.0,Vmag_get_voltage_magnitude_series__angle_get_voltage_angle_series,true,Unknown,Ybus EMT reconstruction using exact complex bus-voltage phasors when available; otherwise diagnostic fallback
0.59,-0.0010462315817920675,-0.005904954890670888,-0.0010462315817920675,-0.005904954890670888,-0.0010462315817920675,-0.005904954890670888,-1.0269487507894737,-0.514698037093586,-1.0259025192076816,-0.5087930822029151,0.0,0.0,Vmag_get_voltage_magnitude_series__angle_get_voltage_angle_series,true,Unknown,Ybus EMT reconstruction using exact complex bus-voltage phasors when available; otherwise diagnostic fallback
0.6,-0.00110941679554033,-0.006126547754509493,-0.00110941679554033,-0.006126547754509493,-0.00110941679554033,-0.006126547754509493,-1.027011936003222,-0.5149196299574246,-1.0259025192076816,-0.5087930822029151,0.0,0.0,Vmag_get_voltage_magnitude_series__angle_get_voltage_angle_series,true,Unknown,Ybus EMT reconstruction using exact complex bus-voltage phasors when available; otherwise diagnostic fallback
0.61,-0.0011711427931577756,-0.00634069387329006,-0.0011711427931577756,-0.00634069387329006,-0.0011711427931577756,-0.00634069387329006,-1.0270736620008394,-0.5151337760762051,-1.0259025192076816,-0.5087930822029151,0.0,0.0,Vmag_get_voltage_magnitude_series__angle_get_voltage_angle_series,true,Unknown,Ybus EMT reconstruction using exact complex bus-voltage phasors when available; otherwise diagnostic fallback
0.62,-0.001231316497678936,-0.006547208673197913,-0.001231316497678936,-0.006547208673197913,-0.001231316497678936,-0.006547208673197913,-1.0271338357053605,-0.515340290876113,-1.0259025192076816,-0.5087930822029151,0.0,0.0,Vmag_get_voltage_magnitude_series__angle_get_voltage_angle_series,true,Unknown,Ybus EMT reconstruction using exact complex bus-voltage phasors when available; otherwise diagnostic fallback
0.63,-0.0012898515854509185,-0.006745931645816716,-0.0012898515854509185,-0.006745931645816716,-0.0012898515854509185,-0.006745931645816716,-1.0271923707931325,-0.5155390138487318,-1.0259025192076816,-0.5087930822029151,0.0,0.0,Vmag_get_voltage_magnitude_series__angle_get_voltage_angle_series,true,Unknown,Ybus EMT reconstruction using exact complex bus-voltage phasors when available; otherwise diagnostic fallback
0.64,-0.0013466669140571597,-0.006936726181432262,-0.0013466669140571597,-0.006936726181432262,-0.0013466669140571597,-0.006936726181432262,-1.0272491861217388,-0.5157298083843473,-1.0259025192076816,-0.5087930822029151,0.0,0.0,Vmag_get_voltage_magnitude_series__angle_get_voltage_angle_series,true,Unknown,Ybus EMT reconstruction using exact complex bus-voltage phasors when available; otherwise diagnostic fallback
0.65,-0.0014016873050208822,-0.007119479615845026,-0.0014016873050208822,-0.007119479615845026,-0.0014016873050208822,-0.007119479615845026,-1.0273042065127025,-0.5159125618187601,-1.0259025192076816,-0.5087930822029151,0.0,0.0,Vmag_get_voltage_magnitude_series__angle_get_voltage_angle_series,true,Unknown,Ybus EMT reconstruction using exact complex bus-voltage phasors when available; otherwise diagnostic fallback
0.66,-0.0014548433482381995,-0.007294103795999818,-0.0014548433482381995,-0.007294103795999818,-0.0014548433482381995,-0.007294103795999818,-1.0273573625559198,-0.5160871859989149,-1.0259025192076816,-0.5087930822029151,0.0,0.0,Vmag_get_voltage_magnitude_series__angle_get_voltage_angle_series,true,Unknown,Ybus EMT reconstruction using exact complex bus-voltage phasors when available; otherwise diagnostic fallback
0.67,-0.0015060719819530721,-0.007460534476029457,-0.0015060719819530721,-0.007460534476029457,-0.0015060719819530721,-0.007460534476029457,-1.0274085911896347,-0.5162536166789445,-1.0259025192076816,-0.5087930822029151,0.0,0.0,Vmag_get_voltage_magnitude_series__angle_get_voltage_angle_series,true,Unknown,Ybus EMT reconstruction using exact complex bus-voltage phasors when available; otherwise diagnostic fallback
0.68,-0.00155531702185141,-0.007618730256123141,-0.00155531702185141,-0.007618730256123141,-0.00155531702185141,-0.007618730256123141,-1.027457836229533,-0.5164118124590382,-1.0259025192076816,-0.5087930822029151,0.0,0.0,Vmag_get_voltage_magnitude_series__angle_get_voltage_angle_series,true,Unknown,Ybus EMT reconstruction using exact complex bus-voltage phasors when available; otherwise diagnostic fallback
0.69,-0.0016025282456249013,-0.007768673396894354,-0.0016025282456249013,-0.007768673396894354,-0.0016025282456249013,-0.007768673396894354,-1.0275050474533065,-0.5165617555998094,-1.0259025192076816,-0.5087930822029151,0.0,0.0,Vmag_get_voltage_magnitude_series__angle_get_voltage_angle_series,true,Unknown,Ybus EMT reconstruction using exact complex bus-voltage phasors when available; otherwise diagnostic fallback
0.7,-0.0016476621348029408,-0.00791036910234133,-0.0016476621348029408,-0.00791036910234133,-0.0016476621348029408,-0.00791036910234133,-1.0275501813424845,-0.5167034513052564,-1.0259025192076816,-0.5087930822029151,0.0,0.0,Vmag_get_voltage_magnitude_series__angle_get_voltage_angle_series,true,Unknown,Ybus EMT reconstruction using exact complex bus-voltage phasors when available; otherwise diagnostic fallback
0.71,-0.0016906822810962563,-0.008043845470097954,-0.0016906822810962563,-0.008043845470097954,-0.0016906822810962563,-0.008043845470097954,-1.0275932014887779,-0.516836927673013,-1.0259025192076816,-0.5087930822029151,0.0,0.0,Vmag_get_voltage_magnitude_series__angle_get_voltage_angle_series,true,Unknown,Ybus EMT reconstruction using exact complex bus-voltage phasors when available; otherwise diagnostic fallback
0.72,-0.001731559285128137,-0.008169152744169517,-0.001731559285128137,-0.008169152744169517,-0.001731559285128137,-0.008169152744169517,-1.0276340784928097,-0.5169622349470846,-1.0259025192076816,-0.5087930822029151,0.0,0.0,Vmag_get_voltage_magnitude_series__angle_get_voltage_angle_series,true,Unknown,Ybus EMT reconstruction using exact complex bus-voltage phasors when available; otherwise diagnostic fallback
0.73,-0.0017702706011637481,-0.008286362508211798,-0.0017702706011637481,-0.008286362508211798,-0.0017702706011637481,-0.008286362508211798,-1.0276727898088454,-0.5170794447111269,-1.0259025192076816,-0.5087930822029151,0.0,0.0,Vmag_get_voltage_magnitude_series__angle_get_voltage_angle_series,true,Unknown,Ybus EMT reconstruction using exact complex bus-voltage phasors when available; otherwise diagnostic fallback
0.74,-0.0018068007217504345,-0.008395567782099822,-0.0018068007217504345,-0.008395567782099822,-0.0018068007217504345,-0.008395567782099822,-1.027709319929432,-0.5171886499850149,-1.0259025192076816,-0.5087930822029151,0.0,0.0,Vmag_get_voltage_magnitude_series__angle_get_voltage_angle_series,true,Unknown,Ybus EMT reconstruction using exact complex bus-voltage phasors when available; otherwise diagnostic fallback
0.75,-0.0018411412771124347,-0.008496882029801034,-0.0018411412771124347,-0.008496882029801034,-0.0018411412771124347,-0.008496882029801034,-1.027743660484794,-0.5172899642327161,-1.0259025192076816,-0.5087930822029151,0.0,0.0,Vmag_get_voltage_magnitude_series__angle_get_voltage_angle_series,true,Unknown,Ybus EMT reconstruction using exact complex bus-voltage phasors when available; otherwise diagnostic fallback
0.76,-0.0018732911168801714,-0.008590438337190864,-0.0018732911168801714,-0.008590438337190864,-0.0018732911168801714,-0.008590438337190864,-1.0277758103245618,-0.517383520540106,-1.0259025192076816,-0.5087930822029151,0.0,0.0,Vmag_get_voltage_magnitude_series__angle_get_voltage_angle_series,true,Unknown,Ybus EMT reconstruction using exact complex bus-voltage phasors when available; otherwise diagnostic fallback
0.77,-0.0019032559826228646,-0.008676388584234584,-0.0019032559826228646,-0.008676388584234584,-0.0019032559826228646,-0.008676388584234584,-1.0278057751903045,-0.5174694707871497,-1.0259025192076816,-0.5087930822029151,0.0,0.0,Vmag_get_voltage_magnitude_series__angle_get_voltage_angle_series,true,Unknown,Ybus EMT reconstruction using exact complex bus-voltage phasors when available; otherwise diagnostic fallback
0.78,-0.0019310481994034845,-0.008754902450729407,-0.0019310481994034845,-0.008754902450729407,-0.0019310481994034845,-0.008754902450729407,-1.027833567407085,-0.5175479846536445,-1.0259025192076816,-0.5087930822029151,0.0,0.0,Vmag_get_voltage_magnitude_series__angle_get_voltage_angle_series,true,Unknown,Ybus EMT reconstruction using exact complex bus-voltage phasors when available; otherwise diagnostic fallback
0.79,-0.0019566868286431394,-0.008826166741074282,-0.0019566868286431394,-0.008826166741074282,-0.0019566868286431394,-0.008826166741074282,-1.0278592060363247,-0.5176192489439894,-1.0259025192076816,-0.5087930822029151,0.0,0.0,Vmag_get_voltage_magnitude_series__angle_get_voltage_angle_series,true,Unknown,Ybus EMT reconstruction using exact complex bus-voltage phasors when available; otherwise diagnostic fallback
0.8,-0.001980197569559028,-0.008890384367381765,-0.001980197569559028,-0.008890384367381765,-0.001980197569559028,-0.008890384367381765,-1.0278827167772406,-0.5176834665702968,-1.0259025192076816,-0.5087930822029151,0.0,0.0,Vmag_get_voltage_magnitude_series__angle_get_voltage_angle_series,true,Unknown,Ybus EMT reconstruction using exact complex bus-voltage phasors when available; otherwise diagnostic fallback
0.81,-0.002001612207755743,-0.008947772404439336,-0.002001612207755743,-0.008947772404439336,-0.002001612207755743,-0.008947772404439336,-1.0279041314154373,-0.5177408546073544,-1.0259025192076816,-0.5087930822029151,0.0,0.0,Vmag_get_voltage_magnitude_series__angle_get_voltage_angle_series,true,Unknown,Ybus EMT reconstruction using exact complex bus-voltage phasors when available; otherwise diagnostic fallback
0.82,-0.0020209682422478448,-0.008998561358140145,-0.0020209682422478448,-0.008998561358140145,-0.0020209682422478448,-0.008998561358140145,-1.0279234874499295,-0.5177916435610552,-1.0259025192076816,-0.5087930822029151,0.0,0.0,Vmag_get_voltage_magnitude_series__angle_get_voltage_angle_series,true,Unknown,Ybus EMT reconstruction using exact complex bus-voltage phasors when available; otherwise diagnostic fallback
0.83,-0.0020383087419175716,-0.00904299455691382,-0.0020383087419175716,-0.00904299455691382,-0.0020383087419175716,-0.00904299455691382,-1.0279408279495992,-0.5178360767598289,-1.0259025192076816,-0.5087930822029151,0.0,0.0,Vmag_get_voltage_magnitude_series__angle_get_voltage_angle_series,true,Unknown,Ybus EMT reconstruction using exact complex bus-voltage phasors when available; otherwise diagnostic fallback
0.84,-0.0020536819331826717,-0.009081326463771688,-0.0020536819331826717,-0.009081326463771688,-0.0020536819331826717,-0.009081326463771688,-1.0279562011408643,-0.5178744086666868,-1.0259025192076816,-0.5087930822029151,0.0,0.0,Vmag_get_voltage_magnitude_series__angle_get_voltage_angle_series,true,Unknown,Ybus EMT reconstruction using exact complex bus-voltage phasors when available; otherwise diagnostic fallback
0.85,-0.002067141270874373,-0.009113820649128024,-0.002067141270874373,-0.009113820649128024,-0.002067141270874373,-0.009113820649128024,-1.027969660478556,-0.5179069028520431,-1.0259025192076816,-0.5087930822029151,0.0,0.0,Vmag_get_voltage_magnitude_series__angle_get_voltage_angle_series,true,Unknown,Ybus EMT reconstruction using exact complex bus-voltage phasors when available; otherwise diagnostic fallback
0.86,-0.0020787445387362435,-0.009140748911894647,-0.0020787445387362435,-0.009140748911894647,-0.0020787445387362435,-0.009140748911894647,-1.0279812637464179,-0.5179338311148097,-1.0259025192076816,-0.5087930822029151,0.0,0.0,Vmag_get_voltage_magnitude_series__angle_get_voltage_angle_series,true,Unknown,Ybus EMT reconstruction using exact complex bus-voltage phasors when available; otherwise diagnostic fallback
0.87,-0.00208855306597866,-0.009162390622093786,-0.00208855306597866,-0.009162390622093786,-0.00208855306597866,-0.009162390622093786,-1.0279910722736603,-0.5179554728250089,-1.0259025192076816,-0.5087930822029151,0.0,0.0,Vmag_get_voltage_magnitude_series__angle_get_voltage_angle_series,true,Unknown,Ybus EMT reconstruction using exact complex bus-voltage phasors when available; otherwise diagnostic fallback
0.88,-0.002096631981724162,-0.0091790310210067,-0.002096631981724162,-0.0091790310210067,-0.002096631981724162,-0.0091790310210067,-1.0279991511894058,-0.5179721132239218,-1.0259025192076816,-0.5087930822029151,0.0,0.0,Vmag_get_voltage_magnitude_series__angle_get_voltage_angle_series,true,Unknown,Ybus EMT reconstruction using exact complex bus-voltage phasors when available; otherwise diagnostic fallback
0.89,-0.0021030502255103833,-0.009190959166835655,-0.0021030502255103833,-0.009190959166835655,-0.0021030502255103833,-0.009190959166835655,-1.028005569433192,-0.5179840413697507,-1.0259025192076816,-0.5087930822029151,0.0,0.0,Vmag_get_voltage_magnitude_series__angle_get_voltage_angle_series,true,Unknown,Ybus EMT reconstruction using exact complex bus-voltage phasors when available; otherwise diagnostic fallback
0.9,-0.0021078794754192387,-0.009198466918693526,-0.0021078794754192387,-0.009198466918693526,-0.0021078794754192387,-0.009198466918693526,-1.0280103986831008,-0.5179915491216086,-1.0259025192076816,-0.5087930822029151,0.0,0.0,Vmag_get_voltage_magnitude_series__angle_get_voltage_angle_series,true,Unknown,Ybus EMT reconstruction using exact complex bus-voltage phasors when available; otherwise diagnostic fallback
0.91,-0.0021111929273893715,-0.009201848335419927,-0.0021111929273893715,-0.009201848335419927,-0.0021111929273893715,-0.009201848335419927,-1.028013712135071,-0.517994930538335,-1.0259025192076816,-0.5087930822029151,0.0,0.0,Vmag_get_voltage_magnitude_series__angle_get_voltage_angle_series,true,Unknown,Ybus EMT reconstruction using exact complex bus-voltage phasors when available; otherwise diagnostic fallback
0.92,-0.002113066435376343,-0.009201398081128409,-0.002113066435376343,-0.009201398081128409,-0.002113066435376343,-0.009201398081128409,-1.028015585643058,-0.5179944802840435,-1.0259025192076816,-0.5087930822029151,0.0,0.0,Vmag_get_voltage_magnitude_series__angle_get_voltage_angle_series,true,Unknown,Ybus EMT reconstruction using exact complex bus-voltage phasors when available; otherwise diagnostic fallback
0.93,-0.00211357758463393,-0.009197409852982563,-0.00211357758463393,-0.009197409852982563,-0.00211357758463393,-0.009197409852982563,-1.0280160967923155,-0.5179904920558976,-1.0259025192076816,-0.5087930822029151,0.0,0.0,Vmag_get_voltage_magnitude_series__angle_get_voltage_angle_series,true,Unknown,Ybus EMT reconstruction using exact complex bus-voltage phasors when available; otherwise diagnostic fallback
0.94,-0.002112805115737082,-0.009190174988501276,-0.002112805115737082,-0.009190174988501276,-0.002112805115737082,-0.009190174988501276,-1.0280153243234187,-0.5179832571914164,-1.0259025192076816,-0.5087930822029151,0.0,0.0,Vmag_get_voltage_magnitude_series__angle_get_voltage_angle_series,true,Unknown,Ybus EMT reconstruction using exact complex bus-voltage phasors when available; otherwise diagnostic fallback
0.95,-0.0021108282159427727,-0.009179981978850837,-0.0021108282159427727,-0.009179981978850837,-0.0021108282159427727,-0.009179981978850837,-1.0280133474236244,-0.5179730641817659,-1.0259025192076816,-0.5087930822029151,0.0,0.0,Vmag_get_voltage_magnitude_series__angle_get_voltage_angle_series,true,Unknown,Ybus EMT reconstruction using exact complex bus-voltage phasors when available; otherwise diagnostic fallback
0.96,-0.0021077267492579654,-0.009167115386231273,-0.0021077267492579654,-0.009167115386231273,-0.0021077267492579654,-0.009167115386231273,-1.0280102459569396,-0.5179601975891464,-1.0259025192076816,-0.5087930822029151,0.0,0.0,Vmag_get_voltage_magnitude_series__angle_get_voltage_angle_series,true,Unknown,Ybus EMT reconstruction using exact complex bus-voltage phasors when available; otherwise diagnostic fallback
0.97,-0.0021035809252203386,-0.009151854608069332,-0.0021035809252203386,-0.009151854608069332,-0.0021035809252203386,-0.009151854608069332,-1.028006100132902,-0.5179449368109844,-1.0259025192076816,-0.5087930822029151,0.0,0.0,Vmag_get_voltage_magnitude_series__angle_get_voltage_angle_series,true,Unknown,Ybus EMT reconstruction using exact complex bus-voltage phasors when available; otherwise diagnostic fallback
0.98,-0.0020984706351283577,-0.009134472417626549,-0.0020984706351283577,-0.009134472417626549,-0.0020984706351283577,-0.009134472417626549,-1.02800098984281,-0.5179275546205416,-1.0259025192076816,-0.5087930822029151,0.0,0.0,Vmag_get_voltage_magnitude_series__angle_get_voltage_angle_series,true,Unknown,Ybus EMT reconstruction using exact complex bus-voltage phasors when available; otherwise diagnostic fallback
0.99,-0.0020924750808528625,-0.009115234424956431,-0.0020924750808528625,-0.009115234424956431,-0.0020924750808528625,-0.009115234424956431,-1.0279949942885345,-0.5179083166278715,-1.0259025192076816,-0.5087930822029151,0.0,0.0,Vmag_get_voltage_magnitude_series__angle_get_voltage_angle_series,true,Unknown,Ybus EMT reconstruction using exact complex bus-voltage phasors when available; otherwise diagnostic fallback
1.0,-0.0020856726173992257,-0.009094398989001107,-0.0020856726173992257,-0.009094398989001107,-0.0020856726173992257,-0.009094398989001107,-1.0279881918250808,-0.5178874811919162,-1.0259025192076816,-0.5087930822029151,0.0,0.0,Vmag_get_voltage_magnitude_series__angle_get_voltage_angle_series,true,Unknown,Ybus EMT reconstruction using exact complex bus-voltage phasors when available; otherwise diagnostic fallback
1.01,-0.0020781407048995337,-0.009072215433914232,-0.0020781407048995337,-0.009072215433914232,-0.0020781407048995337,-0.009072215433914232,-1.0279806599125811,-0.5178652976368293,-1.0259025192076816,-0.5087930822029151,0.0,0.0,Vmag_get_voltage_magnitude_series__angle_get_voltage_angle_series,true,Unknown,Ybus EMT reconstruction using exact complex bus-voltage phasors when available; otherwise diagnostic fallback
1.02,-0.0020699554862684266,-0.009048923788038232,-0.0020699554862684266,-0.009048923788038232,-0.0020699554862684266,-0.009048923788038232,-1.02797247469395,-0.5178420059909533,-1.0259025192076816,-0.5087930822029151,0.0,0.0,Vmag_get_voltage_magnitude_series__angle_get_voltage_angle_series,true,Unknown,Ybus EMT reconstruction using exact complex bus-voltage phasors when available; otherwise diagnostic fallback
1.03,-0.0020611912433539104,-0.009024753989508083,-0.0020611912433539104,-0.009024753989508083,-0.0020611912433539104,-0.009024753989508083,-1.0279637104510355,-0.5178178361924232,-1.0259025192076816,-0.5087930822029151,0.0,0.0,Vmag_get_voltage_magnitude_series__angle_get_voltage_angle_series,true,Unknown,Ybus EMT reconstruction using exact complex bus-voltage phasors when available; otherwise diagnostic fallback
1.04,-0.002051920336983537,-0.008999925525430053,-0.002051920336983537,-0.008999925525430053,-0.002051920336983537,-0.008999925525430053,-1.0279544395446651,-0.5177930077283451,-1.0259025192076816,-0.5087930822029151,0.0,0.0,Vmag_get_voltage_magnitude_series__angle_get_voltage_angle_series,true,Unknown,Ybus EMT reconstruction using exact complex bus-voltage phasors when available; otherwise diagnostic fallback
1.05,-0.0020422133482091986,-0.008974647175646777,-0.0020422133482091986,-0.008974647175646777,-0.0020422133482091986,-0.008974647175646777,-1.0279447325558908,-0.5177677293785619,-1.0259025192076816,-0.5087930822029151,0.0,0.0,Vmag_get_voltage_magnitude_series__angle_get_voltage_angle_series,true,Unknown,Ybus EMT reconstruction using exact complex bus-voltage phasors when available; otherwise diagnostic fallback
1.06,-0.0020321385040882323,-0.008949116100006593,-0.0020321385040882323,-0.008949116100006593,-0.0020321385040882323,-0.008949116100006593,-1.0279346577117698,-0.5177421983029217,-1.0259025192076816,-0.5087930822029151,0.0,0.0,Vmag_get_voltage_magnitude_series__angle_get_voltage_angle_series,true,Unknown,Ybus EMT reconstruction using exact complex bus-voltage phasors when available; otherwise diagnostic fallback
1.07,-0.00202176165753043,-0.008923517779715562,-0.00202176165753043,-0.008923517779715562,-0.00202176165753043,-0.008923517779715562,-1.027924280865212,-0.5177165999826306,-1.0259025192076816,-0.5087930822029151,0.0,0.0,Vmag_get_voltage_magnitude_series__angle_get_voltage_angle_series,true,Unknown,Ybus EMT reconstruction using exact complex bus-voltage phasors when available; otherwise diagnostic fallback
1.08,-0.002011145884501797,-0.008898025869589099,-0.002011145884501797,-0.008898025869589099,-0.002011145884501797,-0.008898025869589099,-1.0279136650921834,-0.5176911080725042,-1.0259025192076816,-0.5087930822029151,0.0,0.0,Vmag_get_voltage_magnitude_series__angle_get_voltage_angle_series,true,Unknown,Ybus EMT reconstruction using exact complex bus-voltage phasors when available; otherwise diagnostic fallback
1.09,-0.0020003516363946705,-0.008872801971095301,-0.0020003516363946705,-0.008872801971095301,-0.0020003516363946705,-0.008872801971095301,-1.0279028708440763,-0.5176658841740104,-1.0259025192076816,-0.5087930822029151,0.0,0.0,Vmag_get_voltage_magnitude_series__angle_get_voltage_angle_series,true,Unknown,Ybus EMT reconstruction using exact complex bus-voltage phasors when available; otherwise diagnostic fallback
1.1,-0.0019894366925392593,-0.0088479954298738,-0.0019894366925392593,-0.0088479954298738,-0.0019894366925392593,-0.0088479954298738,-1.0278919559002209,-0.5176410776327889,-1.0259025192076816,-0.5087930822029151,0.0,0.0,Vmag_get_voltage_magnitude_series__angle_get_voltage_angle_series,true,Unknown,Ybus EMT reconstruction using exact complex bus-voltage phasors when available; otherwise diagnostic fallback
1.11,-0.0019784558001789687,-0.008823743264290362,-0.0019784558001789687,-0.008823743264290362,-0.0019784558001789687,-0.008823743264290362,-1.0278809750078606,-0.5176168254672054,-1.0259025192076816,-0.5087930822029151,0.0,0.0,Vmag_get_voltage_magnitude_series__angle_get_voltage_angle_series,true,Unknown,Ybus EMT reconstruction using exact complex bus-voltage phasors when available; otherwise diagnostic fallback
1.12,-0.0019674605563875236,-0.008800170338409075,-0.0019674605563875236,-0.008800170338409075,-0.0019674605563875236,-0.008800170338409075,-1.0278699797640691,-0.5175932525413242,-1.0259025192076816,-0.5087930822029151,0.0,0.0,Vmag_get_voltage_magnitude_series__angle_get_voltage_angle_series,true,Unknown,Ybus EMT reconstruction using exact complex bus-voltage phasors when available; otherwise diagnostic fallback
1.13,-0.001956499508714016,-0.008777389466643526,-0.001956499508714016,-0.008777389466643526,-0.001956499508714016,-0.008777389466643526,-1.0278590187163956,-0.5175704716695586,-1.0259025192076816,-0.5087930822029151,0.0,0.0,Vmag_get_voltage_magnitude_series__angle_get_voltage_angle_series,true,Unknown,Ybus EMT reconstruction using exact complex bus-voltage phasors when available; otherwise diagnostic fallback
1.14,-0.001945618183635256,-0.008755501418857836,-0.001945618183635256,-0.008755501418857836,-0.001945618183635256,-0.008755501418857836,-1.0278481373913169,-0.5175485836217729,-1.0259025192076816,-0.5087930822029151,0.0,0.0,Vmag_get_voltage_magnitude_series__angle_get_voltage_angle_series,true,Unknown,Ybus EMT reconstruction using exact complex bus-voltage phasors when available; otherwise diagnostic fallback
1.15,-0.001934858953629437,-0.008734595095145514,-0.001934858953629437,-0.008734595095145514,-0.001934858953629437,-0.008734595095145514,-1.027837378161311,-0.5175276772980606,-1.0259025192076816,-0.5087930822029151,0.0,0.0,Vmag_get_voltage_magnitude_series__angle_get_voltage_angle_series,true,Unknown,Ybus EMT reconstruction using exact complex bus-voltage phasors when available; otherwise diagnostic fallback
1.16,-0.0019242608669447492,-0.008714747907364928,-0.0019242608669447492,-0.008714747907364928,-0.0019242608669447492,-0.008714747907364928,-1.0278267800746264,-0.51750783011028,-1.0259025192076816,-0.5087930822029151,0.0,0.0,Vmag_get_voltage_magnitude_series__angle_get_voltage_angle_series,true,Unknown,Ybus EMT reconstruction using exact complex bus-voltage phasors when available; otherwise diagnostic fallback
1.17,-0.001913859622491243,-0.008696026037888438,-0.001913859622491243,-0.008696026037888438,-0.001913859622491243,-0.008696026037888438,-1.0278163788301728,-0.5174891082408035,-1.0259025192076816,-0.5087930822029151,0.0,0.0,Vmag_get_voltage_magnitude_series__angle_get_voltage_angle_series,true,Unknown,Ybus EMT reconstruction using exact complex bus-voltage phasors when available; otherwise diagnostic fallback
1.18,-0.0019036880423854985,-0.008678484846926016,-0.0019036880423854985,-0.008678484846926016,-0.0019036880423854985,-0.008678484846926016,-1.027806207250067,-0.5174715670498411,-1.0259025192076816,-0.5087930822029151,0.0,0.0,Vmag_get_voltage_magnitude_series__angle_get_voltage_angle_series,true,Unknown,Ybus EMT reconstruction using exact complex bus-voltage phasors when available; otherwise diagnostic fallback
1.19,-0.001893775835052569,-0.008662169121369634,-0.001893775835052569,-0.008662169121369634,-0.001893775835052569,-0.008662169121369634,-1.0277962950427342,-0.5174552513242847,-1.0259025192076816,-0.5087930822029151,0.0,0.0,Vmag_get_voltage_magnitude_series__angle_get_voltage_angle_series,true,Unknown,Ybus EMT reconstruction using exact complex bus-voltage phasors when available; otherwise diagnostic fallback
1.2,-0.0018841492811991767,-0.00864711344357394,-0.0018841492811991767,-0.00864711344357394,-0.0018841492811991767,-0.00864711344357394,-1.0277866684888808,-0.517440195646489,-1.0259025192076816,-0.5087930822029151,0.0,0.0,Vmag_get_voltage_magnitude_series__angle_get_voltage_angle_series,true,Unknown,Ybus EMT reconstruction using exact complex bus-voltage phasors when available; otherwise diagnostic fallback
1.21,-0.0018748315739220978,-0.008633342801037225,-0.0018748315739220978,-0.008633342801037225,-0.0018748315739220978,-0.008633342801037225,-1.0277773507816037,-0.5174264250039523,-1.0259025192076816,-0.5087930822029151,0.0,0.0,Vmag_get_voltage_magnitude_series__angle_get_voltage_angle_series,true,Unknown,Ybus EMT reconstruction using exact complex bus-voltage phasors when available; otherwise diagnostic fallback
1.22,-0.0018658431120543995,-0.008620873205704482,-0.0018658431120543995,-0.008620873205704482,-0.0018658431120543995,-0.008620873205704482,-1.027768362319736,-0.5174139554086196,-1.0259025192076816,-0.5087930822029151,0.0,0.0,Vmag_get_voltage_magnitude_series__angle_get_voltage_angle_series,true,Unknown,Ybus EMT reconstruction using exact complex bus-voltage phasors when available; otherwise diagnostic fallback
1.23,-0.0018572014456692543,-0.008609711964045808,-0.0018572014456692543,-0.008609711964045808,-0.0018572014456692543,-0.008609711964045808,-1.0277597206533509,-0.5174027941669609,-1.0259025192076816,-0.5087930822029151,0.0,0.0,Vmag_get_voltage_magnitude_series__angle_get_voltage_angle_series,true,Unknown,Ybus EMT reconstruction using exact complex bus-voltage phasors when available; otherwise diagnostic fallback
1.24,-0.0018489210268770595,-0.008599857997075522,-0.0018489210268770595,-0.008599857997075522,-0.0018489210268770595,-0.008599857997075522,-1.0277514402345587,-0.5173929401999906,-1.0259025192076816,-0.5087930822029151,0.0,0.0,Vmag_get_voltage_magnitude_series__angle_get_voltage_angle_series,true,Unknown,Ybus EMT reconstruction using exact complex bus-voltage phasors when available; otherwise diagnostic fallback
1.25,-0.001841013504060296,-0.008591302708035542,-0.001841013504060296,-0.008591302708035542,-0.001841013504060296,-0.008591302708035542,-1.027743532711742,-0.5173843849109506,-1.0259025192076816,-0.5087930822029151,0.0,0.0,Vmag_get_voltage_magnitude_series__angle_get_voltage_angle_series,true,Unknown,Ybus EMT reconstruction using exact complex bus-voltage phasors when available; otherwise diagnostic fallback
1.26,-0.0018334880374892837,-0.008584030808445275,-0.0018334880374892837,-0.008584030808445275,-0.0018334880374892837,-0.008584030808445275,-1.027736007245171,-0.5173771130113604,-1.0259025192076816,-0.5087930822029151,0.0,0.0,Vmag_get_voltage_magnitude_series__angle_get_voltage_angle_series,true,Unknown,Ybus EMT reconstruction using exact complex bus-voltage phasors when available; otherwise diagnostic fallback
1.27,-0.0018263513015011057,-0.008578020226488792,-0.0018263513015011057,-0.008578020226488792,-0.0018263513015011057,-0.008578020226488792,-1.0277288705091827,-0.5173711024294039,-1.0259025192076816,-0.5087930822029151,0.0,0.0,Vmag_get_voltage_magnitude_series__angle_get_voltage_angle_series,true,Unknown,Ybus EMT reconstruction using exact complex bus-voltage phasors when available; otherwise diagnostic fallback
1.28,-0.0018196075082776986,-0.008573243003317632,-0.0018196075082776986,-0.008573243003317632,-0.0018196075082776986,-0.008573243003317632,-1.0277221267159593,-0.5173663252062327,-1.0259025192076816,-0.5087930822029151,0.0,0.0,Vmag_get_voltage_magnitude_series__angle_get_voltage_angle_series,true,Unknown,Ybus EMT reconstruction using exact complex bus-voltage phasors when available; otherwise diagnostic fallback
1.29,-0.0018132583577434858,-0.008569665769513901,-0.0018132583577434858,-0.008569665769513901,-0.0018132583577434858,-0.008569665769513901,-1.027715777565425,-0.517362747972429,-1.0259025192076816,-0.5087930822029151,0.0,0.0,Vmag_get_voltage_magnitude_series__angle_get_voltage_angle_series,true,Unknown,Ybus EMT reconstruction using exact complex bus-voltage phasors when available; otherwise diagnostic fallback
1.3,-0.0018073034981513914,-0.008567250586838271,-0.0018073034981513914,-0.008567250586838271,-0.0018073034981513914,-0.008567250586838271,-1.027709822705833,-0.5173603327897534,-1.0259025192076816,-0.5087930822029151,0.0,0.0,Vmag_get_voltage_magnitude_series__angle_get_voltage_angle_series,true,Unknown,Ybus EMT reconstruction using exact complex bus-voltage phasors when available; otherwise diagnostic fallback
1.31,-0.001801740720723366,-0.00856595530147719,-0.001801740720723366,-0.00856595530147719,-0.001801740720723366,-0.00856595530147719,-1.027704259928405,-0.5173590375043923,-1.0259025192076816,-0.5087930822029151,0.0,0.0,Vmag_get_voltage_magnitude_series__angle_get_voltage_angle_series,true,Unknown,Ybus EMT reconstruction using exact complex bus-voltage phasors when available; otherwise diagnostic fallback
1.32,-0.0017965658287073527,-0.00856573380614023,-0.0017965658287073527,-0.00856573380614023,-0.0017965658287073527,-0.00856573380614023,-1.027699085036389,-0.5173588160090553,-1.0259025192076816,-0.5087930822029151,0.0,0.0,Vmag_get_voltage_magnitude_series__angle_get_voltage_angle_series,true,Unknown,Ybus EMT reconstruction using exact complex bus-voltage phasors when available; otherwise diagnostic fallback
1.33,-0.0017917727254228577,-0.008566536998737662,-0.0017917727254228577,-0.008566536998737662,-0.0017917727254228577,-0.008566536998737662,-1.0276942919331045,-0.5173596192016527,-1.0259025192076816,-0.5087930822029151,0.0,0.0,Vmag_get_voltage_magnitude_series__angle_get_voltage_angle_series,true,Unknown,Ybus EMT reconstruction using exact complex bus-voltage phasors when available; otherwise diagnostic fallback
1.34,-0.0017873537069290624,-0.008568313242384051,-0.0017873537069290624,-0.008568313242384051,-0.0017873537069290624,-0.008568313242384051,-1.0276898729146107,-0.5173613954452991,-1.0259025192076816,-0.5087930822029151,0.0,0.0,Vmag_get_voltage_magnitude_series__angle_get_voltage_angle_series,true,Unknown,Ybus EMT reconstruction using exact complex bus-voltage phasors when available; otherwise diagnostic fallback
1.35,-0.0017832997199738188,-0.008571008746835473,-0.0017832997199738188,-0.008571008746835473,-0.0017832997199738188,-0.008571008746835473,-1.0276858189276554,-0.5173640909497506,-1.0259025192076816,-0.5087930822029151,0.0,0.0,Vmag_get_voltage_magnitude_series__angle_get_voltage_angle_series,true,Unknown,Ybus EMT reconstruction using exact complex bus-voltage phasors when available; otherwise diagnostic fallback
1.36,-0.001779600531039538,-0.008574568097813207,-0.001779600531039538,-0.008574568097813207,-0.001779600531039538,-0.008574568097813207,-1.0276821197387211,-0.5173676503007283,-1.0259025192076816,-0.5087930822029151,0.0,0.0,Vmag_get_voltage_magnitude_series__angle_get_voltage_angle_series,true,Unknown,Ybus EMT reconstruction using exact complex bus-voltage phasors when available; otherwise diagnostic fallback
1.37,-0.001776244343337785,-0.008578934576857877,-0.001776244343337785,-0.008578934576857877,-0.001776244343337785,-0.008578934576857877,-1.0276787635510194,-0.517372016779773,-1.0259025192076816,-0.5087930822029151,0.0,0.0,Vmag_get_voltage_magnitude_series__angle_get_voltage_angle_series,true,Unknown,Ybus EMT reconstruction using exact complex bus-voltage phasors when available; otherwise diagnostic fallback
1.38,-0.0017732185027758973,-0.008584050929098863,-0.0017732185027758973,-0.008584050929098863,-0.0017732185027758973,-0.008584050929098863,-1.0276757377104575,-0.5173771331320139,-1.0259025192076816,-0.5087930822029151,0.0,0.0,Vmag_get_voltage_magnitude_series__angle_get_voltage_angle_series,true,Unknown,Ybus EMT reconstruction using exact complex bus-voltage phasors when available; otherwise diagnostic fallback
1.39,-0.001770509391160191,-0.008589859606171868,-0.001770509391160191,-0.008589859606171868,-0.001770509391160191,-0.008589859606171868,-1.0276730285988418,-0.517382941809087,-1.0259025192076816,-0.5087930822029151,0.0,0.0,Vmag_get_voltage_magnitude_series__angle_get_voltage_angle_series,true,Unknown,Ybus EMT reconstruction using exact complex bus-voltage phasors when available; otherwise diagnostic fallback
1.4,-0.0017681027055687082,-0.008596303052502474,-0.0017681027055687082,-0.008596303052502474,-0.0017681027055687082,-0.008596303052502474,-1.0276706219132503,-0.5173893852554176,-1.0259025192076816,-0.5087930822029151,0.0,0.0,Vmag_get_voltage_magnitude_series__angle_get_voltage_angle_series,true,Unknown,Ybus EMT reconstruction using exact complex bus-voltage phasors when available; otherwise diagnostic fallback
1.41,-0.0017659834638807936,-0.00860332413433873,-0.0017659834638807936,-0.00860332413433873,-0.0017659834638807936,-0.00860332413433873,-1.0276685026715624,-0.5173964063372538,-1.0259025192076816,-0.5087930822029151,0.0,0.0,Vmag_get_voltage_magnitude_series__angle_get_voltage_angle_series,true,Unknown,Ybus EMT reconstruction using exact complex bus-voltage phasors when available; otherwise diagnostic fallback
1.42,-0.001764136017536222,-0.008610866621313384,-0.001764136017536222,-0.008610866621313384,-0.001764136017536222,-0.008610866621313384,-1.0276666552252178,-0.5174039488242285,-1.0259025192076816,-0.5087930822029151,0.0,0.0,Vmag_get_voltage_magnitude_series__angle_get_voltage_angle_series,true,Unknown,Ybus EMT reconstruction using exact complex bus-voltage phasors when available; otherwise diagnostic fallback
1.43,-0.0017625444504179022,-0.008618875362628842,-0.0017625444504179022,-0.008618875362628842,-0.0017625444504179022,-0.008618875362628842,-1.0276650636580995,-0.5174119575655439,-1.0259025192076816,-0.5087930822029151,0.0,0.0,Vmag_get_voltage_magnitude_series__angle_get_voltage_angle_series,true,Unknown,Ybus EMT reconstruction using exact complex bus-voltage phasors when available; otherwise diagnostic fallback
1.44,-0.0017611925360092595,-0.008627296611030677,-0.0017611925360092595,-0.008627296611030677,-0.0017611925360092595,-0.008627296611030677,-1.0276637117436909,-0.5174203788139458,-1.0259025192076816,-0.5087930822029151,0.0,0.0,Vmag_get_voltage_magnitude_series__angle_get_voltage_angle_series,true,Unknown,Ybus EMT reconstruction using exact complex bus-voltage phasors when available; otherwise diagnostic fallback
1.45,-0.0017600638747756747,-0.008636078159853011,-0.0017600638747756747,-0.008636078159853011,-0.0017600638747756747,-0.008636078159853011,-1.0276625830824573,-0.5174291603627681,-1.0259025192076816,-0.5087930822029151,0.0,0.0,Vmag_get_voltage_magnitude_series__angle_get_voltage_angle_series,true,Unknown,Ybus EMT reconstruction using exact complex bus-voltage phasors when available; otherwise diagnostic fallback
1.46,-0.0017591419359428428,-0.008645169717114265,-0.0017591419359428428,-0.008645169717114265,-0.0017591419359428428,-0.008645169717114265,-1.0276616611436244,-0.5174382519200293,-1.0259025192076816,-0.5087930822029151,0.0,0.0,Vmag_get_voltage_magnitude_series__angle_get_voltage_angle_series,true,Unknown,Ybus EMT reconstruction using exact complex bus-voltage phasors when available; otherwise diagnostic fallback
1.47,-0.0017584102213443753,-0.0086545231235583,-0.0017584102213443753,-0.0086545231235583,-0.0017584102213443753,-0.0086545231235583,-1.027660929429026,-0.5174476053264734,-1.0259025192076816,-0.5087930822029151,0.0,0.0,Vmag_get_voltage_magnitude_series__angle_get_voltage_angle_series,true,Unknown,Ybus EMT reconstruction using exact complex bus-voltage phasors when available; otherwise diagnostic fallback
1.48,-0.0017578523928110101,-0.008664092415632707,-0.0017578523928110101,-0.008664092415632707,-0.0017578523928110101,-0.008664092415632707,-1.0276603716004926,-0.5174571746185478,-1.0259025192076816,-0.5087930822029151,0.0,0.0,Vmag_get_voltage_magnitude_series__angle_get_voltage_angle_series,true,Unknown,Ybus EMT reconstruction using exact complex bus-voltage phasors when available; otherwise diagnostic fallback
1.49,-0.0017574523859964497,-0.008673833904563,-0.0017574523859964497,-0.008673833904563,-0.0017574523859964497,-0.008673833904563,-1.027659971593678,-0.5174669161074781,-1.0259025192076816,-0.5087930822029151,0.0,0.0,Vmag_get_voltage_magnitude_series__angle_get_voltage_angle_series,true,Unknown,Ybus EMT reconstruction using exact complex bus-voltage phasors when available; otherwise diagnostic fallback
1.5,-0.0017571942285534714,-0.008683706441784733,-0.0017571942285534714,-0.008683706441784733,-0.0017571942285534714,-0.008683706441784733,-1.027659713436235,-0.5174767886446998,-1.0259025192076816,-0.5087930822029151,0.0,0.0,Vmag_get_voltage_magnitude_series__angle_get_voltage_angle_series,true,Unknown,Ybus EMT reconstruction using exact complex bus-voltage phasors when available; otherwise diagnostic fallback
1.51,-0.001757062395591591,-0.008693671496587618,-0.001757062395591591,-0.008693671496587618,-0.001757062395591591,-0.008693671496587618,-1.0276595816032732,-0.5174867536995027,-1.0259025192076816,-0.5087930822029151,0.0,0.0,Vmag_get_voltage_magnitude_series__angle_get_voltage_angle_series,true,Unknown,Ybus EMT reconstruction using exact complex bus-voltage phasors when available; otherwise diagnostic fallback
1.52,-0.0017570418040728786,-0.008703693200397988,-0.0017570418040728786,-0.008703693200397988,-0.0017570418040728786,-0.008703693200397988,-1.0276595610117545,-0.5174967754033131,-1.0259025192076816,-0.5087930822029151,0.0,0.0,Vmag_get_voltage_magnitude_series__angle_get_voltage_angle_series,true,Unknown,Ybus EMT reconstruction using exact complex bus-voltage phasors when available; otherwise diagnostic fallback
1.53,-0.001757117836342026,-0.008713738267933868,-0.001757117836342026,-0.008713738267933868,-0.001757117836342026,-0.008713738267933868,-1.0276596370440236,-0.517506820470849,-1.0259025192076816,-0.5087930822029151,0.0,0.0,Vmag_get_voltage_magnitude_series__angle_get_voltage_angle_series,true,Unknown,Ybus EMT reconstruction using exact complex bus-voltage phasors when available; otherwise diagnostic fallback
1.54,-0.0017572764116473572,-0.008723776091841606,-0.0017572764116473572,-0.008723776091841606,-0.0017572764116473572,-0.008723776091841606,-1.027659795619329,-0.5175168582947567,-1.0259025192076816,-0.5087930822029151,0.0,0.0,Vmag_get_voltage_magnitude_series__angle_get_voltage_angle_series,true,Unknown,Ybus EMT reconstruction using exact complex bus-voltage phasors when available; otherwise diagnostic fallback
1.55,-0.0017575039545905113,-0.008733778861358954,-0.0017575039545905113,-0.008733778861358954,-0.0017575039545905113,-0.008733778861358954,-1.0276600231622721,-0.517526861064274,-1.0259025192076816,-0.5087930822029151,0.0,0.0,Vmag_get_voltage_magnitude_series__angle_get_voltage_angle_series,true,Unknown,Ybus EMT reconstruction using exact complex bus-voltage phasors when available; otherwise diagnostic fallback
1.56,-0.0017577875263852238,-0.008743721466824117,-0.0017577875263852238,-0.008743721466824117,-0.0017577875263852238,-0.008743721466824117,-1.0276603067340668,-0.5175368036697392,-1.0259025192076816,-0.5087930822029151,0.0,0.0,Vmag_get_voltage_magnitude_series__angle_get_voltage_angle_series,true,Unknown,Ybus EMT reconstruction using exact complex bus-voltage phasors when available; otherwise diagnostic fallback
1.57,-0.0017581149201730817,-0.008753581333139415,-0.0017581149201730817,-0.008753581333139415,-0.0017581149201730817,-0.008753581333139415,-1.0276606341278547,-0.5175466635360545,-1.0259025192076816,-0.5087930822029151,0.0,0.0,Vmag_get_voltage_magnitude_series__angle_get_voltage_angle_series,true,Unknown,Ybus EMT reconstruction using exact complex bus-voltage phasors when available; otherwise diagnostic fallback
1.58,-0.0017584745761429765,-0.00876333843315702,-0.0017584745761429765,-0.00876333843315702,-0.0017584745761429765,-0.00876333843315702,-1.0276609937838246,-0.5175564206360721,-1.0259025192076816,-0.5087930822029151,0.0,0.0,Vmag_get_voltage_magnitude_series__angle_get_voltage_angle_series,true,Unknown,Ybus EMT reconstruction using exact complex bus-voltage phasors when available; otherwise diagnostic fallback
1.59,-0.0017588554997050032,-0.0087729753548762,-0.0017588554997050032,-0.0087729753548762,-0.0017588554997050032,-0.0087729753548762,-1.0276613747073866,-0.5175660575577913,-1.0259025192076816,-0.5087930822029151,0.0,0.0,Vmag_get_voltage_magnitude_series__angle_get_voltage_angle_series,true,Unknown,Ybus EMT reconstruction using exact complex bus-voltage phasors when available; otherwise diagnostic fallback
1.6,-0.0017592475372181227,-0.008782477078542517,-0.0017592475372181227,-0.008782477078542517,-0.0017592475372181227,-0.008782477078542517,-1.0276617667448997,-0.5175755592814576,-1.0259025192076816,-0.5087930822029151,0.0,0.0,Vmag_get_voltage_magnitude_series__angle_get_voltage_angle_series,true,Unknown,Ybus EMT reconstruction using exact complex bus-voltage phasors when available; otherwise diagnostic fallback
1.61,-0.001759641237795151,-0.008791830926529465,-0.001759641237795151,-0.008791830926529465,-0.001759641237795151,-0.008791830926529465,-1.0276621604454768,-0.5175849131294445,-1.0259025192076816,-0.5087930822029151,0.0,0.0,Vmag_get_voltage_magnitude_series__angle_get_voltage_angle_series,true,Unknown,Ybus EMT reconstruction using exact complex bus-voltage phasors when available; otherwise diagnostic fallback
1.62,-0.0017600278773699518,-0.00880102634373181,-0.0017600278773699518,-0.00880102634373181,-0.0017600278773699518,-0.00880102634373181,-1.0276625470850516,-0.5175941085466469,-1.0259025192076816,-0.5087930822029151,0.0,0.0,Vmag_get_voltage_magnitude_series__angle_get_voltage_angle_series,true,Unknown,Ybus EMT reconstruction using exact complex bus-voltage phasors when available; otherwise diagnostic fallback
1.63,-0.0017603994084802732,-0.00881005492602216,-0.0017603994084802732,-0.00881005492602216,-0.0017603994084802732,-0.00881005492602216,-1.0276629186161619,-0.5176031371289372,-1.0259025192076816,-0.5087930822029151,0.0,0.0,Vmag_get_voltage_magnitude_series__angle_get_voltage_angle_series,true,Unknown,Ybus EMT reconstruction using exact complex bus-voltage phasors when available; otherwise diagnostic fallback
1.64,-0.0017607485189605754,-0.00881891031345472,-0.0017607485189605754,-0.00881891031345472,-0.0017607485189605754,-0.00881891031345472,-1.0276632677266422,-0.5176119925163698,-1.0259025192076816,-0.5087930822029151,0.0,0.0,Vmag_get_voltage_magnitude_series__angle_get_voltage_angle_series,true,Unknown,Ybus EMT reconstruction using exact complex bus-voltage phasors when available; otherwise diagnostic fallback
1.65,-0.001761068680646849,-0.00882758794595151,-0.001761068680646849,-0.00882758794595151,-0.001761068680646849,-0.00882758794595151,-1.0276635878883285,-0.5176206701488666,-1.0259025192076816,-0.5087930822029151,0.0,0.0,Vmag_get_voltage_magnitude_series__angle_get_voltage_angle_series,true,Unknown,Ybus EMT reconstruction using exact complex bus-voltage phasors when available; otherwise diagnostic fallback
1.66,-0.0017613540333423217,-0.008836084927844157,-0.0017613540333423217,-0.008836084927844157,-0.0017613540333423217,-0.008836084927844157,-1.027663873241024,-0.5176291671307592,-1.0259025192076816,-0.5087930822029151,0.0,0.0,Vmag_get_voltage_magnitude_series__angle_get_voltage_angle_series,true,Unknown,Ybus EMT reconstruction using exact complex bus-voltage phasors when available; otherwise diagnostic fallback
1.67,-0.0017615993681228126,-0.008844399928205182,-0.0017615993681228126,-0.008844399928205182,-0.0017615993681228126,-0.008844399928205182,-1.0276641185758044,-0.5176374821311203,-1.0259025192076816,-0.5087930822029151,0.0,0.0,Vmag_get_voltage_magnitude_series__angle_get_voltage_angle_series,true,Unknown,Ybus EMT reconstruction using exact complex bus-voltage phasors when available; otherwise diagnostic fallback
1.68,-0.0017618001667869532,-0.008852533124598994,-0.0017618001667869532,-0.008852533124598994,-0.0017618001667869532,-0.008852533124598994,-1.0276643193744686,-0.5176456153275141,-1.0259025192076816,-0.5087930822029151,0.0,0.0,Vmag_get_voltage_magnitude_series__angle_get_voltage_angle_series,true,Unknown,Ybus EMT reconstruction using exact complex bus-voltage phasors when available; otherwise diagnostic fallback
1.69,-0.0017619525902652367,-0.00886048600057765,-0.0017619525902652367,-0.00886048600057765,-0.0017619525902652367,-0.00886048600057765,-1.0276644717979468,-0.5176535682034927,-1.0259025192076816,-0.5087930822029151,0.0,0.0,Vmag_get_voltage_magnitude_series__angle_get_voltage_angle_series,true,Unknown,Ybus EMT reconstruction using exact complex bus-voltage phasors when available; otherwise diagnostic fallback
1.7,-0.0017620534279787492,-0.008868261074158057,-0.0017620534279787492,-0.008868261074158057,-0.0017620534279787492,-0.008868261074158057,-1.0276645726356604,-0.5176613432770731,-1.0259025192076816,-0.5087930822029151,0.0,0.0,Vmag_get_voltage_magnitude_series__angle_get_voltage_angle_series,true,Unknown,Ybus EMT reconstruction using exact complex bus-voltage phasors when available; otherwise diagnostic fallback
1.71,-0.001762100032752345,-0.008875861939600105,-0.001762100032752345,-0.008875861939600105,-0.001762100032752345,-0.008875861939600105,-1.027664619240434,-0.5176689441425152,-1.0259025192076816,-0.5087930822029151,0.0,0.0,Vmag_get_voltage_magnitude_series__angle_get_voltage_angle_series,true,Unknown,Ybus EMT reconstruction using exact complex bus-voltage phasors when available; otherwise diagnostic fallback
1.72,-0.0017620903203152682,-0.008883293054381958,-0.0017620903203152682,-0.008883293054381958,-0.0017620903203152682,-0.008883293054381958,-1.0276646095279969,-0.517676375257297,-1.0259025192076816,-0.5087930822029151,0.0,0.0,Vmag_get_voltage_magnitude_series__angle_get_voltage_angle_series,true,Unknown,Ybus EMT reconstruction using exact complex bus-voltage phasors when available; otherwise diagnostic fallback
1.73,-0.001762022791530482,-0.00889055963849572,-0.001762022791530482,-0.00889055963849572,-0.001762022791530482,-0.00889055963849572,-1.027664541999212,-0.5176836418414108,-1.0259025192076816,-0.5087930822029151,0.0,0.0,Vmag_get_voltage_magnitude_series__angle_get_voltage_angle_series,true,Unknown,Ybus EMT reconstruction using exact complex bus-voltage phasors when available; otherwise diagnostic fallback
1.74,-0.0017618964722079244,-0.008897667512515417,-0.0017618964722079244,-0.008897667512515417,-0.0017618964722079244,-0.008897667512515417,-1.0276644156798895,-0.5176907497154305,-1.0259025192076816,-0.5087930822029151,0.0,0.0,Vmag_get_voltage_magnitude_series__angle_get_voltage_angle_series,true,Unknown,Ybus EMT reconstruction using exact complex bus-voltage phasors when available; otherwise diagnostic fallback
1.75,-0.0017617108186491759,-0.008904622939184925,-0.0017617108186491759,-0.008904622939184925,-0.0017617108186491759,-0.008904622939184925,-1.0276642300263308,-0.5176977051421,-1.0259025192076816,-0.5087930822029151,0.0,0.0,Vmag_get_voltage_magnitude_series__angle_get_voltage_angle_series,true,Unknown,Ybus EMT reconstruction using exact complex bus-voltage phasors when available; otherwise diagnostic fallback
1.76,-0.0017614657532865063,-0.008911432595252178,-0.0017614657532865063,-0.008911432595252178,-0.0017614657532865063,-0.008911432595252178,-1.0276639849609681,-0.5177045147981673,-1.0259025192076816,-0.5087930822029151,0.0,0.0,Vmag_get_voltage_magnitude_series__angle_get_voltage_angle_series,true,Unknown,Ybus EMT reconstruction using exact complex bus-voltage phasors when available; otherwise diagnostic fallback
1.77,-0.001761161604028727,-0.008918103412486,-0.001761161604028727,-0.008918103412486,-0.001761161604028727,-0.008918103412486,-1.0276636808117103,-0.5177111856154011,-1.0259025192076816,-0.5087930822029151,0.0,0.0,Vmag_get_voltage_magnitude_series__angle_get_voltage_angle_series,true,Unknown,Ybus EMT reconstruction using exact complex bus-voltage phasors when available; otherwise diagnostic fallback
1.78,-0.0017607991133155032,-0.008924642457248,-0.0017607991133155032,-0.008924642457248,-0.0017607991133155032,-0.008924642457248,-1.027663318320997,-0.5177177246601631,-1.0259025192076816,-0.5087930822029151,0.0,0.0,Vmag_get_voltage_magnitude_series__angle_get_voltage_angle_series,true,Unknown,Ybus EMT reconstruction using exact complex bus-voltage phasors when available; otherwise diagnostic fallback
1.79,-0.001760379354111885,-0.008931056839534435,-0.001760379354111885,-0.008931056839534435,-0.001760379354111885,-0.008931056839534435,-1.0276628985617935,-0.5177241390424495,-1.0259025192076816,-0.5087930822029151,0.0,0.0,Vmag_get_voltage_magnitude_series__angle_get_voltage_angle_series,true,Unknown,Ybus EMT reconstruction using exact complex bus-voltage phasors when available; otherwise diagnostic fallback
1.8,-0.001759903683997699,-0.008937353641196744,-0.001759903683997699,-0.008937353641196744,-0.001759903683997699,-0.008937353641196744,-1.0276624228916793,-0.5177304358441118,-1.0259025192076816,-0.5087930822029151,0.0,0.0,Vmag_get_voltage_magnitude_series__angle_get_voltage_angle_series,true,Unknown,Ybus EMT reconstruction using exact complex bus-voltage phasors when available; otherwise diagnostic fallback
1.81,-0.0017593737564849388,-0.008943539836224756,-0.0017593737564849388,-0.008943539836224756,-0.0017593737564849388,-0.008943539836224756,-1.0276618929641665,-0.5177366220391398,-1.0259025192076816,-0.5087930822029151,0.0,0.0,Vmag_get_voltage_magnitude_series__angle_get_voltage_angle_series,true,Unknown,Ybus EMT reconstruction using exact complex bus-voltage phasors when available; otherwise diagnostic fallback
1.82,-0.0017587914947716499,-0.008949622192191309,-0.0017587914947716499,-0.008949622192191309,-0.0017587914947716499,-0.008949622192191309,-1.0276613107024533,-0.5177427043951064,-1.0259025192076816,-0.5087930822029151,0.0,0.0,Vmag_get_voltage_magnitude_series__angle_get_voltage_angle_series,true,Unknown,Ybus EMT reconstruction using exact complex bus-voltage phasors when available; otherwise diagnostic fallback
1.83,-0.0017581590294852845,-0.008955607197728144,-0.0017581590294852845,-0.008955607197728144,-0.0017581590294852845,-0.008955607197728144,-1.027660678237167,-0.5177486894006432,-1.0259025192076816,-0.5087930822029151,0.0,0.0,Vmag_get_voltage_magnitude_series__angle_get_voltage_angle_series,true,Unknown,Ybus EMT reconstruction using exact complex bus-voltage phasors when available; otherwise diagnostic fallback
1.84,-0.0017574786541523224,-0.008961501030516517,-0.0017574786541523224,-0.008961501030516517,-0.0017574786541523224,-0.008961501030516517,-1.027659997861834,-0.5177545832334316,-1.0259025192076816,-0.5087930822029151,0.0,0.0,Vmag_get_voltage_magnitude_series__angle_get_voltage_angle_series,true,Unknown,Ybus EMT reconstruction using exact complex bus-voltage phasors when available; otherwise diagnostic fallback
1.85,-0.0017567528120474574,-0.008967309509533727,-0.0017567528120474574,-0.008967309509533727,-0.0017567528120474574,-0.008967309509533727,-1.027659272019729,-0.5177603917124488,-1.0259025192076816,-0.5087930822029151,0.0,0.0,Vmag_get_voltage_magnitude_series__angle_get_voltage_angle_series,true,Unknown,Ybus EMT reconstruction using exact complex bus-voltage phasors when available; otherwise diagnostic fallback
1.86,-0.0017559840940726268,-0.008973038030146596,-0.0017559840940726268,-0.008973038030146596,-0.0017559840940726268,-0.008973038030146596,-1.0276585033017542,-0.5177661202330617,-1.0259025192076816,-0.5087930822029151,0.0,0.0,Vmag_get_voltage_magnitude_series__angle_get_voltage_angle_series,true,Unknown,Ybus EMT reconstruction using exact complex bus-voltage phasors when available; otherwise diagnostic fallback
1.87,-0.0017551752139399746,-0.008978691534440975,-0.0017551752139399746,-0.008978691534440975,-0.0017551752139399746,-0.008978691534440975,-1.0276576944216216,-0.5177717737373561,-1.0259025192076816,-0.5087930822029151,0.0,0.0,Vmag_get_voltage_magnitude_series__angle_get_voltage_angle_series,true,Unknown,Ybus EMT reconstruction using exact complex bus-voltage phasors when available; otherwise diagnostic fallback
1.88,-0.001754328901423463,-0.008984274476605325,-0.001754328901423463,-0.008984274476605325,-0.001754328901423463,-0.008984274476605325,-1.027656848109105,-0.5177773566795204,-1.0259025192076816,-0.5087930822029151,0.0,0.0,Vmag_get_voltage_magnitude_series__angle_get_voltage_angle_series,true,Unknown,Ybus EMT reconstruction using exact complex bus-voltage phasors when available; otherwise diagnostic fallback
1.89,-0.0017534479237164557,-0.008989790822745758,-0.0017534479237164557,-0.008989790822745758,-0.0017534479237164557,-0.008989790822745758,-1.027655967131398,-0.5177828730256608,-1.0259025192076816,-0.5087930822029151,0.0,0.0,Vmag_get_voltage_magnitude_series__angle_get_voltage_angle_series,true,Unknown,Ybus EMT reconstruction using exact complex bus-voltage phasors when available; otherwise diagnostic fallback
1.9,-0.0017525351208638185,-0.008995244048768725,-0.0017525351208638185,-0.008995244048768725,-0.0017525351208638185,-0.008995244048768725,-1.0276550543285454,-0.5177883262516838,-1.0259025192076816,-0.5087930822029151,0.0,0.0,Vmag_get_voltage_magnitude_series__angle_get_voltage_angle_series,true,Unknown,Ybus EMT reconstruction using exact complex bus-voltage phasors when available; otherwise diagnostic fallback
1.91,-0.0017515933460585664,-0.009000637105342602,-0.0017515933460585664,-0.009000637105342602,-0.0017515933460585664,-0.009000637105342602,-1.0276541125537402,-0.5177937193082577,-1.0259025192076816,-0.5087930822029151,0.0,0.0,Vmag_get_voltage_magnitude_series__angle_get_voltage_angle_series,true,Unknown,Ybus EMT reconstruction using exact complex bus-voltage phasors when available; otherwise diagnostic fallback
1.92,-0.0017506253800307903,-0.00900597239519152,-0.0017506253800307903,-0.00900597239519152,-0.0017506253800307903,-0.00900597239519152,-1.0276531445877124,-0.5177990545981066,-1.0259025192076816,-0.5087930822029151,0.0,0.0,Vmag_get_voltage_magnitude_series__angle_get_voltage_angle_series,true,Unknown,Ybus EMT reconstruction using exact complex bus-voltage phasors when available; otherwise diagnostic fallback
1.93,-0.0017496339619829104,-0.009011251818966892,-0.0017496339619829104,-0.009011251818966892,-0.0017496339619829104,-0.009011251818966892,-1.0276521531696645,-0.517804334021882,-1.0259025192076816,-0.5087930822029151,0.0,0.0,Vmag_get_voltage_magnitude_series__angle_get_voltage_angle_series,true,Unknown,Ybus EMT reconstruction using exact complex bus-voltage phasors when available; otherwise diagnostic fallback
1.94,-0.0017486218161528733,-0.009016476829798115,-0.0017486218161528733,-0.009016476829798115,-0.0017486218161528733,-0.009016476829798115,-1.0276511410238345,-0.5178095590327132,-1.0259025192076816,-0.5087930822029151,0.0,0.0,Vmag_get_voltage_magnitude_series__angle_get_voltage_angle_series,true,Unknown,Ybus EMT reconstruction using exact complex bus-voltage phasors when available; otherwise diagnostic fallback
1.95,-0.0017475915962505972,-0.00902164834615038,-0.0017475915962505972,-0.00902164834615038,-0.0017475915962505972,-0.00902164834615038,-1.0276501108039322,-0.5178147305490655,-1.0259025192076816,-0.5087930822029151,0.0,0.0,Vmag_get_voltage_magnitude_series__angle_get_voltage_angle_series,true,Unknown,Ybus EMT reconstruction using exact complex bus-voltage phasors when available; otherwise diagnostic fallback
1.96,-0.0017465458654870591,-0.00902676682473258,-0.0017465458654870591,-0.00902676682473258,-0.0017465458654870591,-0.00902676682473258,-1.0276490650731687,-0.5178198490276477,-1.0259025192076816,-0.5087930822029151,0.0,0.0,Vmag_get_voltage_magnitude_series__angle_get_voltage_angle_series,true,Unknown,Ybus EMT reconstruction using exact complex bus-voltage phasors when available; otherwise diagnostic fallback
1.97,-0.0017454870660593702,-0.009031832295349651,-0.0017454870660593702,-0.009031832295349651,-0.0017454870660593702,-0.009031832295349651,-1.027648006273741,-0.5178249144982647,-1.0259025192076816,-0.5087930822029151,0.0,0.0,Vmag_get_voltage_magnitude_series__angle_get_voltage_angle_series,true,Unknown,Ybus EMT reconstruction using exact complex bus-voltage phasors when available; otherwise diagnostic fallback
1.98,-0.0017444175518208649,-0.009036844389300969,-0.0017444175518208649,-0.009036844389300969,-0.0017444175518208649,-0.009036844389300969,-1.0276469367595025,-0.517829926592216,-1.0259025192076816,-0.5087930822029151,0.0,0.0,Vmag_get_voltage_magnitude_series__angle_get_voltage_angle_series,true,Unknown,Ybus EMT reconstruction using exact complex bus-voltage phasors when available; otherwise diagnostic fallback
1.99,-0.0017433395849746347,-0.009041802347766748,-0.0017433395849746347,-0.009041802347766748,-0.0017433395849746347,-0.009041802347766748,-1.0276458587926562,-0.5178348845506818,-1.0259025192076816,-0.5087930822029151,0.0,0.0,Vmag_get_voltage_magnitude_series__angle_get_voltage_angle_series,true,Unknown,Ybus EMT reconstruction using exact complex bus-voltage phasors when available; otherwise diagnostic fallback
2.0,-0.00174225529954386,-0.009046705051630965,-0.00174225529954386,-0.009046705051630965,-0.00174225529954386,-0.009046705051630965,-1.0276447745072255,-0.517839787254546,-1.0259025192076816,-0.5087930822029151,0.0,0.0,Vmag_get_voltage_magnitude_series__angle_get_voltage_angle_series,true,Unknown,Ybus EMT reconstruction using exact complex bus-voltage phasors when available; otherwise diagnostic fallback
2.01,-0.0017411666848805574,-0.00905155108287492,-0.0017411666848805574,-0.00905155108287492,-0.0017411666848805574,-0.00905155108287492,-1.0276436858925622,-0.51784463328579,-1.0259025192076816,-0.5087930822029151,0.0,0.0,Vmag_get_voltage_magnitude_series__angle_get_voltage_angle_series,true,Unknown,Ybus EMT reconstruction using exact complex bus-voltage phasors when available; otherwise diagnostic fallback
2.02,-0.0017400755980192528,-0.009056338763694383,-0.0017400755980192528,-0.009056338763694383,-0.0017400755980192528,-0.009056338763694383,-1.0276425948057009,-0.5178494209666095,-1.0259025192076816,-0.5087930822029151,0.0,0.0,Vmag_get_voltage_magnitude_series__angle_get_voltage_angle_series,true,Unknown,Ybus EMT reconstruction using exact complex bus-voltage phasors when available; otherwise diagnostic fallback
2.03,-0.0017389837956436338,-0.009061066173905674,-0.0017389837956436338,-0.009061066173905674,-0.0017389837956436338,-0.009061066173905674,-1.0276415030033252,-0.5178541483768208,-1.0259025192076816,-0.5087930822029151,0.0,0.0,Vmag_get_voltage_magnitude_series__angle_get_voltage_angle_series,true,Unknown,Ybus EMT reconstruction using exact complex bus-voltage phasors when available; otherwise diagnostic fallback
2.04,-0.0017378928824618445,-0.009065731189638493,-0.0017378928824618445,-0.009065731189638493,-0.0017378928824618445,-0.009065731189638493,-1.0276404120901435,-0.5178588133925536,-1.0259025192076816,-0.5087930822029151,0.0,0.0,Vmag_get_voltage_magnitude_series__angle_get_voltage_angle_series,true,Unknown,Ybus EMT reconstruction using exact complex bus-voltage phasors when available; otherwise diagnostic fallback
2.05,-0.0017368043313235049,-0.009070331526437991,-0.0017368043313235049,-0.009070331526437991,-0.0017368043313235049,-0.009070331526437991,-1.0276393235390051,-0.5178634137293531,-1.0259025192076816,-0.5087930822029151,0.0,0.0,Vmag_get_voltage_magnitude_series__angle_get_voltage_angle_series,true,Unknown,Ybus EMT reconstruction using exact complex bus-voltage phasors when available; otherwise diagnostic fallback
2.06,-0.0017357194745799553,-0.009074864801486782,-0.0017357194745799553,-0.009074864801486782,-0.0017357194745799553,-0.009074864801486782,-1.0276382386822616,-0.5178679470044019,-1.0259025192076816,-0.5087930822029151,0.0,0.0,Vmag_get_voltage_magnitude_series__angle_get_voltage_angle_series,true,Unknown,Ybus EMT reconstruction using exact complex bus-voltage phasors when available; otherwise diagnostic fallback
2.07,-0.0017346395181399021,-0.0090793285582762,-0.0017346395181399021,-0.0090793285582762,-0.0017346395181399021,-0.0090793285582762,-1.0276371587258215,-0.5178724107611913,-1.0259025192076816,-0.5087930822029151,0.0,0.0,Vmag_get_voltage_magnitude_series__angle_get_voltage_angle_series,true,Unknown,Ybus EMT reconstruction using exact complex bus-voltage phasors when available; otherwise diagnostic fallback
2.08,-0.0017335655518986304,-0.009083720282166086,-0.0017335655518986304,-0.009083720282166086,-0.0017335655518986304,-0.009083720282166086,-1.0276360847595802,-0.5178768024850812,-1.0259025192076816,-0.5087930822029151,0.0,0.0,Vmag_get_voltage_magnitude_series__angle_get_voltage_angle_series,true,Unknown,Ybus EMT reconstruction using exact complex bus-voltage phasors when available; otherwise diagnostic fallback
2.09,-0.0017324985377313862,-0.00908803745160136,-0.0017324985377313862,-0.00908803745160136,-0.0017324985377313862,-0.00908803745160136,-1.027635017745413,-0.5178811196545164,-1.0259025192076816,-0.5087930822029151,0.0,0.0,Vmag_get_voltage_magnitude_series__angle_get_voltage_angle_series,true,Unknown,Ybus EMT reconstruction using exact complex bus-voltage phasors when available; otherwise diagnostic fallback
2.1,-0.0017314393014533636,-0.009092277595004528,-0.0017314393014533636,-0.009092277595004528,-0.0017314393014533636,-0.009092277595004528,-1.027633958509135,-0.5178853597979196,-1.0259025192076816,-0.5087930822029151,0.0,0.0,Vmag_get_voltage_magnitude_series__angle_get_voltage_angle_series,true,Unknown,Ybus EMT reconstruction using exact complex bus-voltage phasors when available; otherwise diagnostic fallback
2.11,-0.001730388559494589,-0.00909643831366791,-0.001730388559494589,-0.00909643831366791,-0.001730388559494589,-0.00909643831366791,-1.0276329077671762,-0.517889520516583,-1.0259025192076816,-0.5087930822029151,0.0,0.0,Vmag_get_voltage_magnitude_series__angle_get_voltage_angle_series,true,Unknown,Ybus EMT reconstruction using exact complex bus-voltage phasors when available; otherwise diagnostic fallback
2.12,-0.0017293469443280252,-0.009100517287679466,-0.0017293469443280252,-0.009100517287679466,-0.0017293469443280252,-0.009100517287679466,-1.0276318661520096,-0.5178935994905945,-1.0259025192076816,-0.5087930822029151,0.0,0.0,Vmag_get_voltage_magnitude_series__angle_get_voltage_angle_series,true,Unknown,Ybus EMT reconstruction using exact complex bus-voltage phasors when available; otherwise diagnostic fallback
2.13,-0.0017283149621798444,-0.00910451232959153,-0.0017283149621798444,-0.00910451232959153,-0.0017283149621798444,-0.00910451232959153,-1.0276308341698615,-0.5178975945325066,-1.0259025192076816,-0.5087930822029151,0.0,0.0,Vmag_get_voltage_magnitude_series__angle_get_voltage_angle_series,true,Unknown,Ybus EMT reconstruction using exact complex bus-voltage phasors when available; otherwise diagnostic fallback
2.14,-0.0017272930274356835,-0.009108421404527833,-0.0017272930274356835,-0.009108421404527833,-0.0017272930274356835,-0.009108421404527833,-1.0276298122351173,-0.5179015036074429,-1.0259025192076816,-0.5087930822029151,0.0,0.0,Vmag_get_voltage_magnitude_series__angle_get_voltage_angle_series,true,Unknown,Ybus EMT reconstruction using exact complex bus-voltage phasors when available; otherwise diagnostic fallback
2.15,-0.001726281465960433,-0.009112242674418125,-0.001726281465960433,-0.009112242674418125,-0.001726281465960433,-0.009112242674418125,-1.027628800673642,-0.5179053248773332,-1.0259025192076816,-0.5087930822029151,0.0,0.0,Vmag_get_voltage_magnitude_series__angle_get_voltage_angle_series,true,Unknown,Ybus EMT reconstruction using exact complex bus-voltage phasors when available; otherwise diagnostic fallback
2.16,-0.001725280531792217,-0.009115974494855461,-0.001725280531792217,-0.009115974494855461,-0.001725280531792217,-0.009115974494855461,-1.0276277997394738,-0.5179090566977705,-1.0259025192076816,-0.5087930822029151,0.0,0.0,Vmag_get_voltage_magnitude_series__angle_get_voltage_angle_series,true,Unknown,Ybus EMT reconstruction using exact complex bus-voltage phasors when available; otherwise diagnostic fallback
2.17,-0.001724290404475859,-0.009119615430383088,-0.001724290404475859,-0.009119615430383088,-0.001724290404475859,-0.009119615430383088,-1.0276268096121575,-0.5179126976332982,-1.0259025192076816,-0.5087930822029151,0.0,0.0,Vmag_get_voltage_magnitude_series__angle_get_voltage_angle_series,true,Unknown,Ybus EMT reconstruction using exact complex bus-voltage phasors when available; otherwise diagnostic fallback
2.18,-0.0017233111848924398,-0.009123164292704544,-0.0017233111848924398,-0.009123164292704544,-0.0017233111848924398,-0.009123164292704544,-1.027625830392574,-0.5179162464956196,-1.0259025192076816,-0.5087930822029151,0.0,0.0,Vmag_get_voltage_magnitude_series__angle_get_voltage_angle_series,true,Unknown,Ybus EMT reconstruction using exact complex bus-voltage phasors when available; otherwise diagnostic fallback
2.19,-0.0017223429222725795,-0.009126620154496168,-0.0017223429222725795,-0.009126620154496168,-0.0017223429222725795,-0.009126620154496168,-1.0276248621299542,-0.5179197023574112,-1.0259025192076816,-0.5087930822029151,0.0,0.0,Vmag_get_voltage_magnitude_series__angle_get_voltage_angle_series,true,Unknown,Ybus EMT reconstruction using exact complex bus-voltage phasors when available; otherwise diagnostic fallback
2.2,-0.0017213856222715318,-0.009129982354712851,-0.0017213856222715318,-0.009129982354712851,-0.0017213856222715318,-0.009129982354712851,-1.0276239048299531,-0.5179230645576279,-1.0259025192076816,-0.5087930822029151,0.0,0.0,Vmag_get_voltage_magnitude_series__angle_get_voltage_angle_series,true,Unknown,Ybus EMT reconstruction using exact complex bus-voltage phasors when available; otherwise diagnostic fallback
2.21,-0.00172043924489107,-0.009133250490730105,-0.00172043924489107,-0.009133250490730105,-0.00172043924489107,-0.009133250490730105,-1.0276229584525727,-0.5179263326936452,-1.0259025192076816,-0.5087930822029151,0.0,0.0,Vmag_get_voltage_magnitude_series__angle_get_voltage_angle_series,true,Unknown,Ybus EMT reconstruction using exact complex bus-voltage phasors when available; otherwise diagnostic fallback
2.22,-0.0017195037089081655,-0.009136424435854495,-0.0017195037089081655,-0.009136424435854495,-0.0017195037089081655,-0.009136424435854495,-1.0276220229165898,-0.5179295066387696,-1.0259025192076816,-0.5087930822029151,0.0,0.0,Vmag_get_voltage_magnitude_series__angle_get_voltage_angle_series,true,Unknown,Ybus EMT reconstruction using exact complex bus-voltage phasors when available; otherwise diagnostic fallback
2.23,-0.001718578906261925,-0.009139504362388418,-0.001718578906261925,-0.009139504362388418,-0.001718578906261925,-0.009139504362388418,-1.0276210981139435,-0.5179325865653035,-1.0259025192076816,-0.5087930822029151,0.0,0.0,Vmag_get_voltage_magnitude_series__angle_get_voltage_angle_series,true,Unknown,Ybus EMT reconstruction using exact complex bus-voltage phasors when available; otherwise diagnostic fallback
2.24,-0.0017176647058165795,-0.009142490729700636,-0.0017176647058165795,-0.009142490729700636,-0.0017176647058165795,-0.009142490729700636,-1.0276201839134982,-0.5179355729326157,-1.0259025192076816,-0.5087930822029151,0.0,0.0,Vmag_get_voltage_magnitude_series__angle_get_voltage_angle_series,true,Unknown,Ybus EMT reconstruction using exact complex bus-voltage phasors when available; otherwise diagnostic fallback
2.25,-0.0017167609732016142,-0.009145384260066058,-0.0017167609732016142,-0.009145384260066058,-0.0017167609732016142,-0.009145384260066058,-1.0276192801808832,-0.5179384664629811,-1.0259025192076816,-0.5087930822029151,0.0,0.0,Vmag_get_voltage_magnitude_series__angle_get_voltage_angle_series,true,Unknown,Ybus EMT reconstruction using exact complex bus-voltage phasors when available; otherwise diagnostic fallback
2.26,-0.0017158675617812147,-0.00914818594905098,-0.0017158675617812147,-0.00914818594905098,-0.0017158675617812147,-0.00914818594905098,-1.0276183867694628,-0.5179412681519661,-1.0259025192076816,-0.5087930822029151,0.0,0.0,Vmag_get_voltage_magnitude_series__angle_get_voltage_angle_series,true,Unknown,Ybus EMT reconstruction using exact complex bus-voltage phasors when available; otherwise diagnostic fallback
2.27,-0.001714984303030409,-0.00915089708393546,-0.001714984303030409,-0.00915089708393546,-0.001714984303030409,-0.00915089708393546,-1.027617503510712,-0.5179439792868505,-1.0259025192076816,-0.5087930822029151,0.0,0.0,Vmag_get_voltage_magnitude_series__angle_get_voltage_angle_series,true,Unknown,Ybus EMT reconstruction using exact complex bus-voltage phasors when available; otherwise diagnostic fallback
2.28,-0.0017141110524994119,-0.00915351920622709,-0.0017141110524994119,-0.00915351920622709,-0.0017141110524994119,-0.00915351920622709,-1.027616630260181,-0.5179466014091422,-1.0259025192076816,-0.5087930822029151,0.0,0.0,Vmag_get_voltage_magnitude_series__angle_get_voltage_angle_series,true,Unknown,Ybus EMT reconstruction using exact complex bus-voltage phasors when available; otherwise diagnostic fallback
2.29,-0.001713247671718987,-0.009156054111733924,-0.001713247671718987,-0.009156054111733924,-0.001713247671718987,-0.009156054111733924,-1.0276157668794006,-0.517949136314649,-1.0259025192076816,-0.5087930822029151,0.0,0.0,Vmag_get_voltage_magnitude_series__angle_get_voltage_angle_series,true,Unknown,Ybus EMT reconstruction using exact complex bus-voltage phasors when available; otherwise diagnostic fallback
2.3,-0.0017123940283629846,-0.009158503828065268,-0.0017123940283629846,-0.009158503828065268,-0.0017123940283629846,-0.009158503828065268,-1.0276149132360446,-0.5179515860309803,-1.0259025192076816,-0.5087930822029151,0.0,0.0,Vmag_get_voltage_magnitude_series__angle_get_voltage_angle_series,true,Unknown,Ybus EMT reconstruction using exact complex bus-voltage phasors when available; otherwise diagnostic fallback
2.31,-0.0017115500060196354,-0.009160870610553706,-0.0017115500060196354,-0.009160870610553706,-0.0017115500060196354,-0.009160870610553706,-1.0276140692137012,-0.5179539528134688,-1.0259025192076816,-0.5087930822029151,0.0,0.0,Vmag_get_voltage_magnitude_series__angle_get_voltage_angle_series,true,Unknown,Ybus EMT reconstruction using exact complex bus-voltage phasors when available; otherwise diagnostic fallback
2.32,-0.0017107155090381188,-0.009163156942869288,-0.0017107155090381188,-0.009163156942869288,-0.0017107155090381188,-0.009163156942869288,-1.0276132347167197,-0.5179562391457844,-1.0259025192076816,-0.5087930822029151,0.0,0.0,Vmag_get_voltage_magnitude_series__angle_get_voltage_angle_series,true,Unknown,Ybus EMT reconstruction using exact complex bus-voltage phasors when available; otherwise diagnostic fallback
2.33,-0.0017098904757486544,-0.009165365494274713,-0.0017098904757486544,-0.009165365494274713,-0.0017098904757486544,-0.009165365494274713,-1.0276124096834303,-0.5179584476971898,-1.0259025192076816,-0.5087930822029151,0.0,0.0,Vmag_get_voltage_magnitude_series__angle_get_voltage_angle_series,true,Unknown,Ybus EMT reconstruction using exact complex bus-voltage phasors when available; otherwise diagnostic fallback
2.34,-0.0017090748634476238,-0.009167499105552035,-0.0017090748634476238,-0.009167499105552035,-0.0017090748634476238,-0.009167499105552035,-1.0276115940711292,-0.5179605813084671,-1.0259025192076816,-0.5087930822029151,0.0,0.0,Vmag_get_voltage_magnitude_series__angle_get_voltage_angle_series,true,Unknown,Ybus EMT reconstruction using exact complex bus-voltage phasors when available; otherwise diagnostic fallback
2.35,-0.0017082686539062752,-0.009169560784014319,-0.0017082686539062752,-0.009169560784014319,-0.0017082686539062752,-0.009169560784014319,-1.0276107878615879,-0.5179626429869294,-1.0259025192076816,-0.5087930822029151,0.0,0.0,Vmag_get_voltage_magnitude_series__angle_get_voltage_angle_series,true,Unknown,Ybus EMT reconstruction using exact complex bus-voltage phasors when available; otherwise diagnostic fallback
2.36,-0.0017074718623966145,-0.009171553684084177,-0.0017074718623966145,-0.009171553684084177,-0.0017074718623966145,-0.009171553684084177,-1.0276099910700782,-0.5179646358869993,-1.0259025192076816,-0.5087930822029151,0.0,0.0,Vmag_get_voltage_magnitude_series__angle_get_voltage_angle_series,true,Unknown,Ybus EMT reconstruction using exact complex bus-voltage phasors when available; otherwise diagnostic fallback
2.37,-0.0017066845425099952,-0.009173481084027824,-0.0017066845425099952,-0.009173481084027824,-0.0017066845425099952,-0.009173481084027824,-1.0276092037501916,-0.5179665632869429,-1.0259025192076816,-0.5087930822029151,0.0,0.0,Vmag_get_voltage_magnitude_series__angle_get_voltage_angle_series,true,Unknown,Ybus EMT reconstruction using exact complex bus-voltage phasors when available; otherwise diagnostic fallback
2.38,-0.0017059067787437154,-0.00917534635981454,-0.0017059067787437154,-0.00917534635981454,-0.0017059067787437154,-0.00917534635981454,-1.0276084259864253,-0.5179684285627296,-1.0259025192076816,-0.5087930822029151,0.0,0.0,Vmag_get_voltage_magnitude_series__angle_get_voltage_angle_series,true,Unknown,Ybus EMT reconstruction using exact complex bus-voltage phasors when available; otherwise diagnostic fallback
2.39,-0.0017051386829611825,-0.009177152962397517,-0.0017051386829611825,-0.009177152962397517,-0.0017051386829611825,-0.009177152962397517,-1.0276076578906428,-0.5179702351653126,-1.0259025192076816,-0.5087930822029151,0.0,0.0,Vmag_get_voltage_magnitude_series__angle_get_voltage_angle_series,true,Unknown,Ybus EMT reconstruction using exact complex bus-voltage phasors when available; otherwise diagnostic fallback
2.4,-0.0017043804012388808,-0.009178904428900236,-0.0017043804012388808,-0.009178904428900236,-0.0017043804012388808,-0.009178904428900236,-1.0276068996089205,-0.5179719866318153,-1.0259025192076816,-0.5087930822029151,0.0,0.0,Vmag_get_voltage_magnitude_series__angle_get_voltage_angle_series,true,Unknown,Ybus EMT reconstruction using exact complex bus-voltage phasors when available; otherwise diagnostic fallback
2.41,-0.0017036321185319725,-0.009180604329663389,-0.0017036321185319725,-0.009180604329663389,-0.0017036321185319725,-0.009180604329663389,-1.0276061513262136,-0.5179736865325785,-1.0259025192076816,-0.5087930822029151,0.0,0.0,Vmag_get_voltage_magnitude_series__angle_get_voltage_angle_series,true,Unknown,Ybus EMT reconstruction using exact complex bus-voltage phasors when available; otherwise diagnostic fallback
2.42,-0.001702894056080817,-0.009182256262665,-0.001702894056080817,-0.009182256262665,-0.001702894056080817,-0.009182256262665,-1.0276054132637624,-0.5179753384655801,-1.0259025192076816,-0.5087930822029151,0.0,0.0,Vmag_get_voltage_magnitude_series__angle_get_voltage_angle_series,true,Unknown,Ybus EMT reconstruction using exact complex bus-voltage phasors when available; otherwise diagnostic fallback
2.43,-0.0017021664551566396,-0.009183863828156835,-0.0017021664551566396,-0.009183863828156835,-0.0017021664551566396,-0.009183863828156835,-1.0276046856628382,-0.5179769460310719,-1.0259025192076816,-0.5087930822029151,0.0,0.0,Vmag_get_voltage_magnitude_series__angle_get_voltage_angle_series,true,Unknown,Ybus EMT reconstruction using exact complex bus-voltage phasors when available; otherwise diagnostic fallback
2.44,-0.0017014495934408735,-0.0091854306221264,-0.0017014495934408735,-0.0091854306221264,-0.0017014495934408735,-0.0091854306221264,-1.0276039688011225,-0.5179785128250415,-1.0259025192076816,-0.5087930822029151,0.0,0.0,Vmag_get_voltage_magnitude_series__angle_get_voltage_angle_series,true,Unknown,Ybus EMT reconstruction using exact complex bus-voltage phasors when available; otherwise diagnostic fallback
2.45,-0.0017007437758622679,-0.009186960212682393,-0.0017007437758622679,-0.009186960212682393,-0.0017007437758622679,-0.009186960212682393,-1.0276032629835439,-0.5179800424155975,-1.0259025192076816,-0.5087930822029151,0.0,0.0,Vmag_get_voltage_magnitude_series__angle_get_voltage_angle_series,true,Unknown,Ybus EMT reconstruction using exact complex bus-voltage phasors when available; otherwise diagnostic fallback
2.46,-0.0017000493375425307,-0.009188456120286737,-0.0017000493375425307,-0.009188456120286737,-0.0017000493375425307,-0.009188456120286737,-1.0276025685452241,-0.5179815383232018,-1.0259025192076816,-0.5087930822029151,0.0,0.0,Vmag_get_voltage_magnitude_series__angle_get_voltage_angle_series,true,Unknown,Ybus EMT reconstruction using exact complex bus-voltage phasors when available; otherwise diagnostic fallback
2.47,-0.0016993666381706074,-0.009189921803654966,-0.0016993666381706074,-0.009189921803654966,-0.0016993666381706074,-0.009189921803654966,-1.0276018858458522,-0.51798300400657,-1.0259025192076816,-0.5087930822029151,0.0,0.0,Vmag_get_voltage_magnitude_series__angle_get_voltage_angle_series,true,Unknown,Ybus EMT reconstruction using exact complex bus-voltage phasors when available; otherwise diagnostic fallback
2.48,-0.0016986960538738494,-0.009191360649515312,-0.0016986960538738494,-0.009191360649515312,-0.0016986960538738494,-0.009191360649515312,-1.0276012152615555,-0.5179844428524304,-1.0259025192076816,-0.5087930822029151,0.0,0.0,Vmag_get_voltage_magnitude_series__angle_get_voltage_angle_series,true,Unknown,Ybus EMT reconstruction using exact complex bus-voltage phasors when available; otherwise diagnostic fallback
2.49,-0.0016980379838889004,-0.009192775957417743,-0.0016980379838889004,-0.009192775957417743,-0.0016980379838889004,-0.009192775957417743,-1.0276005571915705,-0.5179858581603328,-1.0259025192076816,-0.5087930822029151,0.0,0.0,Vmag_get_voltage_magnitude_series__angle_get_voltage_angle_series,true,Unknown,Ybus EMT reconstruction using exact complex bus-voltage phasors when available; otherwise diagnostic fallback
2.5,-0.0016973928495824797,-0.009194170923746081,-0.0016973928495824797,-0.009194170923746081,-0.0016973928495824797,-0.009194170923746081,-1.027599912057264,-0.5179872531266612,-1.0259025192076816,-0.5087930822029151,0.0,0.0,Vmag_get_voltage_magnitude_series__angle_get_voltage_angle_series,true,Unknown,Ybus EMT reconstruction using exact complex bus-voltage phasors when available; otherwise diagnostic fallback
2.51,-0.0016967610850542325,-0.009195548631387274,-0.0016967610850542325,-0.009195548631387274,-0.0016967610850542325,-0.009195548631387274,-1.0275992802927358,-0.5179886308343024,-1.0259025192076816,-0.5087930822029151,0.0,0.0,Vmag_get_voltage_magnitude_series__angle_get_voltage_angle_series,true,Unknown,Ybus EMT reconstruction using exact complex bus-voltage phasors when available; otherwise diagnostic fallback
2.52,-0.0016961431296431684,-0.009196912038160088,-0.0016961431296431684,-0.009196912038160088,-0.0016961431296431684,-0.009196912038160088,-1.0275986623373248,-0.5179899942410752,-1.0259025192076816,-0.5087930822029151,0.0,0.0,Vmag_get_voltage_magnitude_series__angle_get_voltage_angle_series,true,Unknown,Ybus EMT reconstruction using exact complex bus-voltage phasors when available; otherwise diagnostic fallback
2.53,-0.0016955394357747178,-0.00919826397870016,-0.0016955394357747178,-0.00919826397870016,-0.0016955394357747178,-0.00919826397870016,-1.0275980586434563,-0.5179913461816152,-1.0259025192076816,-0.5087930822029151,0.0,0.0,Vmag_get_voltage_magnitude_series__angle_get_voltage_angle_series,true,Unknown,Ybus EMT reconstruction using exact complex bus-voltage phasors when available; otherwise diagnostic fallback
2.54,-0.0016949504657528536,-0.009199607143737132,-0.0016949504657528536,-0.009199607143737132,-0.0016949504657528536,-0.009199607143737132,-1.0275974696734345,-0.5179926893466522,-1.0259025192076816,-0.5087930822029151,0.0,0.0,Vmag_get_voltage_magnitude_series__angle_get_voltage_angle_series,true,Unknown,Ybus EMT reconstruction using exact complex bus-voltage phasors when available; otherwise diagnostic fallback
2.55,-0.0016943766844033092,-0.009200944076021678,-0.0016943766844033092,-0.009200944076021678,-0.0016943766844033092,-0.009200944076021678,-1.027596895892085,-0.5179940262789368,-1.0259025192076816,-0.5087930822029151,0.0,0.0,Vmag_get_voltage_magnitude_series__angle_get_voltage_angle_series,true,Unknown,Ybus EMT reconstruction using exact complex bus-voltage phasors when available; otherwise diagnostic fallback
2.56,-0.0016938185537520578,-0.00920227716911215,-0.0016938185537520578,-0.00920227716911215,-0.0016938185537520578,-0.00920227716911215,-1.0275963377614337,-0.5179953593720272,-1.0259025192076816,-0.5087930822029151,0.0,0.0,Vmag_get_voltage_magnitude_series__angle_get_voltage_angle_series,true,Unknown,Ybus EMT reconstruction using exact complex bus-voltage phasors when available; otherwise diagnostic fallback
2.57,-0.0016932765286630236,-0.00920360866222314,-0.0016932765286630236,-0.00920360866222314,-0.0016932765286630236,-0.00920360866222314,-1.0275957957363446,-0.5179966908651382,-1.0259025192076816,-0.5087930822029151,0.0,0.0,Vmag_get_voltage_magnitude_series__angle_get_voltage_angle_series,true,Unknown,Ybus EMT reconstruction using exact complex bus-voltage phasors when available; otherwise diagnostic fallback
2.58,-0.0016927510688971026,-0.009204940639060633,-0.0016927510688971026,-0.009204940639060633,-0.0016927510688971026,-0.009204940639060633,-1.0275952702765787,-0.5179980228419757,-1.0259025192076816,-0.5087930822029151,0.0,0.0,Vmag_get_voltage_magnitude_series__angle_get_voltage_angle_series,true,Unknown,Ybus EMT reconstruction using exact complex bus-voltage phasors when available; otherwise diagnostic fallback
2.59,-0.001692242628082985,-0.009206275021918842,-0.001692242628082985,-0.009206275021918842,-0.001692242628082985,-0.009206275021918842,-1.0275947618357646,-0.5179993572248339,-1.0259025192076816,-0.5087930822029151,0.0,0.0,Vmag_get_voltage_magnitude_series__angle_get_voltage_angle_series,true,Unknown,Ybus EMT reconstruction using exact complex bus-voltage phasors when available; otherwise diagnostic fallback
2.6,-0.0016917516399945765,-0.00920761357021982,-0.0016917516399945765,-0.00920761357021982,-0.0016917516399945765,-0.00920761357021982,-1.0275942708476762,-0.5180006957731349,-1.0259025192076816,-0.5087930822029151,0.0,0.0,Vmag_get_voltage_magnitude_series__angle_get_voltage_angle_series,true,Unknown,Ybus EMT reconstruction using exact complex bus-voltage phasors when available; otherwise diagnostic fallback
2.61,-0.0016912785259044494,-0.009208957885464386,-0.0016912785259044494,-0.009208957885464386,-0.0016912785259044494,-0.009208957885464386,-1.027593797733586,-0.5180020400883795,-1.0259025192076816,-0.5087930822029151,0.0,0.0,Vmag_get_voltage_magnitude_series__angle_get_voltage_angle_series,true,Unknown,Ybus EMT reconstruction using exact complex bus-voltage phasors when available; otherwise diagnostic fallback
2.62,-0.0016908237003698812,-0.009210309418212326,-0.0016908237003698812,-0.009210309418212326,-0.0016908237003698812,-0.009210309418212326,-1.0275933429080515,-0.5180033916211274,-1.0259025192076816,-0.5087930822029151,0.0,0.0,Vmag_get_voltage_magnitude_series__angle_get_voltage_angle_series,true,Unknown,Ybus EMT reconstruction using exact complex bus-voltage phasors when available; otherwise diagnostic fallback
2.63,-0.0016903875576899097,-0.009211669456577587,-0.0016903875576899097,-0.009211669456577587,-0.0016903875576899097,-0.009211669456577587,-1.0275929067653715,-0.5180047516594927,-1.0259025192076816,-0.5087930822029151,0.0,0.0,Vmag_get_voltage_magnitude_series__angle_get_voltage_angle_series,true,Unknown,Ybus EMT reconstruction using exact complex bus-voltage phasors when available; otherwise diagnostic fallback
2.64,-0.0016899704743964516,-0.009213039136435675,-0.0016899704743964516,-0.009213039136435675,-0.0016899704743964516,-0.009213039136435675,-1.027592489682078,-0.5180061213393508,-1.0259025192076816,-0.5087930822029151,0.0,0.0,Vmag_get_voltage_magnitude_series__angle_get_voltage_angle_series,true,Unknown,Ybus EMT reconstruction using exact complex bus-voltage phasors when available; otherwise diagnostic fallback
2.65,-0.0016895728029406865,-0.009214419449450562,-0.0016895728029406865,-0.009214419449450562,-0.0016895728029406865,-0.009214419449450562,-1.0275920920106223,-0.5180075016523656,-1.0259025192076816,-0.5087930822029151,0.0,0.0,Vmag_get_voltage_magnitude_series__angle_get_voltage_angle_series,true,Unknown,Ybus EMT reconstruction using exact complex bus-voltage phasors when available; otherwise diagnostic fallback
2.66,-0.001689194873714328,-0.009215811245785188,-0.001689194873714328,-0.009215811245785188,-0.001689194873714328,-0.009215811245785188,-1.027591714081396,-0.5180088934487003,-1.0259025192076816,-0.5087930822029151,0.0,0.0,Vmag_get_voltage_magnitude_series__angle_get_voltage_angle_series,true,Unknown,Ybus EMT reconstruction using exact complex bus-voltage phasors when available; otherwise diagnostic fallback
2.67,-0.0016888370004388698,-0.00921721523683916,-0.0016888370004388698,-0.00921721523683916,-0.0016888370004388698,-0.00921721523683916,-1.0275913562081205,-0.5180102974397542,-1.0259025192076816,-0.5087930822029151,0.0,0.0,Vmag_get_voltage_magnitude_series__angle_get_voltage_angle_series,true,Unknown,Ybus EMT reconstruction using exact complex bus-voltage phasors when available; otherwise diagnostic fallback
2.68,-0.001688499468910365,-0.009218632001403049,-0.001688499468910365,-0.009218632001403049,-0.001688499468910365,-0.009218632001403049,-1.027591018676592,-0.5180117142043181,-1.0259025192076816,-0.5087930822029151,0.0,0.0,Vmag_get_voltage_magnitude_series__angle_get_voltage_angle_series,true,Unknown,Ybus EMT reconstruction using exact complex bus-voltage phasors when available; otherwise diagnostic fallback
2.69,-0.001688182535633631,-0.009220061996827011,-0.001688182535633631,-0.009220061996827011,-0.001688182535633631,-0.009220061996827011,-1.0275907017433152,-0.5180131441997421,-1.0259025192076816,-0.5087930822029151,0.0,0.0,Vmag_get_voltage_magnitude_series__angle_get_voltage_angle_series,true,Unknown,Ybus EMT reconstruction using exact complex bus-voltage phasors when available; otherwise diagnostic fallback
2.7,-0.0016878864341960398,-0.009221505565670363,-0.0016878864341960398,-0.009221505565670363,-0.0016878864341960398,-0.009221505565670363,-1.0275904056418776,-0.5180145877685854,-1.0259025192076816,-0.5087930822029151,0.0,0.0,Vmag_get_voltage_magnitude_series__angle_get_voltage_angle_series,true,Unknown,Ybus EMT reconstruction using exact complex bus-voltage phasors when available; otherwise diagnostic fallback
2.71,-0.0016876113730015518,-0.009222962940609536,-0.0016876113730015518,-0.009222962940609536,-0.0016876113730015518,-0.009222962940609536,-1.0275901305806832,-0.5180160451435246,-1.0259025192076816,-0.5087930822029151,0.0,0.0,Vmag_get_voltage_magnitude_series__angle_get_voltage_angle_series,true,Unknown,Ybus EMT reconstruction using exact complex bus-voltage phasors when available; otherwise diagnostic fallback
2.72,-0.0016873575324869439,-0.009224434252065206,-0.0016873575324869439,-0.009224434252065206,-0.0016873575324869439,-0.009224434252065206,-1.0275898767401686,-0.5180175164549803,-1.0259025192076816,-0.5087930822029151,0.0,0.0,Vmag_get_voltage_magnitude_series__angle_get_voltage_angle_series,true,Unknown,Ybus EMT reconstruction using exact complex bus-voltage phasors when available; otherwise diagnostic fallback
2.73,-0.0016871250645058566,-0.009225919537325211,-0.0016871250645058566,-0.009225919537325211,-0.0016871250645058566,-0.009225919537325211,-1.0275896442721875,-0.5180190017402403,-1.0259025192076816,-0.5087930822029151,0.0,0.0,Vmag_get_voltage_magnitude_series__angle_get_voltage_angle_series,true,Unknown,Ybus EMT reconstruction using exact complex bus-voltage phasors when available; otherwise diagnostic fallback
2.74,-0.0016869140943960304,-0.00922741875216948,-0.0016869140943960304,-0.00922741875216948,-0.0016869140943960304,-0.00922741875216948,-1.0275894333020776,-0.5180205009550846,-1.0259025192076816,-0.5087930822029151,0.0,0.0,Vmag_get_voltage_magnitude_series__angle_get_voltage_angle_series,true,Unknown,Ybus EMT reconstruction using exact complex bus-voltage phasors when available; otherwise diagnostic fallback
2.75,-0.0016867247215370806,-0.009228931777148897,-0.0016867247215370806,-0.009228931777148897,-0.0016867247215370806,-0.009228931777148897,-1.0275892439292187,-0.518022013980064,-1.0259025192076816,-0.5087930822029151,0.0,0.0,Vmag_get_voltage_magnitude_series__angle_get_voltage_angle_series,true,Unknown,Ybus EMT reconstruction using exact complex bus-voltage phasors when available; otherwise diagnostic fallback
2.76,-0.0016865570187014622,-0.009230458421990106,-0.0016865570187014622,-0.009230458421990106,-0.0016865570187014622,-0.009230458421990106,-1.027589076226383,-0.5180235406249052,-1.0259025192076816,-0.5087930822029151,0.0,0.0,Vmag_get_voltage_magnitude_series__angle_get_voltage_angle_series,true,Unknown,Ybus EMT reconstruction using exact complex bus-voltage phasors when available; otherwise diagnostic fallback
2.77,-0.001686411032691515,-0.009231998436866284,-0.001686411032691515,-0.009231998436866284,-0.001686411032691515,-0.009231998436866284,-1.0275889302403731,-0.5180250806397814,-1.0259025192076816,-0.5087930822029151,0.0,0.0,Vmag_get_voltage_magnitude_series__angle_get_voltage_angle_series,true,Unknown,Ybus EMT reconstruction using exact complex bus-voltage phasors when available; otherwise diagnostic fallback
2.78,-0.0016862867825586658,-0.009233551524893913,-0.0016862867825586658,-0.009233551524893913,-0.0016862867825586658,-0.009233551524893913,-1.0275888059902403,-0.518026633727809,-1.0259025192076816,-0.5087930822029151,0.0,0.0,Vmag_get_voltage_magnitude_series__angle_get_voltage_angle_series,true,Unknown,Ybus EMT reconstruction using exact complex bus-voltage phasors when available; otherwise diagnostic fallback
2.79,-0.0016861842656934467,-0.00923511734426763,-0.0016861842656934467,-0.00923511734426763,-0.0016861842656934467,-0.00923511734426763,-1.027588703473375,-0.5180281995471827,-1.0259025192076816,-0.5087930822029151,0.0,0.0,Vmag_get_voltage_magnitude_series__angle_get_voltage_angle_series,true,Unknown,Ybus EMT reconstruction using exact complex bus-voltage phasors when available; otherwise diagnostic fallback
2.8,-0.0016861034558799393,-0.009236695518772597,-0.0016861034558799393,-0.009236695518772597,-0.0016861034558799393,-0.009236695518772597,-1.0275886226635615,-0.5180297777216877,-1.0259025192076816,-0.5087930822029151,0.0,0.0,Vmag_get_voltage_magnitude_series__angle_get_voltage_angle_series,true,Unknown,Ybus EMT reconstruction using exact complex bus-voltage phasors when available; otherwise diagnostic fallback
2.81,-0.001686044303051526,-0.009238285643161537,-0.001686044303051526,-0.009238285643161537,-0.001686044303051526,-0.009238285643161537,-1.0275885635107331,-0.5180313678460766,-1.0259025192076816,-0.5087930822029151,0.0,0.0,Vmag_get_voltage_magnitude_series__angle_get_voltage_angle_series,true,Unknown,Ybus EMT reconstruction using exact complex bus-voltage phasors when available; otherwise diagnostic fallback
2.82,-0.0016860067359971698,-0.009239887293460591,-0.0016860067359971698,-0.009239887293460591,-0.0016860067359971698,-0.009239887293460591,-1.0275885259436788,-0.5180329694963757,-1.0259025192076816,-0.5087930822029151,0.0,0.0,Vmag_get_voltage_magnitude_series__angle_get_voltage_angle_series,true,Unknown,Ybus EMT reconstruction using exact complex bus-voltage phasors when available; otherwise diagnostic fallback
2.83,-0.0016859906633777122,-0.00924150003236246,-0.0016859906633777122,-0.00924150003236246,-0.0016859906633777122,-0.00924150003236246,-1.0275885098710593,-0.5180345822352775,-1.0259025192076816,-0.5087930822029151,0.0,0.0,Vmag_get_voltage_magnitude_series__angle_get_voltage_angle_series,true,Unknown,Ybus EMT reconstruction using exact complex bus-voltage phasors when available; otherwise diagnostic fallback
2.84,-0.0016859959762052235,-0.00924312341546929,-0.0016859959762052235,-0.00924312341546929,-0.0016859959762052235,-0.00924312341546929,-1.0275885151838868,-0.5180362056183844,-1.0259025192076816,-0.5087930822029151,0.0,0.0,Vmag_get_voltage_magnitude_series__angle_get_voltage_angle_series,true,Unknown,Ybus EMT reconstruction using exact complex bus-voltage phasors when available; otherwise diagnostic fallback
2.85,-0.0016860225474761847,-0.009244756997148551,-0.0016860225474761847,-0.009244756997148551,-0.0016860225474761847,-0.009244756997148551,-1.0275885417551578,-0.5180378392000636,-1.0259025192076816,-0.5087930822029151,0.0,0.0,Vmag_get_voltage_magnitude_series__angle_get_voltage_angle_series,true,Unknown,Ybus EMT reconstruction using exact complex bus-voltage phasors when available; otherwise diagnostic fallback
2.86,-0.0016860702330552257,-0.009246400336492044,-0.0016860702330552257,-0.009246400336492044,-0.0016860702330552257,-0.009246400336492044,-1.0275885894407368,-0.5180394825394071,-1.0259025192076816,-0.5087930822029151,0.0,0.0,Vmag_get_voltage_magnitude_series__angle_get_voltage_angle_series,true,Unknown,Ybus EMT reconstruction using exact complex bus-voltage phasors when available; otherwise diagnostic fallback
2.87,-0.0016861388749398465,-0.009248053003687251,-0.0016861388749398465,-0.009248053003687251,-0.0016861388749398465,-0.009248053003687251,-1.0275886580826215,-0.5180411352066023,-1.0259025192076816,-0.5087930822029151,0.0,0.0,Vmag_get_voltage_magnitude_series__angle_get_voltage_angle_series,true,Unknown,Ybus EMT reconstruction using exact complex bus-voltage phasors when available; otherwise diagnostic fallback
2.88,-0.0016862283030976144,-0.009249714583505542,-0.0016862283030976144,-0.009249714583505542,-0.0016862283030976144,-0.009249714583505542,-1.0275887475107792,-0.5180427967864206,-1.0259025192076816,-0.5087930822029151,0.0,0.0,Vmag_get_voltage_magnitude_series__angle_get_voltage_angle_series,true,Unknown,Ybus EMT reconstruction using exact complex bus-voltage phasors when available; otherwise diagnostic fallback
2.89,-0.0016863383354630557,-0.009251384678597874,-0.0016863383354630557,-0.009251384678597874,-0.0016863383354630557,-0.009251384678597874,-1.0275888575431447,-0.518044466881513,-1.0259025192076816,-0.5087930822029151,0.0,0.0,Vmag_get_voltage_magnitude_series__angle_get_voltage_angle_series,true,Unknown,Ybus EMT reconstruction using exact complex bus-voltage phasors when available; otherwise diagnostic fallback
2.9,-0.001686468778434369,-0.009253062912804255,-0.001686468778434369,-0.009253062912804255,-0.001686468778434369,-0.009253062912804255,-1.027588987986116,-0.5180461451157193,-1.0259025192076816,-0.5087930822029151,0.0,0.0,Vmag_get_voltage_magnitude_series__angle_get_voltage_angle_series,true,Unknown,Ybus EMT reconstruction using exact complex bus-voltage phasors when available; otherwise diagnostic fallback
2.91,-0.0016866194305169557,-0.009254748938583135,-0.0016866194305169557,-0.009254748938583135,-0.0016866194305169557,-0.009254748938583135,-1.0275891386381986,-0.5180478311414982,-1.0259025192076816,-0.5087930822029151,0.0,0.0,Vmag_get_voltage_magnitude_series__angle_get_voltage_angle_series,true,Unknown,Ybus EMT reconstruction using exact complex bus-voltage phasors when available; otherwise diagnostic fallback
2.92,-0.0016867900838064553,-0.009256442437193368,-0.0016867900838064553,-0.009256442437193368,-0.0016867900838064553,-0.009256442437193368,-1.027589309291488,-0.5180495246401084,-1.0259025192076816,-0.5087930822029151,0.0,0.0,Vmag_get_voltage_magnitude_series__angle_get_voltage_angle_series,true,Unknown,Ybus EMT reconstruction using exact complex bus-voltage phasors when available; otherwise diagnostic fallback
2.93,-0.0016869805245149916,-0.009258143117575446,-0.0016869805245149916,-0.009258143117575446,-0.0016869805245149916,-0.009258143117575446,-1.0275894997321966,-0.5180512253204905,-1.0259025192076816,-0.5087930822029151,0.0,0.0,Vmag_get_voltage_magnitude_series__angle_get_voltage_angle_series,true,Unknown,Ybus EMT reconstruction using exact complex bus-voltage phasors when available; otherwise diagnostic fallback
2.94,-0.0016871905337638715,-0.009259850720156226,-0.0016871905337638715,-0.009259850720156226,-0.0016871905337638715,-0.009259850720156226,-1.0275897097414455,-0.5180529329230713,-1.0259025192076816,-0.5087930822029151,0.0,0.0,Vmag_get_voltage_magnitude_series__angle_get_voltage_angle_series,true,Unknown,Ybus EMT reconstruction using exact complex bus-voltage phasors when available; otherwise diagnostic fallback
2.95,-0.0016874198889380576,-0.009261565022318674,-0.0016874198889380576,-0.009261565022318674,-0.0016874198889380576,-0.009261565022318674,-1.0275899390966197,-0.5180546472252338,-1.0259025192076816,-0.5087930822029151,0.0,0.0,Vmag_get_voltage_magnitude_series__angle_get_voltage_angle_series,true,Unknown,Ybus EMT reconstruction using exact complex bus-voltage phasors when available; otherwise diagnostic fallback
2.96,-0.0016876683651050328,-0.009263285836343615,-0.0016876683651050328,-0.009263285836343615,-0.0016876683651050328,-0.009263285836343615,-1.0275901875727866,-0.5180563680392587,-1.0259025192076816,-0.5087930822029151,0.0,0.0,Vmag_get_voltage_magnitude_series__angle_get_voltage_angle_series,true,Unknown,Ybus EMT reconstruction using exact complex bus-voltage phasors when available; otherwise diagnostic fallback
2.97,-0.0016879357396801797,-0.009265013006305556,-0.0016879357396801797,-0.009265013006305556,-0.0016879357396801797,-0.009265013006305556,-1.0275904549473618,-0.5180580952092206,-1.0259025192076816,-0.5087930822029151,0.0,0.0,Vmag_get_voltage_magnitude_series__angle_get_voltage_angle_series,true,Unknown,Ybus EMT reconstruction using exact complex bus-voltage phasors when available; otherwise diagnostic fallback
2.98,-0.0016882217892690843,-0.009266746409868687,-0.0016882217892690843,-0.009266746409868687,-0.0016882217892690843,-0.009266746409868687,-1.0275907409969507,-0.5180598286127838,-1.0259025192076816,-0.5087930822029151,0.0,0.0,Vmag_get_voltage_magnitude_series__angle_get_voltage_angle_series,true,Unknown,Ybus EMT reconstruction using exact complex bus-voltage phasors when available; otherwise diagnostic fallback
2.99,-0.001688526288190717,-0.009268485962715678,-0.001688526288190717,-0.009268485962715678,-0.001688526288190717,-0.009268485962715678,-1.0275910454958723,-0.5180615681656308,-1.0259025192076816,-0.5087930822029151,0.0,0.0,Vmag_get_voltage_magnitude_series__angle_get_voltage_angle_series,true,Unknown,Ybus EMT reconstruction using exact complex bus-voltage phasors when available; otherwise diagnostic fallback
3.0,-0.0016888490169122417,-0.009270231613167867,-0.0016888490169122417,-0.009270231613167867,-0.0016888490169122417,-0.009270231613167867,-1.0275913682245938,-0.518063313816083,-1.0259025192076816,-0.5087930822029151,0.0,0.0,Vmag_get_voltage_magnitude_series__angle_get_voltage_angle_series,true,Unknown,Ybus EMT reconstruction using exact complex bus-voltage phasors when available; otherwise diagnostic fallback
3.01,-0.0016891897584279114,-0.009271983340940038,-0.0016891897584279114,-0.009271983340940038,-0.0016891897584279114,-0.009271983340940038,-1.0275917089661095,-0.5180650655438551,-1.0259025192076816,-0.5087930822029151,0.0,0.0,Vmag_get_voltage_magnitude_series__angle_get_voltage_angle_series,true,Unknown,Ybus EMT reconstruction using exact complex bus-voltage phasors when available; otherwise diagnostic fallback
3.02,-0.0016895482993899424,-0.009273741157036608,-0.0016895482993899424,-0.009273741157036608,-0.0016895482993899424,-0.009273741157036608,-1.0275920675070715,-0.5180668233599517,-1.0259025192076816,-0.5087930822029151,0.0,0.0,Vmag_get_voltage_magnitude_series__angle_get_voltage_angle_series,true,Unknown,Ybus EMT reconstruction using exact complex bus-voltage phasors when available; otherwise diagnostic fallback
3.03,-0.0016899244300927485,-0.009275505102175785,-0.0016899244300927485,-0.009275505102175785,-0.0016899244300927485,-0.009275505102175785,-1.0275924436377744,-0.5180685873050909,-1.0259025192076816,-0.5087930822029151,0.0,0.0,Vmag_get_voltage_magnitude_series__angle_get_voltage_angle_series,true,Unknown,Ybus EMT reconstruction using exact complex bus-voltage phasors when available; otherwise diagnostic fallback
3.04,-0.0016903179463760853,-0.009277275244842342,-0.0016903179463760853,-0.009277275244842342,-0.0016903179463760853,-0.009277275244842342,-1.0275928371540577,-0.5180703574477574,-1.0259025192076816,-0.5087930822029151,0.0,0.0,Vmag_get_voltage_magnitude_series__angle_get_voltage_angle_series,true,Unknown,Ybus EMT reconstruction using exact complex bus-voltage phasors when available; otherwise diagnostic fallback
3.05,-0.001690728650806328,-0.00927905167960108,-0.001690728650806328,-0.00927905167960108,-0.001690728650806328,-0.00927905167960108,-1.027593247858488,-0.5180721338825162,-1.0259025192076816,-0.5087930822029151,0.0,0.0,Vmag_get_voltage_magnitude_series__angle_get_voltage_angle_series,true,Unknown,Ybus EMT reconstruction using exact complex bus-voltage phasors when available; otherwise diagnostic fallback
3.06,-0.0016911563513823946,-0.009280834522669257,-0.0016911563513823946,-0.009280834522669257,-0.0016911563513823946,-0.009280834522669257,-1.027593675559064,-0.5180739167255843,-1.0259025192076816,-0.5087930822029151,0.0,0.0,Vmag_get_voltage_magnitude_series__angle_get_voltage_angle_series,true,Unknown,Ybus EMT reconstruction using exact complex bus-voltage phasors when available; otherwise diagnostic fallback
3.07,-0.0016916008616525424,-0.009282623911977539,-0.0016916008616525424,-0.009282623911977539,-0.0016916008616525424,-0.009282623911977539,-1.0275941200693341,-0.5180757061148926,-1.0259025192076816,-0.5087930822029151,0.0,0.0,Vmag_get_voltage_magnitude_series__angle_get_voltage_angle_series,true,Unknown,Ybus EMT reconstruction using exact complex bus-voltage phasors when available; otherwise diagnostic fallback
3.08,-0.0016920620017679688,-0.009284420004236127,-0.0016920620017679688,-0.009284420004236127,-0.0016920620017679688,-0.009284420004236127,-1.0275945812094496,-0.5180775022071512,-1.0259025192076816,-0.5087930822029151,0.0,0.0,Vmag_get_voltage_magnitude_series__angle_get_voltage_angle_series,true,Unknown,Ybus EMT reconstruction using exact complex bus-voltage phasors when available; otherwise diagnostic fallback
3.09,-0.0016925395993361292,-0.00928622297174475,-0.0016925395993361292,-0.00928622297174475,-0.0016925395993361292,-0.00928622297174475,-1.0275950588070177,-0.5180793051746598,-1.0259025192076816,-0.5087930822029151,0.0,0.0,Vmag_get_voltage_magnitude_series__angle_get_voltage_angle_series,true,Unknown,Ybus EMT reconstruction using exact complex bus-voltage phasors when available; otherwise diagnostic fallback
3.1,-0.0016930334890037368,-0.009288032999549611,-0.0016930334890037368,-0.009288032999549611,-0.0016930334890037368,-0.009288032999549611,-1.0275955526966853,-0.5180811152024647,-1.0259025192076816,-0.5087930822029151,0.0,0.0,Vmag_get_voltage_magnitude_series__angle_get_voltage_angle_series,true,Unknown,Ybus EMT reconstruction using exact complex bus-voltage phasors when available; otherwise diagnostic fallback
3.11,-0.00169354351110651,-0.009289850283147327,-0.00169354351110651,-0.009289850283147327,-0.00169354351110651,-0.009289850283147327,-1.0275960627187881,-0.5180829324860624,-1.0259025192076816,-0.5087930822029151,0.0,0.0,Vmag_get_voltage_magnitude_series__angle_get_voltage_angle_series,true,Unknown,Ybus EMT reconstruction using exact complex bus-voltage phasors when available; otherwise diagnostic fallback
3.12,-0.001694069511585683,-0.009291675026123714,-0.001694069511585683,-0.009291675026123714,-0.001694069511585683,-0.009291675026123714,-1.0275965887192673,-0.5180847572290388,-1.0259025192076816,-0.5087930822029151,0.0,0.0,Vmag_get_voltage_magnitude_series__angle_get_voltage_angle_series,true,Unknown,Ybus EMT reconstruction using exact complex bus-voltage phasors when available; otherwise diagnostic fallback
3.13,-0.0016946113451450362,-0.009293507437971749,-0.0016946113451450362,-0.009293507437971749,-0.0016946113451450362,-0.009293507437971749,-1.0275971305528266,-0.5180865896408868,-1.0259025192076816,-0.5087930822029151,0.0,0.0,Vmag_get_voltage_magnitude_series__angle_get_voltage_angle_series,true,Unknown,Ybus EMT reconstruction using exact complex bus-voltage phasors when available; otherwise diagnostic fallback
3.14,-0.0016951688713402469,-0.009295347729822434,-0.0016951688713402469,-0.009295347729822434,-0.0016951688713402469,-0.009295347729822434,-1.0275976880790219,-0.5180884299327375,-1.0259025192076816,-0.5087930822029151,0.0,0.0,Vmag_get_voltage_magnitude_series__angle_get_voltage_angle_series,true,Unknown,Ybus EMT reconstruction using exact complex bus-voltage phasors when available; otherwise diagnostic fallback
3.15,-0.001695741956033503,-0.009297196112908912,-0.001695741956033503,-0.009297196112908912,-0.001695741956033503,-0.009297196112908912,-1.027598261163715,-0.518090278315824,-1.0259025192076816,-0.5087930822029151,0.0,0.0,Vmag_get_voltage_magnitude_series__angle_get_voltage_angle_series,true,Unknown,Ybus EMT reconstruction using exact complex bus-voltage phasors when available; otherwise diagnostic fallback
3.16,-0.0016963304698551784,-0.009299052796801321,-0.0016963304698551784,-0.009299052796801321,-0.0016963304698551784,-0.009299052796801321,-1.0275988496775368,-0.5180921349997164,-1.0259025192076816,-0.5087930822029151,0.0,0.0,Vmag_get_voltage_magnitude_series__angle_get_voltage_angle_series,true,Unknown,Ybus EMT reconstruction using exact complex bus-voltage phasors when available; otherwise diagnostic fallback
3.17,-0.0016969342889194827,-0.00930091798673105,-0.0016969342889194827,-0.00930091798673105,-0.0016969342889194827,-0.00930091798673105,-1.027599453496601,-0.5180940001896461,-1.0259025192076816,-0.5087930822029151,0.0,0.0,Vmag_get_voltage_magnitude_series__angle_get_voltage_angle_series,true,Unknown,Ybus EMT reconstruction using exact complex bus-voltage phasors when available; otherwise diagnostic fallback
3.18,-0.0016975532946674754,-0.009302791880687389,-0.0016975532946674754,-0.009302791880687389,-0.0016975532946674754,-0.009302791880687389,-1.027600072502349,-0.5180958740836025,-1.0259025192076816,-0.5087930822029151,0.0,0.0,Vmag_get_voltage_magnitude_series__angle_get_voltage_angle_series,true,Unknown,Ybus EMT reconstruction using exact complex bus-voltage phasors when available; otherwise diagnostic fallback
3.19,-0.001698187372343396,-0.009304674668014878,-0.001698187372343396,-0.009304674668014878,-0.001698187372343396,-0.009304674668014878,-1.027600706580025,-0.51809775687093,-1.0259025192076816,-0.5087930822029151,0.0,0.0,Vmag_get_voltage_magnitude_series__angle_get_voltage_angle_series,true,Unknown,Ybus EMT reconstruction using exact complex bus-voltage phasors when available; otherwise diagnostic fallback
3.2,-0.001698836410735538,-0.009306566527467863,-0.001698836410735538,-0.009306566527467863,-0.001698836410735538,-0.009306566527467863,-1.0276013556184171,-0.518099648730383,-1.0259025192076816,-0.5087930822029151,0.0,0.0,Vmag_get_voltage_magnitude_series__angle_get_voltage_angle_series,true,Unknown,Ybus EMT reconstruction using exact complex bus-voltage phasors when available; otherwise diagnostic fallback
3.21,-0.0016995003020188193,-0.009308467626124695,-0.0016995003020188193,-0.009308467626124695,-0.0016995003020188193,-0.009308467626124695,-1.0276020195097004,-0.5181015498290398,-1.0259025192076816,-0.5087930822029151,0.0,0.0,Vmag_get_voltage_magnitude_series__angle_get_voltage_angle_series,true,Unknown,Ybus EMT reconstruction using exact complex bus-voltage phasors when available; otherwise diagnostic fallback
3.22,-0.0017001789412944834,-0.009310378117237117,-0.0017001789412944834,-0.009310378117237117,-0.0017001789412944834,-0.009310378117237117,-1.027602698148976,-0.5181034603201522,-1.0259025192076816,-0.5087930822029151,0.0,0.0,Vmag_get_voltage_magnitude_series__angle_get_voltage_angle_series,true,Unknown,Ybus EMT reconstruction using exact complex bus-voltage phasors when available; otherwise diagnostic fallback
3.23,-0.001700872226440664,-0.009312298138034802,-0.001700872226440664,-0.009312298138034802,-0.001700872226440664,-0.009312298138034802,-1.0276033914341223,-0.5181053803409499,-1.0259025192076816,-0.5087930822029151,0.0,0.0,Vmag_get_voltage_magnitude_series__angle_get_voltage_angle_series,true,Unknown,Ybus EMT reconstruction using exact complex bus-voltage phasors when available; otherwise diagnostic fallback
3.24,-0.0017015800558988214,-0.009314227810213627,-0.0017015800558988214,-0.009314227810213627,-0.0017015800558988214,-0.009314227810213627,-1.0276040992635804,-0.5181073100131287,-1.0259025192076816,-0.5087930822029151,0.0,0.0,Vmag_get_voltage_magnitude_series__angle_get_voltage_angle_series,true,Unknown,Ybus EMT reconstruction using exact complex bus-voltage phasors when available; otherwise diagnostic fallback
3.25,-0.0017023023294182593,-0.00931616723877704,-0.0017023023294182593,-0.00931616723877704,-0.0017023023294182593,-0.00931616723877704,-1.0276048215370999,-0.5181092494416921,-1.0259025192076816,-0.5087930822029151,0.0,0.0,Vmag_get_voltage_magnitude_series__angle_get_voltage_angle_series,true,Unknown,Ybus EMT reconstruction using exact complex bus-voltage phasors when available; otherwise diagnostic fallback
3.26,-0.0017030389480707786,-0.009318116510206309,-0.0017030389480707786,-0.009318116510206309,-0.0017030389480707786,-0.009318116510206309,-1.0276055581557524,-0.5181111987131214,-1.0259025192076816,-0.5087930822029151,0.0,0.0,Vmag_get_voltage_magnitude_series__angle_get_voltage_angle_series,true,Unknown,Ybus EMT reconstruction using exact complex bus-voltage phasors when available; otherwise diagnostic fallback
3.27,-0.0017037898136074148,-0.00932007569254778,-0.0017037898136074148,-0.00932007569254778,-0.0017037898136074148,-0.00932007569254778,-1.027606309021289,-0.5181131578954629,-1.0259025192076816,-0.5087930822029151,0.0,0.0,Vmag_get_voltage_magnitude_series__angle_get_voltage_angle_series,true,Unknown,Ybus EMT reconstruction using exact complex bus-voltage phasors when available; otherwise diagnostic fallback
3.28,-0.0017045548260463672,-0.009322044834641607,-0.0017045548260463672,-0.009322044834641607,-0.0017045548260463672,-0.009322044834641607,-1.027607074033728,-0.5181151270375567,-1.0259025192076816,-0.5087930822029151,0.0,0.0,Vmag_get_voltage_magnitude_series__angle_get_voltage_angle_series,true,Unknown,Ybus EMT reconstruction using exact complex bus-voltage phasors when available; otherwise diagnostic fallback
3.29,-0.0017053338843409094,-0.009324023966257866,-0.0017053338843409094,-0.009324023966257866,-0.0017053338843409094,-0.009324023966257866,-1.0276078530920225,-0.518117106169173,-1.0259025192076816,-0.5087930822029151,0.0,0.0,Vmag_get_voltage_magnitude_series__angle_get_voltage_angle_series,true,Unknown,Ybus EMT reconstruction using exact complex bus-voltage phasors when available; otherwise diagnostic fallback
3.3,-0.001706126887789594,-0.009326013099047126,-0.001706126887789594,-0.009326013099047126,-0.001706126887789594,-0.009326013099047126,-1.0276086460954712,-0.5181190953019622,-1.0259025192076816,-0.5087930822029151,0.0,0.0,Vmag_get_voltage_magnitude_series__angle_get_voltage_angle_series,true,Unknown,Ybus EMT reconstruction using exact complex bus-voltage phasors when available; otherwise diagnostic fallback
3.31,-0.001706933733196525,-0.009328012224334437,-0.001706933733196525,-0.009328012224334437,-0.001706933733196525,-0.009328012224334437,-1.0276094529408781,-0.5181210944272495,-1.0259025192076816,-0.5087930822029151,0.0,0.0,Vmag_get_voltage_magnitude_series__angle_get_voltage_angle_series,true,Unknown,Ybus EMT reconstruction using exact complex bus-voltage phasors when available; otherwise diagnostic fallback
3.32,-0.001707754315503518,-0.00933002131474825,-0.001707754315503518,-0.00933002131474825,-0.001707754315503518,-0.00933002131474825,-1.0276102735231851,-0.5181231035176633,-1.0259025192076816,-0.5087930822029151,0.0,0.0,Vmag_get_voltage_magnitude_series__angle_get_voltage_angle_series,true,Unknown,Ybus EMT reconstruction using exact complex bus-voltage phasors when available; otherwise diagnostic fallback
3.33,-0.0017085885266658885,-0.009332040325059188,-0.0017085885266658885,-0.009332040325059188,-0.0017085885266658885,-0.009332040325059188,-1.0276111077343475,-0.5181251225279743,-1.0259025192076816,-0.5087930822029151,0.0,0.0,Vmag_get_voltage_magnitude_series__angle_get_voltage_angle_series,true,Unknown,Ybus EMT reconstruction using exact complex bus-voltage phasors when available; otherwise diagnostic fallback
3.34,-0.0017094362560501342,-0.009334069192505456,-0.0017094362560501342,-0.009334069192505456,-0.0017094362560501342,-0.009334069192505456,-1.0276119554637317,-0.5181271513954205,-1.0259025192076816,-0.5087930822029151,0.0,0.0,Vmag_get_voltage_magnitude_series__angle_get_voltage_angle_series,true,Unknown,Ybus EMT reconstruction using exact complex bus-voltage phasors when available; otherwise diagnostic fallback
3.35,-0.0017102973908420527,-0.009336107836610652,-0.0017102973908420527,-0.009336107836610652,-0.0017102973908420527,-0.009336107836610652,-1.0276128165985237,-0.5181291900395257,-1.0259025192076816,-0.5087930822029151,0.0,0.0,Vmag_get_voltage_magnitude_series__angle_get_voltage_angle_series,true,Unknown,Ybus EMT reconstruction using exact complex bus-voltage phasors when available; otherwise diagnostic fallback
3.36,-0.0017111718142266419,-0.00933815616056366,-0.0017111718142266419,-0.00933815616056366,-0.0017111718142266419,-0.00933815616056366,-1.0276136910219082,-0.5181312383634787,-1.0259025192076816,-0.5087930822029151,0.0,0.0,Vmag_get_voltage_magnitude_series__angle_get_voltage_angle_series,true,Unknown,Ybus EMT reconstruction using exact complex bus-voltage phasors when available; otherwise diagnostic fallback
3.37,-0.0017120594059933936,-0.009340214052475315,-0.0017120594059933936,-0.009340214052475315,-0.0017120594059933936,-0.009340214052475315,-1.027614578613675,-0.5181332962553904,-1.0259025192076816,-0.5087930822029151,0.0,0.0,Vmag_get_voltage_magnitude_series__angle_get_voltage_angle_series,true,Unknown,Ybus EMT reconstruction using exact complex bus-voltage phasors when available; otherwise diagnostic fallback
3.38,-0.0017129600422214342,-0.009342281386396034,-0.0017129600422214342,-0.009342281386396034,-0.0017129600422214342,-0.009342281386396034,-1.027615479249903,-0.5181353635893111,-1.0259025192076816,-0.5087930822029151,0.0,0.0,Vmag_get_voltage_magnitude_series__angle_get_voltage_angle_series,true,Unknown,Ybus EMT reconstruction using exact complex bus-voltage phasors when available; otherwise diagnostic fallback
3.39,-0.0017138735958459606,-0.00934435802288125,-0.0017138735958459606,-0.00934435802288125,-0.0017138735958459606,-0.00934435802288125,-1.0276163928035276,-0.5181374402257963,-1.0259025192076816,-0.5087930822029151,0.0,0.0,Vmag_get_voltage_magnitude_series__angle_get_voltage_angle_series,true,Unknown,Ybus EMT reconstruction using exact complex bus-voltage phasors when available; otherwise diagnostic fallback
3.4,-0.0017147999356352805,-0.009346443809801763,-0.0017147999356352805,-0.009346443809801763,-0.0017147999356352805,-0.009346443809801763,-1.0276173191433169,-0.5181395260127168,-1.0259025192076816,-0.5087930822029151,0.0,0.0,Vmag_get_voltage_magnitude_series__angle_get_voltage_angle_series,true,Unknown,Ybus EMT reconstruction using exact complex bus-voltage phasors when available; otherwise diagnostic fallback
3.41,-0.0017157389264188527,-0.009348538584642019,-0.0017157389264188527,-0.009348538584642019,-0.0017157389264188527,-0.009348538584642019,-1.0276182581341005,-0.5181416207875571,-1.0259025192076816,-0.5087930822029151,0.0,0.0,Vmag_get_voltage_magnitude_series__angle_get_voltage_angle_series,true,Unknown,Ybus EMT reconstruction using exact complex bus-voltage phasors when available; otherwise diagnostic fallback
3.42,-0.0017166904288283824,-0.009350642175368407,-0.0017166904288283824,-0.009350642175368407,-0.0017166904288283824,-0.009350642175368407,-1.02761920963651,-0.5181437243782835,-1.0259025192076816,-0.5087930822029151,0.0,0.0,Vmag_get_voltage_magnitude_series__angle_get_voltage_angle_series,true,Unknown,Ybus EMT reconstruction using exact complex bus-voltage phasors when available; otherwise diagnostic fallback
3.43,-0.0017176543005583689,-0.009352754401420582,-0.0017176543005583689,-0.009352754401420582,-0.0017176543005583689,-0.009352754401420582,-1.02762017350824,-0.5181458366043357,-1.0259025192076816,-0.5087930822029151,0.0,0.0,Vmag_get_voltage_magnitude_series__angle_get_voltage_angle_series,true,Unknown,Ybus EMT reconstruction using exact complex bus-voltage phasors when available; otherwise diagnostic fallback
3.44,-0.0017186303951644,-0.009354875074633617,-0.0017186303951644,-0.009354875074633617,-0.0017186303951644,-0.009354875074633617,-1.027621149602846,-0.5181479572775487,-1.0259025192076816,-0.5087930822029151,0.0,0.0,Vmag_get_voltage_magnitude_series__angle_get_voltage_angle_series,true,Unknown,Ybus EMT reconstruction using exact complex bus-voltage phasors when available; otherwise diagnostic fallback
3.45,-0.0017196185622978533,-0.00935700400135897,-0.0017196185622978533,-0.00935700400135897,-0.0017196185622978533,-0.00935700400135897,-1.0276221377699795,-0.518150086204274,-1.0259025192076816,-0.5087930822029151,0.0,0.0,Vmag_get_voltage_magnitude_series__angle_get_voltage_angle_series,true,Unknown,Ybus EMT reconstruction using exact complex bus-voltage phasors when available; otherwise diagnostic fallback
3.46,-0.00172061864832318,-0.009359140983419945,-0.00172061864832318,-0.009359140983419945,-0.00172061864832318,-0.009359140983419945,-1.0276231378560048,-0.518152223186335,-1.0259025192076816,-0.5087930822029151,0.0,0.0,Vmag_get_voltage_magnitude_series__angle_get_voltage_angle_series,true,Unknown,Ybus EMT reconstruction using exact complex bus-voltage phasors when available; otherwise diagnostic fallback
3.47,-0.0017216304961582551,-0.009361285819185827,-0.0017216304961582551,-0.009361285819185827,-0.0017216304961582551,-0.009361285819185827,-1.0276241497038399,-0.5181543680221009,-1.0259025192076816,-0.5087930822029151,0.0,0.0,Vmag_get_voltage_magnitude_series__angle_get_voltage_angle_series,true,Unknown,Ybus EMT reconstruction using exact complex bus-voltage phasors when available; otherwise diagnostic fallback
3.48,-0.0017226539458536916,-0.009363438305039495,-0.0017226539458536916,-0.009363438305039495,-0.0017226539458536916,-0.009363438305039495,-1.0276251731535353,-0.5181565205079546,-1.0259025192076816,-0.5087930822029151,0.0,0.0,Vmag_get_voltage_magnitude_series__angle_get_voltage_angle_series,true,Unknown,Ybus EMT reconstruction using exact complex bus-voltage phasors when available; otherwise diagnostic fallback
3.49,-0.0017236888341520817,-0.009365598236095618,-0.0017236888341520817,-0.009365598236095618,-0.0017236888341520817,-0.009365598236095618,-1.0276262080418337,-0.5181586804390107,-1.0259025192076816,-0.5087930822029151,0.0,0.0,Vmag_get_voltage_magnitude_series__angle_get_voltage_angle_series,true,Unknown,Ybus EMT reconstruction using exact complex bus-voltage phasors when available; otherwise diagnostic fallback
3.5,-0.001724734995157906,-0.00936776540819817,-0.001724734995157906,-0.00936776540819817,-0.001724734995157906,-0.00936776540819817,-1.0276272542028395,-0.5181608476111133,-1.0259025192076816,-0.5087930822029151,0.0,0.0,Vmag_get_voltage_magnitude_series__angle_get_voltage_angle_series,true,Unknown,Ybus EMT reconstruction using exact complex bus-voltage phasors when available; otherwise diagnostic fallback
3.51,-0.0017257922606470633,-0.009369939618001033,-0.0017257922606470633,-0.009369939618001033,-0.0017257922606470633,-0.009369939618001033,-1.0276283114683287,-0.5181630218209161,-1.0259025192076816,-0.5087930822029151,0.0,0.0,Vmag_get_voltage_magnitude_series__angle_get_voltage_angle_series,true,Unknown,Ybus EMT reconstruction using exact complex bus-voltage phasors when available; otherwise diagnostic fallback
3.52,-0.0017268604600546578,-0.009372120664855932,-0.0017268604600546578,-0.009372120664855932,-0.0017268604600546578,-0.009372120664855932,-1.0276293796677363,-0.518165202867771,-1.0259025192076816,-0.5087930822029151,0.0,0.0,Vmag_get_voltage_magnitude_series__angle_get_voltage_angle_series,true,Unknown,Ybus EMT reconstruction using exact complex bus-voltage phasors when available; otherwise diagnostic fallback
3.53,-0.001727939421148239,-0.009374308351012162,-0.001727939421148239,-0.009374308351012162,-0.001727939421148239,-0.009374308351012162,-1.0276304586288298,-0.5181673905539272,-1.0259025192076816,-0.5087930822029151,0.0,0.0,Vmag_get_voltage_magnitude_series__angle_get_voltage_angle_series,true,Unknown,Ybus EMT reconstruction using exact complex bus-voltage phasors when available; otherwise diagnostic fallback
3.54,-0.0017290289696574312,-0.009376502483064764,-0.0017290289696574312,-0.009376502483064764,-0.0017290289696574312,-0.009376502483064764,-1.027631548177339,-0.5181695846859798,-1.0259025192076816,-0.5087930822029151,0.0,0.0,Vmag_get_voltage_magnitude_series__angle_get_voltage_angle_series,true,Unknown,Ybus EMT reconstruction using exact complex bus-voltage phasors when available; otherwise diagnostic fallback
3.55,-0.0017301289302358303,-0.009378702872444356,-0.0017301289302358303,-0.009378702872444356,-0.0017301289302358303,-0.009378702872444356,-1.0276326481379174,-0.5181717850753594,-1.0259025192076816,-0.5087930822029151,0.0,0.0,Vmag_get_voltage_magnitude_series__angle_get_voltage_angle_series,true,Unknown,Ybus EMT reconstruction using exact complex bus-voltage phasors when available; otherwise diagnostic fallback
3.56,-0.0017312391265245086,-0.009380909336381027,-0.0017312391265245086,-0.009380909336381027,-0.0017312391265245086,-0.009380909336381027,-1.0276337583342061,-0.5181739915392961,-1.0259025192076816,-0.5087930822029151,0.0,0.0,Vmag_get_voltage_magnitude_series__angle_get_voltage_angle_series,true,Unknown,Ybus EMT reconstruction using exact complex bus-voltage phasors when available; otherwise diagnostic fallback
3.57,-0.0017323593814815297,-0.009383121698077979,-0.0017323593814815297,-0.009383121698077979,-0.0017323593814815297,-0.009383121698077979,-1.0276348785891631,-0.5181762039009931,-1.0259025192076816,-0.5087930822029151,0.0,0.0,Vmag_get_voltage_magnitude_series__angle_get_voltage_angle_series,true,Unknown,Ybus EMT reconstruction using exact complex bus-voltage phasors when available; otherwise diagnostic fallback
3.58,-0.0017334895173468645,-0.009385339787466918,-0.0017334895173468645,-0.009385339787466918,-0.0017334895173468645,-0.009385339787466918,-1.0276360087250285,-0.518178421990382,-1.0259025192076816,-0.5087930822029151,0.0,0.0,Vmag_get_voltage_magnitude_series__angle_get_voltage_angle_series,true,Unknown,Ybus EMT reconstruction using exact complex bus-voltage phasors when available; otherwise diagnostic fallback
3.59,-0.0017346293562030546,-0.0093875634420314,-0.0017346293562030546,-0.0093875634420314,-0.0017346293562030546,-0.0093875634420314,-1.0276371485638847,-0.5181806456449465,-1.0259025192076816,-0.5087930822029151,0.0,0.0,Vmag_get_voltage_magnitude_series__angle_get_voltage_angle_series,true,Unknown,Ybus EMT reconstruction using exact complex bus-voltage phasors when available; otherwise diagnostic fallback
3.6,-0.0017357787208109876,-0.00938979250702865,-0.0017357787208109876,-0.00938979250702865,-0.0017357787208109876,-0.00938979250702865,-1.0276382979284926,-0.5181828747099437,-1.0259025192076816,-0.5087930822029151,0.0,0.0,Vmag_get_voltage_magnitude_series__angle_get_voltage_angle_series,true,Unknown,Ybus EMT reconstruction using exact complex bus-voltage phasors when available; otherwise diagnostic fallback
3.61,-0.001736937433860719,-0.009392026834902367,-0.001736937433860719,-0.009392026834902367,-0.001736937433860719,-0.009392026834902367,-1.0276394566415423,-0.5181851090378174,-1.0259025192076816,-0.5087930822029151,0.0,0.0,Vmag_get_voltage_magnitude_series__angle_get_voltage_angle_series,true,Unknown,Ybus EMT reconstruction using exact complex bus-voltage phasors when available; otherwise diagnostic fallback
3.62,-0.001738105318841665,-0.009394266286439246,-0.001738105318841665,-0.009394266286439246,-0.001738105318841665,-0.009394266286439246,-1.0276406245265233,-0.5181873484893543,-1.0259025192076816,-0.5087930822029151,0.0,0.0,Vmag_get_voltage_magnitude_series__angle_get_voltage_angle_series,true,Unknown,Ybus EMT reconstruction using exact complex bus-voltage phasors when available; otherwise diagnostic fallback
3.63,-0.0017392822000938946,-0.009396510730782293,-0.0017392822000938946,-0.009396510730782293,-0.0017392822000938946,-0.009396510730782293,-1.0276418014077755,-0.5181895929336974,-1.0259025192076816,-0.5087930822029151,0.0,0.0,Vmag_get_voltage_magnitude_series__angle_get_voltage_angle_series,true,Unknown,Ybus EMT reconstruction using exact complex bus-voltage phasors when available; otherwise diagnostic fallback
3.64,-0.001740467903249332,-0.009398760045399412,-0.001740467903249332,-0.009398760045399412,-0.001740467903249332,-0.009398760045399412,-1.027642987110931,-0.5181918422483145,-1.0259025192076816,-0.5087930822029151,0.0,0.0,Vmag_get_voltage_magnitude_series__angle_get_voltage_angle_series,true,Unknown,Ybus EMT reconstruction using exact complex bus-voltage phasors when available; otherwise diagnostic fallback
3.65,-0.001741662255543508,-0.009401014115448136,-0.001741662255543508,-0.009401014115448136,-0.001741662255543508,-0.009401014115448136,-1.0276441814632251,-0.5181940963183632,-1.0259025192076816,-0.5087930822029151,0.0,0.0,Vmag_get_voltage_magnitude_series__angle_get_voltage_angle_series,true,Unknown,Ybus EMT reconstruction using exact complex bus-voltage phasors when available; otherwise diagnostic fallback
3.66,-0.0017428650855229044,-0.00940327283417064,-0.0017428650855229044,-0.00940327283417064,-0.0017428650855229044,-0.00940327283417064,-1.0276453842932045,-0.5181963550370857,-1.0259025192076816,-0.5087930822029151,0.0,0.0,Vmag_get_voltage_magnitude_series__angle_get_voltage_angle_series,true,Unknown,Ybus EMT reconstruction using exact complex bus-voltage phasors when available; otherwise diagnostic fallback
3.67,-0.0017440762235318985,-0.009405536102856993,-0.0017440762235318985,-0.009405536102856993,-0.0017440762235318985,-0.009405536102856993,-1.0276465954312135,-0.5181986183057721,-1.0259025192076816,-0.5087930822029151,0.0,0.0,Vmag_get_voltage_magnitude_series__angle_get_voltage_angle_series,true,Unknown,Ybus EMT reconstruction using exact complex bus-voltage phasors when available; otherwise diagnostic fallback
3.68,-0.0017452955020103023,-0.009407803830102424,-0.0017452955020103023,-0.009407803830102424,-0.0017452955020103023,-0.009407803830102424,-1.027647814709692,-0.5182008860330175,-1.0259025192076816,-0.5087930822029151,0.0,0.0,Vmag_get_voltage_magnitude_series__angle_get_voltage_angle_series,true,Unknown,Ybus EMT reconstruction using exact complex bus-voltage phasors when available; otherwise diagnostic fallback
3.69,-0.0017465227555912843,-0.00941007593214016,-0.0017465227555912843,-0.00941007593214016,-0.0017465227555912843,-0.00941007593214016,-1.027649041963273,-0.5182031581350552,-1.0259025192076816,-0.5087930822029151,0.0,0.0,Vmag_get_voltage_magnitude_series__angle_get_voltage_angle_series,true,Unknown,Ybus EMT reconstruction using exact complex bus-voltage phasors when available; otherwise diagnostic fallback
3.7,-0.0017477578210844946,-0.009412352331367058,-0.0017477578210844946,-0.009412352331367058,-0.0017477578210844946,-0.009412352331367058,-1.027650277028766,-0.5182054345342821,-1.0259025192076816,-0.5087930822029151,0.0,0.0,Vmag_get_voltage_magnitude_series__angle_get_voltage_angle_series,true,Unknown,Ybus EMT reconstruction using exact complex bus-voltage phasors when available; otherwise diagnostic fallback
3.71,-0.0017490005374540818,-0.009414632957039926,-0.0017490005374540818,-0.009414632957039926,-0.0017490005374540818,-0.009414632957039926,-1.0276515197451357,-0.518207715159955,-1.0259025192076816,-0.5087930822029151,0.0,0.0,Vmag_get_voltage_magnitude_series__angle_get_voltage_angle_series,true,Unknown,Ybus EMT reconstruction using exact complex bus-voltage phasors when available; otherwise diagnostic fallback
3.72,-0.0017502507463069694,-0.009416917744427988,-0.0017502507463069694,-0.009416917744427988,-0.0017502507463069694,-0.009416917744427988,-1.0276527699539886,-0.5182099999473431,-1.0259025192076816,-0.5087930822029151,0.0,0.0,Vmag_get_voltage_magnitude_series__angle_get_voltage_angle_series,true,Unknown,Ybus EMT reconstruction using exact complex bus-voltage phasors when available; otherwise diagnostic fallback
3.73,-0.0017515082917891611,-0.009419206634082133,-0.0017515082917891611,-0.009419206634082133,-0.0017515082917891611,-0.009419206634082133,-1.0276540274994708,-0.5182122888369972,-1.0259025192076816,-0.5087930822029151,0.0,0.0,Vmag_get_voltage_magnitude_series__angle_get_voltage_angle_series,true,Unknown,Ybus EMT reconstruction using exact complex bus-voltage phasors when available; otherwise diagnostic fallback
3.74,-0.0017527730205799674,-0.009421499571409364,-0.0017527730205799674,-0.009421499571409364,-0.0017527730205799674,-0.009421499571409364,-1.0276552922282616,-0.5182145817743244,-1.0259025192076816,-0.5087930822029151,0.0,0.0,Vmag_get_voltage_magnitude_series__angle_get_voltage_angle_series,true,Unknown,Ybus EMT reconstruction using exact complex bus-voltage phasors when available; otherwise diagnostic fallback
3.75,-0.0017540447818049643,-0.00942379650619174,-0.0017540447818049643,-0.00942379650619174,-0.0017540447818049643,-0.00942379650619174,-1.0276565639894866,-0.5182168787091068,-1.0259025192076816,-0.5087930822029151,0.0,0.0,Vmag_get_voltage_magnitude_series__angle_get_voltage_angle_series,true,Unknown,Ybus EMT reconstruction using exact complex bus-voltage phasors when available; otherwise diagnostic fallback
3.76,-0.0017553234272009721,-0.009426097392271404,-0.0017553234272009721,-0.009426097392271404,-0.0017553234272009721,-0.009426097392271404,-1.0276578426348826,-0.5182191795951865,-1.0259025192076816,-0.5087930822029151,0.0,0.0,Vmag_get_voltage_magnitude_series__angle_get_voltage_angle_series,true,Unknown,Ybus EMT reconstruction using exact complex bus-voltage phasors when available; otherwise diagnostic fallback
3.77,-0.0017566088112492828,-0.009428402186296259,-0.0017566088112492828,-0.009428402186296259,-0.0017566088112492828,-0.009428402186296259,-1.027659128018931,-0.5182214843892113,-1.0259025192076816,-0.5087930822029151,0.0,0.0,Vmag_get_voltage_magnitude_series__angle_get_voltage_angle_series,true,Unknown,Ybus EMT reconstruction using exact complex bus-voltage phasors when available; otherwise diagnostic fallback
3.78,-0.0017579007907764232,-0.009430710847618928,-0.0017579007907764232,-0.009430710847618928,-0.0017579007907764232,-0.009430710847618928,-1.027660419998458,-0.518223793050534,-1.0259025192076816,-0.5087930822029151,0.0,0.0,Vmag_get_voltage_magnitude_series__angle_get_voltage_angle_series,true,Unknown,Ybus EMT reconstruction using exact complex bus-voltage phasors when available; otherwise diagnostic fallback
3.79,-0.0017591992251602129,-0.00943302333764684,-0.0017591992251602129,-0.00943302333764684,-0.0017591992251602129,-0.00943302333764684,-1.0276617184328418,-0.5182261055405619,-1.0259025192076816,-0.5087930822029151,0.0,0.0,Vmag_get_voltage_magnitude_series__angle_get_voltage_angle_series,true,Unknown,Ybus EMT reconstruction using exact complex bus-voltage phasors when available; otherwise diagnostic fallback
3.8,-0.0017605039762027541,-0.009435339619118466,-0.0017605039762027541,-0.009435339619118466,-0.0017605039762027541,-0.009435339619118466,-1.0276630231838844,-0.5182284218220335,-1.0259025192076816,-0.5087930822029151,0.0,0.0,Vmag_get_voltage_magnitude_series__angle_get_voltage_angle_series,true,Unknown,Ybus EMT reconstruction using exact complex bus-voltage phasors when available; otherwise diagnostic fallback
3.81,-0.0017618149081075618,-0.009437659655508246,-0.0017618149081075618,-0.009437659655508246,-0.0017618149081075618,-0.009437659655508246,-1.0276643341157892,-0.5182307418584233,-1.0259025192076816,-0.5087930822029151,0.0,0.0,Vmag_get_voltage_magnitude_series__angle_get_voltage_angle_series,true,Unknown,Ybus EMT reconstruction using exact complex bus-voltage phasors when available; otherwise diagnostic fallback
3.82,-0.00176313188720445,-0.009439983410589048,-0.00176313188720445,-0.009439983410589048,-0.00176313188720445,-0.009439983410589048,-1.027665651094886,-0.5182330656135041,-1.0259025192076816,-0.5087930822029151,0.0,0.0,Vmag_get_voltage_magnitude_series__angle_get_voltage_angle_series,true,Unknown,Ybus EMT reconstruction using exact complex bus-voltage phasors when available; otherwise diagnostic fallback
3.83,-0.001764454782170466,-0.00944231084781788,-0.001764454782170466,-0.00944231084781788,-0.001764454782170466,-0.00944231084781788,-1.027666973989852,-0.518235393050733,-1.0259025192076816,-0.5087930822029151,0.0,0.0,Vmag_get_voltage_magnitude_series__angle_get_voltage_angle_series,true,Unknown,Ybus EMT reconstruction using exact complex bus-voltage phasors when available; otherwise diagnostic fallback
3.84,-0.0017657834634952074,-0.0094446419296631,-0.0017657834634952074,-0.0094446419296631,-0.0017657834634952074,-0.0094446419296631,-1.0276683026711768,-0.5182377241325782,-1.0259025192076816,-0.5087930822029151,0.0,0.0,Vmag_get_voltage_magnitude_series__angle_get_voltage_angle_series,true,Unknown,Ybus EMT reconstruction using exact complex bus-voltage phasors when available; otherwise diagnostic fallback
3.85,-0.0017671178037079738,-0.009446976617436875,-0.0017671178037079738,-0.009446976617436875,-0.0017671178037079738,-0.009446976617436875,-1.0276696370113896,-0.518240058820352,-1.0259025192076816,-0.5087930822029151,0.0,0.0,Vmag_get_voltage_magnitude_series__angle_get_voltage_angle_series,true,Unknown,Ybus EMT reconstruction using exact complex bus-voltage phasors when available; otherwise diagnostic fallback
3.86,-0.0017684576772045713,-0.009449314870391357,-0.0017684576772045713,-0.009449314870391357,-0.0017684576772045713,-0.009449314870391357,-1.0276709768848862,-0.5182423970733064,-1.0259025192076816,-0.5087930822029151,0.0,0.0,Vmag_get_voltage_magnitude_series__angle_get_voltage_angle_series,true,Unknown,Ybus EMT reconstruction using exact complex bus-voltage phasors when available; otherwise diagnostic fallback
3.87,-0.0017698029598851583,-0.009451656645432793,-0.0017698029598851583,-0.009451656645432793,-0.0017698029598851583,-0.009451656645432793,-1.0276723221675668,-0.5182447388483479,-1.0259025192076816,-0.5087930822029151,0.0,0.0,Vmag_get_voltage_magnitude_series__angle_get_voltage_angle_series,true,Unknown,Ybus EMT reconstruction using exact complex bus-voltage phasors when available; otherwise diagnostic fallback
3.88,-0.0017711535290765301,-0.009454001897141406,-0.0017711535290765301,-0.009454001897141406,-0.0017711535290765301,-0.009454001897141406,-1.0276736727367581,-0.5182470841000565,-1.0259025192076816,-0.5087930822029151,0.0,0.0,Vmag_get_voltage_magnitude_series__angle_get_voltage_angle_series,true,Unknown,Ybus EMT reconstruction using exact complex bus-voltage phasors when available; otherwise diagnostic fallback
3.89,-0.0017725092638403162,-0.009456350576598438,-0.0017725092638403162,-0.009456350576598438,-0.0017725092638403162,-0.009456350576598438,-1.027675028471522,-0.5182494327795135,-1.0259025192076816,-0.5087930822029151,0.0,0.0,Vmag_get_voltage_magnitude_series__angle_get_voltage_angle_series,true,Unknown,Ybus EMT reconstruction using exact complex bus-voltage phasors when available; otherwise diagnostic fallback
3.9,-0.0017738700440363964,-0.00945870263159343,-0.0017738700440363964,-0.00945870263159343,-0.0017738700440363964,-0.00945870263159343,-1.027676389251718,-0.5182517848345085,-1.0259025192076816,-0.5087930822029151,0.0,0.0,Vmag_get_voltage_magnitude_series__angle_get_voltage_angle_series,true,Unknown,Ybus EMT reconstruction using exact complex bus-voltage phasors when available; otherwise diagnostic fallback
3.91,-0.0017752357508460381,-0.00946105800628061,-0.0017752357508460381,-0.00946105800628061,-0.0017752357508460381,-0.00946105800628061,-1.0276777549585276,-0.5182541402091957,-1.0259025192076816,-0.5087930822029151,0.0,0.0,Vmag_get_voltage_magnitude_series__angle_get_voltage_angle_series,true,Unknown,Ybus EMT reconstruction using exact complex bus-voltage phasors when available; otherwise diagnostic fallback
3.92,-0.0017766062663513438,-0.009463416640800193,-0.0017766062663513438,-0.009463416640800193,-0.0017766062663513438,-0.009463416640800193,-1.027679125474033,-0.5182564988437153,-1.0259025192076816,-0.5087930822029151,0.0,0.0,Vmag_get_voltage_magnitude_series__angle_get_voltage_angle_series,true,Unknown,Ybus EMT reconstruction using exact complex bus-voltage phasors when available; otherwise diagnostic fallback
3.93,-0.0017779814732910015,-0.009465778471071884,-0.0017779814732910015,-0.009465778471071884,-0.0017779814732910015,-0.009465778471071884,-1.0276805006809726,-0.518258860673987,-1.0259025192076816,-0.5087930822029151,0.0,0.0,Vmag_get_voltage_magnitude_series__angle_get_voltage_angle_series,true,Unknown,Ybus EMT reconstruction using exact complex bus-voltage phasors when available; otherwise diagnostic fallback
3.94,-0.001779361255191958,-0.009468143428734921,-0.001779361255191958,-0.009468143428734921,-0.001779361255191958,-0.009468143428734921,-1.0276818804628736,-0.51826122563165,-1.0259025192076816,-0.5087930822029151,0.0,0.0,Vmag_get_voltage_magnitude_series__angle_get_voltage_angle_series,true,Unknown,Ybus EMT reconstruction using exact complex bus-voltage phasors when available; otherwise diagnostic fallback
3.95,-0.0017807454960963032,-0.009470511440889506,-0.0017807454960963032,-0.009470511440889506,-0.0017807454960963032,-0.009470511440889506,-1.027683264703778,-0.5182635936438046,-1.0259025192076816,-0.5087930822029151,0.0,0.0,Vmag_get_voltage_magnitude_series__angle_get_voltage_angle_series,true,Unknown,Ybus EMT reconstruction using exact complex bus-voltage phasors when available; otherwise diagnostic fallback
3.96,-0.0017821340802968155,-0.009472882430007878,-0.0017821340802968155,-0.009472882430007878,-0.0017821340802968155,-0.009472882430007878,-1.0276846532879784,-0.518265964632923,-1.0259025192076816,-0.5087930822029151,0.0,0.0,Vmag_get_voltage_magnitude_series__angle_get_voltage_angle_series,true,Unknown,Ybus EMT reconstruction using exact complex bus-voltage phasors when available; otherwise diagnostic fallback
3.97,-0.001783526892432219,-0.009475256314068092,-0.001783526892432219,-0.009475256314068092,-0.001783526892432219,-0.009475256314068092,-1.0276860461001138,-0.5182683385169832,-1.0259025192076816,-0.5087930822029151,0.0,0.0,Vmag_get_voltage_magnitude_series__angle_get_voltage_angle_series,true,Unknown,Ybus EMT reconstruction using exact complex bus-voltage phasors when available; otherwise diagnostic fallback
3.98,-0.0017849238173353044,-0.009477633006356512,-0.0017849238173353044,-0.009477633006356512,-0.0017849238173353044,-0.009477633006356512,-1.027687443025017,-0.5182707152092716,-1.0259025192076816,-0.5087930822029151,0.0,0.0,Vmag_get_voltage_magnitude_series__angle_get_voltage_angle_series,true,Unknown,Ybus EMT reconstruction using exact complex bus-voltage phasors when available; otherwise diagnostic fallback
3.99,-0.0017863247397393867,-0.009480012415609806,-0.0017863247397393867,-0.009480012415609806,-0.0017863247397393867,-0.009480012415609806,-1.027688843947421,-0.5182730946185249,-1.0259025192076816,-0.5087930822029151,0.0,0.0,Vmag_get_voltage_magnitude_series__angle_get_voltage_angle_series,true,Unknown,Ybus EMT reconstruction using exact complex bus-voltage phasors when available; otherwise diagnostic fallback
4.0,-0.0017877295445218877,-0.009482394445838205,-0.0017877295445218877,-0.009482394445838205,-0.0017877295445218877,-0.009482394445838205,-1.0276902487522035,-0.5182754766487533,-1.0259025192076816,-0.5087930822029151,0.0,0.0,Vmag_get_voltage_magnitude_series__angle_get_voltage_angle_series,true,Unknown,Ybus EMT reconstruction using exact complex bus-voltage phasors when available; otherwise diagnostic fallback
4.01,-0.0017891381162626896,-0.009484778996789456,-0.0017891381162626896,-0.009484778996789456,-0.0017891381162626896,-0.009484778996789456,-1.0276916573239443,-0.5182778611997045,-1.0259025192076816,-0.5087930822029151,0.0,0.0,Vmag_get_voltage_magnitude_series__angle_get_voltage_angle_series,true,Unknown,Ybus EMT reconstruction using exact complex bus-voltage phasors when available; otherwise diagnostic fallback
4.02,-0.0017905503392636746,-0.00948716596383592,-0.0017905503392636746,-0.00948716596383592,-0.0017905503392636746,-0.00948716596383592,-1.0276930695469453,-0.518280248166751,-1.0259025192076816,-0.5087930822029151,0.0,0.0,Vmag_get_voltage_magnitude_series__angle_get_voltage_angle_series,true,Unknown,Ybus EMT reconstruction using exact complex bus-voltage phasors when available; otherwise diagnostic fallback
4.03,-0.0017919660977452345,-0.009489555238143876,-0.0017919660977452345,-0.009489555238143876,-0.0017919660977452345,-0.009489555238143876,-1.0276944853054268,-0.518282637441059,-1.0259025192076816,-0.5087930822029151,0.0,0.0,Vmag_get_voltage_magnitude_series__angle_get_voltage_angle_series,true,Unknown,Ybus EMT reconstruction using exact complex bus-voltage phasors when available; otherwise diagnostic fallback
4.04,-0.0017933852754523638,-0.009491946706948973,-0.0017933852754523638,-0.009491946706948973,-0.0017933852754523638,-0.009491946706948973,-1.027695904483134,-0.518285028909864,-1.0259025192076816,-0.5087930822029151,0.0,0.0,Vmag_get_voltage_magnitude_series__angle_get_voltage_angle_series,true,Unknown,Ybus EMT reconstruction using exact complex bus-voltage phasors when available; otherwise diagnostic fallback
4.05,-0.0017948077556446673,-0.009494340253660805,-0.0017948077556446673,-0.009494340253660805,-0.0017948077556446673,-0.009494340253660805,-1.0276973269633263,-0.5182874224565759,-1.0259025192076816,-0.5087930822029151,0.0,0.0,Vmag_get_voltage_magnitude_series__angle_get_voltage_angle_series,true,Unknown,Ybus EMT reconstruction using exact complex bus-voltage phasors when available; otherwise diagnostic fallback
4.06,-0.0017962334215262388,-0.00949673575816068,-0.0017962334215262388,-0.00949673575816068,-0.0017962334215262388,-0.00949673575816068,-1.0276987526292078,-0.5182898179610758,-1.0259025192076816,-0.5087930822029151,0.0,0.0,Vmag_get_voltage_magnitude_series__angle_get_voltage_angle_series,true,Unknown,Ybus EMT reconstruction using exact complex bus-voltage phasors when available; otherwise diagnostic fallback
4.07,-0.0017976621550841454,-0.009499133097022883,-0.0017976621550841454,-0.009499133097022883,-0.0017976621550841454,-0.009499133097022883,-1.0277001813627658,-0.518292215299938,-1.0259025192076816,-0.5087930822029151,0.0,0.0,Vmag_get_voltage_magnitude_series__angle_get_voltage_angle_series,true,Unknown,Ybus EMT reconstruction using exact complex bus-voltage phasors when available; otherwise diagnostic fallback
4.08,-0.0017990938387073552,-0.00950153214384486,-0.0017990938387073552,-0.00950153214384486,-0.0017990938387073552,-0.00950153214384486,-1.027701613046389,-0.5182946143467599,-1.0259025192076816,-0.5087930822029151,0.0,0.0,Vmag_get_voltage_magnitude_series__angle_get_voltage_angle_series,true,Unknown,Ybus EMT reconstruction using exact complex bus-voltage phasors when available; otherwise diagnostic fallback
4.09,-0.0018005283538351513,-0.009503932769357903,-0.0018005283538351513,-0.009503932769357903,-0.0018005283538351513,-0.009503932769357903,-1.0277030475615168,-0.518297014972273,-1.0259025192076816,-0.5087930822029151,0.0,0.0,Vmag_get_voltage_magnitude_series__angle_get_voltage_angle_series,true,Unknown,Ybus EMT reconstruction using exact complex bus-voltage phasors when available; otherwise diagnostic fallback
4.1,-0.0018019655813872326,-0.009506334841798858,-0.0018019655813872326,-0.009506334841798858,-0.0018019655813872326,-0.009506334841798858,-1.0277044847890688,-0.5182994170447139,-1.0259025192076816,-0.5087930822029151,0.0,0.0,Vmag_get_voltage_magnitude_series__angle_get_voltage_angle_series,true,Unknown,Ybus EMT reconstruction using exact complex bus-voltage phasors when available; otherwise diagnostic fallback
4.11,-0.0018034054020608092,-0.009508738227382074,-0.0018034054020608092,-0.009508738227382074,-0.0018034054020608092,-0.009508738227382074,-1.0277059246097424,-0.5183018204302972,-1.0259025192076816,-0.5087930822029151,0.0,0.0,Vmag_get_voltage_magnitude_series__angle_get_voltage_angle_series,true,Unknown,Ybus EMT reconstruction using exact complex bus-voltage phasors when available; otherwise diagnostic fallback
4.12,-0.0018048476959449111,-0.00951114279023546,-0.0018048476959449111,-0.00951114279023546,-0.0018048476959449111,-0.00951114279023546,-1.0277073669036265,-0.5183042249931505,-1.0259025192076816,-0.5087930822029151,0.0,0.0,Vmag_get_voltage_magnitude_series__angle_get_voltage_angle_series,true,Unknown,Ybus EMT reconstruction using exact complex bus-voltage phasors when available; otherwise diagnostic fallback
4.13,-0.0018062923427906163,-0.00951354839304508,-0.0018062923427906163,-0.00951354839304508,-0.0018062923427906163,-0.00951354839304508,-1.0277088115504722,-0.5183066305959602,-1.0259025192076816,-0.5087930822029151,0.0,0.0,Vmag_get_voltage_magnitude_series__angle_get_voltage_angle_series,true,Unknown,Ybus EMT reconstruction using exact complex bus-voltage phasors when available; otherwise diagnostic fallback
4.14,-0.0018077392219668642,-0.009515954897074463,-0.0018077392219668642,-0.009515954897074463,-0.0018077392219668642,-0.009515954897074463,-1.0277102584296485,-0.5183090370999895,-1.0259025192076816,-0.5087930822029151,0.0,0.0,Vmag_get_voltage_magnitude_series__angle_get_voltage_angle_series,true,Unknown,Ybus EMT reconstruction using exact complex bus-voltage phasors when available; otherwise diagnostic fallback
4.15,-0.0018091882125015335,-0.009518362162712513,-0.0018091882125015335,-0.009518362162712513,-0.0018091882125015335,-0.009518362162712513,-1.0277117074201831,-0.5183114443656276,-1.0259025192076816,-0.5087930822029151,0.0,0.0,Vmag_get_voltage_magnitude_series__angle_get_voltage_angle_series,true,Unknown,Ybus EMT reconstruction using exact complex bus-voltage phasors when available; otherwise diagnostic fallback
4.16,-0.0018106391931722587,-0.009520770049570637,-0.0018106391931722587,-0.009520770049570637,-0.0018106391931722587,-0.009520770049570637,-1.0277131584008539,-0.5183138522524857,-1.0259025192076816,-0.5087930822029151,0.0,0.0,Vmag_get_voltage_magnitude_series__angle_get_voltage_angle_series,true,Unknown,Ybus EMT reconstruction using exact complex bus-voltage phasors when available; otherwise diagnostic fallback
4.17,-0.0018120920426141218,-0.009523178416825484,-0.0018120920426141218,-0.009523178416825484,-0.0018120920426141218,-0.009523178416825484,-1.0277146112502957,-0.5183162606197406,-1.0259025192076816,-0.5087930822029151,0.0,0.0,Vmag_get_voltage_magnitude_series__angle_get_voltage_angle_series,true,Unknown,Ybus EMT reconstruction using exact complex bus-voltage phasors when available; otherwise diagnostic fallback
4.18,-0.001813546639189756,-0.009525587123633494,-0.001813546639189756,-0.009525587123633494,-0.001813546639189756,-0.009525587123633494,-1.0277160658468714,-0.5183186693265486,-1.0259025192076816,-0.5087930822029151,0.0,0.0,Vmag_get_voltage_magnitude_series__angle_get_voltage_angle_series,true,Unknown,Ybus EMT reconstruction using exact complex bus-voltage phasors when available; otherwise diagnostic fallback
4.19,-0.0018150028612335944,-0.009527996029085606,-0.0018150028612335944,-0.009527996029085606,-0.0018150028612335944,-0.009527996029085606,-1.0277175220689152,-0.5183210782320007,-1.0259025192076816,-0.5087930822029151,0.0,0.0,Vmag_get_voltage_magnitude_series__angle_get_voltage_angle_series,true,Unknown,Ybus EMT reconstruction using exact complex bus-voltage phasors when available; otherwise diagnostic fallback
4.2,-0.0018164605872421635,-0.009530404992808883,-0.0018164605872421635,-0.009530404992808883,-0.0018164605872421635,-0.009530404992808883,-1.0277189797949238,-0.518323487195724,-1.0259025192076816,-0.5087930822029151,0.0,0.0,Vmag_get_voltage_magnitude_series__angle_get_voltage_angle_series,true,Unknown,Ybus EMT reconstruction using exact complex bus-voltage phasors when available; otherwise diagnostic fallback
4.21,-0.0018179196955312449,-0.00953281387498206,-0.0018179196955312449,-0.00953281387498206,-0.0018179196955312449,-0.00953281387498206,-1.0277204389032129,-0.5183258960778971,-1.0259025192076816,-0.5087930822029151,0.0,0.0,Vmag_get_voltage_magnitude_series__angle_get_voltage_angle_series,true,Unknown,Ybus EMT reconstruction using exact complex bus-voltage phasors when available; otherwise diagnostic fallback
4.22,-0.0018193800647010594,-0.009535222536533161,-0.0018193800647010594,-0.009535222536533161,-0.0018193800647010594,-0.009535222536533161,-1.0277218992723827,-0.5183283047394482,-1.0259025192076816,-0.5087930822029151,0.0,0.0,Vmag_get_voltage_magnitude_series__angle_get_voltage_angle_series,true,Unknown,Ybus EMT reconstruction using exact complex bus-voltage phasors when available; otherwise diagnostic fallback
4.23,-0.0018208415736231665,-0.009537630839543176,-0.0018208415736231665,-0.009537630839543176,-0.0018208415736231665,-0.009537630839543176,-1.0277233607813048,-0.5183307130424583,-1.0259025192076816,-0.5087930822029151,0.0,0.0,Vmag_get_voltage_magnitude_series__angle_get_voltage_angle_series,true,Unknown,Ybus EMT reconstruction using exact complex bus-voltage phasors when available; otherwise diagnostic fallback
4.24,-0.0018223041014036045,-0.00954003864734132,-0.0018223041014036045,-0.00954003864734132,-0.0018223041014036045,-0.00954003864734132,-1.0277248233090852,-0.5183331208502564,-1.0259025192076816,-0.5087930822029151,0.0,0.0,Vmag_get_voltage_magnitude_series__angle_get_voltage_angle_series,true,Unknown,Ybus EMT reconstruction using exact complex bus-voltage phasors when available; otherwise diagnostic fallback
4.25,-0.0018237675276064902,-0.00954244582451702,-0.0018237675276064902,-0.00954244582451702,-0.0018237675276064902,-0.00954244582451702,-1.027726286735288,-0.5183355280274321,-1.0259025192076816,-0.5087930822029151,0.0,0.0,Vmag_get_voltage_magnitude_series__angle_get_voltage_angle_series,true,Unknown,Ybus EMT reconstruction using exact complex bus-voltage phasors when available; otherwise diagnostic fallback
4.26,-0.0018252317322999811,-0.009544852237302726,-0.0018252317322999811,-0.009544852237302726,-0.0018252317322999811,-0.009544852237302726,-1.0277277509399816,-0.5183379344402178,-1.0259025192076816,-0.5087930822029151,0.0,0.0,Vmag_get_voltage_magnitude_series__angle_get_voltage_angle_series,true,Unknown,Ybus EMT reconstruction using exact complex bus-voltage phasors when available; otherwise diagnostic fallback
4.27,-0.0018266965959936599,-0.009547257753600213,-0.0018266965959936599,-0.009547257753600213,-0.0018266965959936599,-0.009547257753600213,-1.0277292158036753,-0.5183403399565153,-1.0259025192076816,-0.5087930822029151,0.0,0.0,Vmag_get_voltage_magnitude_series__angle_get_voltage_angle_series,true,Unknown,Ybus EMT reconstruction using exact complex bus-voltage phasors when available; otherwise diagnostic fallback
4.28,-0.001828161999955391,-0.00954966224322007,-0.001828161999955391,-0.00954966224322007,-0.001828161999955391,-0.00954966224322007,-1.027730681207637,-0.5183427444461352,-1.0259025192076816,-0.5087930822029151,0.0,0.0,Vmag_get_voltage_magnitude_series__angle_get_voltage_angle_series,true,Unknown,Ybus EMT reconstruction using exact complex bus-voltage phasors when available; otherwise diagnostic fallback
4.29,-0.0018296278261280552,-0.009552065577704938,-0.0018296278261280552,-0.009552065577704938,-0.0018296278261280552,-0.009552065577704938,-1.0277321470338097,-0.51834514778062,-1.0259025192076816,-0.5087930822029151,0.0,0.0,Vmag_get_voltage_magnitude_series__angle_get_voltage_angle_series,true,Unknown,Ybus EMT reconstruction using exact complex bus-voltage phasors when available; otherwise diagnostic fallback
4.3,-0.0018310939572445672,-0.009554467630630059,-0.0018310939572445672,-0.009554467630630059,-0.0018310939572445672,-0.009554467630630059,-1.0277336131649262,-0.5183475498335451,-1.0259025192076816,-0.5087930822029151,0.0,0.0,Vmag_get_voltage_magnitude_series__angle_get_voltage_angle_series,true,Unknown,Ybus EMT reconstruction using exact complex bus-voltage phasors when available; otherwise diagnostic fallback
4.31,-0.0018325602768800575,-0.009556868277686759,-0.0018325602768800575,-0.009556868277686759,-0.0018325602768800575,-0.009556868277686759,-1.0277350794845617,-0.5183499504806018,-1.0259025192076816,-0.5087930822029151,0.0,0.0,Vmag_get_voltage_magnitude_series__angle_get_voltage_angle_series,true,Unknown,Ybus EMT reconstruction using exact complex bus-voltage phasors when available; otherwise diagnostic fallback
4.32,-0.0018340266695959784,-0.009559267396512805,-0.0018340266695959784,-0.009559267396512805,-0.0018340266695959784,-0.009559267396512805,-1.0277365458772776,-0.5183523495994279,-1.0259025192076816,-0.5087930822029151,0.0,0.0,Vmag_get_voltage_magnitude_series__angle_get_voltage_angle_series,true,Unknown,Ybus EMT reconstruction using exact complex bus-voltage phasors when available; otherwise diagnostic fallback
4.33,-0.0018354930208468456,-0.0095616648670509,-0.0018354930208468456,-0.0095616648670509,-0.0018354930208468456,-0.0095616648670509,-1.0277380122285285,-0.518354747069966,-1.0259025192076816,-0.5087930822029151,0.0,0.0,Vmag_get_voltage_magnitude_series__angle_get_voltage_angle_series,true,Unknown,Ybus EMT reconstruction using exact complex bus-voltage phasors when available; otherwise diagnostic fallback
4.34,-0.00183695921724647,-0.009564060571164212,-0.00183695921724647,-0.009564060571164212,-0.00183695921724647,-0.009564060571164212,-1.027739478424928,-0.5183571427740793,-1.0259025192076816,-0.5087930822029151,0.0,0.0,Vmag_get_voltage_magnitude_series__angle_get_voltage_angle_series,true,Unknown,Ybus EMT reconstruction using exact complex bus-voltage phasors when available; otherwise diagnostic fallback
4.35,-0.0018384251464402812,-0.009566454392911927,-0.0018384251464402812,-0.009566454392911927,-0.0018384251464402812,-0.009566454392911927,-1.0277409443541219,-0.518359536595827,-1.0259025192076816,-0.5087930822029151,0.0,0.0,Vmag_get_voltage_magnitude_series__angle_get_voltage_angle_series,true,Unknown,Ybus EMT reconstruction using exact complex bus-voltage phasors when available; otherwise diagnostic fallback
4.36,-0.0018398906972381113,-0.00956884621847709,-0.0018398906972381113,-0.00956884621847709,-0.0018398906972381113,-0.00956884621847709,-1.0277424099049197,-0.5183619284213922,-1.0259025192076816,-0.5087930822029151,0.0,0.0,Vmag_get_voltage_magnitude_series__angle_get_voltage_angle_series,true,Unknown,Ybus EMT reconstruction using exact complex bus-voltage phasors when available; otherwise diagnostic fallback
4.37,-0.0018413557596754782,-0.009571235936015055,-0.0018413557596754782,-0.009571235936015055,-0.0018413557596754782,-0.009571235936015055,-1.027743874967357,-0.5183643181389301,-1.0259025192076816,-0.5087930822029151,0.0,0.0,Vmag_get_voltage_magnitude_series__angle_get_voltage_angle_series,true,Unknown,Ybus EMT reconstruction using exact complex bus-voltage phasors when available; otherwise diagnostic fallback
4.38,-0.0018428202249820558,-0.00957362343574275,-0.0018428202249820558,-0.00957362343574275,-0.0018428202249820558,-0.00957362343574275,-1.0277453394326637,-0.5183667056386578,-1.0259025192076816,-0.5087930822029151,0.0,0.0,Vmag_get_voltage_magnitude_series__angle_get_voltage_angle_series,true,Unknown,Ybus EMT reconstruction using exact complex bus-voltage phasors when available; otherwise diagnostic fallback
4.39,-0.0018442839856920301,-0.009576008609859965,-0.0018442839856920301,-0.009576008609859965,-0.0018442839856920301,-0.009576008609859965,-1.0277468031933736,-0.518369090812775,-1.0259025192076816,-0.5087930822029151,0.0,0.0,Vmag_get_voltage_magnitude_series__angle_get_voltage_angle_series,true,Unknown,Ybus EMT reconstruction using exact complex bus-voltage phasors when available; otherwise diagnostic fallback
4.4,-0.0018457469356338851,-0.009578391352342397,-0.0018457469356338851,-0.009578391352342397,-0.0018457469356338851,-0.009578391352342397,-1.0277482661433155,-0.5183714735552575,-1.0259025192076816,-0.5087930822029151,0.0,0.0,Vmag_get_voltage_magnitude_series__angle_get_voltage_angle_series,true,Unknown,Ybus EMT reconstruction using exact complex bus-voltage phasors when available; otherwise diagnostic fallback
4.41,-0.001847208969951053,-0.009580771559051682,-0.001847208969951053,-0.009580771559051682,-0.001847208969951053,-0.009580771559051682,-1.0277497281776327,-0.5183738537619668,-1.0259025192076816,-0.5087930822029151,0.0,0.0,Vmag_get_voltage_magnitude_series__angle_get_voltage_angle_series,true,Unknown,Ybus EMT reconstruction using exact complex bus-voltage phasors when available; otherwise diagnostic fallback
4.42,-0.001848669985136553,-0.009583149127510682,-0.001848669985136553,-0.009583149127510682,-0.001848669985136553,-0.009583149127510682,-1.0277511891928182,-0.5183762313304258,-1.0259025192076816,-0.5087930822029151,0.0,0.0,Vmag_get_voltage_magnitude_series__angle_get_voltage_angle_series,true,Unknown,Ybus EMT reconstruction using exact complex bus-voltage phasors when available; otherwise diagnostic fallback
4.43,-0.0018501298790092324,-0.009585523956898934,-0.0018501298790092324,-0.009585523956898934,-0.0018501298790092324,-0.009585523956898934,-1.0277526490866908,-0.518378606159814,-1.0259025192076816,-0.5087930822029151,0.0,0.0,Vmag_get_voltage_magnitude_series__angle_get_voltage_angle_series,true,Unknown,Ybus EMT reconstruction using exact complex bus-voltage phasors when available; otherwise diagnostic fallback
4.44,-0.0018515885507801588,-0.009587895947983371,-0.0018515885507801588,-0.009587895947983371,-0.0018515885507801588,-0.009587895947983371,-1.0277541077584618,-0.5183809781508985,-1.0259025192076816,-0.5087930822029151,0.0,0.0,Vmag_get_voltage_magnitude_series__angle_get_voltage_angle_series,true,Unknown,Ybus EMT reconstruction using exact complex bus-voltage phasors when available; otherwise diagnostic fallback
4.45,-0.0018530459010517308,-0.009590265002799803,-0.0018530459010517308,-0.009590265002799803,-0.0018530459010517308,-0.009590265002799803,-1.0277555651087333,-0.5183833472057149,-1.0259025192076816,-0.5087930822029151,0.0,0.0,Vmag_get_voltage_magnitude_series__angle_get_voltage_angle_series,true,Unknown,Ybus EMT reconstruction using exact complex bus-voltage phasors when available; otherwise diagnostic fallback
4.46,-0.0018545018317428497,-0.0095926310248301,-0.0018545018317428497,-0.0095926310248301,-0.0018545018317428497,-0.0095926310248301,-1.0277570210394245,-0.5183857132277452,-1.0259025192076816,-0.5087930822029151,0.0,0.0,Vmag_get_voltage_magnitude_series__angle_get_voltage_angle_series,true,Unknown,Ybus EMT reconstruction using exact complex bus-voltage phasors when available; otherwise diagnostic fallback
4.47,-0.001855956246158641,-0.009594993918731753,-0.001855956246158641,-0.009594993918731753,-0.001855956246158641,-0.009594993918731753,-1.0277584754538402,-0.5183880761216468,-1.0259025192076816,-0.5087930822029151,0.0,0.0,Vmag_get_voltage_magnitude_series__angle_get_voltage_angle_series,true,Unknown,Ybus EMT reconstruction using exact complex bus-voltage phasors when available; otherwise diagnostic fallback
4.48,-0.0018574090489620332,-0.009597353590206859,-0.0018574090489620332,-0.009597353590206859,-0.0018574090489620332,-0.009597353590206859,-1.0277599282566436,-0.5183904357931219,-1.0259025192076816,-0.5087930822029151,0.0,0.0,Vmag_get_voltage_magnitude_series__angle_get_voltage_angle_series,true,Unknown,Ybus EMT reconstruction using exact complex bus-voltage phasors when available; otherwise diagnostic fallback
4.49,-0.0018588601461031473,-0.009599709946078394,-0.0018588601461031473,-0.009599709946078394,-0.0018588601461031473,-0.009599709946078394,-1.0277613793537848,-0.5183927921489935,-1.0259025192076816,-0.5087930822029151,0.0,0.0,Vmag_get_voltage_magnitude_series__angle_get_voltage_angle_series,true,Unknown,Ybus EMT reconstruction using exact complex bus-voltage phasors when available; otherwise diagnostic fallback
4.5,-0.001860309444958519,-0.00960206289406318,-0.001860309444958519,-0.00960206289406318,-0.001860309444958519,-0.00960206289406318,-1.0277628286526401,-0.5183951450969783,-1.0259025192076816,-0.5087930822029151,0.0,0.0,Vmag_get_voltage_magnitude_series__angle_get_voltage_angle_series,true,Unknown,Ybus EMT reconstruction using exact complex bus-voltage phasors when available; otherwise diagnostic fallback
4.51,-0.0018617568541299256,-0.009604412342381852,-0.0018617568541299256,-0.009604412342381852,-0.0018617568541299256,-0.009604412342381852,-1.0277642760618115,-0.5183974945452969,-1.0259025192076816,-0.5087930822029151,0.0,0.0,Vmag_get_voltage_magnitude_series__angle_get_voltage_angle_series,true,Unknown,Ybus EMT reconstruction using exact complex bus-voltage phasors when available; otherwise diagnostic fallback
4.52,-0.0018632022834346174,-0.009606758200456866,-0.0018632022834346174,-0.009606758200456866,-0.0018632022834346174,-0.009606758200456866,-1.0277657214911162,-0.518399840403372,-1.0259025192076816,-0.5087930822029151,0.0,0.0,Vmag_get_voltage_magnitude_series__angle_get_voltage_angle_series,true,Unknown,Ybus EMT reconstruction using exact complex bus-voltage phasors when available; otherwise diagnostic fallback
4.53,-0.0018646456441857584,-0.009609100377873436,-0.0018646456441857584,-0.009609100377873436,-0.0018646456441857584,-0.009609100377873436,-1.0277671648518674,-0.5184021825807885,-1.0259025192076816,-0.5087930822029151,0.0,0.0,Vmag_get_voltage_magnitude_series__angle_get_voltage_angle_series,true,Unknown,Ybus EMT reconstruction using exact complex bus-voltage phasors when available; otherwise diagnostic fallback
4.54,-0.0018660868486508608,-0.009611438784900117,-0.0018660868486508608,-0.009611438784900117,-0.0018660868486508608,-0.009611438784900117,-1.0277686060563325,-0.5184045209878152,-1.0259025192076816,-0.5087930822029151,0.0,0.0,Vmag_get_voltage_magnitude_series__angle_get_voltage_angle_series,true,Unknown,Ybus EMT reconstruction using exact complex bus-voltage phasors when available; otherwise diagnostic fallback
4.55,-0.0018675258104450254,-0.009613773332225906,-0.0018675258104450254,-0.009613773332225906,-0.0018675258104450254,-0.009613773332225906,-1.0277700450181266,-0.518406855535141,-1.0259025192076816,-0.5087930822029151,0.0,0.0,Vmag_get_voltage_magnitude_series__angle_get_voltage_angle_series,true,Unknown,Ybus EMT reconstruction using exact complex bus-voltage phasors when available; otherwise diagnostic fallback
4.56,-0.0018689624443126718,-0.00961610393091794,-0.0018689624443126718,-0.00961610393091794,-0.0018689624443126718,-0.00961610393091794,-1.0277714816519943,-0.518409186133833,-1.0259025192076816,-0.5087930822029151,0.0,0.0,Vmag_get_voltage_magnitude_series__angle_get_voltage_angle_series,true,Unknown,Ybus EMT reconstruction using exact complex bus-voltage phasors when available; otherwise diagnostic fallback
4.57,-0.001870396666190599,-0.00961843049215605,-0.001870396666190599,-0.00961843049215605,-0.001870396666190599,-0.00961843049215605,-1.0277729158738722,-0.5184115126950711,-1.0259025192076816,-0.5087930822029151,0.0,0.0,Vmag_get_voltage_magnitude_series__angle_get_voltage_angle_series,true,Unknown,Ybus EMT reconstruction using exact complex bus-voltage phasors when available; otherwise diagnostic fallback
4.58,-0.001871828393024355,-0.009620752927622878,-0.001871828393024355,-0.009620752927622878,-0.001871828393024355,-0.009620752927622878,-1.027774347600706,-0.518413835130538,-1.0259025192076816,-0.5087930822029151,0.0,0.0,Vmag_get_voltage_magnitude_series__angle_get_voltage_angle_series,true,Unknown,Ybus EMT reconstruction using exact complex bus-voltage phasors when available; otherwise diagnostic fallback
4.59,-0.0018732575429136755,-0.009623071148859852,-0.0018732575429136755,-0.009623071148859852,-0.0018732575429136755,-0.009623071148859852,-1.0277757767505953,-0.5184161533517749,-1.0259025192076816,-0.5087930822029151,0.0,0.0,Vmag_get_voltage_magnitude_series__angle_get_voltage_angle_series,true,Unknown,Ybus EMT reconstruction using exact complex bus-voltage phasors when available; otherwise diagnostic fallback
4.6,-0.0018746840349725957,-0.009625385067724368,-0.0018746840349725957,-0.009625385067724368,-0.0018746840349725957,-0.009625385067724368,-1.0277772032426542,-0.5184184672706394,-1.0259025192076816,-0.5087930822029151,0.0,0.0,Vmag_get_voltage_magnitude_series__angle_get_voltage_angle_series,true,Unknown,Ybus EMT reconstruction using exact complex bus-voltage phasors when available; otherwise diagnostic fallback
4.61,-0.001876107789319903,-0.00962769459602264,-0.001876107789319903,-0.00962769459602264,-0.001876107789319903,-0.00962769459602264,-1.0277786269970015,-0.5184207767989377,-1.0259025192076816,-0.5087930822029151,0.0,0.0,Vmag_get_voltage_magnitude_series__angle_get_voltage_angle_series,true,Unknown,Ybus EMT reconstruction using exact complex bus-voltage phasors when available; otherwise diagnostic fallback
4.62,-0.0018775287270387242,-0.009629999645678788,-0.0018775287270387242,-0.009629999645678788,-0.0018775287270387242,-0.009629999645678788,-1.0277800479347203,-0.5184230818485939,-1.0259025192076816,-0.5087930822029151,0.0,0.0,Vmag_get_voltage_magnitude_series__angle_get_voltage_angle_series,true,Unknown,Ybus EMT reconstruction using exact complex bus-voltage phasors when available; otherwise diagnostic fallback
4.63,-0.0018789467701991747,-0.009632300128541993,-0.0018789467701991747,-0.009632300128541993,-0.0018789467701991747,-0.009632300128541993,-1.0277814659778808,-0.5184253823314571,-1.0259025192076816,-0.5087930822029151,0.0,0.0,Vmag_get_voltage_magnitude_series__angle_get_voltage_angle_series,true,Unknown,Ybus EMT reconstruction using exact complex bus-voltage phasors when available; otherwise diagnostic fallback
4.64,-0.0018803618417435608,-0.009634595956439895,-0.0018803618417435608,-0.009634595956439895,-0.0018803618417435608,-0.009634595956439895,-1.0277828810494252,-0.518427678159355,-1.0259025192076816,-0.5087930822029151,0.0,0.0,Vmag_get_voltage_magnitude_series__angle_get_voltage_angle_series,true,Unknown,Ybus EMT reconstruction using exact complex bus-voltage phasors when available; otherwise diagnostic fallback
4.65,-0.0018817738654970384,-0.009636887041341913,-0.0018817738654970384,-0.009636887041341913,-0.0018817738654970384,-0.009636887041341913,-1.0277842930731786,-0.518429969244257,-1.0259025192076816,-0.5087930822029151,0.0,0.0,Vmag_get_voltage_magnitude_series__angle_get_voltage_angle_series,true,Unknown,Ybus EMT reconstruction using exact complex bus-voltage phasors when available; otherwise diagnostic fallback
4.66,-0.0018831827661935918,-0.009639173294963,-0.0018831827661935918,-0.009639173294963,-0.0018831827661935918,-0.009639173294963,-1.0277857019738752,-0.5184322554978781,-1.0259025192076816,-0.5087930822029151,0.0,0.0,Vmag_get_voltage_magnitude_series__angle_get_voltage_angle_series,true,Unknown,Ybus EMT reconstruction using exact complex bus-voltage phasors when available; otherwise diagnostic fallback
4.67,-0.0018845884693292625,-0.009641454629163992,-0.0018845884693292625,-0.009641454629163992,-0.0018845884693292625,-0.009641454629163992,-1.0277871076770109,-0.5184345368320791,-1.0259025192076816,-0.5087930822029151,0.0,0.0,Vmag_get_voltage_magnitude_series__angle_get_voltage_angle_series,true,Unknown,Ybus EMT reconstruction using exact complex bus-voltage phasors when available; otherwise diagnostic fallback
4.68,-0.001885990901246526,-0.009643730955783192,-0.001885990901246526,-0.009643730955783192,-0.001885990901246526,-0.009643730955783192,-1.0277885101089281,-0.5184368131586983,-1.0259025192076816,-0.5087930822029151,0.0,0.0,Vmag_get_voltage_magnitude_series__angle_get_voltage_angle_series,true,Unknown,Ybus EMT reconstruction using exact complex bus-voltage phasors when available; otherwise diagnostic fallback
4.69,-0.0018873899890561319,-0.009646002186566638,-0.0018873899890561319,-0.009646002186566638,-0.0018873899890561319,-0.009646002186566638,-1.0277899091967377,-0.5184390843894817,-1.0259025192076816,-0.5087930822029151,0.0,0.0,Vmag_get_voltage_magnitude_series__angle_get_voltage_angle_series,true,Unknown,Ybus EMT reconstruction using exact complex bus-voltage phasors when available; otherwise diagnostic fallback
4.7,-0.0018887856606364384,-0.009648268233326984,-0.0018887856606364384,-0.009648268233326984,-0.0018887856606364384,-0.009648268233326984,-1.027791304868318,-0.5184413504362421,-1.0259025192076816,-0.5087930822029151,0.0,0.0,Vmag_get_voltage_magnitude_series__angle_get_voltage_angle_series,true,Unknown,Ybus EMT reconstruction using exact complex bus-voltage phasors when available; otherwise diagnostic fallback
4.71,-0.0018901778446078765,-0.00965052900806207,-0.0018901778446078765,-0.00965052900806207,-0.0018901778446078765,-0.00965052900806207,-1.0277926970522895,-0.5184436112109772,-1.0259025192076816,-0.5087930822029151,0.0,0.0,Vmag_get_voltage_magnitude_series__angle_get_voltage_angle_series,true,Unknown,Ybus EMT reconstruction using exact complex bus-voltage phasors when available; otherwise diagnostic fallback
4.72,-0.0018915664703087476,-0.00965278442276074,-0.0018915664703087476,-0.00965278442276074,-0.0018915664703087476,-0.00965278442276074,-1.0277940856779904,-0.5184458666256758,-1.0259025192076816,-0.5087930822029151,0.0,0.0,Vmag_get_voltage_magnitude_series__angle_get_voltage_angle_series,true,Unknown,Ybus EMT reconstruction using exact complex bus-voltage phasors when available; otherwise diagnostic fallback
4.73,-0.0018929514678069914,-0.009655034389483008,-0.0018929514678069914,-0.009655034389483008,-0.0018929514678069914,-0.009655034389483008,-1.0277954706754886,-0.5184481165923981,-1.0259025192076816,-0.5087930822029151,0.0,0.0,Vmag_get_voltage_magnitude_series__angle_get_voltage_angle_series,true,Unknown,Ybus EMT reconstruction using exact complex bus-voltage phasors when available; otherwise diagnostic fallback
4.74,-0.0018943327678293542,-0.009657278820654591,-0.0018943327678293542,-0.009657278820654591,-0.0018943327678293542,-0.009657278820654591,-1.027796851975511,-0.5184503610235697,-1.0259025192076816,-0.5087930822029151,0.0,0.0,Vmag_get_voltage_magnitude_series__angle_get_voltage_angle_series,true,Unknown,Ybus EMT reconstruction using exact complex bus-voltage phasors when available; otherwise diagnostic fallback
4.75,-0.0018957103018448773,-0.009659517628791914,-0.0018957103018448773,-0.009659517628791914,-0.0018957103018448773,-0.009659517628791914,-1.0277982295095265,-0.518452599831707,-1.0259025192076816,-0.5087930822029151,0.0,0.0,Vmag_get_voltage_magnitude_series__angle_get_voltage_angle_series,true,Unknown,Ybus EMT reconstruction using exact complex bus-voltage phasors when available; otherwise diagnostic fallback
4.76,-0.0018970840019567614,-0.009661750726707496,-0.0018970840019567614,-0.009661750726707496,-0.0018970840019567614,-0.009661750726707496,-1.0277996032096384,-0.5184548329296226,-1.0259025192076816,-0.5087930822029151,0.0,0.0,Vmag_get_voltage_magnitude_series__angle_get_voltage_angle_series,true,Unknown,Ybus EMT reconstruction using exact complex bus-voltage phasors when available; otherwise diagnostic fallback
4.77,-0.0018984538009574337,-0.009663978027588671,-0.0018984538009574337,-0.009663978027588671,-0.0018984538009574337,-0.009663978027588671,-1.027800973008639,-0.5184570602305038,-1.0259025192076816,-0.5087930822029151,0.0,0.0,Vmag_get_voltage_magnitude_series__angle_get_voltage_angle_series,true,Unknown,Ybus EMT reconstruction using exact complex bus-voltage phasors when available; otherwise diagnostic fallback
4.78,-0.001899819632305677,-0.009666199444940737,-0.001899819632305677,-0.009666199444940737,-0.001899819632305677,-0.009666199444940737,-1.0278023388399873,-0.5184592816478558,-1.0259025192076816,-0.5087930822029151,0.0,0.0,Vmag_get_voltage_magnitude_series__angle_get_voltage_angle_series,true,Unknown,Ybus EMT reconstruction using exact complex bus-voltage phasors when available; otherwise diagnostic fallback
4.79,-0.0019011814301617136,-0.009668414892811783,-0.0019011814301617136,-0.009668414892811783,-0.0019011814301617136,-0.009668414892811783,-1.0278037006378433,-0.5184614970957269,-1.0259025192076816,-0.5087930822029151,0.0,0.0,Vmag_get_voltage_magnitude_series__angle_get_voltage_angle_series,true,Unknown,Ybus EMT reconstruction using exact complex bus-voltage phasors when available; otherwise diagnostic fallback
4.8,-0.001902539129306824,-0.009670624285624707,-0.001902539129306824,-0.009670624285624707,-0.001902539129306824,-0.009670624285624707,-1.0278050583369884,-0.5184637064885398,-1.0259025192076816,-0.5087930822029151,0.0,0.0,Vmag_get_voltage_magnitude_series__angle_get_voltage_angle_series,true,Unknown,Ybus EMT reconstruction using exact complex bus-voltage phasors when available; otherwise diagnostic fallback
4.81,-0.0019038926651890886,-0.009672827538462325,-0.0019038926651890886,-0.009672827538462325,-0.0019038926651890886,-0.009672827538462325,-1.0278064118728707,-0.5184659097413774,-1.0259025192076816,-0.5087930822029151,0.0,0.0,Vmag_get_voltage_magnitude_series__angle_get_voltage_angle_series,true,Unknown,Ybus EMT reconstruction using exact complex bus-voltage phasors when available; otherwise diagnostic fallback
4.82,-0.0019052419739900017,-0.009675024567008417,-0.0019052419739900017,-0.009675024567008417,-0.0019052419739900017,-0.009675024567008417,-1.0278077611816716,-0.5184681067699235,-1.0259025192076816,-0.5087930822029151,0.0,0.0,Vmag_get_voltage_magnitude_series__angle_get_voltage_angle_series,true,Unknown,Ybus EMT reconstruction using exact complex bus-voltage phasors when available; otherwise diagnostic fallback
4.83,-0.0019065869924899115,-0.009677215287538732,-0.0019065869924899115,-0.009677215287538732,-0.0019065869924899115,-0.009677215287538732,-1.0278091062001715,-0.5184702974904538,-1.0259025192076816,-0.5087930822029151,0.0,0.0,Vmag_get_voltage_magnitude_series__angle_get_voltage_angle_series,true,Unknown,Ybus EMT reconstruction using exact complex bus-voltage phasors when available; otherwise diagnostic fallback
4.84,-0.0019079276582134597,-0.00967939961715858,-0.0019079276582134597,-0.00967939961715858,-0.0019079276582134597,-0.00967939961715858,-1.027810446865895,-0.5184724818200737,-1.0259025192076816,-0.5087930822029151,0.0,0.0,Vmag_get_voltage_magnitude_series__angle_get_voltage_angle_series,true,Unknown,Ybus EMT reconstruction using exact complex bus-voltage phasors when available; otherwise diagnostic fallback
4.85,-0.0019092639093396535,-0.009681577473664604,-0.0019092639093396535,-0.009681577473664604,-0.0019092639093396535,-0.009681577473664604,-1.0278117831170213,-0.5184746596765797,-1.0259025192076816,-0.5087930822029151,0.0,0.0,Vmag_get_voltage_magnitude_series__angle_get_voltage_angle_series,true,Unknown,Ybus EMT reconstruction using exact complex bus-voltage phasors when available; otherwise diagnostic fallback
4.86,-0.0019105956847751404,-0.009683748775748624,-0.0019105956847751404,-0.009683748775748624,-0.0019105956847751404,-0.009683748775748624,-1.0278131148924567,-0.5184768309786637,-1.0259025192076816,-0.5087930822029151,0.0,0.0,Vmag_get_voltage_magnitude_series__angle_get_voltage_angle_series,true,Unknown,Ybus EMT reconstruction using exact complex bus-voltage phasors when available; otherwise diagnostic fallback
4.87,-0.0019119229240940339,-0.009685913442953331,-0.0019119229240940339,-0.009685913442953331,-0.0019119229240940339,-0.009685913442953331,-1.0278144421317756,-0.5184789956458684,-1.0259025192076816,-0.5087930822029151,0.0,0.0,Vmag_get_voltage_magnitude_series__angle_get_voltage_angle_series,true,Unknown,Ybus EMT reconstruction using exact complex bus-voltage phasors when available; otherwise diagnostic fallback
4.88,-0.0019132455676618143,-0.009688071395769104,-0.0019132455676618143,-0.009688071395769104,-0.0019132455676618143,-0.009688071395769104,-1.0278157647753434,-0.5184811535986842,-1.0259025192076816,-0.5087930822029151,0.0,0.0,Vmag_get_voltage_magnitude_series__angle_get_voltage_angle_series,true,Unknown,Ybus EMT reconstruction using exact complex bus-voltage phasors when available; otherwise diagnostic fallback
4.89,-0.0019145635564830066,-0.009690222555673422,-0.0019145635564830066,-0.009690222555673422,-0.0019145635564830066,-0.009690222555673422,-1.0278170827641646,-0.5184833047585885,-1.0259025192076816,-0.5087930822029151,0.0,0.0,Vmag_get_voltage_magnitude_series__angle_get_voltage_angle_series,true,Unknown,Ybus EMT reconstruction using exact complex bus-voltage phasors when available; otherwise diagnostic fallback
4.9,-0.0019158768323992437,-0.009692366845103773,-0.0019158768323992437,-0.009692366845103773,-0.0019158768323992437,-0.009692366845103773,-1.0278183960400809,-0.5184854490480189,-1.0259025192076816,-0.5087930822029151,0.0,0.0,Vmag_get_voltage_magnitude_series__angle_get_voltage_angle_series,true,Unknown,Ybus EMT reconstruction using exact complex bus-voltage phasors when available; otherwise diagnostic fallback
4.91,-0.001917185337920957,-0.009694504187572228,-0.001917185337920957,-0.009694504187572228,-0.001917185337920957,-0.009694504187572228,-1.0278197045456026,-0.5184875863904873,-1.0259025192076816,-0.5087930822029151,0.0,0.0,Vmag_get_voltage_magnitude_series__angle_get_voltage_angle_series,true,Unknown,Ybus EMT reconstruction using exact complex bus-voltage phasors when available; otherwise diagnostic fallback
4.92,-0.0019184890163908008,-0.009696634507751933,-0.0019184890163908008,-0.009696634507751933,-0.0019184890163908008,-0.009696634507751933,-1.0278210082240724,-0.518489716710667,-1.0259025192076816,-0.5087930822029151,0.0,0.0,Vmag_get_voltage_magnitude_series__angle_get_voltage_angle_series,true,Unknown,Ybus EMT reconstruction using exact complex bus-voltage phasors when available; otherwise diagnostic fallback
4.93,-0.0019197878118943912,-0.00969875773129214,-0.0019197878118943912,-0.00969875773129214,-0.0019197878118943912,-0.00969875773129214,-1.027822307019576,-0.5184918399342072,-1.0259025192076816,-0.5087930822029151,0.0,0.0,Vmag_get_voltage_magnitude_series__angle_get_voltage_angle_series,true,Unknown,Ybus EMT reconstruction using exact complex bus-voltage phasors when available; otherwise diagnostic fallback
4.94,-0.0019210816693158161,-0.009700873785178366,-0.0019210816693158161,-0.009700873785178366,-0.0019210816693158161,-0.009700873785178366,-1.0278236008769974,-0.5184939559880934,-1.0259025192076816,-0.5087930822029151,0.0,0.0,Vmag_get_voltage_magnitude_series__angle_get_voltage_angle_series,true,Unknown,Ybus EMT reconstruction using exact complex bus-voltage phasors when available; otherwise diagnostic fallback
4.95,-0.00192237053436628,-0.009702982597447063,-0.00192237053436628,-0.009702982597447063,-0.00192237053436628,-0.009702982597447063,-1.0278248897420479,-0.5184960648003621,-1.0259025192076816,-0.5087930822029151,0.0,0.0,Vmag_get_voltage_magnitude_series__angle_get_voltage_angle_series,true,Unknown,Ybus EMT reconstruction using exact complex bus-voltage phasors when available; otherwise diagnostic fallback
4.96,-0.0019236543535443573,-0.009705084097284988,-0.0019236543535443573,-0.009705084097284988,-0.0019236543535443573,-0.009705084097284988,-1.027826173561226,-0.5184981663002001,-1.0259025192076816,-0.5087930822029151,0.0,0.0,Vmag_get_voltage_magnitude_series__angle_get_voltage_angle_series,true,Unknown,Ybus EMT reconstruction using exact complex bus-voltage phasors when available; otherwise diagnostic fallback
4.97,-0.001924933074177293,-0.009707178215156431,-0.001924933074177293,-0.009707178215156431,-0.001924933074177293,-0.009707178215156431,-1.027827452281859,-0.5185002604180715,-1.0259025192076816,-0.5087930822029151,0.0,0.0,Vmag_get_voltage_magnitude_series__angle_get_voltage_angle_series,true,Unknown,Ybus EMT reconstruction using exact complex bus-voltage phasors when available; otherwise diagnostic fallback
4.98,-0.0019262066444354353,-0.00970926488280166,-0.0019262066444354353,-0.00970926488280166,-0.0019262066444354353,-0.00970926488280166,-1.027828725852117,-0.5185023470857167,-1.0259025192076816,-0.5087930822029151,0.0,0.0,Vmag_get_voltage_magnitude_series__angle_get_voltage_angle_series,true,Unknown,Ybus EMT reconstruction using exact complex bus-voltage phasors when available; otherwise diagnostic fallback
4.99,-0.001927475013356883,-0.009711344033130676,-0.001927475013356883,-0.009711344033130676,-0.001927475013356883,-0.009711344033130676,-1.0278299942210385,-0.5185044262360458,-1.0259025192076816,-0.5087930822029151,0.0,0.0,Vmag_get_voltage_magnitude_series__angle_get_voltage_angle_series,true,Unknown,Ybus EMT reconstruction using exact complex bus-voltage phasors when available; otherwise diagnostic fallback
5.0,-0.0019287381308050744,-0.00971341560013772,-0.0019287381308050744,-0.00971341560013772,-0.0019287381308050744,-0.00971341560013772,-1.0278312573384867,-0.5185064978030528,-1.0259025192076816,-0.5087930822029151,0.0,0.0,Vmag_get_voltage_magnitude_series__angle_get_voltage_angle_series,true,Unknown,Ybus EMT reconstruction using exact complex bus-voltage phasors when available; otherwise diagnostic fallback
5.01,-0.0019299959475309603,-0.009715479519325387,-0.0019299959475309603,-0.009715479519325387,-0.0019299959475309603,-0.009715479519325387,-1.0278325151552126,-0.5185085617222405,-1.0259025192076816,-0.5087930822029151,0.0,0.0,Vmag_get_voltage_magnitude_series__angle_get_voltage_angle_series,true,Unknown,Ybus EMT reconstruction using exact complex bus-voltage phasors when available; otherwise diagnostic fallback
5.02,-0.001931248415139697,-0.009717535727281845,-0.001931248415139697,-0.009717535727281845,-0.001931248415139697,-0.009717535727281845,-1.0278337676228213,-0.5185106179301969,-1.0259025192076816,-0.5087930822029151,0.0,0.0,Vmag_get_voltage_magnitude_series__angle_get_voltage_angle_series,true,Unknown,Ybus EMT reconstruction using exact complex bus-voltage phasors when available; otherwise diagnostic fallback
5.03,-0.001932495486149044,-0.00971958416181351,-0.001932495486149044,-0.00971958416181351,-0.001932495486149044,-0.00971958416181351,-1.0278350146938307,-0.5185126663647286,-1.0259025192076816,-0.5087930822029151,0.0,0.0,Vmag_get_voltage_magnitude_series__angle_get_voltage_angle_series,true,Unknown,Ybus EMT reconstruction using exact complex bus-voltage phasors when available; otherwise diagnostic fallback
5.04,-0.0019337371139240833,-0.009721624761972358,-0.0019337371139240833,-0.009721624761972358,-0.0019337371139240833,-0.009721624761972358,-1.0278362563216057,-0.5185147069648874,-1.0259025192076816,-0.5087930822029151,0.0,0.0,Vmag_get_voltage_magnitude_series__angle_get_voltage_angle_series,true,Unknown,Ybus EMT reconstruction using exact complex bus-voltage phasors when available; otherwise diagnostic fallback
5.05,-0.0019349732527449426,-0.009723657468051261,-0.0019349732527449426,-0.009723657468051261,-0.0019349732527449426,-0.009723657468051261,-1.0278374924604265,-0.5185167396709663,-1.0259025192076816,-0.5087930822029151,0.0,0.0,Vmag_get_voltage_magnitude_series__angle_get_voltage_angle_series,true,Unknown,Ybus EMT reconstruction using exact complex bus-voltage phasors when available; otherwise diagnostic fallback
5.06,-0.0019362038578021323,-0.00972568222152892,-0.0019362038578021323,-0.00972568222152892,-0.0019362038578021323,-0.00972568222152892,-1.0278387230654837,-0.518518764424444,-1.0259025192076816,-0.5087930822029151,0.0,0.0,Vmag_get_voltage_magnitude_series__angle_get_voltage_angle_series,true,Unknown,Ybus EMT reconstruction using exact complex bus-voltage phasors when available; otherwise diagnostic fallback
5.07,-0.0019374288851288224,-0.009727698964990483,-0.0019374288851288224,-0.009727698964990483,-0.0019374288851288224,-0.009727698964990483,-1.0278399480928104,-0.5185207811679056,-1.0259025192076816,-0.5087930822029151,0.0,0.0,Vmag_get_voltage_magnitude_series__angle_get_voltage_angle_series,true,Unknown,Ybus EMT reconstruction using exact complex bus-voltage phasors when available; otherwise diagnostic fallback
5.08,-0.001938648291716527,-0.009729707642289753,-0.001938648291716527,-0.009729707642289753,-0.001938648291716527,-0.009729707642289753,-1.0278411674993981,-0.5185227898452048,-1.0259025192076816,-0.5087930822029151,0.0,0.0,Vmag_get_voltage_magnitude_series__angle_get_voltage_angle_series,true,Unknown,Ybus EMT reconstruction using exact complex bus-voltage phasors when available; otherwise diagnostic fallback
5.09,-0.0019398620354251772,-0.009731708198346345,-0.0019398620354251772,-0.009731708198346345,-0.0019398620354251772,-0.009731708198346345,-1.0278423812431068,-0.5185247904012614,-1.0259025192076816,-0.5087930822029151,0.0,0.0,Vmag_get_voltage_magnitude_series__angle_get_voltage_angle_series,true,Unknown,Ybus EMT reconstruction using exact complex bus-voltage phasors when available; otherwise diagnostic fallback
5.1,-0.00194107007503308,-0.009733700579304227,-0.00194107007503308,-0.009733700579304227,-0.00194107007503308,-0.009733700579304227,-1.0278435892827147,-0.5185267827822193,-1.0259025192076816,-0.5087930822029151,0.0,0.0,Vmag_get_voltage_magnitude_series__angle_get_voltage_angle_series,true,Unknown,Ybus EMT reconstruction using exact complex bus-voltage phasors when available; otherwise diagnostic fallback
5.11,-0.0019422723701947309,-0.009735684732223193,-0.0019422723701947309,-0.009735684732223193,-0.0019422723701947309,-0.009735684732223193,-1.0278447915778763,-0.5185287669351383,-1.0259025192076816,-0.5087930822029151,0.0,0.0,Vmag_get_voltage_magnitude_series__angle_get_voltage_angle_series,true,Unknown,Ybus EMT reconstruction using exact complex bus-voltage phasors when available; otherwise diagnostic fallback
5.12,-0.001943468881455912,-0.009737660605534049,-0.001943468881455912,-0.009737660605534049,-0.001943468881455912,-0.009737660605534049,-1.0278459880891375,-0.5185307428084491,-1.0259025192076816,-0.5087930822029151,0.0,0.0,Vmag_get_voltage_magnitude_series__angle_get_voltage_angle_series,true,Unknown,Ybus EMT reconstruction using exact complex bus-voltage phasors when available; otherwise diagnostic fallback
5.13,-0.0019446595702918845,-0.00973962814839846,-0.0019446595702918845,-0.00973962814839846,-0.0019446595702918845,-0.00973962814839846,-1.0278471787779735,-0.5185327103513135,-1.0259025192076816,-0.5087930822029151,0.0,0.0,Vmag_get_voltage_magnitude_series__angle_get_voltage_angle_series,true,Unknown,Ybus EMT reconstruction using exact complex bus-voltage phasors when available; otherwise diagnostic fallback
5.14,-0.0019458443990496566,-0.00974158731123076,-0.0019458443990496566,-0.00974158731123076,-0.0019458443990496566,-0.00974158731123076,-1.0278483636067313,-0.5185346695141458,-1.0259025192076816,-0.5087930822029151,0.0,0.0,Vmag_get_voltage_magnitude_series__angle_get_voltage_angle_series,true,Unknown,Ybus EMT reconstruction using exact complex bus-voltage phasors when available; otherwise diagnostic fallback
5.15,-0.0019470233309324403,-0.009743538045426492,-0.0019470233309324403,-0.009743538045426492,-0.0019470233309324403,-0.009743538045426492,-1.027849542538614,-0.5185366202483416,-1.0259025192076816,-0.5087930822029151,0.0,0.0,Vmag_get_voltage_magnitude_series__angle_get_voltage_angle_series,true,Unknown,Ybus EMT reconstruction using exact complex bus-voltage phasors when available; otherwise diagnostic fallback
5.16,-0.001948196330050278,-0.009745480303243292,-0.001948196330050278,-0.009745480303243292,-0.001948196330050278,-0.009745480303243292,-1.0278507155377319,-0.5185385625061584,-1.0259025192076816,-0.5087930822029151,0.0,0.0,Vmag_get_voltage_magnitude_series__angle_get_voltage_angle_series,true,Unknown,Ybus EMT reconstruction using exact complex bus-voltage phasors when available; otherwise diagnostic fallback
5.17,-0.001949363361359202,-0.00974741403795476,-0.001949363361359202,-0.00974741403795476,-0.001949363361359202,-0.00974741403795476,-1.0278518825690408,-0.5185404962408698,-1.0259025192076816,-0.5087930822029151,0.0,0.0,Vmag_get_voltage_magnitude_series__angle_get_voltage_angle_series,true,Unknown,Ybus EMT reconstruction using exact complex bus-voltage phasors when available; otherwise diagnostic fallback
5.18,-0.0019505243907147474,-0.009749339203879326,-0.0019505243907147474,-0.009749339203879326,-0.0019505243907147474,-0.009749339203879326,-1.0278530435983964,-0.5185424214067944,-1.0259025192076816,-0.5087930822029151,0.0,0.0,Vmag_get_voltage_magnitude_series__angle_get_voltage_angle_series,true,Unknown,Ybus EMT reconstruction using exact complex bus-voltage phasors when available; otherwise diagnostic fallback
5.19,-0.001951679384799787,-0.009751255756100807,-0.001951679384799787,-0.009751255756100807,-0.001951679384799787,-0.009751255756100807,-1.0278541985924814,-0.5185443379590159,-1.0259025192076816,-0.5087930822029151,0.0,0.0,Vmag_get_voltage_magnitude_series__angle_get_voltage_angle_series,true,Unknown,Ybus EMT reconstruction using exact complex bus-voltage phasors when available; otherwise diagnostic fallback
5.2,-0.0019528283111174272,-0.009753163650583763,-0.0019528283111174272,-0.009753163650583763,-0.0019528283111174272,-0.009753163650583763,-1.027855347518799,-0.5185462458534988,-1.0259025192076816,-0.5087930822029151,0.0,0.0,Vmag_get_voltage_magnitude_series__angle_get_voltage_angle_series,true,Unknown,Ybus EMT reconstruction using exact complex bus-voltage phasors when available; otherwise diagnostic fallback
5.21,-0.00195397113807827,-0.009755062844266527,-0.00195397113807827,-0.009755062844266527,-0.00195397113807827,-0.009755062844266527,-1.0278564903457599,-0.5185481450471816,-1.0259025192076816,-0.5087930822029151,0.0,0.0,Vmag_get_voltage_magnitude_series__angle_get_voltage_angle_series,true,Unknown,Ybus EMT reconstruction using exact complex bus-voltage phasors when available; otherwise diagnostic fallback
5.22,-0.0019551078348454265,-0.009756953294849602,-0.0019551078348454265,-0.009756953294849602,-0.0019551078348454265,-0.009756953294849602,-1.027857627042527,-0.5185500354977647,-1.0259025192076816,-0.5087930822029151,0.0,0.0,Vmag_get_voltage_magnitude_series__angle_get_voltage_angle_series,true,Unknown,Ybus EMT reconstruction using exact complex bus-voltage phasors when available; otherwise diagnostic fallback
5.23,-0.001956238371449315,-0.009758834960817753,-0.001956238371449315,-0.009758834960817753,-0.001956238371449315,-0.009758834960817753,-1.027858757579131,-0.5185519171637328,-1.0259025192076816,-0.5087930822029151,0.0,0.0,Vmag_get_voltage_magnitude_series__angle_get_voltage_angle_series,true,Unknown,Ybus EMT reconstruction using exact complex bus-voltage phasors when available; otherwise diagnostic fallback
5.24,-0.001957362718701283,-0.009760707801594659,-0.001957362718701283,-0.009760707801594659,-0.001957362718701283,-0.009760707801594659,-1.027859881926383,-0.5185537900045097,-1.0259025192076816,-0.5087930822029151,0.0,0.0,Vmag_get_voltage_magnitude_series__angle_get_voltage_angle_series,true,Unknown,Ybus EMT reconstruction using exact complex bus-voltage phasors when available; otherwise diagnostic fallback
5.25,-0.0019584808481996063,-0.009762571777193974,-0.0019584808481996063,-0.009762571777193974,-0.0019584808481996063,-0.009762571777193974,-1.0278610000558812,-0.518555653980109,-1.0259025192076816,-0.5087930822029151,0.0,0.0,Vmag_get_voltage_magnitude_series__angle_get_voltage_angle_series,true,Unknown,Ybus EMT reconstruction using exact complex bus-voltage phasors when available; otherwise diagnostic fallback
5.26,-0.0019595927323816653,-0.009764426848638541,-0.0019595927323816653,-0.009764426848638541,-0.0019595927323816653,-0.009764426848638541,-1.0278621119400633,-0.5185575090515536,-1.0259025192076816,-0.5087930822029151,0.0,0.0,Vmag_get_voltage_magnitude_series__angle_get_voltage_angle_series,true,Unknown,Ybus EMT reconstruction using exact complex bus-voltage phasors when available; otherwise diagnostic fallback
5.27,-0.00196069834440582,-0.009766272977396406,-0.00196069834440582,-0.009766272977396406,-0.00196069834440582,-0.009766272977396406,-1.0278632175520874,-0.5185593551803115,-1.0259025192076816,-0.5087930822029151,0.0,0.0,Vmag_get_voltage_magnitude_series__angle_get_voltage_angle_series,true,Unknown,Ybus EMT reconstruction using exact complex bus-voltage phasors when available; otherwise diagnostic fallback
5.28,-0.0019617976581960406,-0.009768110125942586,-0.0019617976581960406,-0.009768110125942586,-0.0019617976581960406,-0.009768110125942586,-1.0278643168658776,-0.5185611923288577,-1.0259025192076816,-0.5087930822029151,0.0,0.0,Vmag_get_voltage_magnitude_series__angle_get_voltage_angle_series,true,Unknown,Ybus EMT reconstruction using exact complex bus-voltage phasors when available; otherwise diagnostic fallback
5.29,-0.0019628906484636666,-0.009769938257375377,-0.0019628906484636666,-0.009769938257375377,-0.0019628906484636666,-0.009769938257375377,-1.0278654098561453,-0.5185630204602905,-1.0259025192076816,-0.5087930822029151,0.0,0.0,Vmag_get_voltage_magnitude_series__angle_get_voltage_angle_series,true,Unknown,Ybus EMT reconstruction using exact complex bus-voltage phasors when available; otherwise diagnostic fallback
5.3,-0.0019639772906399067,-0.00977175733543112,-0.0019639772906399067,-0.00977175733543112,-0.0019639772906399067,-0.00977175733543112,-1.0278664964983215,-0.5185648395383462,-1.0259025192076816,-0.5087930822029151,0.0,0.0,Vmag_get_voltage_magnitude_series__angle_get_voltage_angle_series,true,Unknown,Ybus EMT reconstruction using exact complex bus-voltage phasors when available; otherwise diagnostic fallback
5.31,-0.0019650575608980425,-0.009773567324706911,-0.0019650575608980425,-0.009773567324706911,-0.0019650575608980425,-0.009773567324706911,-1.0278675767685796,-0.518566649527622,-1.0259025192076816,-0.5087930822029151,0.0,0.0,Vmag_get_voltage_magnitude_series__angle_get_voltage_angle_series,true,Unknown,Ybus EMT reconstruction using exact complex bus-voltage phasors when available; otherwise diagnostic fallback
5.32,-0.001966131436103691,-0.009775368190395595,-0.001966131436103691,-0.009775368190395595,-0.001966131436103691,-0.009775368190395595,-1.0278686506437853,-0.5185684503933107,-1.0259025192076816,-0.5087930822029151,0.0,0.0,Vmag_get_voltage_magnitude_series__angle_get_voltage_angle_series,true,Unknown,Ybus EMT reconstruction using exact complex bus-voltage phasors when available; otherwise diagnostic fallback
5.33,-0.0019671988939011786,-0.009777159898380683,-0.0019671988939011786,-0.009777159898380683,-0.0019671988939011786,-0.009777159898380683,-1.0278697181015828,-0.5185702421012958,-1.0259025192076816,-0.5087930822029151,0.0,0.0,Vmag_get_voltage_magnitude_series__angle_get_voltage_angle_series,true,Unknown,Ybus EMT reconstruction using exact complex bus-voltage phasors when available; otherwise diagnostic fallback
5.34,-0.0019682599125636635,-0.00977894241528987,-0.0019682599125636635,-0.00977894241528987,-0.0019682599125636635,-0.00977894241528987,-1.0278707791202453,-0.518572024618205,-1.0259025192076816,-0.5087930822029151,0.0,0.0,Vmag_get_voltage_magnitude_series__angle_get_voltage_angle_series,true,Unknown,Ybus EMT reconstruction using exact complex bus-voltage phasors when available; otherwise diagnostic fallback
5.35,-0.0019693144711081523,-0.009780715708381682,-0.0019693144711081523,-0.009780715708381682,-0.0019693144711081523,-0.009780715708381682,-1.0278718336787898,-0.5185737979112968,-1.0259025192076816,-0.5087930822029151,0.0,0.0,Vmag_get_voltage_magnitude_series__angle_get_voltage_angle_series,true,Unknown,Ybus EMT reconstruction using exact complex bus-voltage phasors when available; otherwise diagnostic fallback
5.36,-0.0019703625492057952,-0.009782479745655381,-0.0019703625492057952,-0.009782479745655381,-0.0019703625492057952,-0.009782479745655381,-1.0278728817568874,-0.5185755619485705,-1.0259025192076816,-0.5087930822029151,0.0,0.0,Vmag_get_voltage_magnitude_series__angle_get_voltage_angle_series,true,Unknown,Ybus EMT reconstruction using exact complex bus-voltage phasors when available; otherwise diagnostic fallback
5.37,-0.0019714041272094196,-0.00978423449573984,-0.0019714041272094196,-0.00978423449573984,-0.0019714041272094196,-0.00978423449573984,-1.027873923334891,-0.5185773166986549,-1.0259025192076816,-0.5087930822029151,0.0,0.0,Vmag_get_voltage_magnitude_series__angle_get_voltage_angle_series,true,Unknown,Ybus EMT reconstruction using exact complex bus-voltage phasors when available; otherwise diagnostic fallback
5.38,-0.0019724391861772883,-0.009785979927985133,-0.0019724391861772883,-0.009785979927985133,-0.0019724391861772883,-0.009785979927985133,-1.027874958393859,-0.5185790621309002,-1.0259025192076816,-0.5087930822029151,0.0,0.0,Vmag_get_voltage_magnitude_series__angle_get_voltage_angle_series,true,Unknown,Ybus EMT reconstruction using exact complex bus-voltage phasors when available; otherwise diagnostic fallback
5.39,-0.0019734677077549723,-0.009787716012389813,-0.0019734677077549723,-0.009787716012389813,-0.0019734677077549723,-0.009787716012389813,-1.0278759869154366,-0.5185807982153049,-1.0259025192076816,-0.5087930822029151,0.0,0.0,Vmag_get_voltage_magnitude_series__angle_get_voltage_angle_series,true,Unknown,Ybus EMT reconstruction using exact complex bus-voltage phasors when available; otherwise diagnostic fallback
5.4,-0.001974489674311908,-0.009789442719706054,-0.001974489674311908,-0.009789442719706054,-0.001974489674311908,-0.009789442719706054,-1.0278770088819935,-0.5185825249226211,-1.0259025192076816,-0.5087930822029151,0.0,0.0,Vmag_get_voltage_magnitude_series__angle_get_voltage_angle_series,true,Unknown,Ybus EMT reconstruction using exact complex bus-voltage phasors when available; otherwise diagnostic fallback
5.41,-0.0019755050688050613,-0.009791160021262346,-0.0019755050688050613,-0.009791160021262346,-0.0019755050688050613,-0.009791160021262346,-1.0278780242764867,-0.5185842422241774,-1.0259025192076816,-0.5087930822029151,0.0,0.0,Vmag_get_voltage_magnitude_series__angle_get_voltage_angle_series,true,Unknown,Ybus EMT reconstruction using exact complex bus-voltage phasors when available; otherwise diagnostic fallback
5.42,-0.001976513874854424,-0.009792867889231172,-0.001976513874854424,-0.009792867889231172,-0.001976513874854424,-0.009792867889231172,-1.027879033082536,-0.5185859500921463,-1.0259025192076816,-0.5087930822029151,0.0,0.0,Vmag_get_voltage_magnitude_series__angle_get_voltage_angle_series,true,Unknown,Ybus EMT reconstruction using exact complex bus-voltage phasors when available; otherwise diagnostic fallback
5.43,-0.001977516076742347,-0.009794566296391638,-0.001977516076742347,-0.009794566296391638,-0.001977516076742347,-0.009794566296391638,-1.027880035284424,-0.5185876484993067,-1.0259025192076816,-0.5087930822029151,0.0,0.0,Vmag_get_voltage_magnitude_series__angle_get_voltage_angle_series,true,Unknown,Ybus EMT reconstruction using exact complex bus-voltage phasors when available; otherwise diagnostic fallback
5.44,-0.0019785116593171725,-0.00979625521620664,-0.0019785116593171725,-0.00979625521620664,-0.0019785116593171725,-0.00979625521620664,-1.0278810308669988,-0.5185893374191217,-1.0259025192076816,-0.5087930822029151,0.0,0.0,Vmag_get_voltage_magnitude_series__angle_get_voltage_angle_series,true,Unknown,Ybus EMT reconstruction using exact complex bus-voltage phasors when available; otherwise diagnostic fallback
5.45,-0.0019795006080893796,-0.009797934622997162,-0.0019795006080893796,-0.009797934622997162,-0.0019795006080893796,-0.009797934622997162,-1.027882019815771,-0.5185910168259122,-1.0259025192076816,-0.5087930822029151,0.0,0.0,Vmag_get_voltage_magnitude_series__angle_get_voltage_angle_series,true,Unknown,Ybus EMT reconstruction using exact complex bus-voltage phasors when available; otherwise diagnostic fallback
5.46,-0.001980482909173187,-0.009799604491612546,-0.001980482909173187,-0.009799604491612546,-0.001980482909173187,-0.009799604491612546,-1.0278830021168548,-0.5185926866945276,-1.0259025192076816,-0.5087930822029151,0.0,0.0,Vmag_get_voltage_magnitude_series__angle_get_voltage_angle_series,true,Unknown,Ybus EMT reconstruction using exact complex bus-voltage phasors when available; otherwise diagnostic fallback
5.47,-0.001981458549286108,-0.009801264797827947,-0.001981458549286108,-0.009801264797827947,-0.001981458549286108,-0.009801264797827947,-1.0278839777569677,-0.518594347000743,-1.0259025192076816,-0.5087930822029151,0.0,0.0,Vmag_get_voltage_magnitude_series__angle_get_voltage_angle_series,true,Unknown,Ybus EMT reconstruction using exact complex bus-voltage phasors when available; otherwise diagnostic fallback
5.48,-0.0019824275157867,-0.009802915517925559,-0.0019824275157867,-0.009802915517925559,-0.0019824275157867,-0.009802915517925559,-1.0278849467234683,-0.5185959977208406,-1.0259025192076816,-0.5087930822029151,0.0,0.0,Vmag_get_voltage_magnitude_series__angle_get_voltage_angle_series,true,Unknown,Ybus EMT reconstruction using exact complex bus-voltage phasors when available; otherwise diagnostic fallback
5.49,-0.001983389796590629,-0.009804556629186445,-0.001983389796590629,-0.009804556629186445,-0.001983389796590629,-0.009804556629186445,-1.0278859090042722,-0.5185976388321015,-1.0259025192076816,-0.5087930822029151,0.0,0.0,Vmag_get_voltage_magnitude_series__angle_get_voltage_angle_series,true,Unknown,Ybus EMT reconstruction using exact complex bus-voltage phasors when available; otherwise diagnostic fallback
5.5,-0.0019843453802566025,-0.00980618810942957,-0.0019843453802566025,-0.00980618810942957,-0.0019843453802566025,-0.00980618810942957,-1.0278868645879382,-0.5185992703123447,-1.0259025192076816,-0.5087930822029151,0.0,0.0,Vmag_get_voltage_magnitude_series__angle_get_voltage_angle_series,true,Unknown,Ybus EMT reconstruction using exact complex bus-voltage phasors when available; otherwise diagnostic fallback
5.51,-0.0019852942558913345,-0.009807809937326772,-0.0019852942558913345,-0.009807809937326772,-0.0019852942558913345,-0.009807809937326772,-1.027887813463573,-0.5186008921402419,-1.0259025192076816,-0.5087930822029151,0.0,0.0,Vmag_get_voltage_magnitude_series__angle_get_voltage_angle_series,true,Unknown,Ybus EMT reconstruction using exact complex bus-voltage phasors when available; otherwise diagnostic fallback
5.52,-0.0019862364132523513,-0.009809422092293407,-0.0019862364132523513,-0.009809422092293407,-0.0019862364132523513,-0.009809422092293407,-1.027888755620934,-0.5186025042952085,-1.0259025192076816,-0.5087930822029151,0.0,0.0,Vmag_get_voltage_magnitude_series__angle_get_voltage_angle_series,true,Unknown,Ybus EMT reconstruction using exact complex bus-voltage phasors when available; otherwise diagnostic fallback
5.53,-0.0019871718426305307,-0.009811024554533088,-0.0019871718426305307,-0.009811024554533088,-0.0019871718426305307,-0.009811024554533088,-1.0278896910503121,-0.5186041067574482,-1.0259025192076816,-0.5087930822029151,0.0,0.0,Vmag_get_voltage_magnitude_series__angle_get_voltage_angle_series,true,Unknown,Ybus EMT reconstruction using exact complex bus-voltage phasors when available; otherwise diagnostic fallback
5.54,-0.0019881005349604575,-0.009812617305003157,-0.0019881005349604575,-0.009812617305003157,-0.0019881005349604575,-0.009812617305003157,-1.027890619742642,-0.5186056995079182,-1.0259025192076816,-0.5087930822029151,0.0,0.0,Vmag_get_voltage_magnitude_series__angle_get_voltage_angle_series,true,Unknown,Ybus EMT reconstruction using exact complex bus-voltage phasors when available; otherwise diagnostic fallback
5.55,-0.001989022481726277,-0.00981420032539726,-0.001989022481726277,-0.00981420032539726,-0.001989022481726277,-0.00981420032539726,-1.0278915416894079,-0.5186072825283123,-1.0259025192076816,-0.5087930822029151,0.0,0.0,Vmag_get_voltage_magnitude_series__angle_get_voltage_angle_series,true,Unknown,Ybus EMT reconstruction using exact complex bus-voltage phasors when available; otherwise diagnostic fallback
5.56,-0.0019899376749792363,-0.009815773598261912,-0.0019899376749792363,-0.009815773598261912,-0.0019899376749792363,-0.009815773598261912,-1.0278924568826608,-0.518608855801177,-1.0259025192076816,-0.5087930822029151,0.0,0.0,Vmag_get_voltage_magnitude_series__angle_get_voltage_angle_series,true,Unknown,Ybus EMT reconstruction using exact complex bus-voltage phasors when available; otherwise diagnostic fallback
5.57,-0.0019908461074353845,-0.009817337106896251,-0.0019908461074353845,-0.009817337106896251,-0.0019908461074353845,-0.009817337106896251,-1.027893365315117,-0.5186104193098113,-1.0259025192076816,-0.5087930822029151,0.0,0.0,Vmag_get_voltage_magnitude_series__angle_get_voltage_angle_series,true,Unknown,Ybus EMT reconstruction using exact complex bus-voltage phasors when available; otherwise diagnostic fallback
5.58,-0.0019917477722894983,-0.009818890835411653,-0.0019917477722894983,-0.009818890835411653,-0.0019917477722894983,-0.009818890835411653,-1.027894266979971,-0.5186119730383267,-1.0259025192076816,-0.5087930822029151,0.0,0.0,Vmag_get_voltage_magnitude_series__angle_get_voltage_angle_series,true,Unknown,Ybus EMT reconstruction using exact complex bus-voltage phasors when available; otherwise diagnostic fallback
5.59,-0.001992642663365407,-0.009820434768698427,-0.001992642663365407,-0.009820434768698427,-0.001992642663365407,-0.009820434768698427,-1.027895161871047,-0.5186135169716135,-1.0259025192076816,-0.5087930822029151,0.0,0.0,Vmag_get_voltage_magnitude_series__angle_get_voltage_angle_series,true,Unknown,Ybus EMT reconstruction using exact complex bus-voltage phasors when available; otherwise diagnostic fallback
5.6,-0.0019935307750762465,-0.009821968892453348,-0.0019935307750762465,-0.009821968892453348,-0.0019935307750762465,-0.009821968892453348,-1.0278960499827579,-0.5186150510953684,-1.0259025192076816,-0.5087930822029151,0.0,0.0,Vmag_get_voltage_magnitude_series__angle_get_voltage_angle_series,true,Unknown,Ybus EMT reconstruction using exact complex bus-voltage phasors when available; otherwise diagnostic fallback
5.61,-0.0019944121023747208,-0.009823493193209631,-0.0019944121023747208,-0.009823493193209631,-0.0019944121023747208,-0.009823493193209631,-1.0278969313100563,-0.5186165753961247,-1.0259025192076816,-0.5087930822029151,0.0,0.0,Vmag_get_voltage_magnitude_series__angle_get_voltage_angle_series,true,Unknown,Ybus EMT reconstruction using exact complex bus-voltage phasors when available; otherwise diagnostic fallback
5.62,-0.0019952866408048386,-0.00982500765816452,-0.0019952866408048386,-0.00982500765816452,-0.0019952866408048386,-0.00982500765816452,-1.0278978058484864,-0.5186180898610796,-1.0259025192076816,-0.5087930822029151,0.0,0.0,Vmag_get_voltage_magnitude_series__angle_get_voltage_angle_series,true,Unknown,Ybus EMT reconstruction using exact complex bus-voltage phasors when available; otherwise diagnostic fallback
5.63,-0.001996154386473492,-0.009826512275465493,-0.001996154386473492,-0.009826512275465493,-0.001996154386473492,-0.009826512275465493,-1.027898673594155,-0.5186195944783806,-1.0259025192076816,-0.5087930822029151,0.0,0.0,Vmag_get_voltage_magnitude_series__angle_get_voltage_angle_series,true,Unknown,Ybus EMT reconstruction using exact complex bus-voltage phasors when available; otherwise diagnostic fallback
5.64,-0.0019970153360722165,-0.009828007033953368,-0.0019970153360722165,-0.009828007033953368,-0.0019970153360722165,-0.009828007033953368,-1.0278995345437538,-0.5186210892368684,-1.0259025192076816,-0.5087930822029151,0.0,0.0,Vmag_get_voltage_magnitude_series__angle_get_voltage_angle_series,true,Unknown,Ybus EMT reconstruction using exact complex bus-voltage phasors when available; otherwise diagnostic fallback
5.65,-0.0019978694868239,-0.009829491923315059,-0.0019978694868239,-0.009829491923315059,-0.0019978694868239,-0.009829491923315059,-1.0279003886945055,-0.5186225741262301,-1.0259025192076816,-0.5087930822029151,0.0,0.0,Vmag_get_voltage_magnitude_series__angle_get_voltage_angle_series,true,Unknown,Ybus EMT reconstruction using exact complex bus-voltage phasors when available; otherwise diagnostic fallback
5.66,-0.001998716836564274,-0.009830966934061047,-0.001998716836564274,-0.009830966934061047,-0.001998716836564274,-0.009830966934061047,-1.0279012360442459,-0.5186240491369761,-1.0259025192076816,-0.5087930822029151,0.0,0.0,Vmag_get_voltage_magnitude_series__angle_get_voltage_angle_series,true,Unknown,Ybus EMT reconstruction using exact complex bus-voltage phasors when available; otherwise diagnostic fallback
5.67,-0.0019995573836297797,-0.009832432057416685,-0.0019995573836297797,-0.009832432057416685,-0.0019995573836297797,-0.009832432057416685,-1.0279020765913114,-0.5186255142603318,-1.0259025192076816,-0.5087930822029151,0.0,0.0,Vmag_get_voltage_magnitude_series__angle_get_voltage_angle_series,true,Unknown,Ybus EMT reconstruction using exact complex bus-voltage phasors when available; otherwise diagnostic fallback
5.68,-0.002000391126980583,-0.009833887285429443,-0.002000391126980583,-0.009833887285429443,-0.002000391126980583,-0.009833887285429443,-1.0279029103346622,-0.5186269694883445,-1.0259025192076816,-0.5087930822029151,0.0,0.0,Vmag_get_voltage_magnitude_series__angle_get_voltage_angle_series,true,Unknown,Ybus EMT reconstruction using exact complex bus-voltage phasors when available; otherwise diagnostic fallback
5.69,-0.002001218066082222,-0.009835332610957925,-0.002001218066082222,-0.009835332610957925,-0.002001218066082222,-0.009835332610957925,-1.0279037372737638,-0.518628414813873,-1.0259025192076816,-0.5087930822029151,0.0,0.0,Vmag_get_voltage_magnitude_series__angle_get_voltage_angle_series,true,Unknown,Ybus EMT reconstruction using exact complex bus-voltage phasors when available; otherwise diagnostic fallback
5.7,-0.002002038200968226,-0.00983676802759681,-0.002002038200968226,-0.00983676802759681,-0.002002038200968226,-0.00983676802759681,-1.0279045574086498,-0.5186298502305119,-1.0259025192076816,-0.5087930822029151,0.0,0.0,Vmag_get_voltage_magnitude_series__angle_get_voltage_angle_series,true,Unknown,Ybus EMT reconstruction using exact complex bus-voltage phasors when available; otherwise diagnostic fallback
5.71,-0.0020028515322478846,-0.009838193529751127,-0.0020028515322478846,-0.009838193529751127,-0.0020028515322478846,-0.009838193529751127,-1.0279053707399295,-0.5186312757326662,-1.0259025192076816,-0.5087930822029151,0.0,0.0,Vmag_get_voltage_magnitude_series__angle_get_voltage_angle_series,true,Unknown,Ybus EMT reconstruction using exact complex bus-voltage phasors when available; otherwise diagnostic fallback
5.72,-0.0020036580610478527,-0.009839609112447079,-0.0020036580610478527,-0.009839609112447079,-0.0020036580610478527,-0.009839609112447079,-1.0279061772687295,-0.5186326913153622,-1.0259025192076816,-0.5087930822029151,0.0,0.0,Vmag_get_voltage_magnitude_series__angle_get_voltage_angle_series,true,Unknown,Ybus EMT reconstruction using exact complex bus-voltage phasors when available; otherwise diagnostic fallback
5.73,-0.00200445778903946,-0.009841014771714174,-0.00200445778903946,-0.009841014771714174,-0.00200445778903946,-0.009841014771714174,-1.027906976996721,-0.5186340969746293,-1.0259025192076816,-0.5087930822029151,0.0,0.0,Vmag_get_voltage_magnitude_series__angle_get_voltage_angle_series,true,Unknown,Ybus EMT reconstruction using exact complex bus-voltage phasors when available; otherwise diagnostic fallback
5.74,-0.002005250718445817,-0.009842410504219412,-0.002005250718445817,-0.009842410504219412,-0.002005250718445817,-0.009842410504219412,-1.0279077699261274,-0.5186354927071345,-1.0259025192076816,-0.5087930822029151,0.0,0.0,Vmag_get_voltage_magnitude_series__angle_get_voltage_angle_series,true,Unknown,Ybus EMT reconstruction using exact complex bus-voltage phasors when available; otherwise diagnostic fallback
5.75,-0.0020060368520156135,-0.00984379630720833,-0.0020060368520156135,-0.00984379630720833,-0.0020060368520156135,-0.00984379630720833,-1.0279085560596972,-0.5186368785101234,-1.0259025192076816,-0.5087930822029151,0.0,0.0,Vmag_get_voltage_magnitude_series__angle_get_voltage_angle_series,true,Unknown,Ybus EMT reconstruction using exact complex bus-voltage phasors when available; otherwise diagnostic fallback
5.76,-0.0020068161930348882,-0.009845172178935546,-0.0020068161930348882,-0.009845172178935546,-0.0020068161930348882,-0.009845172178935546,-1.0279093354007165,-0.5186382543818506,-1.0259025192076816,-0.5087930822029151,0.0,0.0,Vmag_get_voltage_magnitude_series__angle_get_voltage_angle_series,true,Unknown,Ybus EMT reconstruction using exact complex bus-voltage phasors when available; otherwise diagnostic fallback
5.77,-0.002007588745327027,-0.009846538118213233,-0.002007588745327027,-0.009846538118213233,-0.002007588745327027,-0.009846538118213233,-1.0279101079530086,-0.5186396203211283,-1.0259025192076816,-0.5087930822029151,0.0,0.0,Vmag_get_voltage_magnitude_series__angle_get_voltage_angle_series,true,Unknown,Ybus EMT reconstruction using exact complex bus-voltage phasors when available; otherwise diagnostic fallback
5.78,-0.0020083545132163483,-0.009847894124623946,-0.0020083545132163483,-0.009847894124623946,-0.0020083545132163483,-0.009847894124623946,-1.027910873720898,-0.518640976327539,-1.0259025192076816,-0.5087930822029151,0.0,0.0,Vmag_get_voltage_magnitude_series__angle_get_voltage_angle_series,true,Unknown,Ybus EMT reconstruction using exact complex bus-voltage phasors when available; otherwise diagnostic fallback
5.79,-0.002009113501559634,-0.009849240198450127,-0.002009113501559634,-0.009849240198450127,-0.002009113501559634,-0.009849240198450127,-1.0279116327092412,-0.5186423224013652,-1.0259025192076816,-0.5087930822029151,0.0,0.0,Vmag_get_voltage_magnitude_series__angle_get_voltage_angle_series,true,Unknown,Ybus EMT reconstruction using exact complex bus-voltage phasors when available; otherwise diagnostic fallback
5.8,-0.002009865715737913,-0.009850576340628803,-0.002009865715737913,-0.009850576340628803,-0.002009865715737913,-0.009850576340628803,-1.0279123849234195,-0.5186436585435439,-1.0259025192076816,-0.5087930822029151,0.0,0.0,Vmag_get_voltage_magnitude_series__angle_get_voltage_angle_series,true,Unknown,Ybus EMT reconstruction using exact complex bus-voltage phasors when available; otherwise diagnostic fallback
5.81,-0.0020106111616065014,-0.009851902552897251,-0.0020106111616065014,-0.009851902552897251,-0.0020106111616065014,-0.009851902552897251,-1.027913130369288,-0.5186449847558123,-1.0259025192076816,-0.5087930822029151,0.0,0.0,Vmag_get_voltage_magnitude_series__angle_get_voltage_angle_series,true,Unknown,Ybus EMT reconstruction using exact complex bus-voltage phasors when available; otherwise diagnostic fallback
5.82,-0.0020113498455611722,-0.009853218837539646,-0.0020113498455611722,-0.009853218837539646,-0.0020113498455611722,-0.009853218837539646,-1.0279138690532428,-0.5186463010404547,-1.0259025192076816,-0.5087930822029151,0.0,0.0,Vmag_get_voltage_magnitude_series__angle_get_voltage_angle_series,true,Unknown,Ybus EMT reconstruction using exact complex bus-voltage phasors when available; otherwise diagnostic fallback
5.83,-0.002012081774459551,-0.009854525197628972,-0.002012081774459551,-0.009854525197628972,-0.002012081774459551,-0.009854525197628972,-1.0279146009821412,-0.518647607400544,-1.0259025192076816,-0.5087930822029151,0.0,0.0,Vmag_get_voltage_magnitude_series__angle_get_voltage_angle_series,true,Unknown,Ybus EMT reconstruction using exact complex bus-voltage phasors when available; otherwise diagnostic fallback
5.84,-0.002012806955696611,-0.009855821636742146,-0.002012806955696611,-0.009855821636742146,-0.002012806955696611,-0.009855821636742146,-1.0279153261633782,-0.5186489038396572,-1.0259025192076816,-0.5087930822029151,0.0,0.0,Vmag_get_voltage_magnitude_series__angle_get_voltage_angle_series,true,Unknown,Ybus EMT reconstruction using exact complex bus-voltage phasors when available; otherwise diagnostic fallback
5.85,-0.0020135253971169664,-0.00985710815933094,-0.0020135253971169664,-0.00985710815933094,-0.0020135253971169664,-0.00985710815933094,-1.0279160446047986,-0.518650190362246,-1.0259025192076816,-0.5087930822029151,0.0,0.0,Vmag_get_voltage_magnitude_series__angle_get_voltage_angle_series,true,Unknown,Ybus EMT reconstruction using exact complex bus-voltage phasors when available; otherwise diagnostic fallback
5.86,-0.0020142371070512866,-0.009858384770324191,-0.0020142371070512866,-0.009858384770324191,-0.0020142371070512866,-0.009858384770324191,-1.027916756314733,-0.5186514669732393,-1.0259025192076816,-0.5087930822029151,0.0,0.0,Vmag_get_voltage_magnitude_series__angle_get_voltage_angle_series,true,Unknown,Ybus EMT reconstruction using exact complex bus-voltage phasors when available; otherwise diagnostic fallback
5.87,-0.0020149420943262886,-0.009859651475336184,-0.0020149420943262886,-0.009859651475336184,-0.0020149420943262886,-0.009859651475336184,-1.027917461302008,-0.5186527336782513,-1.0259025192076816,-0.5087930822029151,0.0,0.0,Vmag_get_voltage_magnitude_series__angle_get_voltage_angle_series,true,Unknown,Ybus EMT reconstruction using exact complex bus-voltage phasors when available; otherwise diagnostic fallback
5.88,-0.002015640368214111,-0.009860908280484137,-0.002015640368214111,-0.009860908280484137,-0.002015640368214111,-0.009860908280484137,-1.0279181595758957,-0.5186539904833992,-1.0259025192076816,-0.5087930822029151,0.0,0.0,Vmag_get_voltage_magnitude_series__angle_get_voltage_angle_series,true,Unknown,Ybus EMT reconstruction using exact complex bus-voltage phasors when available; otherwise diagnostic fallback
5.89,-0.002016331938480276,-0.009862155192763788,-0.002016331938480276,-0.009862155192763788,-0.002016331938480276,-0.009862155192763788,-1.0279188511461619,-0.5186552373956789,-1.0259025192076816,-0.5087930822029151,0.0,0.0,Vmag_get_voltage_magnitude_series__angle_get_voltage_angle_series,true,Unknown,Ybus EMT reconstruction using exact complex bus-voltage phasors when available; otherwise diagnostic fallback
5.9,-0.0020170168152995327,-0.009863392219574552,-0.0020170168152995327,-0.009863392219574552,-0.0020170168152995327,-0.009863392219574552,-1.0279195360229811,-0.5186564744224896,-1.0259025192076816,-0.5087930822029151,0.0,0.0,Vmag_get_voltage_magnitude_series__angle_get_voltage_angle_series,true,Unknown,Ybus EMT reconstruction using exact complex bus-voltage phasors when available; otherwise diagnostic fallback
5.91,-0.002017695009335574,-0.00986461936895311,-0.002017695009335574,-0.00986461936895311,-0.002017695009335574,-0.00986461936895311,-1.0279202142170172,-0.5186577015718682,-1.0259025192076816,-0.5087930822029151,0.0,0.0,Vmag_get_voltage_magnitude_series__angle_get_voltage_angle_series,true,Unknown,Ybus EMT reconstruction using exact complex bus-voltage phasors when available; otherwise diagnostic fallback
5.92,-0.0020183665317012878,-0.009865836649509574,-0.0020183665317012878,-0.009865836649509574,-0.0020183665317012878,-0.009865836649509574,-1.027920885739383,-0.5186589188524247,-1.0259025192076816,-0.5087930822029151,0.0,0.0,Vmag_get_voltage_magnitude_series__angle_get_voltage_angle_series,true,Unknown,Ybus EMT reconstruction using exact complex bus-voltage phasors when available; otherwise diagnostic fallback
5.93,-0.002019031393923454,-0.009867044070437037,-0.002019031393923454,-0.009867044070437037,-0.002019031393923454,-0.009867044070437037,-1.027921550601605,-0.5186601262733521,-1.0259025192076816,-0.5087930822029151,0.0,0.0,Vmag_get_voltage_magnitude_series__angle_get_voltage_angle_series,true,Unknown,Ybus EMT reconstruction using exact complex bus-voltage phasors when available; otherwise diagnostic fallback
5.94,-0.0020196896079647253,-0.009868241641598496,-0.0020196896079647253,-0.009868241641598496,-0.0020196896079647253,-0.009868241641598496,-1.0279222088156463,-0.5186613238445136,-1.0259025192076816,-0.5087930822029151,0.0,0.0,Vmag_get_voltage_magnitude_series__angle_get_voltage_angle_series,true,Unknown,Ybus EMT reconstruction using exact complex bus-voltage phasors when available; otherwise diagnostic fallback
5.95,-0.002020341186245611,-0.00986942937333779,-0.002020341186245611,-0.00986942937333779,-0.002020341186245611,-0.00986942937333779,-1.0279228603939272,-0.5186625115762529,-1.0259025192076816,-0.5087930822029151,0.0,0.0,Vmag_get_voltage_magnitude_series__angle_get_voltage_angle_series,true,Unknown,Ybus EMT reconstruction using exact complex bus-voltage phasors when available; otherwise diagnostic fallback
5.96,-0.00202098614156343,-0.009870607276464494,-0.00202098614156343,-0.009870607276464494,-0.00202098614156343,-0.009870607276464494,-1.027923505349245,-0.5186636894793796,-1.0259025192076816,-0.5087930822029151,0.0,0.0,Vmag_get_voltage_magnitude_series__angle_get_voltage_angle_series,true,Unknown,Ybus EMT reconstruction using exact complex bus-voltage phasors when available; otherwise diagnostic fallback
5.97,-0.0020216244871607003,-0.009871775362564117,-0.0020216244871607003,-0.009871775362564117,-0.0020216244871607003,-0.009871775362564117,-1.0279241436948423,-0.5186648575654792,-1.0259025192076816,-0.5087930822029151,0.0,0.0,Vmag_get_voltage_magnitude_series__angle_get_voltage_angle_series,true,Unknown,Ybus EMT reconstruction using exact complex bus-voltage phasors when available; otherwise diagnostic fallback
5.98,-0.002022256236678288,-0.009872933643543358,-0.002022256236678288,-0.009872933643543358,-0.002022256236678288,-0.009872933643543358,-1.02792477544436,-0.5186660158464584,-1.0259025192076816,-0.5087930822029151,0.0,0.0,Vmag_get_voltage_magnitude_series__angle_get_voltage_angle_series,true,Unknown,Ybus EMT reconstruction using exact complex bus-voltage phasors when available; otherwise diagnostic fallback
5.99,-0.002022881404162069,-0.009874082132025341,-0.002022881404162069,-0.009874082132025341,-0.002022881404162069,-0.009874082132025341,-1.0279254006118437,-0.5186671643349404,-1.0259025192076816,-0.5087930822029151,0.0,0.0,Vmag_get_voltage_magnitude_series__angle_get_voltage_angle_series,true,Unknown,Ybus EMT reconstruction using exact complex bus-voltage phasors when available; otherwise diagnostic fallback
6.0,-0.0020235000040265128,-0.009875220841028542,-0.0020235000040265128,-0.009875220841028542,-0.0020235000040265128,-0.009875220841028542,-1.0279260192117081,-0.5186683030439436,-1.0259025192076816,-0.5087930822029151,0.0,0.0,Vmag_get_voltage_magnitude_series__angle_get_voltage_angle_series,true,Unknown,Ybus EMT reconstruction using exact complex bus-voltage phasors when available; otherwise diagnostic fallback
6.01,-0.002024112051140614,-0.009876349784229799,-0.002024112051140614,-0.009876349784229799,-0.002024112051140614,-0.009876349784229799,-1.0279266312588222,-0.5186694319871449,-1.0259025192076816,-0.5087930822029151,0.0,0.0,Vmag_get_voltage_magnitude_series__angle_get_voltage_angle_series,true,Unknown,Ybus EMT reconstruction using exact complex bus-voltage phasors when available; otherwise diagnostic fallback
6.02,-0.002024717560687783,-0.00987746897565056,-0.002024717560687783,-0.00987746897565056,-0.002024717560687783,-0.00987746897565056,-1.0279272367683694,-0.5186705511785656,-1.0259025192076816,-0.5087930822029151,0.0,0.0,Vmag_get_voltage_magnitude_series__angle_get_voltage_angle_series,true,Unknown,Ybus EMT reconstruction using exact complex bus-voltage phasors when available; otherwise diagnostic fallback
6.03,-0.0020253165482768676,-0.009878578430051799,-0.0020253165482768676,-0.009878578430051799,-0.0020253165482768676,-0.009878578430051799,-1.0279278357559585,-0.5186716606329669,-1.0259025192076816,-0.5087930822029151,0.0,0.0,Vmag_get_voltage_magnitude_series__angle_get_voltage_angle_series,true,Unknown,Ybus EMT reconstruction using exact complex bus-voltage phasors when available; otherwise diagnostic fallback
6.04,-0.0020259090298784255,-0.009879678162537098,-0.0020259090298784255,-0.009879678162537098,-0.0020259090298784255,-0.009879678162537098,-1.02792842823756,-0.5186727603654522,-1.0259025192076816,-0.5087930822029151,0.0,0.0,Vmag_get_voltage_magnitude_series__angle_get_voltage_angle_series,true,Unknown,Ybus EMT reconstruction using exact complex bus-voltage phasors when available; otherwise diagnostic fallback
6.05,-0.002026495021816954,-0.009880768188723854,-0.002026495021816954,-0.009880768188723854,-0.002026495021816954,-0.009880768188723854,-1.0279290142294986,-0.5186738503916389,-1.0259025192076816,-0.5087930822029151,0.0,0.0,Vmag_get_voltage_magnitude_series__angle_get_voltage_angle_series,true,Unknown,Ybus EMT reconstruction using exact complex bus-voltage phasors when available; otherwise diagnostic fallback
6.06,-0.0020270745407817703,-0.009881848524836312,-0.0020270745407817703,-0.009881848524836312,-0.0020270745407817703,-0.009881848524836312,-1.0279295937484634,-0.5186749307277514,-1.0259025192076816,-0.5087930822029151,0.0,0.0,Vmag_get_voltage_magnitude_series__angle_get_voltage_angle_series,true,Unknown,Ybus EMT reconstruction using exact complex bus-voltage phasors when available; otherwise diagnostic fallback
6.07,-0.0020276476038305624,-0.00988291918755857,-0.0020276476038305624,-0.00988291918755857,-0.0020276476038305624,-0.00988291918755857,-1.0279301668115122,-0.5186760013904737,-1.0259025192076816,-0.5087930822029151,0.0,0.0,Vmag_get_voltage_magnitude_series__angle_get_voltage_angle_series,true,Unknown,Ybus EMT reconstruction using exact complex bus-voltage phasors when available; otherwise diagnostic fallback
6.08,-0.002028214228418479,-0.009883980193969188,-0.002028214228418479,-0.009883980193969188,-0.002028214228418479,-0.009883980193969188,-1.0279307334361,-0.5186770623968843,-1.0259025192076816,-0.5087930822029151,0.0,0.0,Vmag_get_voltage_magnitude_series__angle_get_voltage_angle_series,true,Unknown,Ybus EMT reconstruction using exact complex bus-voltage phasors when available; otherwise diagnostic fallback
6.09,-0.002028774432217606,-0.009885031561761792,-0.002028774432217606,-0.009885031561761792,-0.002028774432217606,-0.009885031561761792,-1.0279312936398992,-0.5186781137646769,-1.0259025192076816,-0.5087930822029151,0.0,0.0,Vmag_get_voltage_magnitude_series__angle_get_voltage_angle_series,true,Unknown,Ybus EMT reconstruction using exact complex bus-voltage phasors when available; otherwise diagnostic fallback
6.1,-0.0020293282333729845,-0.00988607330906599,-0.0020293282333729845,-0.00988607330906599,-0.0020293282333729845,-0.00988607330906599,-1.0279318474410546,-0.5186791555119811,-1.0259025192076816,-0.5087930822029151,0.0,0.0,Vmag_get_voltage_magnitude_series__angle_get_voltage_angle_series,true,Unknown,Ybus EMT reconstruction using exact complex bus-voltage phasors when available; otherwise diagnostic fallback
6.11,-0.0020298756503189797,-0.009887105454537193,-0.0020298756503189797,-0.009887105454537193,-0.0020298756503189797,-0.009887105454537193,-1.0279323948580006,-0.5186801876574523,-1.0259025192076816,-0.5087930822029151,0.0,0.0,Vmag_get_voltage_magnitude_series__angle_get_voltage_angle_series,true,Unknown,Ybus EMT reconstruction using exact complex bus-voltage phasors when available; otherwise diagnostic fallback
6.12,-0.0020304167017897168,-0.009888128017245146,-0.0020304167017897168,-0.009888128017245146,-0.0020304167017897168,-0.009888128017245146,-1.0279329359094713,-0.5186812102201602,-1.0259025192076816,-0.5087930822029151,0.0,0.0,Vmag_get_voltage_magnitude_series__angle_get_voltage_angle_series,true,Unknown,Ybus EMT reconstruction using exact complex bus-voltage phasors when available; otherwise diagnostic fallback
6.13,-0.002030951406890358,-0.009889141016785286,-0.002030951406890358,-0.009889141016785286,-0.002030951406890358,-0.009889141016785286,-1.027933470614572,-0.5186822232197004,-1.0259025192076816,-0.5087930822029151,0.0,0.0,Vmag_get_voltage_magnitude_series__angle_get_voltage_angle_series,true,Unknown,Ybus EMT reconstruction using exact complex bus-voltage phasors when available; otherwise diagnostic fallback
6.14,-0.002031479785052248,-0.009890144473208795,-0.002031479785052248,-0.009890144473208795,-0.002031479785052248,-0.009890144473208795,-1.0279339989927339,-0.5186832266761239,-1.0259025192076816,-0.5087930822029151,0.0,0.0,Vmag_get_voltage_magnitude_series__angle_get_voltage_angle_series,true,Unknown,Ybus EMT reconstruction using exact complex bus-voltage phasors when available; otherwise diagnostic fallback
6.15,-0.0020320018559776276,-0.00989113840699729,-0.0020320018559776276,-0.00989113840699729,-0.0020320018559776276,-0.00989113840699729,-1.0279345210636592,-0.5186842206099124,-1.0259025192076816,-0.5087930822029151,0.0,0.0,Vmag_get_voltage_magnitude_series__angle_get_voltage_angle_series,true,Unknown,Ybus EMT reconstruction using exact complex bus-voltage phasors when available; otherwise diagnostic fallback
6.16,-0.0020325176397251177,-0.00989212283922003,-0.0020325176397251177,-0.00989212283922003,-0.0020325176397251177,-0.00989212283922003,-1.0279350368474067,-0.5186852050421351,-1.0259025192076816,-0.5087930822029151,0.0,0.0,Vmag_get_voltage_magnitude_series__angle_get_voltage_angle_series,true,Unknown,Ybus EMT reconstruction using exact complex bus-voltage phasors when available; otherwise diagnostic fallback
6.17,-0.0020330271566646463,-0.009893097791249028,-0.0020330271566646463,-0.009893097791249028,-0.0020330271566646463,-0.009893097791249028,-1.0279355463643463,-0.5186861799941641,-1.0259025192076816,-0.5087930822029151,0.0,0.0,Vmag_get_voltage_magnitude_series__angle_get_voltage_angle_series,true,Unknown,Ybus EMT reconstruction using exact complex bus-voltage phasors when available; otherwise diagnostic fallback
6.18,-0.002033530427422159,-0.009894063285060817,-0.002033530427422159,-0.009894063285060817,-0.002033530427422159,-0.009894063285060817,-1.0279360496351038,-0.5186871454879759,-1.0259025192076816,-0.5087930822029151,0.0,0.0,Vmag_get_voltage_magnitude_series__angle_get_voltage_angle_series,true,Unknown,Ybus EMT reconstruction using exact complex bus-voltage phasors when available; otherwise diagnostic fallback
6.19,-0.0020340274729955254,-0.009895019343026945,-0.0020340274729955254,-0.009895019343026945,-0.0020340274729955254,-0.009895019343026945,-1.0279365466806771,-0.518688101545942,-1.0259025192076816,-0.5087930822029151,0.0,0.0,Vmag_get_voltage_magnitude_series__angle_get_voltage_angle_series,true,Unknown,Ybus EMT reconstruction using exact complex bus-voltage phasors when available; otherwise diagnostic fallback
6.2,-0.0020345183146039947,-0.009895965987866684,-0.0020345183146039947,-0.009895965987866684,-0.0020345183146039947,-0.009895965987866684,-1.0279370375222856,-0.5186890481907818,-1.0259025192076816,-0.5087930822029151,0.0,0.0,Vmag_get_voltage_magnitude_series__angle_get_voltage_angle_series,true,Unknown,Ybus EMT reconstruction using exact complex bus-voltage phasors when available; otherwise diagnostic fallback
6.21,-0.0020350029738409603,-0.009896903243016286,-0.0020350029738409603,-0.009896903243016286,-0.0020350029738409603,-0.009896903243016286,-1.0279375221815226,-0.5186899854459314,-1.0259025192076816,-0.5087930822029151,0.0,0.0,Vmag_get_voltage_magnitude_series__angle_get_voltage_angle_series,true,Unknown,Ybus EMT reconstruction using exact complex bus-voltage phasors when available; otherwise diagnostic fallback
6.22,-0.002035481472502987,-0.009897831132149704,-0.002035481472502987,-0.009897831132149704,-0.002035481472502987,-0.009897831132149704,-1.0279380006801846,-0.5186909133350648,-1.0259025192076816,-0.5087930822029151,0.0,0.0,Vmag_get_voltage_magnitude_series__angle_get_voltage_angle_series,true,Unknown,Ybus EMT reconstruction using exact complex bus-voltage phasors when available; otherwise diagnostic fallback
6.23,-0.0020359538327243687,-0.009898749679386087,-0.0020359538327243687,-0.009898749679386087,-0.0020359538327243687,-0.009898749679386087,-1.027938473040406,-0.5186918318823012,-1.0259025192076816,-0.5087930822029151,0.0,0.0,Vmag_get_voltage_magnitude_series__angle_get_voltage_angle_series,true,Unknown,Ybus EMT reconstruction using exact complex bus-voltage phasors when available; otherwise diagnostic fallback
6.24,-0.0020364200769356078,-0.009899658909365838,-0.0020364200769356078,-0.009899658909365838,-0.0020364200769356078,-0.009899658909365838,-1.0279389392846172,-0.5186927411122809,-1.0259025192076816,-0.5087930822029151,0.0,0.0,Vmag_get_voltage_magnitude_series__angle_get_voltage_angle_series,true,Unknown,Ybus EMT reconstruction using exact complex bus-voltage phasors when available; otherwise diagnostic fallback
6.25,-0.0020368802277777043,-0.009900558847185659,-0.0020368802277777043,-0.009900558847185659,-0.0020368802277777043,-0.009900558847185659,-1.0279393994354593,-0.5186936410501007,-1.0259025192076816,-0.5087930822029151,0.0,0.0,Vmag_get_voltage_magnitude_series__angle_get_voltage_angle_series,true,Unknown,Ybus EMT reconstruction using exact complex bus-voltage phasors when available; otherwise diagnostic fallback
6.26,-0.0020373343082349393,-0.009901449518254002,-0.0020373343082349393,-0.009901449518254002,-0.0020373343082349393,-0.009901449518254002,-1.0279398535159165,-0.5186945317211691,-1.0259025192076816,-0.5087930822029151,0.0,0.0,Vmag_get_voltage_magnitude_series__angle_get_voltage_angle_series,true,Unknown,Ybus EMT reconstruction using exact complex bus-voltage phasors when available; otherwise diagnostic fallback
6.27,-0.002037782341504313,-0.00990233094849502,-0.002037782341504313,-0.00990233094849502,-0.002037782341504313,-0.00990233094849502,-1.027940301549186,-0.5186954131514101,-1.0259025192076816,-0.5087930822029151,0.0,0.0,Vmag_get_voltage_magnitude_series__angle_get_voltage_angle_series,true,Unknown,Ybus EMT reconstruction using exact complex bus-voltage phasors when available; otherwise diagnostic fallback
6.28,-0.0020382243510852494,-0.009903203164248309,-0.0020382243510852494,-0.009903203164248309,-0.0020382243510852494,-0.009903203164248309,-1.0279407435587669,-0.5186962853671634,-1.0259025192076816,-0.5087930822029151,0.0,0.0,Vmag_get_voltage_magnitude_series__angle_get_voltage_angle_series,true,Unknown,Ybus EMT reconstruction using exact complex bus-voltage phasors when available; otherwise diagnostic fallback
6.29,-0.00203866036071898,-0.009904066192302441,-0.00203866036071898,-0.009904066192302441,-0.00203866036071898,-0.009904066192302441,-1.0279411795684006,-0.5186971483952175,-1.0259025192076816,-0.5087930822029151,0.0,0.0,Vmag_get_voltage_magnitude_series__angle_get_voltage_angle_series,true,Unknown,Ybus EMT reconstruction using exact complex bus-voltage phasors when available; otherwise diagnostic fallback
6.3,-0.002039090394433396,-0.009904920059744637,-0.002039090394433396,-0.009904920059744637,-0.002039090394433396,-0.009904920059744637,-1.027941609602115,-0.5186980022626597,-1.0259025192076816,-0.5087930822029151,0.0,0.0,Vmag_get_voltage_magnitude_series__angle_get_voltage_angle_series,true,Unknown,Ybus EMT reconstruction using exact complex bus-voltage phasors when available; otherwise diagnostic fallback
6.31,-0.002039514476456006,-0.0099057647942572,-0.002039514476456006,-0.0099057647942572,-0.002039514476456006,-0.0099057647942572,-1.0279420336841376,-0.5186988469971723,-1.0259025192076816,-0.5087930822029151,0.0,0.0,Vmag_get_voltage_magnitude_series__angle_get_voltage_angle_series,true,Unknown,Ybus EMT reconstruction using exact complex bus-voltage phasors when available; otherwise diagnostic fallback
6.32,-0.0020399326313196298,-0.009906600423771339,-0.0020399326313196298,-0.009906600423771339,-0.0020399326313196298,-0.009906600423771339,-1.0279424518390012,-0.5186996826266864,-1.0259025192076816,-0.5087930822029151,0.0,0.0,Vmag_get_voltage_magnitude_series__angle_get_voltage_angle_series,true,Unknown,Ybus EMT reconstruction using exact complex bus-voltage phasors when available; otherwise diagnostic fallback
6.33,-0.0020403448837584826,-0.009907426976665135,-0.0020403448837584826,-0.009907426976665135,-0.0020403448837584826,-0.009907426976665135,-1.02794286409144,-0.5187005091795802,-1.0259025192076816,-0.5087930822029151,0.0,0.0,Vmag_get_voltage_magnitude_series__angle_get_voltage_angle_series,true,Unknown,Ybus EMT reconstruction using exact complex bus-voltage phasors when available; otherwise diagnostic fallback
6.34,-0.002040751258801654,-0.009908244481728334,-0.002040751258801654,-0.009908244481728334,-0.002040751258801654,-0.009908244481728334,-1.0279432704664833,-0.5187013266846434,-1.0259025192076816,-0.5087930822029151,0.0,0.0,Vmag_get_voltage_magnitude_series__angle_get_voltage_angle_series,true,Unknown,Ybus EMT reconstruction using exact complex bus-voltage phasors when available; otherwise diagnostic fallback
6.35,-0.0020411517816498748,-0.00990905296816258,-0.0020411517816498748,-0.00990905296816258,-0.0020411517816498748,-0.00990905296816258,-1.0279436709893315,-0.5187021351710777,-1.0259025192076816,-0.5087930822029151,0.0,0.0,Vmag_get_voltage_magnitude_series__angle_get_voltage_angle_series,true,Unknown,Ybus EMT reconstruction using exact complex bus-voltage phasors when available; otherwise diagnostic fallback
6.36,-0.0020415464777916448,-0.009909852465529556,-0.0020415464777916448,-0.009909852465529556,-0.0020415464777916448,-0.009909852465529556,-1.0279440656854733,-0.5187029346684446,-1.0259025192076816,-0.5087930822029151,0.0,0.0,Vmag_get_voltage_magnitude_series__angle_get_voltage_angle_series,true,Unknown,Ybus EMT reconstruction using exact complex bus-voltage phasors when available; otherwise diagnostic fallback
6.37,-0.0020419353729117518,-0.009910643003781305,-0.0020419353729117518,-0.009910643003781305,-0.0020419353729117518,-0.009910643003781305,-1.0279444545805934,-0.5187037252066964,-1.0259025192076816,-0.5087930822029151,0.0,0.0,Vmag_get_voltage_magnitude_series__angle_get_voltage_angle_series,true,Unknown,Ybus EMT reconstruction using exact complex bus-voltage phasors when available; otherwise diagnostic fallback
6.38,-0.0020423184929636573,-0.009911424613134101,-0.0020423184929636573,-0.009911424613134101,-0.0020423184929636573,-0.009911424613134101,-1.0279448377006453,-0.5187045068160492,-1.0259025192076816,-0.5087930822029151,0.0,0.0,Vmag_get_voltage_magnitude_series__angle_get_voltage_angle_series,true,Unknown,Ybus EMT reconstruction using exact complex bus-voltage phasors when available; otherwise diagnostic fallback
6.39,-0.0020426958640735737,-0.009912197324462357,-0.0020426958640735737,-0.009912197324462357,-0.0020426958640735737,-0.009912197324462357,-1.0279452150717552,-0.5187052795273774,-1.0259025192076816,-0.5087930822029151,0.0,0.0,Vmag_get_voltage_magnitude_series__angle_get_voltage_angle_series,true,Unknown,Ybus EMT reconstruction using exact complex bus-voltage phasors when available; otherwise diagnostic fallback
6.4,-0.0020430675126170694,-0.009912961168699441,-0.0020430675126170694,-0.009912961168699441,-0.0020430675126170694,-0.009912961168699441,-1.0279455867202987,-0.5187060433716145,-1.0259025192076816,-0.5087930822029151,0.0,0.0,Vmag_get_voltage_magnitude_series__angle_get_voltage_angle_series,true,Unknown,Ybus EMT reconstruction using exact complex bus-voltage phasors when available; otherwise diagnostic fallback
6.41,-0.002043433465185096,-0.009913716177244791,-0.002043433465185096,-0.009913716177244791,-0.002043433465185096,-0.009913716177244791,-1.0279459526728667,-0.5187067983801599,-1.0259025192076816,-0.5087930822029151,0.0,0.0,Vmag_get_voltage_magnitude_series__angle_get_voltage_angle_series,true,Unknown,Ybus EMT reconstruction using exact complex bus-voltage phasors when available; otherwise diagnostic fallback
6.42,-0.002043793748566225,-0.00991446238189786,-0.002043793748566225,-0.00991446238189786,-0.002043793748566225,-0.00991446238189786,-1.0279463129562478,-0.5187075445848129,-1.0259025192076816,-0.5087930822029151,0.0,0.0,Vmag_get_voltage_magnitude_series__angle_get_voltage_angle_series,true,Unknown,Ybus EMT reconstruction using exact complex bus-voltage phasors when available; otherwise diagnostic fallback
6.43,-0.002044148389765521,-0.009915199814814812,-0.002044148389765521,-0.009915199814814812,-0.002044148389765521,-0.009915199814814812,-1.0279466675974471,-0.5187082820177299,-1.0259025192076816,-0.5087930822029151,0.0,0.0,Vmag_get_voltage_magnitude_series__angle_get_voltage_angle_series,true,Unknown,Ybus EMT reconstruction using exact complex bus-voltage phasors when available; otherwise diagnostic fallback
6.44,-0.00204449741598145,-0.009915928508397398,-0.00204449741598145,-0.009915928508397398,-0.00204449741598145,-0.009915928508397398,-1.027947016623663,-0.5187090107113125,-1.0259025192076816,-0.5087930822029151,0.0,0.0,Vmag_get_voltage_magnitude_series__angle_get_voltage_angle_series,true,Unknown,Ybus EMT reconstruction using exact complex bus-voltage phasors when available; otherwise diagnostic fallback
6.45,-0.0020448408546365204,-0.009916648495427949,-0.0020448408546365204,-0.009916648495427949,-0.0020448408546365204,-0.009916648495427949,-1.0279473600623181,-0.518709730698343,-1.0259025192076816,-0.5087930822029151,0.0,0.0,Vmag_get_voltage_magnitude_series__angle_get_voltage_angle_series,true,Unknown,Ybus EMT reconstruction using exact complex bus-voltage phasors when available; otherwise diagnostic fallback
6.46,-0.0020451787333028992,-0.009917359809106241,-0.0020451787333028992,-0.009917359809106241,-0.0020451787333028992,-0.009917359809106241,-1.0279476979409845,-0.5187104420120213,-1.0259025192076816,-0.5087930822029151,0.0,0.0,Vmag_get_voltage_magnitude_series__angle_get_voltage_angle_series,true,Unknown,Ybus EMT reconstruction using exact complex bus-voltage phasors when available; otherwise diagnostic fallback
6.47,-0.002045511079795448,-0.00991806248278393,-0.002045511079795448,-0.00991806248278393,-0.002045511079795448,-0.00991806248278393,-1.027948030287477,-0.518711144685699,-1.0259025192076816,-0.5087930822029151,0.0,0.0,Vmag_get_voltage_magnitude_series__angle_get_voltage_angle_series,true,Unknown,Ybus EMT reconstruction using exact complex bus-voltage phasors when available; otherwise diagnostic fallback
6.48,-0.0020458379220673617,-0.009918756550289842,-0.0020458379220673617,-0.009918756550289842,-0.0020458379220673617,-0.009918756550289842,-1.027948357129749,-0.5187118387532049,-1.0259025192076816,-0.5087930822029151,0.0,0.0,Vmag_get_voltage_magnitude_series__angle_get_voltage_angle_series,true,Unknown,Ybus EMT reconstruction using exact complex bus-voltage phasors when available; otherwise diagnostic fallback
6.49,-0.002046159288309868,-0.009919442045643989,-0.002046159288309868,-0.009919442045643989,-0.002046159288309868,-0.009919442045643989,-1.0279486784959915,-0.5187125242485591,-1.0259025192076816,-0.5087930822029151,0.0,0.0,Vmag_get_voltage_magnitude_series__angle_get_voltage_angle_series,true,Unknown,Ybus EMT reconstruction using exact complex bus-voltage phasors when available; otherwise diagnostic fallback
6.5,-0.00204647520682788,-0.00992011900323464,-0.00204647520682788,-0.00992011900323464,-0.00204647520682788,-0.00992011900323464,-1.0279489944145095,-0.5187132012061497,-1.0259025192076816,-0.5087930822029151,0.0,0.0,Vmag_get_voltage_magnitude_series__angle_get_voltage_angle_series,true,Unknown,Ybus EMT reconstruction using exact complex bus-voltage phasors when available; otherwise diagnostic fallback
6.51,-0.0020467857061390315,-0.009920787457759705,-0.0020467857061390315,-0.009920787457759705,-0.0020467857061390315,-0.009920787457759705,-1.0279493049138206,-0.5187138696606748,-1.0259025192076816,-0.5087930822029151,0.0,0.0,Vmag_get_voltage_magnitude_series__angle_get_voltage_angle_series,true,Unknown,Ybus EMT reconstruction using exact complex bus-voltage phasors when available; otherwise diagnostic fallback
6.52,-0.0020470908149610167,-0.00992144744418988,-0.0020470908149610167,-0.00992144744418988,-0.0020470908149610167,-0.00992144744418988,-1.0279496100226426,-0.518714529647105,-1.0259025192076816,-0.5087930822029151,0.0,0.0,Vmag_get_voltage_magnitude_series__angle_get_voltage_angle_series,true,Unknown,Ybus EMT reconstruction using exact complex bus-voltage phasors when available; otherwise diagnostic fallback
6.53,-0.0020473905620945754,-0.009922098997794171,-0.0020473905620945754,-0.009922098997794171,-0.0020473905620945754,-0.009922098997794171,-1.0279499097697762,-0.5187151812007093,-1.0259025192076816,-0.5087930822029151,0.0,0.0,Vmag_get_voltage_magnitude_series__angle_get_voltage_angle_series,true,Unknown,Ybus EMT reconstruction using exact complex bus-voltage phasors when available; otherwise diagnostic fallback
6.54,-0.0020476849765915794,-0.00992274215408373,-0.0020476849765915794,-0.00992274215408373,-0.0020476849765915794,-0.00992274215408373,-1.0279502041842732,-0.5187158243569988,-1.0259025192076816,-0.5087930822029151,0.0,0.0,Vmag_get_voltage_magnitude_series__angle_get_voltage_angle_series,true,Unknown,Ybus EMT reconstruction using exact complex bus-voltage phasors when available; otherwise diagnostic fallback
6.55,-0.002047974087609594,-0.009923376948893115,-0.002047974087609594,-0.009923376948893115,-0.002047974087609594,-0.009923376948893115,-1.0279504932952912,-0.5187164591518082,-1.0259025192076816,-0.5087930822029151,0.0,0.0,Vmag_get_voltage_magnitude_series__angle_get_voltage_angle_series,true,Unknown,Ybus EMT reconstruction using exact complex bus-voltage phasors when available; otherwise diagnostic fallback
6.56,-0.002048257924455177,-0.00992400341828592,-0.002048257924455177,-0.00992400341828592,-0.002048257924455177,-0.00992400341828592,-1.0279507771321368,-0.518717085621201,-1.0259025192076816,-0.5087930822029151,0.0,0.0,Vmag_get_voltage_magnitude_series__angle_get_voltage_angle_series,true,Unknown,Ybus EMT reconstruction using exact complex bus-voltage phasors when available; otherwise diagnostic fallback
6.57,-0.0020485365166198477,-0.009924621598640493,-0.0020485365166198477,-0.009924621598640493,-0.0020485365166198477,-0.009924621598640493,-1.0279510557243015,-0.5187177038015556,-1.0259025192076816,-0.5087930822029151,0.0,0.0,Vmag_get_voltage_magnitude_series__angle_get_voltage_angle_series,true,Unknown,Ybus EMT reconstruction using exact complex bus-voltage phasors when available; otherwise diagnostic fallback
6.58,-0.0020488098937259114,-0.009925231526566991,-0.0020488098937259114,-0.009925231526566991,-0.0020488098937259114,-0.009925231526566991,-1.0279513291014075,-0.5187183137294821,-1.0259025192076816,-0.5087930822029151,0.0,0.0,Vmag_get_voltage_magnitude_series__angle_get_voltage_angle_series,true,Unknown,Ybus EMT reconstruction using exact complex bus-voltage phasors when available; otherwise diagnostic fallback
6.59,-0.002049078085533562,-0.009925833238932147,-0.002049078085533562,-0.009925833238932147,-0.002049078085533562,-0.009925833238932147,-1.0279515972932152,-0.5187189154418472,-1.0259025192076816,-0.5087930822029151,0.0,0.0,Vmag_get_voltage_magnitude_series__angle_get_voltage_angle_series,true,Unknown,Ybus EMT reconstruction using exact complex bus-voltage phasors when available; otherwise diagnostic fallback
6.6,-0.002049341121934445,-0.00992642677284361,-0.002049341121934445,-0.00992642677284361,-0.002049341121934445,-0.00992642677284361,-1.027951860329616,-0.5187195089757587,-1.0259025192076816,-0.5087930822029151,0.0,0.0,Vmag_get_voltage_magnitude_series__angle_get_voltage_angle_series,true,Unknown,Ybus EMT reconstruction using exact complex bus-voltage phasors when available; otherwise diagnostic fallback
6.61,-0.0020495990329660874,-0.009927012165577898,-0.0020495990329660874,-0.009927012165577898,-0.0020495990329660874,-0.009927012165577898,-1.0279521182406477,-0.518720094368493,-1.0259025192076816,-0.5087930822029151,0.0,0.0,Vmag_get_voltage_magnitude_series__angle_get_voltage_angle_series,true,Unknown,Ybus EMT reconstruction using exact complex bus-voltage phasors when available; otherwise diagnostic fallback
6.62,-0.002049851848807016,-0.009927589454872154,-0.002049851848807016,-0.009927589454872154,-0.002049851848807016,-0.009927589454872154,-1.0279523710564886,-0.5187206716577872,-1.0259025192076816,-0.5087930822029151,0.0,0.0,Vmag_get_voltage_magnitude_series__angle_get_voltage_angle_series,true,Unknown,Ybus EMT reconstruction using exact complex bus-voltage phasors when available; otherwise diagnostic fallback
6.63,-0.0020500995997223548,-0.009928158678474741,-0.0020500995997223548,-0.009928158678474741,-0.0020500995997223548,-0.009928158678474741,-1.027952618807404,-0.5187212408813898,-1.0259025192076816,-0.5087930822029151,0.0,0.0,Vmag_get_voltage_magnitude_series__angle_get_voltage_angle_series,true,Unknown,Ybus EMT reconstruction using exact complex bus-voltage phasors when available; otherwise diagnostic fallback
6.64,-0.0020503423161344347,-0.00992871987447741,-0.0020503423161344347,-0.00992871987447741,-0.0020503423161344347,-0.00992871987447741,-1.027952861523816,-0.5187218020773925,-1.0259025192076816,-0.5087930822029151,0.0,0.0,Vmag_get_voltage_magnitude_series__angle_get_voltage_angle_series,true,Unknown,Ybus EMT reconstruction using exact complex bus-voltage phasors when available; otherwise diagnostic fallback
6.65,-0.0020505800285750553,-0.009929273081002998,-0.0020505800285750553,-0.009929273081002998,-0.0020505800285750553,-0.009929273081002998,-1.0279530992362567,-0.5187223552839181,-1.0259025192076816,-0.5087930822029151,0.0,0.0,Vmag_get_voltage_magnitude_series__angle_get_voltage_angle_series,true,Unknown,Ybus EMT reconstruction using exact complex bus-voltage phasors when available; otherwise diagnostic fallback
6.66,-0.002050812767682153,-0.009929818336726681,-0.002050812767682153,-0.009929818336726681,-0.002050812767682153,-0.009929818336726681,-1.0279533319753638,-0.5187229005396418,-1.0259025192076816,-0.5087930822029151,0.0,0.0,Vmag_get_voltage_magnitude_series__angle_get_voltage_angle_series,true,Unknown,Ybus EMT reconstruction using exact complex bus-voltage phasors when available; otherwise diagnostic fallback
6.67,-0.0020510405642284457,-0.00993035568022349,-0.0020510405642284457,-0.00993035568022349,-0.0020510405642284457,-0.00993035568022349,-1.02795355977191,-0.5187234378831386,-1.0259025192076816,-0.5087930822029151,0.0,0.0,Vmag_get_voltage_magnitude_series__angle_get_voltage_angle_series,true,Unknown,Ybus EMT reconstruction using exact complex bus-voltage phasors when available; otherwise diagnostic fallback
6.68,-0.002051263449025731,-0.009930885150474689,-0.002051263449025731,-0.009930885150474689,-0.002051263449025731,-0.009930885150474689,-1.0279537826567073,-0.5187239673533898,-1.0259025192076816,-0.5087930822029151,0.0,0.0,Vmag_get_voltage_magnitude_series__angle_get_voltage_angle_series,true,Unknown,Ybus EMT reconstruction using exact complex bus-voltage phasors when available; otherwise diagnostic fallback
6.69,-0.0020514814531076286,-0.009931406786586772,-0.0020514814531076286,-0.009931406786586772,-0.0020514814531076286,-0.009931406786586772,-1.0279540006607892,-0.5187244889895019,-1.0259025192076816,-0.5087930822029151,0.0,0.0,Vmag_get_voltage_magnitude_series__angle_get_voltage_angle_series,true,Unknown,Ybus EMT reconstruction using exact complex bus-voltage phasors when available; otherwise diagnostic fallback
6.7,-0.0020516946074859987,-0.00993192062779047,-0.0020516946074859987,-0.00993192062779047,-0.0020516946074859987,-0.00993192062779047,-1.0279542138151676,-0.5187250028307056,-1.0259025192076816,-0.5087930822029151,0.0,0.0,Vmag_get_voltage_magnitude_series__angle_get_voltage_angle_series,true,Unknown,Ybus EMT reconstruction using exact complex bus-voltage phasors when available; otherwise diagnostic fallback
6.71,-0.0020519029433190283,-0.009932426713698428,-0.0020519029433190283,-0.009932426713698428,-0.0020519029433190283,-0.009932426713698428,-1.0279544221510006,-0.5187255089166135,-1.0259025192076816,-0.5087930822029151,0.0,0.0,Vmag_get_voltage_magnitude_series__angle_get_voltage_angle_series,true,Unknown,Ybus EMT reconstruction using exact complex bus-voltage phasors when available; otherwise diagnostic fallback
6.72,-0.0020521064918834764,-0.009932925083854571,-0.0020521064918834764,-0.009932925083854571,-0.0020521064918834764,-0.009932925083854571,-1.027954625699565,-0.5187260072867697,-1.0259025192076816,-0.5087930822029151,0.0,0.0,Vmag_get_voltage_magnitude_series__angle_get_voltage_angle_series,true,Unknown,Ybus EMT reconstruction using exact complex bus-voltage phasors when available; otherwise diagnostic fallback
6.73,-0.002052305284501399,-0.009933415778269561,-0.002052305284501399,-0.009933415778269561,-0.002052305284501399,-0.009933415778269561,-1.027954824492183,-0.5187264979811846,-1.0259025192076816,-0.5087930822029151,0.0,0.0,Vmag_get_voltage_magnitude_series__angle_get_voltage_angle_series,true,Unknown,Ybus EMT reconstruction using exact complex bus-voltage phasors when available; otherwise diagnostic fallback
6.74,-0.0020524993526012114,-0.009933898836935295,-0.0020524993526012114,-0.009933898836935295,-0.0020524993526012114,-0.009933898836935295,-1.0279550185602828,-0.5187269810398504,-1.0259025192076816,-0.5087930822029151,0.0,0.0,Vmag_get_voltage_magnitude_series__angle_get_voltage_angle_series,true,Unknown,Ybus EMT reconstruction using exact complex bus-voltage phasors when available; otherwise diagnostic fallback
6.75,-0.0020526887276823835,-0.009934374300091808,-0.0020526887276823835,-0.009934374300091808,-0.0020526887276823835,-0.009934374300091808,-1.027955207935364,-0.5187274565030069,-1.0259025192076816,-0.5087930822029151,0.0,0.0,Vmag_get_voltage_magnitude_series__angle_get_voltage_angle_series,true,Unknown,Ybus EMT reconstruction using exact complex bus-voltage phasors when available; otherwise diagnostic fallback
6.76,-0.0020528734413156613,-0.009934842208099925,-0.0020528734413156613,-0.009934842208099925,-0.0020528734413156613,-0.009934842208099925,-1.0279553926489973,-0.518727924411015,-1.0259025192076816,-0.5087930822029151,0.0,0.0,Vmag_get_voltage_magnitude_series__angle_get_voltage_angle_series,true,Unknown,Ybus EMT reconstruction using exact complex bus-voltage phasors when available; otherwise diagnostic fallback
6.77,-0.00205305352516727,-0.009935302601545848,-0.00205305352516727,-0.009935302601545848,-0.00205305352516727,-0.009935302601545848,-1.0279555727328489,-0.5187283848044609,-1.0259025192076816,-0.5087930822029151,0.0,0.0,Vmag_get_voltage_magnitude_series__angle_get_voltage_angle_series,true,Unknown,Ybus EMT reconstruction using exact complex bus-voltage phasors when available; otherwise diagnostic fallback
6.78,-0.0020532290109689377,-0.009935755521189638,-0.0020532290109689377,-0.009935755521189638,-0.0020532290109689377,-0.009935755521189638,-1.0279557482186505,-0.5187288377241047,-1.0259025192076816,-0.5087930822029151,0.0,0.0,Vmag_get_voltage_magnitude_series__angle_get_voltage_angle_series,true,Unknown,Ybus EMT reconstruction using exact complex bus-voltage phasors when available; otherwise diagnostic fallback
6.79,-0.002053399930505906,-0.00993620100790038,-0.002053399930505906,-0.00993620100790038,-0.002053399930505906,-0.00993620100790038,-1.0279559191381875,-0.5187292832108155,-1.0259025192076816,-0.5087930822029151,0.0,0.0,Vmag_get_voltage_magnitude_series__angle_get_voltage_angle_series,true,Unknown,Ybus EMT reconstruction using exact complex bus-voltage phasors when available; otherwise diagnostic fallback
6.8,-0.002053566315627142,-0.009936639102676836,-0.002053566315627142,-0.009936639102676836,-0.002053566315627142,-0.009936639102676836,-1.0279560855233087,-0.5187297213055919,-1.0259025192076816,-0.5087930822029151,0.0,0.0,Vmag_get_voltage_magnitude_series__angle_get_voltage_angle_series,true,Unknown,Ybus EMT reconstruction using exact complex bus-voltage phasors when available; otherwise diagnostic fallback
6.81,-0.0020537281982746514,-0.009937069846771895,-0.0020537281982746514,-0.009937069846771895,-0.0020537281982746514,-0.009937069846771895,-1.0279562474059563,-0.518730152049687,-1.0259025192076816,-0.5087930822029151,0.0,0.0,Vmag_get_voltage_magnitude_series__angle_get_voltage_angle_series,true,Unknown,Ybus EMT reconstruction using exact complex bus-voltage phasors when available; otherwise diagnostic fallback
6.82,-0.0020538856104135306,-0.009937493281505505,-0.0020538856104135306,-0.009937493281505505,-0.0020538856104135306,-0.009937493281505505,-1.0279564048180951,-0.5187305754844206,-1.0259025192076816,-0.5087930822029151,0.0,0.0,Vmag_get_voltage_magnitude_series__angle_get_voltage_angle_series,true,Unknown,Ybus EMT reconstruction using exact complex bus-voltage phasors when available; otherwise diagnostic fallback
6.83,-0.0020540385840548403,-0.00993790944834283,-0.0020540385840548403,-0.00993790944834283,-0.0020540385840548403,-0.00993790944834283,-1.0279565577917364,-0.5187309916512579,-1.0259025192076816,-0.5087930822029151,0.0,0.0,Vmag_get_voltage_magnitude_series__angle_get_voltage_angle_series,true,Unknown,Ybus EMT reconstruction using exact complex bus-voltage phasors when available; otherwise diagnostic fallback
6.84,-0.0020541871513106713,-0.009938318388893475,-0.0020541871513106713,-0.009938318388893475,-0.0020541871513106713,-0.009938318388893475,-1.0279567063589923,-0.5187314005918086,-1.0259025192076816,-0.5087930822029151,0.0,0.0,Vmag_get_voltage_magnitude_series__angle_get_voltage_angle_series,true,Unknown,Ybus EMT reconstruction using exact complex bus-voltage phasors when available; otherwise diagnostic fallback
6.85,-0.002054331344281346,-0.009938720144944124,-0.002054331344281346,-0.009938720144944124,-0.002054331344281346,-0.009938720144944124,-1.027956850551963,-0.5187318023478592,-1.0259025192076816,-0.5087930822029151,0.0,0.0,Vmag_get_voltage_magnitude_series__angle_get_voltage_angle_series,true,Unknown,Ybus EMT reconstruction using exact complex bus-voltage phasors when available; otherwise diagnostic fallback
6.86,-0.002054471195191754,-0.009939114758367729,-0.002054471195191754,-0.009939114758367729,-0.002054471195191754,-0.009939114758367729,-1.0279569904028734,-0.5187321969612828,-1.0259025192076816,-0.5087930822029151,0.0,0.0,Vmag_get_voltage_magnitude_series__angle_get_voltage_angle_series,true,Unknown,Ybus EMT reconstruction using exact complex bus-voltage phasors when available; otherwise diagnostic fallback
6.87,-0.0020546067362094966,-0.009939502271170686,-0.0020546067362094966,-0.009939502271170686,-0.0020546067362094966,-0.009939502271170686,-1.027957125943891,-0.5187325844740858,-1.0259025192076816,-0.5087930822029151,0.0,0.0,Vmag_get_voltage_magnitude_series__angle_get_voltage_angle_series,true,Unknown,Ybus EMT reconstruction using exact complex bus-voltage phasors when available; otherwise diagnostic fallback
6.88,-0.002054737999605649,-0.00993988272554891,-0.002054737999605649,-0.00993988272554891,-0.002054737999605649,-0.00993988272554891,-1.0279572572072873,-0.518732964928464,-1.0259025192076816,-0.5087930822029151,0.0,0.0,Vmag_get_voltage_magnitude_series__angle_get_voltage_angle_series,true,Unknown,Ybus EMT reconstruction using exact complex bus-voltage phasors when available; otherwise diagnostic fallback
6.89,-0.00205486501767993,-0.009940256163596506,-0.00205486501767993,-0.009940256163596506,-0.00205486501767993,-0.009940256163596506,-1.0279573842253615,-0.5187333383665116,-1.0259025192076816,-0.5087930822029151,0.0,0.0,Vmag_get_voltage_magnitude_series__angle_get_voltage_angle_series,true,Unknown,Ybus EMT reconstruction using exact complex bus-voltage phasors when available; otherwise diagnostic fallback
6.9,-0.0020549878227780205,-0.009940622627840012,-0.0020549878227780205,-0.009940622627840012,-0.0020549878227780205,-0.009940622627840012,-1.0279575070304596,-0.5187337048307551,-1.0259025192076816,-0.5087930822029151,0.0,0.0,Vmag_get_voltage_magnitude_series__angle_get_voltage_angle_series,true,Unknown,Ybus EMT reconstruction using exact complex bus-voltage phasors when available; otherwise diagnostic fallback
6.91,-0.0020551064472200675,-0.00994098216078021,-0.0020551064472200675,-0.00994098216078021,-0.0020551064472200675,-0.00994098216078021,-1.0279576256549017,-0.5187340643636953,-1.0259025192076816,-0.5087930822029151,0.0,0.0,Vmag_get_voltage_magnitude_series__angle_get_voltage_angle_series,true,Unknown,Ybus EMT reconstruction using exact complex bus-voltage phasors when available; otherwise diagnostic fallback
6.92,-0.002055220923423917,-0.0099413348048345,-0.002055220923423917,-0.0099413348048345,-0.002055220923423917,-0.0099413348048345,-1.0279577401311055,-0.5187344170077496,-1.0259025192076816,-0.5087930822029151,0.0,0.0,Vmag_get_voltage_magnitude_series__angle_get_voltage_angle_series,true,Unknown,Ybus EMT reconstruction using exact complex bus-voltage phasors when available; otherwise diagnostic fallback
6.93,-0.002055331283778994,-0.009941680602835734,-0.002055331283778994,-0.009941680602835734,-0.002055331283778994,-0.009941680602835734,-1.0279578504914606,-0.5187347628057508,-1.0259025192076816,-0.5087930822029151,0.0,0.0,Vmag_get_voltage_magnitude_series__angle_get_voltage_angle_series,true,Unknown,Ybus EMT reconstruction using exact complex bus-voltage phasors when available; otherwise diagnostic fallback
6.94,-0.002055437560723794,-0.009942019597579232,-0.002055437560723794,-0.009942019597579232,-0.002055437560723794,-0.009942019597579232,-1.0279579567684054,-0.5187351018004943,-1.0259025192076816,-0.5087930822029151,0.0,0.0,Vmag_get_voltage_magnitude_series__angle_get_voltage_angle_series,true,Unknown,Ybus EMT reconstruction using exact complex bus-voltage phasors when available; otherwise diagnostic fallback
6.95,-0.0020555397867187963,-0.009942351831900731,-0.0020555397867187963,-0.009942351831900731,-0.0020555397867187963,-0.009942351831900731,-1.0279580589944004,-0.5187354340348158,-1.0259025192076816,-0.5087930822029151,0.0,0.0,Vmag_get_voltage_magnitude_series__angle_get_voltage_angle_series,true,Unknown,Ybus EMT reconstruction using exact complex bus-voltage phasors when available; otherwise diagnostic fallback
6.96,-0.002055637994201165,-0.009942677348813711,-0.002055637994201165,-0.009942677348813711,-0.002055637994201165,-0.009942677348813711,-1.0279581572018828,-0.5187357595517288,-1.0259025192076816,-0.5087930822029151,0.0,0.0,Vmag_get_voltage_magnitude_series__angle_get_voltage_angle_series,true,Unknown,Ybus EMT reconstruction using exact complex bus-voltage phasors when available; otherwise diagnostic fallback
6.97,-0.0020557322156953273,-0.009942996191428355,-0.0020557322156953273,-0.009942996191428355,-0.0020557322156953273,-0.009942996191428355,-1.027958251423377,-0.5187360783943434,-1.0259025192076816,-0.5087930822029151,0.0,0.0,Vmag_get_voltage_magnitude_series__angle_get_voltage_angle_series,true,Unknown,Ybus EMT reconstruction using exact complex bus-voltage phasors when available; otherwise diagnostic fallback
6.98,-0.002055822483675085,-0.009943308402800777,-0.002055822483675085,-0.009943308402800777,-0.002055822483675085,-0.009943308402800777,-1.0279583416913567,-0.5187363906057159,-1.0259025192076816,-0.5087930822029151,0.0,0.0,Vmag_get_voltage_magnitude_series__angle_get_voltage_angle_series,true,Unknown,Ybus EMT reconstruction using exact complex bus-voltage phasors when available; otherwise diagnostic fallback
6.99,-0.0020559088306211226,-0.009943614026238778,-0.0020559088306211226,-0.009943614026238778,-0.0020559088306211226,-0.009943614026238778,-1.0279584280383027,-0.5187366962291539,-1.0259025192076816,-0.5087930822029151,0.0,0.0,Vmag_get_voltage_magnitude_series__angle_get_voltage_angle_series,true,Unknown,Ybus EMT reconstruction using exact complex bus-voltage phasors when available; otherwise diagnostic fallback
7.0,-0.002055991289066972,-0.009943913105089908,-0.002055991289066972,-0.009943913105089908,-0.002055991289066972,-0.009943913105089908,-1.0279585104967486,-0.518736995308005,-1.0259025192076816,-0.5087930822029151,0.0,0.0,Vmag_get_voltage_magnitude_series__angle_get_voltage_angle_series,true,Unknown,Ybus EMT reconstruction using exact complex bus-voltage phasors when available; otherwise diagnostic fallback
7.01,-0.0020560698915290665,-0.009944205682669072,-0.0020560698915290665,-0.009944205682669072,-0.0020560698915290665,-0.009944205682669072,-1.0279585890992107,-0.5187372878855842,-1.0259025192076816,-0.5087930822029151,0.0,0.0,Vmag_get_voltage_magnitude_series__angle_get_voltage_angle_series,true,Unknown,Ybus EMT reconstruction using exact complex bus-voltage phasors when available; otherwise diagnostic fallback
7.02,-0.002056144670480542,-0.009944491802465372,-0.002056144670480542,-0.009944491802465372,-0.002056144670480542,-0.009944491802465372,-1.0279586638781621,-0.5187375740053805,-1.0259025192076816,-0.5087930822029151,0.0,0.0,Vmag_get_voltage_magnitude_series__angle_get_voltage_angle_series,true,Unknown,Ybus EMT reconstruction using exact complex bus-voltage phasors when available; otherwise diagnostic fallback
7.03,-0.002056215658466476,-0.009944771508013761,-0.002056215658466476,-0.009944771508013761,-0.002056215658466476,-0.009944771508013761,-1.027958734866148,-0.5187378537109288,-1.0259025192076816,-0.5087930822029151,0.0,0.0,Vmag_get_voltage_magnitude_series__angle_get_voltage_angle_series,true,Unknown,Ybus EMT reconstruction using exact complex bus-voltage phasors when available; otherwise diagnostic fallback
7.04,-0.0020562828879642225,-0.009945044842966877,-0.0020562828879642225,-0.009945044842966877,-0.0020562828879642225,-0.009945044842966877,-1.0279588020956458,-0.518738127045882,-1.0259025192076816,-0.5087930822029151,0.0,0.0,Vmag_get_voltage_magnitude_series__angle_get_voltage_angle_series,true,Unknown,Ybus EMT reconstruction using exact complex bus-voltage phasors when available; otherwise diagnostic fallback
7.05,-0.002056346391497099,-0.009945311850847904,-0.002056346391497099,-0.009945311850847904,-0.002056346391497099,-0.009945311850847904,-1.0279588655991787,-0.518738394053763,-1.0259025192076816,-0.5087930822029151,0.0,0.0,Vmag_get_voltage_magnitude_series__angle_get_voltage_angle_series,true,Unknown,Ybus EMT reconstruction using exact complex bus-voltage phasors when available; otherwise diagnostic fallback
7.06,-0.0020564062015342444,-0.00994557257542994,-0.0020564062015342444,-0.00994557257542994,-0.0020564062015342444,-0.00994557257542994,-1.0279589254092159,-0.518738654778345,-1.0259025192076816,-0.5087930822029151,0.0,0.0,Vmag_get_voltage_magnitude_series__angle_get_voltage_angle_series,true,Unknown,Ybus EMT reconstruction using exact complex bus-voltage phasors when available; otherwise diagnostic fallback
7.07,-0.002056462350542798,-0.009945827060403145,-0.002056462350542798,-0.009945827060403145,-0.002056462350542798,-0.009945827060403145,-1.0279589815582244,-0.5187389092633182,-1.0259025192076816,-0.5087930822029151,0.0,0.0,Vmag_get_voltage_magnitude_series__angle_get_voltage_angle_series,true,Unknown,Ybus EMT reconstruction using exact complex bus-voltage phasors when available; otherwise diagnostic fallback
7.08,-0.0020565148709845715,-0.009946075349668737,-0.0020565148709845715,-0.009946075349668737,-0.0020565148709845715,-0.009946075349668737,-1.0279590340786662,-0.5187391575525838,-1.0259025192076816,-0.5087930822029151,0.0,0.0,Vmag_get_voltage_magnitude_series__angle_get_voltage_angle_series,true,Unknown,Ybus EMT reconstruction using exact complex bus-voltage phasors when available; otherwise diagnostic fallback
7.09,-0.0020565637953173788,-0.009946317486980938,-0.0020565637953173788,-0.009946317486980938,-0.0020565637953173788,-0.009946317486980938,-1.027959083002999,-0.518739399689896,-1.0259025192076816,-0.5087930822029151,0.0,0.0,Vmag_get_voltage_magnitude_series__angle_get_voltage_angle_series,true,Unknown,Ybus EMT reconstruction using exact complex bus-voltage phasors when available; otherwise diagnostic fallback
7.1,-0.002056609155949518,-0.009946553516233636,-0.002056609155949518,-0.009946553516233636,-0.002056609155949518,-0.009946553516233636,-1.0279591283636311,-0.5187396357191487,-1.0259025192076816,-0.5087930822029151,0.0,0.0,Vmag_get_voltage_magnitude_series__angle_get_voltage_angle_series,true,Unknown,Ybus EMT reconstruction using exact complex bus-voltage phasors when available; otherwise diagnostic fallback
7.11,-0.0020566509852935067,-0.009946783481444954,-0.0020566509852935067,-0.009946783481444954,-0.0020566509852935067,-0.009946783481444954,-1.0279591701929751,-0.51873986568436,-1.0259025192076816,-0.5087930822029151,0.0,0.0,Vmag_get_voltage_magnitude_series__angle_get_voltage_angle_series,true,Unknown,Ybus EMT reconstruction using exact complex bus-voltage phasors when available; otherwise diagnostic fallback
7.12,-0.0020566893157161203,-0.009947007426413523,-0.0020566893157161203,-0.009947007426413523,-0.0020566893157161203,-0.009947007426413523,-1.0279592085233977,-0.5187400896293286,-1.0259025192076816,-0.5087930822029151,0.0,0.0,Vmag_get_voltage_magnitude_series__angle_get_voltage_angle_series,true,Unknown,Ybus EMT reconstruction using exact complex bus-voltage phasors when available; otherwise diagnostic fallback
7.13,-0.0020567241795415026,-0.00994722539518933,-0.0020567241795415026,-0.00994722539518933,-0.0020567241795415026,-0.00994722539518933,-1.027959243387223,-0.5187403075981044,-1.0259025192076816,-0.5087930822029151,0.0,0.0,Vmag_get_voltage_magnitude_series__angle_get_voltage_angle_series,true,Unknown,Ybus EMT reconstruction using exact complex bus-voltage phasors when available; otherwise diagnostic fallback
7.14,-0.002056755609124661,-0.009947437431784834,-0.002056755609124661,-0.009947437431784834,-0.002056755609124661,-0.009947437431784834,-1.0279592748168063,-0.5187405196346999,-1.0259025192076816,-0.5087930822029151,0.0,0.0,Vmag_get_voltage_magnitude_series__angle_get_voltage_angle_series,true,Unknown,Ybus EMT reconstruction using exact complex bus-voltage phasors when available; otherwise diagnostic fallback
7.15,-0.0020567836367457737,-0.009947643580193621,-0.0020567836367457737,-0.009947643580193621,-0.0020567836367457737,-0.009947643580193621,-1.0279593028444274,-0.5187407257831087,-1.0259025192076816,-0.5087930822029151,0.0,0.0,Vmag_get_voltage_magnitude_series__angle_get_voltage_angle_series,true,Unknown,Ybus EMT reconstruction using exact complex bus-voltage phasors when available; otherwise diagnostic fallback
7.16,-0.0020568082946343935,-0.00994784388445591,-0.0020568082946343935,-0.00994784388445591,-0.0020568082946343935,-0.00994784388445591,-1.027959327502316,-0.518740926087371,-1.0259025192076816,-0.5087930822029151,0.0,0.0,Vmag_get_voltage_magnitude_series__angle_get_voltage_angle_series,true,Unknown,Ybus EMT reconstruction using exact complex bus-voltage phasors when available; otherwise diagnostic fallback
7.17,-0.0020568296150234033,-0.009948038388642444,-0.0020568296150234033,-0.009948038388642444,-0.0020568296150234033,-0.009948038388642444,-1.027959348822705,-0.5187411205915575,-1.0259025192076816,-0.5087930822029151,0.0,0.0,Vmag_get_voltage_magnitude_series__angle_get_voltage_angle_series,true,Unknown,Ybus EMT reconstruction using exact complex bus-voltage phasors when available; otherwise diagnostic fallback
7.18,-0.0020568476300824035,-0.009948227136783339,-0.0020568476300824035,-0.009948227136783339,-0.0020568476300824035,-0.009948227136783339,-1.027959366837764,-0.5187413093396984,-1.0259025192076816,-0.5087930822029151,0.0,0.0,Vmag_get_voltage_magnitude_series__angle_get_voltage_angle_series,true,Unknown,Ybus EMT reconstruction using exact complex bus-voltage phasors when available; otherwise diagnostic fallback
7.19,-0.00205686237195013,-0.009948410172992195,-0.00205686237195013,-0.009948410172992195,-0.00205686237195013,-0.009948410172992195,-1.0279593815796317,-0.5187414923759073,-1.0259025192076816,-0.5087930822029151,0.0,0.0,Vmag_get_voltage_magnitude_series__angle_get_voltage_angle_series,true,Unknown,Ybus EMT reconstruction using exact complex bus-voltage phasors when available; otherwise diagnostic fallback
7.2,-0.0020568738727277935,-0.009948587541298681,-0.0020568738727277935,-0.009948587541298681,-0.0020568738727277935,-0.009948587541298681,-1.0279593930804094,-0.5187416697442138,-1.0259025192076816,-0.5087930822029151,0.0,0.0,Vmag_get_voltage_magnitude_series__angle_get_voltage_angle_series,true,Unknown,Ybus EMT reconstruction using exact complex bus-voltage phasors when available; otherwise diagnostic fallback
7.21,-0.002056882164433338,-0.009948759285795417,-0.002056882164433338,-0.009948759285795417,-0.002056882164433338,-0.009948759285795417,-1.027959401372115,-0.5187418414887105,-1.0259025192076816,-0.5087930822029151,0.0,0.0,Vmag_get_voltage_magnitude_series__angle_get_voltage_angle_series,true,Unknown,Ybus EMT reconstruction using exact complex bus-voltage phasors when available; otherwise diagnostic fallback
7.22,-0.0020568872790918125,-0.009948925450541601,-0.0020568872790918125,-0.009948925450541601,-0.0020568872790918125,-0.009948925450541601,-1.0279594064867734,-0.5187420076534567,-1.0259025192076816,-0.5087930822029151,0.0,0.0,Vmag_get_voltage_magnitude_series__angle_get_voltage_angle_series,true,Unknown,Ybus EMT reconstruction using exact complex bus-voltage phasors when available; otherwise diagnostic fallback
7.23,-0.002056889248621463,-0.009949086079594993,-0.002056889248621463,-0.009949086079594993,-0.002056889248621463,-0.009949086079594993,-1.027959408456303,-0.5187421682825101,-1.0259025192076816,-0.5087930822029151,0.0,0.0,Vmag_get_voltage_magnitude_series__angle_get_voltage_angle_series,true,Unknown,Ybus EMT reconstruction using exact complex bus-voltage phasors when available; otherwise diagnostic fallback
7.24,-0.0020568881049556342,-0.009949241217076299,-0.0020568881049556342,-0.009949241217076299,-0.0020568881049556342,-0.009949241217076299,-1.0279594073126372,-0.5187423234199914,-1.0259025192076816,-0.5087930822029151,0.0,0.0,Vmag_get_voltage_magnitude_series__angle_get_voltage_angle_series,true,Unknown,Ybus EMT reconstruction using exact complex bus-voltage phasors when available; otherwise diagnostic fallback
7.25,-0.0020568838798895595,-0.009949390906877409,-0.0020568838798895595,-0.009949390906877409,-0.0020568838798895595,-0.009949390906877409,-1.0279594030875712,-0.5187424731097925,-1.0259025192076816,-0.5087930822029151,0.0,0.0,Vmag_get_voltage_magnitude_series__angle_get_voltage_angle_series,true,Unknown,Ybus EMT reconstruction using exact complex bus-voltage phasors when available; otherwise diagnostic fallback
7.26,-0.002056876605249336,-0.009949535193101045,-0.002056876605249336,-0.009949535193101045,-0.002056876605249336,-0.009949535193101045,-1.027959395812931,-0.5187426173960161,-1.0259025192076816,-0.5087930822029151,0.0,0.0,Vmag_get_voltage_magnitude_series__angle_get_voltage_angle_series,true,Unknown,Ybus EMT reconstruction using exact complex bus-voltage phasors when available; otherwise diagnostic fallback
7.27,-0.0020568663127242814,-0.009949674119746899,-0.0020568663127242814,-0.009949674119746899,-0.0020568663127242814,-0.009949674119746899,-1.0279593855204059,-0.518742756322662,-1.0259025192076816,-0.5087930822029151,0.0,0.0,Vmag_get_voltage_magnitude_series__angle_get_voltage_angle_series,true,Unknown,Ybus EMT reconstruction using exact complex bus-voltage phasors when available; otherwise diagnostic fallback
7.28,-0.0020568530339926117,-0.009949807730753712,-0.0020568530339926117,-0.009949807730753712,-0.0020568530339926117,-0.009949807730753712,-1.0279593722416742,-0.5187428899336688,-1.0259025192076816,-0.5087930822029151,0.0,0.0,Vmag_get_voltage_magnitude_series__angle_get_voltage_angle_series,true,Unknown,Ybus EMT reconstruction using exact complex bus-voltage phasors when available; otherwise diagnostic fallback
7.29,-0.0020568368006459448,-0.00994993607008332,-0.0020568368006459448,-0.00994993607008332,-0.0020568368006459448,-0.00994993607008332,-1.0279593560083276,-0.5187430182729984,-1.0259025192076816,-0.5087930822029151,0.0,0.0,Vmag_get_voltage_magnitude_series__angle_get_voltage_angle_series,true,Unknown,Ybus EMT reconstruction using exact complex bus-voltage phasors when available; otherwise diagnostic fallback
7.3,-0.002056817644241482,-0.00995005918164471,-0.002056817644241482,-0.00995005918164471,-0.002056817644241482,-0.00995005918164471,-1.027959336851923,-0.5187431413845598,-1.0259025192076816,-0.5087930822029151,0.0,0.0,Vmag_get_voltage_magnitude_series__angle_get_voltage_angle_series,true,Unknown,Ybus EMT reconstruction using exact complex bus-voltage phasors when available; otherwise diagnostic fallback
7.31,-0.0020567955962094153,-0.009950177109371183,-0.0020567955962094153,-0.009950177109371183,-0.0020567955962094153,-0.009950177109371183,-1.027959314803891,-0.5187432593122863,-1.0259025192076816,-0.5087930822029151,0.0,0.0,Vmag_get_voltage_magnitude_series__angle_get_voltage_angle_series,true,Unknown,Ybus EMT reconstruction using exact complex bus-voltage phasors when available; otherwise diagnostic fallback
7.32,-0.002056770687959286,-0.009950289896987874,-0.002056770687959286,-0.009950289896987874,-0.002056770687959286,-0.009950289896987874,-1.027959289895641,-0.518743372099903,-1.0259025192076816,-0.5087930822029151,0.0,0.0,Vmag_get_voltage_magnitude_series__angle_get_voltage_angle_series,true,Unknown,Ybus EMT reconstruction using exact complex bus-voltage phasors when available; otherwise diagnostic fallback
7.33,-0.002056742950843571,-0.009950397588392224,-0.002056742950843571,-0.009950397588392224,-0.002056742950843571,-0.009950397588392224,-1.0279592621585252,-0.5187434797913073,-1.0259025192076816,-0.5087930822029151,0.0,0.0,Vmag_get_voltage_magnitude_series__angle_get_voltage_angle_series,true,Unknown,Ybus EMT reconstruction using exact complex bus-voltage phasors when available; otherwise diagnostic fallback
7.34,-0.0020567124160943973,-0.009950500227327352,-0.0020567124160943973,-0.009950500227327352,-0.0020567124160943973,-0.009950500227327352,-1.027959231623776,-0.5187435824302424,-1.0259025192076816,-0.5087930822029151,0.0,0.0,Vmag_get_voltage_magnitude_series__angle_get_voltage_angle_series,true,Unknown,Ybus EMT reconstruction using exact complex bus-voltage phasors when available; otherwise diagnostic fallback
7.35,-0.002056679114881055,-0.009950597857517174,-0.002056679114881055,-0.009950597857517174,-0.002056679114881055,-0.009950597857517174,-1.0279591983225627,-0.5187436800604323,-1.0259025192076816,-0.5087930822029151,0.0,0.0,Vmag_get_voltage_magnitude_series__angle_get_voltage_angle_series,true,Unknown,Ybus EMT reconstruction using exact complex bus-voltage phasors when available; otherwise diagnostic fallback
7.36,-0.00205664307831821,-0.009950690522597672,-0.00205664307831821,-0.009950690522597672,-0.00205664307831821,-0.009950690522597672,-1.0279591622859998,-0.5187437727255128,-1.0259025192076816,-0.5087930822029151,0.0,0.0,Vmag_get_voltage_magnitude_series__angle_get_voltage_angle_series,true,Unknown,Ybus EMT reconstruction using exact complex bus-voltage phasors when available; otherwise diagnostic fallback
7.37,-0.0020566043374226073,-0.009950778266171412,-0.0020566043374226073,-0.009950778266171412,-0.0020566043374226073,-0.009950778266171412,-1.0279591235451042,-0.5187438604690865,-1.0259025192076816,-0.5087930822029151,0.0,0.0,Vmag_get_voltage_magnitude_series__angle_get_voltage_angle_series,true,Unknown,Ybus EMT reconstruction using exact complex bus-voltage phasors when available; otherwise diagnostic fallback
7.38,-0.0020565629231363847,-0.009950861131850397,-0.0020565629231363847,-0.009950861131850397,-0.0020565629231363847,-0.009950861131850397,-1.027959082130818,-0.5187439433347655,-1.0259025192076816,-0.5087930822029151,0.0,0.0,Vmag_get_voltage_magnitude_series__angle_get_voltage_angle_series,true,Unknown,Ybus EMT reconstruction using exact complex bus-voltage phasors when available; otherwise diagnostic fallback
7.39,-0.002056518866317525,-0.009950939163125061,-0.002056518866317525,-0.009950939163125061,-0.002056518866317525,-0.009950939163125061,-1.0279590380739991,-0.5187440213660401,-1.0259025192076816,-0.5087930822029151,0.0,0.0,Vmag_get_voltage_magnitude_series__angle_get_voltage_angle_series,true,Unknown,Ybus EMT reconstruction using exact complex bus-voltage phasors when available; otherwise diagnostic fallback
7.4,-0.0020564721977334166,-0.009951012403429216,-0.0020564721977334166,-0.009951012403429216,-0.0020564721977334166,-0.009951012403429216,-1.027958991405415,-0.5187440946063443,-1.0259025192076816,-0.5087930822029151,0.0,0.0,Vmag_get_voltage_magnitude_series__angle_get_voltage_angle_series,true,Unknown,Ybus EMT reconstruction using exact complex bus-voltage phasors when available; otherwise diagnostic fallback
7.41,-0.0020564229480819485,-0.009951080896171138,-0.0020564229480819485,-0.009951080896171138,-0.0020564229480819485,-0.009951080896171138,-1.0279589421557636,-0.5187441630990862,-1.0259025192076816,-0.5087930822029151,0.0,0.0,Vmag_get_voltage_magnitude_series__angle_get_voltage_angle_series,true,Unknown,Ybus EMT reconstruction using exact complex bus-voltage phasors when available; otherwise diagnostic fallback
7.42,-0.002056371147955316,-0.009951144684623103,-0.002056371147955316,-0.009951144684623103,-0.002056371147955316,-0.009951144684623103,-1.027958890355637,-0.5187442268875382,-1.0259025192076816,-0.5087930822029151,0.0,0.0,Vmag_get_voltage_magnitude_series__angle_get_voltage_angle_series,true,Unknown,Ybus EMT reconstruction using exact complex bus-voltage phasors when available; otherwise diagnostic fallback
7.43,-0.0020563168278753263,-0.009951203812083254,-0.0020563168278753263,-0.009951203812083254,-0.0020563168278753263,-0.009951203812083254,-1.027958836035557,-0.5187442860149983,-1.0259025192076816,-0.5087930822029151,0.0,0.0,Vmag_get_voltage_magnitude_series__angle_get_voltage_angle_series,true,Unknown,Ybus EMT reconstruction using exact complex bus-voltage phasors when available; otherwise diagnostic fallback
7.44,-0.002056260018235001,-0.00995125832171484,-0.002056260018235001,-0.00995125832171484,-0.002056260018235001,-0.00995125832171484,-1.0279587792259166,-0.5187443405246299,-1.0259025192076816,-0.5087930822029151,0.0,0.0,Vmag_get_voltage_magnitude_series__angle_get_voltage_angle_series,true,Unknown,Ybus EMT reconstruction using exact complex bus-voltage phasors when available; otherwise diagnostic fallback
7.45,-0.0020562007493922785,-0.009951308256604507,-0.0020562007493922785,-0.009951308256604507,-0.0020562007493922785,-0.009951308256604507,-1.0279587199570739,-0.5187443904595196,-1.0259025192076816,-0.5087930822029151,0.0,0.0,Vmag_get_voltage_magnitude_series__angle_get_voltage_angle_series,true,Unknown,Ybus EMT reconstruction using exact complex bus-voltage phasors when available; otherwise diagnostic fallback
7.46,-0.0020561390515574374,-0.00995135365982791,-0.0020561390515574374,-0.00995135365982791,-0.0020561390515574374,-0.00995135365982791,-1.027958658259239,-0.518744435862743,-1.0259025192076816,-0.5087930822029151,0.0,0.0,Vmag_get_voltage_magnitude_series__angle_get_voltage_angle_series,true,Unknown,Ybus EMT reconstruction using exact complex bus-voltage phasors when available; otherwise diagnostic fallback
7.47,-0.0020560749548719226,-0.009951394574328254,-0.0020560749548719226,-0.009951394574328254,-0.0020560749548719226,-0.009951394574328254,-1.0279585941625535,-0.5187444767772433,-1.0259025192076816,-0.5087930822029151,0.0,0.0,Vmag_get_voltage_magnitude_series__angle_get_voltage_angle_series,true,Unknown,Ybus EMT reconstruction using exact complex bus-voltage phasors when available; otherwise diagnostic fallback
7.48,-0.0020560084893788133,-0.009951431042942493,-0.0020560084893788133,-0.009951431042942493,-0.0020560084893788133,-0.009951431042942493,-1.0279585276970604,-0.5187445132458576,-1.0259025192076816,-0.5087930822029151,0.0,0.0,Vmag_get_voltage_magnitude_series__angle_get_voltage_angle_series,true,Unknown,Ybus EMT reconstruction using exact complex bus-voltage phasors when available; otherwise diagnostic fallback
7.49,-0.0020559396850006184,-0.00995146310850592,-0.0020559396850006184,-0.00995146310850592,-0.0020559396850006184,-0.00995146310850592,-1.0279584588926822,-0.518744545311421,-1.0259025192076816,-0.5087930822029151,0.0,0.0,Vmag_get_voltage_magnitude_series__angle_get_voltage_angle_series,true,Unknown,Ybus EMT reconstruction using exact complex bus-voltage phasors when available; otherwise diagnostic fallback
7.5,-0.002055868571581687,-0.009951490813698949,-0.002055868571581687,-0.009951490813698949,-0.002055868571581687,-0.009951490813698949,-1.0279583877792633,-0.518744573016614,-1.0259025192076816,-0.5087930822029151,0.0,0.0,Vmag_get_voltage_magnitude_series__angle_get_voltage_angle_series,true,Unknown,Ybus EMT reconstruction using exact complex bus-voltage phasors when available; otherwise diagnostic fallback
7.51,-0.00205579517887311,-0.009951514201169798,-0.00205579517887311,-0.009951514201169798,-0.00205579517887311,-0.009951514201169798,-1.0279583143865547,-0.5187445964040849,-1.0259025192076816,-0.5087930822029151,0.0,0.0,Vmag_get_voltage_magnitude_series__angle_get_voltage_angle_series,true,Unknown,Ybus EMT reconstruction using exact complex bus-voltage phasors when available; otherwise diagnostic fallback
7.52,-0.0020557195364963032,-0.009951533313449779,-0.0020557195364963032,-0.009951533313449779,-0.0020557195364963032,-0.009951533313449779,-1.027958238744178,-0.5187446155163649,-1.0259025192076816,-0.5087930822029151,0.0,0.0,Vmag_get_voltage_magnitude_series__angle_get_voltage_angle_series,true,Unknown,Ybus EMT reconstruction using exact complex bus-voltage phasors when available; otherwise diagnostic fallback
7.53,-0.002055641673961661,-0.009951548192936643,-0.002055641673961661,-0.009951548192936643,-0.002055641673961661,-0.009951548192936643,-1.0279581608816433,-0.5187446303958517,-1.0259025192076816,-0.5087930822029151,0.0,0.0,Vmag_get_voltage_magnitude_series__angle_get_voltage_angle_series,true,Unknown,Ybus EMT reconstruction using exact complex bus-voltage phasors when available; otherwise diagnostic fallback
7.54,-0.0020555616207036387,-0.009951558882012712,-0.0020555616207036387,-0.009951558882012712,-0.0020555616207036387,-0.009951558882012712,-1.0279580808283852,-0.5187446410849278,-1.0259025192076816,-0.5087930822029151,0.0,0.0,Vmag_get_voltage_magnitude_series__angle_get_voltage_angle_series,true,Unknown,Ybus EMT reconstruction using exact complex bus-voltage phasors when available; otherwise diagnostic fallback
7.55,-0.0020554794060321235,-0.009951565422935404,-0.0020554794060321235,-0.009951565422935404,-0.0020554794060321235,-0.009951565422935404,-1.0279579986137137,-0.5187446476258505,-1.0259025192076816,-0.5087930822029151,0.0,0.0,Vmag_get_voltage_magnitude_series__angle_get_voltage_angle_series,true,Unknown,Ybus EMT reconstruction using exact complex bus-voltage phasors when available; otherwise diagnostic fallback
7.56,-0.0020553950591508663,-0.009951567857786392,-0.0020553950591508663,-0.009951567857786392,-0.0020553950591508663,-0.009951567857786392,-1.0279579142668325,-0.5187446500607015,-1.0259025192076816,-0.5087930822029151,0.0,0.0,Vmag_get_voltage_magnitude_series__angle_get_voltage_angle_series,true,Unknown,Ybus EMT reconstruction using exact complex bus-voltage phasors when available; otherwise diagnostic fallback
7.57,-0.0020553086091406048,-0.00995156622866955,-0.0020553086091406048,-0.00995156622866955,-0.0020553086091406048,-0.00995156622866955,-1.0279578278168222,-0.5187446484315846,-1.0259025192076816,-0.5087930822029151,0.0,0.0,Vmag_get_voltage_magnitude_series__angle_get_voltage_angle_series,true,Unknown,Ybus EMT reconstruction using exact complex bus-voltage phasors when available; otherwise diagnostic fallback
7.58,-0.002055220084989262,-0.009951560577586505,-0.002055220084989262,-0.009951560577586505,-0.002055220084989262,-0.009951560577586505,-1.0279577392926709,-0.5187446427805016,-1.0259025192076816,-0.5087930822029151,0.0,0.0,Vmag_get_voltage_magnitude_series__angle_get_voltage_angle_series,true,Unknown,Ybus EMT reconstruction using exact complex bus-voltage phasors when available; otherwise diagnostic fallback
7.59,-0.002055129515557752,-0.009951550946238452,-0.002055129515557752,-0.009951550946238452,-0.002055129515557752,-0.009951550946238452,-1.0279576487232394,-0.5187446331491535,-1.0259025192076816,-0.5087930822029151,0.0,0.0,Vmag_get_voltage_magnitude_series__angle_get_voltage_angle_series,true,Unknown,Ybus EMT reconstruction using exact complex bus-voltage phasors when available; otherwise diagnostic fallback
7.6,-0.002055036929612397,-0.0099515373764969,-0.002055036929612397,-0.0099515373764969,-0.002055036929612397,-0.0099515373764969,-1.027957556137294,-0.518744619579412,-1.0259025192076816,-0.5087930822029151,0.0,0.0,Vmag_get_voltage_magnitude_series__angle_get_voltage_angle_series,true,Unknown,Ybus EMT reconstruction using exact complex bus-voltage phasors when available; otherwise diagnostic fallback
7.61,-0.002054942355754097,-0.009951519909903839,-0.002054942355754097,-0.009951519909903839,-0.002054942355754097,-0.009951519909903839,-1.0279574615634357,-0.5187446021128189,-1.0259025192076816,-0.5087930822029151,0.0,0.0,Vmag_get_voltage_magnitude_series__angle_get_voltage_angle_series,true,Unknown,Ybus EMT reconstruction using exact complex bus-voltage phasors when available; otherwise diagnostic fallback
7.62,-0.002054845822549334,-0.009951498587995822,-0.002054845822549334,-0.009951498587995822,-0.002054845822549334,-0.009951498587995822,-1.027957365030231,-0.5187445807909109,-1.0259025192076816,-0.5087930822029151,0.0,0.0,Vmag_get_voltage_magnitude_series__angle_get_voltage_angle_series,true,Unknown,Ybus EMT reconstruction using exact complex bus-voltage phasors when available; otherwise diagnostic fallback
7.63,-0.0020547473583549802,-0.009951473452127768,-0.0020547473583549802,-0.009951473452127768,-0.0020547473583549802,-0.009951473452127768,-1.0279572665660366,-0.5187445556550428,-1.0259025192076816,-0.5087930822029151,0.0,0.0,Vmag_get_voltage_magnitude_series__angle_get_voltage_angle_series,true,Unknown,Ybus EMT reconstruction using exact complex bus-voltage phasors when available; otherwise diagnostic fallback
7.64,-0.0020546469914770604,-0.009951444543642274,-0.0020546469914770604,-0.009951444543642274,-0.0020546469914770604,-0.009951444543642274,-1.0279571661991587,-0.5187445267465574,-1.0259025192076816,-0.5087930822029151,0.0,0.0,Vmag_get_voltage_magnitude_series__angle_get_voltage_angle_series,true,Unknown,Ybus EMT reconstruction using exact complex bus-voltage phasors when available; otherwise diagnostic fallback
7.65,-0.0020545447500583958,-0.009951411903685758,-0.0020545447500583958,-0.009951411903685758,-0.0020545447500583958,-0.009951411903685758,-1.02795706395774,-0.5187444941066008,-1.0259025192076816,-0.5087930822029151,0.0,0.0,Vmag_get_voltage_magnitude_series__angle_get_voltage_angle_series,true,Unknown,Ybus EMT reconstruction using exact complex bus-voltage phasors when available; otherwise diagnostic fallback
7.66,-0.002054440662148549,-0.00995137557334791,-0.002054440662148549,-0.00995137557334791,-0.002054440662148549,-0.00995137557334791,-1.0279569598698302,-0.518744457776263,-1.0259025192076816,-0.5087930822029151,0.0,0.0,Vmag_get_voltage_magnitude_series__angle_get_voltage_angle_series,true,Unknown,Ybus EMT reconstruction using exact complex bus-voltage phasors when available; otherwise diagnostic fallback
7.67,-0.0020543347556643,-0.009951335593436417,-0.0020543347556643,-0.009951335593436417,-0.0020543347556643,-0.009951335593436417,-1.027956853963346,-0.5187444177963515,-1.0259025192076816,-0.5087930822029151,0.0,0.0,Vmag_get_voltage_magnitude_series__angle_get_voltage_angle_series,true,Unknown,Ybus EMT reconstruction using exact complex bus-voltage phasors when available; otherwise diagnostic fallback
7.68,-0.00205422705837055,-0.009951292004857115,-0.00205422705837055,-0.009951292004857115,-0.00205422705837055,-0.009951292004857115,-1.0279567462660522,-0.5187443742077722,-1.0259025192076816,-0.5087930822029151,0.0,0.0,Vmag_get_voltage_magnitude_series__angle_get_voltage_angle_series,true,Unknown,Ybus EMT reconstruction using exact complex bus-voltage phasors when available; otherwise diagnostic fallback
7.69,-0.0020541175979740256,-0.009951244848261043,-0.0020541175979740256,-0.009951244848261043,-0.0020541175979740256,-0.009951244848261043,-1.0279566368056556,-0.5187443270511761,-1.0259025192076816,-0.5087930822029151,0.0,0.0,Vmag_get_voltage_magnitude_series__angle_get_voltage_angle_series,true,Unknown,Ybus EMT reconstruction using exact complex bus-voltage phasors when available; otherwise diagnostic fallback
7.7,-0.0020540064019940463,-0.009951194164150912,-0.0020540064019940463,-0.009951194164150912,-0.0020540064019940463,-0.009951194164150912,-1.0279565256096757,-0.518744276367066,-1.0259025192076816,-0.5087930822029151,0.0,0.0,Vmag_get_voltage_magnitude_series__angle_get_voltage_angle_series,true,Unknown,Ybus EMT reconstruction using exact complex bus-voltage phasors when available; otherwise diagnostic fallback
7.71,-0.0020538934978175938,-0.009951139993031877,-0.0020538934978175938,-0.009951139993031877,-0.0020538934978175938,-0.009951139993031877,-1.0279564127054992,-0.518744222195947,-1.0259025192076816,-0.5087930822029151,0.0,0.0,Vmag_get_voltage_magnitude_series__angle_get_voltage_angle_series,true,Unknown,Ybus EMT reconstruction using exact complex bus-voltage phasors when available; otherwise diagnostic fallback
7.72,-0.002053778912778137,-0.009951082375097675,-0.002053778912778137,-0.009951082375097675,-0.002053778912778137,-0.009951082375097675,-1.0279562981204597,-0.5187441645780128,-1.0259025192076816,-0.5087930822029151,0.0,0.0,Vmag_get_voltage_magnitude_series__angle_get_voltage_angle_series,true,Unknown,Ybus EMT reconstruction using exact complex bus-voltage phasors when available; otherwise diagnostic fallback
7.73,-0.0020536626739853237,-0.009951021350577127,-0.0020536626739853237,-0.009951021350577127,-0.0020536626739853237,-0.009951021350577127,-1.027956181881667,-0.5187441035534922,-1.0259025192076816,-0.5087930822029151,0.0,0.0,Vmag_get_voltage_magnitude_series__angle_get_voltage_angle_series,true,Unknown,Ybus EMT reconstruction using exact complex bus-voltage phasors when available; otherwise diagnostic fallback
7.74,-0.002053544808494623,-0.009950956959393853,-0.002053544808494623,-0.009950956959393853,-0.002053544808494623,-0.009950956959393853,-1.0279560640161762,-0.5187440391623089,-1.0259025192076816,-0.5087930822029151,0.0,0.0,Vmag_get_voltage_magnitude_series__angle_get_voltage_angle_series,true,Unknown,Ybus EMT reconstruction using exact complex bus-voltage phasors when available; otherwise diagnostic fallback
7.75,-0.002053425343184312,-0.009950889241580052,-0.002053425343184312,-0.009950889241580052,-0.002053425343184312,-0.009950889241580052,-1.027955944550866,-0.5187439714444951,-1.0259025192076816,-0.5087930822029151,0.0,0.0,Vmag_get_voltage_magnitude_series__angle_get_voltage_angle_series,true,Unknown,Ybus EMT reconstruction using exact complex bus-voltage phasors when available; otherwise diagnostic fallback
7.76,-0.0020533043048156507,-0.009950818236732606,-0.0020533043048156507,-0.009950818236732606,-0.0020533043048156507,-0.009950818236732606,-1.0279558235124973,-0.5187439004396477,-1.0259025192076816,-0.5087930822029151,0.0,0.0,Vmag_get_voltage_magnitude_series__angle_get_voltage_angle_series,true,Unknown,Ybus EMT reconstruction using exact complex bus-voltage phasors when available; otherwise diagnostic fallback
7.77,-0.0020531817200277747,-0.009950743984585397,-0.0020531817200277747,-0.009950743984585397,-0.0020531817200277747,-0.009950743984585397,-1.0279557009277094,-0.5187438261875005,-1.0259025192076816,-0.5087930822029151,0.0,0.0,Vmag_get_voltage_magnitude_series__angle_get_voltage_angle_series,true,Unknown,Ybus EMT reconstruction using exact complex bus-voltage phasors when available; otherwise diagnostic fallback
7.78,-0.0020530576152990587,-0.009950666524482843,-0.0020530576152990587,-0.009950666524482843,-0.0020530576152990587,-0.009950666524482843,-1.0279555768229807,-0.5187437487273979,-1.0259025192076816,-0.5087930822029151,0.0,0.0,Vmag_get_voltage_magnitude_series__angle_get_voltage_angle_series,true,Unknown,Ybus EMT reconstruction using exact complex bus-voltage phasors when available; otherwise diagnostic fallback
7.79,-0.002052932017002851,-0.00995058589578246,-0.002052932017002851,-0.00995058589578246,-0.002052932017002851,-0.00995058589578246,-1.0279554512246845,-0.5187436680986975,-1.0259025192076816,-0.5087930822029151,0.0,0.0,Vmag_get_voltage_magnitude_series__angle_get_voltage_angle_series,true,Unknown,Ybus EMT reconstruction using exact complex bus-voltage phasors when available; otherwise diagnostic fallback
7.8,-0.0020528049513506286,-0.009950502137699546,-0.0020528049513506286,-0.009950502137699546,-0.0020528049513506286,-0.009950502137699546,-1.0279553241590322,-0.5187435843406146,-1.0259025192076816,-0.5087930822029151,0.0,0.0,Vmag_get_voltage_magnitude_series__angle_get_voltage_angle_series,true,Unknown,Ybus EMT reconstruction using exact complex bus-voltage phasors when available; otherwise diagnostic fallback
7.81,-0.0020526764444308565,-0.009950415289267545,-0.0020526764444308565,-0.009950415289267545,-0.0020526764444308565,-0.009950415289267545,-1.0279551956521125,-0.5187434974921826,-1.0259025192076816,-0.5087930822029151,0.0,0.0,Vmag_get_voltage_magnitude_series__angle_get_voltage_angle_series,true,Unknown,Ybus EMT reconstruction using exact complex bus-voltage phasors when available; otherwise diagnostic fallback
7.82,-0.0020525465222027695,-0.0099503253892822,-0.0020525465222027695,-0.0099503253892822,-0.0020525465222027695,-0.0099503253892822,-1.0279550657298844,-0.5187434075921973,-1.0259025192076816,-0.5087930822029151,0.0,0.0,Vmag_get_voltage_magnitude_series__angle_get_voltage_angle_series,true,Unknown,Ybus EMT reconstruction using exact complex bus-voltage phasors when available; otherwise diagnostic fallback
7.83,-0.0020524152104477444,-0.009950232476555021,-0.0020524152104477444,-0.009950232476555021,-0.0020524152104477444,-0.009950232476555021,-1.0279549344181294,-0.5187433146794701,-1.0259025192076816,-0.5087930822029151,0.0,0.0,Vmag_get_voltage_magnitude_series__angle_get_voltage_angle_series,true,Unknown,Ybus EMT reconstruction using exact complex bus-voltage phasors when available; otherwise diagnostic fallback
7.84,-0.002052282534885874,-0.00995013658960242,-0.002052282534885874,-0.00995013658960242,-0.002052282534885874,-0.00995013658960242,-1.0279548017425675,-0.5187432187925175,-1.0259025192076816,-0.5087930822029151,0.0,0.0,Vmag_get_voltage_magnitude_series__angle_get_voltage_angle_series,true,Unknown,Ybus EMT reconstruction using exact complex bus-voltage phasors when available; otherwise diagnostic fallback
7.85,-0.0020521485210185375,-0.009950037766920605,-0.0020521485210185375,-0.009950037766920605,-0.0020521485210185375,-0.009950037766920605,-1.0279546677287001,-0.5187431199698357,-1.0259025192076816,-0.5087930822029151,0.0,0.0,Vmag_get_voltage_magnitude_series__angle_get_voltage_angle_series,true,Unknown,Ybus EMT reconstruction using exact complex bus-voltage phasors when available; otherwise diagnostic fallback
7.86,-0.0020520131942280972,-0.009949936046726116,-0.0020520131942280972,-0.009949936046726116,-0.0020520131942280972,-0.009949936046726116,-1.0279545324019097,-0.5187430182496412,-1.0259025192076816,-0.5087930822029151,0.0,0.0,Vmag_get_voltage_magnitude_series__angle_get_voltage_angle_series,true,Unknown,Ybus EMT reconstruction using exact complex bus-voltage phasors when available; otherwise diagnostic fallback
7.87,-0.002051876579779899,-0.009949831467125914,-0.002051876579779899,-0.009949831467125914,-0.002051876579779899,-0.009949831467125914,-1.0279543957874615,-0.518742913670041,-1.0259025192076816,-0.5087930822029151,0.0,0.0,Vmag_get_voltage_magnitude_series__angle_get_voltage_angle_series,true,Unknown,Ybus EMT reconstruction using exact complex bus-voltage phasors when available; otherwise diagnostic fallback
7.88,-0.0020517387027907397,-0.009949724066110499,-0.0020517387027907397,-0.009949724066110499,-0.0020517387027907397,-0.009949724066110499,-1.0279542579104723,-0.5187428062690256,-1.0259025192076816,-0.5087930822029151,0.0,0.0,Vmag_get_voltage_magnitude_series__angle_get_voltage_angle_series,true,Unknown,Ybus EMT reconstruction using exact complex bus-voltage phasors when available; otherwise diagnostic fallback
7.89,-0.0020515995881942306,-0.009949613881466646,-0.0020515995881942306,-0.009949613881466646,-0.0020515995881942306,-0.009949613881466646,-1.0279541187958758,-0.5187426960843817,-1.0259025192076816,-0.5087930822029151,0.0,0.0,Vmag_get_voltage_magnitude_series__angle_get_voltage_angle_series,true,Unknown,Ybus EMT reconstruction using exact complex bus-voltage phasors when available; otherwise diagnostic fallback
7.9,-0.002051459260851596,-0.009949500950819146,-0.002051459260851596,-0.009949500950819146,-0.002051459260851596,-0.009949500950819146,-1.0279539784685332,-0.5187425831537342,-1.0259025192076816,-0.5087930822029151,0.0,0.0,Vmag_get_voltage_magnitude_series__angle_get_voltage_angle_series,true,Unknown,Ybus EMT reconstruction using exact complex bus-voltage phasors when available; otherwise diagnostic fallback
7.91,-0.0020513177454111187,-0.009949385311686543,-0.0020513177454111187,-0.009949385311686543,-0.0020513177454111187,-0.009949385311686543,-1.0279538369530927,-0.5187424675146016,-1.0259025192076816,-0.5087930822029151,0.0,0.0,Vmag_get_voltage_magnitude_series__angle_get_voltage_angle_series,true,Unknown,Ybus EMT reconstruction using exact complex bus-voltage phasors when available; otherwise diagnostic fallback
7.92,-0.002051175066409172,-0.009949267001322704,-0.002051175066409172,-0.009949267001322704,-0.002051175066409172,-0.009949267001322704,-1.0279536942740908,-0.5187423492042378,-1.0259025192076816,-0.5087930822029151,0.0,0.0,Vmag_get_voltage_magnitude_series__angle_get_voltage_angle_series,true,Unknown,Ybus EMT reconstruction using exact complex bus-voltage phasors when available; otherwise diagnostic fallback
7.93,-0.002051031248262225,-0.009949146056904001,-0.002051031248262225,-0.009949146056904001,-0.002051031248262225,-0.009949146056904001,-1.0279535504559438,-0.5187422282598191,-1.0259025192076816,-0.5087930822029151,0.0,0.0,Vmag_get_voltage_magnitude_series__angle_get_voltage_angle_series,true,Unknown,Ybus EMT reconstruction using exact complex bus-voltage phasors when available; otherwise diagnostic fallback
7.94,-0.002050886315160927,-0.009949022515418182,-0.002050886315160927,-0.009949022515418182,-0.002050886315160927,-0.009949022515418182,-1.0279534055228425,-0.5187421047183333,-1.0259025192076816,-0.5087930822029151,0.0,0.0,Vmag_get_voltage_magnitude_series__angle_get_voltage_angle_series,true,Unknown,Ybus EMT reconstruction using exact complex bus-voltage phasors when available; otherwise diagnostic fallback
7.95,-0.0020507402912266492,-0.009948896413656372,-0.0020507402912266492,-0.009948896413656372,-0.0020507402912266492,-0.009948896413656372,-1.0279532594989083,-0.5187419786165715,-1.0259025192076816,-0.5087930822029151,0.0,0.0,Vmag_get_voltage_magnitude_series__angle_get_voltage_angle_series,true,Unknown,Ybus EMT reconstruction using exact complex bus-voltage phasors when available; otherwise diagnostic fallback
7.96,-0.002050593200413786,-0.009948767788287793,-0.002050593200413786,-0.009948767788287793,-0.002050593200413786,-0.009948767788287793,-1.0279531124080954,-0.5187418499912029,-1.0259025192076816,-0.5087930822029151,0.0,0.0,Vmag_get_voltage_magnitude_series__angle_get_voltage_angle_series,true,Unknown,Ybus EMT reconstruction using exact complex bus-voltage phasors when available; otherwise diagnostic fallback
7.97,-0.0020504450665117524,-0.009948636675779055,-0.0020504450665117524,-0.009948636675779055,-0.0020504450665117524,-0.009948636675779055,-1.0279529642741934,-0.5187417188786941,-1.0259025192076816,-0.5087930822029151,0.0,0.0,Vmag_get_voltage_magnitude_series__angle_get_voltage_angle_series,true,Unknown,Ybus EMT reconstruction using exact complex bus-voltage phasors when available; otherwise diagnostic fallback
7.98,-0.0020502959131742937,-0.00994850311243134,-0.0020502959131742937,-0.00994850311243134,-0.0020502959131742937,-0.00994850311243134,-1.027952815120856,-0.5187415853153464,-1.0259025192076816,-0.5087930822029151,0.0,0.0,Vmag_get_voltage_magnitude_series__angle_get_voltage_angle_series,true,Unknown,Ybus EMT reconstruction using exact complex bus-voltage phasors when available; otherwise diagnostic fallback
7.99,-0.00205014576388729,-0.009948367134409386,-0.00205014576388729,-0.009948367134409386,-0.00205014576388729,-0.009948367134409386,-1.027952664971569,-0.5187414493373245,-1.0259025192076816,-0.5087930822029151,0.0,0.0,Vmag_get_voltage_magnitude_series__angle_get_voltage_angle_series,true,Unknown,Ybus EMT reconstruction using exact complex bus-voltage phasors when available; otherwise diagnostic fallback
8.0,-0.0020499946420438064,-0.009948228777631463,-0.0020499946420438064,-0.009948228777631463,-0.0020499946420438064,-0.009948228777631463,-1.0279525138497254,-0.5187413109805465,-1.0259025192076816,-0.5087930822029151,0.0,0.0,Vmag_get_voltage_magnitude_series__angle_get_voltage_angle_series,true,Unknown,Ybus EMT reconstruction using exact complex bus-voltage phasors when available; otherwise diagnostic fallback
8.01,-0.0020498425707931034,-0.009948088077930795,-0.0020498425707931034,-0.009948088077930795,-0.0020498425707931034,-0.009948088077930795,-1.0279523617784747,-0.5187411702808459,-1.0259025192076816,-0.5087930822029151,0.0,0.0,Vmag_get_voltage_magnitude_series__angle_get_voltage_angle_series,true,Unknown,Ybus EMT reconstruction using exact complex bus-voltage phasors when available; otherwise diagnostic fallback
8.02,-0.0020496895732424747,-0.009947945070889475,-0.0020496895732424747,-0.009947945070889475,-0.0020496895732424747,-0.009947945070889475,-1.027952208780924,-0.5187410272738046,-1.0259025192076816,-0.5087930822029151,0.0,0.0,Vmag_get_voltage_magnitude_series__angle_get_voltage_angle_series,true,Unknown,Ybus EMT reconstruction using exact complex bus-voltage phasors when available; otherwise diagnostic fallback
8.03,-0.0020495356722429747,-0.00994779979190863,-0.0020495356722429747,-0.00994779979190863,-0.0020495356722429747,-0.00994779979190863,-1.0279520548799246,-0.5187408819948237,-1.0259025192076816,-0.5087930822029151,0.0,0.0,Vmag_get_voltage_magnitude_series__angle_get_voltage_angle_series,true,Unknown,Ybus EMT reconstruction using exact complex bus-voltage phasors when available; otherwise diagnostic fallback
8.04,-0.0020493808905692745,-0.009947652276349306,-0.0020493808905692745,-0.009947652276349306,-0.0020493808905692745,-0.009947652276349306,-1.0279519000982509,-0.5187407344792644,-1.0259025192076816,-0.5087930822029151,0.0,0.0,Vmag_get_voltage_magnitude_series__angle_get_voltage_angle_series,true,Unknown,Ybus EMT reconstruction using exact complex bus-voltage phasors when available; otherwise diagnostic fallback
8.05,-0.0020492252508375053,-0.009947502559181753,-0.0020492252508375053,-0.009947502559181753,-0.0020492252508375053,-0.009947502559181753,-1.0279517444585191,-0.5187405847620968,-1.0259025192076816,-0.5087930822029151,0.0,0.0,Vmag_get_voltage_magnitude_series__angle_get_voltage_angle_series,true,Unknown,Ybus EMT reconstruction using exact complex bus-voltage phasors when available; otherwise diagnostic fallback
8.06,-0.0020490687754513015,-0.009947350675387878,-0.0020490687754513015,-0.009947350675387878,-0.0020490687754513015,-0.009947350675387878,-1.027951587983133,-0.518740432878303,-1.0259025192076816,-0.5087930822029151,0.0,0.0,Vmag_get_voltage_magnitude_series__angle_get_voltage_angle_series,true,Unknown,Ybus EMT reconstruction using exact complex bus-voltage phasors when available; otherwise diagnostic fallback
8.07,-0.0020489114867439095,-0.009947196659688906,-0.0020489114867439095,-0.009947196659688906,-0.0020489114867439095,-0.009947196659688906,-1.0279514306944255,-0.518740278862604,-1.0259025192076816,-0.5087930822029151,0.0,0.0,Vmag_get_voltage_magnitude_series__angle_get_voltage_angle_series,true,Unknown,Ybus EMT reconstruction using exact complex bus-voltage phasors when available; otherwise diagnostic fallback
8.08,-0.002048753406835635,-0.009947040546504637,-0.002048753406835635,-0.009947040546504637,-0.002048753406835635,-0.009947040546504637,-1.0279512726145172,-0.5187401227494197,-1.0259025192076816,-0.5087930822029151,0.0,0.0,Vmag_get_voltage_magnitude_series__angle_get_voltage_angle_series,true,Unknown,Ybus EMT reconstruction using exact complex bus-voltage phasors when available; otherwise diagnostic fallback
8.09,-0.0020485945577171094,-0.009946882370360566,-0.0020485945577171094,-0.009946882370360566,-0.0020485945577171094,-0.009946882370360566,-1.0279511137653987,-0.5187399645732756,-1.0259025192076816,-0.5087930822029151,0.0,0.0,Vmag_get_voltage_magnitude_series__angle_get_voltage_angle_series,true,Unknown,Ybus EMT reconstruction using exact complex bus-voltage phasors when available; otherwise diagnostic fallback
8.1,-0.0020484349612297503,-0.009946722165348865,-0.0020484349612297503,-0.009946722165348865,-0.0020484349612297503,-0.009946722165348865,-1.0279509541689114,-0.518739804368264,-1.0259025192076816,-0.5087930822029151,0.0,0.0,Vmag_get_voltage_magnitude_series__angle_get_voltage_angle_series,true,Unknown,Ybus EMT reconstruction using exact complex bus-voltage phasors when available; otherwise diagnostic fallback
8.11,-0.0020482746390453332,-0.009946559965412827,-0.0020482746390453332,-0.009946559965412827,-0.0020482746390453332,-0.009946559965412827,-1.027950793846727,-0.5187396421683279,-1.0259025192076816,-0.5087930822029151,0.0,0.0,Vmag_get_voltage_magnitude_series__angle_get_voltage_angle_series,true,Unknown,Ybus EMT reconstruction using exact complex bus-voltage phasors when available; otherwise diagnostic fallback
8.12,-0.002048113612698188,-0.009946395804470765,-0.002048113612698188,-0.009946395804470765,-0.002048113612698188,-0.009946395804470765,-1.0279506328203798,-0.5187394780073858,-1.0259025192076816,-0.5087930822029151,0.0,0.0,Vmag_get_voltage_magnitude_series__angle_get_voltage_angle_series,true,Unknown,Ybus EMT reconstruction using exact complex bus-voltage phasors when available; otherwise diagnostic fallback
8.13,-0.002047951903556111,-0.009946229716073951,-0.002047951903556111,-0.009946229716073951,-0.002047951903556111,-0.009946229716073951,-1.0279504711112377,-0.518739311918989,-1.0259025192076816,-0.5087930822029151,0.0,0.0,Vmag_get_voltage_magnitude_series__angle_get_voltage_angle_series,true,Unknown,Ybus EMT reconstruction using exact complex bus-voltage phasors when available; otherwise diagnostic fallback
8.14,-0.00204778953284257,-0.009946061733661304,-0.00204778953284257,-0.009946061733661304,-0.00204778953284257,-0.009946061733661304,-1.0279503087405242,-0.5187391439365764,-1.0259025192076816,-0.5087930822029151,0.0,0.0,Vmag_get_voltage_magnitude_series__angle_get_voltage_angle_series,true,Unknown,Ybus EMT reconstruction using exact complex bus-voltage phasors when available; otherwise diagnostic fallback
8.15,-0.00204762652160273,-0.009945891890487446,-0.00204762652160273,-0.009945891890487446,-0.00204762652160273,-0.009945891890487446,-1.0279501457292843,-0.5187389740934025,-1.0259025192076816,-0.5087930822029151,0.0,0.0,Vmag_get_voltage_magnitude_series__angle_get_voltage_angle_series,true,Unknown,Ybus EMT reconstruction using exact complex bus-voltage phasors when available; otherwise diagnostic fallback
8.16,-0.0020474628907685144,-0.009945720219614818,-0.0020474628907685144,-0.009945720219614818,-0.0020474628907685144,-0.009945720219614818,-1.0279499820984501,-0.5187388024225299,-1.0259025192076816,-0.5087930822029151,0.0,0.0,Vmag_get_voltage_magnitude_series__angle_get_voltage_angle_series,true,Unknown,Ybus EMT reconstruction using exact complex bus-voltage phasors when available; otherwise diagnostic fallback
8.17,-0.0020472986610724497,-0.00994554675393644,-0.0020472986610724497,-0.00994554675393644,-0.0020472986610724497,-0.00994554675393644,-1.027949817868754,-0.5187386289568515,-1.0259025192076816,-0.5087930822029151,0.0,0.0,Vmag_get_voltage_magnitude_series__angle_get_voltage_angle_series,true,Unknown,Ybus EMT reconstruction using exact complex bus-voltage phasors when available; otherwise diagnostic fallback
8.18,-0.002047133853118055,-0.009945371526101976,-0.002047133853118055,-0.009945371526101976,-0.002047133853118055,-0.009945371526101976,-1.0279496530607997,-0.5187384537290171,-1.0259025192076816,-0.5087930822029151,0.0,0.0,Vmag_get_voltage_magnitude_series__angle_get_voltage_angle_series,true,Unknown,Ybus EMT reconstruction using exact complex bus-voltage phasors when available; otherwise diagnostic fallback
8.19,-0.0020469684873427596,-0.009945194568622195,-0.0020469684873427596,-0.009945194568622195,-0.0020469684873427596,-0.009945194568622195,-1.0279494876950244,-0.5187382767715373,-1.0259025192076816,-0.5087930822029151,0.0,0.0,Vmag_get_voltage_magnitude_series__angle_get_voltage_angle_series,true,Unknown,Ybus EMT reconstruction using exact complex bus-voltage phasors when available; otherwise diagnostic fallback
8.2,-0.0020468025840374438,-0.009945015913800592,-0.0020468025840374438,-0.009945015913800592,-0.0020468025840374438,-0.009945015913800592,-1.027949321791719,-0.5187380981167157,-1.0259025192076816,-0.5087930822029151,0.0,0.0,Vmag_get_voltage_magnitude_series__angle_get_voltage_angle_series,true,Unknown,Ybus EMT reconstruction using exact complex bus-voltage phasors when available; otherwise diagnostic fallback
8.21,-0.0020466361633331154,-0.009944835593742818,-0.0020466361633331154,-0.009944835593742818,-0.0020466361633331154,-0.009944835593742818,-1.0279491553710147,-0.5187379177966579,-1.0259025192076816,-0.5087930822029151,0.0,0.0,Vmag_get_voltage_magnitude_series__angle_get_voltage_angle_series,true,Unknown,Ybus EMT reconstruction using exact complex bus-voltage phasors when available; otherwise diagnostic fallback
8.22,-0.002046469245175153,-0.009944653640363565,-0.002046469245175153,-0.009944653640363565,-0.002046469245175153,-0.009944653640363565,-1.0279489884528568,-0.5187377358432786,-1.0259025192076816,-0.5087930822029151,0.0,0.0,Vmag_get_voltage_magnitude_series__angle_get_voltage_angle_series,true,Unknown,Ybus EMT reconstruction using exact complex bus-voltage phasors when available; otherwise diagnostic fallback
8.23,-0.002046301849414789,-0.009944470085386792,-0.002046301849414789,-0.009944470085386792,-0.002046301849414789,-0.009944470085386792,-1.0279488210570964,-0.5187375522883019,-1.0259025192076816,-0.5087930822029151,0.0,0.0,Vmag_get_voltage_magnitude_series__angle_get_voltage_angle_series,true,Unknown,Ybus EMT reconstruction using exact complex bus-voltage phasors when available; otherwise diagnostic fallback
8.24,-0.002046133995687871,-0.009944284960397232,-0.002046133995687871,-0.009944284960397232,-0.002046133995687871,-0.009944284960397232,-1.0279486532033695,-0.5187373671633123,-1.0259025192076816,-0.5087930822029151,0.0,0.0,Vmag_get_voltage_magnitude_series__angle_get_voltage_angle_series,true,Unknown,Ybus EMT reconstruction using exact complex bus-voltage phasors when available; otherwise diagnostic fallback
8.25,-0.002045965703550978,-0.009944098296612247,-0.002045965703550978,-0.009944098296612247,-0.002045965703550978,-0.009944098296612247,-1.0279484849112326,-0.5187371804995273,-1.0259025192076816,-0.5087930822029151,0.0,0.0,Vmag_get_voltage_magnitude_series__angle_get_voltage_angle_series,true,Unknown,Ybus EMT reconstruction using exact complex bus-voltage phasors when available; otherwise diagnostic fallback
8.26,-0.002045796992218074,-0.009943910125326139,-0.002045796992218074,-0.009943910125326139,-0.002045796992218074,-0.009943910125326139,-1.0279483161998997,-0.5187369923282412,-1.0259025192076816,-0.5087930822029151,0.0,0.0,Vmag_get_voltage_magnitude_series__angle_get_voltage_angle_series,true,Unknown,Ybus EMT reconstruction using exact complex bus-voltage phasors when available; otherwise diagnostic fallback
8.27,-0.0020456278810077055,-0.00994372047743941,-0.0020456278810077055,-0.00994372047743941,-0.0020456278810077055,-0.00994372047743941,-1.0279481470886893,-0.5187368026803545,-1.0259025192076816,-0.5087930822029151,0.0,0.0,Vmag_get_voltage_magnitude_series__angle_get_voltage_angle_series,true,Unknown,Ybus EMT reconstruction using exact complex bus-voltage phasors when available; otherwise diagnostic fallback
8.28,-0.002045458388928001,-0.009943529383658944,-0.002045458388928001,-0.009943529383658944,-0.002045458388928001,-0.009943529383658944,-1.0279479775966096,-0.518736611586574,-1.0259025192076816,-0.5087930822029151,0.0,0.0,Vmag_get_voltage_magnitude_series__angle_get_voltage_angle_series,true,Unknown,Ybus EMT reconstruction using exact complex bus-voltage phasors when available; otherwise diagnostic fallback
8.29,-0.002045288534815448,-0.009943336874611686,-0.002045288534815448,-0.009943336874611686,-0.002045288534815448,-0.009943336874611686,-1.027947807742497,-0.5187364190775268,-1.0259025192076816,-0.5087930822029151,0.0,0.0,Vmag_get_voltage_magnitude_series__angle_get_voltage_angle_series,true,Unknown,Ybus EMT reconstruction using exact complex bus-voltage phasors when available; otherwise diagnostic fallback
8.3,-0.0020451183374115,-0.009943142980608388,-0.0020451183374115,-0.009943142980608388,-0.0020451183374115,-0.009943142980608388,-1.027947637545093,-0.5187362251835235,-1.0259025192076816,-0.5087930822029151,0.0,0.0,Vmag_get_voltage_magnitude_series__angle_get_voltage_angle_series,true,Unknown,Ybus EMT reconstruction using exact complex bus-voltage phasors when available; otherwise diagnostic fallback
8.31,-0.0020449478152670952,-0.009942947731889418,-0.0020449478152670952,-0.009942947731889418,-0.0020449478152670952,-0.009942947731889418,-1.0279474670229487,-0.5187360299348045,-1.0259025192076816,-0.5087930822029151,0.0,0.0,Vmag_get_voltage_magnitude_series__angle_get_voltage_angle_series,true,Unknown,Ybus EMT reconstruction using exact complex bus-voltage phasors when available; otherwise diagnostic fallback
8.32,-0.0020447769868139343,-0.009942751158364738,-0.0020447769868139343,-0.009942751158364738,-0.0020447769868139343,-0.009942751158364738,-1.0279472961944955,-0.5187358333612798,-1.0259025192076816,-0.5087930822029151,0.0,0.0,Vmag_get_voltage_magnitude_series__angle_get_voltage_angle_series,true,Unknown,Ybus EMT reconstruction using exact complex bus-voltage phasors when available; otherwise diagnostic fallback
8.33,-0.0020446058702672243,-0.009942553289836287,-0.0020446058702672243,-0.009942553289836287,-0.0020446058702672243,-0.009942553289836287,-1.0279471250779488,-0.5187356354927514,-1.0259025192076816,-0.5087930822029151,0.0,0.0,Vmag_get_voltage_magnitude_series__angle_get_voltage_angle_series,true,Unknown,Ybus EMT reconstruction using exact complex bus-voltage phasors when available; otherwise diagnostic fallback
8.34,-0.0020444344837369233,-0.009942354155901945,-0.0020444344837369233,-0.009942354155901945,-0.0020444344837369233,-0.009942354155901945,-1.0279469536914185,-0.518735436358817,-1.0259025192076816,-0.5087930822029151,0.0,0.0,Vmag_get_voltage_magnitude_series__angle_get_voltage_angle_series,true,Unknown,Ybus EMT reconstruction using exact complex bus-voltage phasors when available; otherwise diagnostic fallback
8.35,-0.0020442628451404765,-0.009942153785911456,-0.0020442628451404765,-0.009942153785911456,-0.0020442628451404765,-0.009942153785911456,-1.027946782052822,-0.5187352359888265,-1.0259025192076816,-0.5087930822029151,0.0,0.0,Vmag_get_voltage_magnitude_series__angle_get_voltage_angle_series,true,Unknown,Ybus EMT reconstruction using exact complex bus-voltage phasors when available; otherwise diagnostic fallback
8.36,-0.0020440909722780898,-0.009941952209040483,-0.0020440909722780898,-0.009941952209040483,-0.0020440909722780898,-0.009941952209040483,-1.0279466101799597,-0.5187350344119556,-1.0259025192076816,-0.5087930822029151,0.0,0.0,Vmag_get_voltage_magnitude_series__angle_get_voltage_angle_series,true,Unknown,Ybus EMT reconstruction using exact complex bus-voltage phasors when available; otherwise diagnostic fallback
8.37,-0.002043918882755902,-0.009941749454290272,-0.002043918882755902,-0.009941749454290272,-0.002043918882755902,-0.009941749454290272,-1.0279464380904375,-0.5187348316572054,-1.0259025192076816,-0.5087930822029151,0.0,0.0,Vmag_get_voltage_magnitude_series__angle_get_voltage_angle_series,true,Unknown,Ybus EMT reconstruction using exact complex bus-voltage phasors when available; otherwise diagnostic fallback
8.38,-0.002043746594047935,-0.009941545550466002,-0.002043746594047935,-0.009941545550466002,-0.002043746594047935,-0.009941545550466002,-1.0279462658017295,-0.5187346277533811,-1.0259025192076816,-0.5087930822029151,0.0,0.0,Vmag_get_voltage_magnitude_series__angle_get_voltage_angle_series,true,Unknown,Ybus EMT reconstruction using exact complex bus-voltage phasors when available; otherwise diagnostic fallback
8.39,-0.0020435741234550164,-0.00994134052610407,-0.0020435741234550164,-0.00994134052610407,-0.0020435741234550164,-0.00994134052610407,-1.0279460933311366,-0.5187344227290192,-1.0259025192076816,-0.5087930822029151,0.0,0.0,Vmag_get_voltage_magnitude_series__angle_get_voltage_angle_series,true,Unknown,Ybus EMT reconstruction using exact complex bus-voltage phasors when available; otherwise diagnostic fallback
8.4,-0.002043401488114105,-0.009941134409632513,-0.002043401488114105,-0.009941134409632513,-0.002043401488114105,-0.009941134409632513,-1.0279459206957957,-0.5187342166125476,-1.0259025192076816,-0.5087930822029151,0.0,0.0,Vmag_get_voltage_magnitude_series__angle_get_voltage_angle_series,true,Unknown,Ybus EMT reconstruction using exact complex bus-voltage phasors when available; otherwise diagnostic fallback
8.41,-0.0020432287050555775,-0.009940927229253993,-0.0020432287050555775,-0.009940927229253993,-0.0020432287050555775,-0.009940927229253993,-1.0279457479127372,-0.5187340094321691,-1.0259025192076816,-0.5087930822029151,0.0,0.0,Vmag_get_voltage_magnitude_series__angle_get_voltage_angle_series,true,Unknown,Ybus EMT reconstruction using exact complex bus-voltage phasors when available; otherwise diagnostic fallback
8.42,-0.0020430557910862124,-0.00994071901292537,-0.0020430557910862124,-0.00994071901292537,-0.0020430557910862124,-0.00994071901292537,-1.0279455749987678,-0.5187338012158405,-1.0259025192076816,-0.5087930822029151,0.0,0.0,Vmag_get_voltage_magnitude_series__angle_get_voltage_angle_series,true,Unknown,Ybus EMT reconstruction using exact complex bus-voltage phasors when available; otherwise diagnostic fallback
8.43,-0.0020428827629113133,-0.009940509788420426,-0.0020428827629113133,-0.009940509788420426,-0.0020428827629113133,-0.009940509788420426,-1.027945401970593,-0.5187335919913355,-1.0259025192076816,-0.5087930822029151,0.0,0.0,Vmag_get_voltage_magnitude_series__angle_get_voltage_angle_series,true,Unknown,Ybus EMT reconstruction using exact complex bus-voltage phasors when available; otherwise diagnostic fallback
8.44,-0.0020427096370383424,-0.009940299583327428,-0.0020427096370383424,-0.009940299583327428,-0.0020427096370383424,-0.009940299583327428,-1.02794522884472,-0.5187333817862425,-1.0259025192076816,-0.5087930822029151,0.0,0.0,Vmag_get_voltage_magnitude_series__angle_get_voltage_angle_series,true,Unknown,Ybus EMT reconstruction using exact complex bus-voltage phasors when available; otherwise diagnostic fallback
8.45,-0.00204253642983665,-0.009940088425045124,-0.00204253642983665,-0.009940088425045124,-0.00204253642983665,-0.009940088425045124,-1.0279450556375183,-0.5187331706279602,-1.0259025192076816,-0.5087930822029151,0.0,0.0,Vmag_get_voltage_magnitude_series__angle_get_voltage_angle_series,true,Unknown,Ybus EMT reconstruction using exact complex bus-voltage phasors when available; otherwise diagnostic fallback
8.46,-0.002042363157545024,-0.009939876340784193,-0.002042363157545024,-0.009939876340784193,-0.002042363157545024,-0.009939876340784193,-1.0279448823652266,-0.5187329585436993,-1.0259025192076816,-0.5087930822029151,0.0,0.0,Vmag_get_voltage_magnitude_series__angle_get_voltage_angle_series,true,Unknown,Ybus EMT reconstruction using exact complex bus-voltage phasors when available; otherwise diagnostic fallback
8.47,-0.0020421898361977497,-0.009939663357465878,-0.0020421898361977497,-0.009939663357465878,-0.0020421898361977497,-0.009939663357465878,-1.0279447090438794,-0.518732745560381,-1.0259025192076816,-0.5087930822029151,0.0,0.0,Vmag_get_voltage_magnitude_series__angle_get_voltage_angle_series,true,Unknown,Ybus EMT reconstruction using exact complex bus-voltage phasors when available; otherwise diagnostic fallback
8.48,-0.002042016481724529,-0.009939449501962905,-0.002042016481724529,-0.009939449501962905,-0.002042016481724529,-0.009939449501962905,-1.0279445356894061,-0.518732531704878,-1.0259025192076816,-0.5087930822029151,0.0,0.0,Vmag_get_voltage_magnitude_series__angle_get_voltage_angle_series,true,Unknown,Ybus EMT reconstruction using exact complex bus-voltage phasors when available; otherwise diagnostic fallback
8.49,-0.0020418431098498946,-0.009939234800784513,-0.0020418431098498946,-0.009939234800784513,-0.0020418431098498946,-0.009939234800784513,-1.0279443623175315,-0.5187323170036996,-1.0259025192076816,-0.5087930822029151,0.0,0.0,Vmag_get_voltage_magnitude_series__angle_get_voltage_angle_series,true,Unknown,Ybus EMT reconstruction using exact complex bus-voltage phasors when available; otherwise diagnostic fallback
8.5,-0.0020416697361755887,-0.009939019280317263,-0.0020416697361755887,-0.009939019280317263,-0.0020416697361755887,-0.009939019280317263,-1.0279441889438572,-0.5187321014832323,-1.0259025192076816,-0.5087930822029151,0.0,0.0,Vmag_get_voltage_magnitude_series__angle_get_voltage_angle_series,true,Unknown,Ybus EMT reconstruction using exact complex bus-voltage phasors when available; otherwise diagnostic fallback
8.51,-0.002041496376182783,-0.009938802966812266,-0.002041496376182783,-0.009938802966812266,-0.002041496376182783,-0.009938802966812266,-1.0279440155838644,-0.5187318851697273,-1.0259025192076816,-0.5087930822029151,0.0,0.0,Vmag_get_voltage_magnitude_series__angle_get_voltage_angle_series,true,Unknown,Ybus EMT reconstruction using exact complex bus-voltage phasors when available; otherwise diagnostic fallback
8.52,-0.00204132304506377,-0.009938585886101303,-0.00204132304506377,-0.009938585886101303,-0.00204132304506377,-0.009938585886101303,-1.0279438422527454,-0.5187316680890164,-1.0259025192076816,-0.5087930822029151,0.0,0.0,Vmag_get_voltage_magnitude_series__angle_get_voltage_angle_series,true,Unknown,Ybus EMT reconstruction using exact complex bus-voltage phasors when available; otherwise diagnostic fallback
8.53,-0.0020411497580310467,-0.009938368064110192,-0.0020411497580310467,-0.009938368064110192,-0.0020411497580310467,-0.009938368064110192,-1.0279436689657127,-0.5187314502670253,-1.0259025192076816,-0.5087930822029151,0.0,0.0,Vmag_get_voltage_magnitude_series__angle_get_voltage_angle_series,true,Unknown,Ybus EMT reconstruction using exact complex bus-voltage phasors when available; otherwise diagnostic fallback
8.54,-0.0020409765300430927,-0.009938149526331763,-0.0020409765300430927,-0.009938149526331763,-0.0020409765300430927,-0.009938149526331763,-1.0279434957377247,-0.5187312317292468,-1.0259025192076816,-0.5087930822029151,0.0,0.0,Vmag_get_voltage_magnitude_series__angle_get_voltage_angle_series,true,Unknown,Ybus EMT reconstruction using exact complex bus-voltage phasors when available; otherwise diagnostic fallback
8.55,-0.002040803375921163,-0.00993793029818868,-0.002040803375921163,-0.00993793029818868,-0.002040803375921163,-0.00993793029818868,-1.0279433225836028,-0.5187310125011038,-1.0259025192076816,-0.5087930822029151,0.0,0.0,Vmag_get_voltage_magnitude_series__angle_get_voltage_angle_series,true,Unknown,Ybus EMT reconstruction using exact complex bus-voltage phasors when available; otherwise diagnostic fallback
8.56,-0.0020406303103188694,-0.009937710404813171,-0.0020406303103188694,-0.009937710404813171,-0.0020406303103188694,-0.009937710404813171,-1.0279431495180005,-0.5187307926077283,-1.0259025192076816,-0.5087930822029151,0.0,0.0,Vmag_get_voltage_magnitude_series__angle_get_voltage_angle_series,true,Unknown,Ybus EMT reconstruction using exact complex bus-voltage phasors when available; otherwise diagnostic fallback
8.57,-0.002040457347781466,-0.009937489871180372,-0.002040457347781466,-0.009937489871180372,-0.002040457347781466,-0.009937489871180372,-1.027942976555463,-0.5187305720740955,-1.0259025192076816,-0.5087930822029151,0.0,0.0,Vmag_get_voltage_magnitude_series__angle_get_voltage_angle_series,true,Unknown,Ybus EMT reconstruction using exact complex bus-voltage phasors when available; otherwise diagnostic fallback
8.58,-0.0020402845026610272,-0.009937268722079007,-0.0020402845026610272,-0.009937268722079007,-0.0020402845026610272,-0.009937268722079007,-1.0279428037103426,-0.5187303509249941,-1.0259025192076816,-0.5087930822029151,0.0,0.0,Vmag_get_voltage_magnitude_series__angle_get_voltage_angle_series,true,Unknown,Ybus EMT reconstruction using exact complex bus-voltage phasors when available; otherwise diagnostic fallback
8.59,-0.0020401117891648557,-0.00993704698211817,-0.0020401117891648557,-0.00993704698211817,-0.0020401117891648557,-0.00993704698211817,-1.0279426309968465,-0.5187301291850333,-1.0259025192076816,-0.5087930822029151,0.0,0.0,Vmag_get_voltage_magnitude_series__angle_get_voltage_angle_series,true,Unknown,Ybus EMT reconstruction using exact complex bus-voltage phasors when available; otherwise diagnostic fallback
8.6,-0.0020399392213681367,-0.009936824675544464,-0.0020399392213681367,-0.009936824675544464,-0.0020399392213681367,-0.009936824675544464,-1.0279424584290497,-0.5187299068784595,-1.0259025192076816,-0.5087930822029151,0.0,0.0,Vmag_get_voltage_magnitude_series__angle_get_voltage_angle_series,true,Unknown,Ybus EMT reconstruction using exact complex bus-voltage phasors when available; otherwise diagnostic fallback
8.61,-0.0020397668131606483,-0.009936601826645353,-0.0020397668131606483,-0.009936601826645353,-0.0020397668131606483,-0.009936601826645353,-1.0279422860208423,-0.5187296840295604,-1.0259025192076816,-0.5087930822029151,0.0,0.0,Vmag_get_voltage_magnitude_series__angle_get_voltage_angle_series,true,Unknown,Ybus EMT reconstruction using exact complex bus-voltage phasors when available; otherwise diagnostic fallback
8.62,-0.0020395945783202585,-0.009936378459323825,-0.0020395945783202585,-0.009936378459323825,-0.0020395945783202585,-0.009936378459323825,-1.0279421137860019,-0.5187294606622389,-1.0259025192076816,-0.5087930822029151,0.0,0.0,Vmag_get_voltage_magnitude_series__angle_get_voltage_angle_series,true,Unknown,Ybus EMT reconstruction using exact complex bus-voltage phasors when available; otherwise diagnostic fallback
8.63,-0.002039422530442536,-0.00993615459734043,-0.002039422530442536,-0.00993615459734043,-0.002039422530442536,-0.00993615459734043,-1.0279419417381241,-0.5187292368002555,-1.0259025192076816,-0.5087930822029151,0.0,0.0,Vmag_get_voltage_magnitude_series__angle_get_voltage_angle_series,true,Unknown,Ybus EMT reconstruction using exact complex bus-voltage phasors when available; otherwise diagnostic fallback
8.64,-0.0020392506829691737,-0.009935930264299286,-0.0020392506829691737,-0.009935930264299286,-0.0020392506829691737,-0.009935930264299286,-1.0279417698906508,-0.5187290124672144,-1.0259025192076816,-0.5087930822029151,0.0,0.0,Vmag_get_voltage_magnitude_series__angle_get_voltage_angle_series,true,Unknown,Ybus EMT reconstruction using exact complex bus-voltage phasors when available; otherwise diagnostic fallback
8.65,-0.002039079049247272,-0.009935705483506974,-0.002039079049247272,-0.009935705483506974,-0.002039079049247272,-0.009935705483506974,-1.0279415982569289,-0.518728787686422,-1.0259025192076816,-0.5087930822029151,0.0,0.0,Vmag_get_voltage_magnitude_series__angle_get_voltage_angle_series,true,Unknown,Ybus EMT reconstruction using exact complex bus-voltage phasors when available; otherwise diagnostic fallback
8.66,-0.0020389076423790176,-0.00993548027813762,-0.0020389076423790176,-0.00993548027813762,-0.0020389076423790176,-0.00993548027813762,-1.0279414268500606,-0.5187285624810527,-1.0259025192076816,-0.5087930822029151,0.0,0.0,Vmag_get_voltage_magnitude_series__angle_get_voltage_angle_series,true,Unknown,Ybus EMT reconstruction using exact complex bus-voltage phasors when available; otherwise diagnostic fallback
8.67,-0.0020387364754004267,-0.00993525467120615,-0.0020387364754004267,-0.00993525467120615,-0.0020387364754004267,-0.00993525467120615,-1.027941255683082,-0.5187283368741212,-1.0259025192076816,-0.5087930822029151,0.0,0.0,Vmag_get_voltage_magnitude_series__angle_get_voltage_angle_series,true,Unknown,Ybus EMT reconstruction using exact complex bus-voltage phasors when available; otherwise diagnostic fallback
8.68,-0.0020385655611590003,-0.009935028685396086,-0.0020385655611590003,-0.009935028685396086,-0.0020385655611590003,-0.009935028685396086,-1.0279410847688406,-0.5187281108883112,-1.0259025192076816,-0.5087930822029151,0.0,0.0,Vmag_get_voltage_magnitude_series__angle_get_voltage_angle_series,true,Unknown,Ybus EMT reconstruction using exact complex bus-voltage phasors when available; otherwise diagnostic fallback
8.69,-0.0020383949124096468,-0.009934802343321447,-0.0020383949124096468,-0.009934802343321447,-0.0020383949124096468,-0.009934802343321447,-1.0279409141200913,-0.5187278845462365,-1.0259025192076816,-0.5087930822029151,0.0,0.0,Vmag_get_voltage_magnitude_series__angle_get_voltage_angle_series,true,Unknown,Ybus EMT reconstruction using exact complex bus-voltage phasors when available; otherwise diagnostic fallback
8.7,-0.0020382245415762057,-0.009934575667296164,-0.0020382245415762057,-0.009934575667296164,-0.0020382245415762057,-0.009934575667296164,-1.0279407437492578,-0.5187276578702112,-1.0259025192076816,-0.5087930822029151,0.0,0.0,Vmag_get_voltage_magnitude_series__angle_get_voltage_angle_series,true,Unknown,Ybus EMT reconstruction using exact complex bus-voltage phasors when available; otherwise diagnostic fallback
8.71,-0.002038054461216632,-0.009934348679575211,-0.002038054461216632,-0.009934348679575211,-0.002038054461216632,-0.009934348679575211,-1.0279405736688982,-0.5187274308824903,-1.0259025192076816,-0.5087930822029151,0.0,0.0,Vmag_get_voltage_magnitude_series__angle_get_voltage_angle_series,true,Unknown,Ybus EMT reconstruction using exact complex bus-voltage phasors when available; otherwise diagnostic fallback
8.72,-0.0020378846835236164,-0.009934121402018548,-0.0020378846835236164,-0.009934121402018548,-0.0020378846835236164,-0.009934121402018548,-1.0279404038912052,-0.5187272036049336,-1.0259025192076816,-0.5087930822029151,0.0,0.0,Vmag_get_voltage_magnitude_series__angle_get_voltage_angle_series,true,Unknown,Ybus EMT reconstruction using exact complex bus-voltage phasors when available; otherwise diagnostic fallback
8.73,-0.0020377152206281224,-0.009933893856402087,-0.0020377152206281224,-0.009933893856402087,-0.0020377152206281224,-0.009933893856402087,-1.0279402344283097,-0.5187269760593172,-1.0259025192076816,-0.5087930822029151,0.0,0.0,Vmag_get_voltage_magnitude_series__angle_get_voltage_angle_series,true,Unknown,Ybus EMT reconstruction using exact complex bus-voltage phasors when available; otherwise diagnostic fallback
8.74,-0.002037546084499686,-0.009933666064338764,-0.002037546084499686,-0.009933666064338764,-0.002037546084499686,-0.009933666064338764,-1.0279400652921813,-0.5187267482672538,-1.0259025192076816,-0.5087930822029151,0.0,0.0,Vmag_get_voltage_magnitude_series__angle_get_voltage_angle_series,true,Unknown,Ybus EMT reconstruction using exact complex bus-voltage phasors when available; otherwise diagnostic fallback
8.75,-0.00203737728695641,-0.00993343804711555,-0.00203737728695641,-0.00993343804711555,-0.00203737728695641,-0.00993343804711555,-1.027939896494638,-0.5187265202500306,-1.0259025192076816,-0.5087930822029151,0.0,0.0,Vmag_get_voltage_magnitude_series__angle_get_voltage_angle_series,true,Unknown,Ybus EMT reconstruction using exact complex bus-voltage phasors when available; otherwise diagnostic fallback
8.76,-0.0020372088396720667,-0.009933209826003653,-0.0020372088396720667,-0.009933209826003653,-0.0020372088396720667,-0.009933209826003653,-1.0279397280473537,-0.5187262920289187,-1.0259025192076816,-0.5087930822029151,0.0,0.0,Vmag_get_voltage_magnitude_series__angle_get_voltage_angle_series,true,Unknown,Ybus EMT reconstruction using exact complex bus-voltage phasors when available; otherwise diagnostic fallback
8.77,-0.002037040754172992,-0.009932981421897469,-0.002037040754172992,-0.009932981421897469,-0.002037040754172992,-0.009932981421897469,-1.0279395599618546,-0.5187260636248126,-1.0259025192076816,-0.5087930822029151,0.0,0.0,Vmag_get_voltage_magnitude_series__angle_get_voltage_angle_series,true,Unknown,Ybus EMT reconstruction using exact complex bus-voltage phasors when available; otherwise diagnostic fallback
8.78,-0.0020368730418700576,-0.009932752855570715,-0.0020368730418700576,-0.009932752855570715,-0.0020368730418700576,-0.009932752855570715,-1.0279393922495517,-0.5187258350584858,-1.0259025192076816,-0.5087930822029151,0.0,0.0,Vmag_get_voltage_magnitude_series__angle_get_voltage_angle_series,true,Unknown,Ybus EMT reconstruction using exact complex bus-voltage phasors when available; otherwise diagnostic fallback
8.79,-0.0020367057139965006,-0.009932524147642785,-0.0020367057139965006,-0.009932524147642785,-0.0020367057139965006,-0.009932524147642785,-1.027939224921678,-0.5187256063505579,-1.0259025192076816,-0.5087930822029151,0.0,0.0,Vmag_get_voltage_magnitude_series__angle_get_voltage_angle_series,true,Unknown,Ybus EMT reconstruction using exact complex bus-voltage phasors when available; otherwise diagnostic fallback
8.8,-0.0020365387816307923,-0.009932295318430095,-0.0020365387816307923,-0.009932295318430095,-0.0020365387816307923,-0.009932295318430095,-1.0279390579893124,-0.5187253775213452,-1.0259025192076816,-0.5087930822029151,0.0,0.0,Vmag_get_voltage_magnitude_series__angle_get_voltage_angle_series,true,Unknown,Ybus EMT reconstruction using exact complex bus-voltage phasors when available; otherwise diagnostic fallback
8.81,-0.002036372255742158,-0.009932066388150584,-0.002036372255742158,-0.009932066388150584,-0.002036372255742158,-0.009932066388150584,-1.0279388914634238,-0.5187251485910657,-1.0259025192076816,-0.5087930822029151,0.0,0.0,Vmag_get_voltage_magnitude_series__angle_get_voltage_angle_series,true,Unknown,Ybus EMT reconstruction using exact complex bus-voltage phasors when available; otherwise diagnostic fallback
8.82,-0.002036206147181474,-0.009931837376741859,-0.002036206147181474,-0.009931837376741859,-0.002036206147181474,-0.009931837376741859,-1.027938725354863,-0.5187249195796569,-1.0259025192076816,-0.5087930822029151,0.0,0.0,Vmag_get_voltage_magnitude_series__angle_get_voltage_angle_series,true,Unknown,Ybus EMT reconstruction using exact complex bus-voltage phasors when available; otherwise diagnostic fallback
8.83,-0.002036040466512956,-0.009931608304046602,-0.002036040466512956,-0.009931608304046602,-0.002036040466512956,-0.009931608304046602,-1.0279385596741946,-0.5187246905069617,-1.0259025192076816,-0.5087930822029151,0.0,0.0,Vmag_get_voltage_magnitude_series__angle_get_voltage_angle_series,true,Unknown,Ybus EMT reconstruction using exact complex bus-voltage phasors when available; otherwise diagnostic fallback
8.84,-0.0020358752243556655,-0.00993137918965914,-0.0020358752243556655,-0.00993137918965914,-0.0020358752243556655,-0.00993137918965914,-1.0279383944320373,-0.5187244613925742,-1.0259025192076816,-0.5087930822029151,0.0,0.0,Vmag_get_voltage_magnitude_series__angle_get_voltage_angle_series,true,Unknown,Ybus EMT reconstruction using exact complex bus-voltage phasors when available; otherwise diagnostic fallback
8.85,-0.0020357104310801954,-0.009931150052933102,-0.0020357104310801954,-0.009931150052933102,-0.0020357104310801954,-0.009931150052933102,-1.0279382296387618,-0.5187242322558482,-1.0259025192076816,-0.5087930822029151,0.0,0.0,Vmag_get_voltage_magnitude_series__angle_get_voltage_angle_series,true,Unknown,Ybus EMT reconstruction using exact complex bus-voltage phasors when available; otherwise diagnostic fallback
8.86,-0.0020355460969245787,-0.009930920913102326,-0.0020355460969245787,-0.009930920913102326,-0.0020355460969245787,-0.009930920913102326,-1.0279380653046062,-0.5187240031160174,-1.0259025192076816,-0.5087930822029151,0.0,0.0,Vmag_get_voltage_magnitude_series__angle_get_voltage_angle_series,true,Unknown,Ybus EMT reconstruction using exact complex bus-voltage phasors when available; otherwise diagnostic fallback
8.87,-0.0020353822319754133,-0.009930691789119872,-0.0020353822319754133,-0.009930691789119872,-0.0020353822319754133,-0.009930691789119872,-1.027937901439657,-0.518723773992035,-1.0259025192076816,-0.5087930822029151,0.0,0.0,Vmag_get_voltage_magnitude_series__angle_get_voltage_angle_series,true,Unknown,Ybus EMT reconstruction using exact complex bus-voltage phasors when available; otherwise diagnostic fallback
8.88,-0.0020352188462133824,-0.009930462699862974,-0.0020352188462133824,-0.009930462699862974,-0.0020352188462133824,-0.009930462699862974,-1.027937738053895,-0.518723544902778,-1.0259025192076816,-0.5087930822029151,0.0,0.0,Vmag_get_voltage_magnitude_series__angle_get_voltage_angle_series,true,Unknown,Ybus EMT reconstruction using exact complex bus-voltage phasors when available; otherwise diagnostic fallback
8.89,-0.002035055949469511,-0.009930233663929755,-0.002035055949469511,-0.009930233663929755,-0.002035055949469511,-0.009930233663929755,-1.0279375751571511,-0.5187233158668448,-1.0259025192076816,-0.5087930822029151,0.0,0.0,Vmag_get_voltage_magnitude_series__angle_get_voltage_angle_series,true,Unknown,Ybus EMT reconstruction using exact complex bus-voltage phasors when available; otherwise diagnostic fallback
8.9,-0.002034893551422945,-0.009930004699753914,-0.002034893551422945,-0.009930004699753914,-0.002034893551422945,-0.009930004699753914,-1.0279374127591046,-0.518723086902669,-1.0259025192076816,-0.5087930822029151,0.0,0.0,Vmag_get_voltage_magnitude_series__angle_get_voltage_angle_series,true,Unknown,Ybus EMT reconstruction using exact complex bus-voltage phasors when available; otherwise diagnostic fallback
8.91,-0.0020347316616209365,-0.009929775825556209,-0.0020347316616209365,-0.009929775825556209,-0.0020347316616209365,-0.009929775825556209,-1.0279372508693025,-0.5187228580284713,-1.0259025192076816,-0.5087930822029151,0.0,0.0,Vmag_get_voltage_magnitude_series__angle_get_voltage_angle_series,true,Unknown,Ybus EMT reconstruction using exact complex bus-voltage phasors when available; otherwise diagnostic fallback
8.92,-0.002034570289487947,-0.009929547059407517,-0.002034570289487947,-0.009929547059407517,-0.002034570289487947,-0.009929547059407517,-1.0279370894971696,-0.5187226292623226,-1.0259025192076816,-0.5087930822029151,0.0,0.0,Vmag_get_voltage_magnitude_series__angle_get_voltage_angle_series,true,Unknown,Ybus EMT reconstruction using exact complex bus-voltage phasors when available; otherwise diagnostic fallback
8.93,-0.0020344094442652505,-0.009929318419114153,-0.0020344094442652505,-0.009929318419114153,-0.0020344094442652505,-0.009929318419114153,-1.0279369286519469,-0.5187224006220292,-1.0259025192076816,-0.5087930822029151,0.0,0.0,Vmag_get_voltage_magnitude_series__angle_get_voltage_angle_series,true,Unknown,Ybus EMT reconstruction using exact complex bus-voltage phasors when available; otherwise diagnostic fallback
8.94,-0.0020342491351439396,-0.009929089922383838,-0.0020342491351439396,-0.009929089922383838,-0.0020342491351439396,-0.009929089922383838,-1.0279367683428255,-0.5187221721252989,-1.0259025192076816,-0.5087930822029151,0.0,0.0,Vmag_get_voltage_magnitude_series__angle_get_voltage_angle_series,true,Unknown,Ybus EMT reconstruction using exact complex bus-voltage phasors when available; otherwise diagnostic fallback
8.95,-0.002034089371074632,-0.009928861586660287,-0.002034089371074632,-0.009928861586660287,-0.002034089371074632,-0.009928861586660287,-1.0279366085787562,-0.5187219437895754,-1.0259025192076816,-0.5087930822029151,0.0,0.0,Vmag_get_voltage_magnitude_series__angle_get_voltage_angle_series,true,Unknown,Ybus EMT reconstruction using exact complex bus-voltage phasors when available; otherwise diagnostic fallback
8.96,-0.0020339301609577642,-0.009928633429252764,-0.0020339301609577642,-0.009928633429252764,-0.0020339301609577642,-0.009928633429252764,-1.0279364493686394,-0.5187217156321678,-1.0259025192076816,-0.5087930822029151,0.0,0.0,Vmag_get_voltage_magnitude_series__angle_get_voltage_angle_series,true,Unknown,Ybus EMT reconstruction using exact complex bus-voltage phasors when available; otherwise diagnostic fallback
8.97,-0.002033771513511029,-0.00992840546720497,-0.002033771513511029,-0.00992840546720497,-0.002033771513511029,-0.00992840546720497,-1.0279362907211926,-0.51872148767012,-1.0259025192076816,-0.5087930822029151,0.0,0.0,Vmag_get_voltage_magnitude_series__angle_get_voltage_angle_series,true,Unknown,Ybus EMT reconstruction using exact complex bus-voltage phasors when available; otherwise diagnostic fallback
8.98,-0.002033613437328663,-0.00992817771743415,-0.002033613437328663,-0.00992817771743415,-0.002033613437328663,-0.00992817771743415,-1.0279361326450103,-0.5187212599203492,-1.0259025192076816,-0.5087930822029151,0.0,0.0,Vmag_get_voltage_magnitude_series__angle_get_voltage_angle_series,true,Unknown,Ybus EMT reconstruction using exact complex bus-voltage phasors when available; otherwise diagnostic fallback
8.99,-0.0020334559408996533,-0.009927950196672808,-0.0020334559408996533,-0.009927950196672808,-0.0020334559408996533,-0.009927950196672808,-1.0279359751485813,-0.5187210323995879,-1.0259025192076816,-0.5087930822029151,0.0,0.0,Vmag_get_voltage_magnitude_series__angle_get_voltage_angle_series,true,Unknown,Ybus EMT reconstruction using exact complex bus-voltage phasors when available; otherwise diagnostic fallback
9.0,-0.002033299032521363,-0.009927722921461157,-0.002033299032521363,-0.009927722921461157,-0.002033299032521363,-0.009927722921461157,-1.027935818240203,-0.5187208051243762,-1.0259025192076816,-0.5087930822029151,0.0,0.0,Vmag_get_voltage_magnitude_series__angle_get_voltage_angle_series,true,Unknown,Ybus EMT reconstruction using exact complex bus-voltage phasors when available; otherwise diagnostic fallback
9.01,-0.0020331427204225427,-0.009927495908072292,-0.0020331427204225427,-0.009927495908072292,-0.0020331427204225427,-0.009927495908072292,-1.0279356619281041,-0.5187205781109874,-1.0259025192076816,-0.5087930822029151,0.0,0.0,Vmag_get_voltage_magnitude_series__angle_get_voltage_angle_series,true,Unknown,Ybus EMT reconstruction using exact complex bus-voltage phasors when available; otherwise diagnostic fallback
9.02,-0.002032987012649201,-0.009927269172743669,-0.002032987012649201,-0.009927269172743669,-0.002032987012649201,-0.009927269172743669,-1.0279355062203308,-0.5187203513756588,-1.0259025192076816,-0.5087930822029151,0.0,0.0,Vmag_get_voltage_magnitude_series__angle_get_voltage_angle_series,true,Unknown,Ybus EMT reconstruction using exact complex bus-voltage phasors when available; otherwise diagnostic fallback
9.03,-0.0020328319171540876,-0.009927042731386782,-0.0020328319171540876,-0.009927042731386782,-0.0020328319171540876,-0.009927042731386782,-1.0279353511248357,-0.5187201249343019,-1.0259025192076816,-0.5087930822029151,0.0,0.0,Vmag_get_voltage_magnitude_series__angle_get_voltage_angle_series,true,Unknown,Ybus EMT reconstruction using exact complex bus-voltage phasors when available; otherwise diagnostic fallback
9.04,-0.00203267744174096,-0.00992681659978667,-0.00203267744174096,-0.00992681659978667,-0.00203267744174096,-0.00992681659978667,-1.0279351966494226,-0.5187198988027018,-1.0259025192076816,-0.5087930822029151,0.0,0.0,Vmag_get_voltage_magnitude_series__angle_get_voltage_angle_series,true,Unknown,Ybus EMT reconstruction using exact complex bus-voltage phasors when available; otherwise diagnostic fallback
9.05,-0.0020325235940750197,-0.009926590793595924,-0.0020325235940750197,-0.009926590793595924,-0.0020325235940750197,-0.009926590793595924,-1.0279350428017566,-0.518719672996511,-1.0259025192076816,-0.5087930822029151,0.0,0.0,Vmag_get_voltage_magnitude_series__angle_get_voltage_angle_series,true,Unknown,Ybus EMT reconstruction using exact complex bus-voltage phasors when available; otherwise diagnostic fallback
9.06,-0.0020323703817402006,-0.0099263653281626,-0.0020323703817402006,-0.0099263653281626,-0.0020323703817402006,-0.0099263653281626,-1.0279348895894218,-0.5187194475310777,-1.0259025192076816,-0.5087930822029151,0.0,0.0,Vmag_get_voltage_magnitude_series__angle_get_voltage_angle_series,true,Unknown,Ybus EMT reconstruction using exact complex bus-voltage phasors when available; otherwise diagnostic fallback
9.07,-0.002032217812107273,-0.009926140218681545,-0.002032217812107273,-0.009926140218681545,-0.002032217812107273,-0.009926140218681545,-1.0279347370197889,-0.5187192224215966,-1.0259025192076816,-0.5087930822029151,0.0,0.0,Vmag_get_voltage_magnitude_series__angle_get_voltage_angle_series,true,Unknown,Ybus EMT reconstruction using exact complex bus-voltage phasors when available; otherwise diagnostic fallback
9.08,-0.0020320658924932733,-0.009925915480271219,-0.0020320658924932733,-0.009925915480271219,-0.0020320658924932733,-0.009925915480271219,-1.0279345851001749,-0.5187189976831863,-1.0259025192076816,-0.5087930822029151,0.0,0.0,Vmag_get_voltage_magnitude_series__angle_get_voltage_angle_series,true,Unknown,Ybus EMT reconstruction using exact complex bus-voltage phasors when available; otherwise diagnostic fallback
9.09,-0.002031914630076903,-0.009925691127799618,-0.002031914630076903,-0.009925691127799618,-0.002031914630076903,-0.009925691127799618,-1.0279344338377585,-0.5187187733307147,-1.0259025192076816,-0.5087930822029151,0.0,0.0,Vmag_get_voltage_magnitude_series__angle_get_voltage_angle_series,true,Unknown,Ybus EMT reconstruction using exact complex bus-voltage phasors when available; otherwise diagnostic fallback
9.1,-0.0020317640318709973,-0.009925467175920133,-0.0020317640318709973,-0.009925467175920133,-0.0020317640318709973,-0.009925467175920133,-1.0279342832395526,-0.5187185493788352,-1.0259025192076816,-0.5087930822029151,0.0,0.0,Vmag_get_voltage_magnitude_series__angle_get_voltage_angle_series,true,Unknown,Ybus EMT reconstruction using exact complex bus-voltage phasors when available; otherwise diagnostic fallback
9.11,-0.0020316141047971303,-0.009925243639152703,-0.0020316141047971303,-0.009925243639152703,-0.0020316141047971303,-0.009925243639152703,-1.0279341333124787,-0.5187183258420678,-1.0259025192076816,-0.5087930822029151,0.0,0.0,Vmag_get_voltage_magnitude_series__angle_get_voltage_angle_series,true,Unknown,Ybus EMT reconstruction using exact complex bus-voltage phasors when available; otherwise diagnostic fallback
9.12,-0.0020314648556516435,-0.00992502053179567,-0.0020314648556516435,-0.00992502053179567,-0.0020314648556516435,-0.00992502053179567,-1.0279339840633333,-0.5187181027347108,-1.0259025192076816,-0.5087930822029151,0.0,0.0,Vmag_get_voltage_magnitude_series__angle_get_voltage_angle_series,true,Unknown,Ybus EMT reconstruction using exact complex bus-voltage phasors when available; otherwise diagnostic fallback
9.13,-0.002031316291097651,-0.009924797868005264,-0.002031316291097651,-0.009924797868005264,-0.002031316291097651,-0.009924797868005264,-1.0279338354987793,-0.5187178800709203,-1.0259025192076816,-0.5087930822029151,0.0,0.0,Vmag_get_voltage_magnitude_series__angle_get_voltage_angle_series,true,Unknown,Ybus EMT reconstruction using exact complex bus-voltage phasors when available; otherwise diagnostic fallback
9.14,-0.0020311684176510525,-0.009924575661710677,-0.0020311684176510525,-0.009924575661710677,-0.0020311684176510525,-0.009924575661710677,-1.0279336876253327,-0.5187176578646258,-1.0259025192076816,-0.5087930822029151,0.0,0.0,Vmag_get_voltage_magnitude_series__angle_get_voltage_angle_series,true,Unknown,Ybus EMT reconstruction using exact complex bus-voltage phasors when available; otherwise diagnostic fallback
9.15,-0.0020310212417551377,-0.00992435392672697,-0.0020310212417551377,-0.00992435392672697,-0.0020310212417551377,-0.00992435392672697,-1.0279335404494367,-0.518717436129642,-1.0259025192076816,-0.5087930822029151,0.0,0.0,Vmag_get_voltage_magnitude_series__angle_get_voltage_angle_series,true,Unknown,Ybus EMT reconstruction using exact complex bus-voltage phasors when available; otherwise diagnostic fallback
9.16,-0.002030874769708868,-0.00992413267666381,-0.002030874769708868,-0.00992413267666381,-0.002030874769708868,-0.00992413267666381,-1.0279333939773905,-0.5187172148795789,-1.0259025192076816,-0.5087930822029151,0.0,0.0,Vmag_get_voltage_magnitude_series__angle_get_voltage_angle_series,true,Unknown,Ybus EMT reconstruction using exact complex bus-voltage phasors when available; otherwise diagnostic fallback
9.17,-0.0020307290076433393,-0.009923911924967332,-0.0020307290076433393,-0.009923911924967332,-0.0020307290076433393,-0.009923911924967332,-1.027933248215325,-0.5187169941278824,-1.0259025192076816,-0.5087930822029151,0.0,0.0,Vmag_get_voltage_magnitude_series__angle_get_voltage_angle_series,true,Unknown,Ybus EMT reconstruction using exact complex bus-voltage phasors when available; otherwise diagnostic fallback
9.18,-0.002030583961659671,-0.009923691684839309,-0.002030583961659671,-0.009923691684839309,-0.002030583961659671,-0.009923691684839309,-1.0279331031693413,-0.5187167738877544,-1.0259025192076816,-0.5087930822029151,0.0,0.0,Vmag_get_voltage_magnitude_series__angle_get_voltage_angle_series,true,Unknown,Ybus EMT reconstruction using exact complex bus-voltage phasors when available; otherwise diagnostic fallback
9.19,-0.002030439637650705,-0.009923471969407571,-0.002030439637650705,-0.009923471969407571,-0.002030439637650705,-0.009923471969407571,-1.0279329588453323,-0.5187165541723227,-1.0259025192076816,-0.5087930822029151,0.0,0.0,Vmag_get_voltage_magnitude_series__angle_get_voltage_angle_series,true,Unknown,Ybus EMT reconstruction using exact complex bus-voltage phasors when available; otherwise diagnostic fallback
9.2,-0.002030296041448887,-0.009923252791517512,-0.002030296041448887,-0.009923252791517512,-0.002030296041448887,-0.009923252791517512,-1.0279328152491305,-0.5187163349944326,-1.0259025192076816,-0.5087930822029151,0.0,0.0,Vmag_get_voltage_magnitude_series__angle_get_voltage_angle_series,true,Unknown,Ybus EMT reconstruction using exact complex bus-voltage phasors when available; otherwise diagnostic fallback
9.21,-0.0020301531787536575,-0.009923034163970779,-0.0020301531787536575,-0.009923034163970779,-0.0020301531787536575,-0.009923034163970779,-1.0279326723864353,-0.5187161163668859,-1.0259025192076816,-0.5087930822029151,0.0,0.0,Vmag_get_voltage_magnitude_series__angle_get_voltage_angle_series,true,Unknown,Ybus EMT reconstruction using exact complex bus-voltage phasors when available; otherwise diagnostic fallback
9.22,-0.0020300110550983685,-0.009922816099302234,-0.0020300110550983685,-0.009922816099302234,-0.0020300110550983685,-0.009922816099302234,-1.02793253026278,-0.5187158983022173,-1.0259025192076816,-0.5087930822029151,0.0,0.0,Vmag_get_voltage_magnitude_series__angle_get_voltage_angle_series,true,Unknown,Ybus EMT reconstruction using exact complex bus-voltage phasors when available; otherwise diagnostic fallback
9.23,-0.002029869675994611,-0.009922598609881983,-0.002029869675994611,-0.009922598609881983,-0.002029869675994611,-0.009922598609881983,-1.0279323888836762,-0.5187156808127971,-1.0259025192076816,-0.5087930822029151,0.0,0.0,Vmag_get_voltage_magnitude_series__angle_get_voltage_angle_series,true,Unknown,Ybus EMT reconstruction using exact complex bus-voltage phasors when available; otherwise diagnostic fallback
9.24,-0.0020297290467412576,-0.009922381707890393,-0.0020297290467412576,-0.009922381707890393,-0.0020297290467412576,-0.009922381707890393,-1.0279322482544229,-0.5187154639108055,-1.0259025192076816,-0.5087930822029151,0.0,0.0,Vmag_get_voltage_magnitude_series__angle_get_voltage_angle_series,true,Unknown,Ybus EMT reconstruction using exact complex bus-voltage phasors when available; otherwise diagnostic fallback
9.25,-0.0020295891725903292,-0.009922165405422567,-0.0020295891725903292,-0.009922165405422567,-0.0020295891725903292,-0.009922165405422567,-1.027932108380272,-0.5187152476083376,-1.0259025192076816,-0.5087930822029151,0.0,0.0,Vmag_get_voltage_magnitude_series__angle_get_voltage_angle_series,true,Unknown,Ybus EMT reconstruction using exact complex bus-voltage phasors when available; otherwise diagnostic fallback
9.26,-0.002029450058609772,-0.009921949714309486,-0.002029450058609772,-0.009921949714309486,-0.002029450058609772,-0.009921949714309486,-1.0279319692662914,-0.5187150319172246,-1.0259025192076816,-0.5087930822029151,0.0,0.0,Vmag_get_voltage_magnitude_series__angle_get_voltage_angle_series,true,Unknown,Ybus EMT reconstruction using exact complex bus-voltage phasors when available; otherwise diagnostic fallback
9.27,-0.0020293117098577618,-0.009921734646283098,-0.0020293117098577618,-0.009921734646283098,-0.0020293117098577618,-0.009921734646283098,-1.0279318309175394,-0.5187148168491982,-1.0259025192076816,-0.5087930822029151,0.0,0.0,Vmag_get_voltage_magnitude_series__angle_get_voltage_angle_series,true,Unknown,Ybus EMT reconstruction using exact complex bus-voltage phasors when available; otherwise diagnostic fallback
9.28,-0.002029174131132905,-0.009921520212869961,-0.002029174131132905,-0.009921520212869961,-0.002029174131132905,-0.009921520212869961,-1.0279316933388145,-0.518714602415785,-1.0259025192076816,-0.5087930822029151,0.0,0.0,Vmag_get_voltage_magnitude_series__angle_get_voltage_angle_series,true,Unknown,Ybus EMT reconstruction using exact complex bus-voltage phasors when available; otherwise diagnostic fallback
9.29,-0.0020290373272726647,-0.009921306425401566,-0.0020290373272726647,-0.009921306425401566,-0.0020290373272726647,-0.009921306425401566,-1.0279315565349543,-0.5187143886283166,-1.0259025192076816,-0.5087930822029151,0.0,0.0,Vmag_get_voltage_magnitude_series__angle_get_voltage_angle_series,true,Unknown,Ybus EMT reconstruction using exact complex bus-voltage phasors when available; otherwise diagnostic fallback
9.3,-0.0020289013029022307,-0.009921093295127803,-0.0020289013029022307,-0.009921093295127803,-0.0020289013029022307,-0.009921093295127803,-1.0279314205105838,-0.5187141754980429,-1.0259025192076816,-0.5087930822029151,0.0,0.0,Vmag_get_voltage_magnitude_series__angle_get_voltage_angle_series,true,Unknown,Ybus EMT reconstruction using exact complex bus-voltage phasors when available; otherwise diagnostic fallback
9.31,-0.0020287660625444293,-0.009920880833047319,-0.0020287660625444293,-0.009920880833047319,-0.0020287660625444293,-0.009920880833047319,-1.027931285270226,-0.5187139630359624,-1.0259025192076816,-0.5087930822029151,0.0,0.0,Vmag_get_voltage_magnitude_series__angle_get_voltage_angle_series,true,Unknown,Ybus EMT reconstruction using exact complex bus-voltage phasors when available; otherwise diagnostic fallback
9.32,-0.0020286316106545854,-0.009920669050038633,-0.0020286316106545854,-0.009920669050038633,-0.0020286316106545854,-0.009920669050038633,-1.0279311508183362,-0.5187137512529537,-1.0259025192076816,-0.5087930822029151,0.0,0.0,Vmag_get_voltage_magnitude_series__angle_get_voltage_angle_series,true,Unknown,Ybus EMT reconstruction using exact complex bus-voltage phasors when available; otherwise diagnostic fallback
9.33,-0.0020284979515652335,-0.009920457956793527,-0.0020284979515652335,-0.009920457956793527,-0.0020284979515652335,-0.009920457956793527,-1.0279310171592468,-0.5187135401597086,-1.0259025192076816,-0.5087930822029151,0.0,0.0,Vmag_get_voltage_magnitude_series__angle_get_voltage_angle_series,true,Unknown,Ybus EMT reconstruction using exact complex bus-voltage phasors when available; otherwise diagnostic fallback
9.34,-0.0020283650894534766,-0.009920247563857343,-0.0020283650894534766,-0.009920247563857343,-0.0020283650894534766,-0.009920247563857343,-1.027930884297135,-0.5187133297667724,-1.0259025192076816,-0.5087930822029151,0.0,0.0,Vmag_get_voltage_magnitude_series__angle_get_voltage_angle_series,true,Unknown,Ybus EMT reconstruction using exact complex bus-voltage phasors when available; otherwise diagnostic fallback
9.35,-0.002028233028442461,-0.009920037881572363,-0.002028233028442461,-0.009920037881572363,-0.002028233028442461,-0.009920037881572363,-1.027930752236124,-0.5187131200844874,-1.0259025192076816,-0.5087930822029151,0.0,0.0,Vmag_get_voltage_magnitude_series__angle_get_voltage_angle_series,true,Unknown,Ybus EMT reconstruction using exact complex bus-voltage phasors when available; otherwise diagnostic fallback
9.36,-0.0020281017725141126,-0.009919828920207263,-0.0020281017725141126,-0.009919828920207263,-0.0020281017725141126,-0.009919828920207263,-1.0279306209801957,-0.5187129111231223,-1.0259025192076816,-0.5087930822029151,0.0,0.0,Vmag_get_voltage_magnitude_series__angle_get_voltage_angle_series,true,Unknown,Ybus EMT reconstruction using exact complex bus-voltage phasors when available; otherwise diagnostic fallback
9.37,-0.0020279713255704213,-0.009919620689792463,-0.0020279713255704213,-0.009919620689792463,-0.0020279713255704213,-0.009919620689792463,-1.027930490533252,-0.5187127028927075,-1.0259025192076816,-0.5087930822029151,0.0,0.0,Vmag_get_voltage_magnitude_series__angle_get_voltage_angle_series,true,Unknown,Ybus EMT reconstruction using exact complex bus-voltage phasors when available; otherwise diagnostic fallback
9.38,-0.0020278416913965813,-0.009919413200143334,-0.0020278416913965813,-0.009919413200143334,-0.0020278416913965813,-0.009919413200143334,-1.0279303608990782,-0.5187124954030584,-1.0259025192076816,-0.5087930822029151,0.0,0.0,Vmag_get_voltage_magnitude_series__angle_get_voltage_angle_series,true,Unknown,Ybus EMT reconstruction using exact complex bus-voltage phasors when available; otherwise diagnostic fallback
9.39,-0.0020277128736299055,-0.009919206461124652,-0.0020277128736299055,-0.009919206461124652,-0.0020277128736299055,-0.009919206461124652,-1.0279302320813115,-0.5187122886640397,-1.0259025192076816,-0.5087930822029151,0.0,0.0,Vmag_get_voltage_magnitude_series__angle_get_voltage_angle_series,true,Unknown,Ybus EMT reconstruction using exact complex bus-voltage phasors when available; otherwise diagnostic fallback
9.4,-0.0020275848758644077,-0.009919000482179419,-0.0020275848758644077,-0.009919000482179419,-0.0020275848758644077,-0.009919000482179419,-1.027930104083546,-0.5187120826850945,-1.0259025192076816,-0.5087930822029151,0.0,0.0,Vmag_get_voltage_magnitude_series__angle_get_voltage_angle_series,true,Unknown,Ybus EMT reconstruction using exact complex bus-voltage phasors when available; otherwise diagnostic fallback
9.41,-0.002027457701564206,-0.009918795272843894,-0.002027457701564206,-0.009918795272843894,-0.002027457701564206,-0.009918795272843894,-1.0279299769092458,-0.518711877475759,-1.0259025192076816,-0.5087930822029151,0.0,0.0,Vmag_get_voltage_magnitude_series__angle_get_voltage_angle_series,true,Unknown,Ybus EMT reconstruction using exact complex bus-voltage phasors when available; otherwise diagnostic fallback
9.42,-0.0020273313540970506,-0.009918590842262653,-0.0020273313540970506,-0.009918590842262653,-0.0020273313540970506,-0.009918590842262653,-1.0279298505617787,-0.5187116730451777,-1.0259025192076816,-0.5087930822029151,0.0,0.0,Vmag_get_voltage_magnitude_series__angle_get_voltage_angle_series,true,Unknown,Ybus EMT reconstruction using exact complex bus-voltage phasors when available; otherwise diagnostic fallback
9.43,-0.0020272058366921364,-0.009918387199578382,-0.0020272058366921364,-0.009918387199578382,-0.0020272058366921364,-0.009918387199578382,-1.0279297250443737,-0.5187114694024935,-1.0259025192076816,-0.5087930822029151,0.0,0.0,Vmag_get_voltage_magnitude_series__angle_get_voltage_angle_series,true,Unknown,Ybus EMT reconstruction using exact complex bus-voltage phasors when available; otherwise diagnostic fallback
9.44,-0.0020270811525220367,-0.009918184353739368,-0.0020270811525220367,-0.009918184353739368,-0.0020270811525220367,-0.009918184353739368,-1.0279296003602036,-0.5187112665566544,-1.0259025192076816,-0.5087930822029151,0.0,0.0,Vmag_get_voltage_magnitude_series__angle_get_voltage_angle_series,true,Unknown,Ybus EMT reconstruction using exact complex bus-voltage phasors when available; otherwise diagnostic fallback
9.45,-0.0020269573046540756,-0.009917982313581208,-0.0020269573046540756,-0.009917982313581208,-0.0020269573046540756,-0.009917982313581208,-1.0279294765123357,-0.5187110645164963,-1.0259025192076816,-0.5087930822029151,0.0,0.0,Vmag_get_voltage_magnitude_series__angle_get_voltage_angle_series,true,Unknown,Ybus EMT reconstruction using exact complex bus-voltage phasors when available; otherwise diagnostic fallback
9.46,-0.002026834296023461,-0.00991778108759167,-0.002026834296023461,-0.00991778108759167,-0.002026834296023461,-0.00991778108759167,-1.027929353503705,-0.5187108632905068,-1.0259025192076816,-0.5087930822029151,0.0,0.0,Vmag_get_voltage_magnitude_series__angle_get_voltage_angle_series,true,Unknown,Ybus EMT reconstruction using exact complex bus-voltage phasors when available; otherwise diagnostic fallback
9.47,-0.0020267121294792467,-0.009917580684417837,-0.0020267121294792467,-0.009917580684417837,-0.0020267121294792467,-0.009917580684417837,-1.0279292313371609,-0.5187106628873329,-1.0259025192076816,-0.5087930822029151,0.0,0.0,Vmag_get_voltage_magnitude_series__angle_get_voltage_angle_series,true,Unknown,Ybus EMT reconstruction using exact complex bus-voltage phasors when available; otherwise diagnostic fallback
9.48,-0.0020265908077901074,-0.009917381112291346,-0.0020265908077901074,-0.009917381112291346,-0.0020265908077901074,-0.009917381112291346,-1.0279291100154717,-0.5187104633152064,-1.0259025192076816,-0.5087930822029151,0.0,0.0,Vmag_get_voltage_magnitude_series__angle_get_voltage_angle_series,true,Unknown,Ybus EMT reconstruction using exact complex bus-voltage phasors when available; otherwise diagnostic fallback
9.49,-0.002026470333604591,-0.009917182379442502,-0.002026470333604591,-0.009917182379442502,-0.002026470333604591,-0.009917182379442502,-1.0279289895412862,-0.5187102645823576,-1.0259025192076816,-0.5087930822029151,0.0,0.0,Vmag_get_voltage_magnitude_series__angle_get_voltage_angle_series,true,Unknown,Ybus EMT reconstruction using exact complex bus-voltage phasors when available; otherwise diagnostic fallback
9.5,-0.002026350709471769,-0.009916984493854697,-0.002026350709471769,-0.009916984493854697,-0.002026350709471769,-0.009916984493854697,-1.0279288699171534,-0.5187100666967698,-1.0259025192076816,-0.5087930822029151,0.0,0.0,Vmag_get_voltage_magnitude_series__angle_get_voltage_angle_series,true,Unknown,Ybus EMT reconstruction using exact complex bus-voltage phasors when available; otherwise diagnostic fallback
9.51,-0.0020262319378696603,-0.009916787463391752,-0.0020262319378696603,-0.009916787463391752,-0.0020262319378696603,-0.009916787463391752,-1.0279287511455513,-0.5187098696663068,-1.0259025192076816,-0.5087930822029151,0.0,0.0,Vmag_get_voltage_magnitude_series__angle_get_voltage_angle_series,true,Unknown,Ybus EMT reconstruction using exact complex bus-voltage phasors when available; otherwise diagnostic fallback
9.52,-0.0020261140211441653,-0.009916591295921817,-0.0020261140211441653,-0.009916591295921817,-0.0020261140211441653,-0.009916591295921817,-1.0279286332288258,-0.5187096734988369,-1.0259025192076816,-0.5087930822029151,0.0,0.0,Vmag_get_voltage_magnitude_series__angle_get_voltage_angle_series,true,Unknown,Ybus EMT reconstruction using exact complex bus-voltage phasors when available; otherwise diagnostic fallback
9.53,-0.002025996961578791,-0.009916395998847194,-0.002025996961578791,-0.009916395998847194,-0.002025996961578791,-0.009916395998847194,-1.0279285161692604,-0.5187094782017623,-1.0259025192076816,-0.5087930822029151,0.0,0.0,Vmag_get_voltage_magnitude_series__angle_get_voltage_angle_series,true,Unknown,Ybus EMT reconstruction using exact complex bus-voltage phasors when available; otherwise diagnostic fallback
9.54,-0.0020258807613358076,-0.009916201579661443,-0.0020258807613358076,-0.009916201579661443,-0.0020258807613358076,-0.009916201579661443,-1.0279283999690174,-0.5187092837825765,-1.0259025192076816,-0.5087930822029151,0.0,0.0,Vmag_get_voltage_magnitude_series__angle_get_voltage_angle_series,true,Unknown,Ybus EMT reconstruction using exact complex bus-voltage phasors when available; otherwise diagnostic fallback
9.55,-0.0020257654224964394,-0.009916008045694258,-0.0020257654224964394,-0.009916008045694258,-0.0020257654224964394,-0.009916008045694258,-1.027928284630178,-0.5187090902486093,-1.0259025192076816,-0.5087930822029151,0.0,0.0,Vmag_get_voltage_magnitude_series__angle_get_voltage_angle_series,true,Unknown,Ybus EMT reconstruction using exact complex bus-voltage phasors when available; otherwise diagnostic fallback
9.56,-0.0020256509470637507,-0.009915815404087924,-0.0020256509470637507,-0.009915815404087924,-0.0020256509470637507,-0.009915815404087924,-1.0279281701547454,-0.518708897607003,-1.0259025192076816,-0.5087930822029151,0.0,0.0,Vmag_get_voltage_magnitude_series__angle_get_voltage_angle_series,true,Unknown,Ybus EMT reconstruction using exact complex bus-voltage phasors when available; otherwise diagnostic fallback
9.57,-0.002025537336911132,-0.009915623661812756,-0.002025537336911132,-0.009915623661812756,-0.002025537336911132,-0.009915623661812756,-1.0279280565445927,-0.5187087058647278,-1.0259025192076816,-0.5087930822029151,0.0,0.0,Vmag_get_voltage_magnitude_series__angle_get_voltage_angle_series,true,Unknown,Ybus EMT reconstruction using exact complex bus-voltage phasors when available; otherwise diagnostic fallback
9.58,-0.0020254245938438054,-0.009915432825724713,-0.0020254245938438054,-0.009915432825724713,-0.0020254245938438054,-0.009915432825724713,-1.0279279438015254,-0.5187085150286398,-1.0259025192076816,-0.5087930822029151,0.0,0.0,Vmag_get_voltage_magnitude_series__angle_get_voltage_angle_series,true,Unknown,Ybus EMT reconstruction using exact complex bus-voltage phasors when available; otherwise diagnostic fallback
9.59,-0.0020253127195846155,-0.00991524290252932,-0.0020253127195846155,-0.00991524290252932,-0.0020253127195846155,-0.00991524290252932,-1.0279278319272662,-0.5187083251054444,-1.0259025192076816,-0.5087930822029151,0.0,0.0,Vmag_get_voltage_magnitude_series__angle_get_voltage_angle_series,true,Unknown,Ybus EMT reconstruction using exact complex bus-voltage phasors when available; otherwise diagnostic fallback
9.6,-0.0020252017157436075,-0.009915053898826076,-0.0020252017157436075,-0.009915053898826076,-0.0020252017157436075,-0.009915053898826076,-1.0279277209234252,-0.5187081361017412,-1.0259025192076816,-0.5087930822029151,0.0,0.0,Vmag_get_voltage_magnitude_series__angle_get_voltage_angle_series,true,Unknown,Ybus EMT reconstruction using exact complex bus-voltage phasors when available; otherwise diagnostic fallback
9.61,-0.002025091583870209,-0.009914865821063268,-0.002025091583870209,-0.009914865821063268,-0.002025091583870209,-0.009914865821063268,-1.0279276107915518,-0.5187079480239783,-1.0259025192076816,-0.5087930822029151,0.0,0.0,Vmag_get_voltage_magnitude_series__angle_get_voltage_angle_series,true,Unknown,Ybus EMT reconstruction using exact complex bus-voltage phasors when available; otherwise diagnostic fallback
9.62,-0.0020249823253879473,-0.009914678675458477,-0.0020249823253879473,-0.009914678675458477,-0.0020249823253879473,-0.009914678675458477,-1.0279275015330696,-0.5187077608783736,-1.0259025192076816,-0.5087930822029151,0.0,0.0,Vmag_get_voltage_magnitude_series__angle_get_voltage_angle_series,true,Unknown,Ybus EMT reconstruction using exact complex bus-voltage phasors when available; otherwise diagnostic fallback
9.63,-0.0020248739416584005,-0.009914492468246716,-0.0020248739416584005,-0.009914492468246716,-0.0020248739416584005,-0.009914492468246716,-1.02792739314934,-0.5187075746711618,-1.0259025192076816,-0.5087930822029151,0.0,0.0,Vmag_get_voltage_magnitude_series__angle_get_voltage_angle_series,true,Unknown,Ybus EMT reconstruction using exact complex bus-voltage phasors when available; otherwise diagnostic fallback
9.64,-0.0020247664339565485,-0.009914307205409423,-0.0020247664339565485,-0.009914307205409423,-0.0020247664339565485,-0.009914307205409423,-1.0279272856416382,-0.5187073894083245,-1.0259025192076816,-0.5087930822029151,0.0,0.0,Vmag_get_voltage_magnitude_series__angle_get_voltage_angle_series,true,Unknown,Ybus EMT reconstruction using exact complex bus-voltage phasors when available; otherwise diagnostic fallback
9.65,-0.002024659803459228,-0.009914122892813126,-0.002024659803459228,-0.009914122892813126,-0.002024659803459228,-0.009914122892813126,-1.0279271790111408,-0.5187072050957282,-1.0259025192076816,-0.5087930822029151,0.0,0.0,Vmag_get_voltage_magnitude_series__angle_get_voltage_angle_series,true,Unknown,Ybus EMT reconstruction using exact complex bus-voltage phasors when available; otherwise diagnostic fallback
9.66,-0.002024554051259786,-0.009913939536219996,-0.002024554051259786,-0.009913939536219996,-0.002024554051259786,-0.009913939536219996,-1.0279270732589414,-0.5187070217391351,-1.0259025192076816,-0.5087930822029151,0.0,0.0,Vmag_get_voltage_magnitude_series__angle_get_voltage_angle_series,true,Unknown,Ybus EMT reconstruction using exact complex bus-voltage phasors when available; otherwise diagnostic fallback
9.67,-0.0020244491783723007,-0.009913757141216006,-0.0020244491783723007,-0.009913757141216006,-0.0020244491783723007,-0.009913757141216006,-1.027926968386054,-0.5187068393441311,-1.0259025192076816,-0.5087930822029151,0.0,0.0,Vmag_get_voltage_magnitude_series__angle_get_voltage_angle_series,true,Unknown,Ybus EMT reconstruction using exact complex bus-voltage phasors when available; otherwise diagnostic fallback
9.68,-0.0020243451857264727,-0.00991357571333984,-0.0020243451857264727,-0.00991357571333984,-0.0020243451857264727,-0.00991357571333984,-1.027926864393408,-0.5187066579162549,-1.0259025192076816,-0.5087930822029151,0.0,0.0,Vmag_get_voltage_magnitude_series__angle_get_voltage_angle_series,true,Unknown,Ybus EMT reconstruction using exact complex bus-voltage phasors when available; otherwise diagnostic fallback
9.69,-0.002024242074157412,-0.00991339525784729,-0.002024242074157412,-0.00991339525784729,-0.002024242074157412,-0.00991339525784729,-1.027926761281839,-0.5187064774607624,-1.0259025192076816,-0.5087930822029151,0.0,0.0,Vmag_get_voltage_magnitude_series__angle_get_voltage_angle_series,true,Unknown,Ybus EMT reconstruction using exact complex bus-voltage phasors when available; otherwise diagnostic fallback
9.7,-0.0020241398444333925,-0.009913215779959517,-0.0020241398444333925,-0.009913215779959517,-0.0020241398444333925,-0.009913215779959517,-1.027926659052115,-0.5187062979828746,-1.0259025192076816,-0.5087930822029151,0.0,0.0,Vmag_get_voltage_magnitude_series__angle_get_voltage_angle_series,true,Unknown,Ybus EMT reconstruction using exact complex bus-voltage phasors when available; otherwise diagnostic fallback
9.71,-0.0020240384972418646,-0.009913037284791093,-0.0020240384972418646,-0.009913037284791093,-0.0020240384972418646,-0.009913037284791093,-1.0279265577049235,-0.5187061194877062,-1.0259025192076816,-0.5087930822029151,0.0,0.0,Vmag_get_voltage_magnitude_series__angle_get_voltage_angle_series,true,Unknown,Ybus EMT reconstruction using exact complex bus-voltage phasors when available; otherwise diagnostic fallback
9.72,-0.0020239380331570356,-0.00991285977730394,-0.0020239380331570356,-0.00991285977730394,-0.0020239380331570356,-0.00991285977730394,-1.0279264572408386,-0.518705941980219,-1.0259025192076816,-0.5087930822029151,0.0,0.0,Vmag_get_voltage_magnitude_series__angle_get_voltage_angle_series,true,Unknown,Ybus EMT reconstruction using exact complex bus-voltage phasors when available; otherwise diagnostic fallback
9.73,-0.0020238384527158093,-0.009912683262206623,-0.0020238384527158093,-0.009912683262206623,-0.0020238384527158093,-0.009912683262206623,-1.0279263576603974,-0.5187057654651217,-1.0259025192076816,-0.5087930822029151,0.0,0.0,Vmag_get_voltage_magnitude_series__angle_get_voltage_angle_series,true,Unknown,Ybus EMT reconstruction using exact complex bus-voltage phasors when available; otherwise diagnostic fallback
9.74,-0.0020237397563509507,-0.009912507744355925,-0.0020237397563509507,-0.009912507744355925,-0.0020237397563509507,-0.009912507744355925,-1.0279262589640326,-0.518705589947271,-1.0259025192076816,-0.5087930822029151,0.0,0.0,Vmag_get_voltage_magnitude_series__angle_get_voltage_angle_series,true,Unknown,Ybus EMT reconstruction using exact complex bus-voltage phasors when available; otherwise diagnostic fallback
9.75,-0.0020236419444239484,-0.009912333228149994,-0.0020236419444239484,-0.009912333228149994,-0.0020236419444239484,-0.009912333228149994,-1.0279261611521056,-0.5187054154310651,-1.0259025192076816,-0.5087930822029151,0.0,0.0,Vmag_get_voltage_magnitude_series__angle_get_voltage_angle_series,true,Unknown,Ybus EMT reconstruction using exact complex bus-voltage phasors when available; otherwise diagnostic fallback
9.76,-0.002023545017206585,-0.009912159718127644,-0.002023545017206585,-0.009912159718127644,-0.002023545017206585,-0.009912159718127644,-1.0279260642248882,-0.5187052419210427,-1.0259025192076816,-0.5087930822029151,0.0,0.0,Vmag_get_voltage_magnitude_series__angle_get_voltage_angle_series,true,Unknown,Ybus EMT reconstruction using exact complex bus-voltage phasors when available; otherwise diagnostic fallback
9.77,-0.002023448974926456,-0.009911987218528373,-0.002023448974926456,-0.009911987218528373,-0.002023448974926456,-0.009911987218528373,-1.027925968182608,-0.5187050694214435,-1.0259025192076816,-0.5087930822029151,0.0,0.0,Vmag_get_voltage_magnitude_series__angle_get_voltage_angle_series,true,Unknown,Ybus EMT reconstruction using exact complex bus-voltage phasors when available; otherwise diagnostic fallback
9.78,-0.002023353817663054,-0.009911815733559592,-0.002023353817663054,-0.009911815733559592,-0.002023353817663054,-0.009911815733559592,-1.0279258730253447,-0.5187048979364747,-1.0259025192076816,-0.5087930822029151,0.0,0.0,Vmag_get_voltage_magnitude_series__angle_get_voltage_angle_series,true,Unknown,Ybus EMT reconstruction using exact complex bus-voltage phasors when available; otherwise diagnostic fallback
9.79,-0.0020232595455182967,-0.009911645267287716,-0.0020232595455182967,-0.009911645267287716,-0.0020232595455182967,-0.009911645267287716,-1.0279257787532,-0.5187047274702028,-1.0259025192076816,-0.5087930822029151,0.0,0.0,Vmag_get_voltage_magnitude_series__angle_get_voltage_angle_series,true,Unknown,Ybus EMT reconstruction using exact complex bus-voltage phasors when available; otherwise diagnostic fallback
9.8,-0.0020231661584380056,-0.00991147582365215,-0.0020231661584380056,-0.00991147582365215,-0.0020231661584380056,-0.00991147582365215,-1.0279256853661196,-0.5187045580265672,-1.0259025192076816,-0.5087930822029151,0.0,0.0,Vmag_get_voltage_magnitude_series__angle_get_voltage_angle_series,true,Unknown,Ybus EMT reconstruction using exact complex bus-voltage phasors when available; otherwise diagnostic fallback
9.81,-0.00202307365633847,-0.009911307406430314,-0.00202307365633847,-0.009911307406430314,-0.00202307365633847,-0.009911307406430314,-1.02792559286402,-0.5187043896093454,-1.0259025192076816,-0.5087930822029151,0.0,0.0,Vmag_get_voltage_magnitude_series__angle_get_voltage_angle_series,true,Unknown,Ybus EMT reconstruction using exact complex bus-voltage phasors when available; otherwise diagnostic fallback
9.82,-0.002022982039037613,-0.00991114001935156,-0.002022982039037613,-0.00991114001935156,-0.002022982039037613,-0.00991114001935156,-1.0279255012467192,-0.5187042222222666,-1.0259025192076816,-0.5087930822029151,0.0,0.0,Vmag_get_voltage_magnitude_series__angle_get_voltage_angle_series,true,Unknown,Ybus EMT reconstruction using exact complex bus-voltage phasors when available; otherwise diagnostic fallback
9.83,-0.0020228913062951825,-0.009910973666021228,-0.0020228913062951825,-0.009910973666021228,-0.0020228913062951825,-0.009910973666021228,-1.0279254105139768,-0.5187040558689363,-1.0259025192076816,-0.5087930822029151,0.0,0.0,Vmag_get_voltage_magnitude_series__angle_get_voltage_angle_series,true,Unknown,Ybus EMT reconstruction using exact complex bus-voltage phasors when available; otherwise diagnostic fallback
9.84,-0.002022801457789436,-0.009910808349781641,-0.002022801457789436,-0.009910808349781641,-0.002022801457789436,-0.009910808349781641,-1.027925320665471,-0.5187038905526967,-1.0259025192076816,-0.5087930822029151,0.0,0.0,Vmag_get_voltage_magnitude_series__angle_get_voltage_angle_series,true,Unknown,Ybus EMT reconstruction using exact complex bus-voltage phasors when available; otherwise diagnostic fallback
9.85,-0.002022712493135792,-0.009910644074051067,-0.002022712493135792,-0.009910644074051067,-0.002022712493135792,-0.009910644074051067,-1.0279252317008174,-0.5187037262769661,-1.0259025192076816,-0.5087930822029151,0.0,0.0,Vmag_get_voltage_magnitude_series__angle_get_voltage_angle_series,true,Unknown,Ybus EMT reconstruction using exact complex bus-voltage phasors when available; otherwise diagnostic fallback
9.86,-0.002022624411873286,-0.009910480842042602,-0.002022624411873286,-0.009910480842042602,-0.002022624411873286,-0.009910480842042602,-1.027925143619555,-0.5187035630449577,-1.0259025192076816,-0.5087930822029151,0.0,0.0,Vmag_get_voltage_magnitude_series__angle_get_voltage_angle_series,true,Unknown,Ybus EMT reconstruction using exact complex bus-voltage phasors when available; otherwise diagnostic fallback
9.87,-0.002022537213473008,-0.009910318656832007,-0.002022537213473008,-0.009910318656832007,-0.002022537213473008,-0.009910318656832007,-1.0279250564211546,-0.5187034008597471,-1.0259025192076816,-0.5087930822029151,0.0,0.0,Vmag_get_voltage_magnitude_series__angle_get_voltage_angle_series,true,Unknown,Ybus EMT reconstruction using exact complex bus-voltage phasors when available; otherwise diagnostic fallback
9.88,-0.0020224508973269995,-0.009910157521392682,-0.0020224508973269995,-0.009910157521392682,-0.0020224508973269995,-0.009910157521392682,-1.0279249701050086,-0.5187032397243078,-1.0259025192076816,-0.5087930822029151,0.0,0.0,Vmag_get_voltage_magnitude_series__angle_get_voltage_angle_series,true,Unknown,Ybus EMT reconstruction using exact complex bus-voltage phasors when available; otherwise diagnostic fallback
9.89,-0.0020223654627919974,-0.009909997438603546,-0.0020223654627919974,-0.009909997438603546,-0.0020223654627919974,-0.009909997438603546,-1.0279248846704736,-0.5187030796415186,-1.0259025192076816,-0.5087930822029151,0.0,0.0,Vmag_get_voltage_magnitude_series__angle_get_voltage_angle_series,true,Unknown,Ybus EMT reconstruction using exact complex bus-voltage phasors when available; otherwise diagnostic fallback
9.9,-0.002022280909108387,-0.009909838411264693,-0.002022280909108387,-0.009909838411264693,-0.002022280909108387,-0.009909838411264693,-1.02792480011679,-0.5187029206141798,-1.0259025192076816,-0.5087930822029151,0.0,0.0,Vmag_get_voltage_magnitude_series__angle_get_voltage_angle_series,true,Unknown,Ybus EMT reconstruction using exact complex bus-voltage phasors when available; otherwise diagnostic fallback
9.91,-0.002022197235486356,-0.009909680441970492,-0.002022197235486356,-0.009909680441970492,-0.002022197235486356,-0.009909680441970492,-1.027924716443168,-0.5187027626448856,-1.0259025192076816,-0.5087930822029151,0.0,0.0,Vmag_get_voltage_magnitude_series__angle_get_voltage_angle_series,true,Unknown,Ybus EMT reconstruction using exact complex bus-voltage phasors when available; otherwise diagnostic fallback
9.92,-0.0020221144410412784,-0.009909523533251363,-0.0020221144410412784,-0.009909523533251363,-0.0020221144410412784,-0.009909523533251363,-1.0279246336487229,-0.5187026057361664,-1.0259025192076816,-0.5087930822029151,0.0,0.0,Vmag_get_voltage_magnitude_series__angle_get_voltage_angle_series,true,Unknown,Ybus EMT reconstruction using exact complex bus-voltage phasors when available; otherwise diagnostic fallback
9.93,-0.002022032524866768,-0.009909367687540471,-0.002022032524866768,-0.009909367687540471,-0.002022032524866768,-0.009909367687540471,-1.0279245517325484,-0.5187024498904556,-1.0259025192076816,-0.5087930822029151,0.0,0.0,Vmag_get_voltage_magnitude_series__angle_get_voltage_angle_series,true,Unknown,Ybus EMT reconstruction using exact complex bus-voltage phasors when available; otherwise diagnostic fallback
9.94,-0.0020219514859431964,-0.00990921290712743,-0.0020219514859431964,-0.00990921290712743,-0.0020219514859431964,-0.00990921290712743,-1.0279244706936248,-0.5187022951100425,-1.0259025192076816,-0.5087930822029151,0.0,0.0,Vmag_get_voltage_magnitude_series__angle_get_voltage_angle_series,true,Unknown,Ybus EMT reconstruction using exact complex bus-voltage phasors when available; otherwise diagnostic fallback
9.95,-0.002021871323208746,-0.009909059194235126,-0.002021871323208746,-0.009909059194235126,-0.002021871323208746,-0.009909059194235126,-1.0279243905308904,-0.5187021413971502,-1.0259025192076816,-0.5087930822029151,0.0,0.0,Vmag_get_voltage_magnitude_series__angle_get_voltage_angle_series,true,Unknown,Ybus EMT reconstruction using exact complex bus-voltage phasors when available; otherwise diagnostic fallback
9.96,-0.002021792035544756,-0.009908906550998187,-0.002021792035544756,-0.009908906550998187,-0.002021792035544756,-0.009908906550998187,-1.0279243112432264,-0.5187019887539133,-1.0259025192076816,-0.5087930822029151,0.0,0.0,Vmag_get_voltage_magnitude_series__angle_get_voltage_angle_series,true,Unknown,Ybus EMT reconstruction using exact complex bus-voltage phasors when available; otherwise diagnostic fallback
9.97,-0.002021713621768617,-0.009908754979317647,-0.002021713621768617,-0.009908754979317647,-0.002021713621768617,-0.009908754979317647,-1.0279242328294502,-0.5187018371822327,-1.0259025192076816,-0.5087930822029151,0.0,0.0,Vmag_get_voltage_magnitude_series__angle_get_voltage_angle_series,true,Unknown,Ybus EMT reconstruction using exact complex bus-voltage phasors when available; otherwise diagnostic fallback
9.98,-0.0020216360806109,-0.009908604481116079,-0.0020216360806109,-0.009908604481116079,-0.0020216360806109,-0.009908604481116079,-1.0279241552882925,-0.5187016866840312,-1.0259025192076816,-0.5087930822029151,0.0,0.0,Vmag_get_voltage_magnitude_series__angle_get_voltage_angle_series,true,Unknown,Ybus EMT reconstruction using exact complex bus-voltage phasors when available; otherwise diagnostic fallback
9.99,-0.002021559410760654,-0.009908455058140087,-0.002021559410760654,-0.009908455058140087,-0.002021559410760654,-0.009908455058140087,-1.0279240786184423,-0.5187015372610552,-1.0259025192076816,-0.5087930822029151,0.0,0.0,Vmag_get_voltage_magnitude_series__angle_get_voltage_angle_series,true,Unknown,Ybus EMT reconstruction using exact complex bus-voltage phasors when available; otherwise diagnostic fallback
10.0,-0.0020214836098104705,-0.009908306710810222,-0.0020214836098104705,-0.009908306710810222,-0.0020214836098104705,-0.009908306710810222,-1.027924002817492,-0.5187013889137253,-1.0259025192076816,-0.5087930822029151,0.0,0.0,Vmag_get_voltage_magnitude_series__angle_get_voltage_angle_series,true,Unknown,Ybus EMT reconstruction using exact complex bus-voltage phasors when available; otherwise diagnostic fallback
