t_s,delta_p_pu,delta_q_pu,delta_p_network_pu,delta_q_network_pu,delta_p_with_load_pu,delta_q_with_load_pu,p_network_abs_pu,q_network_abs_pu,p_network_ref_pu,q_network_ref_pu,delta_p_load_pu,delta_q_load_pu,angle_source,angle_is_exact_bus_voltage,asset_type,source
0.0,1.3322217117028856e-5,-1.1365306952226817e-6,1.3322217117028856e-5,-1.1365306952226817e-6,1.3322217117028856e-5,-1.1365306952226817e-6,-2.761010127777114,0.21117422763387977,-2.761023449994231,0.211175364164575,0.0,0.0,Vmag_get_voltage_magnitude_series__angle_get_voltage_angle_series,true,Unknown,Ybus EMT reconstruction using exact complex bus-voltage phasors when available; otherwise diagnostic fallback
0.01,1.3322217117917035e-5,-1.1365306948341036e-6,1.3322217117917035e-5,-1.1365306948341036e-6,1.3322217117917035e-5,-1.1365306948341036e-6,-2.761010127777113,0.21117422763388016,-2.761023449994231,0.211175364164575,0.0,0.0,Vmag_get_voltage_magnitude_series__angle_get_voltage_angle_series,true,Unknown,Ybus EMT reconstruction using exact complex bus-voltage phasors when available; otherwise diagnostic fallback
0.02,1.3322217132571978e-5,-1.1365306926691687e-6,1.3322217132571978e-5,-1.1365306926691687e-6,1.3322217132571978e-5,-1.1365306926691687e-6,-2.7610101277770984,0.21117422763388233,-2.761023449994231,0.211175364164575,0.0,0.0,Vmag_get_voltage_magnitude_series__angle_get_voltage_angle_series,true,Unknown,Ybus EMT reconstruction using exact complex bus-voltage phasors when available; otherwise diagnostic fallback
0.03,1.332221712013748e-5,-1.1365307092114918e-6,1.332221712013748e-5,-1.1365307092114918e-6,1.332221712013748e-5,-1.1365307092114918e-6,-2.761010127777111,0.21117422763386579,-2.761023449994231,0.211175364164575,0.0,0.0,Vmag_get_voltage_magnitude_series__angle_get_voltage_angle_series,true,Unknown,Ybus EMT reconstruction using exact complex bus-voltage phasors when available; otherwise diagnostic fallback
0.04,1.3322217118805213e-5,-1.1365306791244478e-6,1.3322217118805213e-5,-1.1365306791244478e-6,1.3322217118805213e-5,-1.1365306791244478e-6,-2.761010127777112,0.21117422763389587,-2.761023449994231,0.211175364164575,0.0,0.0,Vmag_get_voltage_magnitude_series__angle_get_voltage_angle_series,true,Unknown,Ybus EMT reconstruction using exact complex bus-voltage phasors when available; otherwise diagnostic fallback
0.05,1.3322217129907443e-5,-1.1365307233668354e-6,1.3322217129907443e-5,-1.1365307233668354e-6,1.3322217129907443e-5,-1.1365307233668354e-6,-2.761010127777101,0.21117422763385163,-2.761023449994231,0.211175364164575,0.0,0.0,Vmag_get_voltage_magnitude_series__angle_get_voltage_angle_series,true,Unknown,Ybus EMT reconstruction using exact complex bus-voltage phasors when available; otherwise diagnostic fallback
0.06,1.3322217117917035e-5,-1.136530695000637e-6,1.3322217117917035e-5,-1.136530695000637e-6,1.3322217117917035e-5,-1.136530695000637e-6,-2.761010127777113,0.21117422763388,-2.761023449994231,0.211175364164575,0.0,0.0,Vmag_get_voltage_magnitude_series__angle_get_voltage_angle_series,true,Unknown,Ybus EMT reconstruction using exact complex bus-voltage phasors when available; otherwise diagnostic fallback
0.07,1.3322217121469748e-5,-1.1365306943345033e-6,1.3322217121469748e-5,-1.1365306943345033e-6,1.3322217121469748e-5,-1.1365306943345033e-6,-2.7610101277771095,0.21117422763388066,-2.761023449994231,0.211175364164575,0.0,0.0,Vmag_get_voltage_magnitude_series__angle_get_voltage_angle_series,true,Unknown,Ybus EMT reconstruction using exact complex bus-voltage phasors when available; otherwise diagnostic fallback
0.08,1.3322217127242908e-5,-1.1365307084343357e-6,1.3322217127242908e-5,-1.1365307084343357e-6,1.3322217127242908e-5,-1.1365307084343357e-6,-2.7610101277771038,0.21117422763386656,-2.761023449994231,0.211175364164575,0.0,0.0,Vmag_get_voltage_magnitude_series__angle_get_voltage_angle_series,true,Unknown,Ybus EMT reconstruction using exact complex bus-voltage phasors when available; otherwise diagnostic fallback
0.09,1.3322217110367518e-5,-1.1365306959443267e-6,1.3322217110367518e-5,-1.1365306959443267e-6,1.3322217110367518e-5,-1.1365306959443267e-6,-2.7610101277771206,0.21117422763387905,-2.761023449994231,0.211175364164575,0.0,0.0,Vmag_get_voltage_magnitude_series__angle_get_voltage_angle_series,true,Unknown,Ybus EMT reconstruction using exact complex bus-voltage phasors when available; otherwise diagnostic fallback
0.1,1.3322217102818001e-5,-1.1365306962773936e-6,1.3322217102818001e-5,-1.1365306962773936e-6,1.3322217102818001e-5,-1.1365306962773936e-6,-2.761010127777128,0.21117422763387872,-2.761023449994231,0.211175364164575,0.0,0.0,Vmag_get_voltage_magnitude_series__angle_get_voltage_angle_series,true,Unknown,Ybus EMT reconstruction using exact complex bus-voltage phasors when available; otherwise diagnostic fallback
0.11,0.004348137060954382,0.02278491134580013,0.004348137060954382,0.02278491134580013,0.004348137060954382,0.02278491134580013,-2.7566753129332766,0.23396027551037513,-2.761023449994231,0.211175364164575,0.0,0.0,Vmag_get_voltage_magnitude_series__angle_get_voltage_angle_series,true,Unknown,Ybus EMT reconstruction using exact complex bus-voltage phasors when available; otherwise diagnostic fallback
0.12,0.00284124600868374,0.00684535256557145,0.00284124600868374,0.00684535256557145,0.00284124600868374,0.00684535256557145,-2.7581822039855473,0.21802071673014645,-2.761023449994231,0.211175364164575,0.0,0.0,Vmag_get_voltage_magnitude_series__angle_get_voltage_angle_series,true,Unknown,Ybus EMT reconstruction using exact complex bus-voltage phasors when available; otherwise diagnostic fallback
0.13,0.0032974305076249877,0.0020622111014304556,0.0032974305076249877,0.0020622111014304556,0.0032974305076249877,0.0020622111014304556,-2.757726019486606,0.21323757526600545,-2.761023449994231,0.211175364164575,0.0,0.0,Vmag_get_voltage_magnitude_series__angle_get_voltage_angle_series,true,Unknown,Ybus EMT reconstruction using exact complex bus-voltage phasors when available; otherwise diagnostic fallback
0.14,0.0028644666758008697,0.0020004509358613753,0.0028644666758008697,0.0020004509358613753,0.0028644666758008697,0.0020004509358613753,-2.75815898331843,0.21317581510043637,-2.761023449994231,0.211175364164575,0.0,0.0,Vmag_get_voltage_magnitude_series__angle_get_voltage_angle_series,true,Unknown,Ybus EMT reconstruction using exact complex bus-voltage phasors when available; otherwise diagnostic fallback
0.15,0.003532282392798347,0.0023620882853410685,0.003532282392798347,0.0023620882853410685,0.003532282392798347,0.0023620882853410685,-2.7574911676014326,0.21353745244991607,-2.761023449994231,0.211175364164575,0.0,0.0,Vmag_get_voltage_magnitude_series__angle_get_voltage_angle_series,true,Unknown,Ybus EMT reconstruction using exact complex bus-voltage phasors when available; otherwise diagnostic fallback
0.16,0.0037227496248632974,0.0024465349879866927,0.0037227496248632974,0.0024465349879866927,0.0037227496248632974,0.0024465349879866927,-2.7573007003693677,0.2136218991525617,-2.761023449994231,0.211175364164575,0.0,0.0,Vmag_get_voltage_magnitude_series__angle_get_voltage_angle_series,true,Unknown,Ybus EMT reconstruction using exact complex bus-voltage phasors when available; otherwise diagnostic fallback
0.17,0.003894597705390801,0.0025892604971888833,0.003894597705390801,0.0025892604971888833,0.003894597705390801,0.0025892604971888833,-2.75712885228884,0.21376462466176388,-2.761023449994231,0.211175364164575,0.0,0.0,Vmag_get_voltage_magnitude_series__angle_get_voltage_angle_series,true,Unknown,Ybus EMT reconstruction using exact complex bus-voltage phasors when available; otherwise diagnostic fallback
0.18,0.004031221946508179,0.002770906667866224,0.004031221946508179,0.002770906667866224,0.004031221946508179,0.002770906667866224,-2.756992228047723,0.21394627083244122,-2.761023449994231,0.211175364164575,0.0,0.0,Vmag_get_voltage_magnitude_series__angle_get_voltage_angle_series,true,Unknown,Ybus EMT reconstruction using exact complex bus-voltage phasors when available; otherwise diagnostic fallback
0.19,0.004195517567810114,0.0029422140773663896,0.004195517567810114,0.0029422140773663896,0.004195517567810114,0.0029422140773663896,-2.756827932426421,0.2141175782419414,-2.761023449994231,0.211175364164575,0.0,0.0,Vmag_get_voltage_magnitude_series__angle_get_voltage_angle_series,true,Unknown,Ybus EMT reconstruction using exact complex bus-voltage phasors when available; otherwise diagnostic fallback
0.2,0.004348276751423352,0.0031149010486019035,0.004348276751423352,0.0031149010486019035,0.004348276751423352,0.0031149010486019035,-2.7566751732428076,0.2142902652131769,-2.761023449994231,0.211175364164575,0.0,0.0,Vmag_get_voltage_magnitude_series__angle_get_voltage_angle_series,true,Unknown,Ybus EMT reconstruction using exact complex bus-voltage phasors when available; otherwise diagnostic fallback
0.21,0.004503354960168959,0.0032889839976900093,0.004503354960168959,0.0032889839976900093,0.004503354960168959,0.0032889839976900093,-2.756520095034062,0.214464348162265,-2.761023449994231,0.211175364164575,0.0,0.0,Vmag_get_voltage_magnitude_series__angle_get_voltage_angle_series,true,Unknown,Ybus EMT reconstruction using exact complex bus-voltage phasors when available; otherwise diagnostic fallback
0.22,0.004657976994225432,0.0034644990740934634,0.004657976994225432,0.0034644990740934634,0.004657976994225432,0.0034644990740934634,-2.7563654730000056,0.21463986323866846,-2.761023449994231,0.211175364164575,0.0,0.0,Vmag_get_voltage_magnitude_series__angle_get_voltage_angle_series,true,Unknown,Ybus EMT reconstruction using exact complex bus-voltage phasors when available; otherwise diagnostic fallback
0.23,0.004813701283596039,0.003638994686145536,0.004813701283596039,0.003638994686145536,0.004813701283596039,0.003638994686145536,-2.756209748710635,0.21481435885072053,-2.761023449994231,0.211175364164575,0.0,0.0,Vmag_get_voltage_magnitude_series__angle_get_voltage_angle_series,true,Unknown,Ybus EMT reconstruction using exact complex bus-voltage phasors when available; otherwise diagnostic fallback
0.24,0.004969046770924468,0.003812361365607142,0.004969046770924468,0.003812361365607142,0.004969046770924468,0.003812361365607142,-2.7560544032233065,0.21498772553018214,-2.761023449994231,0.211175364164575,0.0,0.0,Vmag_get_voltage_magnitude_series__angle_get_voltage_angle_series,true,Unknown,Ybus EMT reconstruction using exact complex bus-voltage phasors when available; otherwise diagnostic fallback
0.25,0.005124006115992064,0.003983658577781379,0.005124006115992064,0.003983658577781379,0.005124006115992064,0.003983658577781379,-2.755899443878239,0.21515902274235638,-2.761023449994231,0.211175364164575,0.0,0.0,Vmag_get_voltage_magnitude_series__angle_get_voltage_angle_series,true,Unknown,Ybus EMT reconstruction using exact complex bus-voltage phasors when available; otherwise diagnostic fallback
0.26,0.0052778810598494985,0.0041523473120017584,0.0052778810598494985,0.0041523473120017584,0.0052778810598494985,0.0041523473120017584,-2.7557455689343815,0.21532771147657676,-2.761023449994231,0.211175364164575,0.0,0.0,Vmag_get_voltage_magnitude_series__angle_get_voltage_angle_series,true,Unknown,Ybus EMT reconstruction using exact complex bus-voltage phasors when available; otherwise diagnostic fallback
0.27,0.005430109542963635,0.004317782971863304,0.005430109542963635,0.004317782971863304,0.005430109542963635,0.004317782971863304,-2.7555933404512674,0.2154931471364383,-2.761023449994231,0.211175364164575,0.0,0.0,Vmag_get_voltage_magnitude_series__angle_get_voltage_angle_series,true,Unknown,Ybus EMT reconstruction using exact complex bus-voltage phasors when available; otherwise diagnostic fallback
0.28,0.005580018155574962,0.00447947347083999,0.005580018155574962,0.00447947347083999,0.005580018155574962,0.00447947347083999,-2.755443431838656,0.215654837635415,-2.761023449994231,0.211175364164575,0.0,0.0,Vmag_get_voltage_magnitude_series__angle_get_voltage_angle_series,true,Unknown,Ybus EMT reconstruction using exact complex bus-voltage phasors when available; otherwise diagnostic fallback
0.29,0.005726964132742651,0.004636936393487168,0.005726964132742651,0.004636936393487168,0.005726964132742651,0.004636936393487168,-2.7552964858614883,0.21581230055806216,-2.761023449994231,0.211175364164575,0.0,0.0,Vmag_get_voltage_magnitude_series__angle_get_voltage_angle_series,true,Unknown,Ybus EMT reconstruction using exact complex bus-voltage phasors when available; otherwise diagnostic fallback
0.3,0.005870306852006735,0.004789744806601992,0.005870306852006735,0.004789744806601992,0.005870306852006735,0.004789744806601992,-2.7551531431422243,0.215965108971177,-2.761023449994231,0.211175364164575,0.0,0.0,Vmag_get_voltage_magnitude_series__angle_get_voltage_angle_series,true,Unknown,Ybus EMT reconstruction using exact complex bus-voltage phasors when available; otherwise diagnostic fallback
0.31,0.006009435715143674,0.004937498849756972,0.006009435715143674,0.004937498849756972,0.006009435715143674,0.004937498849756972,-2.7550140142790873,0.21611286301433197,-2.761023449994231,0.211175364164575,0.0,0.0,Vmag_get_voltage_magnitude_series__angle_get_voltage_angle_series,true,Unknown,Ybus EMT reconstruction using exact complex bus-voltage phasors when available; otherwise diagnostic fallback
0.32,0.006143772981242801,0.005079830846770272,0.006143772981242801,0.005079830846770272,0.006143772981242801,0.005079830846770272,-2.754879677012988,0.21625519501134527,-2.761023449994231,0.211175364164575,0.0,0.0,Vmag_get_voltage_magnitude_series__angle_get_voltage_angle_series,true,Unknown,Ybus EMT reconstruction using exact complex bus-voltage phasors when available; otherwise diagnostic fallback
0.33,0.006272781242864678,0.005216394704064042,0.006272781242864678,0.005216394704064042,0.006272781242864678,0.005216394704064042,-2.7547506687513663,0.21639175886863904,-2.761023449994231,0.211175364164575,0.0,0.0,Vmag_get_voltage_magnitude_series__angle_get_voltage_angle_series,true,Unknown,Ybus EMT reconstruction using exact complex bus-voltage phasors when available; otherwise diagnostic fallback
0.34,0.006395966859141122,0.0053468692420453046,0.006395966859141122,0.0053468692420453046,0.006395966859141122,0.0053468692420453046,-2.75462748313509,0.2165222334066203,-2.761023449994231,0.211175364164575,0.0,0.0,Vmag_get_voltage_magnitude_series__angle_get_voltage_angle_series,true,Unknown,Ybus EMT reconstruction using exact complex bus-voltage phasors when available; otherwise diagnostic fallback
0.35,0.006512882739865944,0.005470954479545431,0.006512882739865944,0.005470954479545431,0.006512882739865944,0.005470954479545431,-2.754510567254365,0.21664631864412043,-2.761023449994231,0.211175364164575,0.0,0.0,Vmag_get_voltage_magnitude_series__angle_get_voltage_angle_series,true,Unknown,Ybus EMT reconstruction using exact complex bus-voltage phasors when available; otherwise diagnostic fallback
0.36,0.006623130036026215,0.005588371588735042,0.006623130036026215,0.005588371588735042,0.006623130036026215,0.005588371588735042,-2.754400319958205,0.21676373575331004,-2.761023449994231,0.211175364164575,0.0,0.0,Vmag_get_voltage_magnitude_series__angle_get_voltage_angle_series,true,Unknown,Ybus EMT reconstruction using exact complex bus-voltage phasors when available; otherwise diagnostic fallback
0.37,0.006726357711688724,0.005698862950108741,0.006726357711688724,0.005698862950108741,0.006726357711688724,0.005698862950108741,-2.7542970922825423,0.21687422711468374,-2.761023449994231,0.211175364164575,0.0,0.0,Vmag_get_voltage_magnitude_series__angle_get_voltage_angle_series,true,Unknown,Ybus EMT reconstruction using exact complex bus-voltage phasors when available; otherwise diagnostic fallback
0.38,0.006822260680144687,0.005802193191079608,0.006822260680144687,0.005802193191079608,0.006822260680144687,0.005802193191079608,-2.7542011893140863,0.2169775573556546,-2.761023449994231,0.211175364164575,0.0,0.0,Vmag_get_voltage_magnitude_series__angle_get_voltage_angle_series,true,Unknown,Ybus EMT reconstruction using exact complex bus-voltage phasors when available; otherwise diagnostic fallback
0.39,0.00691058052538418,0.00589815109167624,0.00691058052538418,0.00589815109167624,0.00691058052538418,0.00589815109167624,-2.754112869468847,0.21707351525625124,-2.761023449994231,0.211175364164575,0.0,0.0,Vmag_get_voltage_magnitude_series__angle_get_voltage_angle_series,true,Unknown,Ybus EMT reconstruction using exact complex bus-voltage phasors when available; otherwise diagnostic fallback
0.4,0.0069911038127155045,0.005986550233617216,0.0069911038127155045,0.005986550233617216,0.0069911038127155045,0.005986550233617216,-2.7540323461815155,0.2171619143981922,-2.761023449994231,0.211175364164575,0.0,0.0,Vmag_get_voltage_magnitude_series__angle_get_voltage_angle_series,true,Unknown,Ybus EMT reconstruction using exact complex bus-voltage phasors when available; otherwise diagnostic fallback
0.41,0.0070636604207150455,0.006067230025933401,0.0070636604207150455,0.006067230025933401,0.0070636604207150455,0.006067230025933401,-2.753959789573516,0.2172425941905084,-2.761023449994231,0.211175364164575,0.0,0.0,Vmag_get_voltage_magnitude_series__angle_get_voltage_angle_series,true,Unknown,Ybus EMT reconstruction using exact complex bus-voltage phasors when available; otherwise diagnostic fallback
0.42,0.007128121246970931,0.006140057460029935,0.007128121246970931,0.006140057460029935,0.007128121246970931,0.006140057460029935,-2.75389532874726,0.21731542162460493,-2.761023449994231,0.211175364164575,0.0,0.0,Vmag_get_voltage_magnitude_series__angle_get_voltage_angle_series,true,Unknown,Ybus EMT reconstruction using exact complex bus-voltage phasors when available; otherwise diagnostic fallback
0.43,0.007184396983942243,0.006204928645663632,0.007184396983942243,0.006204928645663632,0.007184396983942243,0.006204928645663632,-2.7538390530102888,0.21738029281023863,-2.761023449994231,0.211175364164575,0.0,0.0,Vmag_get_voltage_magnitude_series__angle_get_voltage_angle_series,true,Unknown,Ybus EMT reconstruction using exact complex bus-voltage phasors when available; otherwise diagnostic fallback
0.44,0.007232436560725919,0.006261769574227194,0.007232436560725919,0.006261769574227194,0.007232436560725919,0.006261769574227194,-2.753791013433505,0.2174371337388022,-2.761023449994231,0.211175364164575,0.0,0.0,Vmag_get_voltage_magnitude_series__angle_get_voltage_angle_series,true,Unknown,Ybus EMT reconstruction using exact complex bus-voltage phasors when available; otherwise diagnostic fallback
0.45,0.007272225336960592,0.006310536012830381,0.007272225336960592,0.006310536012830381,0.007272225336960592,0.006310536012830381,-2.7537512246572704,0.21748590017740538,-2.761023449994231,0.211175364164575,0.0,0.0,Vmag_get_voltage_magnitude_series__angle_get_voltage_angle_series,true,Unknown,Ybus EMT reconstruction using exact complex bus-voltage phasors when available; otherwise diagnostic fallback
0.46,0.007303783218259863,0.006351214256413051,0.007303783218259863,0.006351214256413051,0.007303783218259863,0.006351214256413051,-2.753719666775971,0.21752657842098805,-2.761023449994231,0.211175364164575,0.0,0.0,Vmag_get_voltage_magnitude_series__angle_get_voltage_angle_series,true,Unknown,Ybus EMT reconstruction using exact complex bus-voltage phasors when available; otherwise diagnostic fallback
0.47,0.007327162875311544,0.006383821947975821,0.007327162875311544,0.006383821947975821,0.007327162875311544,0.006383821947975821,-2.7536962871189195,0.21755918611255082,-2.761023449994231,0.211175364164575,0.0,0.0,Vmag_get_voltage_magnitude_series__angle_get_voltage_angle_series,true,Unknown,Ybus EMT reconstruction using exact complex bus-voltage phasors when available; otherwise diagnostic fallback
0.48,0.007342448350248887,0.006408407470502309,0.007342448350248887,0.006408407470502309,0.007342448350248887,0.006408407470502309,-2.753681001643982,0.2175837716350773,-2.761023449994231,0.211175364164575,0.0,0.0,Vmag_get_voltage_magnitude_series__angle_get_voltage_angle_series,true,Unknown,Ybus EMT reconstruction using exact complex bus-voltage phasors when available; otherwise diagnostic fallback
0.49,0.007349754271866349,0.00642504901883395,0.007349754271866349,0.00642504901883395,0.007349754271866349,0.00642504901883395,-2.7536736957223646,0.21760041318340895,-2.761023449994231,0.211175364164575,0.0,0.0,Vmag_get_voltage_magnitude_series__angle_get_voltage_angle_series,true,Unknown,Ybus EMT reconstruction using exact complex bus-voltage phasors when available; otherwise diagnostic fallback
0.5,0.007349223728743581,0.0064338540924565035,0.007349223728743581,0.0064338540924565035,0.007349223728743581,0.0064338540924565035,-2.7536742262654874,0.2176092182570315,-2.761023449994231,0.211175364164575,0.0,0.0,Vmag_get_voltage_magnitude_series__angle_get_voltage_angle_series,true,Unknown,Ybus EMT reconstruction using exact complex bus-voltage phasors when available; otherwise diagnostic fallback
0.51,0.007341026139860762,0.006434958987178108,0.007341026139860762,0.006434958987178108,0.007341026139860762,0.006434958987178108,-2.7536824238543702,0.2176103231517531,-2.761023449994231,0.211175364164575,0.0,0.0,Vmag_get_voltage_magnitude_series__angle_get_voltage_angle_series,true,Unknown,Ybus EMT reconstruction using exact complex bus-voltage phasors when available; otherwise diagnostic fallback
0.52,0.007325356677655215,0.006428527813621909,0.007325356677655215,0.006428527813621909,0.007325356677655215,0.006428527813621909,-2.753698093316576,0.2176038919781969,-2.761023449994231,0.211175364164575,0.0,0.0,Vmag_get_voltage_magnitude_series__angle_get_voltage_angle_series,true,Unknown,Ybus EMT reconstruction using exact complex bus-voltage phasors when available; otherwise diagnostic fallback
0.53,0.007302435601987067,0.006414750770388666,0.007302435601987067,0.006414750770388666,0.007302435601987067,0.006414750770388666,-2.753721014392244,0.21759011493496366,-2.761023449994231,0.211175364164575,0.0,0.0,Vmag_get_voltage_magnitude_series__angle_get_voltage_angle_series,true,Unknown,Ybus EMT reconstruction using exact complex bus-voltage phasors when available; otherwise diagnostic fallback
0.54,0.007272506216927432,0.006393842791774074,0.007272506216927432,0.006393842791774074,0.007272506216927432,0.006393842791774074,-2.7537509437773036,0.21756920695634907,-2.761023449994231,0.211175364164575,0.0,0.0,Vmag_get_voltage_magnitude_series__angle_get_voltage_angle_series,true,Unknown,Ybus EMT reconstruction using exact complex bus-voltage phasors when available; otherwise diagnostic fallback
0.55,0.007235832141941678,0.006366041997997451,0.007235832141941678,0.006366041997997451,0.007235832141941678,0.006366041997997451,-2.7537876178522893,0.21754140616257245,-2.761023449994231,0.211175364164575,0.0,0.0,Vmag_get_voltage_magnitude_series__angle_get_voltage_angle_series,true,Unknown,Ybus EMT reconstruction using exact complex bus-voltage phasors when available; otherwise diagnostic fallback
0.56,0.007192697476011922,0.006331609075255706,0.007192697476011922,0.006331609075255706,0.007192697476011922,0.006331609075255706,-2.753830752518219,0.2175069732398307,-2.761023449994231,0.211175364164575,0.0,0.0,Vmag_get_voltage_magnitude_series__angle_get_voltage_angle_series,true,Unknown,Ybus EMT reconstruction using exact complex bus-voltage phasors when available; otherwise diagnostic fallback
0.57,0.007143406034959554,0.006290825343093942,0.007143406034959554,0.006290825343093942,0.007143406034959554,0.006290825343093942,-2.7538800439592714,0.21746618950766894,-2.761023449994231,0.211175364164575,0.0,0.0,Vmag_get_voltage_magnitude_series__angle_get_voltage_angle_series,true,Unknown,Ybus EMT reconstruction using exact complex bus-voltage phasors when available; otherwise diagnostic fallback
0.58,0.007088278680261961,0.006243990171231395,0.007088278680261961,0.006243990171231395,0.007088278680261961,0.006243990171231395,-2.753935171313969,0.2174193543358064,-2.761023449994231,0.211175364164575,0.0,0.0,Vmag_get_voltage_magnitude_series__angle_get_voltage_angle_series,true,Unknown,Ybus EMT reconstruction using exact complex bus-voltage phasors when available; otherwise diagnostic fallback
0.59,0.007027651254425393,0.006191419909698237,0.007027651254425393,0.006191419909698237,0.007027651254425393,0.006191419909698237,-2.7539957987398056,0.21736678407427323,-2.761023449994231,0.211175364164575,0.0,0.0,Vmag_get_voltage_magnitude_series__angle_get_voltage_angle_series,true,Unknown,Ybus EMT reconstruction using exact complex bus-voltage phasors when available; otherwise diagnostic fallback
0.6,0.0069618738668824065,0.006133447049223029,0.0069618738668824065,0.006133447049223029,0.0069618738668824065,0.006133447049223029,-2.7540615761273486,0.21730881121379803,-2.761023449994231,0.211175364164575,0.0,0.0,Vmag_get_voltage_magnitude_series__angle_get_voltage_angle_series,true,Unknown,Ybus EMT reconstruction using exact complex bus-voltage phasors when available; otherwise diagnostic fallback
0.61,0.006891310114859994,0.006070418081375761,0.006891310114859994,0.006070418081375761,0.006891310114859994,0.006070418081375761,-2.754132139879371,0.21724578224595076,-2.761023449994231,0.211175364164575,0.0,0.0,Vmag_get_voltage_magnitude_series__angle_get_voltage_angle_series,true,Unknown,Ybus EMT reconstruction using exact complex bus-voltage phasors when available; otherwise diagnostic fallback
0.62,0.006816335089375958,0.006002691407443639,0.006816335089375958,0.006002691407443639,0.006816335089375958,0.006002691407443639,-2.754207114904855,0.21717805557201864,-2.761023449994231,0.211175364164575,0.0,0.0,Vmag_get_voltage_magnitude_series__angle_get_voltage_angle_series,true,Unknown,Ybus EMT reconstruction using exact complex bus-voltage phasors when available; otherwise diagnostic fallback
0.63,0.006737332337761526,0.0059306355357207075,0.006737332337761526,0.0059306355357207075,0.006737332337761526,0.0059306355357207075,-2.7542861176564695,0.2171059997002957,-2.761023449994231,0.211175364164575,0.0,0.0,Vmag_get_voltage_magnitude_series__angle_get_voltage_angle_series,true,Unknown,Ybus EMT reconstruction using exact complex bus-voltage phasors when available; otherwise diagnostic fallback
0.64,0.00665469367718563,0.005854628646582649,0.00665469367718563,0.005854628646582649,0.00665469367718563,0.005854628646582649,-2.7543687563170454,0.21702999281115765,-2.761023449994231,0.211175364164575,0.0,0.0,Vmag_get_voltage_magnitude_series__angle_get_voltage_angle_series,true,Unknown,Ybus EMT reconstruction using exact complex bus-voltage phasors when available; otherwise diagnostic fallback
0.65,0.006568817023550277,0.005775056388008459,0.006568817023550277,0.005775056388008459,0.006568817023550277,0.005775056388008459,-2.7544546329706807,0.21695042055258346,-2.761023449994231,0.211175364164575,0.0,0.0,Vmag_get_voltage_magnitude_series__angle_get_voltage_angle_series,true,Unknown,Ybus EMT reconstruction using exact complex bus-voltage phasors when available; otherwise diagnostic fallback
0.66,0.006480105398931624,0.005692309757713232,0.006480105398931624,0.005692309757713232,0.006480105398931624,0.005692309757713232,-2.7545433445952994,0.21686767392228823,-2.761023449994231,0.211175364164575,0.0,0.0,Vmag_get_voltage_magnitude_series__angle_get_voltage_angle_series,true,Unknown,Ybus EMT reconstruction using exact complex bus-voltage phasors when available; otherwise diagnostic fallback
0.67,0.006388964638446737,0.00560678368669032,0.006388964638446737,0.00560678368669032,0.006388964638446737,0.00560678368669032,-2.7546344853557843,0.21678214785126532,-2.761023449994231,0.211175364164575,0.0,0.0,Vmag_get_voltage_magnitude_series__angle_get_voltage_angle_series,true,Unknown,Ybus EMT reconstruction using exact complex bus-voltage phasors when available; otherwise diagnostic fallback
0.68,0.006295800907518245,0.005518875942321755,0.006295800907518245,0.005518875942321755,0.006295800907518245,0.005518875942321755,-2.7547276490867127,0.21669424010689675,-2.761023449994231,0.211175364164575,0.0,0.0,Vmag_get_voltage_magnitude_series__angle_get_voltage_angle_series,true,Unknown,Ybus EMT reconstruction using exact complex bus-voltage phasors when available; otherwise diagnostic fallback
0.69,0.006201020602029317,0.00542898529847291,0.006201020602029317,0.00542898529847291,0.006201020602029317,0.00542898529847291,-2.7548224293922017,0.2166043494630479,-2.761023449994231,0.211175364164575,0.0,0.0,Vmag_get_voltage_magnitude_series__angle_get_voltage_angle_series,true,Unknown,Ybus EMT reconstruction using exact complex bus-voltage phasors when available; otherwise diagnostic fallback
0.7,0.006105027918850148,0.005337509962061782,0.006105027918850148,0.005337509962061782,0.006105027918850148,0.005337509962061782,-2.754918422075381,0.21651287412663678,-2.761023449994231,0.211175364164575,0.0,0.0,Vmag_get_voltage_magnitude_series__angle_get_voltage_angle_series,true,Unknown,Ybus EMT reconstruction using exact complex bus-voltage phasors when available; otherwise diagnostic fallback
0.71,0.006008223182100814,0.005244845473511395,0.006008223182100814,0.005244845473511395,0.006008223182100814,0.005244845473511395,-2.75501522681213,0.2164202096380864,-2.761023449994231,0.211175364164575,0.0,0.0,Vmag_get_voltage_magnitude_series__angle_get_voltage_angle_series,true,Unknown,Ybus EMT reconstruction using exact complex bus-voltage phasors when available; otherwise diagnostic fallback
0.72,0.005911001249485626,0.005151383642547469,0.005911001249485626,0.005151383642547469,0.005911001249485626,0.005151383642547469,-2.7551124487447454,0.21632674780712247,-2.761023449994231,0.211175364164575,0.0,0.0,Vmag_get_voltage_magnitude_series__angle_get_voltage_angle_series,true,Unknown,Ybus EMT reconstruction using exact complex bus-voltage phasors when available; otherwise diagnostic fallback
0.73,0.005813750029951326,0.0050575114248349595,0.005813750029951326,0.0050575114248349595,0.005813750029951326,0.0050575114248349595,-2.7552096999642797,0.21623287558940996,-2.761023449994231,0.211175364164575,0.0,0.0,Vmag_get_voltage_magnitude_series__angle_get_voltage_angle_series,true,Unknown,Ybus EMT reconstruction using exact complex bus-voltage phasors when available; otherwise diagnostic fallback
0.74,0.005716849221060194,0.004963608686335941,0.005716849221060194,0.004963608686335941,0.005716849221060194,0.004963608686335941,-2.755306600773171,0.21613897285091094,-2.761023449994231,0.211175364164575,0.0,0.0,Vmag_get_voltage_magnitude_series__angle_get_voltage_angle_series,true,Unknown,Ybus EMT reconstruction using exact complex bus-voltage phasors when available; otherwise diagnostic fallback
0.75,0.005620668603016465,0.004870046955050444,0.005620668603016465,0.004870046955050444,0.005620668603016465,0.004870046955050444,-2.7554027813912145,0.21604541111962544,-2.761023449994231,0.211175364164575,0.0,0.0,Vmag_get_voltage_magnitude_series__angle_get_voltage_angle_series,true,Unknown,Ybus EMT reconstruction using exact complex bus-voltage phasors when available; otherwise diagnostic fallback
0.76,0.005525566524131609,0.004777187961081175,0.005525566524131609,0.004777187961081175,0.005525566524131609,0.004777187961081175,-2.7554978834700994,0.21595255212565617,-2.761023449994231,0.211175364164575,0.0,0.0,Vmag_get_voltage_magnitude_series__angle_get_voltage_angle_series,true,Unknown,Ybus EMT reconstruction using exact complex bus-voltage phasors when available; otherwise diagnostic fallback
0.77,0.005431888814980468,0.004685382403413596,0.005431888814980468,0.004685382403413596,0.005431888814980468,0.004685382403413596,-2.7555915611792505,0.2158607465679886,-2.761023449994231,0.211175364164575,0.0,0.0,Vmag_get_voltage_magnitude_series__angle_get_voltage_angle_series,true,Unknown,Ybus EMT reconstruction using exact complex bus-voltage phasors when available; otherwise diagnostic fallback
0.78,0.00533996769294065,0.004594968791804321,0.00533996769294065,0.004594968791804321,0.00533996769294065,0.004594968791804321,-2.7556834823012903,0.21577033295637932,-2.761023449994231,0.211175364164575,0.0,0.0,Vmag_get_voltage_magnitude_series__angle_get_voltage_angle_series,true,Unknown,Ybus EMT reconstruction using exact complex bus-voltage phasors when available; otherwise diagnostic fallback
0.79,0.005250120496695931,0.0045062716558269544,0.005250120496695931,0.0045062716558269544,0.005250120496695931,0.0045062716558269544,-2.755773329497535,0.21568163582040195,-2.761023449994231,0.211175364164575,0.0,0.0,Vmag_get_voltage_magnitude_series__angle_get_voltage_angle_series,true,Unknown,Ybus EMT reconstruction using exact complex bus-voltage phasors when available; otherwise diagnostic fallback
0.8,0.0051626485549389756,0.004419600203176666,0.0051626485549389756,0.004419600203176666,0.0051626485549389756,0.004419600203176666,-2.755860801439292,0.21559496436775166,-2.761023449994231,0.211175364164575,0.0,0.0,Vmag_get_voltage_magnitude_series__angle_get_voltage_angle_series,true,Unknown,Ybus EMT reconstruction using exact complex bus-voltage phasors when available; otherwise diagnostic fallback
0.81,0.005077836075979558,0.004335248151443871,0.005077836075979558,0.004335248151443871,0.005077836075979558,0.004335248151443871,-2.7559456139182514,0.21551061231601887,-2.761023449994231,0.211175364164575,0.0,0.0,Vmag_get_voltage_magnitude_series__angle_get_voltage_angle_series,true,Unknown,Ybus EMT reconstruction using exact complex bus-voltage phasors when available; otherwise diagnostic fallback
0.82,0.0049959495803735265,0.004253492325899888,0.0049959495803735265,0.004253492325899888,0.0049959495803735265,0.004253492325899888,-2.7560275004138575,0.21542885649047488,-2.761023449994231,0.211175364164575,0.0,0.0,Vmag_get_voltage_magnitude_series__angle_get_voltage_angle_series,true,Unknown,Ybus EMT reconstruction using exact complex bus-voltage phasors when available; otherwise diagnostic fallback
0.83,0.004917237355049231,0.004174590970699554,0.004917237355049231,0.004174590970699554,0.004917237355049231,0.004174590970699554,-2.7561062126391818,0.21534995513527455,-2.761023449994231,0.211175364164575,0.0,0.0,Vmag_get_voltage_magnitude_series__angle_get_voltage_angle_series,true,Unknown,Ybus EMT reconstruction using exact complex bus-voltage phasors when available; otherwise diagnostic fallback
0.84,0.004841928602325574,0.004098783318738197,0.004841928602325574,0.004098783318738197,0.004841928602325574,0.004098783318738197,-2.7561815213919054,0.2152741474833132,-2.761023449994231,0.211175364164575,0.0,0.0,Vmag_get_voltage_magnitude_series__angle_get_voltage_angle_series,true,Unknown,Ybus EMT reconstruction using exact complex bus-voltage phasors when available; otherwise diagnostic fallback
0.85,0.004770232109998496,0.004026289248309278,0.004770232109998496,0.004026289248309278,0.004770232109998496,0.004026289248309278,-2.7562532178842325,0.21520165341288428,-2.761023449994231,0.211175364164575,0.0,0.0,Vmag_get_voltage_magnitude_series__angle_get_voltage_angle_series,true,Unknown,Ybus EMT reconstruction using exact complex bus-voltage phasors when available; otherwise diagnostic fallback
0.86,0.004702336483852321,0.00395730851142112,0.004702336483852321,0.00395730851142112,0.004702336483852321,0.00395730851142112,-2.7563211135103787,0.21513267267599612,-2.761023449994231,0.211175364164575,0.0,0.0,Vmag_get_voltage_magnitude_series__angle_get_voltage_angle_series,true,Unknown,Ybus EMT reconstruction using exact complex bus-voltage phasors when available; otherwise diagnostic fallback
0.87,0.004638410533281956,0.0038920198571325004,0.004638410533281956,0.0038920198571325004,0.004638410533281956,0.0038920198571325004,-2.756385039460949,0.2150673840217075,-2.761023449994231,0.211175364164575,0.0,0.0,Vmag_get_voltage_magnitude_series__angle_get_voltage_angle_series,true,Unknown,Ybus EMT reconstruction using exact complex bus-voltage phasors when available; otherwise diagnostic fallback
0.88,0.004578602199134085,0.0038305804496257534,0.004578602199134085,0.0038305804496257534,0.004578602199134085,0.0038305804496257534,-2.756444847795097,0.21500594461420075,-2.761023449994231,0.211175364164575,0.0,0.0,Vmag_get_voltage_magnitude_series__angle_get_voltage_angle_series,true,Unknown,Ybus EMT reconstruction using exact complex bus-voltage phasors when available; otherwise diagnostic fallback
0.89,0.004523037644020622,0.003773125980955472,0.004523037644020622,0.003773125980955472,0.004523037644020622,0.003773125980955472,-2.7565004123502104,0.21494849014553047,-2.761023449994231,0.211175364164575,0.0,0.0,Vmag_get_voltage_magnitude_series__angle_get_voltage_angle_series,true,Unknown,Ybus EMT reconstruction using exact complex bus-voltage phasors when available; otherwise diagnostic fallback
0.9,0.004471821939153298,0.003719770610159101,0.004471821939153298,0.003719770610159101,0.004471821939153298,0.003719770610159101,-2.7565516280550777,0.2148951347747341,-2.761023449994231,0.211175364164575,0.0,0.0,Vmag_get_voltage_magnitude_series__angle_get_voltage_angle_series,true,Unknown,Ybus EMT reconstruction using exact complex bus-voltage phasors when available; otherwise diagnostic fallback
0.91,0.004425040233313027,0.0036706068005701864,0.004425040233313027,0.0036706068005701864,0.004425040233313027,0.0036706068005701864,-2.756598409760918,0.21484597096514518,-2.761023449994231,0.211175364164575,0.0,0.0,Vmag_get_voltage_magnitude_series__angle_get_voltage_angle_series,true,Unknown,Ybus EMT reconstruction using exact complex bus-voltage phasors when available; otherwise diagnostic fallback
0.92,0.004382756293773493,0.0036257045938221655,0.004382756293773493,0.0036257045938221655,0.004382756293773493,0.0036257045938221655,-2.7566406937004575,0.21480106875839716,-2.761023449994231,0.211175364164575,0.0,0.0,Vmag_get_voltage_magnitude_series__angle_get_voltage_angle_series,true,Unknown,Ybus EMT reconstruction using exact complex bus-voltage phasors when available; otherwise diagnostic fallback
0.93,0.004345013027964306,0.003585112453960426,0.004345013027964306,0.003585112453960426,0.004345013027964306,0.003585112453960426,-2.7566784369662667,0.21476047661853542,-2.761023449994231,0.211175364164575,0.0,0.0,Vmag_get_voltage_magnitude_series__angle_get_voltage_angle_series,true,Unknown,Ybus EMT reconstruction using exact complex bus-voltage phasors when available; otherwise diagnostic fallback
0.94,0.0043118328582645304,0.003548857854555776,0.0043118328582645304,0.003548857854555776,0.0043118328582645304,0.003548857854555776,-2.7567116171359665,0.21472422201913077,-2.761023449994231,0.211175364164575,0.0,0.0,Vmag_get_voltage_magnitude_series__angle_get_voltage_angle_series,true,Unknown,Ybus EMT reconstruction using exact complex bus-voltage phasors when available; otherwise diagnostic fallback
0.95,0.004283218764842722,0.003516947256656522,0.004283218764842722,0.003516947256656522,0.004283218764842722,0.003516947256656522,-2.7567402312293883,0.21469231142123152,-2.761023449994231,0.211175364164575,0.0,0.0,Vmag_get_voltage_magnitude_series__angle_get_voltage_angle_series,true,Unknown,Ybus EMT reconstruction using exact complex bus-voltage phasors when available; otherwise diagnostic fallback
0.96,0.004259154248603014,0.0034893661922311137,0.004259154248603014,0.0034893661922311137,0.004259154248603014,0.0034893661922311137,-2.756764295745628,0.2146647303568061,-2.761023449994231,0.211175364164575,0.0,0.0,Vmag_get_voltage_magnitude_series__angle_get_voltage_angle_series,true,Unknown,Ybus EMT reconstruction using exact complex bus-voltage phasors when available; otherwise diagnostic fallback
0.97,0.004239603730928909,0.0034660800137771286,0.004239603730928909,0.0034660800137771286,0.004239603730928909,0.0034660800137771286,-2.756783846263302,0.21464144417835213,-2.761023449994231,0.211175364164575,0.0,0.0,Vmag_get_voltage_magnitude_series__angle_get_voltage_angle_series,true,Unknown,Ybus EMT reconstruction using exact complex bus-voltage phasors when available; otherwise diagnostic fallback
0.98,0.004224513248145545,0.0034470352908324564,0.004224513248145545,0.0034470352908324564,0.004224513248145545,0.0034470352908324564,-2.7567989367460854,0.21462239945540745,-2.761023449994231,0.211175364164575,0.0,0.0,Vmag_get_voltage_magnitude_series__angle_get_voltage_angle_series,true,Unknown,Ybus EMT reconstruction using exact complex bus-voltage phasors when available; otherwise diagnostic fallback
0.99,0.004213811369528475,0.0034321602508051163,0.004213811369528475,0.0034321602508051163,0.004213811369528475,0.0034321602508051163,-2.7568096386247025,0.2146075244153801,-2.761023449994231,0.211175364164575,0.0,0.0,Vmag_get_voltage_magnitude_series__angle_get_voltage_angle_series,true,Unknown,Ybus EMT reconstruction using exact complex bus-voltage phasors when available; otherwise diagnostic fallback
1.0,0.004207410260965272,0.0034213648475084346,0.004207410260965272,0.0034213648475084346,0.004207410260965272,0.0034213648475084346,-2.7568160397332657,0.21459672901208343,-2.761023449994231,0.211175364164575,0.0,0.0,Vmag_get_voltage_magnitude_series__angle_get_voltage_angle_series,true,Unknown,Ybus EMT reconstruction using exact complex bus-voltage phasors when available; otherwise diagnostic fallback
1.01,0.004205205739995943,0.0034145425013050734,0.004205205739995943,0.0034145425013050734,0.004205205739995943,0.0034145425013050734,-2.756818244254235,0.21458990666588007,-2.761023449994231,0.211175364164575,0.0,0.0,Vmag_get_voltage_magnitude_series__angle_get_voltage_angle_series,true,Unknown,Ybus EMT reconstruction using exact complex bus-voltage phasors when available; otherwise diagnostic fallback
1.02,0.004207078531581754,0.0034115707810427054,0.004207078531581754,0.0034115707810427054,0.004207078531581754,0.0034115707810427054,-2.7568163714626492,0.2145869349456177,-2.761023449994231,0.211175364164575,0.0,0.0,Vmag_get_voltage_magnitude_series__angle_get_voltage_angle_series,true,Unknown,Ybus EMT reconstruction using exact complex bus-voltage phasors when available; otherwise diagnostic fallback
1.03,0.004212895386012772,0.0034123128770535693,0.004212895386012772,0.0034123128770535693,0.004212895386012772,0.0034123128770535693,-2.7568105546082182,0.21458767704162857,-2.761023449994231,0.211175364164575,0.0,0.0,Vmag_get_voltage_magnitude_series__angle_get_voltage_angle_series,true,Unknown,Ybus EMT reconstruction using exact complex bus-voltage phasors when available; otherwise diagnostic fallback
1.04,0.004222510001403723,0.0034166183951814255,0.004222510001403723,0.0034166183951814255,0.004222510001403723,0.0034166183951814255,-2.7568009399928273,0.21459198255975642,-2.761023449994231,0.211175364164575,0.0,0.0,Vmag_get_voltage_magnitude_series__angle_get_voltage_angle_series,true,Unknown,Ybus EMT reconstruction using exact complex bus-voltage phasors when available; otherwise diagnostic fallback
1.05,0.00423576384955382,0.0034243241197443597,0.00423576384955382,0.0034243241197443597,0.00423576384955382,0.0034243241197443597,-2.756787686144677,0.21459968828431936,-2.761023449994231,0.211175364164575,0.0,0.0,Vmag_get_voltage_magnitude_series__angle_get_voltage_angle_series,true,Unknown,Ybus EMT reconstruction using exact complex bus-voltage phasors when available; otherwise diagnostic fallback
1.06,0.004252487298223251,0.003435255956754868,0.004252487298223251,0.003435255956754868,0.004252487298223251,0.003435255956754868,-2.7567709626960077,0.21461062012132986,-2.761023449994231,0.211175364164575,0.0,0.0,Vmag_get_voltage_magnitude_series__angle_get_voltage_angle_series,true,Unknown,Ybus EMT reconstruction using exact complex bus-voltage phasors when available; otherwise diagnostic fallback
1.07,0.004272500705506221,0.0034492298079518147,0.004272500705506221,0.0034492298079518147,0.004272500705506221,0.0034492298079518147,-2.7567509492887248,0.2146245939725268,-2.761023449994231,0.211175364164575,0.0,0.0,Vmag_get_voltage_magnitude_series__angle_get_voltage_angle_series,true,Unknown,Ybus EMT reconstruction using exact complex bus-voltage phasors when available; otherwise diagnostic fallback
1.08,0.004295615808349584,0.0034660529323605194,0.004295615808349584,0.0034660529323605194,0.004295615808349584,0.0034660529323605194,-2.7567278341858814,0.21464141709693552,-2.761023449994231,0.211175364164575,0.0,0.0,Vmag_get_voltage_magnitude_series__angle_get_voltage_angle_series,true,Unknown,Ybus EMT reconstruction using exact complex bus-voltage phasors when available; otherwise diagnostic fallback
1.09,0.004321636566357867,0.0034855250436262586,0.004321636566357867,0.0034855250436262586,0.004321636566357867,0.0034855250436262586,-2.756701813427873,0.21466088920820126,-2.761023449994231,0.211175364164575,0.0,0.0,Vmag_get_voltage_magnitude_series__angle_get_voltage_angle_series,true,Unknown,Ybus EMT reconstruction using exact complex bus-voltage phasors when available; otherwise diagnostic fallback
1.1,0.004350360191935909,0.003507439653974098,0.004350360191935909,0.003507439653974098,0.004350360191935909,0.003507439653974098,-2.756673089802295,0.2146828038185491,-2.761023449994231,0.211175364164575,0.0,0.0,Vmag_get_voltage_magnitude_series__angle_get_voltage_angle_series,true,Unknown,Ybus EMT reconstruction using exact complex bus-voltage phasors when available; otherwise diagnostic fallback
1.11,0.004381578509548234,0.0035315855412911823,0.004381578509548234,0.0035315855412911823,0.004381578509548234,0.0035315855412911823,-2.7566418714846828,0.21470694970586618,-2.761023449994231,0.211175364164575,0.0,0.0,Vmag_get_voltage_magnitude_series__angle_get_voltage_angle_series,true,Unknown,Ybus EMT reconstruction using exact complex bus-voltage phasors when available; otherwise diagnostic fallback
1.12,0.004415079223052842,0.0035577479183005467,0.004415079223052842,0.0035577479183005467,0.004415079223052842,0.0035577479183005467,-2.756608370771178,0.21473311208287554,-2.761023449994231,0.211175364164575,0.0,0.0,Vmag_get_voltage_magnitude_series__angle_get_voltage_angle_series,true,Unknown,Ybus EMT reconstruction using exact complex bus-voltage phasors when available; otherwise diagnostic fallback
1.13,0.004450646913724654,0.00358570953457904,0.004450646913724654,0.00358570953457904,0.004450646913724654,0.00358570953457904,-2.7565728030805063,0.21476107369915404,-2.761023449994231,0.211175364164575,0.0,0.0,Vmag_get_voltage_magnitude_series__angle_get_voltage_angle_series,true,Unknown,Ybus EMT reconstruction using exact complex bus-voltage phasors when available; otherwise diagnostic fallback
1.14,0.004488064022270866,0.0036152520022726953,0.004488064022270866,0.0036152520022726953,0.004488064022270866,0.0036152520022726953,-2.75653538597196,0.2147906161668477,-2.761023449994231,0.211175364164575,0.0,0.0,Vmag_get_voltage_magnitude_series__angle_get_voltage_angle_series,true,Unknown,Ybus EMT reconstruction using exact complex bus-voltage phasors when available; otherwise diagnostic fallback
1.15,0.004527112040640269,0.0036461570717884473,0.004527112040640269,0.0036461570717884473,0.004527112040640269,0.0036461570717884473,-2.7564963379535907,0.21482152123636344,-2.761023449994231,0.211175364164575,0.0,0.0,Vmag_get_voltage_magnitude_series__angle_get_voltage_angle_series,true,Unknown,Ybus EMT reconstruction using exact complex bus-voltage phasors when available; otherwise diagnostic fallback
1.16,0.004567572806478015,0.0036782077871497787,0.004567572806478015,0.0036782077871497787,0.004567572806478015,0.0036782077871497787,-2.756455877187753,0.21485357195172478,-2.761023449994231,0.211175364164575,0.0,0.0,Vmag_get_voltage_magnitude_series__angle_get_voltage_angle_series,true,Unknown,Ybus EMT reconstruction using exact complex bus-voltage phasors when available; otherwise diagnostic fallback
1.17,0.0046092295624502455,0.0037111896467113548,0.0046092295624502455,0.0037111896467113548,0.0046092295624502455,0.0037111896467113548,-2.7564142204317807,0.21488655381128635,-2.761023449994231,0.211175364164575,0.0,0.0,Vmag_get_voltage_magnitude_series__angle_get_voltage_angle_series,true,Unknown,Ybus EMT reconstruction using exact complex bus-voltage phasors when available; otherwise diagnostic fallback
1.18,0.004651867596520365,0.0037448913071979617,0.004651867596520365,0.0037448913071979617,0.004651867596520365,0.0037448913071979617,-2.7563715823977106,0.21492025547177296,-2.761023449994231,0.211175364164575,0.0,0.0,Vmag_get_voltage_magnitude_series__angle_get_voltage_angle_series,true,Unknown,Ybus EMT reconstruction using exact complex bus-voltage phasors when available; otherwise diagnostic fallback
1.19,0.004695275396963794,0.003779105906018765,0.004695275396963794,0.003779105906018765,0.004695275396963794,0.003779105906018765,-2.756328174597267,0.21495447007059376,-2.761023449994231,0.211175364164575,0.0,0.0,Vmag_get_voltage_magnitude_series__angle_get_voltage_angle_series,true,Unknown,Ybus EMT reconstruction using exact complex bus-voltage phasors when available; otherwise diagnostic fallback
1.2,0.0047392458769017765,0.0038136323101861103,0.0047392458769017765,0.0038136323101861103,0.0047392458769017765,0.0038136323101861103,-2.756284204117329,0.2149889964747611,-2.761023449994231,0.211175364164575,0.0,0.0,Vmag_get_voltage_magnitude_series__angle_get_voltage_angle_series,true,Unknown,Ybus EMT reconstruction using exact complex bus-voltage phasors when available; otherwise diagnostic fallback
1.21,0.0047835771049027365,0.003848275666105627,0.0047835771049027365,0.003848275666105627,0.0047835771049027365,0.003848275666105627,-2.7562398728893283,0.21502363983068062,-2.761023449994231,0.211175364164575,0.0,0.0,Vmag_get_voltage_magnitude_series__angle_get_voltage_angle_series,true,Unknown,Ybus EMT reconstruction using exact complex bus-voltage phasors when available; otherwise diagnostic fallback
1.22,0.004828072997949739,0.0038828479490060075,0.004828072997949739,0.0038828479490060075,0.004828072997949739,0.0038828479490060075,-2.7561953769962813,0.215058212113581,-2.761023449994231,0.211175364164575,0.0,0.0,Vmag_get_voltage_magnitude_series__angle_get_voltage_angle_series,true,Unknown,Ybus EMT reconstruction using exact complex bus-voltage phasors when available; otherwise diagnostic fallback
1.23,0.004872544112381139,0.003917169029037937,0.004872544112381139,0.003917169029037937,0.004872544112381139,0.003917169029037937,-2.75615090588185,0.21509253319361293,-2.761023449994231,0.211175364164575,0.0,0.0,Vmag_get_voltage_magnitude_series__angle_get_voltage_angle_series,true,Unknown,Ybus EMT reconstruction using exact complex bus-voltage phasors when available; otherwise diagnostic fallback
1.24,0.004916808548668605,0.003951067789772278,0.004916808548668605,0.003951067789772278,0.004916808548668605,0.003951067789772278,-2.7561066414455624,0.21512643195434727,-2.761023449994231,0.211175364164575,0.0,0.0,Vmag_get_voltage_magnitude_series__angle_get_voltage_angle_series,true,Unknown,Ybus EMT reconstruction using exact complex bus-voltage phasors when available; otherwise diagnostic fallback
1.25,0.004960692621723606,0.003984382299483946,0.004960692621723606,0.003984382299483946,0.004960692621723606,0.003984382299483946,-2.7560627573725074,0.21515974646405894,-2.761023449994231,0.211175364164575,0.0,0.0,Vmag_get_voltage_magnitude_series__angle_get_voltage_angle_series,true,Unknown,Ybus EMT reconstruction using exact complex bus-voltage phasors when available; otherwise diagnostic fallback
1.26,0.005004031412447318,0.004016959949992349,0.005004031412447318,0.004016959949992349,0.005004031412447318,0.004016959949992349,-2.7560194185817837,0.21519232411456735,-2.761023449994231,0.211175364164575,0.0,0.0,Vmag_get_voltage_magnitude_series__angle_get_voltage_angle_series,true,Unknown,Ybus EMT reconstruction using exact complex bus-voltage phasors when available; otherwise diagnostic fallback
1.27,0.0050466690486272725,0.004048658616410905,0.0050466690486272725,0.004048658616410905,0.0050466690486272725,0.004048658616410905,-2.7559767809456037,0.2152240227809859,-2.761023449994231,0.211175364164575,0.0,0.0,Vmag_get_voltage_magnitude_series__angle_get_voltage_angle_series,true,Unknown,Ybus EMT reconstruction using exact complex bus-voltage phasors when available; otherwise diagnostic fallback
1.28,0.005088459438282733,0.004079346805063833,0.005088459438282733,0.004079346805063833,0.005088459438282733,0.004079346805063833,-2.7559349905559483,0.21525471096963883,-2.761023449994231,0.211175364164575,0.0,0.0,Vmag_get_voltage_magnitude_series__angle_get_voltage_angle_series,true,Unknown,Ybus EMT reconstruction using exact complex bus-voltage phasors when available; otherwise diagnostic fallback
1.29,0.005129266777522901,0.004108904170051386,0.005129266777522901,0.004108904170051386,0.005129266777522901,0.004108904170051386,-2.755894183216708,0.21528426833462638,-2.761023449994231,0.211175364164575,0.0,0.0,Vmag_get_voltage_magnitude_series__angle_get_voltage_angle_series,true,Unknown,Ybus EMT reconstruction using exact complex bus-voltage phasors when available; otherwise diagnostic fallback
1.3,0.00516896573061576,0.004137221260583357,0.00516896573061576,0.004137221260583357,0.00516896573061576,0.004137221260583357,-2.7558544842636152,0.21531258542515835,-2.761023449994231,0.211175364164575,0.0,0.0,Vmag_get_voltage_magnitude_series__angle_get_voltage_angle_series,true,Unknown,Ybus EMT reconstruction using exact complex bus-voltage phasors when available; otherwise diagnostic fallback
1.31,0.00520744152644248,0.004164199849346739,0.00520744152644248,0.004164199849346739,0.00520744152644248,0.004164199849346739,-2.7558160084677885,0.21533956401392174,-2.761023449994231,0.211175364164575,0.0,0.0,Vmag_get_voltage_magnitude_series__angle_get_voltage_angle_series,true,Unknown,Ybus EMT reconstruction using exact complex bus-voltage phasors when available; otherwise diagnostic fallback
1.32,0.005244590242286407,0.00418975347565842,0.005244590242286407,0.00418975347565842,0.005244590242286407,0.00418975347565842,-2.7557788597519446,0.21536511764023342,-2.761023449994231,0.211175364164575,0.0,0.0,Vmag_get_voltage_magnitude_series__angle_get_voltage_angle_series,true,Unknown,Ybus EMT reconstruction using exact complex bus-voltage phasors when available; otherwise diagnostic fallback
1.33,0.0052803191959762685,0.004213807103439271,0.0052803191959762685,0.004213807103439271,0.0052803191959762685,0.004213807103439271,-2.7557431307982547,0.21538917126801427,-2.761023449994231,0.211175364164575,0.0,0.0,Vmag_get_voltage_magnitude_series__angle_get_voltage_angle_series,true,Unknown,Ybus EMT reconstruction using exact complex bus-voltage phasors when available; otherwise diagnostic fallback
1.34,0.00531454685094257,0.0042362970351075835,0.00531454685094257,0.0042362970351075835,0.00531454685094257,0.0042362970351075835,-2.7557089031432884,0.21541166119968258,-2.761023449994231,0.211175364164575,0.0,0.0,Vmag_get_voltage_magnitude_series__angle_get_voltage_angle_series,true,Unknown,Ybus EMT reconstruction using exact complex bus-voltage phasors when available; otherwise diagnostic fallback
1.35,0.005347202624473191,0.004257170840070157,0.005347202624473191,0.004257170840070157,0.005347202624473191,0.004257170840070157,-2.755676247369758,0.21543253500464515,-2.761023449994231,0.211175364164575,0.0,0.0,Vmag_get_voltage_magnitude_series__angle_get_voltage_angle_series,true,Unknown,Ybus EMT reconstruction using exact complex bus-voltage phasors when available; otherwise diagnostic fallback
1.36,0.005378226830160315,0.004276387129206083,0.005378226830160315,0.004276387129206083,0.005378226830160315,0.004276387129206083,-2.7556452231640707,0.21545175129378108,-2.761023449994231,0.211175364164575,0.0,0.0,Vmag_get_voltage_magnitude_series__angle_get_voltage_angle_series,true,Unknown,Ybus EMT reconstruction using exact complex bus-voltage phasors when available; otherwise diagnostic fallback
1.37,0.005407570944063078,0.004293915801443893,0.005407570944063078,0.004293915801443893,0.005407570944063078,0.004293915801443893,-2.755615879050168,0.2154692799660189,-2.761023449994231,0.211175364164575,0.0,0.0,Vmag_get_voltage_magnitude_series__angle_get_voltage_angle_series,true,Unknown,Ybus EMT reconstruction using exact complex bus-voltage phasors when available; otherwise diagnostic fallback
1.38,0.00543519708283613,0.004309737075977649,0.00543519708283613,0.004309737075977649,0.00543519708283613,0.004309737075977649,-2.755588252911395,0.21548510124055265,-2.761023449994231,0.211175364164575,0.0,0.0,Vmag_get_voltage_magnitude_series__angle_get_voltage_angle_series,true,Unknown,Ybus EMT reconstruction using exact complex bus-voltage phasors when available; otherwise diagnostic fallback
1.39,0.0054610779011805555,0.004323841491647051,0.0054610779011805555,0.004323841491647051,0.0054610779011805555,0.004323841491647051,-2.7555623720930504,0.21549920565622205,-2.761023449994231,0.211175364164575,0.0,0.0,Vmag_get_voltage_magnitude_series__angle_get_voltage_angle_series,true,Unknown,Ybus EMT reconstruction using exact complex bus-voltage phasors when available; otherwise diagnostic fallback
1.4,0.005485196104459966,0.0043362295021748265,0.005485196104459966,0.0043362295021748265,0.005485196104459966,0.0043362295021748265,-2.755538253889771,0.21551159366674982,-2.761023449994231,0.211175364164575,0.0,0.0,Vmag_get_voltage_magnitude_series__angle_get_voltage_angle_series,true,Unknown,Ybus EMT reconstruction using exact complex bus-voltage phasors when available; otherwise diagnostic fallback
1.41,0.005507544270792142,0.004346911093735417,0.005507544270792142,0.004346911093735417,0.005507544270792142,0.004346911093735417,-2.755515905723439,0.21552227525831041,-2.761023449994231,0.211175364164575,0.0,0.0,Vmag_get_voltage_magnitude_series__angle_get_voltage_angle_series,true,Unknown,Ybus EMT reconstruction using exact complex bus-voltage phasors when available; otherwise diagnostic fallback
1.42,0.005528124647478094,0.004355905244242175,0.005528124647478094,0.004355905244242175,0.005528124647478094,0.004355905244242175,-2.755495325346753,0.21553126940881717,-2.761023449994231,0.211175364164575,0.0,0.0,Vmag_get_voltage_magnitude_series__angle_get_voltage_angle_series,true,Unknown,Ybus EMT reconstruction using exact complex bus-voltage phasors when available; otherwise diagnostic fallback
1.43,0.00554694841070047,0.00436323936319305,0.00554694841070047,0.00436323936319305,0.00554694841070047,0.00436323936319305,-2.7554765015835305,0.21553860352776805,-2.761023449994231,0.211175364164575,0.0,0.0,Vmag_get_voltage_magnitude_series__angle_get_voltage_angle_series,true,Unknown,Ybus EMT reconstruction using exact complex bus-voltage phasors when available; otherwise diagnostic fallback
1.44,0.0055640353820778365,0.004368948834590547,0.0055640353820778365,0.004368948834590547,0.0055640353820778365,0.004368948834590547,-2.755459414612153,0.21554431299916554,-2.761023449994231,0.211175364164575,0.0,0.0,Vmag_get_voltage_magnitude_series__angle_get_voltage_angle_series,true,Unknown,Ybus EMT reconstruction using exact complex bus-voltage phasors when available; otherwise diagnostic fallback
1.45,0.005579413453762783,0.004373076539120113,0.005579413453762783,0.004373076539120113,0.005579413453762783,0.004373076539120113,-2.755444036540468,0.2155484407036951,-2.761023449994231,0.211175364164575,0.0,0.0,Vmag_get_voltage_magnitude_series__angle_get_voltage_angle_series,true,Unknown,Ybus EMT reconstruction using exact complex bus-voltage phasors when available; otherwise diagnostic fallback
1.46,0.005593118215182713,0.004375672186634316,0.005593118215182713,0.004375672186634316,0.005593118215182713,0.004375672186634316,-2.7554303317790483,0.2155510363512093,-2.761023449994231,0.211175364164575,0.0,0.0,Vmag_get_voltage_magnitude_series__angle_get_voltage_angle_series,true,Unknown,Ybus EMT reconstruction using exact complex bus-voltage phasors when available; otherwise diagnostic fallback
1.47,0.005605192368675294,0.004376791651547807,0.005605192368675294,0.004376791651547807,0.005605192368675294,0.004376791651547807,-2.7554182576255557,0.2155521558161228,-2.761023449994231,0.211175364164575,0.0,0.0,Vmag_get_voltage_magnitude_series__angle_get_voltage_angle_series,true,Unknown,Ybus EMT reconstruction using exact complex bus-voltage phasors when available; otherwise diagnostic fallback
1.48,0.005615685089439548,0.004376496443264599,0.005615685089439548,0.004376496443264599,0.005615685089439548,0.004376496443264599,-2.7554077649047914,0.2155518606078396,-2.761023449994231,0.211175364164575,0.0,0.0,Vmag_get_voltage_magnitude_series__angle_get_voltage_angle_series,true,Unknown,Ybus EMT reconstruction using exact complex bus-voltage phasors when available; otherwise diagnostic fallback
1.49,0.00562465139255508,0.004374853132171452,0.00562465139255508,0.004374853132171452,0.00562465139255508,0.004374853132171452,-2.755398798601676,0.21555021729674645,-2.761023449994231,0.211175364164575,0.0,0.0,Vmag_get_voltage_magnitude_series__angle_get_voltage_angle_series,true,Unknown,Ybus EMT reconstruction using exact complex bus-voltage phasors when available; otherwise diagnostic fallback
1.5,0.005632151871133306,0.00437193276570319,0.005632151871133306,0.00437193276570319,0.005632151871133306,0.00437193276570319,-2.7553912981230977,0.2155472969302782,-2.761023449994231,0.211175364164575,0.0,0.0,Vmag_get_voltage_magnitude_series__angle_get_voltage_angle_series,true,Unknown,Ybus EMT reconstruction using exact complex bus-voltage phasors when available; otherwise diagnostic fallback
1.51,0.00563825184678457,0.004367810064405342,0.00563825184678457,0.004367810064405342,0.00563825184678457,0.004367810064405342,-2.7553851981474464,0.21554317422898034,-2.761023449994231,0.211175364164575,0.0,0.0,Vmag_get_voltage_magnitude_series__angle_get_voltage_angle_series,true,Unknown,Ybus EMT reconstruction using exact complex bus-voltage phasors when available; otherwise diagnostic fallback
1.52,0.005643020831976209,0.0043625628843875774,0.005643020831976209,0.0043625628843875774,0.005643020831976209,0.0043625628843875774,-2.755380429162255,0.21553792704896257,-2.761023449994231,0.211175364164575,0.0,0.0,Vmag_get_voltage_magnitude_series__angle_get_voltage_angle_series,true,Unknown,Ybus EMT reconstruction using exact complex bus-voltage phasors when available; otherwise diagnostic fallback
1.53,0.005646531905496133,0.004356271741292661,0.005646531905496133,0.004356271741292661,0.005646531905496133,0.004356271741292661,-2.755376918088735,0.21553163590586766,-2.761023449994231,0.211175364164575,0.0,0.0,Vmag_get_voltage_magnitude_series__angle_get_voltage_angle_series,true,Unknown,Ybus EMT reconstruction using exact complex bus-voltage phasors when available; otherwise diagnostic fallback
1.54,0.0056488611508491715,0.004349019136949683,0.0056488611508491715,0.004349019136949683,0.0056488611508491715,0.004349019136949683,-2.755374588843382,0.21552438330152468,-2.761023449994231,0.211175364164575,0.0,0.0,Vmag_get_voltage_magnitude_series__angle_get_voltage_angle_series,true,Unknown,Ybus EMT reconstruction using exact complex bus-voltage phasors when available; otherwise diagnostic fallback
1.55,0.005650087211233945,0.004340888913571095,0.005650087211233945,0.004340888913571095,0.005650087211233945,0.004340888913571095,-2.755373362782997,0.2155162530781461,-2.761023449994231,0.211175364164575,0.0,0.0,Vmag_get_voltage_magnitude_series__angle_get_voltage_angle_series,true,Unknown,Ybus EMT reconstruction using exact complex bus-voltage phasors when available; otherwise diagnostic fallback
1.56,0.005650290600073049,0.004331965703175289,0.005650290600073049,0.004331965703175289,0.005650290600073049,0.004331965703175289,-2.755373159394158,0.21550732986775029,-2.761023449994231,0.211175364164575,0.0,0.0,Vmag_get_voltage_magnitude_series__angle_get_voltage_angle_series,true,Unknown,Ybus EMT reconstruction using exact complex bus-voltage phasors when available; otherwise diagnostic fallback
1.57,0.005649553021019216,0.0043223344605781144,0.005649553021019216,0.0043223344605781144,0.005649553021019216,0.0043223344605781144,-2.755373896973212,0.2154976986251531,-2.761023449994231,0.211175364164575,0.0,0.0,Vmag_get_voltage_magnitude_series__angle_get_voltage_angle_series,true,Unknown,Ybus EMT reconstruction using exact complex bus-voltage phasors when available; otherwise diagnostic fallback
1.58,0.005647956968515722,0.004312079958419923,0.005647956968515722,0.004312079958419923,0.005647956968515722,0.004312079958419923,-2.7553754930257153,0.21548744412299492,-2.761023449994231,0.211175364164575,0.0,0.0,Vmag_get_voltage_magnitude_series__angle_get_voltage_angle_series,true,Unknown,Ybus EMT reconstruction using exact complex bus-voltage phasors when available; otherwise diagnostic fallback
1.59,0.005645585380408047,0.004301286230191159,0.005645585380408047,0.004301286230191159,0.005645585380408047,0.004301286230191159,-2.755377864613823,0.21547665039476616,-2.761023449994231,0.211175364164575,0.0,0.0,Vmag_get_voltage_magnitude_series__angle_get_voltage_angle_series,true,Unknown,Ybus EMT reconstruction using exact complex bus-voltage phasors when available; otherwise diagnostic fallback
1.6,0.005642520828727626,0.00429003605980699,0.005642520828727626,0.00429003605980699,0.005642520828727626,0.00429003605980699,-2.7553809291655034,0.215465400224382,-2.761023449994231,0.211175364164575,0.0,0.0,Vmag_get_voltage_magnitude_series__angle_get_voltage_angle_series,true,Unknown,Ybus EMT reconstruction using exact complex bus-voltage phasors when available; otherwise diagnostic fallback
1.61,0.005638845208185916,0.004278410601025462,0.005638845208185916,0.004278410601025462,0.005638845208185916,0.004278410601025462,-2.755384604786045,0.21545377476560046,-2.761023449994231,0.211175364164575,0.0,0.0,Vmag_get_voltage_magnitude_series__angle_get_voltage_angle_series,true,Unknown,Ybus EMT reconstruction using exact complex bus-voltage phasors when available; otherwise diagnostic fallback
1.62,0.005634639210988723,0.0042664890642092335,0.005634639210988723,0.0042664890642092335,0.005634639210988723,0.0042664890642092335,-2.7553888107832423,0.21544185322878423,-2.761023449994231,0.211175364164575,0.0,0.0,Vmag_get_voltage_magnitude_series__angle_get_voltage_angle_series,true,Unknown,Ybus EMT reconstruction using exact complex bus-voltage phasors when available; otherwise diagnostic fallback
1.63,0.005629982030419978,0.004254348240313399,0.005629982030419978,0.004254348240313399,0.005629982030419978,0.004254348240313399,-2.755393467963811,0.2154297124048884,-2.761023449994231,0.211175364164575,0.0,0.0,Vmag_get_voltage_magnitude_series__angle_get_voltage_angle_series,true,Unknown,Ybus EMT reconstruction using exact complex bus-voltage phasors when available; otherwise diagnostic fallback
1.64,0.005624950925063654,0.004242062097917443,0.005624950925063654,0.004242062097917443,0.005624950925063654,0.004242062097917443,-2.7553984990691673,0.21541742626249244,-2.761023449994231,0.211175364164575,0.0,0.0,Vmag_get_voltage_magnitude_series__angle_get_voltage_angle_series,true,Unknown,Ybus EMT reconstruction using exact complex bus-voltage phasors when available; otherwise diagnostic fallback
1.65,0.005619620741969644,0.004229701546841491,0.005619620741969644,0.004229701546841491,0.005619620741969644,0.004229701546841491,-2.7554038292522613,0.2154050657114165,-2.761023449994231,0.211175364164575,0.0,0.0,Vmag_get_voltage_magnitude_series__angle_get_voltage_angle_series,true,Unknown,Ybus EMT reconstruction using exact complex bus-voltage phasors when available; otherwise diagnostic fallback
1.66,0.005614063682115589,0.00421733423346532,0.005614063682115589,0.00421733423346532,0.005614063682115589,0.00421733423346532,-2.7554093863121154,0.21539269839804032,-2.761023449994231,0.211175364164575,0.0,0.0,Vmag_get_voltage_magnitude_series__angle_get_voltage_angle_series,true,Unknown,Ybus EMT reconstruction using exact complex bus-voltage phasors when available; otherwise diagnostic fallback
1.67,0.005608349020863379,0.004205024265055424,0.005608349020863379,0.004205024265055424,0.005608349020863379,0.004205024265055424,-2.7554151009733676,0.21538038842963042,-2.761023449994231,0.211175364164575,0.0,0.0,Vmag_get_voltage_magnitude_series__angle_get_voltage_angle_series,true,Unknown,Ybus EMT reconstruction using exact complex bus-voltage phasors when available; otherwise diagnostic fallback
1.68,0.005602542838261559,0.004192831884446635,0.005602542838261559,0.004192831884446635,0.005602542838261559,0.004192831884446635,-2.7554209071559694,0.21536819604902163,-2.761023449994231,0.211175364164575,0.0,0.0,Vmag_get_voltage_magnitude_series__angle_get_voltage_angle_series,true,Unknown,Ybus EMT reconstruction using exact complex bus-voltage phasors when available; otherwise diagnostic fallback
1.69,0.005596707737391515,0.004180813348385437,0.005596707737391515,0.004180813348385437,0.005596707737391515,0.004180813348385437,-2.7554267422568395,0.21535617751296043,-2.761023449994231,0.211175364164575,0.0,0.0,Vmag_get_voltage_magnitude_series__angle_get_voltage_angle_series,true,Unknown,Ybus EMT reconstruction using exact complex bus-voltage phasors when available; otherwise diagnostic fallback
1.7,0.005590902599379888,0.004169020930143041,0.005590902599379888,0.004169020930143041,0.005590902599379888,0.004169020930143041,-2.755432547394851,0.21534438509471804,-2.761023449994231,0.211175364164575,0.0,0.0,Vmag_get_voltage_magnitude_series__angle_get_voltage_angle_series,true,Unknown,Ybus EMT reconstruction using exact complex bus-voltage phasors when available; otherwise diagnostic fallback
1.71,0.0055851825440771385,0.004157502669000002,0.0055851825440771385,0.004157502669000002,0.0055851825440771385,0.004157502669000002,-2.755438267450154,0.215332866833575,-2.761023449994231,0.211175364164575,0.0,0.0,Vmag_get_voltage_magnitude_series__angle_get_voltage_angle_series,true,Unknown,Ybus EMT reconstruction using exact complex bus-voltage phasors when available; otherwise diagnostic fallback
1.72,0.0055795987233624444,0.0041463023454798575,0.0055795987233624444,0.0041463023454798575,0.0055795987233624444,0.0041463023454798575,-2.7554438512708685,0.21532166651005485,-2.761023449994231,0.211175364164575,0.0,0.0,Vmag_get_voltage_magnitude_series__angle_get_voltage_angle_series,true,Unknown,Ybus EMT reconstruction using exact complex bus-voltage phasors when available; otherwise diagnostic fallback
1.73,0.005574198187910273,0.004135459373461825,0.005574198187910273,0.004135459373461825,0.005574198187910273,0.004135459373461825,-2.7554492518063207,0.21531082353803682,-2.761023449994231,0.211175364164575,0.0,0.0,Vmag_get_voltage_magnitude_series__angle_get_voltage_angle_series,true,Unknown,Ybus EMT reconstruction using exact complex bus-voltage phasors when available; otherwise diagnostic fallback
1.74,0.00556902381320068,0.004125008833704813,0.00556902381320068,0.004125008833704813,0.00556902381320068,0.004125008833704813,-2.7554544261810303,0.2153003729982798,-2.761023449994231,0.211175364164575,0.0,0.0,Vmag_get_voltage_magnitude_series__angle_get_voltage_angle_series,true,Unknown,Ybus EMT reconstruction using exact complex bus-voltage phasors when available; otherwise diagnostic fallback
1.75,0.005564114294053457,0.004114981563144049,0.005564114294053457,0.004114981563144049,0.005564114294053457,0.004114981563144049,-2.7554593357001775,0.21529034572771905,-2.761023449994231,0.211175364164575,0.0,0.0,Vmag_get_voltage_magnitude_series__angle_get_voltage_angle_series,true,Unknown,Ybus EMT reconstruction using exact complex bus-voltage phasors when available; otherwise diagnostic fallback
1.76,0.005559504108781255,0.004105404062883566,0.005559504108781255,0.004105404062883566,0.005559504108781255,0.004105404062883566,-2.7554639458854497,0.21528076822745856,-2.761023449994231,0.211175364164575,0.0,0.0,Vmag_get_voltage_magnitude_series__angle_get_voltage_angle_series,true,Unknown,Ybus EMT reconstruction using exact complex bus-voltage phasors when available; otherwise diagnostic fallback
1.77,0.005555223525295361,0.00409629862266192,0.005555223525295361,0.00409629862266192,0.005555223525295361,0.00409629862266192,-2.7554682264689356,0.21527166278723692,-2.761023449994231,0.211175364164575,0.0,0.0,Vmag_get_voltage_magnitude_series__angle_get_voltage_angle_series,true,Unknown,Ybus EMT reconstruction using exact complex bus-voltage phasors when available; otherwise diagnostic fallback
1.78,0.0055512985891756905,0.0040876833996904005,0.0055512985891756905,0.0040876833996904005,0.0055512985891756905,0.0040876833996904005,-2.7554721514050553,0.2152630475642654,-2.761023449994231,0.211175364164575,0.0,0.0,Vmag_get_voltage_magnitude_series__angle_get_voltage_angle_series,true,Unknown,Ybus EMT reconstruction using exact complex bus-voltage phasors when available; otherwise diagnostic fallback
1.79,0.005547751227759523,0.0040795725496549085,0.005547751227759523,0.0040795725496549085,0.005547751227759523,0.0040795725496549085,-2.7554756987664715,0.2152549367142299,-2.761023449994231,0.211175364164575,0.0,0.0,Vmag_get_voltage_magnitude_series__angle_get_voltage_angle_series,true,Unknown,Ybus EMT reconstruction using exact complex bus-voltage phasors when available; otherwise diagnostic fallback
1.8,0.005544599355635338,0.004071976352867768,0.005544599355635338,0.004071976352867768,0.005544599355635338,0.004071976352867768,-2.7554788506385957,0.21524734051744276,-2.761023449994231,0.211175364164575,0.0,0.0,Vmag_get_voltage_magnitude_series__angle_get_voltage_angle_series,true,Unknown,Ybus EMT reconstruction using exact complex bus-voltage phasors when available; otherwise diagnostic fallback
1.81,0.005541856932705258,0.0040649013240712795,0.005541856932705258,0.0040649013240712795,0.005541856932705258,0.0040649013240712795,-2.7554815930615257,0.21524026548864628,-2.761023449994231,0.211175364164575,0.0,0.0,Vmag_get_voltage_magnitude_series__angle_get_voltage_angle_series,true,Unknown,Ybus EMT reconstruction using exact complex bus-voltage phasors when available; otherwise diagnostic fallback
1.82,0.005539534071279384,0.004058350398834232,0.005539534071279384,0.004058350398834232,0.005539534071279384,0.004058350398834232,-2.7554839159229516,0.21523371456340923,-2.761023449994231,0.211175364164575,0.0,0.0,Vmag_get_voltage_magnitude_series__angle_get_voltage_angle_series,true,Unknown,Ybus EMT reconstruction using exact complex bus-voltage phasors when available; otherwise diagnostic fallback
1.83,0.00553763719483058,0.004052323134591307,0.00553763719483058,0.004052323134591307,0.00553763719483058,0.004052323134591307,-2.7554858127994004,0.2152276872991663,-2.761023449994231,0.211175364164575,0.0,0.0,Vmag_get_voltage_magnitude_series__angle_get_voltage_angle_series,true,Unknown,Ybus EMT reconstruction using exact complex bus-voltage phasors when available; otherwise diagnostic fallback
1.84,0.0055361692238258264,0.004046815886854294,0.0055361692238258264,0.004046815886854294,0.0055361692238258264,0.004046815886854294,-2.755487280770405,0.2152221800514293,-2.761023449994231,0.211175364164575,0.0,0.0,Vmag_get_voltage_magnitude_series__angle_get_voltage_angle_series,true,Unknown,Ybus EMT reconstruction using exact complex bus-voltage phasors when available; otherwise diagnostic fallback
1.85,0.005535129727162413,0.004041821996675632,0.005535129727162413,0.004041821996675632,0.005535129727162413,0.004041821996675632,-2.7554883202670686,0.21521718616125063,-2.761023449994231,0.211175364164575,0.0,0.0,Vmag_get_voltage_magnitude_series__angle_get_voltage_angle_series,true,Unknown,Ybus EMT reconstruction using exact complex bus-voltage phasors when available; otherwise diagnostic fallback
1.86,0.005534515072047164,0.004037332002387095,0.005534515072047164,0.004037332002387095,0.005534515072047164,0.004037332002387095,-2.755488934922184,0.2152126961669621,-2.761023449994231,0.211175364164575,0.0,0.0,Vmag_get_voltage_magnitude_series__angle_get_voltage_angle_series,true,Unknown,Ybus EMT reconstruction using exact complex bus-voltage phasors when available; otherwise diagnostic fallback
1.87,0.005534318614421441,0.004033333848223963,0.005534318614421441,0.004033333848223963,0.005534318614421441,0.004033333848223963,-2.7554891313798096,0.21520869801279896,-2.761023449994231,0.211175364164575,0.0,0.0,Vmag_get_voltage_magnitude_series__angle_get_voltage_angle_series,true,Unknown,Ybus EMT reconstruction using exact complex bus-voltage phasors when available; otherwise diagnostic fallback
1.88,0.005534530969414142,0.004029813172861163,0.005534530969414142,0.004029813172861163,0.005534530969414142,0.004029813172861163,-2.755488919024817,0.21520517733743616,-2.761023449994231,0.211175364164575,0.0,0.0,Vmag_get_voltage_magnitude_series__angle_get_voltage_angle_series,true,Unknown,Ybus EMT reconstruction using exact complex bus-voltage phasors when available; otherwise diagnostic fallback
1.89,0.00553514019052237,0.00402675347712117,0.00553514019052237,0.00402675347712117,0.00553514019052237,0.00402675347712117,-2.7554883098037086,0.21520211764169617,-2.761023449994231,0.211175364164575,0.0,0.0,Vmag_get_voltage_magnitude_series__angle_get_voltage_angle_series,true,Unknown,Ybus EMT reconstruction using exact complex bus-voltage phasors when available; otherwise diagnostic fallback
1.9,0.005536131936238142,0.004024136307123061,0.005536131936238142,0.004024136307123061,0.005536131936238142,0.004024136307123061,-2.755487318057993,0.21519950047169806,-2.761023449994231,0.211175364164575,0.0,0.0,Vmag_get_voltage_magnitude_series__angle_get_voltage_angle_series,true,Unknown,Ybus EMT reconstruction using exact complex bus-voltage phasors when available; otherwise diagnostic fallback
1.91,0.005537489707204024,0.004021941527845185,0.005537489707204024,0.004021941527845185,0.005537489707204024,0.004021941527845185,-2.755485960287027,0.21519730569242018,-2.761023449994231,0.211175364164575,0.0,0.0,Vmag_get_voltage_magnitude_series__angle_get_voltage_angle_series,true,Unknown,Ybus EMT reconstruction using exact complex bus-voltage phasors when available; otherwise diagnostic fallback
1.92,0.005539195114133921,0.0040201476211189635,0.005539195114133921,0.0040201476211189635,0.005539195114133921,0.0040201476211189635,-2.755484254880097,0.21519551178569396,-2.761023449994231,0.211175364164575,0.0,0.0,Vmag_get_voltage_magnitude_series__angle_get_voltage_angle_series,true,Unknown,Ybus EMT reconstruction using exact complex bus-voltage phasors when available; otherwise diagnostic fallback
1.93,0.005541228075919946,0.004018731830101541,0.005541228075919946,0.004018731830101541,0.005541228075919946,0.004018731830101541,-2.755482221918311,0.21519409599467654,-2.761023449994231,0.211175364164575,0.0,0.0,Vmag_get_voltage_magnitude_series__angle_get_voltage_angle_series,true,Unknown,Ybus EMT reconstruction using exact complex bus-voltage phasors when available; otherwise diagnostic fallback
1.94,0.005543567024929086,0.004017670311135535,0.005543567024929086,0.004017670311135535,0.005543567024929086,0.004017670311135535,-2.755479882969302,0.21519303447571053,-2.761023449994231,0.211175364164575,0.0,0.0,Vmag_get_voltage_magnitude_series__angle_get_voltage_angle_series,true,Unknown,Ybus EMT reconstruction using exact complex bus-voltage phasors when available; otherwise diagnostic fallback
1.95,0.005546189105960497,0.0040169384702100075,0.005546189105960497,0.0040169384702100075,0.005546189105960497,0.0040169384702100075,-2.7554772608882705,0.215192302634785,-2.761023449994231,0.211175364164575,0.0,0.0,Vmag_get_voltage_magnitude_series__angle_get_voltage_angle_series,true,Unknown,Ybus EMT reconstruction using exact complex bus-voltage phasors when available; otherwise diagnostic fallback
1.96,0.005549070424956781,0.004016511123975275,0.005549070424956781,0.004016511123975275,0.005549070424956781,0.004016511123975275,-2.755474379569274,0.21519187528855027,-2.761023449994231,0.211175364164575,0.0,0.0,Vmag_get_voltage_magnitude_series__angle_get_voltage_angle_series,true,Unknown,Ybus EMT reconstruction using exact complex bus-voltage phasors when available; otherwise diagnostic fallback
1.97,0.0055521862826601875,0.004016362702303156,0.0055521862826601875,0.004016362702303156,0.0055521862826601875,0.004016362702303156,-2.755471263711571,0.21519172686687815,-2.761023449994231,0.211175364164575,0.0,0.0,Vmag_get_voltage_magnitude_series__angle_get_voltage_angle_series,true,Unknown,Ybus EMT reconstruction using exact complex bus-voltage phasors when available; otherwise diagnostic fallback
1.98,0.005555511339823571,0.0040164674078895235,0.005555511339823571,0.0040164674078895235,0.005555511339823571,0.0040164674078895235,-2.7554679386544074,0.21519183157246452,-2.761023449994231,0.211175364164575,0.0,0.0,Vmag_get_voltage_magnitude_series__angle_get_voltage_angle_series,true,Unknown,Ybus EMT reconstruction using exact complex bus-voltage phasors when available; otherwise diagnostic fallback
1.99,0.00555901979816964,0.004016799416169448,0.00555901979816964,0.004016799416169448,0.00555901979816964,0.004016799416169448,-2.7554644301960614,0.21519216358074444,-2.761023449994231,0.211175364164575,0.0,0.0,Vmag_get_voltage_magnitude_series__angle_get_voltage_angle_series,true,Unknown,Ybus EMT reconstruction using exact complex bus-voltage phasors when available; otherwise diagnostic fallback
2.0,0.00556268561408535,0.004017333068510487,0.00556268561408535,0.004017333068510487,0.00556268561408535,0.004017333068510487,-2.7554607643801456,0.21519269723308548,-2.761023449994231,0.211175364164575,0.0,0.0,Vmag_get_voltage_magnitude_series__angle_get_voltage_angle_series,true,Unknown,Ybus EMT reconstruction using exact complex bus-voltage phasors when available; otherwise diagnostic fallback
2.01,0.0055664827038324205,0.0040180430165213665,0.0055664827038324205,0.0040180430165213665,0.0055664827038324205,0.0040180430165213665,-2.7554569672903986,0.21519340718109636,-2.761023449994231,0.211175364164575,0.0,0.0,Vmag_get_voltage_magnitude_series__angle_get_voltage_angle_series,true,Unknown,Ybus EMT reconstruction using exact complex bus-voltage phasors when available; otherwise diagnostic fallback
2.02,0.00557038510191088,0.004018904357456221,0.00557038510191088,0.004018904357456221,0.00557038510191088,0.004018904357456221,-2.75545306489232,0.21519426852203122,-2.761023449994231,0.211175364164575,0.0,0.0,Vmag_get_voltage_magnitude_series__angle_get_voltage_angle_series,true,Unknown,Ybus EMT reconstruction using exact complex bus-voltage phasors when available; otherwise diagnostic fallback
2.03,0.005574367078759579,0.00401989276803566,0.005574367078759579,0.00401989276803566,0.005574367078759579,0.00401989276803566,-2.7554490829154714,0.21519525693261066,-2.761023449994231,0.211175364164575,0.0,0.0,Vmag_get_voltage_magnitude_series__angle_get_voltage_angle_series,true,Unknown,Ybus EMT reconstruction using exact complex bus-voltage phasors when available; otherwise diagnostic fallback
2.04,0.005578403337394455,0.004020984664811156,0.005578403337394455,0.004020984664811156,0.005578403337394455,0.004020984664811156,-2.7554450466568365,0.21519634882938615,-2.761023449994231,0.211175364164575,0.0,0.0,Vmag_get_voltage_magnitude_series__angle_get_voltage_angle_series,true,Unknown,Ybus EMT reconstruction using exact complex bus-voltage phasors when available; otherwise diagnostic fallback
2.05,0.005582469137460411,0.0040221573006821165,0.005582469137460411,0.0040221573006821165,0.005582469137460411,0.0040221573006821165,-2.7554409808567706,0.2151975214652571,-2.761023449994231,0.211175364164575,0.0,0.0,Vmag_get_voltage_magnitude_series__angle_get_voltage_angle_series,true,Unknown,Ybus EMT reconstruction using exact complex bus-voltage phasors when available; otherwise diagnostic fallback
2.06,0.005586540444271204,0.004023388849846321,0.005586540444271204,0.004023388849846321,0.005586540444271204,0.004023388849846321,-2.75543690954996,0.21519875301442132,-2.761023449994231,0.211175364164575,0.0,0.0,Vmag_get_voltage_magnitude_series__angle_get_voltage_angle_series,true,Unknown,Ybus EMT reconstruction using exact complex bus-voltage phasors when available; otherwise diagnostic fallback
2.07,0.005590594027509166,0.0040246585043673955,0.005590594027509166,0.0040246585043673955,0.005590594027509166,0.0040246585043673955,-2.755432855966722,0.2152000226689424,-2.761023449994231,0.211175364164575,0.0,0.0,Vmag_get_voltage_magnitude_series__angle_get_voltage_angle_series,true,Unknown,Ybus EMT reconstruction using exact complex bus-voltage phasors when available; otherwise diagnostic fallback
2.08,0.005594607547298569,0.004025946564967353,0.005594607547298569,0.004025946564967353,0.005594607547298569,0.004025946564967353,-2.7554288424469324,0.21520131072954235,-2.761023449994231,0.211175364164575,0.0,0.0,Vmag_get_voltage_magnitude_series__angle_get_voltage_angle_series,true,Unknown,Ybus EMT reconstruction using exact complex bus-voltage phasors when available; otherwise diagnostic fallback
2.09,0.005598559670094705,0.004027234506196298,0.005598559670094705,0.004027234506196298,0.005598559670094705,0.004027234506196298,-2.7554248903241363,0.2152025986707713,-2.761023449994231,0.211175364164575,0.0,0.0,Vmag_get_voltage_magnitude_series__angle_get_voltage_angle_series,true,Unknown,Ybus EMT reconstruction using exact complex bus-voltage phasors when available; otherwise diagnostic fallback
2.1,0.005602430172471973,0.004028505015651385,0.005602430172471973,0.004028505015651385,0.005602430172471973,0.004028505015651385,-2.755421019821759,0.21520386918022638,-2.761023449994231,0.211175364164575,0.0,0.0,Vmag_get_voltage_magnitude_series__angle_get_voltage_angle_series,true,Unknown,Ybus EMT reconstruction using exact complex bus-voltage phasors when available; otherwise diagnostic fallback
2.11,0.005606199986730065,0.004029742033883843,0.005606199986730065,0.004029742033883843,0.005606199986730065,0.004029742033883843,-2.755417250007501,0.21520510619845884,-2.761023449994231,0.211175364164575,0.0,0.0,Vmag_get_voltage_magnitude_series__angle_get_voltage_angle_series,true,Unknown,Ybus EMT reconstruction using exact complex bus-voltage phasors when available; otherwise diagnostic fallback
2.12,0.005609851226516582,0.0040309307953712015,0.005609851226516582,0.0040309307953712015,0.005609851226516582,0.0040309307953712015,-2.7554135987677144,0.2152062949599462,-2.761023449994231,0.211175364164575,0.0,0.0,Vmag_get_voltage_magnitude_series__angle_get_voltage_angle_series,true,Unknown,Ybus EMT reconstruction using exact complex bus-voltage phasors when available; otherwise diagnostic fallback
2.13,0.005613367291140481,0.004032057859339522,0.005613367291140481,0.004032057859339522,0.005613367291140481,0.004032057859339522,-2.7554100827030905,0.21520742202391452,-2.761023449994231,0.211175364164575,0.0,0.0,Vmag_get_voltage_magnitude_series__angle_get_voltage_angle_series,true,Unknown,Ybus EMT reconstruction using exact complex bus-voltage phasors when available; otherwise diagnostic fallback
2.14,0.005616732872571806,0.004033111109839338,0.005616732872571806,0.004033111109839338,0.005616732872571806,0.004033111109839338,-2.755406717121659,0.21520847527441433,-2.761023449994231,0.211175364164575,0.0,0.0,Vmag_get_voltage_magnitude_series__angle_get_voltage_angle_series,true,Unknown,Ybus EMT reconstruction using exact complex bus-voltage phasors when available; otherwise diagnostic fallback
2.15,0.005619933995072657,0.004034079738143792,0.005619933995072657,0.004034079738143792,0.005619933995072657,0.004034079738143792,-2.7554035159991583,0.2152094439027188,-2.761023449994231,0.211175364164575,0.0,0.0,Vmag_get_voltage_magnitude_series__angle_get_voltage_angle_series,true,Unknown,Ybus EMT reconstruction using exact complex bus-voltage phasors when available; otherwise diagnostic fallback
2.16,0.005622958006917589,0.0040349542536031735,0.005622958006917589,0.0040349542536031735,0.005622958006917589,0.0040349542536031735,-2.7554004919873134,0.21521031841817817,-2.761023449994231,0.211175364164575,0.0,0.0,Vmag_get_voltage_magnitude_series__angle_get_voltage_angle_series,true,Unknown,Ybus EMT reconstruction using exact complex bus-voltage phasors when available; otherwise diagnostic fallback
2.17,0.005625793593063033,0.004035726477193469,0.005625793593063033,0.004035726477193469,0.005625793593063033,0.004035726477193469,-2.755397656401168,0.21521109064176847,-2.761023449994231,0.211175364164575,0.0,0.0,Vmag_get_voltage_magnitude_series__angle_get_voltage_angle_series,true,Unknown,Ybus EMT reconstruction using exact complex bus-voltage phasors when available; otherwise diagnostic fallback
2.18,0.005628430793670702,0.0040363895049682075,0.005628430793670702,0.0040363895049682075,0.005628430793670702,0.0040363895049682075,-2.7553950192005603,0.2152117536695432,-2.761023449994231,0.211175364164575,0.0,0.0,Vmag_get_voltage_magnitude_series__angle_get_voltage_angle_series,true,Unknown,Ybus EMT reconstruction using exact complex bus-voltage phasors when available; otherwise diagnostic fallback
2.19,0.005630860972564822,0.00403693766177704,0.005630860972564822,0.00403693766177704,0.005630860972564822,0.00403693766177704,-2.755392589021666,0.21521230182635204,-2.761023449994231,0.211175364164575,0.0,0.0,Vmag_get_voltage_magnitude_series__angle_get_voltage_angle_series,true,Unknown,Ybus EMT reconstruction using exact complex bus-voltage phasors when available; otherwise diagnostic fallback
2.2,0.005633076793397418,0.004037366469367254,0.005633076793397418,0.004037366469367254,0.005633076793397418,0.004037366469367254,-2.7553903732008336,0.21521273063394225,-2.761023449994231,0.211175364164575,0.0,0.0,Vmag_get_voltage_magnitude_series__angle_get_voltage_angle_series,true,Unknown,Ybus EMT reconstruction using exact complex bus-voltage phasors when available; otherwise diagnostic fallback
2.21,0.005635072190618207,0.004037672622883182,0.005635072190618207,0.004037672622883182,0.005635072190618207,0.004037672622883182,-2.755388377803613,0.21521303678745818,-2.761023449994231,0.211175364164575,0.0,0.0,Vmag_get_voltage_magnitude_series__angle_get_voltage_angle_series,true,Unknown,Ybus EMT reconstruction using exact complex bus-voltage phasors when available; otherwise diagnostic fallback
2.22,0.005636842342607196,0.004037853932026936,0.005636842342607196,0.004037853932026936,0.005636842342607196,0.004037853932026936,-2.755386607651624,0.21521321809660193,-2.761023449994231,0.211175364164575,0.0,0.0,Vmag_get_voltage_magnitude_series__angle_get_voltage_angle_series,true,Unknown,Ybus EMT reconstruction using exact complex bus-voltage phasors when available; otherwise diagnostic fallback
2.23,0.005638383634030575,0.004037909241919546,0.005638383634030575,0.004037909241919546,0.005638383634030575,0.004037909241919546,-2.7553850663602004,0.21521327340649454,-2.761023449994231,0.211175364164575,0.0,0.0,Vmag_get_voltage_magnitude_series__angle_get_voltage_angle_series,true,Unknown,Ybus EMT reconstruction using exact complex bus-voltage phasors when available; otherwise diagnostic fallback
2.24,0.00563969360469585,0.004037838390080539,0.00563969360469585,0.004037838390080539,0.00563969360469585,0.004037838390080539,-2.755383756389535,0.21521320255465554,-2.761023449994231,0.211175364164575,0.0,0.0,Vmag_get_voltage_magnitude_series__angle_get_voltage_angle_series,true,Unknown,Ybus EMT reconstruction using exact complex bus-voltage phasors when available; otherwise diagnostic fallback
2.25,0.005640770871908618,0.004037642153910004,0.005640770871908618,0.004037642153910004,0.005640770871908618,0.004037642153910004,-2.7553826791223224,0.215213006318485,-2.761023449994231,0.211175364164575,0.0,0.0,Vmag_get_voltage_magnitude_series__angle_get_voltage_angle_series,true,Unknown,Ybus EMT reconstruction using exact complex bus-voltage phasors when available; otherwise diagnostic fallback
2.26,0.005641615096264818,0.0040373221854644314,0.005641615096264818,0.0040373221854644314,0.005641615096264818,0.0040373221854644314,-2.755381834897966,0.21521268635003943,-2.761023449994231,0.211175364164575,0.0,0.0,Vmag_get_voltage_magnitude_series__angle_get_voltage_angle_series,true,Unknown,Ybus EMT reconstruction using exact complex bus-voltage phasors when available; otherwise diagnostic fallback
2.27,0.005642226947333739,0.004036880929040254,0.005642226947333739,0.004036880929040254,0.005642226947333739,0.004036880929040254,-2.7553812230468973,0.21521224509361525,-2.761023449994231,0.211175364164575,0.0,0.0,Vmag_get_voltage_magnitude_series__angle_get_voltage_angle_series,true,Unknown,Ybus EMT reconstruction using exact complex bus-voltage phasors when available; otherwise diagnostic fallback
2.28,0.0056426079877915924,0.004036321554145406,0.0056426079877915924,0.004036321554145406,0.0056426079877915924,0.004036321554145406,-2.7553808420064394,0.2152116857187204,-2.761023449994231,0.211175364164575,0.0,0.0,Vmag_get_voltage_magnitude_series__angle_get_voltage_angle_series,true,Unknown,Ybus EMT reconstruction using exact complex bus-voltage phasors when available; otherwise diagnostic fallback
2.29,0.005642760633947308,0.0040356478919755245,0.005642760633947308,0.0040356478919755245,0.005642760633947308,0.0040356478919755245,-2.7553806893602837,0.21521101205655052,-2.761023449994231,0.211175364164575,0.0,0.0,Vmag_get_voltage_magnitude_series__angle_get_voltage_angle_series,true,Unknown,Ybus EMT reconstruction using exact complex bus-voltage phasors when available; otherwise diagnostic fallback
2.3,0.005642688085086611,0.004034864377588987,0.005642688085086611,0.004034864377588987,0.005642688085086611,0.004034864377588987,-2.7553807619091444,0.21521022854216398,-2.761023449994231,0.211175364164575,0.0,0.0,Vmag_get_voltage_magnitude_series__angle_get_voltage_angle_series,true,Unknown,Ybus EMT reconstruction using exact complex bus-voltage phasors when available; otherwise diagnostic fallback
2.31,0.005642394254558258,0.004033975968796899,0.005642394254558258,0.004033975968796899,0.005642394254558258,0.004033975968796899,-2.7553810557396727,0.2152093401333719,-2.761023449994231,0.211175364164575,0.0,0.0,Vmag_get_voltage_magnitude_series__angle_get_voltage_angle_series,true,Unknown,Ybus EMT reconstruction using exact complex bus-voltage phasors when available; otherwise diagnostic fallback
2.32,0.0056418837064931004,0.0040329880598724555,0.0056418837064931004,0.0040329880598724555,0.0056418837064931004,0.0040329880598724555,-2.755381566287738,0.21520835222444745,-2.761023449994231,0.211175364164575,0.0,0.0,Vmag_get_voltage_magnitude_series__angle_get_voltage_angle_series,true,Unknown,Ybus EMT reconstruction using exact complex bus-voltage phasors when available; otherwise diagnostic fallback
2.33,0.005641161562300212,0.004031906433195509,0.005641161562300212,0.004031906433195509,0.005641161562300212,0.004031906433195509,-2.755382288431931,0.2152072705977705,-2.761023449994231,0.211175364164575,0.0,0.0,Vmag_get_voltage_magnitude_series__angle_get_voltage_angle_series,true,Unknown,Ybus EMT reconstruction using exact complex bus-voltage phasors when available; otherwise diagnostic fallback
2.34,0.0056402334472438476,0.004030737200975132,0.0056402334472438476,0.004030737200975132,0.0056402334472438476,0.004030737200975132,-2.755383216546987,0.21520610136555013,-2.761023449994231,0.211175364164575,0.0,0.0,Vmag_get_voltage_magnitude_series__angle_get_voltage_angle_series,true,Unknown,Ybus EMT reconstruction using exact complex bus-voltage phasors when available; otherwise diagnostic fallback
2.35,0.0056391054263977836,0.004029486726260911,0.0056391054263977836,0.004029486726260911,0.0056391054263977836,0.004029486726260911,-2.755384344567833,0.2152048508908359,-2.761023449994231,0.211175364164575,0.0,0.0,Vmag_get_voltage_magnitude_series__angle_get_voltage_angle_series,true,Unknown,Ybus EMT reconstruction using exact complex bus-voltage phasors when available; otherwise diagnostic fallback
2.36,0.005637783928267748,0.0040281615561497675,0.005637783928267748,0.0040281615561497675,0.005637783928267748,0.0040281615561497675,-2.7553856660659632,0.21520352572072476,-2.761023449994231,0.211175364164575,0.0,0.0,Vmag_get_voltage_magnitude_series__angle_get_voltage_angle_series,true,Unknown,Ybus EMT reconstruction using exact complex bus-voltage phasors when available; otherwise diagnostic fallback
2.37,0.005636275673899682,0.004026768363224131,0.005636275673899682,0.004026768363224131,0.005636275673899682,0.004026768363224131,-2.7553871743203313,0.21520213252779913,-2.761023449994231,0.211175364164575,0.0,0.0,Vmag_get_voltage_magnitude_series__angle_get_voltage_angle_series,true,Unknown,Ybus EMT reconstruction using exact complex bus-voltage phasors when available; otherwise diagnostic fallback
2.38,0.005634587615390707,0.00402531390037153,0.005634587615390707,0.00402531390037153,0.005634587615390707,0.00402531390037153,-2.7553888623788403,0.21520067806494653,-2.761023449994231,0.211175364164575,0.0,0.0,Vmag_get_voltage_magnitude_series__angle_get_voltage_angle_series,true,Unknown,Ybus EMT reconstruction using exact complex bus-voltage phasors when available; otherwise diagnostic fallback
2.39,0.005632726875682614,0.0040238049522807184,0.005632726875682614,0.0040238049522807184,0.005632726875682614,0.0040238049522807184,-2.7553907231185484,0.21519916911685572,-2.761023449994231,0.211175364164575,0.0,0.0,Vmag_get_voltage_magnitude_series__angle_get_voltage_angle_series,true,Unknown,Ybus EMT reconstruction using exact complex bus-voltage phasors when available; otherwise diagnostic fallback
2.4,0.00563070070016547,0.0040222482507306645,0.00563070070016547,0.0040222482507306645,0.00563070070016547,0.0040222482507306645,-2.7553927492940655,0.21519761241530566,-2.761023449994231,0.211175364164575,0.0,0.0,Vmag_get_voltage_magnitude_series__angle_get_voltage_angle_series,true,Unknown,Ybus EMT reconstruction using exact complex bus-voltage phasors when available; otherwise diagnostic fallback
2.41,0.005628516376575465,0.004020650455348829,0.005628516376575465,0.004020650455348829,0.005628516376575465,0.004020650455348829,-2.7553949336176555,0.21519601461992383,-2.761023449994231,0.211175364164575,0.0,0.0,Vmag_get_voltage_magnitude_series__angle_get_voltage_angle_series,true,Unknown,Ybus EMT reconstruction using exact complex bus-voltage phasors when available; otherwise diagnostic fallback
2.42,0.005626181190889756,0.00401901809830435,0.005626181190889756,0.00401901809830435,0.005626181190889756,0.00401901809830435,-2.7553972688033412,0.21519438226287935,-2.761023449994231,0.211175364164575,0.0,0.0,Vmag_get_voltage_magnitude_series__angle_get_voltage_angle_series,true,Unknown,Ybus EMT reconstruction using exact complex bus-voltage phasors when available; otherwise diagnostic fallback
2.43,0.0056237023871950065,0.004017357560635815,0.0056237023871950065,0.004017357560635815,0.0056237023871950065,0.004017357560635815,-2.755399747607036,0.2151927217252108,-2.761023449994231,0.211175364164575,0.0,0.0,Vmag_get_voltage_magnitude_series__angle_get_voltage_angle_series,true,Unknown,Ybus EMT reconstruction using exact complex bus-voltage phasors when available; otherwise diagnostic fallback
2.44,0.005621087111277845,0.004015675012921327,0.005621087111277845,0.004015675012921327,0.005621087111277845,0.004015675012921327,-2.755402362882953,0.21519103917749632,-2.761023449994231,0.211175364164575,0.0,0.0,Vmag_get_voltage_magnitude_series__angle_get_voltage_angle_series,true,Unknown,Ybus EMT reconstruction using exact complex bus-voltage phasors when available; otherwise diagnostic fallback
2.45,0.005618342370987239,0.0040139763927281025,0.005618342370987239,0.0040139763927281025,0.005618342370987239,0.0040139763927281025,-2.7554051076232438,0.2151893405573031,-2.761023449994231,0.211175364164575,0.0,0.0,Vmag_get_voltage_magnitude_series__angle_get_voltage_angle_series,true,Unknown,Ybus EMT reconstruction using exact complex bus-voltage phasors when available; otherwise diagnostic fallback
2.46,0.005615474990967151,0.004012267376789669,0.005615474990967151,0.004012267376789669,0.005615474990967151,0.004012267376789669,-2.755407975003264,0.21518763154136467,-2.761023449994231,0.211175364164575,0.0,0.0,Vmag_get_voltage_magnitude_series__angle_get_voltage_angle_series,true,Unknown,Ybus EMT reconstruction using exact complex bus-voltage phasors when available; otherwise diagnostic fallback
2.47,0.005612491581036938,0.004010553355013047,0.005612491581036938,0.004010553355013047,0.005612491581036938,0.004010553355013047,-2.755410958413194,0.21518591751958804,-2.761023449994231,0.211175364164575,0.0,0.0,Vmag_get_voltage_magnitude_series__angle_get_voltage_angle_series,true,Unknown,Ybus EMT reconstruction using exact complex bus-voltage phasors when available; otherwise diagnostic fallback
2.48,0.0056093985122158685,0.0040088394099069835,0.0056093985122158685,0.0040088394099069835,0.0056093985122158685,0.0040088394099069835,-2.755414051482015,0.21518420357448198,-2.761023449994231,0.211175364164575,0.0,0.0,Vmag_get_voltage_magnitude_series__angle_get_voltage_angle_series,true,Unknown,Ybus EMT reconstruction using exact complex bus-voltage phasors when available; otherwise diagnostic fallback
2.49,0.00560620187984906,0.004007130293080474,0.00560620187984906,0.004007130293080474,0.00560620187984906,0.004007130293080474,-2.755417248114382,0.21518249445765547,-2.761023449994231,0.211175364164575,0.0,0.0,Vmag_get_voltage_magnitude_series__angle_get_voltage_angle_series,true,Unknown,Ybus EMT reconstruction using exact complex bus-voltage phasors when available; otherwise diagnostic fallback
2.5,0.005602907476204955,0.004005430413479227,0.005602907476204955,0.004005430413479227,0.005602907476204955,0.004005430413479227,-2.755420542518026,0.21518079457805422,-2.761023449994231,0.211175364164575,0.0,0.0,Vmag_get_voltage_magnitude_series__angle_get_voltage_angle_series,true,Unknown,Ybus EMT reconstruction using exact complex bus-voltage phasors when available; otherwise diagnostic fallback
2.51,0.005599520776618849,0.004003743829922968,0.005599520776618849,0.004003743829922968,0.005599520776618849,0.004003743829922968,-2.755423929217612,0.21517910799449796,-2.761023449994231,0.211175364164575,0.0,0.0,Vmag_get_voltage_magnitude_series__angle_get_voltage_angle_series,true,Unknown,Ybus EMT reconstruction using exact complex bus-voltage phasors when available; otherwise diagnostic fallback
2.52,0.005596046926692022,0.004002074247596521,0.005596046926692022,0.004002074247596521,0.005596046926692022,0.004002074247596521,-2.755427403067539,0.21517743841217152,-2.761023449994231,0.211175364164575,0.0,0.0,Vmag_get_voltage_magnitude_series__angle_get_voltage_angle_series,true,Unknown,Ybus EMT reconstruction using exact complex bus-voltage phasors when available; otherwise diagnostic fallback
2.53,0.0055924907249029765,0.00400042499655151,0.0055924907249029765,0.00400042499655151,0.0055924907249029765,0.00400042499655151,-2.755430959269328,0.2151757891611265,-2.761023449994231,0.211175364164575,0.0,0.0,Vmag_get_voltage_magnitude_series__angle_get_voltage_angle_series,true,Unknown,Ybus EMT reconstruction using exact complex bus-voltage phasors when available; otherwise diagnostic fallback
2.54,0.005588856606897785,0.003998799042477519,0.005588856606897785,0.003998799042477519,0.005588856606897785,0.003998799042477519,-2.755434593387333,0.21517416320705252,-2.761023449994231,0.211175364164575,0.0,0.0,Vmag_get_voltage_magnitude_series__angle_get_voltage_angle_series,true,Unknown,Ybus EMT reconstruction using exact complex bus-voltage phasors when available; otherwise diagnostic fallback
2.55,0.005585148643878046,0.00399719898882922,0.005585148643878046,0.00399719898882922,0.005585148643878046,0.00399719898882922,-2.755438301350353,0.21517256315340422,-2.761023449994231,0.211175364164575,0.0,0.0,Vmag_get_voltage_magnitude_series__angle_get_voltage_angle_series,true,Unknown,Ybus EMT reconstruction using exact complex bus-voltage phasors when available; otherwise diagnostic fallback
2.56,0.005581370544552655,0.003995627078602237,0.005581370544552655,0.003995627078602237,0.005581370544552655,0.003995627078602237,-2.7554420794496783,0.21517099124317723,-2.761023449994231,0.211175364164575,0.0,0.0,Vmag_get_voltage_magnitude_series__angle_get_voltage_angle_series,true,Unknown,Ybus EMT reconstruction using exact complex bus-voltage phasors when available; otherwise diagnostic fallback
2.57,0.005577525655168003,0.003994085202608133,0.005577525655168003,0.003994085202608133,0.005577525655168003,0.003994085202608133,-2.755445924339063,0.21516944936718313,-2.761023449994231,0.211175364164575,0.0,0.0,Vmag_get_voltage_magnitude_series__angle_get_voltage_angle_series,true,Unknown,Ybus EMT reconstruction using exact complex bus-voltage phasors when available; otherwise diagnostic fallback
2.58,0.005573616950267812,0.0039925748971554875,0.005573616950267812,0.0039925748971554875,0.005573616950267812,0.0039925748971554875,-2.755449833043963,0.21516793906173048,-2.761023449994231,0.211175364164575,0.0,0.0,Vmag_get_voltage_magnitude_series__angle_get_voltage_angle_series,true,Unknown,Ybus EMT reconstruction using exact complex bus-voltage phasors when available; otherwise diagnostic fallback
2.59,0.005569647043037307,0.003991097363867213,0.005569647043037307,0.003991097363867213,0.005569647043037307,0.003991097363867213,-2.7554538029511937,0.2151664615284422,-2.761023449994231,0.211175364164575,0.0,0.0,Vmag_get_voltage_magnitude_series__angle_get_voltage_angle_series,true,Unknown,Ybus EMT reconstruction using exact complex bus-voltage phasors when available; otherwise diagnostic fallback
2.6,0.005565618202393097,0.00398965349067526,0.005565618202393097,0.00398965349067526,0.005565618202393097,0.00398965349067526,-2.755457831791838,0.21516501765525026,-2.761023449994231,0.211175364164575,0.0,0.0,Vmag_get_voltage_magnitude_series__angle_get_voltage_angle_series,true,Unknown,Ybus EMT reconstruction using exact complex bus-voltage phasors when available; otherwise diagnostic fallback
2.61,0.0055615323570505915,0.003988243855498286,0.0055615323570505915,0.003988243855498286,0.0055615323570505915,0.003988243855498286,-2.7554619176371804,0.21516360802007328,-2.761023449994231,0.211175364164575,0.0,0.0,Vmag_get_voltage_magnitude_series__angle_get_voltage_angle_series,true,Unknown,Ybus EMT reconstruction using exact complex bus-voltage phasors when available; otherwise diagnostic fallback
2.62,0.005557391102724019,0.003986868730815107,0.005557391102724019,0.003986868730815107,0.005557391102724019,0.003986868730815107,-2.755466058891507,0.2151622328953901,-2.761023449994231,0.211175364164575,0.0,0.0,Vmag_get_voltage_magnitude_series__angle_get_voltage_angle_series,true,Unknown,Ybus EMT reconstruction using exact complex bus-voltage phasors when available; otherwise diagnostic fallback
2.63,0.005553195718663417,0.0039855281219045025,0.005553195718663417,0.0039855281219045025,0.005553195718663417,0.0039855281219045025,-2.7554702542755676,0.2151608922864795,-2.761023449994231,0.211175364164575,0.0,0.0,Vmag_get_voltage_magnitude_series__angle_get_voltage_angle_series,true,Unknown,Ybus EMT reconstruction using exact complex bus-voltage phasors when available; otherwise diagnostic fallback
2.64,0.005548947182893116,0.003984221774455288,0.005548947182893116,0.003984221774455288,0.005548947182893116,0.003984221774455288,-2.755474502811338,0.21515958593903028,-2.761023449994231,0.211175364164575,0.0,0.0,Vmag_get_voltage_magnitude_series__angle_get_voltage_angle_series,true,Unknown,Ybus EMT reconstruction using exact complex bus-voltage phasors when available; otherwise diagnostic fallback
2.65,0.005544646194781677,0.003982949193656604,0.005544646194781677,0.003982949193656604,0.005544646194781677,0.003982949193656604,-2.7554788037994493,0.2151583133582316,-2.761023449994231,0.211175364164575,0.0,0.0,Vmag_get_voltage_magnitude_series__angle_get_voltage_angle_series,true,Unknown,Ybus EMT reconstruction using exact complex bus-voltage phasors when available; otherwise diagnostic fallback
2.66,0.005540293188481815,0.003981709661918631,0.005540293188481815,0.003981709661918631,0.005540293188481815,0.003981709661918631,-2.755483156805749,0.21515707382649363,-2.761023449994231,0.211175364164575,0.0,0.0,Vmag_get_voltage_magnitude_series__angle_get_voltage_angle_series,true,Unknown,Ybus EMT reconstruction using exact complex bus-voltage phasors when available; otherwise diagnostic fallback
2.67,0.005535888344205375,0.003980502258197571,0.005535888344205375,0.003980502258197571,0.005535888344205375,0.003980502258197571,-2.7554875616500256,0.21515586642277257,-2.761023449994231,0.211175364164575,0.0,0.0,Vmag_get_voltage_magnitude_series__angle_get_voltage_angle_series,true,Unknown,Ybus EMT reconstruction using exact complex bus-voltage phasors when available; otherwise diagnostic fallback
2.68,0.005531431616338622,0.003979325883299356,0.005531431616338622,0.003979325883299356,0.005531431616338622,0.003979325883299356,-2.7554920183778924,0.21515469004787435,-2.761023449994231,0.211175364164575,0.0,0.0,Vmag_get_voltage_magnitude_series__angle_get_voltage_angle_series,true,Unknown,Ybus EMT reconstruction using exact complex bus-voltage phasors when available; otherwise diagnostic fallback
2.69,0.005526922756858177,0.003978179277254967,0.005526922756858177,0.003978179277254967,0.005526922756858177,0.003978179277254967,-2.755496527237373,0.21515354344182996,-2.761023449994231,0.211175364164575,0.0,0.0,Vmag_get_voltage_magnitude_series__angle_get_voltage_angle_series,true,Unknown,Ybus EMT reconstruction using exact complex bus-voltage phasors when available; otherwise diagnostic fallback
2.7,0.005522361328480496,0.003977061034264262,0.005522361328480496,0.003977061034264262,0.005522361328480496,0.003977061034264262,-2.7555010886657505,0.21515242519883926,-2.761023449994231,0.211175364164575,0.0,0.0,Vmag_get_voltage_magnitude_series__angle_get_voltage_angle_series,true,Unknown,Ybus EMT reconstruction using exact complex bus-voltage phasors when available; otherwise diagnostic fallback
2.71,0.005517746725454131,0.003975969626500875,0.005517746725454131,0.003975969626500875,0.005517746725454131,0.003975969626500875,-2.755505703268777,0.21515133379107587,-2.761023449994231,0.211175364164575,0.0,0.0,Vmag_get_voltage_magnitude_series__angle_get_voltage_angle_series,true,Unknown,Ybus EMT reconstruction using exact complex bus-voltage phasors when available; otherwise diagnostic fallback
2.72,0.0055130781963232955,0.003974903425509102,0.0055130781963232955,0.003974903425509102,0.0055130781963232955,0.003974903425509102,-2.7555103717979077,0.2151502675900841,-2.761023449994231,0.211175364164575,0.0,0.0,Vmag_get_voltage_magnitude_series__angle_get_voltage_angle_series,true,Unknown,Ybus EMT reconstruction using exact complex bus-voltage phasors when available; otherwise diagnostic fallback
2.73,0.0055083548651313485,0.00397386072003425,0.0055083548651313485,0.00397386072003425,0.0055083548651313485,0.00397386072003425,-2.7555150951290996,0.21514922488460925,-2.761023449994231,0.211175364164575,0.0,0.0,Vmag_get_voltage_magnitude_series__angle_get_voltage_angle_series,true,Unknown,Ybus EMT reconstruction using exact complex bus-voltage phasors when available; otherwise diagnostic fallback
2.74,0.005503575751639733,0.003972839730173594,0.005503575751639733,0.003972839730173594,0.005503575751639733,0.003972839730173594,-2.7555198742425913,0.2151482038947486,-2.761023449994231,0.211175364164575,0.0,0.0,Vmag_get_voltage_magnitude_series__angle_get_voltage_angle_series,true,Unknown,Ybus EMT reconstruction using exact complex bus-voltage phasors when available; otherwise diagnostic fallback
2.75,0.0054987397898029755,0.00397183862664835,0.0054987397898029755,0.00397183862664835,0.0054987397898029755,0.00397183862664835,-2.755524710204428,0.21514720279122335,-2.761023449994231,0.211175364164575,0.0,0.0,Vmag_get_voltage_magnitude_series__angle_get_voltage_angle_series,true,Unknown,Ybus EMT reconstruction using exact complex bus-voltage phasors when available; otherwise diagnostic fallback
2.76,0.0054938458452933325,0.003970855552310137,0.0054938458452933325,0.003970855552310137,0.0054938458452933325,0.003970855552310137,-2.7555296041489377,0.21514621971688513,-2.761023449994231,0.211175364164575,0.0,0.0,Vmag_get_voltage_magnitude_series__angle_get_voltage_angle_series,true,Unknown,Ybus EMT reconstruction using exact complex bus-voltage phasors when available; otherwise diagnostic fallback
2.77,0.005488892735478146,0.003969888634547447,0.005488892735478146,0.003969888634547447,0.005488892735478146,0.003969888634547447,-2.755534557258753,0.21514525279912244,-2.761023449994231,0.211175364164575,0.0,0.0,Vmag_get_voltage_magnitude_series__angle_get_voltage_angle_series,true,Unknown,Ybus EMT reconstruction using exact complex bus-voltage phasors when available; otherwise diagnostic fallback
2.78,0.005483879252302426,0.003968935999129564,0.005483879252302426,0.003968935999129564,0.005483879252302426,0.003968935999129564,-2.7555395707419286,0.21514430016370456,-2.761023449994231,0.211175364164575,0.0,0.0,Vmag_get_voltage_magnitude_series__angle_get_voltage_angle_series,true,Unknown,Ybus EMT reconstruction using exact complex bus-voltage phasors when available; otherwise diagnostic fallback
2.79,0.005478804170513385,0.003967995785237488,0.005478804170513385,0.003967995785237488,0.005478804170513385,0.003967995785237488,-2.7555446458237176,0.21514335994981248,-2.761023449994231,0.211175364164575,0.0,0.0,Vmag_get_voltage_magnitude_series__angle_get_voltage_angle_series,true,Unknown,Ybus EMT reconstruction using exact complex bus-voltage phasors when available; otherwise diagnostic fallback
2.8,0.0054736662678296355,0.003967066158232946,0.0054736662678296355,0.003967066158232946,0.0054736662678296355,0.003967066158232946,-2.7555497837264014,0.21514243032280794,-2.761023449994231,0.211175364164575,0.0,0.0,Vmag_get_voltage_magnitude_series__angle_get_voltage_angle_series,true,Unknown,Ybus EMT reconstruction using exact complex bus-voltage phasors when available; otherwise diagnostic fallback
2.81,0.005468464339824841,0.003966145325046577,0.005468464339824841,0.003966145325046577,0.005468464339824841,0.003966145325046577,-2.755554985654406,0.21514150948962157,-2.761023449994231,0.211175364164575,0.0,0.0,Vmag_get_voltage_magnitude_series__angle_get_voltage_angle_series,true,Unknown,Ybus EMT reconstruction using exact complex bus-voltage phasors when available; otherwise diagnostic fallback
2.82,0.005463197214149229,0.003965231540443592,0.005463197214149229,0.003965231540443592,0.005463197214149229,0.003965231540443592,-2.7555602527800818,0.2151405957050186,-2.761023449994231,0.211175364164575,0.0,0.0,Vmag_get_voltage_magnitude_series__angle_get_voltage_angle_series,true,Unknown,Ybus EMT reconstruction using exact complex bus-voltage phasors when available; otherwise diagnostic fallback
2.83,0.005457863762427184,0.003964323118341662,0.005457863762427184,0.003964323118341662,0.005457863762427184,0.003964323118341662,-2.755565586231804,0.21513968728291666,-2.761023449994231,0.211175364164575,0.0,0.0,Vmag_get_voltage_magnitude_series__angle_get_voltage_angle_series,true,Unknown,Ybus EMT reconstruction using exact complex bus-voltage phasors when available; otherwise diagnostic fallback
2.84,0.005452462910869205,0.003963418440635691,0.005452462910869205,0.003963418440635691,0.005452462910869205,0.003963418440635691,-2.755570987083362,0.2151387826052107,-2.761023449994231,0.211175364164575,0.0,0.0,Vmag_get_voltage_magnitude_series__angle_get_voltage_angle_series,true,Unknown,Ybus EMT reconstruction using exact complex bus-voltage phasors when available; otherwise diagnostic fallback
2.85,0.005446993651858634,0.003962515965419133,0.005446993651858634,0.003962515965419133,0.005446993651858634,0.003962515965419133,-2.7555764563423724,0.21513788012999413,-2.761023449994231,0.211175364164575,0.0,0.0,Vmag_get_voltage_magnitude_series__angle_get_voltage_angle_series,true,Unknown,Ybus EMT reconstruction using exact complex bus-voltage phasors when available; otherwise diagnostic fallback
2.86,0.005441455054243427,0.0039616142335678894,0.005441455054243427,0.0039616142335678894,0.005441455054243427,0.0039616142335678894,-2.7555819949399876,0.2151369783981429,-2.761023449994231,0.211175364164575,0.0,0.0,Vmag_get_voltage_magnitude_series__angle_get_voltage_angle_series,true,Unknown,Ybus EMT reconstruction using exact complex bus-voltage phasors when available; otherwise diagnostic fallback
2.87,0.0054358462701356025,0.003960711872450118,0.0054358462701356025,0.003960711872450118,0.0054358462701356025,0.003960711872450118,-2.7555876037240954,0.21513607603702511,-2.761023449994231,0.211175364164575,0.0,0.0,Vmag_get_voltage_magnitude_series__angle_get_voltage_angle_series,true,Unknown,Ybus EMT reconstruction using exact complex bus-voltage phasors when available; otherwise diagnostic fallback
2.88,0.005430166540996595,0.003959807600160958,0.005430166540996595,0.003959807600160958,0.005430166540996595,0.003959807600160958,-2.7555932834532344,0.21513517176473596,-2.761023449994231,0.211175364164575,0.0,0.0,Vmag_get_voltage_magnitude_series__angle_get_voltage_angle_series,true,Unknown,Ybus EMT reconstruction using exact complex bus-voltage phasors when available; otherwise diagnostic fallback
2.89,0.005424415204290156,0.003958900231515516,0.005424415204290156,0.003958900231515516,0.005424415204290156,0.003958900231515516,-2.755599034789941,0.2151342643960905,-2.761023449994231,0.211175364164575,0.0,0.0,Vmag_get_voltage_magnitude_series__angle_get_voltage_angle_series,true,Unknown,Ybus EMT reconstruction using exact complex bus-voltage phasors when available; otherwise diagnostic fallback
2.9,0.005418591698627129,0.003957988680692026,0.005418591698627129,0.003957988680692026,0.005418591698627129,0.003957988680692026,-2.755604858295604,0.21513335284526702,-2.761023449994231,0.211175364164575,0.0,0.0,Vmag_get_voltage_magnitude_series__angle_get_voltage_angle_series,true,Unknown,Ybus EMT reconstruction using exact complex bus-voltage phasors when available; otherwise diagnostic fallback
2.91,0.005412695567917236,0.003957071958080982,0.005412695567917236,0.003957071958080982,0.005412695567917236,0.003957071958080982,-2.7556107544263138,0.21513243612265598,-2.761023449994231,0.211175364164575,0.0,0.0,Vmag_get_voltage_magnitude_series__angle_get_voltage_angle_series,true,Unknown,Ybus EMT reconstruction using exact complex bus-voltage phasors when available; otherwise diagnostic fallback
2.92,0.005406726462356737,0.003956149172513468,0.005406726462356737,0.003956149172513468,0.005406726462356737,0.003956149172513468,-2.7556167235318743,0.21513151333708846,-2.761023449994231,0.211175364164575,0.0,0.0,Vmag_get_voltage_magnitude_series__angle_get_voltage_angle_series,true,Unknown,Ybus EMT reconstruction using exact complex bus-voltage phasors when available; otherwise diagnostic fallback
2.93,0.005400684138770373,0.003955219534883758,0.005400684138770373,0.003955219534883758,0.005400684138770373,0.003955219534883758,-2.7556227658554606,0.21513058369945876,-2.761023449994231,0.211175364164575,0.0,0.0,Vmag_get_voltage_magnitude_series__angle_get_voltage_angle_series,true,Unknown,Ybus EMT reconstruction using exact complex bus-voltage phasors when available; otherwise diagnostic fallback
2.94,0.005394568463521043,0.003954282355788652,0.005394568463521043,0.003954282355788652,0.005394568463521043,0.003954282355788652,-2.75562888153071,0.21512964652036365,-2.761023449994231,0.211175364164575,0.0,0.0,Vmag_get_voltage_magnitude_series__angle_get_voltage_angle_series,true,Unknown,Ybus EMT reconstruction using exact complex bus-voltage phasors when available; otherwise diagnostic fallback
2.95,0.005388379413081346,0.003953337039647287,0.005388379413081346,0.003953337039647287,0.005388379413081346,0.003953337039647287,-2.7556350705811496,0.21512870120422228,-2.761023449994231,0.211175364164575,0.0,0.0,Vmag_get_voltage_magnitude_series__angle_get_voltage_angle_series,true,Unknown,Ybus EMT reconstruction using exact complex bus-voltage phasors when available; otherwise diagnostic fallback
2.96,0.005382117072502357,0.003952383084688038,0.005382117072502357,0.003952383084688038,0.005382117072502357,0.003952383084688038,-2.7556413329217286,0.21512774724926303,-2.761023449994231,0.211175364164575,0.0,0.0,Vmag_get_voltage_magnitude_series__angle_get_voltage_angle_series,true,Unknown,Ybus EMT reconstruction using exact complex bus-voltage phasors when available; otherwise diagnostic fallback
2.97,0.005375781627693588,0.003951420081541979,0.005375781627693588,0.003951420081541979,0.005375781627693588,0.003951420081541979,-2.7556476683665374,0.21512678424611698,-2.761023449994231,0.211175364164575,0.0,0.0,Vmag_get_voltage_magnitude_series__angle_get_voltage_angle_series,true,Unknown,Ybus EMT reconstruction using exact complex bus-voltage phasors when available; otherwise diagnostic fallback
2.98,0.0053693733678183975,0.00395044771016112,0.0053693733678183975,0.00395044771016112,0.0053693733678183975,0.00395044771016112,-2.7556540766264126,0.21512581187473612,-2.761023449994231,0.211175364164575,0.0,0.0,Vmag_get_voltage_magnitude_series__angle_get_voltage_angle_series,true,Unknown,Ybus EMT reconstruction using exact complex bus-voltage phasors when available; otherwise diagnostic fallback
2.99,0.005362892686599174,0.003949465733773971,0.005362892686599174,0.003949465733773971,0.005362892686599174,0.003949465733773971,-2.755660557307632,0.21512482989834897,-2.761023449994231,0.211175364164575,0.0,0.0,Vmag_get_voltage_magnitude_series__angle_get_voltage_angle_series,true,Unknown,Ybus EMT reconstruction using exact complex bus-voltage phasors when available; otherwise diagnostic fallback
3.0,0.005356340069588406,0.00394847399313053,0.005356340069588406,0.00394847399313053,0.005356340069588406,0.00394847399313053,-2.7556671099246426,0.21512383815770553,-2.761023449994231,0.211175364164575,0.0,0.0,Vmag_get_voltage_magnitude_series__angle_get_voltage_angle_series,true,Unknown,Ybus EMT reconstruction using exact complex bus-voltage phasors when available; otherwise diagnostic fallback
3.01,0.005349716093470125,0.003947472405242736,0.005349716093470125,0.003947472405242736,0.005349716093470125,0.003947472405242736,-2.755673733900761,0.21512283656981773,-2.761023449994231,0.211175364164575,0.0,0.0,Vmag_get_voltage_magnitude_series__angle_get_voltage_angle_series,true,Unknown,Ybus EMT reconstruction using exact complex bus-voltage phasors when available; otherwise diagnostic fallback
3.02,0.005343021421412075,0.003946460957966802,0.005343021421412075,0.003946460957966802,0.005343021421412075,0.003946460957966802,-2.755680428572819,0.2151218251225418,-2.761023449994231,0.211175364164575,0.0,0.0,Vmag_get_voltage_magnitude_series__angle_get_voltage_angle_series,true,Unknown,Ybus EMT reconstruction using exact complex bus-voltage phasors when available; otherwise diagnostic fallback
3.03,0.0053362567988330945,0.003945439703378462,0.0053362567988330945,0.003945439703378462,0.0053362567988330945,0.003945439703378462,-2.755687193195398,0.21512080386795346,-2.761023449994231,0.211175364164575,0.0,0.0,Vmag_get_voltage_magnitude_series__angle_get_voltage_angle_series,true,Unknown,Ybus EMT reconstruction using exact complex bus-voltage phasors when available; otherwise diagnostic fallback
3.04,0.005329423046632531,0.003944408753031536,0.005329423046632531,0.003944408753031536,0.005329423046632531,0.003944408753031536,-2.7556940269475985,0.21511977291760653,-2.761023449994231,0.211175364164575,0.0,0.0,Vmag_get_voltage_magnitude_series__angle_get_voltage_angle_series,true,Unknown,Ybus EMT reconstruction using exact complex bus-voltage phasors when available; otherwise diagnostic fallback
3.05,0.005322521054756724,0.003943368271435377,0.005322521054756724,0.003943368271435377,0.005322521054756724,0.003943368271435377,-2.7557009289394743,0.21511873243601037,-2.761023449994231,0.211175364164575,0.0,0.0,Vmag_get_voltage_magnitude_series__angle_get_voltage_angle_series,true,Unknown,Ybus EMT reconstruction using exact complex bus-voltage phasors when available; otherwise diagnostic fallback
3.06,0.005315551776793992,0.003942318473370898,0.005315551776793992,0.003942318473370898,0.005315551776793992,0.003942318473370898,-2.755707898217437,0.2151176826379459,-2.761023449994231,0.211175364164575,0.0,0.0,Vmag_get_voltage_magnitude_series__angle_get_voltage_angle_series,true,Unknown,Ybus EMT reconstruction using exact complex bus-voltage phasors when available; otherwise diagnostic fallback
3.07,0.005308516225420501,0.003941259616897841,0.005308516225420501,0.003941259616897841,0.005308516225420501,0.003941259616897841,-2.7557149337688105,0.21511662378147284,-2.761023449994231,0.211175364164575,0.0,0.0,Vmag_get_voltage_magnitude_series__angle_get_voltage_angle_series,true,Unknown,Ybus EMT reconstruction using exact complex bus-voltage phasors when available; otherwise diagnostic fallback
3.08,0.005301415465208681,0.003940191996742948,0.005301415465208681,0.003940191996742948,0.005301415465208681,0.003940191996742948,-2.7557220345290223,0.21511555616131794,-2.761023449994231,0.211175364164575,0.0,0.0,Vmag_get_voltage_magnitude_series__angle_get_voltage_angle_series,true,Unknown,Ybus EMT reconstruction using exact complex bus-voltage phasors when available; otherwise diagnostic fallback
3.09,0.005294250605576423,0.003939115940253979,0.005294250605576423,0.003939115940253979,0.005294250605576423,0.003939115940253979,-2.7557291993886546,0.21511448010482898,-2.761023449994231,0.211175364164575,0.0,0.0,Vmag_get_voltage_magnitude_series__angle_get_voltage_angle_series,true,Unknown,Ybus EMT reconstruction using exact complex bus-voltage phasors when available; otherwise diagnostic fallback
3.1,0.005287022795068985,0.003938031801687947,0.005287022795068985,0.003938031801687947,0.005287022795068985,0.003938031801687947,-2.755736427199162,0.21511339596626294,-2.761023449994231,0.211175364164575,0.0,0.0,Vmag_get_voltage_magnitude_series__angle_get_voltage_angle_series,true,Unknown,Ybus EMT reconstruction using exact complex bus-voltage phasors when available; otherwise diagnostic fallback
3.11,0.005279733216672966,0.003936939958309071,0.005279733216672966,0.003936939958309071,0.005279733216672966,0.003936939958309071,-2.755743716777558,0.21511230412288407,-2.761023449994231,0.211175364164575,0.0,0.0,Vmag_get_voltage_magnitude_series__angle_get_voltage_angle_series,true,Unknown,Ybus EMT reconstruction using exact complex bus-voltage phasors when available; otherwise diagnostic fallback
3.12,0.0052723830820520234,0.003935840804907886,0.0052723830820520234,0.003935840804907886,0.0052723830820520234,0.003935840804907886,-2.755751066912179,0.21511120496948288,-2.761023449994231,0.211175364164575,0.0,0.0,Vmag_get_voltage_magnitude_series__angle_get_voltage_angle_series,true,Unknown,Ybus EMT reconstruction using exact complex bus-voltage phasors when available; otherwise diagnostic fallback
3.13,0.0052649736232237565,0.003934734746820767,0.0052649736232237565,0.003934734746820767,0.0052649736232237565,0.003934734746820767,-2.7557584763710072,0.21511009891139576,-2.761023449994231,0.211175364164575,0.0,0.0,Vmag_get_voltage_magnitude_series__angle_get_voltage_angle_series,true,Unknown,Ybus EMT reconstruction using exact complex bus-voltage phasors when available; otherwise diagnostic fallback
3.14,0.005257506089422215,0.003933622199001174,0.005257506089422215,0.003933622199001174,0.005257506089422215,0.003933622199001174,-2.755765943904809,0.21510898636357617,-2.761023449994231,0.211175364164575,0.0,0.0,Vmag_get_voltage_magnitude_series__angle_get_voltage_angle_series,true,Unknown,Ybus EMT reconstruction using exact complex bus-voltage phasors when available; otherwise diagnostic fallback
3.15,0.005249981740928167,0.003932503580422297,0.005249981740928167,0.003932503580422297,0.005249981740928167,0.003932503580422297,-2.755773468253303,0.2151078677449973,-2.761023449994231,0.211175364164575,0.0,0.0,Vmag_get_voltage_magnitude_series__angle_get_voltage_angle_series,true,Unknown,Ybus EMT reconstruction using exact complex bus-voltage phasors when available; otherwise diagnostic fallback
3.16,0.005242401845308553,0.003931379310219418,0.005242401845308553,0.003931379310219418,0.005242401845308553,0.003931379310219418,-2.7557810481489224,0.21510674347479442,-2.761023449994231,0.211175364164575,0.0,0.0,Vmag_get_voltage_magnitude_series__angle_get_voltage_angle_series,true,Unknown,Ybus EMT reconstruction using exact complex bus-voltage phasors when available; otherwise diagnostic fallback
3.17,0.00523476767190223,0.003930249803540842,0.00523476767190223,0.003930249803540842,0.00523476767190223,0.003930249803540842,-2.7557886823223288,0.21510561396811584,-2.761023449994231,0.211175364164575,0.0,0.0,Vmag_get_voltage_magnitude_series__angle_get_voltage_angle_series,true,Unknown,Ybus EMT reconstruction using exact complex bus-voltage phasors when available; otherwise diagnostic fallback
3.18,0.0052270804863230325,0.003929115469182454,0.0052270804863230325,0.003929115469182454,0.0052270804863230325,0.003929115469182454,-2.755796369507908,0.21510447963375745,-2.761023449994231,0.211175364164575,0.0,0.0,Vmag_get_voltage_magnitude_series__angle_get_voltage_angle_series,true,Unknown,Ybus EMT reconstruction using exact complex bus-voltage phasors when available; otherwise diagnostic fallback
3.19,0.005219341548346801,0.003927976706540159,0.005219341548346801,0.003927976706540159,0.005219341548346801,0.003927976706540159,-2.755804108445884,0.21510334087111516,-2.761023449994231,0.211175364164575,0.0,0.0,Vmag_get_voltage_magnitude_series__angle_get_voltage_angle_series,true,Unknown,Ybus EMT reconstruction using exact complex bus-voltage phasors when available; otherwise diagnostic fallback
3.2,0.005211552107534878,0.00392683390293469,0.005211552107534878,0.00392683390293469,0.005211552107534878,0.00392683390293469,-2.755811897886696,0.2151021980675097,-2.761023449994231,0.211175364164575,0.0,0.0,Vmag_get_voltage_magnitude_series__angle_get_voltage_angle_series,true,Unknown,Ybus EMT reconstruction using exact complex bus-voltage phasors when available; otherwise diagnostic fallback
3.21,0.005203713400024679,0.003925687430468394,0.005203713400024679,0.003925687430468394,0.005203713400024679,0.003925687430468394,-2.7558197365942063,0.2151010515950434,-2.761023449994231,0.211175364164575,0.0,0.0,Vmag_get_voltage_magnitude_series__angle_get_voltage_angle_series,true,Unknown,Ybus EMT reconstruction using exact complex bus-voltage phasors when available; otherwise diagnostic fallback
3.22,0.005195826645215451,0.003924537644846404,0.005195826645215451,0.003924537644846404,0.005195826645215451,0.003924537644846404,-2.7558276233490155,0.2150999018094214,-2.761023449994231,0.211175364164575,0.0,0.0,Vmag_get_voltage_magnitude_series__angle_get_voltage_angle_series,true,Unknown,Ybus EMT reconstruction using exact complex bus-voltage phasors when available; otherwise diagnostic fallback
3.23,0.005187893042652103,0.003923384884008008,0.005187893042652103,0.003923384884008008,0.005187893042652103,0.003923384884008008,-2.755835556951579,0.215098749048583,-2.761023449994231,0.211175364164575,0.0,0.0,Vmag_get_voltage_magnitude_series__angle_get_voltage_angle_series,true,Unknown,Ybus EMT reconstruction using exact complex bus-voltage phasors when available; otherwise diagnostic fallback
3.24,0.00517991377153848,0.003922229466130522,0.00517991377153848,0.003922229466130522,0.00517991377153848,0.003922229466130522,-2.7558435362226925,0.21509759363070552,-2.761023449994231,0.211175364164575,0.0,0.0,Vmag_get_voltage_magnitude_series__angle_get_voltage_angle_series,true,Unknown,Ybus EMT reconstruction using exact complex bus-voltage phasors when available; otherwise diagnostic fallback
3.25,0.005171889987903633,0.003921071688713806,0.005171889987903633,0.003921071688713806,0.005171889987903633,0.003921071688713806,-2.7558515600063274,0.2150964358532888,-2.761023449994231,0.211175364164575,0.0,0.0,Vmag_get_voltage_magnitude_series__angle_get_voltage_angle_series,true,Unknown,Ybus EMT reconstruction using exact complex bus-voltage phasors when available; otherwise diagnostic fallback
3.26,0.0051638228223152005,0.003919911827515665,0.0051638228223152005,0.003919911827515665,0.0051638228223152005,0.003919911827515665,-2.755859627171916,0.21509527599209066,-2.761023449994231,0.211175364164575,0.0,0.0,Vmag_get_voltage_magnitude_series__angle_get_voltage_angle_series,true,Unknown,Ybus EMT reconstruction using exact complex bus-voltage phasors when available; otherwise diagnostic fallback
3.27,0.00515571337856624,0.0039187501356147125,0.00515571337856624,0.0039187501356147125,0.00515571337856624,0.0039187501356147125,-2.7558677366156648,0.2150941143001897,-2.761023449994231,0.211175364164575,0.0,0.0,Vmag_get_voltage_magnitude_series__angle_get_voltage_angle_series,true,Unknown,Ybus EMT reconstruction using exact complex bus-voltage phasors when available; otherwise diagnostic fallback
3.28,0.005147562734755695,0.003917586845487708,0.005147562734755695,0.003917586845487708,0.005147562734755695,0.003917586845487708,-2.7558758872594753,0.2150929510100627,-2.761023449994231,0.211175364164575,0.0,0.0,Vmag_get_voltage_magnitude_series__angle_get_voltage_angle_series,true,Unknown,Ybus EMT reconstruction using exact complex bus-voltage phasors when available; otherwise diagnostic fallback
3.29,0.005139371941520476,0.0039164221671072474,0.005139371941520476,0.0039164221671072474,0.005139371941520476,0.0039164221671072474,-2.7558840780527105,0.21509178633168224,-2.761023449994231,0.211175364164575,0.0,0.0,Vmag_get_voltage_magnitude_series__angle_get_voltage_angle_series,true,Unknown,Ybus EMT reconstruction using exact complex bus-voltage phasors when available; otherwise diagnostic fallback
3.3,0.005131142020873725,0.003915256286183388,0.005131142020873725,0.003915256286183388,0.005131142020873725,0.003915256286183388,-2.7558923079733573,0.21509062045075839,-2.761023449994231,0.211175364164575,0.0,0.0,Vmag_get_voltage_magnitude_series__angle_get_voltage_angle_series,true,Unknown,Ybus EMT reconstruction using exact complex bus-voltage phasors when available; otherwise diagnostic fallback
3.31,0.005122873966914465,0.003914089368631024,0.005122873966914465,0.003914089368631024,0.005122873966914465,0.003914089368631024,-2.7559005760273165,0.21508945353320602,-2.761023449994231,0.211175364164575,0.0,0.0,Vmag_get_voltage_magnitude_series__angle_get_voltage_angle_series,true,Unknown,Ybus EMT reconstruction using exact complex bus-voltage phasors when available; otherwise diagnostic fallback
3.32,0.005114568745921755,0.003912921558924254,0.005114568745921755,0.003912921558924254,0.005114568745921755,0.003912921558924254,-2.7559088812483092,0.21508828572349925,-2.761023449994231,0.211175364164575,0.0,0.0,Vmag_get_voltage_magnitude_series__angle_get_voltage_angle_series,true,Unknown,Ybus EMT reconstruction using exact complex bus-voltage phasors when available; otherwise diagnostic fallback
3.33,0.005106227297714039,0.003911752981062444,0.005106227297714039,0.003911752981062444,0.005106227297714039,0.003911752981062444,-2.755917222696517,0.21508711714563744,-2.761023449994231,0.211175364164575,0.0,0.0,Vmag_get_voltage_magnitude_series__angle_get_voltage_angle_series,true,Unknown,Ybus EMT reconstruction using exact complex bus-voltage phasors when available; otherwise diagnostic fallback
3.34,0.005097850535597637,0.0039105837389831755,0.005097850535597637,0.0039105837389831755,0.005097850535597637,0.0039105837389831755,-2.7559255994586334,0.21508594790355817,-2.761023449994231,0.211175364164575,0.0,0.0,Vmag_get_voltage_magnitude_series__angle_get_voltage_angle_series,true,Unknown,Ybus EMT reconstruction using exact complex bus-voltage phasors when available; otherwise diagnostic fallback
3.35,0.005089439346107394,0.003909413918620652,0.005089439346107394,0.003909413918620652,0.005089439346107394,0.003909413918620652,-2.7559340106481236,0.21508477808319565,-2.761023449994231,0.211175364164575,0.0,0.0,Vmag_get_voltage_magnitude_series__angle_get_voltage_angle_series,true,Unknown,Ybus EMT reconstruction using exact complex bus-voltage phasors when available; otherwise diagnostic fallback
3.36,0.005080994591574406,0.003908243588970073,0.005080994591574406,0.003908243588970073,0.005080994591574406,0.003908243588970073,-2.7559424554026566,0.21508360775354507,-2.761023449994231,0.211175364164575,0.0,0.0,Vmag_get_voltage_magnitude_series__angle_get_voltage_angle_series,true,Unknown,Ybus EMT reconstruction using exact complex bus-voltage phasors when available; otherwise diagnostic fallback
3.37,0.005072517111247787,0.003907072802551981,0.005072517111247787,0.003907072802551981,0.005072517111247787,0.003907072802551981,-2.755950932882983,0.21508243696712698,-2.761023449994231,0.211175364164575,0.0,0.0,Vmag_get_voltage_magnitude_series__angle_get_voltage_angle_series,true,Unknown,Ybus EMT reconstruction using exact complex bus-voltage phasors when available; otherwise diagnostic fallback
3.38,0.005064007721930164,0.003905901597105077,0.005064007721930164,0.003905901597105077,0.005064007721930164,0.003905901597105077,-2.755959442272301,0.21508126576168007,-2.761023449994231,0.211175364164575,0.0,0.0,Vmag_get_voltage_magnitude_series__angle_get_voltage_angle_series,true,Unknown,Ybus EMT reconstruction using exact complex bus-voltage phasors when available; otherwise diagnostic fallback
3.39,0.00505546721943162,0.003904729996562273,0.00505546721943162,0.003904729996562273,0.00505546721943162,0.003904729996562273,-2.7559679827747994,0.21508009416113727,-2.761023449994231,0.211175364164575,0.0,0.0,Vmag_get_voltage_magnitude_series__angle_get_voltage_angle_series,true,Unknown,Ybus EMT reconstruction using exact complex bus-voltage phasors when available; otherwise diagnostic fallback
3.4,0.005046896380059618,0.0039035580135864945,0.005046896380059618,0.0039035580135864945,0.005046896380059618,0.0039035580135864945,-2.7559765536141714,0.2150789221781615,-2.761023449994231,0.211175364164575,0.0,0.0,Vmag_get_voltage_magnitude_series__angle_get_voltage_angle_series,true,Unknown,Ybus EMT reconstruction using exact complex bus-voltage phasors when available; otherwise diagnostic fallback
3.41,0.005038295962502826,0.0039023856501729237,0.005038295962502826,0.0039023856501729237,0.005038295962502826,0.0039023856501729237,-2.755985154031728,0.21507774981474792,-2.761023449994231,0.211175364164575,0.0,0.0,Vmag_get_voltage_magnitude_series__angle_get_voltage_angle_series,true,Unknown,Ybus EMT reconstruction using exact complex bus-voltage phasors when available; otherwise diagnostic fallback
3.42,0.005029666710026248,0.0039012128989023287,0.005029666710026248,0.0039012128989023287,0.005029666710026248,0.0039012128989023287,-2.7559937832842047,0.21507657706347733,-2.761023449994231,0.211175364164575,0.0,0.0,Vmag_get_voltage_magnitude_series__angle_get_voltage_angle_series,true,Unknown,Ybus EMT reconstruction using exact complex bus-voltage phasors when available; otherwise diagnostic fallback
3.43,0.005021009350052896,0.0039000397441287804,0.005021009350052896,0.0039000397441287804,0.005021009350052896,0.0039000397441287804,-2.756002440644178,0.21507540390870378,-2.761023449994231,0.211175364164575,0.0,0.0,Vmag_get_voltage_magnitude_series__angle_get_voltage_angle_series,true,Unknown,Ybus EMT reconstruction using exact complex bus-voltage phasors when available; otherwise diagnostic fallback
3.44,0.0050123245974260655,0.003898866164493975,0.0050123245974260655,0.003898866164493975,0.0050123245974260655,0.003898866164493975,-2.756011125396805,0.21507423032906897,-2.761023449994231,0.211175364164575,0.0,0.0,Vmag_get_voltage_magnitude_series__angle_get_voltage_angle_series,true,Unknown,Ybus EMT reconstruction using exact complex bus-voltage phasors when available; otherwise diagnostic fallback
3.45,0.005003613155620368,0.003897692133534414,0.005003613155620368,0.003897692133534414,0.005003613155620368,0.003897692133534414,-2.7560198368386106,0.2150730562981094,-2.761023449994231,0.211175364164575,0.0,0.0,Vmag_get_voltage_magnitude_series__angle_get_voltage_angle_series,true,Unknown,Ybus EMT reconstruction using exact complex bus-voltage phasors when available; otherwise diagnostic fallback
3.46,0.004994875718746794,0.0038965176212031882,0.004994875718746794,0.0038965176212031882,0.004994875718746794,0.0038965176212031882,-2.756028574275484,0.21507188178577819,-2.761023449994231,0.211175364164575,0.0,0.0,Vmag_get_voltage_magnitude_series__angle_get_voltage_angle_series,true,Unknown,Ybus EMT reconstruction using exact complex bus-voltage phasors when available; otherwise diagnostic fallback
3.47,0.004986112971816947,0.0038953425944041054,0.004986112971816947,0.0038953425944041054,0.004986112971816947,0.0038953425944041054,-2.756037337022414,0.2150707067589791,-2.761023449994231,0.211175364164575,0.0,0.0,Vmag_get_voltage_magnitude_series__angle_get_voltage_angle_series,true,Unknown,Ybus EMT reconstruction using exact complex bus-voltage phasors when available; otherwise diagnostic fallback
3.48,0.004977325593329418,0.003894167019203254,0.004977325593329418,0.003894167019203254,0.004977325593329418,0.003894167019203254,-2.7560461244009016,0.21506953118377825,-2.761023449994231,0.211175364164575,0.0,0.0,Vmag_get_voltage_magnitude_series__angle_get_voltage_angle_series,true,Unknown,Ybus EMT reconstruction using exact complex bus-voltage phasors when available; otherwise diagnostic fallback
3.49,0.004968514256317391,0.0038929908615138453,0.004968514256317391,0.0038929908615138453,0.004968514256317391,0.0038929908615138453,-2.7560549357379136,0.21506835502608884,-2.761023449994231,0.211175364164575,0.0,0.0,Vmag_get_voltage_magnitude_series__angle_get_voltage_angle_series,true,Unknown,Ybus EMT reconstruction using exact complex bus-voltage phasors when available; otherwise diagnostic fallback
3.5,0.004959679629721769,0.003891814087918055,0.004959679629721769,0.003891814087918055,0.004959679629721769,0.003891814087918055,-2.7560637703645092,0.21506717825249305,-2.761023449994231,0.211175364164575,0.0,0.0,Vmag_get_voltage_magnitude_series__angle_get_voltage_angle_series,true,Unknown,Ybus EMT reconstruction using exact complex bus-voltage phasors when available; otherwise diagnostic fallback
3.51,0.0049508223795680095,0.0038906366667871284,0.0049508223795680095,0.0038906366667871284,0.0049508223795680095,0.0038906366667871284,-2.756072627614663,0.21506600083136213,-2.761023449994231,0.211175364164575,0.0,0.0,Vmag_get_voltage_magnitude_series__angle_get_voltage_angle_series,true,Unknown,Ybus EMT reconstruction using exact complex bus-voltage phasors when available; otherwise diagnostic fallback
3.52,0.004941943169995078,0.0038894585691339745,0.004941943169995078,0.0038894585691339745,0.004941943169995078,0.0038894585691339745,-2.756081506824236,0.21506482273370897,-2.761023449994231,0.211175364164575,0.0,0.0,Vmag_get_voltage_magnitude_series__angle_get_voltage_angle_series,true,Unknown,Ybus EMT reconstruction using exact complex bus-voltage phasors when available; otherwise diagnostic fallback
3.53,0.00493304266433503,0.003888279769408365,0.00493304266433503,0.003888279769408365,0.00493304266433503,0.003888279769408365,-2.756090407329896,0.21506364393398336,-2.761023449994231,0.211175364164575,0.0,0.0,Vmag_get_voltage_magnitude_series__angle_get_voltage_angle_series,true,Unknown,Ybus EMT reconstruction using exact complex bus-voltage phasors when available; otherwise diagnostic fallback
3.54,0.004924121526402647,0.0038871002460312276,0.004924121526402647,0.0038871002460312276,0.004924121526402647,0.0038871002460312276,-2.7560993284678283,0.21506246441060622,-2.761023449994231,0.211175364164575,0.0,0.0,Vmag_get_voltage_magnitude_series__angle_get_voltage_angle_series,true,Unknown,Ybus EMT reconstruction using exact complex bus-voltage phasors when available; otherwise diagnostic fallback
3.55,0.004915180420821841,0.003885919982087649,0.004915180420821841,0.003885919982087649,0.004915180420821841,0.003885919982087649,-2.756108269573409,0.21506128414666265,-2.761023449994231,0.211175364164575,0.0,0.0,Vmag_get_voltage_magnitude_series__angle_get_voltage_angle_series,true,Unknown,Ybus EMT reconstruction using exact complex bus-voltage phasors when available; otherwise diagnostic fallback
3.56,0.004906220014003981,0.003884738965265977,0.004906220014003981,0.003884738965265977,0.004906220014003981,0.003884738965265977,-2.756117229980227,0.21506010312984097,-2.761023449994231,0.211175364164575,0.0,0.0,Vmag_get_voltage_magnitude_series__angle_get_voltage_angle_series,true,Unknown,Ybus EMT reconstruction using exact complex bus-voltage phasors when available; otherwise diagnostic fallback
3.57,0.004897240974383266,0.0038835571893900966,0.004897240974383266,0.0038835571893900966,0.004897240974383266,0.0038835571893900966,-2.7561262090198477,0.2150589213539651,-2.761023449994231,0.211175364164575,0.0,0.0,Vmag_get_voltage_magnitude_series__angle_get_voltage_angle_series,true,Unknown,Ybus EMT reconstruction using exact complex bus-voltage phasors when available; otherwise diagnostic fallback
3.58,0.004888243973567796,0.003882374653656595,0.004888243973567796,0.003882374653656595,0.004888243973567796,0.003882374653656595,-2.756135206020663,0.2150577388182316,-2.761023449994231,0.211175364164575,0.0,0.0,Vmag_get_voltage_magnitude_series__angle_get_voltage_angle_series,true,Unknown,Ybus EMT reconstruction using exact complex bus-voltage phasors when available; otherwise diagnostic fallback
3.59,0.004879229686300501,0.003881191362927361,0.004879229686300501,0.003881191362927361,0.004879229686300501,0.003881191362927361,-2.7561442203079305,0.21505655552750236,-2.761023449994231,0.211175364164575,0.0,0.0,Vmag_get_voltage_magnitude_series__angle_get_voltage_angle_series,true,Unknown,Ybus EMT reconstruction using exact complex bus-voltage phasors when available; otherwise diagnostic fallback
3.6,0.00487019879055417,0.003880007328062929,0.00487019879055417,0.003880007328062929,0.00487019879055417,0.003880007328062929,-2.756153251203677,0.21505537149263793,-2.761023449994231,0.211175364164575,0.0,0.0,Vmag_get_voltage_magnitude_series__angle_get_voltage_angle_series,true,Unknown,Ybus EMT reconstruction using exact complex bus-voltage phasors when available; otherwise diagnostic fallback
3.61,0.00486115196783965,0.003878822565986928,0.00486115196783965,0.003878822565986928,0.00486115196783965,0.003878822565986928,-2.7561622980263913,0.21505418673056192,-2.761023449994231,0.211175364164575,0.0,0.0,Vmag_get_voltage_magnitude_series__angle_get_voltage_angle_series,true,Unknown,Ybus EMT reconstruction using exact complex bus-voltage phasors when available; otherwise diagnostic fallback
3.62,0.0048520899034456555,0.00387763709988842,0.0048520899034456555,0.00387763709988842,0.0048520899034456555,0.00387763709988842,-2.7561713600907853,0.21505300126446342,-2.761023449994231,0.211175364164575,0.0,0.0,Vmag_get_voltage_magnitude_series__angle_get_voltage_angle_series,true,Unknown,Ybus EMT reconstruction using exact complex bus-voltage phasors when available; otherwise diagnostic fallback
3.63,0.004843013286344178,0.0038764509583604223,0.004843013286344178,0.0038764509583604223,0.004843013286344178,0.0038764509583604223,-2.756180436707887,0.21505181512293542,-2.761023449994231,0.211175364164575,0.0,0.0,Vmag_get_voltage_magnitude_series__angle_get_voltage_angle_series,true,Unknown,Ybus EMT reconstruction using exact complex bus-voltage phasors when available; otherwise diagnostic fallback
3.64,0.004833922809141633,0.0038752641753174166,0.004833922809141633,0.0038752641753174166,0.004833922809141633,0.0038752641753174166,-2.7561895271850894,0.2150506283398924,-2.761023449994231,0.211175364164575,0.0,0.0,Vmag_get_voltage_magnitude_series__angle_get_voltage_angle_series,true,Unknown,Ybus EMT reconstruction using exact complex bus-voltage phasors when available; otherwise diagnostic fallback
3.65,0.004824819167060124,0.0038740767903495676,0.004824819167060124,0.0038740767903495676,0.004824819167060124,0.0038740767903495676,-2.756198630827171,0.21504944095492456,-2.761023449994231,0.211175364164575,0.0,0.0,Vmag_get_voltage_magnitude_series__angle_get_voltage_angle_series,true,Unknown,Ybus EMT reconstruction using exact complex bus-voltage phasors when available; otherwise diagnostic fallback
3.66,0.004815703058817178,0.0038728888480776824,0.004815703058817178,0.0038728888480776824,0.004815703058817178,0.0038728888480776824,-2.756207746935414,0.21504825301265268,-2.761023449994231,0.211175364164575,0.0,0.0,Vmag_get_voltage_magnitude_series__angle_get_voltage_angle_series,true,Unknown,Ybus EMT reconstruction using exact complex bus-voltage phasors when available; otherwise diagnostic fallback
3.67,0.00480657518576777,0.00387170039790119,0.00480657518576777,0.00387170039790119,0.00480657518576777,0.00387170039790119,-2.7562168748084632,0.2150470645624762,-2.761023449994231,0.211175364164575,0.0,0.0,Vmag_get_voltage_magnitude_series__angle_get_voltage_angle_series,true,Unknown,Ybus EMT reconstruction using exact complex bus-voltage phasors when available; otherwise diagnostic fallback
3.68,0.004797436251385179,0.0038705114929712403,0.004797436251385179,0.0038705114929712403,0.004797436251385179,0.0038705114929712403,-2.756226013742846,0.21504587565754624,-2.761023449994231,0.211175364164575,0.0,0.0,Vmag_get_voltage_magnitude_series__angle_get_voltage_angle_series,true,Unknown,Ybus EMT reconstruction using exact complex bus-voltage phasors when available; otherwise diagnostic fallback
3.69,0.004788286960806687,0.0038693221903211006,0.004788286960806687,0.0038693221903211006,0.004788286960806687,0.0038693221903211006,-2.7562351630334243,0.2150446863548961,-2.761023449994231,0.211175364164575,0.0,0.0,Vmag_get_voltage_magnitude_series__angle_get_voltage_angle_series,true,Unknown,Ybus EMT reconstruction using exact complex bus-voltage phasors when available; otherwise diagnostic fallback
3.7,0.004779128020418355,0.003868132550682968,0.004779128020418355,0.003868132550682968,0.004779128020418355,0.003868132550682968,-2.7562443219738126,0.21504349671525796,-2.761023449994231,0.211175364164575,0.0,0.0,Vmag_get_voltage_magnitude_series__angle_get_voltage_angle_series,true,Unknown,Ybus EMT reconstruction using exact complex bus-voltage phasors when available; otherwise diagnostic fallback
3.71,0.004769960137348761,0.0038669426377068716,0.004769960137348761,0.0038669426377068716,0.004769960137348761,0.0038669426377068716,-2.7562534898568822,0.21504230680228187,-2.761023449994231,0.211175364164575,0.0,0.0,Vmag_get_voltage_magnitude_series__angle_get_voltage_angle_series,true,Unknown,Ybus EMT reconstruction using exact complex bus-voltage phasors when available; otherwise diagnostic fallback
3.72,0.0047607840188304,0.0038657525167910545,0.0047607840188304,0.0038657525167910545,0.0047607840188304,0.0038657525167910545,-2.7562626659754006,0.21504111668136605,-2.761023449994231,0.211175364164575,0.0,0.0,Vmag_get_voltage_magnitude_series__angle_get_voltage_angle_series,true,Unknown,Ybus EMT reconstruction using exact complex bus-voltage phasors when available; otherwise diagnostic fallback
3.73,0.004751600371409648,0.003864562255542492,0.004751600371409648,0.003864562255542492,0.004751600371409648,0.003864562255542492,-2.7562718496228213,0.2150399264201175,-2.761023449994231,0.211175364164575,0.0,0.0,Vmag_get_voltage_magnitude_series__angle_get_voltage_angle_series,true,Unknown,Ybus EMT reconstruction using exact complex bus-voltage phasors when available; otherwise diagnostic fallback
3.74,0.004742409900627909,0.0038633719230107832,0.004742409900627909,0.0038633719230107832,0.004742409900627909,0.0038633719230107832,-2.756281040093603,0.21503873608758578,-2.761023449994231,0.211175364164575,0.0,0.0,Vmag_get_voltage_magnitude_series__angle_get_voltage_angle_series,true,Unknown,Ybus EMT reconstruction using exact complex bus-voltage phasors when available; otherwise diagnostic fallback
3.75,0.004733213310066375,0.00386218158891255,0.004733213310066375,0.00386218158891255,0.004733213310066375,0.00386218158891255,-2.7562902366841646,0.21503754575348755,-2.761023449994231,0.211175364164575,0.0,0.0,Vmag_get_voltage_magnitude_series__angle_get_voltage_angle_series,true,Unknown,Ybus EMT reconstruction using exact complex bus-voltage phasors when available; otherwise diagnostic fallback
3.76,0.004724011301145303,0.0038609913236284377,0.004724011301145303,0.0038609913236284377,0.004724011301145303,0.0038609913236284377,-2.7562994386930857,0.21503635548820343,-2.761023449994231,0.211175364164575,0.0,0.0,Vmag_get_voltage_magnitude_series__angle_get_voltage_angle_series,true,Unknown,Ybus EMT reconstruction using exact complex bus-voltage phasors when available; otherwise diagnostic fallback
3.77,0.004714804572056863,0.0038598011969455115,0.004714804572056863,0.0038598011969455115,0.004714804572056863,0.0038598011969455115,-2.756308645422174,0.2150351653615205,-2.761023449994231,0.211175364164575,0.0,0.0,Vmag_get_voltage_magnitude_series__angle_get_voltage_angle_series,true,Unknown,Ybus EMT reconstruction using exact complex bus-voltage phasors when available; otherwise diagnostic fallback
3.78,0.004705593817369014,0.0038586112784163573,0.004705593817369014,0.0038586112784163573,0.004705593817369014,0.0038586112784163573,-2.756317856176862,0.21503397544299135,-2.761023449994231,0.211175364164575,0.0,0.0,Vmag_get_voltage_magnitude_series__angle_get_voltage_angle_series,true,Unknown,Ybus EMT reconstruction using exact complex bus-voltage phasors when available; otherwise diagnostic fallback
3.79,0.004696379727441524,0.0038574216365522274,0.004696379727441524,0.0038574216365522274,0.004696379727441524,0.0038574216365522274,-2.7563270702667895,0.21503278580112722,-2.761023449994231,0.211175364164575,0.0,0.0,Vmag_get_voltage_magnitude_series__angle_get_voltage_angle_series,true,Unknown,Ybus EMT reconstruction using exact complex bus-voltage phasors when available; otherwise diagnostic fallback
3.8,0.00468716298781402,0.003856232338348309,0.00468716298781402,0.003856232338348309,0.00468716298781402,0.003856232338348309,-2.756336287006417,0.2150315965029233,-2.761023449994231,0.211175364164575,0.0,0.0,Vmag_get_voltage_magnitude_series__angle_get_voltage_angle_series,true,Unknown,Ybus EMT reconstruction using exact complex bus-voltage phasors when available; otherwise diagnostic fallback
3.81,0.0046779442786304415,0.0038550434491108065,0.0046779442786304415,0.0038550434491108065,0.0046779442786304415,0.0038550434491108065,-2.7563455057156006,0.2150304076136858,-2.761023449994231,0.211175364164575,0.0,0.0,Vmag_get_voltage_magnitude_series__angle_get_voltage_angle_series,true,Unknown,Ybus EMT reconstruction using exact complex bus-voltage phasors when available; otherwise diagnostic fallback
3.82,0.004668724274171421,0.00385385503201785,0.004668724274171421,0.00385385503201785,0.004668724274171421,0.00385385503201785,-2.7563547257200596,0.21502921919659285,-2.761023449994231,0.211175364164575,0.0,0.0,Vmag_get_voltage_magnitude_series__angle_get_voltage_angle_series,true,Unknown,Ybus EMT reconstruction using exact complex bus-voltage phasors when available; otherwise diagnostic fallback
3.83,0.004659503642500784,0.0038526671476976637,0.004659503642500784,0.0038526671476976637,0.004659503642500784,0.0038526671476976637,-2.75636394635173,0.21502803131227266,-2.761023449994231,0.211175364164575,0.0,0.0,Vmag_get_voltage_magnitude_series__angle_get_voltage_angle_series,true,Unknown,Ybus EMT reconstruction using exact complex bus-voltage phasors when available; otherwise diagnostic fallback
3.84,0.004650283044703496,0.0038514798544240225,0.004650283044703496,0.0038514798544240225,0.004650283044703496,0.0038514798544240225,-2.7563731669495275,0.21502684401899902,-2.761023449994231,0.211175364164575,0.0,0.0,Vmag_get_voltage_magnitude_series__angle_get_voltage_angle_series,true,Unknown,Ybus EMT reconstruction using exact complex bus-voltage phasors when available; otherwise diagnostic fallback
3.85,0.004641063134906975,0.003850293207033728,0.004641063134906975,0.003850293207033728,0.004641063134906975,0.003850293207033728,-2.756382386859324,0.21502565737160872,-2.761023449994231,0.211175364164575,0.0,0.0,Vmag_get_voltage_magnitude_series__angle_get_voltage_angle_series,true,Unknown,Ybus EMT reconstruction using exact complex bus-voltage phasors when available; otherwise diagnostic fallback
3.86,0.004631844559643827,0.003849107257739126,0.004631844559643827,0.003849107257739126,0.004631844559643827,0.003849107257739126,-2.756391605434587,0.21502447142231412,-2.761023449994231,0.211175364164575,0.0,0.0,Vmag_get_voltage_magnitude_series__angle_get_voltage_angle_series,true,Unknown,Ybus EMT reconstruction using exact complex bus-voltage phasors when available; otherwise diagnostic fallback
3.87,0.0046226279576870866,0.00384792205518103,0.0046226279576870866,0.00384792205518103,0.0046226279576870866,0.00384792205518103,-2.756400822036544,0.21502328621975603,-2.761023449994231,0.211175364164575,0.0,0.0,Vmag_get_voltage_magnitude_series__angle_get_voltage_angle_series,true,Unknown,Ybus EMT reconstruction using exact complex bus-voltage phasors when available; otherwise diagnostic fallback
3.88,0.0046134139597162616,0.0038467376449660695,0.0046134139597162616,0.0038467376449660695,0.0046134139597162616,0.0038467376449660695,-2.7564100360345147,0.21502210180954107,-2.761023449994231,0.211175364164575,0.0,0.0,Vmag_get_voltage_magnitude_series__angle_get_voltage_angle_series,true,Unknown,Ybus EMT reconstruction using exact complex bus-voltage phasors when available; otherwise diagnostic fallback
3.89,0.004604203188277367,0.0038455540689902867,0.004604203188277367,0.0038455540689902867,0.004604203188277367,0.0038455540689902867,-2.7564192468059536,0.21502091823356528,-2.761023449994231,0.211175364164575,0.0,0.0,Vmag_get_voltage_magnitude_series__angle_get_voltage_angle_series,true,Unknown,Ybus EMT reconstruction using exact complex bus-voltage phasors when available; otherwise diagnostic fallback
3.9,0.004594996257497375,0.003844371365730681,0.004594996257497375,0.003844371365730681,0.004594996257497375,0.003844371365730681,-2.7564284537367336,0.21501973553030568,-2.761023449994231,0.211175364164575,0.0,0.0,Vmag_get_voltage_magnitude_series__angle_get_voltage_angle_series,true,Unknown,Ybus EMT reconstruction using exact complex bus-voltage phasors when available; otherwise diagnostic fallback
3.91,0.004585793772927005,0.0038431895703084917,0.004585793772927005,0.0038431895703084917,0.004585793772927005,0.0038431895703084917,-2.756437656221304,0.2150185537348835,-2.761023449994231,0.211175364164575,0.0,0.0,Vmag_get_voltage_magnitude_series__angle_get_voltage_angle_series,true,Unknown,Ybus EMT reconstruction using exact complex bus-voltage phasors when available; otherwise diagnostic fallback
3.92,0.004576596331677951,0.003842008714557865,0.004576596331677951,0.003842008714557865,0.004576596331677951,0.003842008714557865,-2.756446853662553,0.21501737287913286,-2.761023449994231,0.211175364164575,0.0,0.0,Vmag_get_voltage_magnitude_series__angle_get_voltage_angle_series,true,Unknown,Ybus EMT reconstruction using exact complex bus-voltage phasors when available; otherwise diagnostic fallback
3.93,0.004567404522269669,0.0038408288267296475,0.004567404522269669,0.0038408288267296475,0.004567404522269669,0.0038408288267296475,-2.7564560454719613,0.21501619299130464,-2.761023449994231,0.211175364164575,0.0,0.0,Vmag_get_voltage_magnitude_series__angle_get_voltage_angle_series,true,Unknown,Ybus EMT reconstruction using exact complex bus-voltage phasors when available; otherwise diagnostic fallback
3.94,0.004558218924763491,0.0038396499320690336,0.004558218924763491,0.0038396499320690336,0.004558218924763491,0.0038396499320690336,-2.7564652310694675,0.21501501409664403,-2.761023449994231,0.211175364164575,0.0,0.0,Vmag_get_voltage_magnitude_series__angle_get_voltage_angle_series,true,Unknown,Ybus EMT reconstruction using exact complex bus-voltage phasors when available; otherwise diagnostic fallback
3.95,0.004549040110537472,0.0038384720527874783,0.004549040110537472,0.0038384720527874783,0.004549040110537472,0.0038384720527874783,-2.7564744098836935,0.21501383621736248,-2.761023449994231,0.211175364164575,0.0,0.0,Vmag_get_voltage_magnitude_series__angle_get_voltage_angle_series,true,Unknown,Ybus EMT reconstruction using exact complex bus-voltage phasors when available; otherwise diagnostic fallback
3.96,0.004539868642960965,0.00383729520817061,0.004539868642960965,0.00383729520817061,0.004539868642960965,0.00383729520817061,-2.75648358135127,0.2150126593727456,-2.761023449994231,0.211175364164575,0.0,0.0,Vmag_get_voltage_magnitude_series__angle_get_voltage_angle_series,true,Unknown,Ybus EMT reconstruction using exact complex bus-voltage phasors when available; otherwise diagnostic fallback
3.97,0.004530705077040675,0.003836119414888206,0.004530705077040675,0.003836119414888206,0.004530705077040675,0.003836119414888206,-2.7564927449171903,0.2150114835794632,-2.761023449994231,0.211175364164575,0.0,0.0,Vmag_get_voltage_magnitude_series__angle_get_voltage_angle_series,true,Unknown,Ybus EMT reconstruction using exact complex bus-voltage phasors when available; otherwise diagnostic fallback
3.98,0.0045215499598478814,0.003834944687037878,0.0045215499598478814,0.003834944687037878,0.0045215499598478814,0.003834944687037878,-2.756501900034383,0.21501030885161287,-2.761023449994231,0.211175364164575,0.0,0.0,Vmag_get_voltage_magnitude_series__angle_get_voltage_angle_series,true,Unknown,Ybus EMT reconstruction using exact complex bus-voltage phasors when available; otherwise diagnostic fallback
3.99,0.004512403830589484,0.003833771036329592,0.004512403830589484,0.003833771036329592,0.004512403830589484,0.003833771036329592,-2.7565110461636415,0.2150091352009046,-2.761023449994231,0.211175364164575,0.0,0.0,Vmag_get_voltage_magnitude_series__angle_get_voltage_angle_series,true,Unknown,Ybus EMT reconstruction using exact complex bus-voltage phasors when available; otherwise diagnostic fallback
4.0,0.004503267220999696,0.003832598473205051,0.004503267220999696,0.003832598473205051,0.004503267220999696,0.003832598473205051,-2.7565201827732313,0.21500796263778005,-2.761023449994231,0.211175364164575,0.0,0.0,Vmag_get_voltage_magnitude_series__angle_get_voltage_angle_series,true,Unknown,Ybus EMT reconstruction using exact complex bus-voltage phasors when available; otherwise diagnostic fallback
4.01,0.004494140655579848,0.0038314270056010735,0.004494140655579848,0.0038314270056010735,0.004494140655579848,0.0038314270056010735,-2.756529309338651,0.21500679117017607,-2.761023449994231,0.211175364164575,0.0,0.0,Vmag_get_voltage_magnitude_series__angle_get_voltage_angle_series,true,Unknown,Ybus EMT reconstruction using exact complex bus-voltage phasors when available; otherwise diagnostic fallback
4.02,0.0044850246517924575,0.003830256640571128,0.0044850246517924575,0.003830256640571128,0.0044850246517924575,0.003830256640571128,-2.7565384253424385,0.21500562080514612,-2.761023449994231,0.211175364164575,0.0,0.0,Vmag_get_voltage_magnitude_series__angle_get_voltage_angle_series,true,Unknown,Ybus EMT reconstruction using exact complex bus-voltage phasors when available; otherwise diagnostic fallback
4.03,0.00447591972035255,0.0038290873837551476,0.00447591972035255,0.0038290873837551476,0.00447591972035255,0.0038290873837551476,-2.7565475302738784,0.21500445154833014,-2.761023449994231,0.211175364164575,0.0,0.0,Vmag_get_voltage_magnitude_series__angle_get_voltage_angle_series,true,Unknown,Ybus EMT reconstruction using exact complex bus-voltage phasors when available; otherwise diagnostic fallback
4.04,0.004466826365839172,0.0038279192401467488,0.004466826365839172,0.0038279192401467488,0.004466826365839172,0.0038279192401467488,-2.756556623628392,0.21500328340472175,-2.761023449994231,0.211175364164575,0.0,0.0,Vmag_get_voltage_magnitude_series__angle_get_voltage_angle_series,true,Unknown,Ybus EMT reconstruction using exact complex bus-voltage phasors when available; otherwise diagnostic fallback
4.05,0.004457745086451137,0.0038267522141745003,0.004457745086451137,0.0038267522141745003,0.004457745086451137,0.0038267522141745003,-2.75656570490778,0.2150021163787495,-2.761023449994231,0.211175364164575,0.0,0.0,Vmag_get_voltage_magnitude_series__angle_get_voltage_angle_series,true,Unknown,Ybus EMT reconstruction using exact complex bus-voltage phasors when available; otherwise diagnostic fallback
4.06,0.004448676374917415,0.003825586309875728,0.004448676374917415,0.003825586309875728,0.004448676374917415,0.003825586309875728,-2.7565747736193136,0.21500095047445072,-2.761023449994231,0.211175364164575,0.0,0.0,Vmag_get_voltage_magnitude_series__angle_get_voltage_angle_series,true,Unknown,Ybus EMT reconstruction using exact complex bus-voltage phasors when available; otherwise diagnostic fallback
4.07,0.004439620718664994,0.003824421531388844,0.004439620718664994,0.003824421531388844,0.004439620718664994,0.003824421531388844,-2.756583829275566,0.21499978569596384,-2.761023449994231,0.211175364164575,0.0,0.0,Vmag_get_voltage_magnitude_series__angle_get_voltage_angle_series,true,Unknown,Ybus EMT reconstruction using exact complex bus-voltage phasors when available; otherwise diagnostic fallback
4.08,0.004430578599686097,0.0038232578833229947,0.004430578599686097,0.0038232578833229947,0.004430578599686097,0.0038232578833229947,-2.756592871394545,0.214998622047898,-2.761023449994231,0.211175364164575,0.0,0.0,Vmag_get_voltage_magnitude_series__angle_get_voltage_angle_series,true,Unknown,Ybus EMT reconstruction using exact complex bus-voltage phasors when available; otherwise diagnostic fallback
4.09,0.0044215504955689156,0.003822095370702605,0.0044215504955689156,0.003822095370702605,0.0044215504955689156,0.003822095370702605,-2.756601899498662,0.2149974595352776,-2.761023449994231,0.211175364164575,0.0,0.0,Vmag_get_voltage_magnitude_series__angle_get_voltage_angle_series,true,Unknown,Ybus EMT reconstruction using exact complex bus-voltage phasors when available; otherwise diagnostic fallback
4.1,0.004412536879540685,0.003820933999279852,0.004412536879540685,0.003820933999279852,0.004412536879540685,0.003820933999279852,-2.7566109131146903,0.21499629816385485,-2.761023449994231,0.211175364164575,0.0,0.0,Vmag_get_voltage_magnitude_series__angle_get_voltage_angle_series,true,Unknown,Ybus EMT reconstruction using exact complex bus-voltage phasors when available; otherwise diagnostic fallback
4.11,0.00440353822045747,0.003819773776200741,0.00440353822045747,0.003819773776200741,0.00440353822045747,0.003819773776200741,-2.7566199117737735,0.21499513794077574,-2.761023449994231,0.211175364164575,0.0,0.0,Vmag_get_voltage_magnitude_series__angle_get_voltage_angle_series,true,Unknown,Ybus EMT reconstruction using exact complex bus-voltage phasors when available; otherwise diagnostic fallback
4.12,0.00439455498361685,0.003818614709559076,0.00439455498361685,0.003818614709559076,0.00439455498361685,0.003818614709559076,-2.756628895010614,0.21499397887413407,-2.761023449994231,0.211175364164575,0.0,0.0,Vmag_get_voltage_magnitude_series__angle_get_voltage_angle_series,true,Unknown,Ybus EMT reconstruction using exact complex bus-voltage phasors when available; otherwise diagnostic fallback
4.13,0.004385587630698851,0.003817456809376618,0.004385587630698851,0.003817456809376618,0.004385587630698851,0.003817456809376618,-2.756637862363532,0.21499282097395161,-2.761023449994231,0.211175364164575,0.0,0.0,Vmag_get_voltage_magnitude_series__angle_get_voltage_angle_series,true,Unknown,Ybus EMT reconstruction using exact complex bus-voltage phasors when available; otherwise diagnostic fallback
4.14,0.004376636620175844,0.0038163000870287123,0.004376636620175844,0.0038163000870287123,0.004376636620175844,0.0038163000870287123,-2.756646813374055,0.2149916642516037,-2.761023449994231,0.211175364164575,0.0,0.0,Vmag_get_voltage_magnitude_series__angle_get_voltage_angle_series,true,Unknown,Ybus EMT reconstruction using exact complex bus-voltage phasors when available; otherwise diagnostic fallback
4.15,0.004367702407462648,0.0038151445558632924,0.004367702407462648,0.0038151445558632924,0.004367702407462648,0.0038151445558632924,-2.7566557475867683,0.2149905087204383,-2.761023449994231,0.211175364164575,0.0,0.0,Vmag_get_voltage_magnitude_series__angle_get_voltage_angle_series,true,Unknown,Ybus EMT reconstruction using exact complex bus-voltage phasors when available; otherwise diagnostic fallback
4.16,0.004358785445194524,0.0038139902314771046,0.004358785445194524,0.0038139902314771046,0.004358785445194524,0.0038139902314771046,-2.7566646645490365,0.2149893543960521,-2.761023449994231,0.211175364164575,0.0,0.0,Vmag_get_voltage_magnitude_series__angle_get_voltage_angle_series,true,Unknown,Ybus EMT reconstruction using exact complex bus-voltage phasors when available; otherwise diagnostic fallback
4.17,0.004349886183578011,0.003812837131183522,0.004349886183578011,0.003812837131183522,0.004349886183578011,0.003812837131183522,-2.756673563810653,0.21498820129575852,-2.761023449994231,0.211175364164575,0.0,0.0,Vmag_get_voltage_magnitude_series__angle_get_voltage_angle_series,true,Unknown,Ybus EMT reconstruction using exact complex bus-voltage phasors when available; otherwise diagnostic fallback
4.18,0.004341005070208848,0.0038116852750050834,0.004341005070208848,0.0038116852750050834,0.004341005070208848,0.0038116852750050834,-2.756682444924022,0.21498704943958008,-2.761023449994231,0.211175364164575,0.0,0.0,Vmag_get_voltage_magnitude_series__angle_get_voltage_angle_series,true,Unknown,Ybus EMT reconstruction using exact complex bus-voltage phasors when available; otherwise diagnostic fallback
4.19,0.004332142550541818,0.003810534685070588,0.004332142550541818,0.003810534685070588,0.004332142550541818,0.003810534685070588,-2.756691307443689,0.21498589884964558,-2.761023449994231,0.211175364164575,0.0,0.0,Vmag_get_voltage_magnitude_series__angle_get_voltage_angle_series,true,Unknown,Ybus EMT reconstruction using exact complex bus-voltage phasors when available; otherwise diagnostic fallback
4.2,0.004323299067914288,0.0038093853859048066,0.004323299067914288,0.0038093853859048066,0.004323299067914288,0.0038093853859048066,-2.7567001509263167,0.2149847495504798,-2.761023449994231,0.211175364164575,0.0,0.0,Vmag_get_voltage_magnitude_series__angle_get_voltage_angle_series,true,Unknown,Ybus EMT reconstruction using exact complex bus-voltage phasors when available; otherwise diagnostic fallback
4.21,0.004314475063645684,0.0038082374046407574,0.004314475063645684,0.0038082374046407574,0.004314475063645684,0.0038082374046407574,-2.7567089749305853,0.21498360156921575,-2.761023449994231,0.211175364164575,0.0,0.0,Vmag_get_voltage_magnitude_series__angle_get_voltage_angle_series,true,Unknown,Ybus EMT reconstruction using exact complex bus-voltage phasors when available; otherwise diagnostic fallback
4.22,0.004305670977065912,0.0038070907707540846,0.004305670977065912,0.0038070907707540846,0.004305670977065912,0.0038070907707540846,-2.756717779017165,0.21498245493532908,-2.761023449994231,0.211175364164575,0.0,0.0,Vmag_get_voltage_magnitude_series__angle_get_voltage_angle_series,true,Unknown,Ybus EMT reconstruction using exact complex bus-voltage phasors when available; otherwise diagnostic fallback
4.23,0.004296887245664571,0.0038059455163304556,0.004296887245664571,0.0038059455163304556,0.004296887245664571,0.0038059455163304556,-2.7567265627485664,0.21498130968090545,-2.761023449994231,0.211175364164575,0.0,0.0,Vmag_get_voltage_magnitude_series__angle_get_voltage_angle_series,true,Unknown,Ybus EMT reconstruction using exact complex bus-voltage phasors when available; otherwise diagnostic fallback
4.24,0.0042881243051540174,0.003804801675496794,0.0042881243051540174,0.003804801675496794,0.0042881243051540174,0.003804801675496794,-2.756735325689077,0.2149801658400718,-2.761023449994231,0.211175364164575,0.0,0.0,Vmag_get_voltage_magnitude_series__angle_get_voltage_angle_series,true,Unknown,Ybus EMT reconstruction using exact complex bus-voltage phasors when available; otherwise diagnostic fallback
4.25,0.004279382589273517,0.0038036592852085382,0.004279382589273517,0.0038036592852085382,0.004279382589273517,0.0038036592852085382,-2.7567440674049575,0.21497902344978354,-2.761023449994231,0.211175364164575,0.0,0.0,Vmag_get_voltage_magnitude_series__angle_get_voltage_angle_series,true,Unknown,Ybus EMT reconstruction using exact complex bus-voltage phasors when available; otherwise diagnostic fallback
4.26,0.004270662529850089,0.0038025183845580846,0.004270662529850089,0.0038025183845580846,0.004270662529850089,0.0038025183845580846,-2.756752787464381,0.21497788254913308,-2.761023449994231,0.211175364164575,0.0,0.0,Vmag_get_voltage_magnitude_series__angle_get_voltage_angle_series,true,Unknown,Ybus EMT reconstruction using exact complex bus-voltage phasors when available; otherwise diagnostic fallback
4.27,0.004261964557010778,0.0038013790148895277,0.004261964557010778,0.0038013790148895277,0.004261964557010778,0.0038013790148895277,-2.75676148543722,0.21497674317946452,-2.761023449994231,0.211175364164575,0.0,0.0,Vmag_get_voltage_magnitude_series__angle_get_voltage_angle_series,true,Unknown,Ybus EMT reconstruction using exact complex bus-voltage phasors when available; otherwise diagnostic fallback
4.28,0.004253289098747448,0.0038002412198452906,0.004253289098747448,0.0038002412198452906,0.004253289098747448,0.0038002412198452906,-2.7567701608954835,0.2149756053844203,-2.761023449994231,0.211175364164575,0.0,0.0,Vmag_get_voltage_magnitude_series__angle_get_voltage_angle_series,true,Unknown,Ybus EMT reconstruction using exact complex bus-voltage phasors when available; otherwise diagnostic fallback
4.29,0.004244636580925665,0.0037991050446201657,0.004244636580925665,0.0037991050446201657,0.004244636580925665,0.0037991050446201657,-2.7567788134133053,0.21497446920919516,-2.761023449994231,0.211175364164575,0.0,0.0,Vmag_get_voltage_magnitude_series__angle_get_voltage_angle_series,true,Unknown,Ybus EMT reconstruction using exact complex bus-voltage phasors when available; otherwise diagnostic fallback
4.3,0.004236007427465882,0.003797970536846218,0.004236007427465882,0.003797970536846218,0.004236007427465882,0.003797970536846218,-2.756787442566765,0.21497333470142121,-2.761023449994231,0.211175364164575,0.0,0.0,Vmag_get_voltage_magnitude_series__angle_get_voltage_angle_series,true,Unknown,Ybus EMT reconstruction using exact complex bus-voltage phasors when available; otherwise diagnostic fallback
4.31,0.004227402059817642,0.0037968377455424585,0.004227402059817642,0.0037968377455424585,0.004227402059817642,0.0037968377455424585,-2.7567960479344134,0.21497220191011746,-2.761023449994231,0.211175364164575,0.0,0.0,Vmag_get_voltage_magnitude_series__angle_get_voltage_angle_series,true,Unknown,Ybus EMT reconstruction using exact complex bus-voltage phasors when available; otherwise diagnostic fallback
4.32,0.004218820897007536,0.0037957067216445872,0.004218820897007536,0.0037957067216445872,0.004218820897007536,0.0037957067216445872,-2.7568046290972235,0.21497107088621958,-2.761023449994231,0.211175364164575,0.0,0.0,Vmag_get_voltage_magnitude_series__angle_get_voltage_angle_series,true,Unknown,Ybus EMT reconstruction using exact complex bus-voltage phasors when available; otherwise diagnostic fallback
4.33,0.00421026435560945,0.0037945775172103513,0.00421026435560945,0.0037945775172103513,0.00421026435560945,0.0037945775172103513,-2.7568131856386215,0.21496994168178535,-2.761023449994231,0.211175364164575,0.0,0.0,Vmag_get_voltage_magnitude_series__angle_get_voltage_angle_series,true,Unknown,Ybus EMT reconstruction using exact complex bus-voltage phasors when available; otherwise diagnostic fallback
4.34,0.004201732849337336,0.0037934501857382896,0.004201732849337336,0.0037934501857382896,0.004201732849337336,0.0037934501857382896,-2.7568217171448937,0.2149688143503133,-2.761023449994231,0.211175364164575,0.0,0.0,Vmag_get_voltage_magnitude_series__angle_get_voltage_angle_series,true,Unknown,Ybus EMT reconstruction using exact complex bus-voltage phasors when available; otherwise diagnostic fallback
4.35,0.004193226789103388,0.003792324781732581,0.004193226789103388,0.003792324781732581,0.004193226789103388,0.003792324781732581,-2.7568302232051276,0.21496768894630758,-2.761023449994231,0.211175364164575,0.0,0.0,Vmag_get_voltage_magnitude_series__angle_get_voltage_angle_series,true,Unknown,Ybus EMT reconstruction using exact complex bus-voltage phasors when available; otherwise diagnostic fallback
4.36,0.004184746582680088,0.003791201360760721,0.004184746582680088,0.003791201360760721,0.004184746582680088,0.003791201360760721,-2.756838703411551,0.21496656552533572,-2.761023449994231,0.211175364164575,0.0,0.0,Vmag_get_voltage_magnitude_series__angle_get_voltage_angle_series,true,Unknown,Ybus EMT reconstruction using exact complex bus-voltage phasors when available; otherwise diagnostic fallback
4.37,0.00417629263449637,0.003790079979004657,0.00417629263449637,0.003790079979004657,0.00417629263449637,0.003790079979004657,-2.7568471573597346,0.21496544414357965,-2.761023449994231,0.211175364164575,0.0,0.0,Vmag_get_voltage_magnitude_series__angle_get_voltage_angle_series,true,Unknown,Ybus EMT reconstruction using exact complex bus-voltage phasors when available; otherwise diagnostic fallback
4.38,0.0041678653456656,0.0037889606931176822,0.0041678653456656,0.0037889606931176822,0.0041678653456656,0.0037889606931176822,-2.7568555846485654,0.21496432485769268,-2.761023449994231,0.211175364164575,0.0,0.0,Vmag_get_voltage_magnitude_series__angle_get_voltage_angle_series,true,Unknown,Ybus EMT reconstruction using exact complex bus-voltage phasors when available; otherwise diagnostic fallback
4.39,0.004159465113452221,0.0037878435603989624,0.004159465113452221,0.0037878435603989624,0.004159465113452221,0.0037878435603989624,-2.7568639848807788,0.21496320772497396,-2.761023449994231,0.211175364164575,0.0,0.0,Vmag_get_voltage_magnitude_series__angle_get_voltage_angle_series,true,Unknown,Ybus EMT reconstruction using exact complex bus-voltage phasors when available; otherwise diagnostic fallback
4.4,0.004151092331449835,0.003786728637964365,0.004151092331449835,0.003786728637964365,0.004151092331449835,0.003786728637964365,-2.756872357662781,0.21496209280253936,-2.761023449994231,0.211175364164575,0.0,0.0,Vmag_get_voltage_magnitude_series__angle_get_voltage_angle_series,true,Unknown,Ybus EMT reconstruction using exact complex bus-voltage phasors when available; otherwise diagnostic fallback
4.41,0.0041427473890292,0.003785615983253998,0.0041427473890292,0.003785615983253998,0.0041427473890292,0.003785615983253998,-2.756880702605202,0.214960980147829,-2.761023449994231,0.211175364164575,0.0,0.0,Vmag_get_voltage_magnitude_series__angle_get_voltage_angle_series,true,Unknown,Ybus EMT reconstruction using exact complex bus-voltage phasors when available; otherwise diagnostic fallback
4.42,0.004134430671441702,0.0037845056532843646,0.004134430671441702,0.0037845056532843646,0.004134430671441702,0.0037845056532843646,-2.7568890193227893,0.21495986981785936,-2.761023449994231,0.211175364164575,0.0,0.0,Vmag_get_voltage_magnitude_series__angle_get_voltage_angle_series,true,Unknown,Ybus EMT reconstruction using exact complex bus-voltage phasors when available; otherwise diagnostic fallback
4.43,0.0041261425594241175,0.003783397704860081,0.0041261425594241175,0.003783397704860081,0.0041261425594241175,0.003783397704860081,-2.756897307434807,0.21495876186943508,-2.761023449994231,0.211175364164575,0.0,0.0,Vmag_get_voltage_magnitude_series__angle_get_voltage_angle_series,true,Unknown,Ybus EMT reconstruction using exact complex bus-voltage phasors when available; otherwise diagnostic fallback
4.44,0.004117883429111124,0.0037822921943549415,0.004117883429111124,0.0037822921943549415,0.004117883429111124,0.0037822921943549415,-2.75690556656512,0.21495765635892994,-2.761023449994231,0.211175364164575,0.0,0.0,Vmag_get_voltage_magnitude_series__angle_get_voltage_angle_series,true,Unknown,Ybus EMT reconstruction using exact complex bus-voltage phasors when available; otherwise diagnostic fallback
4.45,0.004109653651848788,0.0037811891773466,0.004109653651848788,0.0037811891773466,0.004109653651848788,0.0037811891773466,-2.756913796342382,0.2149565533419216,-2.761023449994231,0.211175364164575,0.0,0.0,Vmag_get_voltage_magnitude_series__angle_get_voltage_angle_series,true,Unknown,Ybus EMT reconstruction using exact complex bus-voltage phasors when available; otherwise diagnostic fallback
4.46,0.0041014535939902785,0.0037800887087756085,0.0041014535939902785,0.0037800887087756085,0.0041014535939902785,0.0037800887087756085,-2.7569219964002407,0.2149554528733506,-2.761023449994231,0.211175364164575,0.0,0.0,Vmag_get_voltage_magnitude_series__angle_get_voltage_angle_series,true,Unknown,Ybus EMT reconstruction using exact complex bus-voltage phasors when available; otherwise diagnostic fallback
4.47,0.004093283616810606,0.0037789908424332164,0.004093283616810606,0.0037789908424332164,0.004093283616810606,0.0037789908424332164,-2.7569301663774204,0.2149543550070082,-2.761023449994231,0.211175364164575,0.0,0.0,Vmag_get_voltage_magnitude_series__angle_get_voltage_angle_series,true,Unknown,Ybus EMT reconstruction using exact complex bus-voltage phasors when available; otherwise diagnostic fallback
4.48,0.004085144076300118,0.003777895631316419,0.004085144076300118,0.003777895631316419,0.004085144076300118,0.003777895631316419,-2.756938305917931,0.21495325979589142,-2.761023449994231,0.211175364164575,0.0,0.0,Vmag_get_voltage_magnitude_series__angle_get_voltage_angle_series,true,Unknown,Ybus EMT reconstruction using exact complex bus-voltage phasors when available; otherwise diagnostic fallback
4.49,0.004077035322980205,0.003776803127155559,0.004077035322980205,0.003776803127155559,0.004077035322980205,0.003776803127155559,-2.756946414671251,0.21495216729173056,-2.761023449994231,0.211175364164575,0.0,0.0,Vmag_get_voltage_magnitude_series__angle_get_voltage_angle_series,true,Unknown,Ybus EMT reconstruction using exact complex bus-voltage phasors when available; otherwise diagnostic fallback
4.5,0.004068957701870879,0.0037757133802726606,0.004068957701870879,0.0037757133802726606,0.004068957701870879,0.0037757133802726606,-2.75695449229236,0.21495107754484766,-2.761023449994231,0.211175364164575,0.0,0.0,Vmag_get_voltage_magnitude_series__angle_get_voltage_angle_series,true,Unknown,Ybus EMT reconstruction using exact complex bus-voltage phasors when available; otherwise diagnostic fallback
4.51,0.004060911552487667,0.0037746264396191775,0.004060911552487667,0.0037746264396191775,0.004060911552487667,0.0037746264396191775,-2.7569625384417433,0.21494999060419417,-2.761023449994231,0.211175364164575,0.0,0.0,Vmag_get_voltage_magnitude_series__angle_get_voltage_angle_series,true,Unknown,Ybus EMT reconstruction using exact complex bus-voltage phasors when available; otherwise diagnostic fallback
4.52,0.004052897208170592,0.003773542353327497,0.004052897208170592,0.003773542353327497,0.004052897208170592,0.003773542353327497,-2.7569705527860604,0.2149489065179025,-2.761023449994231,0.211175364164575,0.0,0.0,Vmag_get_voltage_magnitude_series__angle_get_voltage_angle_series,true,Unknown,Ybus EMT reconstruction using exact complex bus-voltage phasors when available; otherwise diagnostic fallback
4.53,0.0040449149969372655,0.0037724611672461106,0.0040449149969372655,0.0037724611672461106,0.0040449149969372655,0.0037724611672461106,-2.7569785349972937,0.2149478253318211,-2.761023449994231,0.211175364164575,0.0,0.0,Vmag_get_voltage_magnitude_series__angle_get_voltage_angle_series,true,Unknown,Ybus EMT reconstruction using exact complex bus-voltage phasors when available; otherwise diagnostic fallback
4.54,0.004036965240602708,0.003771382926001099,0.004036965240602708,0.003771382926001099,0.004036965240602708,0.003771382926001099,-2.7569864847536283,0.2149467470905761,-2.761023449994231,0.211175364164575,0.0,0.0,Vmag_get_voltage_magnitude_series__angle_get_voltage_angle_series,true,Unknown,Ybus EMT reconstruction using exact complex bus-voltage phasors when available; otherwise diagnostic fallback
4.55,0.004029048255134615,0.003770307672650519,0.004029048255134615,0.003770307672650519,0.004029048255134615,0.003770307672650519,-2.7569944017390964,0.21494567183722552,-2.761023449994231,0.211175364164575,0.0,0.0,Vmag_get_voltage_magnitude_series__angle_get_voltage_angle_series,true,Unknown,Ybus EMT reconstruction using exact complex bus-voltage phasors when available; otherwise diagnostic fallback
4.56,0.004021164350446416,0.0037692354485240886,0.004021164350446416,0.0037692354485240886,0.004021164350446416,0.0037692354485240886,-2.7570022856437846,0.21494459961309909,-2.761023449994231,0.211175364164575,0.0,0.0,Vmag_get_voltage_magnitude_series__angle_get_voltage_angle_series,true,Unknown,Ybus EMT reconstruction using exact complex bus-voltage phasors when available; otherwise diagnostic fallback
4.57,0.004013313830324439,0.00376816629354787,0.004013313830324439,0.00376816629354787,0.004013313830324439,0.00376816629354787,-2.7570101361639066,0.21494353045812287,-2.761023449994231,0.211175364164575,0.0,0.0,Vmag_get_voltage_magnitude_series__angle_get_voltage_angle_series,true,Unknown,Ybus EMT reconstruction using exact complex bus-voltage phasors when available; otherwise diagnostic fallback
4.58,0.004005496992657509,0.003767100245840982,0.004005496992657509,0.003767100245840982,0.004005496992657509,0.003767100245840982,-2.7570179530015735,0.21494246441041598,-2.761023449994231,0.211175364164575,0.0,0.0,Vmag_get_voltage_magnitude_series__angle_get_voltage_angle_series,true,Unknown,Ybus EMT reconstruction using exact complex bus-voltage phasors when available; otherwise diagnostic fallback
4.59,0.003997714129232222,0.003766037341931372,0.003997714129232222,0.003766037341931372,0.003997714129232222,0.003766037341931372,-2.7570257358649988,0.21494140150650637,-2.761023449994231,0.211175364164575,0.0,0.0,Vmag_get_voltage_magnitude_series__angle_get_voltage_angle_series,true,Unknown,Ybus EMT reconstruction using exact complex bus-voltage phasors when available; otherwise diagnostic fallback
4.6,0.003989965525764916,0.0037649776166392424,0.003989965525764916,0.0037649776166392424,0.003989965525764916,0.0037649776166392424,-2.757033484468466,0.21494034178121424,-2.761023449994231,0.211175364164575,0.0,0.0,Vmag_get_voltage_magnitude_series__angle_get_voltage_angle_series,true,Unknown,Ybus EMT reconstruction using exact complex bus-voltage phasors when available; otherwise diagnostic fallback
4.61,0.003982251461991382,0.00376392110333007,0.003982251461991382,0.00376392110333007,0.003982251461991382,0.00376392110333007,-2.7570411985322396,0.21493928526790507,-2.761023449994231,0.211175364164575,0.0,0.0,Vmag_get_voltage_magnitude_series__angle_get_voltage_angle_series,true,Unknown,Ybus EMT reconstruction using exact complex bus-voltage phasors when available; otherwise diagnostic fallback
4.62,0.003974572211630889,0.0037628678338094135,0.003974572211630889,0.0037628678338094135,0.003974572211630889,0.0037628678338094135,-2.7570488777826,0.2149382319983844,-2.761023449994231,0.211175364164575,0.0,0.0,Vmag_get_voltage_magnitude_series__angle_get_voltage_angle_series,true,Unknown,Ybus EMT reconstruction using exact complex bus-voltage phasors when available; otherwise diagnostic fallback
4.63,0.003966928042448803,0.0037618178384727363,0.003966928042448803,0.0037618178384727363,0.003966928042448803,0.0037618178384727363,-2.757056521951782,0.21493718200304773,-2.761023449994231,0.211175364164575,0.0,0.0,Vmag_get_voltage_magnitude_series__angle_get_voltage_angle_series,true,Unknown,Ybus EMT reconstruction using exact complex bus-voltage phasors when available; otherwise diagnostic fallback
4.64,0.0039593192164191215,0.0037607711459737847,0.0039593192164191215,0.0037607711459737847,0.0039593192164191215,0.0037607711459737847,-2.757064130777812,0.21493613531054878,-2.761023449994231,0.211175364164575,0.0,0.0,Vmag_get_voltage_magnitude_series__angle_get_voltage_angle_series,true,Unknown,Ybus EMT reconstruction using exact complex bus-voltage phasors when available; otherwise diagnostic fallback
4.65,0.003951745989590361,0.0037597277837539966,0.003951745989590361,0.0037597277837539966,0.003951745989590361,0.0037597277837539966,-2.7570717040046406,0.214935091948329,-2.761023449994231,0.211175364164575,0.0,0.0,Vmag_get_voltage_magnitude_series__angle_get_voltage_angle_series,true,Unknown,Ybus EMT reconstruction using exact complex bus-voltage phasors when available; otherwise diagnostic fallback
4.66,0.003944208612427502,0.0037586877780872996,0.003944208612427502,0.0037586877780872996,0.003944208612427502,0.0037586877780872996,-2.7570792413818035,0.2149340519426623,-2.761023449994231,0.211175364164575,0.0,0.0,Vmag_get_voltage_magnitude_series__angle_get_voltage_angle_series,true,Unknown,Ybus EMT reconstruction using exact complex bus-voltage phasors when available; otherwise diagnostic fallback
4.67,0.003936707329565525,0.003757651153713515,0.003936707329565525,0.003757651153713515,0.003936707329565525,0.003757651153713515,-2.7570867426646655,0.2149330153182885,-2.761023449994231,0.211175364164575,0.0,0.0,Vmag_get_voltage_magnitude_series__angle_get_voltage_angle_series,true,Unknown,Ybus EMT reconstruction using exact complex bus-voltage phasors when available; otherwise diagnostic fallback
4.68,0.003929242380236619,0.003756617934563111,0.003929242380236619,0.003756617934563111,0.003929242380236619,0.003756617934563111,-2.7570942076139944,0.2149319820991381,-2.761023449994231,0.211175364164575,0.0,0.0,Vmag_get_voltage_magnitude_series__angle_get_voltage_angle_series,true,Unknown,Ybus EMT reconstruction using exact complex bus-voltage phasors when available; otherwise diagnostic fallback
4.69,0.003921813998184032,0.003755588142983879,0.003921813998184032,0.003755588142983879,0.003921813998184032,0.003755588142983879,-2.757101635996047,0.21493095230755888,-2.761023449994231,0.211175364164575,0.0,0.0,Vmag_get_voltage_magnitude_series__angle_get_voltage_angle_series,true,Unknown,Ybus EMT reconstruction using exact complex bus-voltage phasors when available; otherwise diagnostic fallback
4.7,0.0039144224116980375,0.0037545618008090753,0.0039144224116980375,0.0037545618008090753,0.0039144224116980375,0.0037545618008090753,-2.757109027582533,0.21492992596538407,-2.761023449994231,0.211175364164575,0.0,0.0,Vmag_get_voltage_magnitude_series__angle_get_voltage_angle_series,true,Unknown,Ybus EMT reconstruction using exact complex bus-voltage phasors when available; otherwise diagnostic fallback
4.71,0.003907067843977874,0.0037535389286854626,0.003907067843977874,0.0037535389286854626,0.003907067843977874,0.0037535389286854626,-2.757116382150253,0.21492890309326046,-2.761023449994231,0.211175364164575,0.0,0.0,Vmag_get_voltage_magnitude_series__angle_get_voltage_angle_series,true,Unknown,Ybus EMT reconstruction using exact complex bus-voltage phasors when available; otherwise diagnostic fallback
4.72,0.0038997505129549914,0.0037525195462724814,0.0038997505129549914,0.0037525195462724814,0.0038997505129549914,0.0037525195462724814,-2.757123699481276,0.21492788371084748,-2.761023449994231,0.211175364164575,0.0,0.0,Vmag_get_voltage_magnitude_series__angle_get_voltage_angle_series,true,Unknown,Ybus EMT reconstruction using exact complex bus-voltage phasors when available; otherwise diagnostic fallback
4.73,0.003892470631599032,0.00375150367304955,0.003892470631599032,0.00375150367304955,0.003892470631599032,0.00375150367304955,-2.757130979362632,0.21492686783762455,-2.761023449994231,0.211175364164575,0.0,0.0,Vmag_get_voltage_magnitude_series__angle_get_voltage_angle_series,true,Unknown,Ybus EMT reconstruction using exact complex bus-voltage phasors when available; otherwise diagnostic fallback
4.74,0.003885228408042174,0.0037504913271713125,0.003885228408042174,0.0037504913271713125,0.003885228408042174,0.0037504913271713125,-2.757138221586189,0.2149258554917463,-2.761023449994231,0.211175364164575,0.0,0.0,Vmag_get_voltage_magnitude_series__angle_get_voltage_angle_series,true,Unknown,Ybus EMT reconstruction using exact complex bus-voltage phasors when available; otherwise diagnostic fallback
4.75,0.0038780240455302817,0.003749482526852921,0.0038780240455302817,0.003749482526852921,0.0038780240455302817,0.003749482526852921,-2.7571454259487007,0.21492484669142792,-2.761023449994231,0.211175364164575,0.0,0.0,Vmag_get_voltage_magnitude_series__angle_get_voltage_angle_series,true,Unknown,Ybus EMT reconstruction using exact complex bus-voltage phasors when available; otherwise diagnostic fallback
4.76,0.0038708577426271873,0.0037484772892310003,0.0038708577426271873,0.0037484772892310003,0.0038708577426271873,0.0037484772892310003,-2.757152592251604,0.214923841453806,-2.761023449994231,0.211175364164575,0.0,0.0,Vmag_get_voltage_magnitude_series__angle_get_voltage_angle_series,true,Unknown,Ybus EMT reconstruction using exact complex bus-voltage phasors when available; otherwise diagnostic fallback
4.77,0.003863729693427409,0.0037474756315131197,0.003863729693427409,0.0037474756315131197,0.003863729693427409,0.0037474756315131197,-2.7571597203008036,0.21492283979608812,-2.761023449994231,0.211175364164575,0.0,0.0,Vmag_get_voltage_magnitude_series__angle_get_voltage_angle_series,true,Unknown,Ybus EMT reconstruction using exact complex bus-voltage phasors when available; otherwise diagnostic fallback
4.78,0.0038566400875579276,0.003746477570328477,0.0038566400875579276,0.003746477570328477,0.0038566400875579276,0.003746477570328477,-2.757166809906673,0.21492184173490347,-2.761023449994231,0.211175364164575,0.0,0.0,Vmag_get_voltage_magnitude_series__angle_get_voltage_angle_series,true,Unknown,Ybus EMT reconstruction using exact complex bus-voltage phasors when available; otherwise diagnostic fallback
4.79,0.0038495891102789948,0.003745483122219506,0.0038495891102789948,0.003745483122219506,0.0038495891102789948,0.003745483122219506,-2.757173860883952,0.2149208472867945,-2.761023449994231,0.211175364164575,0.0,0.0,Vmag_get_voltage_magnitude_series__angle_get_voltage_angle_series,true,Unknown,Ybus EMT reconstruction using exact complex bus-voltage phasors when available; otherwise diagnostic fallback
4.8,0.0038425769426511103,0.003744492303358826,0.0038425769426511103,0.003744492303358826,0.0038425769426511103,0.003744492303358826,-2.75718087305158,0.21491985646793382,-2.761023449994231,0.211175364164575,0.0,0.0,Vmag_get_voltage_magnitude_series__angle_get_voltage_angle_series,true,Unknown,Ybus EMT reconstruction using exact complex bus-voltage phasors when available; otherwise diagnostic fallback
4.81,0.0038356037616087413,0.003743505130122615,0.0038356037616087413,0.003743505130122615,0.0038356037616087413,0.003743505130122615,-2.7571878462326223,0.2149188692946976,-2.761023449994231,0.211175364164575,0.0,0.0,Vmag_get_voltage_magnitude_series__angle_get_voltage_angle_series,true,Unknown,Ybus EMT reconstruction using exact complex bus-voltage phasors when available; otherwise diagnostic fallback
4.82,0.0038286697400922165,0.0037425216186766086,0.0038286697400922165,0.0037425216186766086,0.0038286697400922165,0.0037425216186766086,-2.7571947802541388,0.2149178857832516,-2.761023449994231,0.211175364164575,0.0,0.0,Vmag_get_voltage_magnitude_series__angle_get_voltage_angle_series,true,Unknown,Ybus EMT reconstruction using exact complex bus-voltage phasors when available; otherwise diagnostic fallback
4.83,0.0038217750471045697,0.003741541785032221,0.0038217750471045697,0.003741541785032221,0.0038217750471045697,0.003741541785032221,-2.7572016749471264,0.21491690594960722,-2.761023449994231,0.211175364164575,0.0,0.0,Vmag_get_voltage_magnitude_series__angle_get_voltage_angle_series,true,Unknown,Ybus EMT reconstruction using exact complex bus-voltage phasors when available; otherwise diagnostic fallback
4.84,0.0038149198478185653,0.0037405656456293013,0.0038149198478185653,0.0037405656456293013,0.0038149198478185653,0.0037405656456293013,-2.7572085301464124,0.2149159298102043,-2.761023449994231,0.211175364164575,0.0,0.0,Vmag_get_voltage_magnitude_series__angle_get_voltage_angle_series,true,Unknown,Ybus EMT reconstruction using exact complex bus-voltage phasors when available; otherwise diagnostic fallback
4.85,0.0038081043036224393,0.0037395932169307367,0.0038081043036224393,0.0037395932169307367,0.0038081043036224393,0.0037395932169307367,-2.7572153456906086,0.21491495738150573,-2.761023449994231,0.211175364164575,0.0,0.0,Vmag_get_voltage_magnitude_series__angle_get_voltage_angle_series,true,Unknown,Ybus EMT reconstruction using exact complex bus-voltage phasors when available; otherwise diagnostic fallback
4.86,0.003801328572310858,0.0037386245154422126,0.003801328572310858,0.0037386245154422126,0.003801328572310858,0.0037386245154422126,-2.75722212142192,0.2149139886800172,-2.761023449994231,0.211175364164575,0.0,0.0,Vmag_get_voltage_magnitude_series__angle_get_voltage_angle_series,true,Unknown,Ybus EMT reconstruction using exact complex bus-voltage phasors when available; otherwise diagnostic fallback
4.87,0.0037945928080747038,0.0037376595579456384,0.0037945928080747038,0.0037376595579456384,0.0037945928080747038,0.0037376595579456384,-2.7572288571861563,0.21491302372252064,-2.761023449994231,0.211175364164575,0.0,0.0,Vmag_get_voltage_magnitude_series__angle_get_voltage_angle_series,true,Unknown,Ybus EMT reconstruction using exact complex bus-voltage phasors when available; otherwise diagnostic fallback
4.88,0.003787897161471321,0.003736698361572033,0.003787897161471321,0.003736698361572033,0.003787897161471321,0.003736698361572033,-2.7572355528327597,0.21491206252614703,-2.761023449994231,0.211175364164575,0.0,0.0,Vmag_get_voltage_magnitude_series__angle_get_voltage_angle_series,true,Unknown,Ybus EMT reconstruction using exact complex bus-voltage phasors when available; otherwise diagnostic fallback
4.89,0.0037812417797220554,0.0037357409435026523,0.0037812417797220554,0.0037357409435026523,0.0037812417797220554,0.0037357409435026523,-2.757242208214509,0.21491110510807765,-2.761023449994231,0.211175364164575,0.0,0.0,Vmag_get_voltage_magnitude_series__angle_get_voltage_angle_series,true,Unknown,Ybus EMT reconstruction using exact complex bus-voltage phasors when available; otherwise diagnostic fallback
4.9,0.00377462680654439,0.003734787321542976,0.00377462680654439,0.003734787321542976,0.00377462680654439,0.003734787321542976,-2.7572488231876866,0.21491015148611797,-2.761023449994231,0.211175364164575,0.0,0.0,Vmag_get_voltage_magnitude_series__angle_get_voltage_angle_series,true,Unknown,Ybus EMT reconstruction using exact complex bus-voltage phasors when available; otherwise diagnostic fallback
4.91,0.003768052382317144,0.0037338375134550184,0.003768052382317144,0.0037338375134550184,0.003768052382317144,0.0037338375134550184,-2.757255397611914,0.21490920167803002,-2.761023449994231,0.211175364164575,0.0,0.0,Vmag_get_voltage_magnitude_series__angle_get_voltage_angle_series,true,Unknown,Ybus EMT reconstruction using exact complex bus-voltage phasors when available; otherwise diagnostic fallback
4.92,0.003761518644169737,0.0037328915373195937,0.003761518644169737,0.0037328915373195937,0.003761518644169737,0.0037328915373195937,-2.7572619313500613,0.2149082557018946,-2.761023449994231,0.211175364164575,0.0,0.0,Vmag_get_voltage_magnitude_series__angle_get_voltage_angle_series,true,Unknown,Ybus EMT reconstruction using exact complex bus-voltage phasors when available; otherwise diagnostic fallback
4.93,0.003755025725762806,0.0037319494119442687,0.003755025725762806,0.0037319494119442687,0.003755025725762806,0.0037319494119442687,-2.757268424268468,0.21490731357651927,-2.761023449994231,0.211175364164575,0.0,0.0,Vmag_get_voltage_magnitude_series__angle_get_voltage_angle_series,true,Unknown,Ybus EMT reconstruction using exact complex bus-voltage phasors when available; otherwise diagnostic fallback
4.94,0.0037485737576412603,0.0037310111559887282,0.0037485737576412603,0.0037310111559887282,0.0037485737576412603,0.0037310111559887282,-2.7572748762365897,0.21490637532056373,-2.761023449994231,0.211175364164575,0.0,0.0,Vmag_get_voltage_magnitude_series__angle_get_voltage_angle_series,true,Unknown,Ybus EMT reconstruction using exact complex bus-voltage phasors when available; otherwise diagnostic fallback
4.95,0.003742162867047316,0.0037300767885616315,0.003742162867047316,0.0037300767885616315,0.003742162867047316,0.0037300767885616315,-2.7572812871271837,0.21490544095313663,-2.761023449994231,0.211175364164575,0.0,0.0,Vmag_get_voltage_magnitude_series__angle_get_voltage_angle_series,true,Unknown,Ybus EMT reconstruction using exact complex bus-voltage phasors when available; otherwise diagnostic fallback
4.96,0.0037357931780936937,0.0037291463291502236,0.0037357931780936937,0.0037291463291502236,0.0037357931780936937,0.0037291463291502236,-2.7572876568161373,0.21490451049372522,-2.761023449994231,0.211175364164575,0.0,0.0,Vmag_get_voltage_magnitude_series__angle_get_voltage_angle_series,true,Unknown,Ybus EMT reconstruction using exact complex bus-voltage phasors when available; otherwise diagnostic fallback
4.97,0.0037294648115535622,0.0037282197973840248,0.0037294648115535622,0.0037282197973840248,0.0037294648115535622,0.0037282197973840248,-2.7572939851826774,0.21490358396195902,-2.761023449994231,0.211175364164575,0.0,0.0,Vmag_get_voltage_magnitude_series__angle_get_voltage_angle_series,true,Unknown,Ybus EMT reconstruction using exact complex bus-voltage phasors when available; otherwise diagnostic fallback
4.98,0.003723177885034623,0.0037272972133041704,0.003723177885034623,0.0037272972133041704,0.003723177885034623,0.0037272972133041704,-2.7573002721091964,0.21490266137787917,-2.761023449994231,0.211175364164575,0.0,0.0,Vmag_get_voltage_magnitude_series__angle_get_voltage_angle_series,true,Unknown,Ybus EMT reconstruction using exact complex bus-voltage phasors when available; otherwise diagnostic fallback
4.99,0.0037169325130128605,0.0037263785969808283,0.0037169325130128605,0.0037263785969808283,0.0037169325130128605,0.0037263785969808283,-2.757306517481218,0.21490174276155583,-2.761023449994231,0.211175364164575,0.0,0.0,Vmag_get_voltage_magnitude_series__angle_get_voltage_angle_series,true,Unknown,Ybus EMT reconstruction using exact complex bus-voltage phasors when available; otherwise diagnostic fallback
5.0,0.0037107288066864363,0.0037254639688999447,0.0037107288066864363,0.0037254639688999447,0.0037107288066864363,0.0037254639688999447,-2.7573127211875446,0.21490082813347494,-2.761023449994231,0.211175364164575,0.0,0.0,Vmag_get_voltage_magnitude_series__angle_get_voltage_angle_series,true,Unknown,Ybus EMT reconstruction using exact complex bus-voltage phasors when available; otherwise diagnostic fallback
5.01,0.0037045668740738336,0.0037245533495401384,0.0037045668740738336,0.0037245533495401384,0.0037045668740738336,0.0037245533495401384,-2.757318883120157,0.21489991751411514,-2.761023449994231,0.211175364164575,0.0,0.0,Vmag_get_voltage_magnitude_series__angle_get_voltage_angle_series,true,Unknown,Ybus EMT reconstruction using exact complex bus-voltage phasors when available; otherwise diagnostic fallback
5.02,0.003698446819937473,0.003723646759495658,0.003698446819937473,0.003723646759495658,0.003698446819937473,0.003723646759495658,-2.7573250031742935,0.21489901092407065,-2.761023449994231,0.211175364164575,0.0,0.0,Vmag_get_voltage_magnitude_series__angle_get_voltage_angle_series,true,Unknown,Ybus EMT reconstruction using exact complex bus-voltage phasors when available; otherwise diagnostic fallback
5.03,0.0036923687458854104,0.003722744219797791,0.0036923687458854104,0.003722744219797791,0.0036923687458854104,0.003722744219797791,-2.7573310812483456,0.2148981083843728,-2.761023449994231,0.211175364164575,0.0,0.0,Vmag_get_voltage_magnitude_series__angle_get_voltage_angle_series,true,Unknown,Ybus EMT reconstruction using exact complex bus-voltage phasors when available; otherwise diagnostic fallback
5.04,0.0036863327502389964,0.0037218457511385417,0.0036863327502389964,0.0037218457511385417,0.0036863327502389964,0.0037218457511385417,-2.757337117243992,0.21489720991571354,-2.761023449994231,0.211175364164575,0.0,0.0,Vmag_get_voltage_magnitude_series__angle_get_voltage_angle_series,true,Unknown,Ybus EMT reconstruction using exact complex bus-voltage phasors when available; otherwise diagnostic fallback
5.05,0.0036803389279702614,0.0037209513744140277,0.0036803389279702614,0.0037209513744140277,0.0036803389279702614,0.0037209513744140277,-2.7573431110662607,0.21489631553898902,-2.761023449994231,0.211175364164575,0.0,0.0,Vmag_get_voltage_magnitude_series__angle_get_voltage_angle_series,true,Unknown,Ybus EMT reconstruction using exact complex bus-voltage phasors when available; otherwise diagnostic fallback
5.06,0.003674387371011445,0.0037200611105633885,0.003674387371011445,0.0037200611105633885,0.003674387371011445,0.0037200611105633885,-2.7573490626232195,0.21489542527513839,-2.761023449994231,0.211175364164575,0.0,0.0,Vmag_get_voltage_magnitude_series__angle_get_voltage_angle_series,true,Unknown,Ybus EMT reconstruction using exact complex bus-voltage phasors when available; otherwise diagnostic fallback
5.07,0.0036684781676434852,0.0037191749803465735,0.0036684781676434852,0.0037191749803465735,0.0036684781676434852,0.0037191749803465735,-2.7573549718265875,0.21489453914492157,-2.761023449994231,0.211175364164575,0.0,0.0,Vmag_get_voltage_magnitude_series__angle_get_voltage_angle_series,true,Unknown,Ybus EMT reconstruction using exact complex bus-voltage phasors when available; otherwise diagnostic fallback
5.08,0.003662611403144389,0.0037182930044600826,0.003662611403144389,0.0037182930044600826,0.003662611403144389,0.0037182930044600826,-2.7573608385910866,0.21489365716903508,-2.761023449994231,0.211175364164575,0.0,0.0,Vmag_get_voltage_magnitude_series__angle_get_voltage_angle_series,true,Unknown,Ybus EMT reconstruction using exact complex bus-voltage phasors when available; otherwise diagnostic fallback
5.09,0.0036567871592674273,0.0037174152035270303,0.0036567871592674273,0.0037174152035270303,0.0036567871592674273,0.0037174152035270303,-2.7573666628349636,0.21489277936810203,-2.761023449994231,0.211175364164575,0.0,0.0,Vmag_get_voltage_magnitude_series__angle_get_voltage_angle_series,true,Unknown,Ybus EMT reconstruction using exact complex bus-voltage phasors when available; otherwise diagnostic fallback
5.1,0.003651005514471617,0.003716541598094203,0.003651005514471617,0.003716541598094203,0.003651005514471617,0.003716541598094203,-2.7573724444797594,0.2148919057626692,-2.761023449994231,0.211175364164575,0.0,0.0,Vmag_get_voltage_magnitude_series__angle_get_voltage_angle_series,true,Unknown,Ybus EMT reconstruction using exact complex bus-voltage phasors when available; otherwise diagnostic fallback
5.11,0.0036452665437738396,0.003715672208298715,0.0036452665437738396,0.003715672208298715,0.0036452665437738396,0.003715672208298715,-2.757378183450457,0.2148910363728737,-2.761023449994231,0.211175364164575,0.0,0.0,Vmag_get_voltage_magnitude_series__angle_get_voltage_angle_series,true,Unknown,Ybus EMT reconstruction using exact complex bus-voltage phasors when available; otherwise diagnostic fallback
5.12,0.0036395703189286976,0.00371480705400562,0.0036395703189286976,0.00371480705400562,0.0036395703189286976,0.00371480705400562,-2.7573838796753023,0.21489017121858062,-2.761023449994231,0.211175364164575,0.0,0.0,Vmag_get_voltage_magnitude_series__angle_get_voltage_angle_series,true,Unknown,Ybus EMT reconstruction using exact complex bus-voltage phasors when available; otherwise diagnostic fallback
5.13,0.0036339169079933065,0.003713946155037784,0.0036339169079933065,0.003713946155037784,0.0036339169079933065,0.003713946155037784,-2.7573895330862377,0.21488931031961278,-2.761023449994231,0.211175364164575,0.0,0.0,Vmag_get_voltage_magnitude_series__angle_get_voltage_angle_series,true,Unknown,Ybus EMT reconstruction using exact complex bus-voltage phasors when available; otherwise diagnostic fallback
5.14,0.0036283063758291156,0.003713089530774538,0.0036283063758291156,0.003713089530774538,0.0036283063758291156,0.003713089530774538,-2.757395143618402,0.21488845369534953,-2.761023449994231,0.211175364164575,0.0,0.0,Vmag_get_voltage_magnitude_series__angle_get_voltage_angle_series,true,Unknown,Ybus EMT reconstruction using exact complex bus-voltage phasors when available; otherwise diagnostic fallback
5.15,0.0036227387837377556,0.0037122372001052173,0.0036227387837377556,0.0037122372001052173,0.0036227387837377556,0.0037122372001052173,-2.7574007112104932,0.21488760136468021,-2.761023449994231,0.211175364164575,0.0,0.0,Vmag_get_voltage_magnitude_series__angle_get_voltage_angle_series,true,Unknown,Ybus EMT reconstruction using exact complex bus-voltage phasors when available; otherwise diagnostic fallback
5.16,0.003617214189507223,0.003711389181830116,0.003617214189507223,0.003711389181830116,0.003617214189507223,0.003711389181830116,-2.7574062358047238,0.2148867533464051,-2.761023449994231,0.211175364164575,0.0,0.0,Vmag_get_voltage_magnitude_series__angle_get_voltage_angle_series,true,Unknown,Ybus EMT reconstruction using exact complex bus-voltage phasors when available; otherwise diagnostic fallback
5.17,0.003611732647485155,0.0037105454940807303,0.003611732647485155,0.0037105454940807303,0.003611732647485155,0.0037105454940807303,-2.757411717346746,0.21488590965865573,-2.761023449994231,0.211175364164575,0.0,0.0,Vmag_get_voltage_magnitude_series__angle_get_voltage_angle_series,true,Unknown,Ybus EMT reconstruction using exact complex bus-voltage phasors when available; otherwise diagnostic fallback
5.18,0.0036062942085268723,0.003709706154566672,0.0036062942085268723,0.003709706154566672,0.0036062942085268723,0.003709706154566672,-2.757417155785704,0.21488507031914167,-2.761023449994231,0.211175364164575,0.0,0.0,Vmag_get_voltage_magnitude_series__angle_get_voltage_angle_series,true,Unknown,Ybus EMT reconstruction using exact complex bus-voltage phasors when available; otherwise diagnostic fallback
5.19,0.0036008989199198815,0.003708871180735762,0.0036008989199198815,0.003708871180735762,0.0036008989199198815,0.003708871180735762,-2.757422551074311,0.21488423534531076,-2.761023449994231,0.211175364164575,0.0,0.0,Vmag_get_voltage_magnitude_series__angle_get_voltage_angle_series,true,Unknown,Ybus EMT reconstruction using exact complex bus-voltage phasors when available; otherwise diagnostic fallback
5.2,0.003595546825546858,0.0037080405894390767,0.003595546825546858,0.0037080405894390767,0.003595546825546858,0.0037080405894390767,-2.757427903168684,0.21488340475401407,-2.761023449994231,0.211175364164575,0.0,0.0,Vmag_get_voltage_magnitude_series__angle_get_voltage_angle_series,true,Unknown,Ybus EMT reconstruction using exact complex bus-voltage phasors when available; otherwise diagnostic fallback
5.21,0.0035902379656280736,0.0037072143968907567,0.0035902379656280736,0.0037072143968907567,0.0035902379656280736,0.0037072143968907567,-2.757433212028603,0.21488257856146575,-2.761023449994231,0.211175364164575,0.0,0.0,Vmag_get_voltage_magnitude_series__angle_get_voltage_angle_series,true,Unknown,Ybus EMT reconstruction using exact complex bus-voltage phasors when available; otherwise diagnostic fallback
5.22,0.003584972376981188,0.003706392618916865,0.003584972376981188,0.003706392618916865,0.003584972376981188,0.003706392618916865,-2.75743847761725,0.21488175678349186,-2.761023449994231,0.211175364164575,0.0,0.0,Vmag_get_voltage_magnitude_series__angle_get_voltage_angle_series,true,Unknown,Ybus EMT reconstruction using exact complex bus-voltage phasors when available; otherwise diagnostic fallback
5.23,0.0035797500928689274,0.0037055752708652356,0.0035797500928689274,0.0037055752708652356,0.0035797500928689274,0.0037055752708652356,-2.757443699901362,0.21488093943544023,-2.761023449994231,0.211175364164575,0.0,0.0,Vmag_get_voltage_magnitude_series__angle_get_voltage_angle_series,true,Unknown,Ybus EMT reconstruction using exact complex bus-voltage phasors when available; otherwise diagnostic fallback
5.24,0.0035745711430239524,0.00370476236747036,0.0035745711430239524,0.00370476236747036,0.0035745711430239524,0.00370476236747036,-2.757448878851207,0.21488012653204536,-2.761023449994231,0.211175364164575,0.0,0.0,Vmag_get_voltage_magnitude_series__angle_get_voltage_angle_series,true,Unknown,Ybus EMT reconstruction using exact complex bus-voltage phasors when available; otherwise diagnostic fallback
5.25,0.00356943555370437,0.003703953922842229,0.00356943555370437,0.003703953922842229,0.00356943555370437,0.003703953922842229,-2.7574540144405266,0.21487931808741723,-2.761023449994231,0.211175364164575,0.0,0.0,Vmag_get_voltage_magnitude_series__angle_get_voltage_angle_series,true,Unknown,Ybus EMT reconstruction using exact complex bus-voltage phasors when available; otherwise diagnostic fallback
5.26,0.0035643433477443587,0.0037031499505353893,0.0035643433477443587,0.0037031499505353893,0.0035643433477443587,0.0037031499505353893,-2.7574591066464866,0.2148785141151104,-2.761023449994231,0.211175364164575,0.0,0.0,Vmag_get_voltage_magnitude_series__angle_get_voltage_angle_series,true,Unknown,Ybus EMT reconstruction using exact complex bus-voltage phasors when available; otherwise diagnostic fallback
5.27,0.0035592945443929658,0.003702350463862414,0.0035592945443929658,0.003702350463862414,0.0035592945443929658,0.003702350463862414,-2.757464155449838,0.2148777146284374,-2.761023449994231,0.211175364164575,0.0,0.0,Vmag_get_voltage_magnitude_series__angle_get_voltage_angle_series,true,Unknown,Ybus EMT reconstruction using exact complex bus-voltage phasors when available; otherwise diagnostic fallback
5.28,0.003554289159489965,0.0037015554750159385,0.003554289159489965,0.0037015554750159385,0.003554289159489965,0.0037015554750159385,-2.757469160834741,0.21487691963959094,-2.761023449994231,0.211175364164575,0.0,0.0,Vmag_get_voltage_magnitude_series__angle_get_voltage_angle_series,true,Unknown,Ybus EMT reconstruction using exact complex bus-voltage phasors when available; otherwise diagnostic fallback
5.29,0.0035493272055107106,0.0037007649960693056,0.0035493272055107106,0.0037007649960693056,0.0035493272055107106,0.0037007649960693056,-2.7574741227887203,0.2148761291606443,-2.761023449994231,0.211175364164575,0.0,0.0,Vmag_get_voltage_magnitude_series__angle_get_voltage_angle_series,true,Unknown,Ybus EMT reconstruction using exact complex bus-voltage phasors when available; otherwise diagnostic fallback
5.3,0.0035444086914360184,0.0036999790384287246,0.0035444086914360184,0.0036999790384287246,0.0035444086914360184,0.0036999790384287246,-2.757479041302795,0.21487534320300372,-2.761023449994231,0.211175364164575,0.0,0.0,Vmag_get_voltage_magnitude_series__angle_get_voltage_angle_series,true,Unknown,Ybus EMT reconstruction using exact complex bus-voltage phasors when available; otherwise diagnostic fallback
5.31,0.003539533622878732,0.003699197612735572,0.003539533622878732,0.003699197612735572,0.003539533622878732,0.003699197612735572,-2.7574839163713523,0.21487456177731057,-2.761023449994231,0.211175364164575,0.0,0.0,Vmag_get_voltage_magnitude_series__angle_get_voltage_angle_series,true,Unknown,Ybus EMT reconstruction using exact complex bus-voltage phasors when available; otherwise diagnostic fallback
5.32,0.0035347020021521125,0.0036984207294368243,0.0035347020021521125,0.0036984207294368243,0.0035347020021521125,0.0036984207294368243,-2.757488747992079,0.21487378489401182,-2.761023449994231,0.211175364164575,0.0,0.0,Vmag_get_voltage_magnitude_series__angle_get_voltage_angle_series,true,Unknown,Ybus EMT reconstruction using exact complex bus-voltage phasors when available; otherwise diagnostic fallback
5.33,0.003529913828189013,0.003697648398151121,0.003529913828189013,0.003697648398151121,0.003529913828189013,0.003697648398151121,-2.757493536166042,0.21487301256272612,-2.761023449994231,0.211175364164575,0.0,0.0,Vmag_get_voltage_magnitude_series__angle_get_voltage_angle_series,true,Unknown,Ybus EMT reconstruction using exact complex bus-voltage phasors when available; otherwise diagnostic fallback
5.34,0.0035251690966568994,0.0036968806280721633,0.0035251690966568994,0.0036968806280721633,0.0035251690966568994,0.0036968806280721633,-2.757498280897574,0.21487224479264716,-2.761023449994231,0.211175364164575,0.0,0.0,Vmag_get_voltage_magnitude_series__angle_get_voltage_angle_series,true,Unknown,Ybus EMT reconstruction using exact complex bus-voltage phasors when available; otherwise diagnostic fallback
5.35,0.003520467799912552,0.003696117427955836,0.003520467799912552,0.003696117427955836,0.003520467799912552,0.003696117427955836,-2.7575029821943184,0.21487148159253083,-2.761023449994231,0.211175364164575,0.0,0.0,Vmag_get_voltage_magnitude_series__angle_get_voltage_angle_series,true,Unknown,Ybus EMT reconstruction using exact complex bus-voltage phasors when available; otherwise diagnostic fallback
5.36,0.0035158099272623033,0.0036953588059348563,0.0035158099272623033,0.0036953588059348563,0.0035158099272623033,0.0036953588059348563,-2.7575076400669687,0.21487072297050985,-2.761023449994231,0.211175364164575,0.0,0.0,Vmag_get_voltage_magnitude_series__angle_get_voltage_angle_series,true,Unknown,Ybus EMT reconstruction using exact complex bus-voltage phasors when available; otherwise diagnostic fallback
5.37,0.003511195464553918,0.0036946047696821416,0.003511195464553918,0.0036946047696821416,0.003511195464553918,0.0036946047696821416,-2.757512254529677,0.21486996893425714,-2.761023449994231,0.211175364164575,0.0,0.0,Vmag_get_voltage_magnitude_series__angle_get_voltage_angle_series,true,Unknown,Ybus EMT reconstruction using exact complex bus-voltage phasors when available; otherwise diagnostic fallback
5.38,0.003506624394759683,0.0036938553263879403,0.003506624394759683,0.0036938553263879403,0.003506624394759683,0.0036938553263879403,-2.7575168255994713,0.21486921949096294,-2.761023449994231,0.211175364164575,0.0,0.0,Vmag_get_voltage_magnitude_series__angle_get_voltage_angle_series,true,Unknown,Ybus EMT reconstruction using exact complex bus-voltage phasors when available; otherwise diagnostic fallback
5.39,0.0035020966976304635,0.003693110482893336,0.0035020966976304635,0.003693110482893336,0.0035020966976304635,0.003693110482893336,-2.7575213532966005,0.21486847464746833,-2.761023449994231,0.211175364164575,0.0,0.0,Vmag_get_voltage_magnitude_series__angle_get_voltage_angle_series,true,Unknown,Ybus EMT reconstruction using exact complex bus-voltage phasors when available; otherwise diagnostic fallback
5.4,0.0034976123498133838,0.0036923702455839424,0.0034976123498133838,0.0036923702455839424,0.0034976123498133838,0.0036923702455839424,-2.7575258376444176,0.21486773441015894,-2.761023449994231,0.211175364164575,0.0,0.0,Vmag_get_voltage_magnitude_series__angle_get_voltage_angle_series,true,Unknown,Ybus EMT reconstruction using exact complex bus-voltage phasors when available; otherwise diagnostic fallback
5.41,0.003493171325029021,0.0036916346203861305,0.003493171325029021,0.0036916346203861305,0.003493171325029021,0.0036916346203861305,-2.757530278669202,0.21486699878496113,-2.761023449994231,0.211175364164575,0.0,0.0,Vmag_get_voltage_magnitude_series__angle_get_voltage_angle_series,true,Unknown,Ybus EMT reconstruction using exact complex bus-voltage phasors when available; otherwise diagnostic fallback
5.42,0.003488773593962158,0.0036909036125761796,0.003488773593962158,0.0036909036125761796,0.003488773593962158,0.0036909036125761796,-2.757534676400269,0.21486626777715118,-2.761023449994231,0.211175364164575,0.0,0.0,Vmag_get_voltage_magnitude_series__angle_get_voltage_angle_series,true,Unknown,Ybus EMT reconstruction using exact complex bus-voltage phasors when available; otherwise diagnostic fallback
5.43,0.0034844191243927902,0.003690177227553826,0.0034844191243927902,0.003690177227553826,0.0034844191243927902,0.003690177227553826,-2.757539030869838,0.21486554139212882,-2.761023449994231,0.211175364164575,0.0,0.0,Vmag_get_voltage_magnitude_series__angle_get_voltage_angle_series,true,Unknown,Ybus EMT reconstruction using exact complex bus-voltage phasors when available; otherwise diagnostic fallback
5.44,0.0034801078812334296,0.0036894554698737037,0.0034801078812334296,0.0036894554698737037,0.0034801078812334296,0.0036894554698737037,-2.7575433421129976,0.2148648196344487,-2.761023449994231,0.211175364164575,0.0,0.0,Vmag_get_voltage_magnitude_series__angle_get_voltage_angle_series,true,Unknown,Ybus EMT reconstruction using exact complex bus-voltage phasors when available; otherwise diagnostic fallback
5.45,0.003475839826450944,0.0036887383441928656,0.003475839826450944,0.0036887383441928656,0.003475839826450944,0.0036887383441928656,-2.75754761016778,0.21486410250876786,-2.761023449994231,0.211175364164575,0.0,0.0,Vmag_get_voltage_magnitude_series__angle_get_voltage_angle_series,true,Unknown,Ybus EMT reconstruction using exact complex bus-voltage phasors when available; otherwise diagnostic fallback
5.46,0.003471614919336563,0.003688025854417798,0.003471614919336563,0.003688025854417798,0.003471614919336563,0.003688025854417798,-2.7575518350748944,0.2148633900189928,-2.761023449994231,0.211175364164575,0.0,0.0,Vmag_get_voltage_magnitude_series__angle_get_voltage_angle_series,true,Unknown,Ybus EMT reconstruction using exact complex bus-voltage phasors when available; otherwise diagnostic fallback
5.47,0.003467433116314922,0.003687318004323481,0.003467433116314922,0.003687318004323481,0.003467433116314922,0.003687318004323481,-2.757556016877916,0.21486268216889848,-2.761023449994231,0.211175364164575,0.0,0.0,Vmag_get_voltage_magnitude_series__angle_get_voltage_angle_series,true,Unknown,Ybus EMT reconstruction using exact complex bus-voltage phasors when available; otherwise diagnostic fallback
5.48,0.0034632943711767616,0.003686614797390686,0.0034632943711767616,0.003686614797390686,0.0034632943711767616,0.003686614797390686,-2.7575601556230542,0.21486197896196568,-2.761023449994231,0.211175364164575,0.0,0.0,Vmag_get_voltage_magnitude_series__angle_get_voltage_angle_series,true,Unknown,Ybus EMT reconstruction using exact complex bus-voltage phasors when available; otherwise diagnostic fallback
5.49,0.003459198634990557,0.003685916236932041,0.003459198634990557,0.003685916236932041,0.003459198634990557,0.003685916236932041,-2.7575642513592404,0.21486128040150704,-2.761023449994231,0.211175364164575,0.0,0.0,Vmag_get_voltage_magnitude_series__angle_get_voltage_angle_series,true,Unknown,Ybus EMT reconstruction using exact complex bus-voltage phasors when available; otherwise diagnostic fallback
5.5,0.003455145856201547,0.0036852223257424765,0.003455145856201547,0.0036852223257424765,0.003455145856201547,0.0036852223257424765,-2.7575683041380294,0.21486058649031747,-2.761023449994231,0.211175364164575,0.0,0.0,Vmag_get_voltage_magnitude_series__angle_get_voltage_angle_series,true,Unknown,Ybus EMT reconstruction using exact complex bus-voltage phasors when available; otherwise diagnostic fallback
5.51,0.0034511359806179698,0.0036845330665826737,0.0034511359806179698,0.0036845330665826737,0.0034511359806179698,0.0036845330665826737,-2.757572314013613,0.21485989723115767,-2.761023449994231,0.211175364164575,0.0,0.0,Vmag_get_voltage_magnitude_series__angle_get_voltage_angle_series,true,Unknown,Ybus EMT reconstruction using exact complex bus-voltage phasors when available; otherwise diagnostic fallback
5.52,0.0034471689515545023,0.0036838484618805234,0.0034471689515545023,0.0036838484618805234,0.0034471689515545023,0.0036838484618805234,-2.7575762810426765,0.21485921262645552,-2.761023449994231,0.211175364164575,0.0,0.0,Vmag_get_voltage_magnitude_series__angle_get_voltage_angle_series,true,Unknown,Ybus EMT reconstruction using exact complex bus-voltage phasors when available; otherwise diagnostic fallback
5.53,0.00344324470983004,0.0036831685137045933,0.00344324470983004,0.0036831685137045933,0.00344324470983004,0.0036831685137045933,-2.757580205284401,0.2148585326782796,-2.761023449994231,0.211175364164575,0.0,0.0,Vmag_get_voltage_magnitude_series__angle_get_voltage_angle_series,true,Unknown,Ybus EMT reconstruction using exact complex bus-voltage phasors when available; otherwise diagnostic fallback
5.54,0.0034393631936993074,0.0036824932242300323,0.0034393631936993074,0.0036824932242300323,0.0034393631936993074,0.0036824932242300323,-2.7575840868005317,0.21485785738880503,-2.761023449994231,0.211175364164575,0.0,0.0,Vmag_get_voltage_magnitude_series__angle_get_voltage_angle_series,true,Unknown,Ybus EMT reconstruction using exact complex bus-voltage phasors when available; otherwise diagnostic fallback
5.55,0.003435524339023388,0.0036818225952564565,0.003435524339023388,0.0036818225952564565,0.003435524339023388,0.0036818225952564565,-2.7575879256552076,0.21485718675983145,-2.761023449994231,0.211175364164575,0.0,0.0,Vmag_get_voltage_magnitude_series__angle_get_voltage_angle_series,true,Unknown,Ybus EMT reconstruction using exact complex bus-voltage phasors when available; otherwise diagnostic fallback
5.56,0.003431728079230645,0.0036811566281998442,0.003431728079230645,0.0036811566281998442,0.003431728079230645,0.0036811566281998442,-2.7575917219150003,0.21485652079277484,-2.761023449994231,0.211175364164575,0.0,0.0,Vmag_get_voltage_magnitude_series__angle_get_voltage_angle_series,true,Unknown,Ybus EMT reconstruction using exact complex bus-voltage phasors when available; otherwise diagnostic fallback
5.57,0.0034279743454250777,0.0036804953245413996,0.0034279743454250777,0.0036804953245413996,0.0034279743454250777,0.0036804953245413996,-2.757595475648806,0.2148558594891164,-2.761023449994231,0.211175364164575,0.0,0.0,Vmag_get_voltage_magnitude_series__angle_get_voltage_angle_series,true,Unknown,Ybus EMT reconstruction using exact complex bus-voltage phasors when available; otherwise diagnostic fallback
5.58,0.0034242630663499085,0.003679838685505865,0.0034242630663499085,0.003679838685505865,0.0034242630663499085,0.003679838685505865,-2.757599186927881,0.21485520285008086,-2.761023449994231,0.211175364164575,0.0,0.0,Vmag_get_voltage_magnitude_series__angle_get_voltage_angle_series,true,Unknown,Ybus EMT reconstruction using exact complex bus-voltage phasors when available; otherwise diagnostic fallback
5.59,0.003420594168335178,0.0036791867121400146,0.003420594168335178,0.0036791867121400146,0.003420594168335178,0.0036791867121400146,-2.757602855825896,0.214854550876715,-2.761023449994231,0.211175364164575,0.0,0.0,Vmag_get_voltage_magnitude_series__angle_get_voltage_angle_series,true,Unknown,Ybus EMT reconstruction using exact complex bus-voltage phasors when available; otherwise diagnostic fallback
5.6,0.0034169675755957307,0.003678539405419179,0.0034169675755957307,0.003678539405419179,0.0034169675755957307,0.003678539405419179,-2.7576064824186353,0.21485390356999418,-2.761023449994231,0.211175364164575,0.0,0.0,Vmag_get_voltage_magnitude_series__angle_get_voltage_angle_series,true,Unknown,Ybus EMT reconstruction using exact complex bus-voltage phasors when available; otherwise diagnostic fallback
5.61,0.0034133832100091688,0.003677896765836408,0.0034133832100091688,0.003677896765836408,0.0034133832100091688,0.003677896765836408,-2.757610066784222,0.2148532609304114,-2.761023449994231,0.211175364164575,0.0,0.0,Vmag_get_voltage_magnitude_series__angle_get_voltage_angle_series,true,Unknown,Ybus EMT reconstruction using exact complex bus-voltage phasors when available; otherwise diagnostic fallback
5.62,0.003409840991197566,0.003677258794093974,0.003409840991197566,0.003677258794093974,0.003409840991197566,0.003677258794093974,-2.7576136090030334,0.21485262295866897,-2.761023449994231,0.211175364164575,0.0,0.0,Vmag_get_voltage_magnitude_series__angle_get_voltage_angle_series,true,Unknown,Ybus EMT reconstruction using exact complex bus-voltage phasors when available; otherwise diagnostic fallback
5.63,0.0034063408366638015,0.0036766254905039597,0.0034063408366638015,0.0036766254905039597,0.0034063408366638015,0.0036766254905039597,-2.757617109157567,0.21485198965507896,-2.761023449994231,0.211175364164575,0.0,0.0,Vmag_get_voltage_magnitude_series__angle_get_voltage_angle_series,true,Unknown,Ybus EMT reconstruction using exact complex bus-voltage phasors when available; otherwise diagnostic fallback
5.64,0.003402882661707185,0.0036759968552388944,0.003402882661707185,0.0036759968552388944,0.003402882661707185,0.0036759968552388944,-2.757620567332524,0.2148513610198139,-2.761023449994231,0.211175364164575,0.0,0.0,Vmag_get_voltage_magnitude_series__angle_get_voltage_angle_series,true,Unknown,Ybus EMT reconstruction using exact complex bus-voltage phasors when available; otherwise diagnostic fallback
5.65,0.003399466379454097,0.003675372888395312,0.003399466379454097,0.003675372888395312,0.003399466379454097,0.003675372888395312,-2.757623983614777,0.2148507370529703,-2.761023449994231,0.211175364164575,0.0,0.0,Vmag_get_voltage_magnitude_series__angle_get_voltage_angle_series,true,Unknown,Ybus EMT reconstruction using exact complex bus-voltage phasors when available; otherwise diagnostic fallback
5.66,0.0033960919009095036,0.003674753589950619,0.0033960919009095036,0.003674753589950619,0.0033960919009095036,0.003674753589950619,-2.7576273580933215,0.21485011775452562,-2.761023449994231,0.211175364164575,0.0,0.0,Vmag_get_voltage_magnitude_series__angle_get_voltage_angle_series,true,Unknown,Ybus EMT reconstruction using exact complex bus-voltage phasors when available; otherwise diagnostic fallback
5.67,0.0033927591350129127,0.003674138959417428,0.0033927591350129127,0.003674138959417428,0.0033927591350129127,0.003674138959417428,-2.757630690859218,0.21484950312399242,-2.761023449994231,0.211175364164575,0.0,0.0,Vmag_get_voltage_magnitude_series__angle_get_voltage_angle_series,true,Unknown,Ybus EMT reconstruction using exact complex bus-voltage phasors when available; otherwise diagnostic fallback
5.68,0.003389467988569095,0.003673528996458897,0.003389467988569095,0.003673528996458897,0.003389467988569095,0.003673528996458897,-2.757633982005662,0.2148488931610339,-2.761023449994231,0.211175364164575,0.0,0.0,Vmag_get_voltage_magnitude_series__angle_get_voltage_angle_series,true,Unknown,Ybus EMT reconstruction using exact complex bus-voltage phasors when available; otherwise diagnostic fallback
5.69,0.0033862183663813106,0.003672923700512143,0.0033862183663813106,0.003672923700512143,0.0033862183663813106,0.003672923700512143,-2.7576372316278497,0.21484828786508714,-2.761023449994231,0.211175364164575,0.0,0.0,Vmag_get_voltage_magnitude_series__angle_get_voltage_angle_series,true,Unknown,Ybus EMT reconstruction using exact complex bus-voltage phasors when available; otherwise diagnostic fallback
5.7,0.0033830101711824767,0.003672323070667005,0.0033830101711824767,0.003672323070667005,0.0033830101711824767,0.003672323070667005,-2.7576404398230485,0.214847687235242,-2.761023449994231,0.211175364164575,0.0,0.0,Vmag_get_voltage_magnitude_series__angle_get_voltage_angle_series,true,Unknown,Ybus EMT reconstruction using exact complex bus-voltage phasors when available; otherwise diagnostic fallback
5.71,0.0033798433036467124,0.0036717271060305867,0.0033798433036467124,0.0036717271060305867,0.0033798433036467124,0.0036717271060305867,-2.7576436066905843,0.21484709127060558,-2.761023449994231,0.211175364164575,0.0,0.0,Vmag_get_voltage_magnitude_series__angle_get_voltage_angle_series,true,Unknown,Ybus EMT reconstruction using exact complex bus-voltage phasors when available; otherwise diagnostic fallback
5.72,0.0033767176625070228,0.003671135805340342,0.0033767176625070228,0.003671135805340342,0.0033767176625070228,0.003671135805340342,-2.757646732331724,0.21484649996991534,-2.761023449994231,0.211175364164575,0.0,0.0,Vmag_get_voltage_magnitude_series__angle_get_voltage_angle_series,true,Unknown,Ybus EMT reconstruction using exact complex bus-voltage phasors when available; otherwise diagnostic fallback
5.73,0.00337363314443051,0.0036705491673872936,0.00337363314443051,0.0036705491673872936,0.00337363314443051,0.0036705491673872936,-2.7576498168498005,0.2148459133319623,-2.761023449994231,0.211175364164575,0.0,0.0,Vmag_get_voltage_magnitude_series__angle_get_voltage_angle_series,true,Unknown,Ybus EMT reconstruction using exact complex bus-voltage phasors when available; otherwise diagnostic fallback
5.74,0.0033705896441964533,0.003669967190557899,0.0033705896441964533,0.003669967190557899,0.0033705896441964533,0.003669967190557899,-2.7576528603500345,0.2148453313551329,-2.761023449994231,0.211175364164575,0.0,0.0,Vmag_get_voltage_magnitude_series__angle_get_voltage_angle_series,true,Unknown,Ybus EMT reconstruction using exact complex bus-voltage phasors when available; otherwise diagnostic fallback
5.75,0.0033675870546123754,0.003669389873091511,0.0033675870546123754,0.003669389873091511,0.0033675870546123754,0.003669389873091511,-2.7576558629396186,0.2148447540376665,-2.761023449994231,0.211175364164575,0.0,0.0,Vmag_get_voltage_magnitude_series__angle_get_voltage_angle_series,true,Unknown,Ybus EMT reconstruction using exact complex bus-voltage phasors when available; otherwise diagnostic fallback
5.76,0.003364625266558008,0.003668817212988007,0.003364625266558008,0.003668817212988007,0.003364625266558008,0.003668817212988007,-2.757658824727673,0.214844181377563,-2.761023449994231,0.211175364164575,0.0,0.0,Vmag_get_voltage_magnitude_series__angle_get_voltage_angle_series,true,Unknown,Ybus EMT reconstruction using exact complex bus-voltage phasors when available; otherwise diagnostic fallback
5.77,0.003361704168889812,0.003668249208340413,0.003361704168889812,0.003668249208340413,0.003361704168889812,0.003668249208340413,-2.757661745825341,0.2148436133729154,-2.761023449994231,0.211175364164575,0.0,0.0,Vmag_get_voltage_magnitude_series__angle_get_voltage_angle_series,true,Unknown,Ybus EMT reconstruction using exact complex bus-voltage phasors when available; otherwise diagnostic fallback
5.78,0.003358823648703435,0.0036676858564990145,0.003358823648703435,0.0036676858564990145,0.003358823648703435,0.0036676858564990145,-2.7576646263455276,0.214843050021074,-2.761023449994231,0.211175364164575,0.0,0.0,Vmag_get_voltage_magnitude_series__angle_get_voltage_angle_series,true,Unknown,Ybus EMT reconstruction using exact complex bus-voltage phasors when available; otherwise diagnostic fallback
5.79,0.003355983591088574,0.0036671271549409967,0.003355983591088574,0.0036671271549409967,0.003355983591088574,0.0036671271549409967,-2.7576674664031424,0.214842491319516,-2.761023449994231,0.211175364164575,0.0,0.0,Vmag_get_voltage_magnitude_series__angle_get_voltage_angle_series,true,Unknown,Ybus EMT reconstruction using exact complex bus-voltage phasors when available; otherwise diagnostic fallback
5.8,0.003353183879374999,0.003666573101021975,0.003353183879374999,0.003666573101021975,0.003353183879374999,0.003666573101021975,-2.757670266114856,0.21484193726559697,-2.761023449994231,0.211175364164575,0.0,0.0,Vmag_get_voltage_magnitude_series__angle_get_voltage_angle_series,true,Unknown,Ybus EMT reconstruction using exact complex bus-voltage phasors when available; otherwise diagnostic fallback
5.81,0.0033504243949655788,0.0036660236914681787,0.0033504243949655788,0.0036660236914681787,0.0033504243949655788,0.0036660236914681787,-2.7576730255992654,0.21484138785604318,-2.761023449994231,0.211175364164575,0.0,0.0,Vmag_get_voltage_magnitude_series__angle_get_voltage_angle_series,true,Unknown,Ybus EMT reconstruction using exact complex bus-voltage phasors when available; otherwise diagnostic fallback
5.82,0.003347705017433089,0.0036654789231884144,0.003347705017433089,0.0036654789231884144,0.003347705017433089,0.0036654789231884144,-2.757675744976798,0.2148408430877634,-2.761023449994231,0.211175364164575,0.0,0.0,Vmag_get_voltage_magnitude_series__angle_get_voltage_angle_series,true,Unknown,Ybus EMT reconstruction using exact complex bus-voltage phasors when available; otherwise diagnostic fallback
5.83,0.003345025624520215,0.0036649387925308252,0.003345025624520215,0.0036649387925308252,0.003345025624520215,0.0036649387925308252,-2.757678424369711,0.21484030295710582,-2.761023449994231,0.211175364164575,0.0,0.0,Vmag_get_voltage_magnitude_series__angle_get_voltage_angle_series,true,Unknown,Ybus EMT reconstruction using exact complex bus-voltage phasors when available; otherwise diagnostic fallback
5.84,0.003342386092244354,0.0036644032958397244,0.003342386092244354,0.0036644032958397244,0.003342386092244354,0.0036644032958397244,-2.7576810639019866,0.21483976746041472,-2.761023449994231,0.211175364164575,0.0,0.0,Vmag_get_voltage_magnitude_series__angle_get_voltage_angle_series,true,Unknown,Ybus EMT reconstruction using exact complex bus-voltage phasors when available; otherwise diagnostic fallback
5.85,0.003339786294689784,0.0036638724290090074,0.003339786294689784,0.0036638724290090074,0.003339786294689784,0.0036638724290090074,-2.757683663699541,0.214839236593584,-2.761023449994231,0.211175364164575,0.0,0.0,Vmag_get_voltage_magnitude_series__angle_get_voltage_angle_series,true,Unknown,Ybus EMT reconstruction using exact complex bus-voltage phasors when available; otherwise diagnostic fallback
5.86,0.003337226104290103,0.003663346187917249,0.003337226104290103,0.003663346187917249,0.003337226104290103,0.003663346187917249,-2.757686223889941,0.21483871035249225,-2.761023449994231,0.211175364164575,0.0,0.0,Vmag_get_voltage_magnitude_series__angle_get_voltage_angle_series,true,Unknown,Ybus EMT reconstruction using exact complex bus-voltage phasors when available; otherwise diagnostic fallback
5.87,0.003334705391685233,0.0036628245678649862,0.003334705391685233,0.0036628245678649862,0.003334705391685233,0.0036628245678649862,-2.7576887446025458,0.21483818873243998,-2.761023449994231,0.211175364164575,0.0,0.0,Vmag_get_voltage_magnitude_series__angle_get_voltage_angle_series,true,Unknown,Ybus EMT reconstruction using exact complex bus-voltage phasors when available; otherwise diagnostic fallback
5.88,0.003332224025781816,0.0036623075642011615,0.003332224025781816,0.0036623075642011615,0.003332224025781816,0.0036623075642011615,-2.757691225968449,0.21483767172877616,-2.761023449994231,0.211175364164575,0.0,0.0,Vmag_get_voltage_magnitude_series__angle_get_voltage_angle_series,true,Unknown,Ybus EMT reconstruction using exact complex bus-voltage phasors when available; otherwise diagnostic fallback
5.89,0.003329781873826043,0.003661795171894855,0.003329781873826043,0.003661795171894855,0.003329781873826043,0.003661795171894855,-2.757693668120405,0.21483715933646985,-2.761023449994231,0.211175364164575,0.0,0.0,Vmag_get_voltage_magnitude_series__angle_get_voltage_angle_series,true,Unknown,Ybus EMT reconstruction using exact complex bus-voltage phasors when available; otherwise diagnostic fallback
5.9,0.0033273788011984884,0.003661287385637646,0.0033273788011984884,0.003661287385637646,0.0033273788011984884,0.003661287385637646,-2.7576960711930325,0.21483665155021264,-2.761023449994231,0.211175364164575,0.0,0.0,Vmag_get_voltage_magnitude_series__angle_get_voltage_angle_series,true,Unknown,Ybus EMT reconstruction using exact complex bus-voltage phasors when available; otherwise diagnostic fallback
5.91,0.0033250146718146745,0.0036607841999340973,0.0033250146718146745,0.0036607841999340973,0.0033250146718146745,0.0036607841999340973,-2.7576984353224163,0.2148361483645091,-2.761023449994231,0.211175364164575,0.0,0.0,Vmag_get_voltage_magnitude_series__angle_get_voltage_angle_series,true,Unknown,Ybus EMT reconstruction using exact complex bus-voltage phasors when available; otherwise diagnostic fallback
5.92,0.0033226893477689146,0.0036602856088946423,0.0033226893477689146,0.0036602856088946423,0.0033226893477689146,0.0036602856088946423,-2.757700760646462,0.21483564977346964,-2.761023449994231,0.211175364164575,0.0,0.0,Vmag_get_voltage_magnitude_series__angle_get_voltage_angle_series,true,Unknown,Ybus EMT reconstruction using exact complex bus-voltage phasors when available; otherwise diagnostic fallback
5.93,0.0033204026896296313,0.0036597916065614355,0.0033204026896296313,0.0036597916065614355,0.0033204026896296313,0.0036597916065614355,-2.7577030473046014,0.21483515577113643,-2.761023449994231,0.211175364164575,0.0,0.0,Vmag_get_voltage_magnitude_series__angle_get_voltage_angle_series,true,Unknown,Ybus EMT reconstruction using exact complex bus-voltage phasors when available; otherwise diagnostic fallback
5.94,0.0033181545563198966,0.0036593021864832487,0.0033181545563198966,0.0036593021864832487,0.0033181545563198966,0.0036593021864832487,-2.757705295437911,0.21483466635105825,-2.761023449994231,0.211175364164575,0.0,0.0,Vmag_get_voltage_magnitude_series__angle_get_voltage_angle_series,true,Unknown,Ybus EMT reconstruction using exact complex bus-voltage phasors when available; otherwise diagnostic fallback
5.95,0.0033159448050699147,0.0036588173423323656,0.0033159448050699147,0.0036588173423323656,0.0033159448050699147,0.0036588173423323656,-2.757707505189161,0.21483418150690736,-2.761023449994231,0.211175364164575,0.0,0.0,Vmag_get_voltage_magnitude_series__angle_get_voltage_angle_series,true,Unknown,Ybus EMT reconstruction using exact complex bus-voltage phasors when available; otherwise diagnostic fallback
5.96,0.0033137732916963536,0.0036583370668556436,0.0033137732916963536,0.0036583370668556436,0.0033137732916963536,0.0036583370668556436,-2.7577096767025346,0.21483370123143064,-2.761023449994231,0.211175364164575,0.0,0.0,Vmag_get_voltage_magnitude_series__angle_get_voltage_angle_series,true,Unknown,Ybus EMT reconstruction using exact complex bus-voltage phasors when available; otherwise diagnostic fallback
5.97,0.003311639870352323,0.0036578613533705395,0.003311639870352323,0.0036578613533705395,0.003311639870352323,0.0036578613533705395,-2.7577118101238787,0.21483322551794554,-2.761023449994231,0.211175364164575,0.0,0.0,Vmag_get_voltage_magnitude_series__angle_get_voltage_angle_series,true,Unknown,Ybus EMT reconstruction using exact complex bus-voltage phasors when available; otherwise diagnostic fallback
5.98,0.0033095443937196656,0.003657390194325927,0.0033095443937196656,0.003657390194325927,0.0033095443937196656,0.003657390194325927,-2.7577139056005113,0.21483275435890092,-2.761023449994231,0.211175364164575,0.0,0.0,Vmag_get_voltage_magnitude_series__angle_get_voltage_angle_series,true,Unknown,Ybus EMT reconstruction using exact complex bus-voltage phasors when available; otherwise diagnostic fallback
5.99,0.003307486712900598,0.003656923582146976,0.003307486712900598,0.003656923582146976,0.003307486712900598,0.003656923582146976,-2.7577159632813304,0.21483228774672197,-2.761023449994231,0.211175364164575,0.0,0.0,Vmag_get_voltage_magnitude_series__angle_get_voltage_angle_series,true,Unknown,Ybus EMT reconstruction using exact complex bus-voltage phasors when available; otherwise diagnostic fallback
6.0,0.003305466677621105,0.0036564615089202945,0.003305466677621105,0.0036564615089202945,0.003305466677621105,0.0036564615089202945,-2.75771798331661,0.2148318256734953,-2.761023449994231,0.211175364164575,0.0,0.0,Vmag_get_voltage_magnitude_series__angle_get_voltage_angle_series,true,Unknown,Ybus EMT reconstruction using exact complex bus-voltage phasors when available; otherwise diagnostic fallback
6.01,0.003303484136053747,0.003656003966660548,0.003303484136053747,0.003656003966660548,0.003303484136053747,0.003656003966660548,-2.7577199658581772,0.21483136813123554,-2.761023449994231,0.211175364164575,0.0,0.0,Vmag_get_voltage_magnitude_series__angle_get_voltage_angle_series,true,Unknown,Ybus EMT reconstruction using exact complex bus-voltage phasors when available; otherwise diagnostic fallback
6.02,0.0033015389350223856,0.003655550947086472,0.0033015389350223856,0.003655550947086472,0.0033015389350223856,0.003655550947086472,-2.7577219110592086,0.21483091511166147,-2.761023449994231,0.211175364164575,0.0,0.0,Vmag_get_voltage_magnitude_series__angle_get_voltage_angle_series,true,Unknown,Ybus EMT reconstruction using exact complex bus-voltage phasors when available; otherwise diagnostic fallback
6.03,0.003299630919851637,0.0036551024414429034,0.003299630919851637,0.0036551024414429034,0.003299630919851637,0.0036551024414429034,-2.7577238190743794,0.2148304666060179,-2.761023449994231,0.211175364164575,0.0,0.0,Vmag_get_voltage_magnitude_series__angle_get_voltage_angle_series,true,Unknown,Ybus EMT reconstruction using exact complex bus-voltage phasors when available; otherwise diagnostic fallback
6.04,0.0032977599345183073,0.0036546584409979377,0.0032977599345183073,0.0036546584409979377,0.0032977599345183073,0.0036546584409979377,-2.7577256900597127,0.21483002260557293,-2.761023449994231,0.211175364164575,0.0,0.0,Vmag_get_voltage_magnitude_series__angle_get_voltage_angle_series,true,Unknown,Ybus EMT reconstruction using exact complex bus-voltage phasors when available; otherwise diagnostic fallback
6.05,0.003295925821642509,0.0036542189367276268,0.003295925821642509,0.0036542189367276268,0.003295925821642509,0.0036542189367276268,-2.7577275241725885,0.21482958310130262,-2.761023449994231,0.211175364164575,0.0,0.0,Vmag_get_voltage_magnitude_series__angle_get_voltage_angle_series,true,Unknown,Ybus EMT reconstruction using exact complex bus-voltage phasors when available; otherwise diagnostic fallback
6.06,0.0032941284225231904,0.003653783919433551,0.0032941284225231904,0.003653783919433551,0.0032941284225231904,0.003653783919433551,-2.757729321571708,0.21482914808400855,-2.761023449994231,0.211175364164575,0.0,0.0,Vmag_get_voltage_magnitude_series__angle_get_voltage_angle_series,true,Unknown,Ybus EMT reconstruction using exact complex bus-voltage phasors when available; otherwise diagnostic fallback
6.07,0.0032923675771199257,0.003653353379532265,0.0032923675771199257,0.003653353379532265,0.0032923675771199257,0.003653353379532265,-2.757731082417111,0.21482871754410726,-2.761023449994231,0.211175364164575,0.0,0.0,Vmag_get_voltage_magnitude_series__angle_get_voltage_angle_series,true,Unknown,Ybus EMT reconstruction using exact complex bus-voltage phasors when available; otherwise diagnostic fallback
6.08,0.003290643124074233,0.003652927307502163,0.003290643124074233,0.003652927307502163,0.003290643124074233,0.003652927307502163,-2.7577328068701568,0.21482829147207716,-2.761023449994231,0.211175364164575,0.0,0.0,Vmag_get_voltage_magnitude_series__angle_get_voltage_angle_series,true,Unknown,Ybus EMT reconstruction using exact complex bus-voltage phasors when available; otherwise diagnostic fallback
6.09,0.003288954900844576,0.003652505693211683,0.003288954900844576,0.003652505693211683,0.003288954900844576,0.003652505693211683,-2.7577344950933864,0.21482786985778668,-2.761023449994231,0.211175364164575,0.0,0.0,Vmag_get_voltage_magnitude_series__angle_get_voltage_angle_series,true,Unknown,Ybus EMT reconstruction using exact complex bus-voltage phasors when available; otherwise diagnostic fallback
6.1,0.0032873027436126634,0.003652088526603481,0.0032873027436126634,0.003652088526603481,0.0032873027436126634,0.003652088526603481,-2.7577361472506183,0.21482745269117848,-2.761023449994231,0.211175364164575,0.0,0.0,Vmag_get_voltage_magnitude_series__angle_get_voltage_angle_series,true,Unknown,Ybus EMT reconstruction using exact complex bus-voltage phasors when available; otherwise diagnostic fallback
6.11,0.0032856864872874425,0.0036516757974678904,0.0032856864872874425,0.0036516757974678904,0.0032856864872874425,0.0036516757974678904,-2.7577377635069436,0.2148270399620429,-2.761023449994231,0.211175364164575,0.0,0.0,Vmag_get_voltage_magnitude_series__angle_get_voltage_angle_series,true,Unknown,Ybus EMT reconstruction using exact complex bus-voltage phasors when available; otherwise diagnostic fallback
6.12,0.003284105965694728,0.0036512674952100532,0.003284105965694728,0.0036512674952100532,0.003284105965694728,0.0036512674952100532,-2.7577393440285363,0.21482663165978505,-2.761023449994231,0.211175364164575,0.0,0.0,Vmag_get_voltage_magnitude_series__angle_get_voltage_angle_series,true,Unknown,Ybus EMT reconstruction using exact complex bus-voltage phasors when available; otherwise diagnostic fallback
6.13,0.0032825610114368686,0.003650863609068966,0.0032825610114368686,0.003650863609068966,0.0032825610114368686,0.003650863609068966,-2.757740888982794,0.21482622777364396,-2.761023449994231,0.211175364164575,0.0,0.0,Vmag_get_voltage_magnitude_series__angle_get_voltage_angle_series,true,Unknown,Ybus EMT reconstruction using exact complex bus-voltage phasors when available; otherwise diagnostic fallback
6.14,0.0032810514559797888,0.0036504641283657824,0.0032810514559797888,0.0036504641283657824,0.0032810514559797888,0.0036504641283657824,-2.757742398538251,0.21482582829294078,-2.761023449994231,0.211175364164575,0.0,0.0,Vmag_get_voltage_magnitude_series__angle_get_voltage_angle_series,true,Unknown,Ybus EMT reconstruction using exact complex bus-voltage phasors when available; otherwise diagnostic fallback
6.15,0.0032795771296818543,0.0036500690417717863,0.0032795771296818543,0.0036500690417717863,0.0032795771296818543,0.0036500690417717863,-2.757743872864549,0.21482543320634678,-2.761023449994231,0.211175364164575,0.0,0.0,Vmag_get_voltage_magnitude_series__angle_get_voltage_angle_series,true,Unknown,Ybus EMT reconstruction using exact complex bus-voltage phasors when available; otherwise diagnostic fallback
6.16,0.0032781378618014223,0.0036496783382733433,0.0032781378618014223,0.0036496783382733433,0.0032781378618014223,0.0036496783382733433,-2.7577453121324296,0.21482504250284834,-2.761023449994231,0.211175364164575,0.0,0.0,Vmag_get_voltage_magnitude_series__angle_get_voltage_angle_series,true,Unknown,Ybus EMT reconstruction using exact complex bus-voltage phasors when available; otherwise diagnostic fallback
6.17,0.0032767334805514636,0.003649292006301874,0.0032767334805514636,0.003649292006301874,0.0032767334805514636,0.003649292006301874,-2.7577467165136795,0.21482465617087687,-2.761023449994231,0.211175364164575,0.0,0.0,Vmag_get_voltage_magnitude_series__angle_get_voltage_angle_series,true,Unknown,Ybus EMT reconstruction using exact complex bus-voltage phasors when available; otherwise diagnostic fallback
6.18,0.00327536381306448,0.0036489100342752545,0.00327536381306448,0.0036489100342752545,0.00327536381306448,0.0036489100342752545,-2.7577480861811665,0.21482427419885025,-2.761023449994231,0.211175364164575,0.0,0.0,Vmag_get_voltage_magnitude_series__angle_get_voltage_angle_series,true,Unknown,Ybus EMT reconstruction using exact complex bus-voltage phasors when available; otherwise diagnostic fallback
6.19,0.0032740286855510448,0.0036485324103642802,0.0032740286855510448,0.0036485324103642802,0.0032740286855510448,0.0036485324103642802,-2.75774942130868,0.21482389657493928,-2.761023449994231,0.211175364164575,0.0,0.0,Vmag_get_voltage_magnitude_series__angle_get_voltage_angle_series,true,Unknown,Ybus EMT reconstruction using exact complex bus-voltage phasors when available; otherwise diagnostic fallback
6.2,0.003272727923051999,0.0036481591228367805,0.003272727923051999,0.0036481591228367805,0.003272727923051999,0.0036481591228367805,-2.757750722071179,0.21482352328741178,-2.761023449994231,0.211175364164575,0.0,0.0,Vmag_get_voltage_magnitude_series__angle_get_voltage_angle_series,true,Unknown,Ybus EMT reconstruction using exact complex bus-voltage phasors when available; otherwise diagnostic fallback
6.21,0.0032714613498212586,0.003647790159430675,0.0032714613498212586,0.003647790159430675,0.0032714613498212586,0.003647790159430675,-2.7577519886444097,0.21482315432400567,-2.761023449994231,0.211175364164575,0.0,0.0,Vmag_get_voltage_magnitude_series__angle_get_voltage_angle_series,true,Unknown,Ybus EMT reconstruction using exact complex bus-voltage phasors when available; otherwise diagnostic fallback
6.22,0.00327022878905181,0.003647425507980917,0.00327022878905181,0.003647425507980917,0.00327022878905181,0.003647425507980917,-2.757753221205179,0.2148227896725559,-2.761023449994231,0.211175364164575,0.0,0.0,Vmag_get_voltage_magnitude_series__angle_get_voltage_angle_series,true,Unknown,Ybus EMT reconstruction using exact complex bus-voltage phasors when available; otherwise diagnostic fallback
6.23,0.0032690300630102698,0.003647065156060225,0.0032690300630102698,0.003647065156060225,0.0032690300630102698,0.003647065156060225,-2.7577544199312207,0.21482242932063522,-2.761023449994231,0.211175364164575,0.0,0.0,Vmag_get_voltage_magnitude_series__angle_get_voltage_angle_series,true,Unknown,Ybus EMT reconstruction using exact complex bus-voltage phasors when available; otherwise diagnostic fallback
6.24,0.0032678649930995007,0.003646709091204292,0.0032678649930995007,0.003646709091204292,0.0032678649930995007,0.003646709091204292,-2.7577555850011315,0.2148220732557793,-2.761023449994231,0.211175364164575,0.0,0.0,Vmag_get_voltage_magnitude_series__angle_get_voltage_angle_series,true,Unknown,Ybus EMT reconstruction using exact complex bus-voltage phasors when available; otherwise diagnostic fallback
6.25,0.003266733399826194,0.0036463573007174954,0.003266733399826194,0.0036463573007174954,0.003266733399826194,0.0036463573007174954,-2.757756716594405,0.2148217214652925,-2.761023449994231,0.211175364164575,0.0,0.0,Vmag_get_voltage_magnitude_series__angle_get_voltage_angle_series,true,Unknown,Ybus EMT reconstruction using exact complex bus-voltage phasors when available; otherwise diagnostic fallback
6.26,0.0032656351028279573,0.003646009771672065,0.0032656351028279573,0.003646009771672065,0.0032656351028279573,0.003646009771672065,-2.757757814891403,0.21482137393624706,-2.761023449994231,0.211175364164575,0.0,0.0,Vmag_get_voltage_magnitude_series__angle_get_voltage_angle_series,true,Unknown,Ybus EMT reconstruction using exact complex bus-voltage phasors when available; otherwise diagnostic fallback
6.27,0.003264569920907512,0.0036456664912671854,0.003264569920907512,0.0036456664912671854,0.003264569920907512,0.0036456664912671854,-2.7577588800733235,0.21482103065584218,-2.761023449994231,0.211175364164575,0.0,0.0,Vmag_get_voltage_magnitude_series__angle_get_voltage_angle_series,true,Unknown,Ybus EMT reconstruction using exact complex bus-voltage phasors when available; otherwise diagnostic fallback
6.28,0.0032635376720291376,0.003645327446287261,0.0032635376720291376,0.003645327446287261,0.0032635376720291376,0.003645327446287261,-2.757759912322202,0.21482069161086226,-2.761023449994231,0.211175364164575,0.0,0.0,Vmag_get_voltage_magnitude_series__angle_get_voltage_angle_series,true,Unknown,Ybus EMT reconstruction using exact complex bus-voltage phasors when available; otherwise diagnostic fallback
6.29,0.0032625381733550896,0.0036449926235077035,0.0032625381733550896,0.0036449926235077035,0.0032625381733550896,0.0036449926235077035,-2.757760911820876,0.2148203567880827,-2.761023449994231,0.211175364164575,0.0,0.0,Vmag_get_voltage_magnitude_series__angle_get_voltage_angle_series,true,Unknown,Ybus EMT reconstruction using exact complex bus-voltage phasors when available; otherwise diagnostic fallback
6.3,0.0032615712413526232,0.003644662009590127,0.0032615712413526232,0.003644662009590127,0.0032615712413526232,0.003644662009590127,-2.7577618787528784,0.21482002617416512,-2.761023449994231,0.211175364164575,0.0,0.0,Vmag_get_voltage_magnitude_series__angle_get_voltage_angle_series,true,Unknown,Ybus EMT reconstruction using exact complex bus-voltage phasors when available; otherwise diagnostic fallback
6.31,0.003260636691547081,0.0036443355909668296,0.003260636691547081,0.0036443355909668296,0.003260636691547081,0.0036443355909668296,-2.757762813302684,0.21481969975554183,-2.761023449994231,0.211175364164575,0.0,0.0,Vmag_get_voltage_magnitude_series__angle_get_voltage_angle_series,true,Unknown,Ybus EMT reconstruction using exact complex bus-voltage phasors when available; otherwise diagnostic fallback
6.32,0.0032597343388998112,0.0036440133540062147,0.0032597343388998112,0.0036440133540062147,0.0032597343388998112,0.0036440133540062147,-2.757763715655331,0.2148193775185812,-2.761023449994231,0.211175364164575,0.0,0.0,Vmag_get_voltage_magnitude_series__angle_get_voltage_angle_series,true,Unknown,Ybus EMT reconstruction using exact complex bus-voltage phasors when available; otherwise diagnostic fallback
6.33,0.003258863997592343,0.003643695285138693,0.003258863997592343,0.003643695285138693,0.003258863997592343,0.003643695285138693,-2.7577645859966387,0.2148190594497137,-2.761023449994231,0.211175364164575,0.0,0.0,Vmag_get_voltage_magnitude_series__angle_get_voltage_angle_series,true,Unknown,Ybus EMT reconstruction using exact complex bus-voltage phasors when available; otherwise diagnostic fallback
6.34,0.0032580254810574694,0.003643381370133647,0.0032580254810574694,0.003643381370133647,0.0032580254810574694,0.003643381370133647,-2.7577654245131735,0.21481874553470864,-2.761023449994231,0.211175364164575,0.0,0.0,Vmag_get_voltage_magnitude_series__angle_get_voltage_angle_series,true,Unknown,Ybus EMT reconstruction using exact complex bus-voltage phasors when available; otherwise diagnostic fallback
6.35,0.003257218602132461,0.003643071595262559,0.003257218602132461,0.003643071595262559,0.003257218602132461,0.003643071595262559,-2.7577662313920985,0.21481843575983756,-2.761023449994231,0.211175364164575,0.0,0.0,Vmag_get_voltage_magnitude_series__angle_get_voltage_angle_series,true,Unknown,Ybus EMT reconstruction using exact complex bus-voltage phasors when available; otherwise diagnostic fallback
6.36,0.0032564431728494547,0.003642765946178461,0.0032564431728494547,0.003642765946178461,0.0032564431728494547,0.003642765946178461,-2.7577670068213815,0.21481813011075346,-2.761023449994231,0.211175364164575,0.0,0.0,Vmag_get_voltage_magnitude_series__angle_get_voltage_angle_series,true,Unknown,Ybus EMT reconstruction using exact complex bus-voltage phasors when available; otherwise diagnostic fallback
6.37,0.0032556990047325485,0.003642464408665891,0.0032556990047325485,0.003642464408665891,0.0032556990047325485,0.003642464408665891,-2.7577677509894984,0.2148178285732409,-2.761023449994231,0.211175364164575,0.0,0.0,Vmag_get_voltage_magnitude_series__angle_get_voltage_angle_series,true,Unknown,Ybus EMT reconstruction using exact complex bus-voltage phasors when available; otherwise diagnostic fallback
6.38,0.0032549859086676847,0.0036421669683809332,0.0032549859086676847,0.0036421669683809332,0.0032549859086676847,0.0036421669683809332,-2.7577684640855633,0.21481753113295593,-2.761023449994231,0.211175364164575,0.0,0.0,Vmag_get_voltage_magnitude_series__angle_get_voltage_angle_series,true,Unknown,Ybus EMT reconstruction using exact complex bus-voltage phasors when available; otherwise diagnostic fallback
6.39,0.0032543036947725312,0.003641873610755686,0.0032543036947725312,0.003641873610755686,0.0032543036947725312,0.003641873610755686,-2.7577691462994585,0.21481723777533068,-2.761023449994231,0.211175364164575,0.0,0.0,Vmag_get_voltage_magnitude_series__angle_get_voltage_angle_series,true,Unknown,Ybus EMT reconstruction using exact complex bus-voltage phasors when available; otherwise diagnostic fallback
6.4,0.003253652172711341,0.003641584321264768,0.003253652172711341,0.003641584321264768,0.003253652172711341,0.003641584321264768,-2.7577697978215197,0.21481694848583976,-2.761023449994231,0.211175364164575,0.0,0.0,Vmag_get_voltage_magnitude_series__angle_get_voltage_angle_series,true,Unknown,Ybus EMT reconstruction using exact complex bus-voltage phasors when available; otherwise diagnostic fallback
6.41,0.0032530311516305588,0.003641299084921057,0.0032530311516305588,0.003641299084921057,0.0032530311516305588,0.003641299084921057,-2.7577704188426004,0.21481666324949605,-2.761023449994231,0.211175364164575,0.0,0.0,Vmag_get_voltage_magnitude_series__angle_get_voltage_angle_series,true,Unknown,Ybus EMT reconstruction using exact complex bus-voltage phasors when available; otherwise diagnostic fallback
6.42,0.0032524404399554285,0.0036410178869805687,0.0032524404399554285,0.0036410178869805687,0.0032524404399554285,0.0036410178869805687,-2.7577710095542756,0.21481638205155557,-2.761023449994231,0.211175364164575,0.0,0.0,Vmag_get_voltage_magnitude_series__angle_get_voltage_angle_series,true,Unknown,Ybus EMT reconstruction using exact complex bus-voltage phasors when available; otherwise diagnostic fallback
6.43,0.003251879845631578,0.003640740712373025,0.003251879845631578,0.003640740712373025,0.003251879845631578,0.003640740712373025,-2.7577715701485994,0.21481610487694802,-2.761023449994231,0.211175364164575,0.0,0.0,Vmag_get_voltage_magnitude_series__angle_get_voltage_angle_series,true,Unknown,Ybus EMT reconstruction using exact complex bus-voltage phasors when available; otherwise diagnostic fallback
6.44,0.00325134917606551,0.003640467546020043,0.00325134917606551,0.003640467546020043,0.00325134917606551,0.003640467546020043,-2.7577721008181655,0.21481583171059504,-2.761023449994231,0.211175364164575,0.0,0.0,Vmag_get_voltage_magnitude_series__angle_get_voltage_angle_series,true,Unknown,Ybus EMT reconstruction using exact complex bus-voltage phasors when available; otherwise diagnostic fallback
6.45,0.0032508482382014314,0.003640198372673098,0.0032508482382014314,0.003640198372673098,0.0032508482382014314,0.003640198372673098,-2.7577726017560296,0.2148155625372481,-2.761023449994231,0.211175364164575,0.0,0.0,Vmag_get_voltage_magnitude_series__angle_get_voltage_angle_series,true,Unknown,Ybus EMT reconstruction using exact complex bus-voltage phasors when available; otherwise diagnostic fallback
6.46,0.003250376838473734,0.0036399331768882104,0.003250376838473734,0.0036399331768882104,0.003250376838473734,0.0036399331768882104,-2.7577730731557573,0.2148152973414632,-2.761023449994231,0.211175364164575,0.0,0.0,Vmag_get_voltage_magnitude_series__angle_get_voltage_angle_series,true,Unknown,Ybus EMT reconstruction using exact complex bus-voltage phasors when available; otherwise diagnostic fallback
6.47,0.003249934782752817,0.003639671943214018,0.003249934782752817,0.003639671943214018,0.003249934782752817,0.003639671943214018,-2.757773515211478,0.21481503610778901,-2.761023449994231,0.211175364164575,0.0,0.0,Vmag_get_voltage_magnitude_series__angle_get_voltage_angle_series,true,Unknown,Ybus EMT reconstruction using exact complex bus-voltage phasors when available; otherwise diagnostic fallback
6.48,0.0032495218766066536,0.0036394146560752016,0.0032495218766066536,0.0036394146560752016,0.0032495218766066536,0.0036394146560752016,-2.7577739281176243,0.2148147788206502,-2.761023449994231,0.211175364164575,0.0,0.0,Vmag_get_voltage_magnitude_series__angle_get_voltage_angle_series,true,Unknown,Ybus EMT reconstruction using exact complex bus-voltage phasors when available; otherwise diagnostic fallback
6.49,0.0032491379250219055,0.0036391612996391487,0.0032491379250219055,0.0036391612996391487,0.0032491379250219055,0.0036391612996391487,-2.757774312069209,0.21481452546421415,-2.761023449994231,0.211175364164575,0.0,0.0,Vmag_get_voltage_magnitude_series__angle_get_voltage_angle_series,true,Unknown,Ybus EMT reconstruction using exact complex bus-voltage phasors when available; otherwise diagnostic fallback
6.5,0.0032487827326197483,0.0036389118581816593,0.0032487827326197483,0.0036389118581816593,0.0032487827326197483,0.0036389118581816593,-2.7577746672616112,0.21481427602275666,-2.761023449994231,0.211175364164575,0.0,0.0,Vmag_get_voltage_magnitude_series__angle_get_voltage_angle_series,true,Unknown,Ybus EMT reconstruction using exact complex bus-voltage phasors when available; otherwise diagnostic fallback
6.51,0.0032484561035470705,0.003638666315679384,0.0032484561035470705,0.003638666315679384,0.0032484561035470705,0.003638666315679384,-2.757774993890684,0.21481403048025438,-2.761023449994231,0.211175364164575,0.0,0.0,Vmag_get_voltage_magnitude_series__angle_get_voltage_angle_series,true,Unknown,Ybus EMT reconstruction using exact complex bus-voltage phasors when available; otherwise diagnostic fallback
6.52,0.0032481578416576617,0.003638424656050132,0.0032481578416576617,0.003638424656050132,0.0032481578416576617,0.003638424656050132,-2.7577752921525733,0.21481378882062513,-2.761023449994231,0.211175364164575,0.0,0.0,Vmag_get_voltage_magnitude_series__angle_get_voltage_angle_series,true,Unknown,Ybus EMT reconstruction using exact complex bus-voltage phasors when available; otherwise diagnostic fallback
6.53,0.0032478877503820947,0.003638186863142878,0.0032478877503820947,0.003638186863142878,0.0032478877503820947,0.003638186863142878,-2.757775562243849,0.21481355102771788,-2.761023449994231,0.211175364164575,0.0,0.0,Vmag_get_voltage_magnitude_series__angle_get_voltage_angle_series,true,Unknown,Ybus EMT reconstruction using exact complex bus-voltage phasors when available; otherwise diagnostic fallback
6.54,0.003247645632743268,0.0036379529206394534,0.003247645632743268,0.0036379529206394534,0.003247645632743268,0.0036379529206394534,-2.7577758043614877,0.21481331708521445,-2.761023449994231,0.211175364164575,0.0,0.0,Vmag_get_voltage_magnitude_series__angle_get_voltage_angle_series,true,Unknown,Ybus EMT reconstruction using exact complex bus-voltage phasors when available; otherwise diagnostic fallback
6.55,0.003247431291434122,0.003637722811998201,0.003247431291434122,0.003637722811998201,0.003247431291434122,0.003637722811998201,-2.757776018702797,0.2148130869765732,-2.761023449994231,0.211175364164575,0.0,0.0,Vmag_get_voltage_magnitude_series__angle_get_voltage_angle_series,true,Unknown,Ybus EMT reconstruction using exact complex bus-voltage phasors when available; otherwise diagnostic fallback
6.56,0.0032472445288598273,0.0036374965208231247,0.0032472445288598273,0.0036374965208231247,0.0032472445288598273,0.0036374965208231247,-2.757776205465371,0.21481286068539812,-2.761023449994231,0.211175364164575,0.0,0.0,Vmag_get_voltage_magnitude_series__angle_get_voltage_angle_series,true,Unknown,Ybus EMT reconstruction using exact complex bus-voltage phasors when available; otherwise diagnostic fallback
6.57,0.0032470851470418616,0.0036372740303918794,0.0032470851470418616,0.0036372740303918794,0.0032470851470418616,0.0036372740303918794,-2.757776364847189,0.21481263819496688,-2.761023449994231,0.211175364164575,0.0,0.0,Vmag_get_voltage_magnitude_series__angle_get_voltage_angle_series,true,Unknown,Ybus EMT reconstruction using exact complex bus-voltage phasors when available; otherwise diagnostic fallback
6.58,0.0032469529477490156,0.0036370553240513415,0.0032469529477490156,0.0036370553240513415,0.0032469529477490156,0.0036370553240513415,-2.757776497046482,0.21481241948862634,-2.761023449994231,0.211175364164575,0.0,0.0,Vmag_get_voltage_magnitude_series__angle_get_voltage_angle_series,true,Unknown,Ybus EMT reconstruction using exact complex bus-voltage phasors when available; otherwise diagnostic fallback
6.59,0.003246847732482294,0.0036368403848235364,0.003246847732482294,0.0036368403848235364,0.003246847732482294,0.0036368403848235364,-2.7577766022617487,0.21481220454939853,-2.761023449994231,0.211175364164575,0.0,0.0,Vmag_get_voltage_magnitude_series__angle_get_voltage_angle_series,true,Unknown,Ybus EMT reconstruction using exact complex bus-voltage phasors when available; otherwise diagnostic fallback
6.6,0.003246769302406083,0.0036366291958085384,0.003246769302406083,0.0036366291958085384,0.003246769302406083,0.0036366291958085384,-2.757776680691825,0.21481199336038354,-2.761023449994231,0.211175364164575,0.0,0.0,Vmag_get_voltage_magnitude_series__angle_get_voltage_angle_series,true,Unknown,Ybus EMT reconstruction using exact complex bus-voltage phasors when available; otherwise diagnostic fallback
6.61,0.003246717458496917,0.003636421739950768,0.003246717458496917,0.003636421739950768,0.003246717458496917,0.003636421739950768,-2.757776732535734,0.21481178590452576,-2.761023449994231,0.211175364164575,0.0,0.0,Vmag_get_voltage_magnitude_series__angle_get_voltage_angle_series,true,Unknown,Ybus EMT reconstruction using exact complex bus-voltage phasors when available; otherwise diagnostic fallback
6.62,0.0032466920014475598,0.0036362180000245603,0.0032466920014475598,0.0036362180000245603,0.0032466920014475598,0.0036362180000245603,-2.7577767579927834,0.21481158216459956,-2.761023449994231,0.211175364164575,0.0,0.0,Vmag_get_voltage_magnitude_series__angle_get_voltage_angle_series,true,Unknown,Ybus EMT reconstruction using exact complex bus-voltage phasors when available; otherwise diagnostic fallback
6.63,0.0032466927317673644,0.0036360179586776287,0.0032466927317673644,0.0036360179586776287,0.0032466927317673644,0.0036360179586776287,-2.7577767572624636,0.21481138212325263,-2.761023449994231,0.211175364164575,0.0,0.0,Vmag_get_voltage_magnitude_series__angle_get_voltage_angle_series,true,Unknown,Ybus EMT reconstruction using exact complex bus-voltage phasors when available; otherwise diagnostic fallback
6.64,0.0032467194497312057,0.003635821598659217,0.0032467194497312057,0.003635821598659217,0.0032467194497312057,0.003635821598659217,-2.7577767305445,0.2148111857632342,-2.761023449994231,0.211175364164575,0.0,0.0,Vmag_get_voltage_magnitude_series__angle_get_voltage_angle_series,true,Unknown,Ybus EMT reconstruction using exact complex bus-voltage phasors when available; otherwise diagnostic fallback
6.65,0.0032467719554598595,0.003635628902425414,0.0032467719554598595,0.003635628902425414,0.0032467719554598595,0.003635628902425414,-2.757776678038771,0.2148109930670004,-2.761023449994231,0.211175364164575,0.0,0.0,Vmag_get_voltage_magnitude_series__angle_get_voltage_angle_series,true,Unknown,Ybus EMT reconstruction using exact complex bus-voltage phasors when available; otherwise diagnostic fallback
6.66,0.0032468500488267438,0.0036354398524618414,0.0032468500488267438,0.0036354398524618414,0.0032468500488267438,0.0036354398524618414,-2.7577765999454043,0.21481080401703684,-2.761023449994231,0.211175364164575,0.0,0.0,Vmag_get_voltage_magnitude_series__angle_get_voltage_angle_series,true,Unknown,Ybus EMT reconstruction using exact complex bus-voltage phasors when available; otherwise diagnostic fallback
6.67,0.003246953529651986,0.0036352544310884194,0.003246953529651986,0.0036352544310884194,0.003246953529651986,0.0036352544310884194,-2.757776496464579,0.21481061859566342,-2.761023449994231,0.211175364164575,0.0,0.0,Vmag_get_voltage_magnitude_series__angle_get_voltage_angle_series,true,Unknown,Ybus EMT reconstruction using exact complex bus-voltage phasors when available; otherwise diagnostic fallback
6.68,0.0032470821975194575,0.0036350726204242845,0.0032470821975194575,0.0036350726204242845,0.0032470821975194575,0.0036350726204242845,-2.7577763677967115,0.21481043678499928,-2.761023449994231,0.211175364164575,0.0,0.0,Vmag_get_voltage_magnitude_series__angle_get_voltage_angle_series,true,Unknown,Ybus EMT reconstruction using exact complex bus-voltage phasors when available; otherwise diagnostic fallback
6.69,0.003247235851955299,0.0036348944027598806,0.003247235851955299,0.0036348944027598806,0.003247235851955299,0.0036348944027598806,-2.7577762141422757,0.21481025856733488,-2.761023449994231,0.211175364164575,0.0,0.0,Vmag_get_voltage_magnitude_series__angle_get_voltage_angle_series,true,Unknown,Ybus EMT reconstruction using exact complex bus-voltage phasors when available; otherwise diagnostic fallback
6.7,0.0032474142923550886,0.003634719760107208,0.0032474142923550886,0.003634719760107208,0.0032474142923550886,0.003634719760107208,-2.757776035701876,0.2148100839246822,-2.761023449994231,0.211175364164575,0.0,0.0,Vmag_get_voltage_magnitude_series__angle_get_voltage_angle_series,true,Unknown,Ybus EMT reconstruction using exact complex bus-voltage phasors when available; otherwise diagnostic fallback
6.71,0.003247617317963414,0.003634548674388449,0.003247617317963414,0.003634548674388449,0.003247617317963414,0.003634548674388449,-2.7577758326762676,0.21480991283896345,-2.761023449994231,0.211175364164575,0.0,0.0,Vmag_get_voltage_magnitude_series__angle_get_voltage_angle_series,true,Unknown,Ybus EMT reconstruction using exact complex bus-voltage phasors when available; otherwise diagnostic fallback
6.72,0.0032478447280355205,0.003634381127575248,0.0032478447280355205,0.003634381127575248,0.0032478447280355205,0.003634381127575248,-2.7577756052661955,0.21480974529215024,-2.761023449994231,0.211175364164575,0.0,0.0,Vmag_get_voltage_magnitude_series__angle_get_voltage_angle_series,true,Unknown,Ybus EMT reconstruction using exact complex bus-voltage phasors when available; otherwise diagnostic fallback
6.73,0.0032480963216512393,0.003634217101421422,0.0032480963216512393,0.003634217101421422,0.0032480963216512393,0.003634217101421422,-2.7577753536725798,0.21480958126599642,-2.761023449994231,0.211175364164575,0.0,0.0,Vmag_get_voltage_magnitude_series__angle_get_voltage_angle_series,true,Unknown,Ybus EMT reconstruction using exact complex bus-voltage phasors when available; otherwise diagnostic fallback
6.74,0.003248371898021407,0.0036340565777301936,0.003248371898021407,0.0036340565777301936,0.003248371898021407,0.0036340565777301936,-2.7577750780962096,0.2148094207423052,-2.761023449994231,0.211175364164575,0.0,0.0,Vmag_get_voltage_magnitude_series__angle_get_voltage_angle_series,true,Unknown,Ybus EMT reconstruction using exact complex bus-voltage phasors when available; otherwise diagnostic fallback
6.75,0.0032486712560917397,0.0036338995380860717,0.0032486712560917397,0.0036338995380860717,0.0032486712560917397,0.0036338995380860717,-2.7577747787381393,0.21480926370266107,-2.761023449994231,0.211175364164575,0.0,0.0,Vmag_get_voltage_magnitude_series__angle_get_voltage_angle_series,true,Unknown,Ybus EMT reconstruction using exact complex bus-voltage phasors when available; otherwise diagnostic fallback
6.76,0.0032489941949527257,0.0036337459640806147,0.0032489941949527257,0.0036337459640806147,0.0032489941949527257,0.0036337459640806147,-2.7577744557992783,0.2148091101286556,-2.761023449994231,0.211175364164575,0.0,0.0,Vmag_get_voltage_magnitude_series__angle_get_voltage_angle_series,true,Unknown,Ybus EMT reconstruction using exact complex bus-voltage phasors when available; otherwise diagnostic fallback
6.77,0.0032493405136144737,0.003633595837282566,0.0032493405136144737,0.003633595837282566,0.0032493405136144737,0.003633595837282566,-2.7577741094806165,0.21480896000185756,-2.761023449994231,0.211175364164575,0.0,0.0,Vmag_get_voltage_magnitude_series__angle_get_voltage_angle_series,true,Unknown,Ybus EMT reconstruction using exact complex bus-voltage phasors when available; otherwise diagnostic fallback
6.78,0.003249710011239415,0.003633449139052003,0.003249710011239415,0.003633449139052003,0.003249710011239415,0.003633449139052003,-2.7577737399829916,0.214808813303627,-2.761023449994231,0.211175364164575,0.0,0.0,Vmag_get_voltage_magnitude_series__angle_get_voltage_angle_series,true,Unknown,Ybus EMT reconstruction using exact complex bus-voltage phasors when available; otherwise diagnostic fallback
6.79,0.0032501024867332973,0.0036333058508357108,0.0032501024867332973,0.0036333058508357108,0.0032501024867332973,0.0036333058508357108,-2.7577733475074977,0.2148086700154107,-2.761023449994231,0.211175364164575,0.0,0.0,Vmag_get_voltage_magnitude_series__angle_get_voltage_angle_series,true,Unknown,Ybus EMT reconstruction using exact complex bus-voltage phasors when available; otherwise diagnostic fallback
6.8,0.003250517739336267,0.0036331659538503813,0.003250517739336267,0.0036331659538503813,0.003250517739336267,0.0036331659538503813,-2.7577729322548947,0.21480853011842538,-2.761023449994231,0.211175364164575,0.0,0.0,Vmag_get_voltage_magnitude_series__angle_get_voltage_angle_series,true,Unknown,Ybus EMT reconstruction using exact complex bus-voltage phasors when available; otherwise diagnostic fallback
6.81,0.0032509555681388136,0.0036330294293160925,0.0032509555681388136,0.0036330294293160925,0.0032509555681388136,0.0036330294293160925,-2.757772494426092,0.2148083935938911,-2.761023449994231,0.211175364164575,0.0,0.0,Vmag_get_voltage_magnitude_series__angle_get_voltage_angle_series,true,Unknown,Ybus EMT reconstruction using exact complex bus-voltage phasors when available; otherwise diagnostic fallback
6.82,0.0032514157724374826,0.0036328962585102653,0.0032514157724374826,0.0036328962585102653,0.0032514157724374826,0.0036328962585102653,-2.7577720342217935,0.21480826042308526,-2.761023449994231,0.211175364164575,0.0,0.0,Vmag_get_voltage_magnitude_series__angle_get_voltage_angle_series,true,Unknown,Ybus EMT reconstruction using exact complex bus-voltage phasors when available; otherwise diagnostic fallback
6.83,0.003251898151507948,0.0036327664226051826,0.003251898151507948,0.0036327664226051826,0.003251898151507948,0.0036327664226051826,-2.757771551842723,0.21480813058718018,-2.761023449994231,0.211175364164575,0.0,0.0,Vmag_get_voltage_magnitude_series__angle_get_voltage_angle_series,true,Unknown,Ybus EMT reconstruction using exact complex bus-voltage phasors when available; otherwise diagnostic fallback
6.84,0.003252402504778651,0.003632639902501511,0.003252402504778651,0.003632639902501511,0.003252402504778651,0.003632639902501511,-2.7577710474894523,0.2148080040670765,-2.761023449994231,0.211175364164575,0.0,0.0,Vmag_get_voltage_magnitude_series__angle_get_voltage_angle_series,true,Unknown,Ybus EMT reconstruction using exact complex bus-voltage phasors when available; otherwise diagnostic fallback
6.85,0.0032529286318236927,0.003632516679297426,0.0032529286318236927,0.003632516679297426,0.0032529286318236927,0.003632516679297426,-2.7577705213624073,0.21480788084387242,-2.761023449994231,0.211175364164575,0.0,0.0,Vmag_get_voltage_magnitude_series__angle_get_voltage_angle_series,true,Unknown,Ybus EMT reconstruction using exact complex bus-voltage phasors when available; otherwise diagnostic fallback
6.86,0.003253476332209182,0.0036323967339089713,0.003253476332209182,0.0036323967339089713,0.003253476332209182,0.0036323967339089713,-2.757769973662022,0.21480776089848397,-2.761023449994231,0.211175364164575,0.0,0.0,Vmag_get_voltage_magnitude_series__angle_get_voltage_angle_series,true,Unknown,Ybus EMT reconstruction using exact complex bus-voltage phasors when available; otherwise diagnostic fallback
6.87,0.003254045405850725,0.0036322800472919914,0.003254045405850725,0.0036322800472919914,0.003254045405850725,0.0036322800472919914,-2.7577694045883803,0.214807644211867,-2.761023449994231,0.211175364164575,0.0,0.0,Vmag_get_voltage_magnitude_series__angle_get_voltage_angle_series,true,Unknown,Ybus EMT reconstruction using exact complex bus-voltage phasors when available; otherwise diagnostic fallback
6.88,0.0032546356525324782,0.003632166600313569,0.0032546356525324782,0.003632166600313569,0.0032546356525324782,0.003632166600313569,-2.7577688143416985,0.21480753076488857,-2.761023449994231,0.211175364164575,0.0,0.0,Vmag_get_voltage_magnitude_series__angle_get_voltage_angle_series,true,Unknown,Ybus EMT reconstruction using exact complex bus-voltage phasors when available; otherwise diagnostic fallback
6.89,0.003255246872493789,0.003632056373690795,0.003255246872493789,0.003632056373690795,0.003255246872493789,0.003632056373690795,-2.757768203121737,0.2148074205382658,-2.761023449994231,0.211175364164575,0.0,0.0,Vmag_get_voltage_magnitude_series__angle_get_voltage_angle_series,true,Unknown,Ybus EMT reconstruction using exact complex bus-voltage phasors when available; otherwise diagnostic fallback
6.9,0.0032558788659646787,0.003631949348253616,0.0032558788659646787,0.003631949348253616,0.0032558788659646787,0.003631949348253616,-2.7577675711282663,0.2148073135128286,-2.761023449994231,0.211175364164575,0.0,0.0,Vmag_get_voltage_magnitude_series__angle_get_voltage_angle_series,true,Unknown,Ybus EMT reconstruction using exact complex bus-voltage phasors when available; otherwise diagnostic fallback
6.91,0.0032565314334500606,0.003631845504608988,0.0032565314334500606,0.003631845504608988,0.0032565314334500606,0.003631845504608988,-2.757766918560781,0.21480720966918398,-2.761023449994231,0.211175364164575,0.0,0.0,Vmag_get_voltage_magnitude_series__angle_get_voltage_angle_series,true,Unknown,Ybus EMT reconstruction using exact complex bus-voltage phasors when available; otherwise diagnostic fallback
6.92,0.003257204375632927,0.003631744823651306,0.003257204375632927,0.003631744823651306,0.003257204375632927,0.003631744823651306,-2.757766245618598,0.2148071089882263,-2.761023449994231,0.211175364164575,0.0,0.0,Vmag_get_voltage_magnitude_series__angle_get_voltage_angle_series,true,Unknown,Ybus EMT reconstruction using exact complex bus-voltage phasors when available; otherwise diagnostic fallback
6.93,0.0032578974933858973,0.003631647285914308,0.0032578974933858973,0.003631647285914308,0.0032578974933858973,0.003631647285914308,-2.757765552500845,0.2148070114504893,-2.761023449994231,0.211175364164575,0.0,0.0,Vmag_get_voltage_magnitude_series__angle_get_voltage_angle_series,true,Unknown,Ybus EMT reconstruction using exact complex bus-voltage phasors when available; otherwise diagnostic fallback
6.94,0.0032586105878458227,0.0036315528719881307,0.0032586105878458227,0.0036315528719881307,0.0032586105878458227,0.0036315528719881307,-2.757764839406385,0.21480691703656313,-2.761023449994231,0.211175364164575,0.0,0.0,Vmag_get_voltage_magnitude_series__angle_get_voltage_angle_series,true,Unknown,Ybus EMT reconstruction using exact complex bus-voltage phasors when available; otherwise diagnostic fallback
6.95,0.0032593434604142324,0.003631461562368543,0.0032593434604142324,0.003631461562368543,0.0032593434604142324,0.003631461562368543,-2.7577641065338168,0.21480682572694354,-2.761023449994231,0.211175364164575,0.0,0.0,Vmag_get_voltage_magnitude_series__angle_get_voltage_angle_series,true,Unknown,Ybus EMT reconstruction using exact complex bus-voltage phasors when available; otherwise diagnostic fallback
6.96,0.0032600959126583007,0.003631373337751709,0.0032600959126583007,0.003631373337751709,0.0032600959126583007,0.003631373337751709,-2.7577633540815727,0.2148067375023267,-2.761023449994231,0.211175364164575,0.0,0.0,Vmag_get_voltage_magnitude_series__angle_get_voltage_angle_series,true,Unknown,Ybus EMT reconstruction using exact complex bus-voltage phasors when available; otherwise diagnostic fallback
6.97,0.0032608677465564284,0.003631288178485348,0.0032608677465564284,0.003631288178485348,0.0032608677465564284,0.003631288178485348,-2.7577625822476746,0.21480665234306034,-2.761023449994231,0.211175364164575,0.0,0.0,Vmag_get_voltage_magnitude_series__angle_get_voltage_angle_series,true,Unknown,Ybus EMT reconstruction using exact complex bus-voltage phasors when available; otherwise diagnostic fallback
6.98,0.003261658764190045,0.003631206065103032,0.003261658764190045,0.003631206065103032,0.003261658764190045,0.003631206065103032,-2.757761791230041,0.21480657022967803,-2.761023449994231,0.211175364164575,0.0,0.0,Vmag_get_voltage_magnitude_series__angle_get_voltage_angle_series,true,Unknown,Ybus EMT reconstruction using exact complex bus-voltage phasors when available; otherwise diagnostic fallback
6.99,0.003262468768079785,0.00363112697802509,0.003262468768079785,0.00363112697802509,0.003262468768079785,0.00363112697802509,-2.757760981226151,0.2148064911426001,-2.761023449994231,0.211175364164575,0.0,0.0,Vmag_get_voltage_magnitude_series__angle_get_voltage_angle_series,true,Unknown,Ybus EMT reconstruction using exact complex bus-voltage phasors when available; otherwise diagnostic fallback
7.0,0.003263297560940348,0.003631050897657917,0.003263297560940348,0.003631050897657917,0.003263297560940348,0.003631050897657917,-2.7577601524332906,0.2148064150622329,-2.761023449994231,0.211175364164575,0.0,0.0,Vmag_get_voltage_magnitude_series__angle_get_voltage_angle_series,true,Unknown,Ybus EMT reconstruction using exact complex bus-voltage phasors when available; otherwise diagnostic fallback
7.01,0.0032641449458687966,0.0036309778044331664,0.0032641449458687966,0.0036309778044331664,0.0032641449458687966,0.0036309778044331664,-2.757759305048362,0.21480634196900816,-2.761023449994231,0.211175364164575,0.0,0.0,Vmag_get_voltage_magnitude_series__angle_get_voltage_angle_series,true,Unknown,Ybus EMT reconstruction using exact complex bus-voltage phasors when available; otherwise diagnostic fallback
7.02,0.003265010726206441,0.0036309076785785988,0.003265010726206441,0.0036309076785785988,0.003265010726206441,0.0036309076785785988,-2.7577584392680246,0.2148062718431536,-2.761023449994231,0.211175364164575,0.0,0.0,Vmag_get_voltage_magnitude_series__angle_get_voltage_angle_series,true,Unknown,Ybus EMT reconstruction using exact complex bus-voltage phasors when available; otherwise diagnostic fallback
7.03,0.0032658947057599974,0.0036308405005094357,0.0032658947057599974,0.0036308405005094357,0.0032658947057599974,0.0036308405005094357,-2.757757555288471,0.21480620466508443,-2.761023449994231,0.211175364164575,0.0,0.0,Vmag_get_voltage_magnitude_series__angle_get_voltage_angle_series,true,Unknown,Ybus EMT reconstruction using exact complex bus-voltage phasors when available; otherwise diagnostic fallback
7.04,0.0032667966885573385,0.0036307762504594887,0.0032667966885573385,0.0036307762504594887,0.0032667966885573385,0.0036307762504594887,-2.7577566533056737,0.21480614041503449,-2.761023449994231,0.211175364164575,0.0,0.0,Vmag_get_voltage_magnitude_series__angle_get_voltage_angle_series,true,Unknown,Ybus EMT reconstruction using exact complex bus-voltage phasors when available; otherwise diagnostic fallback
7.05,0.0032677164790140267,0.0036307149087651536,0.0032677164790140267,0.0036307149087651536,0.0032677164790140267,0.0036307149087651536,-2.757755733515217,0.21480607907334015,-2.761023449994231,0.211175364164575,0.0,0.0,Vmag_get_voltage_magnitude_series__angle_get_voltage_angle_series,true,Unknown,Ybus EMT reconstruction using exact complex bus-voltage phasors when available; otherwise diagnostic fallback
7.06,0.0032686538819777233,0.0036306564556224385,0.0032686538819777233,0.0036306564556224385,0.0032686538819777233,0.0036306564556224385,-2.7577547961122533,0.21480602062019744,-2.761023449994231,0.211175364164575,0.0,0.0,Vmag_get_voltage_magnitude_series__angle_get_voltage_angle_series,true,Unknown,Ybus EMT reconstruction using exact complex bus-voltage phasors when available; otherwise diagnostic fallback
7.07,0.003269608702537674,0.0036306008714114824,0.003269608702537674,0.0036306008714114824,0.003269608702537674,0.0036306008714114824,-2.7577538412916933,0.21480596503598648,-2.761023449994231,0.211175364164575,0.0,0.0,Vmag_get_voltage_magnitude_series__angle_get_voltage_angle_series,true,Unknown,Ybus EMT reconstruction using exact complex bus-voltage phasors when available; otherwise diagnostic fallback
7.08,0.003270580746332019,0.003630548136177081,0.003270580746332019,0.003630548136177081,0.003270580746332019,0.003630548136177081,-2.757752869247899,0.21480591230075208,-2.761023449994231,0.211175364164575,0.0,0.0,Vmag_get_voltage_magnitude_series__angle_get_voltage_angle_series,true,Unknown,Ybus EMT reconstruction using exact complex bus-voltage phasors when available; otherwise diagnostic fallback
7.09,0.0032715698192737896,0.003630498230212109,0.0032715698192737896,0.003630498230212109,0.0032715698192737896,0.003630498230212109,-2.757751880174957,0.2148058623947871,-2.761023449994231,0.211175364164575,0.0,0.0,Vmag_get_voltage_magnitude_series__angle_get_voltage_angle_series,true,Unknown,Ybus EMT reconstruction using exact complex bus-voltage phasors when available; otherwise diagnostic fallback
7.1,0.003272575727729432,0.0036304511336738288,0.003272575727729432,0.0036304511336738288,0.003272575727729432,0.0036304511336738288,-2.7577508742665016,0.21480581529824883,-2.761023449994231,0.211175364164575,0.0,0.0,Vmag_get_voltage_magnitude_series__angle_get_voltage_angle_series,true,Unknown,Ybus EMT reconstruction using exact complex bus-voltage phasors when available; otherwise diagnostic fallback
7.11,0.003273598278479728,0.0036304068267224987,0.003273598278479728,0.0036304068267224987,0.003273598278479728,0.0036304068267224987,-2.7577498517157513,0.2148057709912975,-2.761023449994231,0.211175364164575,0.0,0.0,Vmag_get_voltage_magnitude_series__angle_get_voltage_angle_series,true,Unknown,Ybus EMT reconstruction using exact complex bus-voltage phasors when available; otherwise diagnostic fallback
7.12,0.003274637278788184,0.003630365289404025,0.003274637278788184,0.003630365289404025,0.003274637278788184,0.003630365289404025,-2.757748812715443,0.21480572945397902,-2.761023449994231,0.211175364164575,0.0,0.0,Vmag_get_voltage_magnitude_series__angle_get_voltage_angle_series,true,Unknown,Ybus EMT reconstruction using exact complex bus-voltage phasors when available; otherwise diagnostic fallback
7.13,0.003275692536235386,0.003630326502121084,0.003275692536235386,0.003630326502121084,0.003275692536235386,0.003630326502121084,-2.7577477574579956,0.21480569066669608,-2.761023449994231,0.211175364164575,0.0,0.0,Vmag_get_voltage_magnitude_series__angle_get_voltage_angle_series,true,Unknown,Ybus EMT reconstruction using exact complex bus-voltage phasors when available; otherwise diagnostic fallback
7.14,0.0032767638589086268,0.0036302904446568474,0.0032767638589086268,0.0036302904446568474,0.0032767638589086268,0.0036302904446568474,-2.7577466861353224,0.21480565460923184,-2.761023449994231,0.211175364164575,0.0,0.0,Vmag_get_voltage_magnitude_series__angle_get_voltage_angle_series,true,Unknown,Ybus EMT reconstruction using exact complex bus-voltage phasors when available; otherwise diagnostic fallback
7.15,0.003277851055413894,0.003630257097461287,0.003277851055413894,0.003630257097461287,0.003277851055413894,0.003630257097461287,-2.757745598938817,0.21480562126203628,-2.761023449994231,0.211175364164575,0.0,0.0,Vmag_get_voltage_magnitude_series__angle_get_voltage_angle_series,true,Unknown,Ybus EMT reconstruction using exact complex bus-voltage phasors when available; otherwise diagnostic fallback
7.16,0.0032789539346977925,0.0036302264404283746,0.0032789539346977925,0.0036302264404283746,0.0032789539346977925,0.0036302264404283746,-2.757744496059533,0.21480559060500337,-2.761023449994231,0.211175364164575,0.0,0.0,Vmag_get_voltage_magnitude_series__angle_get_voltage_angle_series,true,Unknown,Ybus EMT reconstruction using exact complex bus-voltage phasors when available; otherwise diagnostic fallback
7.17,0.003280072306293569,0.0036301984536977194,0.003280072306293569,0.0036301984536977194,0.003280072306293569,0.0036301984536977194,-2.7577433776879374,0.21480556261827272,-2.761023449994231,0.211175364164575,0.0,0.0,Vmag_get_voltage_magnitude_series__angle_get_voltage_angle_series,true,Unknown,Ybus EMT reconstruction using exact complex bus-voltage phasors when available; otherwise diagnostic fallback
7.18,0.0032812059801865523,0.00363017311733127,0.0032812059801865523,0.00363017311733127,0.0032812059801865523,0.00363017311733127,-2.7577422440140444,0.21480553728190627,-2.761023449994231,0.211175364164575,0.0,0.0,Vmag_get_voltage_magnitude_series__angle_get_voltage_angle_series,true,Unknown,Ybus EMT reconstruction using exact complex bus-voltage phasors when available; otherwise diagnostic fallback
7.19,0.0032823547667826247,0.003630150411391697,0.0032823547667826247,0.003630150411391697,0.0032823547667826247,0.003630150411391697,-2.7577410952274484,0.2148055145759667,-2.761023449994231,0.211175364164575,0.0,0.0,Vmag_get_voltage_magnitude_series__angle_get_voltage_angle_series,true,Unknown,Ybus EMT reconstruction using exact complex bus-voltage phasors when available; otherwise diagnostic fallback
7.2,0.003283518477091185,0.0036301303160351517,0.003283518477091185,0.0036301303160351517,0.003283518477091185,0.0036301303160351517,-2.75773993151714,0.21480549448061015,-2.761023449994231,0.211175364164575,0.0,0.0,Vmag_get_voltage_magnitude_series__angle_get_voltage_angle_series,true,Unknown,Ybus EMT reconstruction using exact complex bus-voltage phasors when available; otherwise diagnostic fallback
7.21,0.003284696922591479,0.0036301128113083725,0.003284696922591479,0.0036301128113083725,0.003284696922591479,0.0036301128113083725,-2.7577387530716395,0.21480547697588337,-2.761023449994231,0.211175364164575,0.0,0.0,Vmag_get_voltage_magnitude_series__angle_get_voltage_angle_series,true,Unknown,Ybus EMT reconstruction using exact complex bus-voltage phasors when available; otherwise diagnostic fallback
7.22,0.0032858899152485854,0.0036300978772257353,0.0032858899152485854,0.0036300978772257353,0.0032858899152485854,0.0036300978772257353,-2.7577375600789824,0.21480546204180073,-2.761023449994231,0.211175364164575,0.0,0.0,Vmag_get_voltage_magnitude_series__angle_get_voltage_angle_series,true,Unknown,Ybus EMT reconstruction using exact complex bus-voltage phasors when available; otherwise diagnostic fallback
7.23,0.0032870972676453114,0.0036300854938758342,0.0032870972676453114,0.0036300854938758342,0.0032870972676453114,0.0036300854938758342,-2.7577363527265857,0.21480544965845083,-2.761023449994231,0.211175364164575,0.0,0.0,Vmag_get_voltage_magnitude_series__angle_get_voltage_angle_series,true,Unknown,Ybus EMT reconstruction using exact complex bus-voltage phasors when available; otherwise diagnostic fallback
7.24,0.003288318792752154,0.0036300756412325774,0.003288318792752154,0.0036300756412325774,0.003288318792752154,0.0036300756412325774,-2.757735131201479,0.21480543980580757,-2.761023449994231,0.211175364164575,0.0,0.0,Vmag_get_voltage_magnitude_series__angle_get_voltage_angle_series,true,Unknown,Ybus EMT reconstruction using exact complex bus-voltage phasors when available; otherwise diagnostic fallback
7.25,0.003289554304275466,0.003630068299468381,0.003289554304275466,0.003630068299468381,0.003289554304275466,0.003630068299468381,-2.7577338956899555,0.21480543246404338,-2.761023449994231,0.211175364164575,0.0,0.0,Vmag_get_voltage_magnitude_series__angle_get_voltage_angle_series,true,Unknown,Ybus EMT reconstruction using exact complex bus-voltage phasors when available; otherwise diagnostic fallback
7.26,0.0032908036163297183,0.0036300634485629257,0.0032908036163297183,0.0036300634485629257,0.0032908036163297183,0.0036300634485629257,-2.7577326463779013,0.21480542761313792,-2.761023449994231,0.211175364164575,0.0,0.0,Vmag_get_voltage_magnitude_series__angle_get_voltage_angle_series,true,Unknown,Ybus EMT reconstruction using exact complex bus-voltage phasors when available; otherwise diagnostic fallback
7.27,0.0032920665436564356,0.003630061068626511,0.0032920665436564356,0.003630061068626511,0.0032920665436564356,0.003630061068626511,-2.7577313834505746,0.2148054252332015,-2.761023449994231,0.211175364164575,0.0,0.0,Vmag_get_voltage_magnitude_series__angle_get_voltage_angle_series,true,Unknown,Ybus EMT reconstruction using exact complex bus-voltage phasors when available; otherwise diagnostic fallback
7.28,0.003293342901506513,0.0036300611397387383,0.003293342901506513,0.0036300611397387383,0.003293342901506513,0.0036300611397387383,-2.7577301070927245,0.21480542530431374,-2.761023449994231,0.211175364164575,0.0,0.0,Vmag_get_voltage_magnitude_series__angle_get_voltage_angle_series,true,Unknown,Ybus EMT reconstruction using exact complex bus-voltage phasors when available; otherwise diagnostic fallback
7.29,0.0032946325058063053,0.0036300636419731025,0.0032946325058063053,0.0036300636419731025,0.0032946325058063053,0.0036300636419731025,-2.7577288174884247,0.2148054278065481,-2.761023449994231,0.211175364164575,0.0,0.0,Vmag_get_voltage_magnitude_series__angle_get_voltage_angle_series,true,Unknown,Ybus EMT reconstruction using exact complex bus-voltage phasors when available; otherwise diagnostic fallback
7.3,0.003295935173014186,0.0036300685553352086,0.003295935173014186,0.0036300685553352086,0.003295935173014186,0.0036300685553352086,-2.757727514821217,0.2148054327199102,-2.761023449994231,0.211175364164575,0.0,0.0,Vmag_get_voltage_magnitude_series__angle_get_voltage_angle_series,true,Unknown,Ybus EMT reconstruction using exact complex bus-voltage phasors when available; otherwise diagnostic fallback
7.31,0.0032972507201129986,0.003630075859821613,0.0032972507201129986,0.003630075859821613,0.0032972507201129986,0.003630075859821613,-2.757726199274118,0.2148054400243966,-2.761023449994231,0.211175364164575,0.0,0.0,Vmag_get_voltage_magnitude_series__angle_get_voltage_angle_series,true,Unknown,Ybus EMT reconstruction using exact complex bus-voltage phasors when available; otherwise diagnostic fallback
7.32,0.0032985789648427577,0.0036300855357437323,0.0032985789648427577,0.0036300855357437323,0.0032985789648427577,0.0036300855357437323,-2.7577248710293882,0.21480544970031873,-2.761023449994231,0.211175364164575,0.0,0.0,Vmag_get_voltage_magnitude_series__angle_get_voltage_angle_series,true,Unknown,Ybus EMT reconstruction using exact complex bus-voltage phasors when available; otherwise diagnostic fallback
7.33,0.003299919725408884,0.003630097563125545,0.003299919725408884,0.003630097563125545,0.003299919725408884,0.003630097563125545,-2.757723530268822,0.21480546172770054,-2.761023449994231,0.211175364164575,0.0,0.0,Vmag_get_voltage_magnitude_series__angle_get_voltage_angle_series,true,Unknown,Ybus EMT reconstruction using exact complex bus-voltage phasors when available; otherwise diagnostic fallback
7.34,0.0033012728207144626,0.003630111922001633,0.0033012728207144626,0.003630111922001633,0.0033012728207144626,0.003630111922001633,-2.7577221771735165,0.21480547608657663,-2.761023449994231,0.211175364164575,0.0,0.0,Vmag_get_voltage_magnitude_series__angle_get_voltage_angle_series,true,Unknown,Ybus EMT reconstruction using exact complex bus-voltage phasors when available; otherwise diagnostic fallback
7.35,0.003302638070285191,0.003630128592469639,0.003302638070285191,0.003630128592469639,0.003302638070285191,0.003630128592469639,-2.757720811923946,0.21480549275704464,-2.761023449994231,0.211175364164575,0.0,0.0,Vmag_get_voltage_magnitude_series__angle_get_voltage_angle_series,true,Unknown,Ybus EMT reconstruction using exact complex bus-voltage phasors when available; otherwise diagnostic fallback
7.36,0.003304015294244955,0.003630147554744889,0.003304015294244955,0.003630147554744889,0.003304015294244955,0.003630147554744889,-2.757719434699986,0.21480551171931989,-2.761023449994231,0.211175364164575,0.0,0.0,Vmag_get_voltage_magnitude_series__angle_get_voltage_angle_series,true,Unknown,Ybus EMT reconstruction using exact complex bus-voltage phasors when available; otherwise diagnostic fallback
7.37,0.003305404313368676,0.0036301687890253342,0.003305404313368676,0.0036301687890253342,0.003305404313368676,0.0036301687890253342,-2.7577180456808623,0.21480553295360033,-2.761023449994231,0.211175364164575,0.0,0.0,Vmag_get_voltage_magnitude_series__angle_get_voltage_angle_series,true,Unknown,Ybus EMT reconstruction using exact complex bus-voltage phasors when available; otherwise diagnostic fallback
7.38,0.0033068049491129514,0.003630192275364319,0.0033068049491129514,0.003630192275364319,0.0033068049491129514,0.003630192275364319,-2.757716645045118,0.21480555643993932,-2.761023449994231,0.211175364164575,0.0,0.0,Vmag_get_voltage_magnitude_series__angle_get_voltage_angle_series,true,Unknown,Ybus EMT reconstruction using exact complex bus-voltage phasors when available; otherwise diagnostic fallback
7.39,0.0033082170235241293,0.003630217993965068,0.0033082170235241293,0.003630217993965068,0.0033082170235241293,0.003630217993965068,-2.757715232970707,0.21480558215854006,-2.761023449994231,0.211175364164575,0.0,0.0,Vmag_get_voltage_magnitude_series__angle_get_voltage_angle_series,true,Unknown,Ybus EMT reconstruction using exact complex bus-voltage phasors when available; otherwise diagnostic fallback
7.4,0.003309640359370203,0.0036302459249828445,0.003309640359370203,0.0036302459249828445,0.003309640359370203,0.0036302459249828445,-2.757713809634861,0.21480561008955784,-2.761023449994231,0.211175364164575,0.0,0.0,Vmag_get_voltage_magnitude_series__angle_get_voltage_angle_series,true,Unknown,Ybus EMT reconstruction using exact complex bus-voltage phasors when available; otherwise diagnostic fallback
7.41,0.0033110747800426665,0.003630276048757486,0.0033110747800426665,0.003630276048757486,0.0033110747800426665,0.003630276048757486,-2.7577123752141883,0.21480564021333248,-2.761023449994231,0.211175364164575,0.0,0.0,Vmag_get_voltage_magnitude_series__angle_get_voltage_angle_series,true,Unknown,Ybus EMT reconstruction using exact complex bus-voltage phasors when available; otherwise diagnostic fallback
7.42,0.0033125201096546597,0.00363030834542577,0.0033125201096546597,0.00363030834542577,0.0033125201096546597,0.00363030834542577,-2.7577109298845763,0.21480567251000077,-2.761023449994231,0.211175364164575,0.0,0.0,Vmag_get_voltage_magnitude_series__angle_get_voltage_angle_series,true,Unknown,Ybus EMT reconstruction using exact complex bus-voltage phasors when available; otherwise diagnostic fallback
7.43,0.003313976172938382,0.003630342795314656,0.003313976172938382,0.003630342795314656,0.003313976172938382,0.003630342795314656,-2.7577094738212926,0.21480570695988965,-2.761023449994231,0.211175364164575,0.0,0.0,Vmag_get_voltage_magnitude_series__angle_get_voltage_angle_series,true,Unknown,Ybus EMT reconstruction using exact complex bus-voltage phasors when available; otherwise diagnostic fallback
7.44,0.0033154427954289467,0.003630379378586346,0.0033154427954289467,0.003630379378586346,0.0033154427954289467,0.003630379378586346,-2.757708007198802,0.21480574354316134,-2.761023449994231,0.211175364164575,0.0,0.0,Vmag_get_voltage_magnitude_series__angle_get_voltage_angle_series,true,Unknown,Ybus EMT reconstruction using exact complex bus-voltage phasors when available; otherwise diagnostic fallback
7.45,0.003316919803190377,0.00363041807568637,0.003316919803190377,0.00363041807568637,0.003316919803190377,0.00363041807568637,-2.7577065301910406,0.21480578224026137,-2.761023449994231,0.211175364164575,0.0,0.0,Vmag_get_voltage_magnitude_series__angle_get_voltage_angle_series,true,Unknown,Ybus EMT reconstruction using exact complex bus-voltage phasors when available; otherwise diagnostic fallback
7.46,0.0033184070230967144,0.0036304588668988336,0.0033184070230967144,0.0036304588668988336,0.0033184070230967144,0.0036304588668988336,-2.7577050429711343,0.21480582303147383,-2.761023449994231,0.211175364164575,0.0,0.0,Vmag_get_voltage_magnitude_series__angle_get_voltage_angle_series,true,Unknown,Ybus EMT reconstruction using exact complex bus-voltage phasors when available; otherwise diagnostic fallback
7.47,0.003319904282776509,0.003630501732505842,0.003319904282776509,0.003630501732505842,0.003319904282776509,0.003630501732505842,-2.7577035457114545,0.21480586589708084,-2.761023449994231,0.211175364164575,0.0,0.0,Vmag_get_voltage_magnitude_series__angle_get_voltage_angle_series,true,Unknown,Ybus EMT reconstruction using exact complex bus-voltage phasors when available; otherwise diagnostic fallback
7.48,0.0033214114104924697,0.0036305466529841235,0.0033214114104924697,0.0036305466529841235,0.0033214114104924697,0.0036305466529841235,-2.7577020385837385,0.21480591081755912,-2.761023449994231,0.211175364164575,0.0,0.0,Vmag_get_voltage_magnitude_series__angle_get_voltage_angle_series,true,Unknown,Ybus EMT reconstruction using exact complex bus-voltage phasors when available; otherwise diagnostic fallback
7.49,0.003322928235188538,0.0036305936086306057,0.003322928235188538,0.0036305936086306057,0.003322928235188538,0.0036305936086306057,-2.7577005217590425,0.2148059577732056,-2.761023449994231,0.211175364164575,0.0,0.0,Vmag_get_voltage_magnitude_series__angle_get_voltage_angle_series,true,Unknown,Ybus EMT reconstruction using exact complex bus-voltage phasors when available; otherwise diagnostic fallback
7.5,0.0033244545866772945,0.0036306425800651243,0.0033244545866772945,0.0036306425800651243,0.0033244545866772945,0.0036306425800651243,-2.7576989954075537,0.21480600674464012,-2.761023449994231,0.211175364164575,0.0,0.0,Vmag_get_voltage_magnitude_series__angle_get_voltage_angle_series,true,Unknown,Ybus EMT reconstruction using exact complex bus-voltage phasors when available; otherwise diagnostic fallback
7.51,0.0033259902952953446,0.003630693547632402,0.0033259902952953446,0.003630693547632402,0.0033259902952953446,0.003630693547632402,-2.7576974596989356,0.2148060577122074,-2.761023449994231,0.211175364164575,0.0,0.0,Vmag_get_voltage_magnitude_series__angle_get_voltage_angle_series,true,Unknown,Ybus EMT reconstruction using exact complex bus-voltage phasors when available; otherwise diagnostic fallback
7.52,0.003327535192351405,0.0036307464918554078,0.003327535192351405,0.0036307464918554078,0.003327535192351405,0.0036307464918554078,-2.7576959148018796,0.2148061106564304,-2.761023449994231,0.211175364164575,0.0,0.0,Vmag_get_voltage_magnitude_series__angle_get_voltage_angle_series,true,Unknown,Ybus EMT reconstruction using exact complex bus-voltage phasors when available; otherwise diagnostic fallback
7.53,0.0033290891097235153,0.003630801393240457,0.0033290891097235153,0.003630801393240457,0.0033290891097235153,0.003630801393240457,-2.7576943608845075,0.21480616555781545,-2.761023449994231,0.211175364164575,0.0,0.0,Vmag_get_voltage_magnitude_series__angle_get_voltage_angle_series,true,Unknown,Ybus EMT reconstruction using exact complex bus-voltage phasors when available; otherwise diagnostic fallback
7.54,0.003330651880174784,0.0036308582324830474,0.003330651880174784,0.0036308582324830474,0.003330651880174784,0.0036308582324830474,-2.757692798114056,0.21480622239705804,-2.761023449994231,0.211175364164575,0.0,0.0,Vmag_get_voltage_magnitude_series__angle_get_voltage_angle_series,true,Unknown,Ybus EMT reconstruction using exact complex bus-voltage phasors when available; otherwise diagnostic fallback
7.55,0.0033322233370935983,0.0036309169900480276,0.0033322233370935983,0.0036309169900480276,0.0033322233370935983,0.0036309169900480276,-2.7576912266571374,0.21480628115462302,-2.761023449994231,0.211175364164575,0.0,0.0,Vmag_get_voltage_magnitude_series__angle_get_voltage_angle_series,true,Unknown,Ybus EMT reconstruction using exact complex bus-voltage phasors when available; otherwise diagnostic fallback
7.56,0.003333803314682804,0.003630977646701672,0.003333803314682804,0.003630977646701672,0.003333803314682804,0.003630977646701672,-2.757689646679548,0.21480634181127667,-2.761023449994231,0.211175364164575,0.0,0.0,Vmag_get_voltage_magnitude_series__angle_get_voltage_angle_series,true,Unknown,Ybus EMT reconstruction using exact complex bus-voltage phasors when available; otherwise diagnostic fallback
7.57,0.0033353916480121093,0.00363104018296867,0.0033353916480121093,0.00363104018296867,0.0033353916480121093,0.00363104018296867,-2.757688058346219,0.21480640434754367,-2.761023449994231,0.211175364164575,0.0,0.0,Vmag_get_voltage_magnitude_series__angle_get_voltage_angle_series,true,Unknown,Ybus EMT reconstruction using exact complex bus-voltage phasors when available; otherwise diagnostic fallback
7.58,0.0033369881726956763,0.003631104579732536,0.0033369881726956763,0.003631104579732536,0.0033369881726956763,0.003631104579732536,-2.7576864618215353,0.21480646874430753,-2.761023449994231,0.211175364164575,0.0,0.0,Vmag_get_voltage_magnitude_series__angle_get_voltage_angle_series,true,Unknown,Ybus EMT reconstruction using exact complex bus-voltage phasors when available; otherwise diagnostic fallback
7.59,0.003338592725370404,0.003631170817557039,0.003338592725370404,0.003631170817557039,0.003338592725370404,0.003631170817557039,-2.7576848572688606,0.21480653498213204,-2.761023449994231,0.211175364164575,0.0,0.0,Vmag_get_voltage_magnitude_series__angle_get_voltage_angle_series,true,Unknown,Ybus EMT reconstruction using exact complex bus-voltage phasors when available; otherwise diagnostic fallback
7.6,0.0033402051432358526,0.0036312388775238125,0.0033402051432358526,0.0036312388775238125,0.0033402051432358526,0.0036312388775238125,-2.757683244850995,0.2148066030420988,-2.761023449994231,0.211175364164575,0.0,0.0,Vmag_get_voltage_magnitude_series__angle_get_voltage_angle_series,true,Unknown,Ybus EMT reconstruction using exact complex bus-voltage phasors when available; otherwise diagnostic fallback
7.61,0.0033418252644881186,0.0036313087402600197,0.0033418252644881186,0.0036313087402600197,0.0033418252644881186,0.0036313087402600197,-2.757681624729743,0.21480667290483502,-2.761023449994231,0.211175364164575,0.0,0.0,Vmag_get_voltage_magnitude_series__angle_get_voltage_angle_series,true,Unknown,Ybus EMT reconstruction using exact complex bus-voltage phasors when available; otherwise diagnostic fallback
7.62,0.00334345292792948,0.0036313803867082384,0.00334345292792948,0.0036313803867082384,0.00334345292792948,0.0036313803867082384,-2.7576799970663015,0.21480674455128324,-2.761023449994231,0.211175364164575,0.0,0.0,Vmag_get_voltage_magnitude_series__angle_get_voltage_angle_series,true,Unknown,Ybus EMT reconstruction using exact complex bus-voltage phasors when available; otherwise diagnostic fallback
7.63,0.0033450879732996874,0.0036314537977593098,0.0033450879732996874,0.0036314537977593098,0.0033450879732996874,0.0036314537977593098,-2.7576783620209313,0.2148068179623343,-2.761023449994231,0.211175364164575,0.0,0.0,Vmag_get_voltage_magnitude_series__angle_get_voltage_angle_series,true,Unknown,Ybus EMT reconstruction using exact complex bus-voltage phasors when available; otherwise diagnostic fallback
7.64,0.0033467302410317146,0.0036315289544150975,0.0033467302410317146,0.0036315289544150975,0.0033467302410317146,0.0036315289544150975,-2.7576767197531993,0.2148068931189901,-2.761023449994231,0.211175364164575,0.0,0.0,Vmag_get_voltage_magnitude_series__angle_get_voltage_angle_series,true,Unknown,Ybus EMT reconstruction using exact complex bus-voltage phasors when available; otherwise diagnostic fallback
7.65,0.0033483795724227328,0.0036316058376387184,0.0033483795724227328,0.0036316058376387184,0.0033483795724227328,0.0036316058376387184,-2.7576750704218083,0.21480697000221372,-2.761023449994231,0.211175364164575,0.0,0.0,Vmag_get_voltage_magnitude_series__angle_get_voltage_angle_series,true,Unknown,Ybus EMT reconstruction using exact complex bus-voltage phasors when available; otherwise diagnostic fallback
7.66,0.003350035809550178,0.00363168442859374,0.003350035809550178,0.00363168442859374,0.003350035809550178,0.00363168442859374,-2.757673414184681,0.21480704859316874,-2.761023449994231,0.211175364164575,0.0,0.0,Vmag_get_voltage_magnitude_series__angle_get_voltage_angle_series,true,Unknown,Ybus EMT reconstruction using exact complex bus-voltage phasors when available; otherwise diagnostic fallback
7.67,0.0033516987953277066,0.0036317647083080606,0.0033516987953277066,0.0036317647083080606,0.0033516987953277066,0.0036317647083080606,-2.7576717511989033,0.21480712887288306,-2.761023449994231,0.211175364164575,0.0,0.0,Vmag_get_voltage_magnitude_series__angle_get_voltage_angle_series,true,Unknown,Ybus EMT reconstruction using exact complex bus-voltage phasors when available; otherwise diagnostic fallback
7.68,0.0033533683735060826,0.0036318466579368103,0.0033533683735060826,0.0036318466579368103,0.0033533683735060826,0.0036318466579368103,-2.757670081620725,0.2148072108225118,-2.761023449994231,0.211175364164575,0.0,0.0,Vmag_get_voltage_magnitude_series__angle_get_voltage_angle_series,true,Unknown,Ybus EMT reconstruction using exact complex bus-voltage phasors when available; otherwise diagnostic fallback
7.69,0.0033550443885830283,0.0036319302586403923,0.0033550443885830283,0.0036319302586403923,0.0033550443885830283,0.0036319302586403923,-2.757668405605648,0.2148072944232154,-2.761023449994231,0.211175364164575,0.0,0.0,Vmag_get_voltage_magnitude_series__angle_get_voltage_angle_series,true,Unknown,Ybus EMT reconstruction using exact complex bus-voltage phasors when available; otherwise diagnostic fallback
7.7,0.0033567266859733103,0.0036320154917935388,0.0033567266859733103,0.0036320154917935388,0.0033567266859733103,0.0036320154917935388,-2.7576667233082577,0.21480737965636854,-2.761023449994231,0.211175364164575,0.0,0.0,Vmag_get_voltage_magnitude_series__angle_get_voltage_angle_series,true,Unknown,Ybus EMT reconstruction using exact complex bus-voltage phasors when available; otherwise diagnostic fallback
7.71,0.003358415111833324,0.0036321023386214346,0.003358415111833324,0.0036321023386214346,0.003358415111833324,0.0036321023386214346,-2.7576650348823977,0.21480746650319643,-2.761023449994231,0.211175364164575,0.0,0.0,Vmag_get_voltage_magnitude_series__angle_get_voltage_angle_series,true,Unknown,Ybus EMT reconstruction using exact complex bus-voltage phasors when available; otherwise diagnostic fallback
7.72,0.0033601095131921,0.003632190780367195,0.0033601095131921,0.003632190780367195,0.0033601095131921,0.003632190780367195,-2.757663340481039,0.2148075549449422,-2.761023449994231,0.211175364164575,0.0,0.0,Vmag_get_voltage_magnitude_series__angle_get_voltage_angle_series,true,Unknown,Ybus EMT reconstruction using exact complex bus-voltage phasors when available; otherwise diagnostic fallback
7.73,0.0033618097379362055,0.0036322807986605143,0.0033618097379362055,0.0036322807986605143,0.0033618097379362055,0.0036322807986605143,-2.757661640256295,0.2148076449632355,-2.761023449994231,0.211175364164575,0.0,0.0,Vmag_get_voltage_magnitude_series__angle_get_voltage_angle_series,true,Unknown,Ybus EMT reconstruction using exact complex bus-voltage phasors when available; otherwise diagnostic fallback
7.74,0.003363515634780878,0.0036323723747966885,0.003363515634780878,0.0036323723747966885,0.003363515634780878,0.0036323723747966885,-2.75765993435945,0.21480773653937169,-2.761023449994231,0.211175364164575,0.0,0.0,Vmag_get_voltage_magnitude_series__angle_get_voltage_angle_series,true,Unknown,Ybus EMT reconstruction using exact complex bus-voltage phasors when available; otherwise diagnostic fallback
7.75,0.0033652270532602557,0.00363246549031071,0.0033652270532602557,0.00363246549031071,0.0033652270532602557,0.00363246549031071,-2.7576582229409707,0.2148078296548857,-2.761023449994231,0.211175364164575,0.0,0.0,Vmag_get_voltage_magnitude_series__angle_get_voltage_angle_series,true,Unknown,Ybus EMT reconstruction using exact complex bus-voltage phasors when available; otherwise diagnostic fallback
7.76,0.003366943843786885,0.0036325601267588326,0.003366943843786885,0.0036325601267588326,0.003366943843786885,0.0036325601267588326,-2.757656506150444,0.21480792429133383,-2.761023449994231,0.211175364164575,0.0,0.0,Vmag_get_voltage_magnitude_series__angle_get_voltage_angle_series,true,Unknown,Ybus EMT reconstruction using exact complex bus-voltage phasors when available; otherwise diagnostic fallback
7.77,0.003368665857574893,0.003632656265750156,0.003368665857574893,0.003632656265750156,0.003368665857574893,0.003632656265750156,-2.757654784136656,0.21480802043032515,-2.761023449994231,0.211175364164575,0.0,0.0,Vmag_get_voltage_magnitude_series__angle_get_voltage_angle_series,true,Unknown,Ybus EMT reconstruction using exact complex bus-voltage phasors when available; otherwise diagnostic fallback
7.78,0.0033703929467403526,0.0036327538890158495,0.0033703929467403526,0.0036327538890158495,0.0033703929467403526,0.0036327538890158495,-2.7576530570474906,0.21480811805359085,-2.761023449994231,0.211175364164575,0.0,0.0,Vmag_get_voltage_magnitude_series__angle_get_voltage_angle_series,true,Unknown,Ybus EMT reconstruction using exact complex bus-voltage phasors when available; otherwise diagnostic fallback
7.79,0.003372124964242218,0.0036328529781708974,0.003372124964242218,0.0036328529781708974,0.003372124964242218,0.0036328529781708974,-2.7576513250299888,0.2148082171427459,-2.761023449994231,0.211175364164575,0.0,0.0,Vmag_get_voltage_magnitude_series__angle_get_voltage_angle_series,true,Unknown,Ybus EMT reconstruction using exact complex bus-voltage phasors when available; otherwise diagnostic fallback
7.8,0.003373861763896091,0.0036329535150078085,0.003373861763896091,0.0036329535150078085,0.003373861763896091,0.0036329535150078085,-2.757649588230335,0.2148083176795828,-2.761023449994231,0.211175364164575,0.0,0.0,Vmag_get_voltage_magnitude_series__angle_get_voltage_angle_series,true,Unknown,Ybus EMT reconstruction using exact complex bus-voltage phasors when available; otherwise diagnostic fallback
7.81,0.0033756032003857683,0.0036330554814580363,0.0033756032003857683,0.0036330554814580363,0.0033756032003857683,0.0036330554814580363,-2.7576478467938452,0.21480841964603303,-2.761023449994231,0.211175364164575,0.0,0.0,Vmag_get_voltage_magnitude_series__angle_get_voltage_angle_series,true,Unknown,Ybus EMT reconstruction using exact complex bus-voltage phasors when available; otherwise diagnostic fallback
7.82,0.0033773491292481417,0.0036331588593537245,0.0033773491292481417,0.0036331588593537245,0.0033773491292481417,0.0036331588593537245,-2.757646100864983,0.21480852302392872,-2.761023449994231,0.211175364164575,0.0,0.0,Vmag_get_voltage_magnitude_series__angle_get_voltage_angle_series,true,Unknown,Ybus EMT reconstruction using exact complex bus-voltage phasors when available; otherwise diagnostic fallback
7.83,0.0033790994068634284,0.0036332636306026234,0.0033790994068634284,0.0036332636306026234,0.0033790994068634284,0.0036332636306026234,-2.7576443505873676,0.21480862779517762,-2.761023449994231,0.211175364164575,0.0,0.0,Vmag_get_voltage_magnitude_series__angle_get_voltage_angle_series,true,Unknown,Ybus EMT reconstruction using exact complex bus-voltage phasors when available; otherwise diagnostic fallback
7.84,0.0033808538905630847,0.003633369777342632,0.0033808538905630847,0.003633369777342632,0.0033808538905630847,0.003633369777342632,-2.757642596103668,0.21480873394191763,-2.761023449994231,0.211175364164575,0.0,0.0,Vmag_get_voltage_magnitude_series__angle_get_voltage_angle_series,true,Unknown,Ybus EMT reconstruction using exact complex bus-voltage phasors when available; otherwise diagnostic fallback
7.85,0.00338261243846949,0.0036334772815245775,0.00338261243846949,0.0036334772815245775,0.00338261243846949,0.0036334772815245775,-2.7576408375557615,0.21480884144609957,-2.761023449994231,0.211175364164575,0.0,0.0,Vmag_get_voltage_magnitude_series__angle_get_voltage_angle_series,true,Unknown,Ybus EMT reconstruction using exact complex bus-voltage phasors when available; otherwise diagnostic fallback
7.86,0.0033843749095949782,0.0036335861252326795,0.0033843749095949782,0.0036335861252326795,0.0033843749095949782,0.0036335861252326795,-2.757639075084636,0.21480895028980768,-2.761023449994231,0.211175364164575,0.0,0.0,Vmag_get_voltage_magnitude_series__angle_get_voltage_angle_series,true,Unknown,Ybus EMT reconstruction using exact complex bus-voltage phasors when available; otherwise diagnostic fallback
7.87,0.0033861411638738126,0.003633696290823829,0.0033861411638738126,0.003633696290823829,0.0033861411638738126,0.003633696290823829,-2.757637308830357,0.21480906045539883,-2.761023449994231,0.211175364164575,0.0,0.0,Vmag_get_voltage_magnitude_series__angle_get_voltage_angle_series,true,Unknown,Ybus EMT reconstruction using exact complex bus-voltage phasors when available; otherwise diagnostic fallback
7.88,0.003387911062100901,0.003633807760448138,0.003387911062100901,0.003633807760448138,0.003387911062100901,0.003633807760448138,-2.75763553893213,0.21480917192502313,-2.761023449994231,0.211175364164575,0.0,0.0,Vmag_get_voltage_magnitude_series__angle_get_voltage_angle_series,true,Unknown,Ybus EMT reconstruction using exact complex bus-voltage phasors when available; otherwise diagnostic fallback
7.89,0.0033896844658896086,0.003633920516419753,0.0033896844658896086,0.003633920516419753,0.0033896844658896086,0.003633920516419753,-2.7576337655283414,0.21480928468099475,-2.761023449994231,0.211175364164575,0.0,0.0,Vmag_get_voltage_magnitude_series__angle_get_voltage_angle_series,true,Unknown,Ybus EMT reconstruction using exact complex bus-voltage phasors when available; otherwise diagnostic fallback
7.9,0.003391461237847171,0.0036340345411450814,0.003391461237847171,0.0036340345411450814,0.003391461237847171,0.0036340345411450814,-2.757631988756384,0.21480939870572008,-2.761023449994231,0.211175364164575,0.0,0.0,Vmag_get_voltage_magnitude_series__angle_get_voltage_angle_series,true,Unknown,Ybus EMT reconstruction using exact complex bus-voltage phasors when available; otherwise diagnostic fallback
7.91,0.00339324124139484,0.0036341498169708553,0.00339324124139484,0.0036341498169708553,0.00339324124139484,0.0036341498169708553,-2.757630208752836,0.21480951398154585,-2.761023449994231,0.211175364164575,0.0,0.0,Vmag_get_voltage_magnitude_series__angle_get_voltage_angle_series,true,Unknown,Ybus EMT reconstruction using exact complex bus-voltage phasors when available; otherwise diagnostic fallback
7.92,0.0033950243408460423,0.003634266326630331,0.0033950243408460423,0.003634266326630331,0.0033950243408460423,0.003634266326630331,-2.757628425653385,0.21480963049120533,-2.761023449994231,0.211175364164575,0.0,0.0,Vmag_get_voltage_magnitude_series__angle_get_voltage_angle_series,true,Unknown,Ybus EMT reconstruction using exact complex bus-voltage phasors when available; otherwise diagnostic fallback
7.93,0.003396810401453898,0.0036343840524605264,0.003396810401453898,0.0036343840524605264,0.003396810401453898,0.0036343840524605264,-2.757626639592777,0.21480974821703552,-2.761023449994231,0.211175364164575,0.0,0.0,Vmag_get_voltage_magnitude_series__angle_get_voltage_angle_series,true,Unknown,Ybus EMT reconstruction using exact complex bus-voltage phasors when available; otherwise diagnostic fallback
7.94,0.003398599289265558,0.0036345029771959747,0.003398599289265558,0.0036345029771959747,0.003398599289265558,0.0036345029771959747,-2.7576248507049654,0.21480986714177097,-2.761023449994231,0.211175364164575,0.0,0.0,Vmag_get_voltage_magnitude_series__angle_get_voltage_angle_series,true,Unknown,Ybus EMT reconstruction using exact complex bus-voltage phasors when available; otherwise diagnostic fallback
7.95,0.003400390871324266,0.003634623083376143,0.003400390871324266,0.003634623083376143,0.003400390871324266,0.003634623083376143,-2.7576230591229067,0.21480998724795114,-2.761023449994231,0.211175364164575,0.0,0.0,Vmag_get_voltage_magnitude_series__angle_get_voltage_angle_series,true,Unknown,Ybus EMT reconstruction using exact complex bus-voltage phasors when available; otherwise diagnostic fallback
7.96,0.003402185015530357,0.003634744353977648,0.003402185015530357,0.003634744353977648,0.003402185015530357,0.003634744353977648,-2.7576212649787006,0.21481010851855264,-2.761023449994231,0.211175364164575,0.0,0.0,Vmag_get_voltage_magnitude_series__angle_get_voltage_angle_series,true,Unknown,Ybus EMT reconstruction using exact complex bus-voltage phasors when available; otherwise diagnostic fallback
7.97,0.003403981590673233,0.0036348667717676086,0.003403981590673233,0.0036348667717676086,0.003403981590673233,0.0036348667717676086,-2.7576194684035578,0.2148102309363426,-2.761023449994231,0.211175364164575,0.0,0.0,Vmag_get_voltage_magnitude_series__angle_get_voltage_angle_series,true,Unknown,Ybus EMT reconstruction using exact complex bus-voltage phasors when available; otherwise diagnostic fallback
7.98,0.0034057804664886504,0.0036349903195602162,0.0034057804664886504,0.0036349903195602162,0.0034057804664886504,0.0036349903195602162,-2.7576176695277423,0.2148103544841352,-2.761023449994231,0.211175364164575,0.0,0.0,Vmag_get_voltage_magnitude_series__angle_get_voltage_angle_series,true,Unknown,Ybus EMT reconstruction using exact complex bus-voltage phasors when available; otherwise diagnostic fallback
7.99,0.0034075815134855247,0.0036351149804081384,0.0034075815134855247,0.0036351149804081384,0.0034075815134855247,0.0036351149804081384,-2.7576158684807455,0.21481047914498314,-2.761023449994231,0.211175364164575,0.0,0.0,Vmag_get_voltage_magnitude_series__angle_get_voltage_angle_series,true,Unknown,Ybus EMT reconstruction using exact complex bus-voltage phasors when available; otherwise diagnostic fallback
8.0,0.0034093846032186015,0.0036352407373566042,0.0034093846032186015,0.0036352407373566042,0.0034093846032186015,0.0036352407373566042,-2.7576140653910124,0.2148106049019316,-2.761023449994231,0.211175364164575,0.0,0.0,Vmag_get_voltage_magnitude_series__angle_get_voltage_angle_series,true,Unknown,Ybus EMT reconstruction using exact complex bus-voltage phasors when available; otherwise diagnostic fallback
8.01,0.0034111896080863957,0.0036353675734431823,0.0034111896080863957,0.0036353675734431823,0.0034111896080863957,0.0036353675734431823,-2.7576122603861446,0.21481073173801818,-2.761023449994231,0.211175364164575,0.0,0.0,Vmag_get_voltage_magnitude_series__angle_get_voltage_angle_series,true,Unknown,Ybus EMT reconstruction using exact complex bus-voltage phasors when available; otherwise diagnostic fallback
8.02,0.003412996401346735,0.003635495471802641,0.003412996401346735,0.003635495471802641,0.003412996401346735,0.003635495471802641,-2.7576104535928843,0.21481085963637764,-2.761023449994231,0.211175364164575,0.0,0.0,Vmag_get_voltage_magnitude_series__angle_get_voltage_angle_series,true,Unknown,Ybus EMT reconstruction using exact complex bus-voltage phasors when available; otherwise diagnostic fallback
8.03,0.003414804857295284,0.003635624415776695,0.003414804857295284,0.003635624415776695,0.003414804857295284,0.003635624415776695,-2.7576086451369357,0.2148109885803517,-2.761023449994231,0.211175364164575,0.0,0.0,Vmag_get_voltage_magnitude_series__angle_get_voltage_angle_series,true,Unknown,Ybus EMT reconstruction using exact complex bus-voltage phasors when available; otherwise diagnostic fallback
8.04,0.003416614850975108,0.0036357543886382793,0.003416614850975108,0.0036357543886382793,0.003416614850975108,0.0036357543886382793,-2.757606835143256,0.21481111855321328,-2.761023449994231,0.211175364164575,0.0,0.0,Vmag_get_voltage_magnitude_series__angle_get_voltage_angle_series,true,Unknown,Ybus EMT reconstruction using exact complex bus-voltage phasors when available; otherwise diagnostic fallback
8.05,0.003418426258451124,0.003635885373756975,0.003418426258451124,0.003635885373756975,0.003418426258451124,0.003635885373756975,-2.75760502373578,0.21481124953833197,-2.761023449994231,0.211175364164575,0.0,0.0,Vmag_get_voltage_magnitude_series__angle_get_voltage_angle_series,true,Unknown,Ybus EMT reconstruction using exact complex bus-voltage phasors when available; otherwise diagnostic fallback
8.06,0.003420238956628907,0.003636017354483545,0.003420238956628907,0.003636017354483545,0.003420238956628907,0.003636017354483545,-2.757603211037602,0.21481138151905854,-2.761023449994231,0.211175364164575,0.0,0.0,Vmag_get_voltage_magnitude_series__angle_get_voltage_angle_series,true,Unknown,Ybus EMT reconstruction using exact complex bus-voltage phasors when available; otherwise diagnostic fallback
8.07,0.003422052823361721,0.0036361503145851404,0.003422052823361721,0.0036361503145851404,0.003422052823361721,0.0036361503145851404,-2.7576013971708693,0.21481151447916014,-2.761023449994231,0.211175364164575,0.0,0.0,Vmag_get_voltage_magnitude_series__angle_get_voltage_angle_series,true,Unknown,Ybus EMT reconstruction using exact complex bus-voltage phasors when available; otherwise diagnostic fallback
8.08,0.003423867737339048,0.0036362842375015636,0.003423867737339048,0.0036362842375015636,0.003423867737339048,0.0036362842375015636,-2.757599582256892,0.21481164840207656,-2.761023449994231,0.211175364164575,0.0,0.0,Vmag_get_voltage_magnitude_series__angle_get_voltage_angle_series,true,Unknown,Ybus EMT reconstruction using exact complex bus-voltage phasors when available; otherwise diagnostic fallback
8.09,0.0034256835783419426,0.00363641910691892,0.0034256835783419426,0.00363641910691892,0.0034256835783419426,0.00363641910691892,-2.757597766415889,0.21481178327149392,-2.761023449994231,0.211175364164575,0.0,0.0,Vmag_get_voltage_magnitude_series__angle_get_voltage_angle_series,true,Unknown,Ybus EMT reconstruction using exact complex bus-voltage phasors when available; otherwise diagnostic fallback
8.1,0.0034275002268882027,0.003636554906580325,0.0034275002268882027,0.003636554906580325,0.0034275002268882027,0.003636554906580325,-2.757595949767343,0.21481191907115532,-2.761023449994231,0.211175364164575,0.0,0.0,Vmag_get_voltage_magnitude_series__angle_get_voltage_angle_series,true,Unknown,Ybus EMT reconstruction using exact complex bus-voltage phasors when available; otherwise diagnostic fallback
8.11,0.0034293175644277696,0.00363669162032465,0.0034293175644277696,0.00363669162032465,0.0034293175644277696,0.00363669162032465,-2.7575941324298032,0.21481205578489965,-2.761023449994231,0.211175364164575,0.0,0.0,Vmag_get_voltage_magnitude_series__angle_get_voltage_angle_series,true,Unknown,Ybus EMT reconstruction using exact complex bus-voltage phasors when available; otherwise diagnostic fallback
8.12,0.003431135473427549,0.003636829232065486,0.003431135473427549,0.003636829232065486,0.003431135473427549,0.003636829232065486,-2.7575923145208034,0.21481219339664048,-2.761023449994231,0.211175364164575,0.0,0.0,Vmag_get_voltage_magnitude_series__angle_get_voltage_angle_series,true,Unknown,Ybus EMT reconstruction using exact complex bus-voltage phasors when available; otherwise diagnostic fallback
8.13,0.0034329538371618007,0.0036369677256863353,0.0034329538371618007,0.0036369677256863353,0.0034329538371618007,0.0036369677256863353,-2.757590496157069,0.21481233189026133,-2.761023449994231,0.211175364164575,0.0,0.0,Vmag_get_voltage_magnitude_series__angle_get_voltage_angle_series,true,Unknown,Ybus EMT reconstruction using exact complex bus-voltage phasors when available; otherwise diagnostic fallback
8.14,0.0034347725398511386,0.003637107085322111,0.0034347725398511386,0.003637107085322111,0.0034347725398511386,0.003637107085322111,-2.75758867745438,0.2148124712498971,-2.761023449994231,0.211175364164575,0.0,0.0,Vmag_get_voltage_magnitude_series__angle_get_voltage_angle_series,true,Unknown,Ybus EMT reconstruction using exact complex bus-voltage phasors when available; otherwise diagnostic fallback
8.15,0.0034365914666265596,0.003637247295032453,0.0034365914666265596,0.003637247295032453,0.0034365914666265596,0.003637247295032453,-2.7575868585276044,0.21481261145960745,-2.761023449994231,0.211175364164575,0.0,0.0,Vmag_get_voltage_magnitude_series__angle_get_voltage_angle_series,true,Unknown,Ybus EMT reconstruction using exact complex bus-voltage phasors when available; otherwise diagnostic fallback
8.16,0.003438410503593836,0.003637388339005565,0.003438410503593836,0.003637388339005565,0.003438410503593836,0.003637388339005565,-2.757585039490637,0.21481275250358056,-2.761023449994231,0.211175364164575,0.0,0.0,Vmag_get_voltage_magnitude_series__angle_get_voltage_angle_series,true,Unknown,Ybus EMT reconstruction using exact complex bus-voltage phasors when available; otherwise diagnostic fallback
8.17,0.0034402295376887437,0.0036375302015798083,0.0034402295376887437,0.0036375302015798083,0.0034402295376887437,0.0036375302015798083,-2.7575832204565423,0.2148128943661548,-2.761023449994231,0.211175364164575,0.0,0.0,Vmag_get_voltage_magnitude_series__angle_get_voltage_angle_series,true,Unknown,Ybus EMT reconstruction using exact complex bus-voltage phasors when available; otherwise diagnostic fallback
8.18,0.003442048456804958,0.003637672867073505,0.003442048456804958,0.003637672867073505,0.003442048456804958,0.003637672867073505,-2.757581401537426,0.2148130370316485,-2.761023449994231,0.211175364164575,0.0,0.0,Vmag_get_voltage_magnitude_series__angle_get_voltage_angle_series,true,Unknown,Ybus EMT reconstruction using exact complex bus-voltage phasors when available; otherwise diagnostic fallback
8.19,0.0034438671497012407,0.00363781631989174,0.0034438671497012407,0.00363781631989174,0.0034438671497012407,0.00363781631989174,-2.7575795828445298,0.21481318048446674,-2.761023449994231,0.211175364164575,0.0,0.0,Vmag_get_voltage_magnitude_series__angle_get_voltage_angle_series,true,Unknown,Ybus EMT reconstruction using exact complex bus-voltage phasors when available; otherwise diagnostic fallback
8.2,0.003445685506121343,0.003637960544577601,0.003445685506121343,0.003637960544577601,0.003445685506121343,0.003637960544577601,-2.7575777644881097,0.2148133247091526,-2.761023449994231,0.211175364164575,0.0,0.0,Vmag_get_voltage_magnitude_series__angle_get_voltage_angle_series,true,Unknown,Ybus EMT reconstruction using exact complex bus-voltage phasors when available; otherwise diagnostic fallback
8.21,0.0034475034167087415,0.0036381055256429207,0.0034475034167087415,0.0036381055256429207,0.0034475034167087415,0.0036381055256429207,-2.7575759465775223,0.21481346969021792,-2.761023449994231,0.211175364164575,0.0,0.0,Vmag_get_voltage_magnitude_series__angle_get_voltage_angle_series,true,Unknown,Ybus EMT reconstruction using exact complex bus-voltage phasors when available; otherwise diagnostic fallback
8.22,0.003449320773033282,0.0036382512478320694,0.003449320773033282,0.0036382512478320694,0.003449320773033282,0.0036382512478320694,-2.7575741292211977,0.21481361541240707,-2.761023449994231,0.211175364164575,0.0,0.0,Vmag_get_voltage_magnitude_series__angle_get_voltage_angle_series,true,Unknown,Ybus EMT reconstruction using exact complex bus-voltage phasors when available; otherwise diagnostic fallback
8.23,0.003451137467456178,0.0036383976957904407,0.003451137467456178,0.0036383976957904407,0.003451137467456178,0.0036383976957904407,-2.757572312526775,0.21481376186036544,-2.761023449994231,0.211175364164575,0.0,0.0,Vmag_get_voltage_magnitude_series__angle_get_voltage_angle_series,true,Unknown,Ybus EMT reconstruction using exact complex bus-voltage phasors when available; otherwise diagnostic fallback
8.24,0.003452953393407565,0.0036385448544513643,0.003452953393407565,0.0036385448544513643,0.003452953393407565,0.0036385448544513643,-2.7575704966008234,0.21481390901902636,-2.761023449994231,0.211175364164575,0.0,0.0,Vmag_get_voltage_magnitude_series__angle_get_voltage_angle_series,true,Unknown,Ybus EMT reconstruction using exact complex bus-voltage phasors when available; otherwise diagnostic fallback
8.25,0.003454768445120493,0.0036386927086962673,0.003454768445120493,0.0036386927086962673,0.003454768445120493,0.0036386927086962673,-2.7575686815491105,0.21481405687327126,-2.761023449994231,0.211175364164575,0.0,0.0,Vmag_get_voltage_magnitude_series__angle_get_voltage_angle_series,true,Unknown,Ybus EMT reconstruction using exact complex bus-voltage phasors when available; otherwise diagnostic fallback
8.26,0.0034565825179218024,0.003638841243280344,0.0034565825179218024,0.003638841243280344,0.0034565825179218024,0.003638841243280344,-2.757566867476309,0.21481420540785534,-2.761023449994231,0.211175364164575,0.0,0.0,Vmag_get_voltage_magnitude_series__angle_get_voltage_angle_series,true,Unknown,Ybus EMT reconstruction using exact complex bus-voltage phasors when available; otherwise diagnostic fallback
8.27,0.003458395507794254,0.00363899044357191,0.003458395507794254,0.00363899044357191,0.003458395507794254,0.00363899044357191,-2.7575650544864367,0.2148143546081469,-2.761023449994231,0.211175364164575,0.0,0.0,Vmag_get_voltage_magnitude_series__angle_get_voltage_angle_series,true,Unknown,Ybus EMT reconstruction using exact complex bus-voltage phasors when available; otherwise diagnostic fallback
8.28,0.0034602073117886434,0.0036391402945502027,0.0034602073117886434,0.0036391402945502027,0.0034602073117886434,0.0036391402945502027,-2.7575632426824424,0.2148145044591252,-2.761023449994231,0.211175364164575,0.0,0.0,Vmag_get_voltage_magnitude_series__angle_get_voltage_angle_series,true,Unknown,Ybus EMT reconstruction using exact complex bus-voltage phasors when available; otherwise diagnostic fallback
8.29,0.003462017827849717,0.003639290781501048,0.003462017827849717,0.003639290781501048,0.003462017827849717,0.003639290781501048,-2.7575614321663813,0.21481465494607604,-2.761023449994231,0.211175364164575,0.0,0.0,Vmag_get_voltage_magnitude_series__angle_get_voltage_angle_series,true,Unknown,Ybus EMT reconstruction using exact complex bus-voltage phasors when available; otherwise diagnostic fallback
8.3,0.0034638269548348255,0.0036394418895773772,0.0034638269548348255,0.0036394418895773772,0.0034638269548348255,0.0036394418895773772,-2.757559623039396,0.21481480605415237,-2.761023449994231,0.211175364164575,0.0,0.0,Vmag_get_voltage_magnitude_series__angle_get_voltage_angle_series,true,Unknown,Ybus EMT reconstruction using exact complex bus-voltage phasors when available; otherwise diagnostic fallback
8.31,0.0034656345925054843,0.003639593604357727,0.0034656345925054843,0.003639593604357727,0.0034656345925054843,0.003639593604357727,-2.7575578154017255,0.21481495776893272,-2.761023449994231,0.211175364164575,0.0,0.0,Vmag_get_voltage_magnitude_series__angle_get_voltage_angle_series,true,Unknown,Ybus EMT reconstruction using exact complex bus-voltage phasors when available; otherwise diagnostic fallback
8.32,0.0034674406414954007,0.0036397459112340047,0.0034674406414954007,0.0036397459112340047,0.0034674406414954007,0.0036397459112340047,-2.7575560093527356,0.214815110075809,-2.761023449994231,0.211175364164575,0.0,0.0,Vmag_get_voltage_magnitude_series__angle_get_voltage_angle_series,true,Unknown,Ybus EMT reconstruction using exact complex bus-voltage phasors when available; otherwise diagnostic fallback
8.33,0.0034692450033739775,0.003639898795710639,0.0034692450033739775,0.003639898795710639,0.0034692450033739775,0.003639898795710639,-2.757554204990857,0.21481526296028564,-2.761023449994231,0.211175364164575,0.0,0.0,Vmag_get_voltage_magnitude_series__angle_get_voltage_angle_series,true,Unknown,Ybus EMT reconstruction using exact complex bus-voltage phasors when available; otherwise diagnostic fallback
8.34,0.0034710475806494223,0.0036400522435356963,0.0034710475806494223,0.0036400522435356963,0.0034710475806494223,0.0036400522435356963,-2.7575524024135816,0.2148154164081107,-2.761023449994231,0.211175364164575,0.0,0.0,Vmag_get_voltage_magnitude_series__angle_get_voltage_angle_series,true,Unknown,Ybus EMT reconstruction using exact complex bus-voltage phasors when available; otherwise diagnostic fallback
8.35,0.0034728482767234503,0.0036402062401426627,0.0034728482767234503,0.0036402062401426627,0.0034728482767234503,0.0036402062401426627,-2.7575506017175075,0.21481557040471766,-2.761023449994231,0.211175364164575,0.0,0.0,Vmag_get_voltage_magnitude_series__angle_get_voltage_angle_series,true,Unknown,Ybus EMT reconstruction using exact complex bus-voltage phasors when available; otherwise diagnostic fallback
8.36,0.003474646995845987,0.0036403607716711806,0.003474646995845987,0.0036403607716711806,0.003474646995845987,0.0036403607716711806,-2.757548802998385,0.21481572493624618,-2.761023449994231,0.211175364164575,0.0,0.0,Vmag_get_voltage_magnitude_series__angle_get_voltage_angle_series,true,Unknown,Ybus EMT reconstruction using exact complex bus-voltage phasors when available; otherwise diagnostic fallback
8.37,0.003476443643235072,0.003640515823828183,0.003476443643235072,0.003640515823828183,0.003476443643235072,0.003640515823828183,-2.757547006350996,0.21481587998840318,-2.761023449994231,0.211175364164575,0.0,0.0,Vmag_get_voltage_magnitude_series__angle_get_voltage_angle_series,true,Unknown,Ybus EMT reconstruction using exact complex bus-voltage phasors when available; otherwise diagnostic fallback
8.38,0.0034782381249880423,0.0036406713826474535,0.0034782381249880423,0.0036406713826474535,0.0034782381249880423,0.0036406713826474535,-2.757545211869243,0.21481603554722245,-2.761023449994231,0.211175364164575,0.0,0.0,Vmag_get_voltage_magnitude_series__angle_get_voltage_angle_series,true,Unknown,Ybus EMT reconstruction using exact complex bus-voltage phasors when available; otherwise diagnostic fallback
8.39,0.0034800303481192785,0.003640827434044591,0.0034800303481192785,0.003640827434044591,0.0034800303481192785,0.003640827434044591,-2.7575434196461117,0.2148161915986196,-2.761023449994231,0.211175364164575,0.0,0.0,Vmag_get_voltage_magnitude_series__angle_get_voltage_angle_series,true,Unknown,Ybus EMT reconstruction using exact complex bus-voltage phasors when available; otherwise diagnostic fallback
8.4,0.0034818202205544324,0.003640983964250666,0.0034818202205544324,0.003640983964250666,0.0034818202205544324,0.003640983964250666,-2.7575416297736766,0.21481634812882566,-2.761023449994231,0.211175364164575,0.0,0.0,Vmag_get_voltage_magnitude_series__angle_get_voltage_angle_series,true,Unknown,Ybus EMT reconstruction using exact complex bus-voltage phasors when available; otherwise diagnostic fallback
8.41,0.003483607651061149,0.0036411409594303,0.003483607651061149,0.0036411409594303,0.003483607651061149,0.0036411409594303,-2.75753984234317,0.2148165051240053,-2.761023449994231,0.211175364164575,0.0,0.0,Vmag_get_voltage_magnitude_series__angle_get_voltage_angle_series,true,Unknown,Ybus EMT reconstruction using exact complex bus-voltage phasors when available; otherwise diagnostic fallback
8.42,0.003485392549344102,0.0036412984060037457,0.003485392549344102,0.0036412984060037457,0.003485392549344102,0.0036412984060037457,-2.757538057444887,0.21481666257057874,-2.761023449994231,0.211175364164575,0.0,0.0,Vmag_get_voltage_magnitude_series__angle_get_voltage_angle_series,true,Unknown,Ybus EMT reconstruction using exact complex bus-voltage phasors when available; otherwise diagnostic fallback
8.43,0.0034871748260729696,0.003641456290092271,0.0034871748260729696,0.003641456290092271,0.0034871748260729696,0.003641456290092271,-2.757536275168158,0.21481682045466727,-2.761023449994231,0.211175364164575,0.0,0.0,Vmag_get_voltage_magnitude_series__angle_get_voltage_angle_series,true,Unknown,Ybus EMT reconstruction using exact complex bus-voltage phasors when available; otherwise diagnostic fallback
8.44,0.003488954392660837,0.003641614598402121,0.003488954392660837,0.003641614598402121,0.003488954392660837,0.003641614598402121,-2.75753449560157,0.21481697876297712,-2.761023449994231,0.211175364164575,0.0,0.0,Vmag_get_voltage_magnitude_series__angle_get_voltage_angle_series,true,Unknown,Ybus EMT reconstruction using exact complex bus-voltage phasors when available; otherwise diagnostic fallback
8.45,0.0034907311615439696,0.003641773317392294,0.0034907311615439696,0.003641773317392294,0.0034907311615439696,0.003641773317392294,-2.757532718832687,0.2148171374819673,-2.761023449994231,0.211175364164575,0.0,0.0,Vmag_get_voltage_magnitude_series__angle_get_voltage_angle_series,true,Unknown,Ybus EMT reconstruction using exact complex bus-voltage phasors when available; otherwise diagnostic fallback
8.46,0.003492505045990857,0.003641932433733508,0.003492505045990857,0.003641932433733508,0.003492505045990857,0.003641932433733508,-2.75753094494824,0.2148172965983085,-2.761023449994231,0.211175364164575,0.0,0.0,Vmag_get_voltage_magnitude_series__angle_get_voltage_angle_series,true,Unknown,Ybus EMT reconstruction using exact complex bus-voltage phasors when available; otherwise diagnostic fallback
8.47,0.003494275960212345,0.0036420919340307556,0.003494275960212345,0.0036420919340307556,0.003494275960212345,0.0036420919340307556,-2.7575291740340186,0.21481745609860575,-2.761023449994231,0.211175364164575,0.0,0.0,Vmag_get_voltage_magnitude_series__angle_get_voltage_angle_series,true,Unknown,Ybus EMT reconstruction using exact complex bus-voltage phasors when available; otherwise diagnostic fallback
8.48,0.0034960438192639387,0.0036422518052958708,0.0034960438192639387,0.0036422518052958708,0.0034960438192639387,0.0036422518052958708,-2.757527406174967,0.21481761596987087,-2.761023449994231,0.211175364164575,0.0,0.0,Vmag_get_voltage_magnitude_series__angle_get_voltage_angle_series,true,Unknown,Ybus EMT reconstruction using exact complex bus-voltage phasors when available; otherwise diagnostic fallback
8.49,0.003497808539056013,0.0036424120342354316,0.003497808539056013,0.0036424120342354316,0.003497808539056013,0.0036424120342354316,-2.757525641455175,0.21481777619881043,-2.761023449994231,0.211175364164575,0.0,0.0,Vmag_get_voltage_magnitude_series__angle_get_voltage_angle_series,true,Unknown,Ybus EMT reconstruction using exact complex bus-voltage phasors when available; otherwise diagnostic fallback
8.5,0.0034995700364759408,0.003642572607931105,0.0034995700364759408,0.003642572607931105,0.0034995700364759408,0.003642572607931105,-2.757523879957755,0.2148179367725061,-2.761023449994231,0.211175364164575,0.0,0.0,Vmag_get_voltage_magnitude_series__angle_get_voltage_angle_series,true,Unknown,Ybus EMT reconstruction using exact complex bus-voltage phasors when available; otherwise diagnostic fallback
8.51,0.0035013282291727066,0.003642733513384677,0.0035013282291727066,0.003642733513384677,0.0035013282291727066,0.003642733513384677,-2.7575221217650583,0.21481809767795967,-2.761023449994231,0.211175364164575,0.0,0.0,Vmag_get_voltage_magnitude_series__angle_get_voltage_angle_series,true,Unknown,Ybus EMT reconstruction using exact complex bus-voltage phasors when available; otherwise diagnostic fallback
8.52,0.0035030830359232823,0.0036428947377400434,0.0035030830359232823,0.0036428947377400434,0.0035030830359232823,0.0036428947377400434,-2.7575203669583077,0.21481825890231504,-2.761023449994231,0.211175364164575,0.0,0.0,Vmag_get_voltage_magnitude_series__angle_get_voltage_angle_series,true,Unknown,Ybus EMT reconstruction using exact complex bus-voltage phasors when available; otherwise diagnostic fallback
8.53,0.003504834376068189,0.0036430562682765455,0.003504834376068189,0.0036430562682765455,0.003504834376068189,0.0036430562682765455,-2.757518615618163,0.21481842043285154,-2.761023449994231,0.211175364164575,0.0,0.0,Vmag_get_voltage_magnitude_series__angle_get_voltage_angle_series,true,Unknown,Ybus EMT reconstruction using exact complex bus-voltage phasors when available; otherwise diagnostic fallback
8.54,0.0035065821699844513,0.0036432180922545965,0.0035065821699844513,0.0036432180922545965,0.0035065821699844513,0.0036432180922545965,-2.7575168678242465,0.2148185822568296,-2.761023449994231,0.211175364164575,0.0,0.0,Vmag_get_voltage_magnitude_series__angle_get_voltage_angle_series,true,Unknown,Ybus EMT reconstruction using exact complex bus-voltage phasors when available; otherwise diagnostic fallback
8.55,0.003508326338961254,0.0036433801972129976,0.003508326338961254,0.0036433801972129976,0.003508326338961254,0.0036433801972129976,-2.7575151236552697,0.214818744361788,-2.761023449994231,0.211175364164575,0.0,0.0,Vmag_get_voltage_magnitude_series__angle_get_voltage_angle_series,true,Unknown,Ybus EMT reconstruction using exact complex bus-voltage phasors when available; otherwise diagnostic fallback
8.56,0.003510066805096912,0.003643542570516134,0.003510066805096912,0.003643542570516134,0.003510066805096912,0.003643542570516134,-2.757513383189134,0.21481890673509113,-2.761023449994231,0.211175364164575,0.0,0.0,Vmag_get_voltage_magnitude_series__angle_get_voltage_angle_series,true,Unknown,Ybus EMT reconstruction using exact complex bus-voltage phasors when available; otherwise diagnostic fallback
8.57,0.0035118034913890206,0.003643705199713021,0.0035118034913890206,0.003643705199713021,0.0035118034913890206,0.003643705199713021,-2.757511646502842,0.21481906936428802,-2.761023449994231,0.211175364164575,0.0,0.0,Vmag_get_voltage_magnitude_series__angle_get_voltage_angle_series,true,Unknown,Ybus EMT reconstruction using exact complex bus-voltage phasors when available; otherwise diagnostic fallback
8.58,0.0035135363216998172,0.003643868072591816,0.0035135363216998172,0.003643868072591816,0.0035135363216998172,0.003643868072591816,-2.757509913672531,0.2148192322371668,-2.761023449994231,0.211175364164575,0.0,0.0,Vmag_get_voltage_magnitude_series__angle_get_voltage_angle_series,true,Unknown,Ybus EMT reconstruction using exact complex bus-voltage phasors when available; otherwise diagnostic fallback
8.59,0.003515265220773056,0.0036440311768392575,0.003515265220773056,0.0036440311768392575,0.003515265220773056,0.0036440311768392575,-2.757508184773458,0.21481939534141425,-2.761023449994231,0.211175364164575,0.0,0.0,Vmag_get_voltage_magnitude_series__angle_get_voltage_angle_series,true,Unknown,Ybus EMT reconstruction using exact complex bus-voltage phasors when available; otherwise diagnostic fallback
8.6,0.003516990114199814,0.003644194500216691,0.003516990114199814,0.003644194500216691,0.003516990114199814,0.003644194500216691,-2.757506459880031,0.2148195586647917,-2.761023449994231,0.211175364164575,0.0,0.0,Vmag_get_voltage_magnitude_series__angle_get_voltage_angle_series,true,Unknown,Ybus EMT reconstruction using exact complex bus-voltage phasors when available; otherwise diagnostic fallback
8.61,0.003518710928427815,0.0036443580307501944,0.003518710928427815,0.0036443580307501944,0.003518710928427815,0.0036443580307501944,-2.757504739065803,0.2148197221953252,-2.761023449994231,0.211175364164575,0.0,0.0,Vmag_get_voltage_magnitude_series__angle_get_voltage_angle_series,true,Unknown,Ybus EMT reconstruction using exact complex bus-voltage phasors when available; otherwise diagnostic fallback
8.62,0.0035204275907609883,0.003644521756414054,0.0035204275907609883,0.003644521756414054,0.0035204275907609883,0.003644521756414054,-2.75750302240347,0.21481988592098905,-2.761023449994231,0.211175364164575,0.0,0.0,Vmag_get_voltage_magnitude_series__angle_get_voltage_angle_series,true,Unknown,Ybus EMT reconstruction using exact complex bus-voltage phasors when available; otherwise diagnostic fallback
8.63,0.00352214002943807,0.0036446856653605253,0.00352214002943807,0.0036446856653605253,0.00352214002943807,0.0036446856653605253,-2.757501309964793,0.21482004982993552,-2.761023449994231,0.211175364164575,0.0,0.0,Vmag_get_voltage_magnitude_series__angle_get_voltage_angle_series,true,Unknown,Ybus EMT reconstruction using exact complex bus-voltage phasors when available; otherwise diagnostic fallback
8.64,0.0035238481734283233,0.003644849745701506,0.0035238481734283233,0.003644849745701506,0.0035238481734283233,0.003644849745701506,-2.7574996018208027,0.2148202139102765,-2.761023449994231,0.211175364164575,0.0,0.0,Vmag_get_voltage_magnitude_series__angle_get_voltage_angle_series,true,Unknown,Ybus EMT reconstruction using exact complex bus-voltage phasors when available; otherwise diagnostic fallback
8.65,0.003525551952714867,0.0036450139857165387,0.003525551952714867,0.0036450139857165387,0.003525551952714867,0.0036450139857165387,-2.757497898041516,0.21482037815029154,-2.761023449994231,0.211175364164575,0.0,0.0,Vmag_get_voltage_magnitude_series__angle_get_voltage_angle_series,true,Unknown,Ybus EMT reconstruction using exact complex bus-voltage phasors when available; otherwise diagnostic fallback
8.66,0.003527251297991363,0.0036451783738263854,0.003527251297991363,0.0036451783738263854,0.003527251297991363,0.0036451783738263854,-2.7574961986962396,0.21482054253840138,-2.761023449994231,0.211175364164575,0.0,0.0,Vmag_get_voltage_magnitude_series__angle_get_voltage_angle_series,true,Unknown,Ybus EMT reconstruction using exact complex bus-voltage phasors when available; otherwise diagnostic fallback
8.67,0.00352894614080812,0.003645342898332793,0.00352894614080812,0.003645342898332793,0.00352894614080812,0.003645342898332793,-2.757494503853423,0.2148207070629078,-2.761023449994231,0.211175364164575,0.0,0.0,Vmag_get_voltage_magnitude_series__angle_get_voltage_angle_series,true,Unknown,Ybus EMT reconstruction using exact complex bus-voltage phasors when available; otherwise diagnostic fallback
8.68,0.003530636413657806,0.0036455075479568944,0.003530636413657806,0.0036455075479568944,0.003530636413657806,0.0036455075479568944,-2.757492813580573,0.2148208717125319,-2.761023449994231,0.211175364164575,0.0,0.0,Vmag_get_voltage_magnitude_series__angle_get_voltage_angle_series,true,Unknown,Ybus EMT reconstruction using exact complex bus-voltage phasors when available; otherwise diagnostic fallback
8.69,0.0035323220498582053,0.0036456723111376044,0.0035323220498582053,0.0036456723111376044,0.0035323220498582053,0.0036456723111376044,-2.757491127944373,0.2148210364757126,-2.761023449994231,0.211175364164575,0.0,0.0,Vmag_get_voltage_magnitude_series__angle_get_voltage_angle_series,true,Unknown,Ybus EMT reconstruction using exact complex bus-voltage phasors when available; otherwise diagnostic fallback
8.7,0.003534002983492268,0.0036458371767317255,0.003534002983492268,0.0036458371767317255,0.003534002983492268,0.0036458371767317255,-2.7574894470107387,0.21482120134130672,-2.761023449994231,0.211175364164575,0.0,0.0,Vmag_get_voltage_magnitude_series__angle_get_voltage_angle_series,true,Unknown,Ybus EMT reconstruction using exact complex bus-voltage phasors when available; otherwise diagnostic fallback
8.71,0.00353567914956443,0.0036460021334346893,0.00353567914956443,0.0036460021334346893,0.00353567914956443,0.0036460021334346893,-2.7574877708446666,0.21482136629800969,-2.761023449994231,0.211175364164575,0.0,0.0,Vmag_get_voltage_magnitude_series__angle_get_voltage_angle_series,true,Unknown,Ybus EMT reconstruction using exact complex bus-voltage phasors when available; otherwise diagnostic fallback
8.72,0.003537350483857171,0.003646167170195058,0.003537350483857171,0.003646167170195058,0.003537350483857171,0.003646167170195058,-2.757486099510374,0.21482153133477006,-2.761023449994231,0.211175364164575,0.0,0.0,Vmag_get_voltage_magnitude_series__angle_get_voltage_angle_series,true,Unknown,Ybus EMT reconstruction using exact complex bus-voltage phasors when available; otherwise diagnostic fallback
8.73,0.0035390169230207214,0.003646332275815456,0.0035390169230207214,0.003646332275815456,0.0035390169230207214,0.003646332275815456,-2.7574844330712103,0.21482169644039045,-2.761023449994231,0.211175364164575,0.0,0.0,Vmag_get_voltage_magnitude_series__angle_get_voltage_angle_series,true,Unknown,Ybus EMT reconstruction using exact complex bus-voltage phasors when available; otherwise diagnostic fallback
8.74,0.0035406784045255435,0.00364649743946166,0.0035406784045255435,0.00364649743946166,0.0035406784045255435,0.00364649743946166,-2.7574827715897055,0.21482186160403666,-2.761023449994231,0.211175364164575,0.0,0.0,Vmag_get_voltage_magnitude_series__angle_get_voltage_angle_series,true,Unknown,Ybus EMT reconstruction using exact complex bus-voltage phasors when available; otherwise diagnostic fallback
8.75,0.0035423348666721033,0.0036466626503944832,0.0035423348666721033,0.0036466626503944832,0.0035423348666721033,0.0036466626503944832,-2.757481115127559,0.21482202681496948,-2.761023449994231,0.211175364164575,0.0,0.0,Vmag_get_voltage_magnitude_series__angle_get_voltage_angle_series,true,Unknown,Ybus EMT reconstruction using exact complex bus-voltage phasors when available; otherwise diagnostic fallback
8.76,0.003543986248589537,0.003646827897804794,0.003543986248589537,0.003646827897804794,0.003543986248589537,0.003646827897804794,-2.7574794637456415,0.2148221920623798,-2.761023449994231,0.211175364164575,0.0,0.0,Vmag_get_voltage_magnitude_series__angle_get_voltage_angle_series,true,Unknown,Ybus EMT reconstruction using exact complex bus-voltage phasors when available; otherwise diagnostic fallback
8.77,0.003545632490236983,0.0036469931707605596,0.003545632490236983,0.0036469931707605596,0.003545632490236983,0.0036469931707605596,-2.757477817503994,0.21482235733533556,-2.761023449994231,0.211175364164575,0.0,0.0,Vmag_get_voltage_magnitude_series__angle_get_voltage_angle_series,true,Unknown,Ybus EMT reconstruction using exact complex bus-voltage phasors when available; otherwise diagnostic fallback
8.78,0.0035472735323667237,0.0036471584588226302,0.0035472735323667237,0.0036471584588226302,0.0035472735323667237,0.0036471584588226302,-2.7574761764618643,0.21482252262339763,-2.761023449994231,0.211175364164575,0.0,0.0,Vmag_get_voltage_magnitude_series__angle_get_voltage_angle_series,true,Unknown,Ybus EMT reconstruction using exact complex bus-voltage phasors when available; otherwise diagnostic fallback
8.79,0.0035489093165916863,0.0036473237516046475,0.0035489093165916863,0.0036473237516046475,0.0035489093165916863,0.0036473237516046475,-2.7574745406776393,0.21482268791617964,-2.761023449994231,0.211175364164575,0.0,0.0,Vmag_get_voltage_magnitude_series__angle_get_voltage_angle_series,true,Unknown,Ybus EMT reconstruction using exact complex bus-voltage phasors when available; otherwise diagnostic fallback
8.8,0.0035505397853250464,0.003647489038578311,0.0035505397853250464,0.003647489038578311,0.0035505397853250464,0.003647489038578311,-2.757472910208906,0.2148228532031533,-2.761023449994231,0.211175364164575,0.0,0.0,Vmag_get_voltage_magnitude_series__angle_get_voltage_angle_series,true,Unknown,Ybus EMT reconstruction using exact complex bus-voltage phasors when available; otherwise diagnostic fallback
8.81,0.0035521648817442575,0.0036476543092114344,0.0035521648817442575,0.0036476543092114344,0.0035521648817442575,0.0036476543092114344,-2.7574712851124867,0.21482301847378643,-2.761023449994231,0.211175364164575,0.0,0.0,Vmag_get_voltage_magnitude_series__angle_get_voltage_angle_series,true,Unknown,Ybus EMT reconstruction using exact complex bus-voltage phasors when available; otherwise diagnostic fallback
8.82,0.0035537845498567755,0.0036478195535161184,0.0035537845498567755,0.0036478195535161184,0.0035537845498567755,0.0036478195535161184,-2.757469665444374,0.21482318371809112,-2.761023449994231,0.211175364164575,0.0,0.0,Vmag_get_voltage_magnitude_series__angle_get_voltage_angle_series,true,Unknown,Ybus EMT reconstruction using exact complex bus-voltage phasors when available; otherwise diagnostic fallback
8.83,0.003555398734572446,0.0036479847613197225,0.003555398734572446,0.0036479847613197225,0.003555398734572446,0.0036479847613197225,-2.7574680512596585,0.21482334892589472,-2.761023449994231,0.211175364164575,0.0,0.0,Vmag_get_voltage_magnitude_series__angle_get_voltage_angle_series,true,Unknown,Ybus EMT reconstruction using exact complex bus-voltage phasors when available; otherwise diagnostic fallback
8.84,0.0035570073814428227,0.003648149922442001,0.0035570073814428227,0.003648149922442001,0.0035570073814428227,0.003648149922442001,-2.757466442612788,0.214823514087017,-2.761023449994231,0.211175364164575,0.0,0.0,Vmag_get_voltage_magnitude_series__angle_get_voltage_angle_series,true,Unknown,Ybus EMT reconstruction using exact complex bus-voltage phasors when available; otherwise diagnostic fallback
8.85,0.0035586104369422777,0.0036483150268752373,0.0035586104369422777,0.0036483150268752373,0.0035586104369422777,0.0036483150268752373,-2.7574648395572887,0.21482367919145023,-2.761023449994231,0.211175364164575,0.0,0.0,Vmag_get_voltage_magnitude_series__angle_get_voltage_angle_series,true,Unknown,Ybus EMT reconstruction using exact complex bus-voltage phasors when available; otherwise diagnostic fallback
8.86,0.0035602078482872557,0.003648480064729731,0.0035602078482872557,0.003648480064729731,0.0035602078482872557,0.003648480064729731,-2.7574632421459437,0.21482384422930473,-2.761023449994231,0.211175364164575,0.0,0.0,Vmag_get_voltage_magnitude_series__angle_get_voltage_angle_series,true,Unknown,Ybus EMT reconstruction using exact complex bus-voltage phasors when available; otherwise diagnostic fallback
8.87,0.003561799563500223,0.0036486450262739334,0.003561799563500223,0.0036486450262739334,0.003561799563500223,0.0036486450262739334,-2.7574616504307308,0.21482400919084893,-2.761023449994231,0.211175364164575,0.0,0.0,Vmag_get_voltage_magnitude_series__angle_get_voltage_angle_series,true,Unknown,Ybus EMT reconstruction using exact complex bus-voltage phasors when available; otherwise diagnostic fallback
8.88,0.003563385531392793,0.0036488099017019104,0.003563385531392793,0.0036488099017019104,0.003563385531392793,0.0036488099017019104,-2.757460064462838,0.2148241740662769,-2.761023449994231,0.211175364164575,0.0,0.0,Vmag_get_voltage_magnitude_series__angle_get_voltage_angle_series,true,Unknown,Ybus EMT reconstruction using exact complex bus-voltage phasors when available; otherwise diagnostic fallback
8.89,0.003564965701538636,0.0036489746813825885,0.003564965701538636,0.0036489746813825885,0.003564965701538636,0.0036489746813825885,-2.7574584842926924,0.21482433884595759,-2.761023449994231,0.211175364164575,0.0,0.0,Vmag_get_voltage_magnitude_series__angle_get_voltage_angle_series,true,Unknown,Ybus EMT reconstruction using exact complex bus-voltage phasors when available; otherwise diagnostic fallback
8.9,0.0035665400243409806,0.0036491393556675744,0.0035665400243409806,0.0036491393556675744,0.0035665400243409806,0.0036491393556675744,-2.75745690996989,0.21482450352024257,-2.761023449994231,0.211175364164575,0.0,0.0,Vmag_get_voltage_magnitude_series__angle_get_voltage_angle_series,true,Unknown,Ybus EMT reconstruction using exact complex bus-voltage phasors when available; otherwise diagnostic fallback
8.91,0.0035681084509286976,0.003649303915248092,0.0035681084509286976,0.003649303915248092,0.0035681084509286976,0.003649303915248092,-2.7574553415433023,0.2148246680798231,-2.761023449994231,0.211175364164575,0.0,0.0,Vmag_get_voltage_magnitude_series__angle_get_voltage_angle_series,true,Unknown,Ybus EMT reconstruction using exact complex bus-voltage phasors when available; otherwise diagnostic fallback
8.92,0.003569670933288638,0.003649468350668761,0.003569670933288638,0.003649468350668761,0.003569670933288638,0.003649468350668761,-2.7574537790609424,0.21482483251524376,-2.761023449994231,0.211175364164575,0.0,0.0,Vmag_get_voltage_magnitude_series__angle_get_voltage_angle_series,true,Unknown,Ybus EMT reconstruction using exact complex bus-voltage phasors when available; otherwise diagnostic fallback
8.93,0.003571227424107093,0.0036496326525698453,0.003571227424107093,0.0036496326525698453,0.003571227424107093,0.0036496326525698453,-2.757452222570124,0.21482499681714484,-2.761023449994231,0.211175364164575,0.0,0.0,Vmag_get_voltage_magnitude_series__angle_get_voltage_angle_series,true,Unknown,Ybus EMT reconstruction using exact complex bus-voltage phasors when available; otherwise diagnostic fallback
8.94,0.003572777876885258,0.0036497968118393564,0.003572777876885258,0.0036497968118393564,0.003572777876885258,0.0036497968118393564,-2.7574506721173457,0.21482516097641435,-2.761023449994231,0.211175364164575,0.0,0.0,Vmag_get_voltage_magnitude_series__angle_get_voltage_angle_series,true,Unknown,Ybus EMT reconstruction using exact complex bus-voltage phasors when available; otherwise diagnostic fallback
8.95,0.003574322245858408,0.0036499608191941646,0.003574322245858408,0.0036499608191941646,0.003574322245858408,0.0036499608191941646,-2.7574491277483726,0.21482532498376916,-2.761023449994231,0.211175364164575,0.0,0.0,Vmag_get_voltage_magnitude_series__angle_get_voltage_angle_series,true,Unknown,Ybus EMT reconstruction using exact complex bus-voltage phasors when available; otherwise diagnostic fallback
8.96,0.0035758604860203214,0.0036501246657461572,0.0035758604860203214,0.0036501246657461572,0.0035758604860203214,0.0036501246657461572,-2.7574475895082107,0.21482548883032115,-2.761023449994231,0.211175364164575,0.0,0.0,Vmag_get_voltage_magnitude_series__angle_get_voltage_angle_series,true,Unknown,Ybus EMT reconstruction using exact complex bus-voltage phasors when available; otherwise diagnostic fallback
8.97,0.0035773925531863426,0.0036502883424545107,0.0035773925531863426,0.0036502883424545107,0.0035773925531863426,0.0036502883424545107,-2.7574460574410447,0.2148256525070295,-2.761023449994231,0.211175364164575,0.0,0.0,Vmag_get_voltage_magnitude_series__angle_get_voltage_angle_series,true,Unknown,Ybus EMT reconstruction using exact complex bus-voltage phasors when available; otherwise diagnostic fallback
8.98,0.0035789184038663713,0.0036504518404822384,0.0035789184038663713,0.0036504518404822384,0.0035789184038663713,0.0036504518404822384,-2.7574445315903646,0.21482581600505724,-2.761023449994231,0.211175364164575,0.0,0.0,Vmag_get_voltage_magnitude_series__angle_get_voltage_angle_series,true,Unknown,Ybus EMT reconstruction using exact complex bus-voltage phasors when available; otherwise diagnostic fallback
8.99,0.0035804379952959486,0.0036506151509909657,0.0035804379952959486,0.0036506151509909657,0.0035804379952959486,0.0036506151509909657,-2.757443011998935,0.21482597931556596,-2.761023449994231,0.211175364164575,0.0,0.0,Vmag_get_voltage_magnitude_series__angle_get_voltage_angle_series,true,Unknown,Ybus EMT reconstruction using exact complex bus-voltage phasors when available; otherwise diagnostic fallback
9.0,0.003581951285561491,0.0036507782653625864,0.003581951285561491,0.0036507782653625864,0.003581951285561491,0.0036507782653625864,-2.7574414987086695,0.21482614242993758,-2.761023449994231,0.211175364164575,0.0,0.0,Vmag_get_voltage_magnitude_series__angle_get_voltage_angle_series,true,Unknown,Ybus EMT reconstruction using exact complex bus-voltage phasors when available; otherwise diagnostic fallback
9.01,0.0035834582334643983,0.0036509411748217313,0.0035834582334643983,0.0036509411748217313,0.0035834582334643983,0.0036509411748217313,-2.7574399917607666,0.21482630533939673,-2.761023449994231,0.211175364164575,0.0,0.0,Vmag_get_voltage_magnitude_series__angle_get_voltage_angle_series,true,Unknown,Ybus EMT reconstruction using exact complex bus-voltage phasors when available; otherwise diagnostic fallback
9.02,0.00358495879847176,0.003651103871119943,0.00358495879847176,0.003651103871119943,0.00358495879847176,0.003651103871119943,-2.7574384911957592,0.21482646803569494,-2.761023449994231,0.211175364164575,0.0,0.0,Vmag_get_voltage_magnitude_series__angle_get_voltage_angle_series,true,Unknown,Ybus EMT reconstruction using exact complex bus-voltage phasors when available; otherwise diagnostic fallback
9.03,0.0035864529408677903,0.003651266345501336,0.0035864529408677903,0.003651266345501336,0.0035864529408677903,0.003651266345501336,-2.757436997053363,0.21482663051007633,-2.761023449994231,0.211175364164575,0.0,0.0,Vmag_get_voltage_magnitude_series__angle_get_voltage_angle_series,true,Unknown,Ybus EMT reconstruction using exact complex bus-voltage phasors when available; otherwise diagnostic fallback
9.04,0.0035879406216565712,0.0036514285897443766,0.0035879406216565712,0.0036514285897443766,0.0035879406216565712,0.0036514285897443766,-2.7574355093725744,0.21482679275431937,-2.761023449994231,0.211175364164575,0.0,0.0,Vmag_get_voltage_magnitude_series__angle_get_voltage_angle_series,true,Unknown,Ybus EMT reconstruction using exact complex bus-voltage phasors when available; otherwise diagnostic fallback
9.05,0.003589421802567827,0.003651590595527332,0.003589421802567827,0.003651590595527332,0.003589421802567827,0.003651590595527332,-2.757434028191663,0.21482695476010233,-2.761023449994231,0.211175364164575,0.0,0.0,Vmag_get_voltage_magnitude_series__angle_get_voltage_angle_series,true,Unknown,Ybus EMT reconstruction using exact complex bus-voltage phasors when available; otherwise diagnostic fallback
9.06,0.0035908964460498183,0.00365175235476195,0.0035908964460498183,0.00365175235476195,0.0035908964460498183,0.00365175235476195,-2.757432553548181,0.21482711651933695,-2.761023449994231,0.211175364164575,0.0,0.0,Vmag_get_voltage_magnitude_series__angle_get_voltage_angle_series,true,Unknown,Ybus EMT reconstruction using exact complex bus-voltage phasors when available; otherwise diagnostic fallback
9.07,0.0035923645152977635,0.0036519138591412648,0.0035923645152977635,0.0036519138591412648,0.0035923645152977635,0.0036519138591412648,-2.7574310854789332,0.21482727802371626,-2.761023449994231,0.211175364164575,0.0,0.0,Vmag_get_voltage_magnitude_series__angle_get_voltage_angle_series,true,Unknown,Ybus EMT reconstruction using exact complex bus-voltage phasors when available; otherwise diagnostic fallback
9.08,0.0035938259742014367,0.0036520751007720897,0.0035938259742014367,0.0036520751007720897,0.0035938259742014367,0.0036520751007720897,-2.7574296240200296,0.2148274392653471,-2.761023449994231,0.211175364164575,0.0,0.0,Vmag_get_voltage_magnitude_series__angle_get_voltage_angle_series,true,Unknown,Ybus EMT reconstruction using exact complex bus-voltage phasors when available; otherwise diagnostic fallback
9.09,0.003595280787386912,0.0036522360717554103,0.003595280787386912,0.0036522360717554103,0.003595280787386912,0.0036522360717554103,-2.757428169206844,0.2148276002363304,-2.761023449994231,0.211175364164575,0.0,0.0,Vmag_get_voltage_magnitude_series__angle_get_voltage_angle_series,true,Unknown,Ybus EMT reconstruction using exact complex bus-voltage phasors when available; otherwise diagnostic fallback
9.1,0.003596728920176595,0.0036523967641459154,0.003596728920176595,0.0036523967641459154,0.003596728920176595,0.0036523967641459154,-2.7574267210740544,0.2148277609287209,-2.761023449994231,0.211175364164575,0.0,0.0,Vmag_get_voltage_magnitude_series__angle_get_voltage_angle_series,true,Unknown,Ybus EMT reconstruction using exact complex bus-voltage phasors when available; otherwise diagnostic fallback
9.11,0.003598170338679818,0.003652557170126469,0.003598170338679818,0.003652557170126469,0.003598170338679818,0.003652557170126469,-2.757425279655551,0.21482792133470147,-2.761023449994231,0.211175364164575,0.0,0.0,Vmag_get_voltage_magnitude_series__angle_get_voltage_angle_series,true,Unknown,Ybus EMT reconstruction using exact complex bus-voltage phasors when available; otherwise diagnostic fallback
9.12,0.0035996050095805643,0.0036527172820338127,0.0035996050095805643,0.0036527172820338127,0.0035996050095805643,0.0036527172820338127,-2.7574238449846504,0.2148280814466088,-2.761023449994231,0.211175364164575,0.0,0.0,Vmag_get_voltage_magnitude_series__angle_get_voltage_angle_series,true,Unknown,Ybus EMT reconstruction using exact complex bus-voltage phasors when available; otherwise diagnostic fallback
9.13,0.0036010329003617336,0.0036528770923565657,0.0036010329003617336,0.0036528770923565657,0.0036010329003617336,0.0036528770923565657,-2.7574224170938693,0.21482824125693156,-2.761023449994231,0.211175364164575,0.0,0.0,Vmag_get_voltage_magnitude_series__angle_get_voltage_angle_series,true,Unknown,Ybus EMT reconstruction using exact complex bus-voltage phasors when available; otherwise diagnostic fallback
9.14,0.0036024539791550403,0.0036530365934946407,0.0036024539791550403,0.0036530365934946407,0.0036024539791550403,0.0036530365934946407,-2.757420996015076,0.21482840075806964,-2.761023449994231,0.211175364164575,0.0,0.0,Vmag_get_voltage_magnitude_series__angle_get_voltage_angle_series,true,Unknown,Ybus EMT reconstruction using exact complex bus-voltage phasors when available; otherwise diagnostic fallback
9.15,0.003603868214861805,0.003653195777927609,0.003603868214861805,0.003653195777927609,0.003603868214861805,0.003653195777927609,-2.757419581779369,0.2148285599425026,-2.761023449994231,0.211175364164575,0.0,0.0,Vmag_get_voltage_magnitude_series__angle_get_voltage_angle_series,true,Unknown,Ybus EMT reconstruction using exact complex bus-voltage phasors when available; otherwise diagnostic fallback
9.16,0.003605275576957556,0.003653354638308015,0.003605275576957556,0.003653354638308015,0.003605275576957556,0.003653354638308015,-2.7574181744172734,0.214828718802883,-2.761023449994231,0.211175364164575,0.0,0.0,Vmag_get_voltage_magnitude_series__angle_get_voltage_angle_series,true,Unknown,Ybus EMT reconstruction using exact complex bus-voltage phasors when available; otherwise diagnostic fallback
9.17,0.0036066760357233996,0.0036535131674834687,0.0036066760357233996,0.0036535131674834687,0.0036066760357233996,0.0036535131674834687,-2.7574167739585076,0.21482887733205847,-2.761023449994231,0.211175364164575,0.0,0.0,Vmag_get_voltage_magnitude_series__angle_get_voltage_angle_series,true,Unknown,Ybus EMT reconstruction using exact complex bus-voltage phasors when available; otherwise diagnostic fallback
9.18,0.0036080695620546166,0.0036536713580964664,0.0036080695620546166,0.0036536713580964664,0.0036080695620546166,0.0036536713580964664,-2.7574153804321764,0.21482903552267146,-2.761023449994231,0.211175364164575,0.0,0.0,Vmag_get_voltage_magnitude_series__angle_get_voltage_angle_series,true,Unknown,Ybus EMT reconstruction using exact complex bus-voltage phasors when available; otherwise diagnostic fallback
9.19,0.003609456127561028,0.003653829203229486,0.003609456127561028,0.003653829203229486,0.003609456127561028,0.003653829203229486,-2.75741399386667,0.21482919336780448,-2.761023449994231,0.211175364164575,0.0,0.0,Vmag_get_voltage_magnitude_series__angle_get_voltage_angle_series,true,Unknown,Ybus EMT reconstruction using exact complex bus-voltage phasors when available; otherwise diagnostic fallback
9.2,0.003610835704499493,0.0036539866956895595,0.003610835704499493,0.0036539866956895595,0.003610835704499493,0.0036539866956895595,-2.7574126142897315,0.21482935086026456,-2.761023449994231,0.211175364164575,0.0,0.0,Vmag_get_voltage_magnitude_series__angle_get_voltage_angle_series,true,Unknown,Ybus EMT reconstruction using exact complex bus-voltage phasors when available; otherwise diagnostic fallback
9.21,0.0036122082657876753,0.003654143828398848,0.0036122082657876753,0.003654143828398848,0.0036122082657876753,0.003654143828398848,-2.7574112417284433,0.21482950799297384,-2.761023449994231,0.211175364164575,0.0,0.0,Vmag_get_voltage_magnitude_series__angle_get_voltage_angle_series,true,Unknown,Ybus EMT reconstruction using exact complex bus-voltage phasors when available; otherwise diagnostic fallback
9.22,0.0036135737850768734,0.0036543005947053953,0.0036135737850768734,0.0036543005947053953,0.0036135737850768734,0.0036543005947053953,-2.757409876209154,0.2148296647592804,-2.761023449994231,0.211175364164575,0.0,0.0,Vmag_get_voltage_magnitude_series__angle_get_voltage_angle_series,true,Unknown,Ybus EMT reconstruction using exact complex bus-voltage phasors when available; otherwise diagnostic fallback
9.23,0.0036149322365810477,0.0036544569877614563,0.0036149322365810477,0.0036544569877614563,0.0036149322365810477,0.0036544569877614563,-2.75740851775765,0.21482982115233645,-2.761023449994231,0.211175364164575,0.0,0.0,Vmag_get_voltage_magnitude_series__angle_get_voltage_angle_series,true,Unknown,Ybus EMT reconstruction using exact complex bus-voltage phasors when available; otherwise diagnostic fallback
9.24,0.0036162835953121863,0.0036546130008214828,0.0036162835953121863,0.0036546130008214828,0.0036162835953121863,0.0036546130008214828,-2.757407166398919,0.21482997716539648,-2.761023449994231,0.211175364164575,0.0,0.0,Vmag_get_voltage_magnitude_series__angle_get_voltage_angle_series,true,Unknown,Ybus EMT reconstruction using exact complex bus-voltage phasors when available; otherwise diagnostic fallback
9.25,0.0036176278368342807,0.003654768627241012,0.0036176278368342807,0.003654768627241012,0.0036176278368342807,0.003654768627241012,-2.7574058221573967,0.214830132791816,-2.761023449994231,0.211175364164575,0.0,0.0,Vmag_get_voltage_magnitude_series__angle_get_voltage_angle_series,true,Unknown,Ybus EMT reconstruction using exact complex bus-voltage phasors when available; otherwise diagnostic fallback
9.26,0.0036189649373858934,0.0036549238604557943,0.0036189649373858934,0.0036549238604557943,0.0036189649373858934,0.0036549238604557943,-2.757404485056845,0.2148302880250308,-2.761023449994231,0.211175364164575,0.0,0.0,Vmag_get_voltage_magnitude_series__angle_get_voltage_angle_series,true,Unknown,Ybus EMT reconstruction using exact complex bus-voltage phasors when available; otherwise diagnostic fallback
9.27,0.003620294873865948,0.003655078693997782,0.003620294873865948,0.003655078693997782,0.003620294873865948,0.003655078693997782,-2.757403155120365,0.21483044285857278,-2.761023449994231,0.211175364164575,0.0,0.0,Vmag_get_voltage_magnitude_series__angle_get_voltage_angle_series,true,Unknown,Ybus EMT reconstruction using exact complex bus-voltage phasors when available; otherwise diagnostic fallback
9.28,0.0036216176237853226,0.0036552331214975142,0.0036216176237853226,0.0036552331214975142,0.0036216176237853226,0.0036552331214975142,-2.7574018323704457,0.2148305972860725,-2.761023449994231,0.211175364164575,0.0,0.0,Vmag_get_voltage_magnitude_series__angle_get_voltage_angle_series,true,Unknown,Ybus EMT reconstruction using exact complex bus-voltage phasors when available; otherwise diagnostic fallback
9.29,0.0036229331653672148,0.0036553871366819535,0.0036229331653672148,0.0036553871366819535,0.0036229331653672148,0.0036553871366819535,-2.757400516828864,0.21483075130125695,-2.761023449994231,0.211175364164575,0.0,0.0,Vmag_get_voltage_magnitude_series__angle_get_voltage_angle_series,true,Unknown,Ybus EMT reconstruction using exact complex bus-voltage phasors when available; otherwise diagnostic fallback
9.3,0.003624241477426793,0.003655540733253415,0.003624241477426793,0.003655540733253415,0.003624241477426793,0.003655540733253415,-2.757399208516804,0.2148309048978284,-2.761023449994231,0.211175364164575,0.0,0.0,Vmag_get_voltage_magnitude_series__angle_get_voltage_angle_series,true,Unknown,Ybus EMT reconstruction using exact complex bus-voltage phasors when available; otherwise diagnostic fallback
9.31,0.0036255425393880714,0.0036556939049897097,0.0036255425393880714,0.0036556939049897097,0.0036255425393880714,0.0036556939049897097,-2.757397907454843,0.2148310580695647,-2.761023449994231,0.211175364164575,0.0,0.0,Vmag_get_voltage_magnitude_series__angle_get_voltage_angle_series,true,Unknown,Ybus EMT reconstruction using exact complex bus-voltage phasors when available; otherwise diagnostic fallback
9.32,0.00362683633130656,0.0036558466459263306,0.00362683633130656,0.0036558466459263306,0.00362683633130656,0.0036558466459263306,-2.7573966136629244,0.21483121081050133,-2.761023449994231,0.211175364164575,0.0,0.0,Vmag_get_voltage_magnitude_series__angle_get_voltage_angle_series,true,Unknown,Ybus EMT reconstruction using exact complex bus-voltage phasors when available; otherwise diagnostic fallback
9.33,0.0036281228339882787,0.0036559989499700407,0.0036281228339882787,0.0036559989499700407,0.0036281228339882787,0.0036559989499700407,-2.7573953271602427,0.21483136311454504,-2.761023449994231,0.211175364164575,0.0,0.0,Vmag_get_voltage_magnitude_series__angle_get_voltage_angle_series,true,Unknown,Ybus EMT reconstruction using exact complex bus-voltage phasors when available; otherwise diagnostic fallback
9.34,0.0036294020286389284,0.0036561508113596153,0.0036294020286389284,0.0036561508113596153,0.0036294020286389284,0.0036561508113596153,-2.757394047965592,0.2148315149759346,-2.761023449994231,0.211175364164575,0.0,0.0,Vmag_get_voltage_magnitude_series__angle_get_voltage_angle_series,true,Unknown,Ybus EMT reconstruction using exact complex bus-voltage phasors when available; otherwise diagnostic fallback
9.35,0.00363067389728311,0.003656302223964236,0.00363067389728311,0.003656302223964236,0.00363067389728311,0.003656302223964236,-2.757392776096948,0.21483166638853923,-2.761023449994231,0.211175364164575,0.0,0.0,Vmag_get_voltage_magnitude_series__angle_get_voltage_angle_series,true,Unknown,Ybus EMT reconstruction using exact complex bus-voltage phasors when available; otherwise diagnostic fallback
9.36,0.0036319384224601237,0.0036564531822975144,0.0036319384224601237,0.0036564531822975144,0.0036319384224601237,0.0036564531822975144,-2.757391511571771,0.2148318173468725,-2.761023449994231,0.211175364164575,0.0,0.0,Vmag_get_voltage_magnitude_series__angle_get_voltage_angle_series,true,Unknown,Ybus EMT reconstruction using exact complex bus-voltage phasors when available; otherwise diagnostic fallback
9.37,0.0036331955873181165,0.0036566036805132374,0.0036331955873181165,0.0036566036805132374,0.0036331955873181165,0.0036566036805132374,-2.757390254406913,0.21483196784508823,-2.761023449994231,0.211175364164575,0.0,0.0,Vmag_get_voltage_magnitude_series__angle_get_voltage_angle_series,true,Unknown,Ybus EMT reconstruction using exact complex bus-voltage phasors when available; otherwise diagnostic fallback
9.38,0.003634445375620299,0.003656753713003058,0.003634445375620299,0.003656753713003058,0.003634445375620299,0.003656753713003058,-2.7573890046186107,0.21483211787757805,-2.761023449994231,0.211175364164575,0.0,0.0,Vmag_get_voltage_magnitude_series__angle_get_voltage_angle_series,true,Unknown,Ybus EMT reconstruction using exact complex bus-voltage phasors when available; otherwise diagnostic fallback
9.39,0.003635687771778695,0.0036569032742831964,0.003635687771778695,0.0036569032742831964,0.003635687771778695,0.0036569032742831964,-2.7573877622224523,0.2148322674388582,-2.761023449994231,0.211175364164575,0.0,0.0,Vmag_get_voltage_magnitude_series__angle_get_voltage_angle_series,true,Unknown,Ybus EMT reconstruction using exact complex bus-voltage phasors when available; otherwise diagnostic fallback
9.4,0.0036369227606964927,0.003657052358920554,0.0036369227606964927,0.003657052358920554,0.0036369227606964927,0.003657052358920554,-2.7573865272335345,0.21483241652349555,-2.761023449994231,0.211175364164575,0.0,0.0,Vmag_get_voltage_magnitude_series__angle_get_voltage_angle_series,true,Unknown,Ybus EMT reconstruction using exact complex bus-voltage phasors when available; otherwise diagnostic fallback
9.41,0.0036381503280251692,0.0036572009613645706,0.0036381503280251692,0.0036572009613645706,0.0036381503280251692,0.0036572009613645706,-2.757385299666206,0.21483256512593957,-2.761023449994231,0.211175364164575,0.0,0.0,Vmag_get_voltage_magnitude_series__angle_get_voltage_angle_series,true,Unknown,Ybus EMT reconstruction using exact complex bus-voltage phasors when available; otherwise diagnostic fallback
9.42,0.003639370459862512,0.003657349076432448,0.003639370459862512,0.003657349076432448,0.003639370459862512,0.003657349076432448,-2.7573840795343685,0.21483271324100744,-2.761023449994231,0.211175364164575,0.0,0.0,Vmag_get_voltage_magnitude_series__angle_get_voltage_angle_series,true,Unknown,Ybus EMT reconstruction using exact complex bus-voltage phasors when available; otherwise diagnostic fallback
9.43,0.003640583142925813,0.003657496698960372,0.003640583142925813,0.003657496698960372,0.003640583142925813,0.003657496698960372,-2.757382866851305,0.21483286086353537,-2.761023449994231,0.211175364164575,0.0,0.0,Vmag_get_voltage_magnitude_series__angle_get_voltage_angle_series,true,Unknown,Ybus EMT reconstruction using exact complex bus-voltage phasors when available; otherwise diagnostic fallback
9.44,0.0036417883645256666,0.0036576438235945696,0.0036417883645256666,0.0036576438235945696,0.0036417883645256666,0.0036576438235945696,-2.7573816616297053,0.21483300798816957,-2.761023449994231,0.211175364164575,0.0,0.0,Vmag_get_voltage_magnitude_series__angle_get_voltage_angle_series,true,Unknown,Ybus EMT reconstruction using exact complex bus-voltage phasors when available; otherwise diagnostic fallback
9.45,0.003642986112605495,0.003657790445328102,0.003642986112605495,0.003657790445328102,0.003642986112605495,0.003657790445328102,-2.7573804638816255,0.2148331546099031,-2.761023449994231,0.211175364164575,0.0,0.0,Vmag_get_voltage_magnitude_series__angle_get_voltage_angle_series,true,Unknown,Ybus EMT reconstruction using exact complex bus-voltage phasors when available; otherwise diagnostic fallback
9.46,0.0036441763756238643,0.003657936559282593,0.0036441763756238643,0.003657936559282593,0.0036441763756238643,0.003657936559282593,-2.757379273618607,0.2148333007238576,-2.761023449994231,0.211175364164575,0.0,0.0,Vmag_get_voltage_magnitude_series__angle_get_voltage_angle_series,true,Unknown,Ybus EMT reconstruction using exact complex bus-voltage phasors when available; otherwise diagnostic fallback
9.47,0.0036453591425784637,0.0036580821603635627,0.0036453591425784637,0.0036580821603635627,0.0036453591425784637,0.0036580821603635627,-2.7573780908516525,0.21483344632493856,-2.761023449994231,0.211175364164575,0.0,0.0,Vmag_get_voltage_magnitude_series__angle_get_voltage_angle_series,true,Unknown,Ybus EMT reconstruction using exact complex bus-voltage phasors when available; otherwise diagnostic fallback
9.48,0.0036465344030993663,0.0036582272437640784,0.0036465344030993663,0.0036582272437640784,0.0036465344030993663,0.0036582272437640784,-2.7573769155911316,0.21483359140833908,-2.761023449994231,0.211175364164575,0.0,0.0,Vmag_get_voltage_magnitude_series__angle_get_voltage_angle_series,true,Unknown,Ybus EMT reconstruction using exact complex bus-voltage phasors when available; otherwise diagnostic fallback
9.49,0.0036477021473082516,0.0036583718045963276,0.0036477021473082516,0.0036583718045963276,0.0036477021473082516,0.0036583718045963276,-2.7573757478469227,0.21483373596917132,-2.761023449994231,0.211175364164575,0.0,0.0,Vmag_get_voltage_magnitude_series__angle_get_voltage_angle_series,true,Unknown,Ybus EMT reconstruction using exact complex bus-voltage phasors when available; otherwise diagnostic fallback
9.5,0.003648862365972949,0.003658515838334264,0.003648862365972949,0.003658515838334264,0.003648862365972949,0.003658515838334264,-2.757374587628258,0.21483388000290926,-2.761023449994231,0.211175364164575,0.0,0.0,Vmag_get_voltage_magnitude_series__angle_get_voltage_angle_series,true,Unknown,Ybus EMT reconstruction using exact complex bus-voltage phasors when available; otherwise diagnostic fallback
9.51,0.0036500150503187,0.0036586593402480605,0.0036500150503187,0.0036586593402480605,0.0036500150503187,0.0036586593402480605,-2.7573734349439123,0.21483402350482306,-2.761023449994231,0.211175364164575,0.0,0.0,Vmag_get_voltage_magnitude_series__angle_get_voltage_angle_series,true,Unknown,Ybus EMT reconstruction using exact complex bus-voltage phasors when available; otherwise diagnostic fallback
9.52,0.0036511601921720427,0.003658802305640363,0.0036511601921720427,0.003658802305640363,0.0036511601921720427,0.003658802305640363,-2.757372289802059,0.21483416647021536,-2.761023449994231,0.211175364164575,0.0,0.0,Vmag_get_voltage_magnitude_series__angle_get_voltage_angle_series,true,Unknown,Ybus EMT reconstruction using exact complex bus-voltage phasors when available; otherwise diagnostic fallback
9.53,0.0036522977838897575,0.003658944730151603,0.0036522977838897575,0.003658944730151603,0.0036522977838897575,0.003658944730151603,-2.7573711522103412,0.2148343088947266,-2.761023449994231,0.211175364164575,0.0,0.0,Vmag_get_voltage_magnitude_series__angle_get_voltage_angle_series,true,Unknown,Ybus EMT reconstruction using exact complex bus-voltage phasors when available; otherwise diagnostic fallback
9.54,0.003653427818371746,0.0036590866094209917,0.003653427818371746,0.0036590866094209917,0.003653427818371746,0.0036590866094209917,-2.7573700221758592,0.214834450773996,-2.761023449994231,0.211175364164575,0.0,0.0,Vmag_get_voltage_magnitude_series__angle_get_voltage_angle_series,true,Unknown,Ybus EMT reconstruction using exact complex bus-voltage phasors when available; otherwise diagnostic fallback
9.55,0.0036545502890317216,0.00365922793898249,0.0036545502890317216,0.00365922793898249,0.0036545502890317216,0.00365922793898249,-2.7573688997051993,0.2148345921035575,-2.761023449994231,0.211175364164575,0.0,0.0,Vmag_get_voltage_magnitude_series__angle_get_voltage_angle_series,true,Unknown,Ybus EMT reconstruction using exact complex bus-voltage phasors when available; otherwise diagnostic fallback
9.56,0.0036556651899073422,0.003659368714520217,0.0036556651899073422,0.003659368714520217,0.0036556651899073422,0.003659368714520217,-2.7573677848043237,0.2148347328790952,-2.761023449994231,0.211175364164575,0.0,0.0,Vmag_get_voltage_magnitude_series__angle_get_voltage_angle_series,true,Unknown,Ybus EMT reconstruction using exact complex bus-voltage phasors when available; otherwise diagnostic fallback
9.57,0.003656772515442608,0.003659508931879607,0.003656772515442608,0.003659508931879607,0.003656772515442608,0.003659508931879607,-2.7573666774787884,0.2148348730964546,-2.761023449994231,0.211175364164575,0.0,0.0,Vmag_get_voltage_magnitude_series__angle_get_voltage_angle_series,true,Unknown,Ybus EMT reconstruction using exact complex bus-voltage phasors when available; otherwise diagnostic fallback
9.58,0.0036578722606304126,0.00365964858693002,0.0036578722606304126,0.00365964858693002,0.0036578722606304126,0.00365964858693002,-2.7573655777336006,0.21483501275150502,-2.761023449994231,0.211175364164575,0.0,0.0,Vmag_get_voltage_magnitude_series__angle_get_voltage_angle_series,true,Unknown,Ybus EMT reconstruction using exact complex bus-voltage phasors when available; otherwise diagnostic fallback
9.59,0.0036589644210711647,0.003659787675522219,0.0036589644210711647,0.003659787675522219,0.0036589644210711647,0.003659787675522219,-2.75736448557316,0.21483515184009722,-2.761023449994231,0.211175364164575,0.0,0.0,Vmag_get_voltage_magnitude_series__angle_get_voltage_angle_series,true,Unknown,Ybus EMT reconstruction using exact complex bus-voltage phasors when available; otherwise diagnostic fallback
9.6,0.0036600489927396396,0.003659926193787355,0.0036600489927396396,0.003659926193787355,0.0036600489927396396,0.003659926193787355,-2.7573634010014914,0.21483529035836235,-2.761023449994231,0.211175364164575,0.0,0.0,Vmag_get_voltage_magnitude_series__angle_get_voltage_angle_series,true,Unknown,Ybus EMT reconstruction using exact complex bus-voltage phasors when available; otherwise diagnostic fallback
9.61,0.0036611259722567624,0.0036600641376651755,0.0036611259722567624,0.0036600641376651755,0.0036611259722567624,0.0036600641376651755,-2.7573623240219742,0.21483542830224017,-2.761023449994231,0.211175364164575,0.0,0.0,Vmag_get_voltage_magnitude_series__angle_get_voltage_angle_series,true,Unknown,Ybus EMT reconstruction using exact complex bus-voltage phasors when available; otherwise diagnostic fallback
9.62,0.003662195356679998,0.003660201503497884,0.003662195356679998,0.003660201503497884,0.003662195356679998,0.003660201503497884,-2.757361254637551,0.21483556566807288,-2.761023449994231,0.211175364164575,0.0,0.0,Vmag_get_voltage_magnitude_series__angle_get_voltage_angle_series,true,Unknown,Ybus EMT reconstruction using exact complex bus-voltage phasors when available; otherwise diagnostic fallback
9.63,0.0036632571435601946,0.0036603382871827073,0.0036632571435601946,0.0036603382871827073,0.0036632571435601946,0.0036603382871827073,-2.757360192850671,0.2148357024517577,-2.761023449994231,0.211175364164575,0.0,0.0,Vmag_get_voltage_magnitude_series__angle_get_voltage_angle_series,true,Unknown,Ybus EMT reconstruction using exact complex bus-voltage phasors when available; otherwise diagnostic fallback
9.64,0.0036643113309833275,0.0036604744852020143,0.0036643113309833275,0.0036604744852020143,0.0036643113309833275,0.0036604744852020143,-2.7573591386632477,0.214835838649777,-2.761023449994231,0.211175364164575,0.0,0.0,Vmag_get_voltage_magnitude_series__angle_get_voltage_angle_series,true,Unknown,Ybus EMT reconstruction using exact complex bus-voltage phasors when available; otherwise diagnostic fallback
9.65,0.003665357917552292,0.0036606100938649244,0.003665357917552292,0.0036606100938649244,0.003665357917552292,0.0036606100938649244,-2.7573580920766787,0.21483597425843992,-2.761023449994231,0.211175364164575,0.0,0.0,Vmag_get_voltage_magnitude_series__angle_get_voltage_angle_series,true,Unknown,Ybus EMT reconstruction using exact complex bus-voltage phasors when available; otherwise diagnostic fallback
9.66,0.0036663969022567855,0.0036607451096450916,0.0036663969022567855,0.0036607451096450916,0.0036663969022567855,0.0036607451096450916,-2.757357053091974,0.2148361092742201,-2.761023449994231,0.211175364164575,0.0,0.0,Vmag_get_voltage_magnitude_series__angle_get_voltage_angle_series,true,Unknown,Ybus EMT reconstruction using exact complex bus-voltage phasors when available; otherwise diagnostic fallback
9.67,0.00366742828469091,0.0036608795288965434,0.00366742828469091,0.0036608795288965434,0.00366742828469091,0.0036608795288965434,-2.75735602170954,0.21483624369347154,-2.761023449994231,0.211175364164575,0.0,0.0,Vmag_get_voltage_magnitude_series__angle_get_voltage_angle_series,true,Unknown,Ybus EMT reconstruction using exact complex bus-voltage phasors when available; otherwise diagnostic fallback
9.68,0.00366845206489419,0.0036610133481064233,0.00366845206489419,0.0036610133481064233,0.00366845206489419,0.0036610133481064233,-2.757354997929337,0.21483637751268142,-2.761023449994231,0.211175364164575,0.0,0.0,Vmag_get_voltage_magnitude_series__angle_get_voltage_angle_series,true,Unknown,Ybus EMT reconstruction using exact complex bus-voltage phasors when available; otherwise diagnostic fallback
9.69,0.003669468243325813,0.003661146564149176,0.003669468243325813,0.003661146564149176,0.003669468243325813,0.003661146564149176,-2.757353981750905,0.21483651072872417,-2.761023449994231,0.211175364164575,0.0,0.0,Vmag_get_voltage_magnitude_series__angle_get_voltage_angle_series,true,Unknown,Ybus EMT reconstruction using exact complex bus-voltage phasors when available; otherwise diagnostic fallback
9.7,0.0036704768209805394,0.003661279173599541,0.0036704768209805394,0.003661279173599541,0.0036704768209805394,0.003661279173599541,-2.7573529731732505,0.21483664333817454,-2.761023449994231,0.211175364164575,0.0,0.0,Vmag_get_voltage_magnitude_series__angle_get_voltage_angle_series,true,Unknown,Ybus EMT reconstruction using exact complex bus-voltage phasors when available; otherwise diagnostic fallback
9.71,0.00367147779931587,0.003661411173126017,0.00367147779931587,0.003661411173126017,0.00367147779931587,0.003661411173126017,-2.757351972194915,0.214836775337701,-2.761023449994231,0.211175364164575,0.0,0.0,Vmag_get_voltage_magnitude_series__angle_get_voltage_angle_series,true,Unknown,Ybus EMT reconstruction using exact complex bus-voltage phasors when available; otherwise diagnostic fallback
9.72,0.0036724711802200716,0.0036615425595977746,0.0036724711802200716,0.0036615425595977746,0.0036724711802200716,0.0036615425595977746,-2.757350978814011,0.21483690672417277,-2.761023449994231,0.211175364164575,0.0,0.0,Vmag_get_voltage_magnitude_series__angle_get_voltage_angle_series,true,Unknown,Ybus EMT reconstruction using exact complex bus-voltage phasors when available; otherwise diagnostic fallback
9.73,0.0036734569661005523,0.00366167332979328,0.0036734569661005523,0.00366167332979328,0.0036734569661005523,0.00366167332979328,-2.7573499930281304,0.21483703749436828,-2.761023449994231,0.211175364164575,0.0,0.0,Vmag_get_voltage_magnitude_series__angle_get_voltage_angle_series,true,Unknown,Ybus EMT reconstruction using exact complex bus-voltage phasors when available; otherwise diagnostic fallback
9.74,0.003674435159799927,0.0036618034807604505,0.003674435159799927,0.0036618034807604505,0.003674435159799927,0.0036618034807604505,-2.757349014834431,0.21483716764533545,-2.761023449994231,0.211175364164575,0.0,0.0,Vmag_get_voltage_magnitude_series__angle_get_voltage_angle_series,true,Unknown,Ybus EMT reconstruction using exact complex bus-voltage phasors when available; otherwise diagnostic fallback
9.75,0.0036754057645382865,0.0036619330096528957,0.0036754057645382865,0.0036619330096528957,0.0036754057645382865,0.0036619330096528957,-2.7573480442296927,0.2148372971742279,-2.761023449994231,0.211175364164575,0.0,0.0,Vmag_get_voltage_magnitude_series__angle_get_voltage_angle_series,true,Unknown,Ybus EMT reconstruction using exact complex bus-voltage phasors when available; otherwise diagnostic fallback
9.76,0.003676368784164108,0.0036620619132489707,0.003676368784164108,0.0036620619132489707,0.003676368784164108,0.0036620619132489707,-2.757347081210067,0.21483742607782397,-2.761023449994231,0.211175364164575,0.0,0.0,Vmag_get_voltage_magnitude_series__angle_get_voltage_angle_series,true,Unknown,Ybus EMT reconstruction using exact complex bus-voltage phasors when available; otherwise diagnostic fallback
9.77,0.0036773242227789993,0.0036621901888670982,0.0036773242227789993,0.0036621901888670982,0.0036773242227789993,0.0036621901888670982,-2.757346125771452,0.2148375543534421,-2.761023449994231,0.211175364164575,0.0,0.0,Vmag_get_voltage_magnitude_series__angle_get_voltage_angle_series,true,Unknown,Ybus EMT reconstruction using exact complex bus-voltage phasors when available; otherwise diagnostic fallback
9.78,0.003678272084990386,0.003662317833705131,0.003678272084990386,0.003662317833705131,0.003678272084990386,0.003662317833705131,-2.7573451779092406,0.21483768199828013,-2.761023449994231,0.211175364164575,0.0,0.0,Vmag_get_voltage_magnitude_series__angle_get_voltage_angle_series,true,Unknown,Ybus EMT reconstruction using exact complex bus-voltage phasors when available; otherwise diagnostic fallback
9.79,0.003679212375964802,0.0036624448449047997,0.003679212375964802,0.0036624448449047997,0.003679212375964802,0.0036624448449047997,-2.757344237618266,0.2148378090094798,-2.761023449994231,0.211175364164575,0.0,0.0,Vmag_get_voltage_magnitude_series__angle_get_voltage_angle_series,true,Unknown,Ybus EMT reconstruction using exact complex bus-voltage phasors when available; otherwise diagnostic fallback
9.8,0.0036801451011339026,0.0036625712198865013,0.0036801451011339026,0.0036625712198865013,0.0036801451011339026,0.0036625712198865013,-2.757343304893097,0.2148379353844615,-2.761023449994231,0.211175364164575,0.0,0.0,Vmag_get_voltage_magnitude_series__angle_get_voltage_angle_series,true,Unknown,Ybus EMT reconstruction using exact complex bus-voltage phasors when available; otherwise diagnostic fallback
9.81,0.0036810702664173967,0.003662696956138245,0.0036810702664173967,0.003662696956138245,0.0036810702664173967,0.003662696956138245,-2.7573423797278136,0.21483806112071324,-2.761023449994231,0.211175364164575,0.0,0.0,Vmag_get_voltage_magnitude_series__angle_get_voltage_angle_series,true,Unknown,Ybus EMT reconstruction using exact complex bus-voltage phasors when available; otherwise diagnostic fallback
9.82,0.0036819878781573223,0.0036628220509399845,0.0036819878781573223,0.0036628220509399845,0.0036819878781573223,0.0036628220509399845,-2.7573414621160737,0.21483818621551498,-2.761023449994231,0.211175364164575,0.0,0.0,Vmag_get_voltage_magnitude_series__angle_get_voltage_angle_series,true,Unknown,Ybus EMT reconstruction using exact complex bus-voltage phasors when available; otherwise diagnostic fallback
9.83,0.0036828979431522413,0.0036629465018800933,0.0036828979431522413,0.0036629465018800933,0.0036828979431522413,0.0036629465018800933,-2.7573405520510788,0.2148383106664551,-2.761023449994231,0.211175364164575,0.0,0.0,Vmag_get_voltage_magnitude_series__angle_get_voltage_angle_series,true,Unknown,Ybus EMT reconstruction using exact complex bus-voltage phasors when available; otherwise diagnostic fallback
9.84,0.0036838004686061687,0.003663070306545113,0.0036838004686061687,0.003663070306545113,0.0036838004686061687,0.003663070306545113,-2.757339649525625,0.2148384344711201,-2.761023449994231,0.211175364164575,0.0,0.0,Vmag_get_voltage_magnitude_series__angle_get_voltage_angle_series,true,Unknown,Ybus EMT reconstruction using exact complex bus-voltage phasors when available; otherwise diagnostic fallback
9.85,0.003684695462083276,0.003663193462599801,0.003684695462083276,0.003663193462599801,0.003684695462083276,0.003663193462599801,-2.7573387545321477,0.2148385576271748,-2.761023449994231,0.211175364164575,0.0,0.0,Vmag_get_voltage_magnitude_series__angle_get_voltage_angle_series,true,Unknown,Ybus EMT reconstruction using exact complex bus-voltage phasors when available; otherwise diagnostic fallback
9.86,0.0036855829316526645,0.003663315967623204,0.0036855829316526645,0.003663315967623204,0.0036855829316526645,0.003663315967623204,-2.7573378670625783,0.2148386801321982,-2.761023449994231,0.211175364164575,0.0,0.0,Vmag_get_voltage_magnitude_series__angle_get_voltage_angle_series,true,Unknown,Ybus EMT reconstruction using exact complex bus-voltage phasors when available; otherwise diagnostic fallback
9.87,0.003686462885668096,0.0036634378195085637,0.003686462885668096,0.0036634378195085637,0.003686462885668096,0.0036634378195085637,-2.757336987108563,0.21483880198408356,-2.761023449994231,0.211175364164575,0.0,0.0,Vmag_get_voltage_magnitude_series__angle_get_voltage_angle_series,true,Unknown,Ybus EMT reconstruction using exact complex bus-voltage phasors when available; otherwise diagnostic fallback
9.88,0.003687335332979824,0.0036635590160537523,0.003687335332979824,0.0036635590160537523,0.003687335332979824,0.0036635590160537523,-2.757336114661251,0.21483892318062875,-2.761023449994231,0.211175364164575,0.0,0.0,Vmag_get_voltage_magnitude_series__angle_get_voltage_angle_series,true,Unknown,Ybus EMT reconstruction using exact complex bus-voltage phasors when available; otherwise diagnostic fallback
9.89,0.0036882002828271254,0.0036636795550287204,0.0036882002828271254,0.0036636795550287204,0.0036882002828271254,0.0036636795550287204,-2.757335249711404,0.21483904371960372,-2.761023449994231,0.211175364164575,0.0,0.0,Vmag_get_voltage_magnitude_series__angle_get_voltage_angle_series,true,Unknown,Ybus EMT reconstruction using exact complex bus-voltage phasors when available; otherwise diagnostic fallback
9.9,0.003689057744789004,0.0036637994346376823,0.003689057744789004,0.0036637994346376823,0.003689057744789004,0.0036637994346376823,-2.757334392249442,0.21483916359921268,-2.761023449994231,0.211175364164575,0.0,0.0,Vmag_get_voltage_magnitude_series__angle_get_voltage_angle_series,true,Unknown,Ybus EMT reconstruction using exact complex bus-voltage phasors when available; otherwise diagnostic fallback
9.91,0.0036899077288676807,0.0036639186525641576,0.0036899077288676807,0.0036639186525641576,0.0036899077288676807,0.0036639186525641576,-2.7573335422653633,0.21483928281713915,-2.761023449994231,0.211175364164575,0.0,0.0,Vmag_get_voltage_magnitude_series__angle_get_voltage_angle_series,true,Unknown,Ybus EMT reconstruction using exact complex bus-voltage phasors when available; otherwise diagnostic fallback
9.92,0.0036907502454592844,0.0036640372070063654,0.0036907502454592844,0.0036640372070063654,0.0036907502454592844,0.0036640372070063654,-2.7573326997487717,0.21483940137158136,-2.761023449994231,0.211175364164575,0.0,0.0,Vmag_get_voltage_magnitude_series__angle_get_voltage_angle_series,true,Unknown,Ybus EMT reconstruction using exact complex bus-voltage phasors when available; otherwise diagnostic fallback
9.93,0.0036915853053196557,0.0036641550960577196,0.0036915853053196557,0.0036641550960577196,0.0036915853053196557,0.0036641550960577196,-2.7573318646889113,0.21483951926063272,-2.761023449994231,0.211175364164575,0.0,0.0,Vmag_get_voltage_magnitude_series__angle_get_voltage_angle_series,true,Unknown,Ybus EMT reconstruction using exact complex bus-voltage phasors when available; otherwise diagnostic fallback
9.94,0.003692412919642507,0.003664272318033901,0.003692412919642507,0.003664272318033901,0.003692412919642507,0.003664272318033901,-2.7573310370745885,0.2148396364826089,-2.761023449994231,0.211175364164575,0.0,0.0,Vmag_get_voltage_magnitude_series__angle_get_voltage_angle_series,true,Unknown,Ybus EMT reconstruction using exact complex bus-voltage phasors when available; otherwise diagnostic fallback
9.95,0.003693233099889781,0.003664388870892543,0.003693233099889781,0.003664388870892543,0.003693233099889781,0.003664388870892543,-2.757330216894341,0.21483975303546754,-2.761023449994231,0.211175364164575,0.0,0.0,Vmag_get_voltage_magnitude_series__angle_get_voltage_angle_series,true,Unknown,Ybus EMT reconstruction using exact complex bus-voltage phasors when available; otherwise diagnostic fallback
9.96,0.0036940458579324265,0.0036645047532408714,0.0036940458579324265,0.0036645047532408714,0.0036940458579324265,0.0036645047532408714,-2.7573294041362986,0.21483986891781587,-2.761023449994231,0.211175364164575,0.0,0.0,Vmag_get_voltage_magnitude_series__angle_get_voltage_angle_series,true,Unknown,Ybus EMT reconstruction using exact complex bus-voltage phasors when available; otherwise diagnostic fallback
9.97,0.003694851206069494,0.0036646199631437115,0.003694851206069494,0.0036646199631437115,0.003694851206069494,0.0036646199631437115,-2.7573285987881615,0.2148399841277187,-2.761023449994231,0.211175364164575,0.0,0.0,Vmag_get_voltage_magnitude_series__angle_get_voltage_angle_series,true,Unknown,Ybus EMT reconstruction using exact complex bus-voltage phasors when available; otherwise diagnostic fallback
9.98,0.003695649156910452,0.003664734499162936,0.003695649156910452,0.003664734499162936,0.003695649156910452,0.003664734499162936,-2.7573278008373205,0.21484009866373793,-2.761023449994231,0.211175364164575,0.0,0.0,Vmag_get_voltage_magnitude_series__angle_get_voltage_angle_series,true,Unknown,Ybus EMT reconstruction using exact complex bus-voltage phasors when available; otherwise diagnostic fallback
9.99,0.0036964397234027224,0.0036648483596671277,0.0036964397234027224,0.0036648483596671277,0.0036964397234027224,0.0036648483596671277,-2.7573270102708283,0.21484021252424212,-2.761023449994231,0.211175364164575,0.0,0.0,Vmag_get_voltage_magnitude_series__angle_get_voltage_angle_series,true,Unknown,Ybus EMT reconstruction using exact complex bus-voltage phasors when available; otherwise diagnostic fallback
10.0,0.003697222927800947,0.003664961544073031,0.003697222927800947,0.003664961544073031,0.003697222927800947,0.003664961544073031,-2.75732622706643,0.21484032570864803,-2.761023449994231,0.211175364164575,0.0,0.0,Vmag_get_voltage_magnitude_series__angle_get_voltage_angle_series,true,Unknown,Ybus EMT reconstruction using exact complex bus-voltage phasors when available; otherwise diagnostic fallback
