t_s,delta_p_pu,delta_q_pu,delta_p_network_pu,delta_q_network_pu,delta_p_with_load_pu,delta_q_with_load_pu,p_network_abs_pu,q_network_abs_pu,p_network_ref_pu,q_network_ref_pu,delta_p_load_pu,delta_q_load_pu,angle_source,angle_is_exact_bus_voltage,asset_type,source
0.0,0.0008265246111403002,-0.006006428165362898,0.0008265246111403002,-0.006006428165362898,0.0008265246111403002,-0.006006428165362898,5.60082652461114,0.9131017557770228,5.6,0.9191081839423857,0.0,0.0,Vmag_get_voltage_magnitude_series__angle_get_voltage_angle_series,true,GFM,Ybus EMT reconstruction using exact complex bus-voltage phasors when available; otherwise diagnostic fallback
0.01,0.0008265246111420765,-0.006006428165354127,0.0008265246111420765,-0.006006428165354127,0.0008265246111420765,-0.006006428165354127,5.600826524611142,0.9131017557770316,5.6,0.9191081839423857,0.0,0.0,Vmag_get_voltage_magnitude_series__angle_get_voltage_angle_series,true,GFM,Ybus EMT reconstruction using exact complex bus-voltage phasors when available; otherwise diagnostic fallback
0.02,0.0008265246111358593,-0.006006428165343247,0.0008265246111358593,-0.006006428165343247,0.0008265246111358593,-0.006006428165343247,5.6008265246111355,0.9131017557770424,5.6,0.9191081839423857,0.0,0.0,Vmag_get_voltage_magnitude_series__angle_get_voltage_angle_series,true,GFM,Ybus EMT reconstruction using exact complex bus-voltage phasors when available; otherwise diagnostic fallback
0.03,0.0008265246111438529,-0.006006428165354127,0.0008265246111438529,-0.006006428165354127,0.0008265246111438529,-0.006006428165354127,5.6008265246111435,0.9131017557770316,5.6,0.9191081839423857,0.0,0.0,Vmag_get_voltage_magnitude_series__angle_get_voltage_angle_series,true,GFM,Ybus EMT reconstruction using exact complex bus-voltage phasors when available; otherwise diagnostic fallback
0.04,0.000826524611149182,-0.006006428165359345,0.000826524611149182,-0.006006428165359345,0.000826524611149182,-0.006006428165359345,5.600826524611149,0.9131017557770263,5.6,0.9191081839423857,0.0,0.0,Vmag_get_voltage_magnitude_series__angle_get_voltage_angle_series,true,GFM,Ybus EMT reconstruction using exact complex bus-voltage phasors when available; otherwise diagnostic fallback
0.05,0.0008265246111411884,-0.006006428165362454,0.0008265246111411884,-0.006006428165362454,0.0008265246111411884,-0.006006428165362454,5.600826524611141,0.9131017557770232,5.6,0.9191081839423857,0.0,0.0,Vmag_get_voltage_magnitude_series__angle_get_voltage_angle_series,true,GFM,Ybus EMT reconstruction using exact complex bus-voltage phasors when available; otherwise diagnostic fallback
0.06,0.000826524611139412,-0.00600642816535546,0.000826524611139412,-0.00600642816535546,0.000826524611139412,-0.00600642816535546,5.600826524611139,0.9131017557770302,5.6,0.9191081839423857,0.0,0.0,Vmag_get_voltage_magnitude_series__angle_get_voltage_angle_series,true,GFM,Ybus EMT reconstruction using exact complex bus-voltage phasors when available; otherwise diagnostic fallback
0.07,0.000826524611139412,-0.0060064281653646745,0.000826524611139412,-0.0060064281653646745,0.000826524611139412,-0.0060064281653646745,5.600826524611139,0.913101755777021,5.6,0.9191081839423857,0.0,0.0,Vmag_get_voltage_magnitude_series__angle_get_voltage_angle_series,true,GFM,Ybus EMT reconstruction using exact complex bus-voltage phasors when available; otherwise diagnostic fallback
0.08,0.0008265246111438529,-0.006006428165354127,0.0008265246111438529,-0.006006428165354127,0.0008265246111438529,-0.006006428165354127,5.6008265246111435,0.9131017557770316,5.6,0.9191081839423857,0.0,0.0,Vmag_get_voltage_magnitude_series__angle_get_voltage_angle_series,true,GFM,Ybus EMT reconstruction using exact complex bus-voltage phasors when available; otherwise diagnostic fallback
0.09,0.0008265246111367475,-0.006006428165342914,0.0008265246111367475,-0.006006428165342914,0.0008265246111367475,-0.006006428165342914,5.600826524611136,0.9131017557770428,5.6,0.9191081839423857,0.0,0.0,Vmag_get_voltage_magnitude_series__angle_get_voltage_angle_series,true,GFM,Ybus EMT reconstruction using exact complex bus-voltage phasors when available; otherwise diagnostic fallback
0.1,0.0008265246111447411,-0.006006428165358568,0.0008265246111447411,-0.006006428165358568,0.0008265246111447411,-0.006006428165358568,5.600826524611144,0.9131017557770271,5.6,0.9191081839423857,0.0,0.0,Vmag_get_voltage_magnitude_series__angle_get_voltage_angle_series,true,GFM,Ybus EMT reconstruction using exact complex bus-voltage phasors when available; otherwise diagnostic fallback
0.11,0.1255104614558773,0.028840838644834887,0.1255104614558773,0.028840838644834887,0.1255104614558773,0.028840838644834887,5.725510461455877,0.9479490225872206,5.6,0.9191081839423857,0.0,0.0,Vmag_get_voltage_magnitude_series__angle_get_voltage_angle_series,true,GFM,Ybus EMT reconstruction using exact complex bus-voltage phasors when available; otherwise diagnostic fallback
0.12,0.11306936785803146,0.021238199569765026,0.11306936785803146,0.021238199569765026,0.11306936785803146,0.021238199569765026,5.713069367858031,0.9403463835121507,5.6,0.9191081839423857,0.0,0.0,Vmag_get_voltage_magnitude_series__angle_get_voltage_angle_series,true,GFM,Ybus EMT reconstruction using exact complex bus-voltage phasors when available; otherwise diagnostic fallback
0.13,0.12738890897487654,0.021187328217796675,0.12738890897487654,0.021187328217796675,0.12738890897487654,0.021187328217796675,5.727388908974876,0.9402955121601824,5.6,0.9191081839423857,0.0,0.0,Vmag_get_voltage_magnitude_series__angle_get_voltage_angle_series,true,GFM,Ybus EMT reconstruction using exact complex bus-voltage phasors when available; otherwise diagnostic fallback
0.14,0.12752839253878712,0.019729185335107147,0.12752839253878712,0.019729185335107147,0.12752839253878712,0.019729185335107147,5.727528392538787,0.9388373692774928,5.6,0.9191081839423857,0.0,0.0,Vmag_get_voltage_magnitude_series__angle_get_voltage_angle_series,true,GFM,Ybus EMT reconstruction using exact complex bus-voltage phasors when available; otherwise diagnostic fallback
0.15,0.13345483690387372,0.018982506528805065,0.13345483690387372,0.018982506528805065,0.13345483690387372,0.018982506528805065,5.733454836903873,0.9380906904711908,5.6,0.9191081839423857,0.0,0.0,Vmag_get_voltage_magnitude_series__angle_get_voltage_angle_series,true,GFM,Ybus EMT reconstruction using exact complex bus-voltage phasors when available; otherwise diagnostic fallback
0.16,0.13660783731369097,0.018110071475446188,0.13660783731369097,0.018110071475446188,0.13660783731369097,0.018110071475446188,5.736607837313691,0.9372182554178319,5.6,0.9191081839423857,0.0,0.0,Vmag_get_voltage_magnitude_series__angle_get_voltage_angle_series,true,GFM,Ybus EMT reconstruction using exact complex bus-voltage phasors when available; otherwise diagnostic fallback
0.17,0.14009030361597485,0.016963231944649215,0.14009030361597485,0.016963231944649215,0.14009030361597485,0.016963231944649215,5.7400903036159745,0.9360714158870349,5.6,0.9191081839423857,0.0,0.0,Vmag_get_voltage_magnitude_series__angle_get_voltage_angle_series,true,GFM,Ybus EMT reconstruction using exact complex bus-voltage phasors when available; otherwise diagnostic fallback
0.18,0.1427626036292864,0.01596341374875465,0.1427626036292864,0.01596341374875465,0.1427626036292864,0.01596341374875465,5.742762603629286,0.9350715976911403,5.6,0.9191081839423857,0.0,0.0,Vmag_get_voltage_magnitude_series__angle_get_voltage_angle_series,true,GFM,Ybus EMT reconstruction using exact complex bus-voltage phasors when available; otherwise diagnostic fallback
0.19,0.14503837472440662,0.014903485941405337,0.14503837472440662,0.014903485941405337,0.14503837472440662,0.014903485941405337,5.745038374724406,0.934011669883791,5.6,0.9191081839423857,0.0,0.0,Vmag_get_voltage_magnitude_series__angle_get_voltage_angle_series,true,GFM,Ybus EMT reconstruction using exact complex bus-voltage phasors when available; otherwise diagnostic fallback
0.2,0.14671899194722382,0.013900812960820796,0.14671899194722382,0.013900812960820796,0.14671899194722382,0.013900812960820796,5.7467189919472235,0.9330089969032065,5.6,0.9191081839423857,0.0,0.0,Vmag_get_voltage_magnitude_series__angle_get_voltage_angle_series,true,GFM,Ybus EMT reconstruction using exact complex bus-voltage phasors when available; otherwise diagnostic fallback
0.21,0.1478401117530881,0.012915513856331495,0.1478401117530881,0.012915513856331495,0.1478401117530881,0.012915513856331495,5.747840111753088,0.9320236977987172,5.6,0.9191081839423857,0.0,0.0,Vmag_get_voltage_magnitude_series__angle_get_voltage_angle_series,true,GFM,Ybus EMT reconstruction using exact complex bus-voltage phasors when available; otherwise diagnostic fallback
0.22,0.14835538759812916,0.011976185539240514,0.14835538759812916,0.011976185539240514,0.14835538759812916,0.011976185539240514,5.748355387598129,0.9310843694816262,5.6,0.9191081839423857,0.0,0.0,Vmag_get_voltage_magnitude_series__angle_get_voltage_angle_series,true,GFM,Ybus EMT reconstruction using exact complex bus-voltage phasors when available; otherwise diagnostic fallback
0.23,0.14825448817920073,0.011075784687724743,0.14825448817920073,0.011075784687724743,0.14825448817920073,0.011075784687724743,5.7482544881792,0.9301839686301104,5.6,0.9191081839423857,0.0,0.0,Vmag_get_voltage_magnitude_series__angle_get_voltage_angle_series,true,GFM,Ybus EMT reconstruction using exact complex bus-voltage phasors when available; otherwise diagnostic fallback
0.24,0.14751889699951803,0.010219019006396768,0.14751889699951803,0.010219019006396768,0.14751889699951803,0.010219019006396768,5.747518896999518,0.9293272029487825,5.6,0.9191081839423857,0.0,0.0,Vmag_get_voltage_magnitude_series__angle_get_voltage_angle_series,true,GFM,Ybus EMT reconstruction using exact complex bus-voltage phasors when available; otherwise diagnostic fallback
0.25,0.14614219283307506,0.009404195375198876,0.14614219283307506,0.009404195375198876,0.14614219283307506,0.009404195375198876,5.746142192833075,0.9285123793175846,5.6,0.9191081839423857,0.0,0.0,Vmag_get_voltage_magnitude_series__angle_get_voltage_angle_series,true,GFM,Ybus EMT reconstruction using exact complex bus-voltage phasors when available; otherwise diagnostic fallback
0.26,0.14412148272826553,0.008630775595684481,0.14412148272826553,0.008630775595684481,0.14412148272826553,0.008630775595684481,5.744121482728265,0.9277389595380702,5.6,0.9191081839423857,0.0,0.0,Vmag_get_voltage_magnitude_series__angle_get_voltage_angle_series,true,GFM,Ybus EMT reconstruction using exact complex bus-voltage phasors when available; otherwise diagnostic fallback
0.27,0.14146188081156197,0.007896753917138732,0.14146188081156197,0.007896753917138732,0.14146188081156197,0.007896753917138732,5.741461880811562,0.9270049378595244,5.6,0.9191081839423857,0.0,0.0,Vmag_get_voltage_magnitude_series__angle_get_voltage_angle_series,true,GFM,Ybus EMT reconstruction using exact complex bus-voltage phasors when available; otherwise diagnostic fallback
0.28,0.13817436007767192,0.007200142047994351,0.13817436007767192,0.007200142047994351,0.13817436007767192,0.007200142047994351,5.738174360077672,0.92630832599038,5.6,0.9191081839423857,0.0,0.0,Vmag_get_voltage_magnitude_series__angle_get_voltage_angle_series,true,GFM,Ybus EMT reconstruction using exact complex bus-voltage phasors when available; otherwise diagnostic fallback
0.29,0.13427669653656338,0.006538515442617632,0.13427669653656338,0.006538515442617632,0.13427669653656338,0.006538515442617632,5.734276696536563,0.9256466993850033,5.6,0.9191081839423857,0.0,0.0,Vmag_get_voltage_magnitude_series__angle_get_voltage_angle_series,true,GFM,Ybus EMT reconstruction using exact complex bus-voltage phasors when available; otherwise diagnostic fallback
0.3,0.1297926752968097,0.005909450051190923,0.1297926752968097,0.005909450051190923,0.1297926752968097,0.005909450051190923,5.729792675296809,0.9250176339935766,5.6,0.9191081839423857,0.0,0.0,Vmag_get_voltage_magnitude_series__angle_get_voltage_angle_series,true,GFM,Ybus EMT reconstruction using exact complex bus-voltage phasors when available; otherwise diagnostic fallback
0.31,0.12475196302562708,0.005310407683719154,0.12475196302562708,0.005310407683719154,0.12475196302562708,0.005310407683719154,5.724751963025627,0.9244185916261048,5.6,0.9191081839423857,0.0,0.0,Vmag_get_voltage_magnitude_series__angle_get_voltage_angle_series,true,GFM,Ybus EMT reconstruction using exact complex bus-voltage phasors when available; otherwise diagnostic fallback
0.32,0.11918957445804867,0.0047389176942549405,0.11918957445804867,0.0047389176942549405,0.11918957445804867,0.0047389176942549405,5.719189574458048,0.9238471016366406,5.6,0.9191081839423857,0.0,0.0,Vmag_get_voltage_magnitude_series__angle_get_voltage_angle_series,true,GFM,Ybus EMT reconstruction using exact complex bus-voltage phasors when available; otherwise diagnostic fallback
0.33,0.11314540400676787,0.004192549060530348,0.11314540400676787,0.004192549060530348,0.11314540400676787,0.004192549060530348,5.7131454040067675,0.923300733002916,5.6,0.9191081839423857,0.0,0.0,Vmag_get_voltage_magnitude_series__angle_get_voltage_angle_series,true,GFM,Ybus EMT reconstruction using exact complex bus-voltage phasors when available; otherwise diagnostic fallback
0.34,0.10666367484576966,0.0036689803787964825,0.10666367484576966,0.0036689803787964825,0.10666367484576966,0.0036689803787964825,5.706663674845769,0.9227771643211822,5.6,0.9191081839423857,0.0,0.0,Vmag_get_voltage_magnitude_series__angle_get_voltage_angle_series,true,GFM,Ybus EMT reconstruction using exact complex bus-voltage phasors when available; otherwise diagnostic fallback
0.35,0.09979236720931528,0.003166000989064499,0.09979236720931528,0.003166000989064499,0.09979236720931528,0.003166000989064499,5.699792367209315,0.9222741849314502,5.6,0.9191081839423857,0.0,0.0,Vmag_get_voltage_magnitude_series__angle_get_voltage_angle_series,true,GFM,Ybus EMT reconstruction using exact complex bus-voltage phasors when available; otherwise diagnostic fallback
0.36,0.0925826173126918,0.0026815350504473257,0.0925826173126918,0.0026815350504473257,0.0925826173126918,0.0026815350504473257,5.692582617312691,0.921789718992833,5.6,0.9191081839423857,0.0,0.0,Vmag_get_voltage_magnitude_series__angle_get_voltage_angle_series,true,GFM,Ybus EMT reconstruction using exact complex bus-voltage phasors when available; otherwise diagnostic fallback
0.37,0.08508811190597232,0.00221364621830189,0.08508811190597232,0.00221364621830189,0.08508811190597232,0.00221364621830189,5.685088111905972,0.9213218301606876,5.6,0.9191081839423857,0.0,0.0,Vmag_get_voltage_magnitude_series__angle_get_voltage_angle_series,true,GFM,Ybus EMT reconstruction using exact complex bus-voltage phasors when available; otherwise diagnostic fallback
0.38,0.07736447219282372,0.0017605444756653155,0.07736447219282372,0.0017605444756653155,0.07736447219282372,0.0017605444756653155,5.677364472192823,0.920868728418051,5.6,0.9191081839423857,0.0,0.0,Vmag_get_voltage_magnitude_series__angle_get_voltage_angle_series,true,GFM,Ybus EMT reconstruction using exact complex bus-voltage phasors when available; otherwise diagnostic fallback
0.39,0.0694686451766513,0.0013205878815575334,0.0694686451766513,0.0013205878815575334,0.0694686451766513,0.0013205878815575334,5.669468645176651,0.9204287718239432,5.6,0.9191081839423857,0.0,0.0,Vmag_get_voltage_magnitude_series__angle_get_voltage_angle_series,true,GFM,Ybus EMT reconstruction using exact complex bus-voltage phasors when available; otherwise diagnostic fallback
0.4,0.06145830233195326,0.000892283400563243,0.06145830233195326,0.000892283400563243,0.06145830233195326,0.000892283400563243,5.661458302331953,0.9200004673429489,5.6,0.9191081839423857,0.0,0.0,Vmag_get_voltage_magnitude_series__angle_get_voltage_angle_series,true,GFM,Ybus EMT reconstruction using exact complex bus-voltage phasors when available; otherwise diagnostic fallback
0.41,0.05339125335005335,0.0004742862183619856,0.05339125335005335,0.0004742862183619856,0.05339125335005335,0.0004742862183619856,5.653391253350053,0.9195824701607477,5.6,0.9191081839423857,0.0,0.0,Vmag_get_voltage_magnitude_series__angle_get_voltage_angle_series,true,GFM,Ybus EMT reconstruction using exact complex bus-voltage phasors when available; otherwise diagnostic fallback
0.42,0.04532488017566472,6.539849541287168e-5,0.04532488017566472,6.539849541287168e-5,0.04532488017566472,6.539849541287168e-5,5.645324880175664,0.9191735824377986,5.6,0.9191081839423857,0.0,0.0,Vmag_get_voltage_magnitude_series__angle_get_voltage_angle_series,true,GFM,Ybus EMT reconstruction using exact complex bus-voltage phasors when available; otherwise diagnostic fallback
0.43,0.037315596452959454,-0.0003354323236580692,0.037315596452959454,-0.0003354323236580692,0.037315596452959454,-0.0003354323236580692,5.637315596452959,0.9187727516187276,5.6,0.9191081839423857,0.0,0.0,Vmag_get_voltage_magnitude_series__angle_get_voltage_angle_series,true,GFM,Ybus EMT reconstruction using exact complex bus-voltage phasors when available; otherwise diagnostic fallback
0.44,0.029418333446447953,-0.0007291150475917663,0.029418333446447953,-0.0007291150475917663,0.029418333446447953,-0.0007291150475917663,5.629418333446448,0.9183790688947939,5.6,0.9191081839423857,0.0,0.0,Vmag_get_voltage_magnitude_series__angle_get_voltage_angle_series,true,GFM,Ybus EMT reconstruction using exact complex bus-voltage phasors when available; otherwise diagnostic fallback
0.45,0.021686061548494173,-0.0011164167165469419,0.021686061548494173,-0.0011164167165469419,0.021686061548494173,-0.0011164167165469419,5.621686061548494,0.9179917672258388,5.6,0.9191081839423857,0.0,0.0,Vmag_get_voltage_magnitude_series__angle_get_voltage_angle_series,true,GFM,Ybus EMT reconstruction using exact complex bus-voltage phasors when available; otherwise diagnostic fallback
0.46,0.014169343296078551,-0.0014979640283875328,0.014169343296078551,-0.0014979640283875328,0.014169343296078551,-0.0014979640283875328,5.614169343296078,0.9176102199139982,5.6,0.9191081839423857,0.0,0.0,Vmag_get_voltage_magnitude_series__angle_get_voltage_angle_series,true,GFM,Ybus EMT reconstruction using exact complex bus-voltage phasors when available; otherwise diagnostic fallback
0.47,0.0069159296867171705,-0.0018742455596699736,0.0069159296867171705,-0.0018742455596699736,0.0069159296867171705,-0.0018742455596699736,5.606915929686717,0.9172339383827157,5.6,0.9191081839423857,0.0,0.0,Vmag_get_voltage_magnitude_series__angle_get_voltage_angle_series,true,GFM,Ybus EMT reconstruction using exact complex bus-voltage phasors when available; otherwise diagnostic fallback
0.48,-2.960923584804931e-5,-0.0022456134018827845,-2.960923584804931e-5,-0.0022456134018827845,-2.960923584804931e-5,-0.0022456134018827845,5.599970390764152,0.9168625705405029,5.6,0.9191081839423857,0.0,0.0,Vmag_get_voltage_magnitude_series__angle_get_voltage_angle_series,true,GFM,Ybus EMT reconstruction using exact complex bus-voltage phasors when available; otherwise diagnostic fallback
0.49,-0.0066262027065544515,-0.0026122859290961253,-0.0066262027065544515,-0.0026122859290961253,-0.0066262027065544515,-0.0026122859290961253,5.593373797293445,0.9164958980132896,5.6,0.9191081839423857,0.0,0.0,Vmag_get_voltage_magnitude_series__angle_get_voltage_angle_series,true,GFM,Ybus EMT reconstruction using exact complex bus-voltage phasors when available; otherwise diagnostic fallback
0.5,-0.012836563864230932,-0.0029743503382865244,-0.012836563864230932,-0.0029743503382865244,-0.012836563864230932,-0.0029743503382865244,5.587163436135769,0.9161338336040992,5.6,0.9191081839423857,0.0,0.0,Vmag_get_voltage_magnitude_series__angle_get_voltage_angle_series,true,GFM,Ybus EMT reconstruction using exact complex bus-voltage phasors when available; otherwise diagnostic fallback
0.51,-0.018627417184063688,-0.0033317666942808133,-0.018627417184063688,-0.0033317666942808133,-0.018627417184063688,-0.0033317666942808133,5.581372582815936,0.9157764172481049,5.6,0.9191081839423857,0.0,0.0,Vmag_get_voltage_magnitude_series__angle_get_voltage_angle_series,true,GFM,Ybus EMT reconstruction using exact complex bus-voltage phasors when available; otherwise diagnostic fallback
0.52,-0.023969692929608044,-0.0036843721335090285,-0.023969692929608044,-0.0036843721335090285,-0.023969692929608044,-0.0036843721335090285,5.576030307070392,0.9154238118088767,5.6,0.9191081839423857,0.0,0.0,Vmag_get_voltage_magnitude_series__angle_get_voltage_angle_series,true,GFM,Ybus EMT reconstruction using exact complex bus-voltage phasors when available; otherwise diagnostic fallback
0.53,-0.028838661928960008,-0.004031886724326417,-0.028838661928960008,-0.004031886724326417,-0.028838661928960008,-0.004031886724326417,5.57116133807104,0.9150762972180593,5.6,0.9191081839423857,0.0,0.0,Vmag_get_voltage_magnitude_series__angle_get_voltage_angle_series,true,GFM,Ybus EMT reconstruction using exact complex bus-voltage phasors when available; otherwise diagnostic fallback
0.54,-0.033214038630734244,-0.0043739199544978735,-0.033214038630734244,-0.0043739199544978735,-0.033214038630734244,-0.0043739199544978735,5.566785961369265,0.9147342639878878,5.6,0.9191081839423857,0.0,0.0,Vmag_get_voltage_magnitude_series__angle_get_voltage_angle_series,true,GFM,Ybus EMT reconstruction using exact complex bus-voltage phasors when available; otherwise diagnostic fallback
0.55,-0.037080025122050664,-0.0047099788447687585,-0.037080025122050664,-0.0047099788447687585,-0.037080025122050664,-0.0047099788447687585,5.562919974877949,0.9143982050976169,5.6,0.9191081839423857,0.0,0.0,Vmag_get_voltage_magnitude_series__angle_get_voltage_angle_series,true,GFM,Ybus EMT reconstruction using exact complex bus-voltage phasors when available; otherwise diagnostic fallback
0.56,-0.04042532388188658,-0.005039477140455939,-0.04042532388188658,-0.005039477140455939,-0.04042532388188658,-0.005039477140455939,5.559574676118113,0.9140687068019298,5.6,0.9191081839423857,0.0,0.0,Vmag_get_voltage_magnitude_series__angle_get_voltage_angle_series,true,GFM,Ybus EMT reconstruction using exact complex bus-voltage phasors when available; otherwise diagnostic fallback
0.57,-0.043243096477908693,-0.005361745784422944,-0.043243096477908693,-0.005361745784422944,-0.043243096477908693,-0.005361745784422944,5.556756903522091,0.9137464381579627,5.6,0.9191081839423857,0.0,0.0,Vmag_get_voltage_magnitude_series__angle_get_voltage_angle_series,true,GFM,Ybus EMT reconstruction using exact complex bus-voltage phasors when available; otherwise diagnostic fallback
0.58,-0.045530892516541854,-0.005676044532090807,-0.045530892516541854,-0.005676044532090807,-0.045530892516541854,-0.005676044532090807,5.554469107483458,0.9134321394102949,5.6,0.9191081839423857,0.0,0.0,Vmag_get_voltage_magnitude_series__angle_get_voltage_angle_series,true,GFM,Ybus EMT reconstruction using exact complex bus-voltage phasors when available; otherwise diagnostic fallback
0.59,-0.04729052913625331,-0.0059815746932258,-0.04729052913625331,-0.0059815746932258,-0.04729052913625331,-0.0059815746932258,5.552709470863746,0.9131266092491599,5.6,0.9191081839423857,0.0,0.0,Vmag_get_voltage_magnitude_series__angle_get_voltage_angle_series,true,GFM,Ybus EMT reconstruction using exact complex bus-voltage phasors when available; otherwise diagnostic fallback
0.6,-0.048527944891620045,-0.006277492731085799,-0.048527944891620045,-0.006277492731085799,-0.048527944891620045,-0.006277492731085799,5.55147205510838,0.9128306912112999,5.6,0.9191081839423857,0.0,0.0,Vmag_get_voltage_magnitude_series__angle_get_voltage_angle_series,true,GFM,Ybus EMT reconstruction using exact complex bus-voltage phasors when available; otherwise diagnostic fallback
0.61,-0.04925301228843271,-0.006562924821884919,-0.04925301228843271,-0.006562924821884919,-0.04925301228843271,-0.006562924821884919,5.550746987711567,0.9125452591205008,5.6,0.9191081839423857,0.0,0.0,Vmag_get_voltage_magnitude_series__angle_get_voltage_angle_series,true,GFM,Ybus EMT reconstruction using exact complex bus-voltage phasors when available; otherwise diagnostic fallback
0.62,-0.049479325674053776,-0.0068369815109960985,-0.049479325674053776,-0.0068369815109960985,-0.049479325674053776,-0.0068369815109960985,5.550520674325946,0.9122712024313896,5.6,0.9191081839423857,0.0,0.0,Vmag_get_voltage_magnitude_series__angle_get_voltage_angle_series,true,GFM,Ybus EMT reconstruction using exact complex bus-voltage phasors when available; otherwise diagnostic fallback
0.63,-0.04922395879702712,-0.0070987730930910375,-0.04922395879702712,-0.0070987730930910375,-0.04922395879702712,-0.0070987730930910375,5.5507760412029725,0.9120094108492947,5.6,0.9191081839423857,0.0,0.0,Vmag_get_voltage_magnitude_series__angle_get_voltage_angle_series,true,GFM,Ybus EMT reconstruction using exact complex bus-voltage phasors when available; otherwise diagnostic fallback
0.64,-0.048507199665204226,-0.007347424734291841,-0.048507199665204226,-0.007347424734291841,-0.048507199665204226,-0.007347424734291841,5.551492800334795,0.9117607592080939,5.6,0.9191081839423857,0.0,0.0,Vmag_get_voltage_magnitude_series__angle_get_voltage_angle_series,true,GFM,Ybus EMT reconstruction using exact complex bus-voltage phasors when available; otherwise diagnostic fallback
0.65,-0.04735226864949116,-0.007582091506806776,-0.04735226864949116,-0.007582091506806776,-0.04735226864949116,-0.007582091506806776,5.5526477313505085,0.9115260924355789,5.6,0.9191081839423857,0.0,0.0,Vmag_get_voltage_magnitude_series__angle_get_voltage_angle_series,true,GFM,Ybus EMT reconstruction using exact complex bus-voltage phasors when available; otherwise diagnostic fallback
0.66,-0.04578501314925543,-0.00780197286985973,-0.04578501314925543,-0.00780197286985973,-0.04578501314925543,-0.00780197286985973,5.554214986850744,0.911306211072526,5.6,0.9191081839423857,0.0,0.0,Vmag_get_voltage_magnitude_series__angle_get_voltage_angle_series,true,GFM,Ybus EMT reconstruction using exact complex bus-voltage phasors when available; otherwise diagnostic fallback
0.67,-0.043833597551005354,-0.008006326400096575,-0.043833597551005354,-0.008006326400096575,-0.043833597551005354,-0.008006326400096575,5.556166402448994,0.9111018575422891,5.6,0.9191081839423857,0.0,0.0,Vmag_get_voltage_magnitude_series__angle_get_voltage_angle_series,true,GFM,Ybus EMT reconstruction using exact complex bus-voltage phasors when available; otherwise diagnostic fallback
0.68,-0.04152817648318319,-0.008194480606197652,-0.04152817648318319,-0.008194480606197652,-0.04152817648318319,-0.008194480606197652,5.5584718235168165,0.910913703336188,5.6,0.9191081839423857,0.0,0.0,Vmag_get_voltage_magnitude_series__angle_get_voltage_angle_series,true,GFM,Ybus EMT reconstruction using exact complex bus-voltage phasors when available; otherwise diagnostic fallback
0.69,-0.03890056712945977,-0.008365846473322947,-0.03890056712945977,-0.008365846473322947,-0.03890056712945977,-0.008365846473322947,5.56109943287054,0.9107423374690627,5.6,0.9191081839423857,0.0,0.0,Vmag_get_voltage_magnitude_series__angle_get_voltage_angle_series,true,GFM,Ybus EMT reconstruction using exact complex bus-voltage phasors when available; otherwise diagnostic fallback
0.7,-0.035983918016423644,-0.008519927770658353,-0.035983918016423644,-0.008519927770658353,-0.035983918016423644,-0.008519927770658353,5.564016081983576,0.9105882561717273,5.6,0.9191081839423857,0.0,0.0,Vmag_get_voltage_magnitude_series__angle_get_voltage_angle_series,true,GFM,Ybus EMT reconstruction using exact complex bus-voltage phasors when available; otherwise diagnostic fallback
0.71,-0.03281237656473923,-0.008656329596968604,-0.03281237656473923,-0.008656329596968604,-0.03281237656473923,-0.008656329596968604,5.56718762343526,0.9104518543454171,5.6,0.9191081839423857,0.0,0.0,Vmag_get_voltage_magnitude_series__angle_get_voltage_angle_series,true,GFM,Ybus EMT reconstruction using exact complex bus-voltage phasors when available; otherwise diagnostic fallback
0.72,-0.0294207636823538,-0.008774765561707087,-0.0294207636823538,-0.008774765561707087,-0.0294207636823538,-0.008774765561707087,5.570579236317646,0.9103334183806786,5.6,0.9191081839423857,0.0,0.0,Vmag_get_voltage_magnitude_series__angle_get_voltage_angle_series,true,GFM,Ybus EMT reconstruction using exact complex bus-voltage phasors when available; otherwise diagnostic fallback
0.73,-0.025844252903059584,-0.008875063012196871,-0.025844252903059584,-0.008875063012196871,-0.025844252903059584,-0.008875063012196871,5.57415574709694,0.9102331209301888,5.6,0.9191081839423857,0.0,0.0,Vmag_get_voltage_magnitude_series__angle_get_voltage_angle_series,true,GFM,Ybus EMT reconstruction using exact complex bus-voltage phasors when available; otherwise diagnostic fallback
0.74,-0.022118060794843686,-0.00895716659233492,-0.022118060794843686,-0.00895716659233492,-0.022118060794843686,-0.00895716659233492,5.577881939205156,0.9101510173500508,5.6,0.9191081839423857,0.0,0.0,Vmag_get_voltage_magnitude_series__angle_get_voltage_angle_series,true,GFM,Ybus EMT reconstruction using exact complex bus-voltage phasors when available; otherwise diagnostic fallback
0.75,-0.018277148598584425,-0.009021140046381215,-0.018277148598584425,-0.009021140046381215,-0.018277148598584425,-0.009021140046381215,5.581722851401415,0.9100870438960045,5.6,0.9191081839423857,0.0,0.0,Vmag_get_voltage_magnitude_series__angle_get_voltage_angle_series,true,GFM,Ybus EMT reconstruction using exact complex bus-voltage phasors when available; otherwise diagnostic fallback
0.76,-0.01435593920283651,-0.009067166135523608,-0.01435593920283651,-0.009067166135523608,-0.01435593920283651,-0.009067166135523608,5.585644060797163,0.9100410178068621,5.6,0.9191081839423857,0.0,0.0,Vmag_get_voltage_magnitude_series__angle_get_voltage_angle_series,true,GFM,Ybus EMT reconstruction using exact complex bus-voltage phasors when available; otherwise diagnostic fallback
0.77,-0.010388049589063364,-0.009095545018521722,-0.010388049589063364,-0.009095545018521722,-0.010388049589063364,-0.009095545018521722,5.589611950410936,0.910012638923864,5.6,0.9191081839423857,0.0,0.0,Vmag_get_voltage_magnitude_series__angle_get_voltage_angle_series,true,GFM,Ybus EMT reconstruction using exact complex bus-voltage phasors when available; otherwise diagnostic fallback
0.78,-0.0064060428163239536,-0.009106690951106833,-0.0064060428163239536,-0.009106690951106833,-0.0064060428163239536,-0.009106690951106833,5.593593957183676,0.9100014929912789,5.6,0.9191081839423857,0.0,0.0,Vmag_get_voltage_magnitude_series__angle_get_voltage_angle_series,true,GFM,Ybus EMT reconstruction using exact complex bus-voltage phasors when available; otherwise diagnostic fallback
0.79,-0.0024411989716552895,-0.00910112740944935,-0.0024411989716552895,-0.00910112740944935,-0.0024411989716552895,-0.00910112740944935,5.597558801028344,0.9100070565329363,5.6,0.9191081839423857,0.0,0.0,Vmag_get_voltage_magnitude_series__angle_get_voltage_angle_series,true,GFM,Ybus EMT reconstruction using exact complex bus-voltage phasors when available; otherwise diagnostic fallback
0.8,0.0014766929606349066,-0.009079481076446405,0.0014766929606349066,-0.009079481076446405,0.0014766929606349066,-0.009079481076446405,5.6014766929606346,0.9100287028659393,5.6,0.9191081839423857,0.0,0.0,Vmag_get_voltage_magnitude_series__angle_get_voltage_angle_series,true,GFM,Ybus EMT reconstruction using exact complex bus-voltage phasors when available; otherwise diagnostic fallback
0.81,0.00531951974910605,-0.009042474358997743,0.00531951974910605,-0.009042474358997743,0.00531951974910605,-0.009042474358997743,5.605319519749106,0.910065709583388,5.6,0.9191081839423857,0.0,0.0,Vmag_get_voltage_magnitude_series__angle_get_voltage_angle_series,true,GFM,Ybus EMT reconstruction using exact complex bus-voltage phasors when available; otherwise diagnostic fallback
0.82,0.009061008567353923,-0.008990917222445272,0.009061008567353923,-0.008990917222445272,0.009061008567353923,-0.008990917222445272,5.609061008567354,0.9101172667199404,5.6,0.9191081839423857,0.0,0.0,Vmag_get_voltage_magnitude_series__angle_get_voltage_angle_series,true,GFM,Ybus EMT reconstruction using exact complex bus-voltage phasors when available; otherwise diagnostic fallback
0.83,0.012676864784325836,-0.008925697737246052,0.012676864784325836,-0.008925697737246052,0.012676864784325836,-0.008925697737246052,5.6126768647843255,0.9101824862051396,5.6,0.9191081839423857,0.0,0.0,Vmag_get_voltage_magnitude_series__angle_get_voltage_angle_series,true,GFM,Ybus EMT reconstruction using exact complex bus-voltage phasors when available; otherwise diagnostic fallback
0.84,0.016144890839993487,-0.008847772424104616,0.016144890839993487,-0.008847772424104616,0.016144890839993487,-0.008847772424104616,5.616144890839993,0.9102604115182811,5.6,0.9191081839423857,0.0,0.0,Vmag_get_voltage_magnitude_series__angle_get_voltage_angle_series,true,GFM,Ybus EMT reconstruction using exact complex bus-voltage phasors when available; otherwise diagnostic fallback
0.85,0.01944507624419778,-0.008758155692602299,0.01944507624419778,-0.008758155692602299,0.01944507624419778,-0.008758155692602299,5.619445076244197,0.9103500282497834,5.6,0.9191081839423857,0.0,0.0,Vmag_get_voltage_magnitude_series__angle_get_voltage_angle_series,true,GFM,Ybus EMT reconstruction using exact complex bus-voltage phasors when available; otherwise diagnostic fallback
0.86,0.02255967092888067,-0.008657909366832972,0.02255967092888067,-0.008657909366832972,0.02255967092888067,-0.008657909366832972,5.62255967092888,0.9104502745755527,5.6,0.9191081839423857,0.0,0.0,Vmag_get_voltage_magnitude_series__angle_get_voltage_angle_series,true,GFM,Ybus EMT reconstruction using exact complex bus-voltage phasors when available; otherwise diagnostic fallback
0.87,0.025473228754697708,-0.008548131684226412,0.025473228754697708,-0.008548131684226412,0.025473228754697708,-0.008548131684226412,5.625473228754697,0.9105600522581593,5.6,0.9191081839423857,0.0,0.0,Vmag_get_voltage_magnitude_series__angle_get_voltage_angle_series,true,GFM,Ybus EMT reconstruction using exact complex bus-voltage phasors when available; otherwise diagnostic fallback
0.88,0.028172636384222294,-0.00842994664261476,0.028172636384222294,-0.00842994664261476,0.028172636384222294,-0.00842994664261476,5.628172636384222,0.9106782372997709,5.6,0.9191081839423857,0.0,0.0,Vmag_get_voltage_magnitude_series__angle_get_voltage_angle_series,true,GFM,Ybus EMT reconstruction using exact complex bus-voltage phasors when available; otherwise diagnostic fallback
0.89,0.030647113325292352,-0.008304493280917424,0.030647113325292352,-0.008304493280917424,0.030647113325292352,-0.008304493280917424,5.630647113325292,0.9108036906614683,5.6,0.9191081839423857,0.0,0.0,Vmag_get_voltage_magnitude_series__angle_get_voltage_angle_series,true,GFM,Ybus EMT reconstruction using exact complex bus-voltage phasors when available; otherwise diagnostic fallback
0.9,0.032888199377553384,-0.00817291544852472,0.032888199377553384,-0.00817291544852472,0.032888199377553384,-0.00817291544852472,5.632888199377553,0.910935268493861,5.6,0.9191081839423857,0.0,0.0,Vmag_get_voltage_magnitude_series__angle_get_voltage_angle_series,true,GFM,Ybus EMT reconstruction using exact complex bus-voltage phasors when available; otherwise diagnostic fallback
0.91,0.03488971547363828,-0.008036351851730461,0.03488971547363828,-0.008036351851730461,0.03488971547363828,-0.008036351851730461,5.634889715473638,0.9110718320906552,5.6,0.9191081839423857,0.0,0.0,Vmag_get_voltage_magnitude_series__angle_get_voltage_angle_series,true,GFM,Ybus EMT reconstruction using exact complex bus-voltage phasors when available; otherwise diagnostic fallback
0.92,0.036647712231571816,-0.007895926709690304,0.036647712231571816,-0.007895926709690304,0.036647712231571816,-0.007895926709690304,5.6366477122315715,0.9112122572326954,5.6,0.9191081839423857,0.0,0.0,Vmag_get_voltage_magnitude_series__angle_get_voltage_angle_series,true,GFM,Ybus EMT reconstruction using exact complex bus-voltage phasors when available; otherwise diagnostic fallback
0.93,0.038160399576957715,-0.007752740897018273,0.038160399576957715,-0.007752740897018273,0.038160399576957715,-0.007752740897018273,5.638160399576957,0.9113554430453674,5.6,0.9191081839423857,0.0,0.0,Vmag_get_voltage_magnitude_series__angle_get_voltage_angle_series,true,GFM,Ybus EMT reconstruction using exact complex bus-voltage phasors when available; otherwise diagnostic fallback
0.94,0.03942806011847111,-0.007607863982022733,0.03942806011847111,-0.007607863982022733,0.03942806011847111,-0.007607863982022733,5.639428060118471,0.911500319960363,5.6,0.9191081839423857,0.0,0.0,Vmag_get_voltage_magnitude_series__angle_get_voltage_angle_series,true,GFM,Ybus EMT reconstruction using exact complex bus-voltage phasors when available; otherwise diagnostic fallback
0.95,0.040452951426730444,-0.0074623267168656415,0.040452951426730444,-0.0074623267168656415,0.040452951426730444,-0.0074623267168656415,5.64045295142673,0.91164585722552,5.6,0.9191081839423857,0.0,0.0,Vmag_get_voltage_magnitude_series__angle_get_voltage_angle_series,true,GFM,Ybus EMT reconstruction using exact complex bus-voltage phasors when available; otherwise diagnostic fallback
0.96,0.041239192684307646,-0.007317114481249276,0.041239192684307646,-0.007317114481249276,0.041239192684307646,-0.007317114481249276,5.641239192684307,0.9117910694611364,5.6,0.9191081839423857,0.0,0.0,Vmag_get_voltage_magnitude_series__angle_get_voltage_angle_series,true,GFM,Ybus EMT reconstruction using exact complex bus-voltage phasors when available; otherwise diagnostic fallback
0.97,0.041792644627383524,-0.007173161405848116,0.041792644627383524,-0.007173161405848116,0.041792644627383524,-0.007173161405848116,5.641792644627383,0.9119350225365376,5.6,0.9191081839423857,0.0,0.0,Vmag_get_voltage_magnitude_series__angle_get_voltage_angle_series,true,GFM,Ybus EMT reconstruction using exact complex bus-voltage phasors when available; otherwise diagnostic fallback
0.98,0.04212077628269206,-0.0070313453187993424,0.04212077628269206,-0.0070313453187993424,0.04212077628269206,-0.0070313453187993424,5.642120776282692,0.9120768386235864,5.6,0.9191081839423857,0.0,0.0,Vmag_get_voltage_magnitude_series__angle_get_voltage_angle_series,true,GFM,Ybus EMT reconstruction using exact complex bus-voltage phasors when available; otherwise diagnostic fallback
0.99,0.042232527793600205,-0.0068924835133327145,0.042232527793600205,-0.0068924835133327145,0.042232527793600205,-0.0068924835133327145,5.6422325277936,0.912215700429053,5.6,0.9191081839423857,0.0,0.0,Vmag_get_voltage_magnitude_series__angle_get_voltage_angle_series,true,GFM,Ybus EMT reconstruction using exact complex bus-voltage phasors when available; otherwise diagnostic fallback
1.0,0.0421381643301979,-0.006757329156871106,0.0421381643301979,-0.006757329156871106,0.0421381643301979,-0.006757329156871106,5.6421381643301975,0.9123508547855146,5.6,0.9191081839423857,0.0,0.0,Vmag_get_voltage_magnitude_series__angle_get_voltage_angle_series,true,GFM,Ybus EMT reconstruction using exact complex bus-voltage phasors when available; otherwise diagnostic fallback
1.01,0.04184912729830792,-0.006626568629995,0.04184912729830792,-0.006626568629995,0.04184912729830792,-0.006626568629995,5.641849127298308,0.9124816153123907,5.6,0.9191081839423857,0.0,0.0,Vmag_get_voltage_magnitude_series__angle_get_voltage_angle_series,true,GFM,Ybus EMT reconstruction using exact complex bus-voltage phasors when available; otherwise diagnostic fallback
1.02,0.041377882955683454,-0.006500819401083935,0.041377882955683454,-0.006500819401083935,0.041377882955683454,-0.006500819401083935,5.641377882955683,0.9126073645413018,5.6,0.9191081839423857,0.0,0.0,Vmag_get_voltage_magnitude_series__angle_get_voltage_angle_series,true,GFM,Ybus EMT reconstruction using exact complex bus-voltage phasors when available; otherwise diagnostic fallback
1.03,0.04073776738894175,-0.0063806287865422195,0.04073776738894175,-0.0063806287865422195,0.04073776738894175,-0.0063806287865422195,5.640737767388941,0.9127275551558435,5.6,0.9191081839423857,0.0,0.0,Vmag_get_voltage_magnitude_series__angle_get_voltage_angle_series,true,GFM,Ybus EMT reconstruction using exact complex bus-voltage phasors when available; otherwise diagnostic fallback
1.04,0.03994283423344225,-0.006266473169590947,0.03994283423344225,-0.006266473169590947,0.03994283423344225,-0.006266473169590947,5.639942834233442,0.9128417107727947,5.6,0.9191081839423857,0.0,0.0,Vmag_get_voltage_magnitude_series__angle_get_voltage_angle_series,true,GFM,Ybus EMT reconstruction using exact complex bus-voltage phasors when available; otherwise diagnostic fallback
1.05,0.039007701174612386,-0.006158757957395622,0.039007701174612386,-0.006158757957395622,0.039007701174612386,-0.006158757957395622,5.639007701174612,0.9129494259849901,5.6,0.9191081839423857,0.0,0.0,Vmag_get_voltage_magnitude_series__angle_get_voltage_angle_series,true,GFM,Ybus EMT reconstruction using exact complex bus-voltage phasors when available; otherwise diagnostic fallback
1.06,0.037947400670582,-0.006057818092183309,0.037947400670582,-0.006057818092183309,0.037947400670582,-0.006057818092183309,5.637947400670582,0.9130503658502024,5.6,0.9191081839423857,0.0,0.0,Vmag_get_voltage_magnitude_series__angle_get_voltage_angle_series,true,GFM,Ybus EMT reconstruction using exact complex bus-voltage phasors when available; otherwise diagnostic fallback
1.07,0.03677723376108144,-0.005963918989806638,0.03677723376108144,-0.005963918989806638,0.03677723376108144,-0.005963918989806638,5.636777233761081,0.913144264952579,5.6,0.9191081839423857,0.0,0.0,Vmag_get_voltage_magnitude_series__angle_get_voltage_angle_series,true,GFM,Ybus EMT reconstruction using exact complex bus-voltage phasors when available; otherwise diagnostic fallback
1.08,0.03551262840458502,-0.005877258135091545,0.03551262840458502,-0.005877258135091545,0.03551262840458502,-0.005877258135091545,5.635512628404585,0.9132309258072941,5.6,0.9191081839423857,0.0,0.0,Vmag_get_voltage_magnitude_series__angle_get_voltage_angle_series,true,GFM,Ybus EMT reconstruction using exact complex bus-voltage phasors when available; otherwise diagnostic fallback
1.09,0.034169004026507466,-0.005797966928650089,0.034169004026507466,-0.005797966928650089,0.034169004026507466,-0.005797966928650089,5.634169004026507,0.9133102170137356,5.6,0.9191081839423857,0.0,0.0,Vmag_get_voltage_magnitude_series__angle_get_voltage_angle_series,true,GFM,Ybus EMT reconstruction using exact complex bus-voltage phasors when available; otherwise diagnostic fallback
1.1,0.03276164258301151,-0.005726113089502771,0.03276164258301151,-0.005726113089502771,0.03276164258301151,-0.005726113089502771,5.632761642583011,0.9133820708528829,5.6,0.9191081839423857,0.0,0.0,Vmag_get_voltage_magnitude_series__angle_get_voltage_angle_series,true,GFM,Ybus EMT reconstruction using exact complex bus-voltage phasors when available; otherwise diagnostic fallback
1.11,0.031305566888341296,-0.0056617032977092085,0.031305566888341296,-0.0056617032977092085,0.031305566888341296,-0.0056617032977092085,5.631305566888341,0.9134464806446765,5.6,0.9191081839423857,0.0,0.0,Vmag_get_voltage_magnitude_series__angle_get_voltage_angle_series,true,GFM,Ybus EMT reconstruction using exact complex bus-voltage phasors when available; otherwise diagnostic fallback
1.12,0.02981542761556355,-0.0056046862718373,0.02981542761556355,-0.0056046862718373,0.02981542761556355,-0.0056046862718373,5.629815427615563,0.9135034976705484,5.6,0.9191081839423857,0.0,0.0,Vmag_get_voltage_magnitude_series__angle_get_voltage_angle_series,true,GFM,Ybus EMT reconstruction using exact complex bus-voltage phasors when available; otherwise diagnostic fallback
1.13,0.028305398272626903,-0.005554955982728704,0.028305398272626903,-0.005554955982728704,0.028305398272626903,-0.005554955982728704,5.6283053982726265,0.913553227959657,5.6,0.9191081839423857,0.0,0.0,Vmag_get_voltage_magnitude_series__angle_get_voltage_angle_series,true,GFM,Ybus EMT reconstruction using exact complex bus-voltage phasors when available; otherwise diagnostic fallback
1.14,0.026789080183194258,-0.005512355263272428,0.026789080183194258,-0.005512355263272428,0.026789080183194258,-0.005512355263272428,5.626789080183194,0.9135958286791133,5.6,0.9191081839423857,0.0,0.0,Vmag_get_voltage_magnitude_series__angle_get_voltage_angle_series,true,GFM,Ybus EMT reconstruction using exact complex bus-voltage phasors when available; otherwise diagnostic fallback
1.15,0.025279416375558306,-0.005476679496693504,0.025279416375558306,-0.005476679496693504,0.025279416375558306,-0.005476679496693504,5.625279416375558,0.9136315044456922,5.6,0.9191081839423857,0.0,0.0,Vmag_get_voltage_magnitude_series__angle_get_voltage_angle_series,true,GFM,Ybus EMT reconstruction using exact complex bus-voltage phasors when available; otherwise diagnostic fallback
1.16,0.02378861604790572,-0.0054476806053315174,0.02378861604790572,-0.0054476806053315174,0.02378861604790572,-0.0054476806053315174,5.623788616047905,0.9136605033370542,5.6,0.9191081839423857,0.0,0.0,Vmag_get_voltage_magnitude_series__angle_get_voltage_angle_series,true,GFM,Ybus EMT reconstruction using exact complex bus-voltage phasors when available; otherwise diagnostic fallback
1.17,0.022328088072902652,-0.005425071041479934,0.022328088072902652,-0.005425071041479934,0.022328088072902652,-0.005425071041479934,5.622328088072902,0.9136831129009058,5.6,0.9191081839423857,0.0,0.0,Vmag_get_voltage_magnitude_series__angle_get_voltage_angle_series,true,GFM,Ybus EMT reconstruction using exact complex bus-voltage phasors when available; otherwise diagnostic fallback
1.18,0.020908386198101425,-0.005408528029354653,0.020908386198101425,-0.005408528029354653,0.020908386198101425,-0.005408528029354653,5.620908386198101,0.913699655913031,5.6,0.9191081839423857,0.0,0.0,Vmag_get_voltage_magnitude_series__angle_get_voltage_angle_series,true,GFM,Ybus EMT reconstruction using exact complex bus-voltage phasors when available; otherwise diagnostic fallback
1.19,0.019539162220380213,-0.005397697733763862,0.019539162220380213,-0.005397697733763862,0.019539162220380213,-0.005397697733763862,5.61953916222038,0.9137104862086218,5.6,0.9191081839423857,0.0,0.0,Vmag_get_voltage_magnitude_series__angle_get_voltage_angle_series,true,GFM,Ybus EMT reconstruction using exact complex bus-voltage phasors when available; otherwise diagnostic fallback
1.2,0.018229131706144486,-0.005392199667904829,0.018229131706144486,-0.005392199667904829,0.018229131706144486,-0.005392199667904829,5.618229131706144,0.9137159842744809,5.6,0.9191081839423857,0.0,0.0,Vmag_get_voltage_magnitude_series__angle_get_voltage_angle_series,true,GFM,Ybus EMT reconstruction using exact complex bus-voltage phasors when available; otherwise diagnostic fallback
1.21,0.01698604676452753,-0.005391630906521172,0.01698604676452753,-0.005391630906521172,0.01698604676452753,-0.005391630906521172,5.616986046764527,0.9137165530358645,5.6,0.9191081839423857,0.0,0.0,Vmag_get_voltage_magnitude_series__angle_get_voltage_angle_series,true,GFM,Ybus EMT reconstruction using exact complex bus-voltage phasors when available; otherwise diagnostic fallback
1.22,0.015816681365905083,-0.005395570443109565,0.015816681365905083,-0.005395570443109565,0.015816681365905083,-0.005395570443109565,5.615816681365905,0.9137126134992761,5.6,0.9191081839423857,0.0,0.0,Vmag_get_voltage_magnitude_series__angle_get_voltage_angle_series,true,GFM,Ybus EMT reconstruction using exact complex bus-voltage phasors when available; otherwise diagnostic fallback
1.23,0.014726822757128666,-0.005403583403507439,0.014726822757128666,-0.005403583403507439,0.014726822757128666,-0.005403583403507439,5.614726822757128,0.9137046005388783,5.6,0.9191081839423857,0.0,0.0,Vmag_get_voltage_magnitude_series__angle_get_voltage_angle_series,true,GFM,Ybus EMT reconstruction using exact complex bus-voltage phasors when available; otherwise diagnostic fallback
1.24,0.013721274949431539,-0.005415225299718274,0.013721274949431539,-0.005415225299718274,0.013721274949431539,-0.005415225299718274,5.613721274949431,0.9136929586426674,5.6,0.9191081839423857,0.0,0.0,Vmag_get_voltage_magnitude_series__angle_get_voltage_angle_series,true,GFM,Ybus EMT reconstruction using exact complex bus-voltage phasors when available; otherwise diagnostic fallback
1.25,0.012803867370051236,-0.005430046067831484,0.012803867370051236,-0.005430046067831484,0.012803867370051236,-0.005430046067831484,5.612803867370051,0.9136781378745542,5.6,0.9191081839423857,0.0,0.0,Vmag_get_voltage_magnitude_series__angle_get_voltage_angle_series,true,GFM,Ybus EMT reconstruction using exact complex bus-voltage phasors when available; otherwise diagnostic fallback
1.26,0.01197747433812868,-0.005447594033813452,0.01197747433812868,-0.005447594033813452,0.01197747433812868,-0.005447594033813452,5.611977474338128,0.9136605899085722,5.6,0.9191081839423857,0.0,0.0,Vmag_get_voltage_magnitude_series__angle_get_voltage_angle_series,true,GFM,Ybus EMT reconstruction using exact complex bus-voltage phasors when available; otherwise diagnostic fallback
1.27,0.011244039794148009,-0.005467419728931944,0.011244039794148009,-0.005467419728931944,0.011244039794148009,-0.005467419728931944,5.611244039794148,0.9136407642134537,5.6,0.9191081839423857,0.0,0.0,Vmag_get_voltage_magnitude_series__angle_get_voltage_angle_series,true,GFM,Ybus EMT reconstruction using exact complex bus-voltage phasors when available; otherwise diagnostic fallback
1.28,0.010604609258764164,-0.00548907955319089,0.010604609258764164,-0.00548907955319089,0.010604609258764164,-0.00548907955319089,5.610604609258764,0.9136191043891948,5.6,0.9191081839423857,0.0,0.0,Vmag_get_voltage_magnitude_series__angle_get_voltage_angle_series,true,GFM,Ybus EMT reconstruction using exact complex bus-voltage phasors when available; otherwise diagnostic fallback
1.29,0.010059368718017048,-0.005512139174590369,0.010059368718017048,-0.005512139174590369,0.010059368718017048,-0.005512139174590369,5.610059368718017,0.9135960447677953,5.6,0.9191081839423857,0.0,0.0,Vmag_get_voltage_magnitude_series__angle_get_voltage_angle_series,true,GFM,Ybus EMT reconstruction using exact complex bus-voltage phasors when available; otherwise diagnostic fallback
1.3,0.009607687923571362,-0.005536176779761148,0.009607687923571362,-0.005536176779761148,0.009607687923571362,-0.005536176779761148,5.609607687923571,0.9135720071626245,5.6,0.9191081839423857,0.0,0.0,Vmag_get_voltage_magnitude_series__angle_get_voltage_angle_series,true,GFM,Ybus EMT reconstruction using exact complex bus-voltage phasors when available; otherwise diagnostic fallback
1.31,0.009248169093183378,-0.005560786000230911,0.009248169093183378,-0.005560786000230911,0.009248169093183378,-0.005560786000230911,5.609248169093183,0.9135473979421548,5.6,0.9191081839423857,0.0,0.0,Vmag_get_voltage_magnitude_series__angle_get_voltage_angle_series,true,GFM,Ybus EMT reconstruction using exact complex bus-voltage phasors when available; otherwise diagnostic fallback
1.32,0.008978699440167048,-0.005585578708603545,0.008978699440167048,-0.005585578708603545,0.008978699440167048,-0.005585578708603545,5.608978699440167,0.9135226052337821,5.6,0.9191081839423857,0.0,0.0,Vmag_get_voltage_magnitude_series__angle_get_voltage_angle_series,true,GFM,Ybus EMT reconstruction using exact complex bus-voltage phasors when available; otherwise diagnostic fallback
1.33,0.008796507623257455,-0.005610187414261669,0.008796507623257455,-0.005610187414261669,0.008796507623257455,-0.005610187414261669,5.608796507623257,0.913497996528124,5.6,0.9191081839423857,0.0,0.0,Vmag_get_voltage_magnitude_series__angle_get_voltage_angle_series,true,GFM,Ybus EMT reconstruction using exact complex bus-voltage phasors when available; otherwise diagnostic fallback
1.34,0.008698222143693535,-0.005634267452582553,0.008698222143693535,-0.005634267452582553,0.008698222143693535,-0.005634267452582553,5.608698222143693,0.9134739164898031,5.6,0.9191081839423857,0.0,0.0,Vmag_get_voltage_magnitude_series__angle_get_voltage_angle_series,true,GFM,Ybus EMT reconstruction using exact complex bus-voltage phasors when available; otherwise diagnostic fallback
1.35,0.008679932866567874,-0.0056574988677750015,0.008679932866567874,-0.0056574988677750015,0.008679932866567874,-0.0056574988677750015,5.6086799328665675,0.9134506850746107,5.6,0.9191081839423857,0.0,0.0,Vmag_get_voltage_magnitude_series__angle_get_voltage_angle_series,true,GFM,Ybus EMT reconstruction using exact complex bus-voltage phasors when available; otherwise diagnostic fallback
1.36,0.008737253118457744,-0.0056795879789691694,0.008737253118457744,-0.0056795879789691694,0.008737253118457744,-0.0056795879789691694,5.608737253118457,0.9134285959634165,5.6,0.9191081839423857,0.0,0.0,Vmag_get_voltage_magnitude_series__angle_get_voltage_angle_series,true,GFM,Ybus EMT reconstruction using exact complex bus-voltage phasors when available; otherwise diagnostic fallback
1.37,0.008865383511598601,-0.005700268695253308,0.008865383511598601,-0.005700268695253308,0.008865383511598601,-0.005700268695253308,5.608865383511598,0.9134079152471324,5.6,0.9191081839423857,0.0,0.0,Vmag_get_voltage_magnitude_series__angle_get_voltage_angle_series,true,GFM,Ybus EMT reconstruction using exact complex bus-voltage phasors when available; otherwise diagnostic fallback
1.38,0.009059175305000444,-0.005719303448808,0.009059175305000444,-0.005719303448808,0.009059175305000444,-0.005719303448808,5.609059175305,0.9133888804935777,5.6,0.9191081839423857,0.0,0.0,Vmag_get_voltage_magnitude_series__angle_get_voltage_angle_series,true,GFM,Ybus EMT reconstruction using exact complex bus-voltage phasors when available; otherwise diagnostic fallback
1.39,0.009313193587766833,-0.005736483922544999,0.009313193587766833,-0.005736483922544999,0.009313193587766833,-0.005736483922544999,5.6093131935877665,0.9133717000198407,5.6,0.9191081839423857,0.0,0.0,Vmag_get_voltage_magnitude_series__angle_get_voltage_angle_series,true,GFM,Ybus EMT reconstruction using exact complex bus-voltage phasors when available; otherwise diagnostic fallback
1.4,0.009621780093270083,-0.005751631400208956,0.009621780093270083,-0.005751631400208956,0.009621780093270083,-0.005751631400208956,5.60962178009327,0.9133565525421767,5.6,0.9191081839423857,0.0,0.0,Vmag_get_voltage_magnitude_series__angle_get_voltage_angle_series,true,GFM,Ybus EMT reconstruction using exact complex bus-voltage phasors when available; otherwise diagnostic fallback
1.41,0.009979113941596118,-0.00576459691022746,0.009979113941596118,-0.00576459691022746,0.009979113941596118,-0.00576459691022746,5.609979113941596,0.9133435870321582,5.6,0.9191081839423857,0.0,0.0,Vmag_get_voltage_magnitude_series__angle_get_voltage_angle_series,true,GFM,Ybus EMT reconstruction using exact complex bus-voltage phasors when available; otherwise diagnostic fallback
1.42,0.010379271133846402,-0.00577526102458048,0.010379271133846402,-0.00577526102458048,0.010379271133846402,-0.00577526102458048,5.610379271133846,0.9133329229178052,5.6,0.9191081839423857,0.0,0.0,Vmag_get_voltage_magnitude_series__angle_get_voltage_angle_series,true,GFM,Ybus EMT reconstruction using exact complex bus-voltage phasors when available; otherwise diagnostic fallback
1.43,0.010816281404435024,-0.005783533436392596,0.010816281404435024,-0.005783533436392596,0.010816281404435024,-0.005783533436392596,5.610816281404435,0.9133246505059931,5.6,0.9191081839423857,0.0,0.0,Vmag_get_voltage_magnitude_series__angle_get_voltage_angle_series,true,GFM,Ybus EMT reconstruction using exact complex bus-voltage phasors when available; otherwise diagnostic fallback
1.44,0.011284182641089657,-0.005789352305888729,0.011284182641089657,-0.005789352305888729,0.011284182641089657,-0.005789352305888729,5.611284182641089,0.913318831636497,5.6,0.9191081839423857,0.0,0.0,Vmag_get_voltage_magnitude_series__angle_get_voltage_angle_series,true,GFM,Ybus EMT reconstruction using exact complex bus-voltage phasors when available; otherwise diagnostic fallback
1.45,0.011777072243353892,-0.0057926833352742735,0.011777072243353892,-0.0057926833352742735,0.011777072243353892,-0.0057926833352742735,5.6117770722433535,0.9133155006071114,5.6,0.9191081839423857,0.0,0.0,Vmag_get_voltage_magnitude_series__angle_get_voltage_angle_series,true,GFM,Ybus EMT reconstruction using exact complex bus-voltage phasors when available; otherwise diagnostic fallback
1.46,0.012289155266831386,-0.005793518672128295,0.012289155266831386,-0.005793518672128295,0.012289155266831386,-0.005793518672128295,5.612289155266831,0.9133146652702574,5.6,0.9191081839423857,0.0,0.0,Vmag_get_voltage_magnitude_series__angle_get_voltage_angle_series,true,GFM,Ybus EMT reconstruction using exact complex bus-voltage phasors when available; otherwise diagnostic fallback
1.47,0.012814788928922738,-0.005791875602394803,0.012814788928922738,-0.005791875602394803,0.012814788928922738,-0.005791875602394803,5.612814788928922,0.9133163083399909,5.6,0.9191081839423857,0.0,0.0,Vmag_get_voltage_magnitude_series__angle_get_voltage_angle_series,true,GFM,Ybus EMT reconstruction using exact complex bus-voltage phasors when available; otherwise diagnostic fallback
1.48,0.013348523553693425,-0.005787795085795078,0.013348523553693425,-0.005787795085795078,0.013348523553693425,-0.005787795085795078,5.613348523553693,0.9133203888565906,5.6,0.9191081839423857,0.0,0.0,Vmag_get_voltage_magnitude_series__angle_get_voltage_angle_series,true,GFM,Ybus EMT reconstruction using exact complex bus-voltage phasors when available; otherwise diagnostic fallback
1.49,0.013885139499938859,-0.005781340156156944,0.013885139499938859,-0.005781340156156944,0.013885139499938859,-0.005781340156156944,5.6138851394999385,0.9133268437862287,5.6,0.9191081839423857,0.0,0.0,Vmag_get_voltage_magnitude_series__angle_get_voltage_angle_series,true,GFM,Ybus EMT reconstruction using exact complex bus-voltage phasors when available; otherwise diagnostic fallback
1.5,0.014419680109573285,-0.005772594177848811,0.014419680109573285,-0.005772594177848811,0.014419680109573285,-0.005772594177848811,5.614419680109573,0.9133355897645369,5.6,0.9191081839423857,0.0,0.0,Vmag_get_voltage_magnitude_series__angle_get_voltage_angle_series,true,GFM,Ybus EMT reconstruction using exact complex bus-voltage phasors when available; otherwise diagnostic fallback
1.51,0.014947480500724808,-0.005761659012802567,0.014947480500724808,-0.005761659012802567,0.014947480500724808,-0.005761659012802567,5.6149474805007245,0.9133465249295831,5.6,0.9191081839423857,0.0,0.0,Vmag_get_voltage_magnitude_series__angle_get_voltage_angle_series,true,GFM,Ybus EMT reconstruction using exact complex bus-voltage phasors when available; otherwise diagnostic fallback
1.52,0.015464192582208547,-0.005748653128708425,0.015464192582208547,-0.005748653128708425,0.015464192582208547,-0.005748653128708425,5.615464192582208,0.9133595308136773,5.6,0.9191081839423857,0.0,0.0,Vmag_get_voltage_magnitude_series__angle_get_voltage_angle_series,true,GFM,Ybus EMT reconstruction using exact complex bus-voltage phasors when available; otherwise diagnostic fallback
1.53,0.01596580533296521,-0.0057337096127867415,0.01596580533296521,-0.0057337096127867415,0.01596580533296521,-0.0057337096127867415,5.615965805332965,0.913374474329599,5.6,0.9191081839423857,0.0,0.0,Vmag_get_voltage_magnitude_series__angle_get_voltage_angle_series,true,GFM,Ybus EMT reconstruction using exact complex bus-voltage phasors when available; otherwise diagnostic fallback
1.54,0.016448661797541675,-0.005716974208617276,0.016448661797541675,-0.005716974208617276,0.016448661797541675,-0.005716974208617276,5.616448661797541,0.9133912097337684,5.6,0.9191081839423857,0.0,0.0,Vmag_get_voltage_magnitude_series__angle_get_voltage_angle_series,true,GFM,Ybus EMT reconstruction using exact complex bus-voltage phasors when available; otherwise diagnostic fallback
1.55,0.016909471131699938,-0.0056986032754303695,0.016909471131699938,-0.0056986032754303695,0.016909471131699938,-0.0056986032754303695,5.6169094711317,0.9134095806669553,5.6,0.9191081839423857,0.0,0.0,Vmag_get_voltage_magnitude_series__angle_get_voltage_angle_series,true,GFM,Ybus EMT reconstruction using exact complex bus-voltage phasors when available; otherwise diagnostic fallback
1.56,0.017345317854860376,-0.005678761822050071,0.017345317854860376,-0.005678761822050071,0.017345317854860376,-0.005678761822050071,5.61734531785486,0.9134294221203356,5.6,0.9191081839423857,0.0,0.0,Vmag_get_voltage_magnitude_series__angle_get_voltage_angle_series,true,GFM,Ybus EMT reconstruction using exact complex bus-voltage phasors when available; otherwise diagnostic fallback
1.57,0.01775366615225593,-0.005657621507602406,0.01775366615225593,-0.005657621507602406,0.01775366615225593,-0.005657621507602406,5.617753666152256,0.9134505624347833,5.6,0.9191081839423857,0.0,0.0,Vmag_get_voltage_magnitude_series__angle_get_voltage_angle_series,true,GFM,Ybus EMT reconstruction using exact complex bus-voltage phasors when available; otherwise diagnostic fallback
1.58,0.01813236180094524,-0.005635358742164476,0.01813236180094524,-0.005635358742164476,0.01813236180094524,-0.005635358742164476,5.618132361800945,0.9134728252002212,5.6,0.9191081839423857,0.0,0.0,Vmag_get_voltage_magnitude_series__angle_get_voltage_angle_series,true,GFM,Ybus EMT reconstruction using exact complex bus-voltage phasors when available; otherwise diagnostic fallback
1.59,0.01847962949995008,-0.00561215280322902,0.01847962949995008,-0.00561215280322902,0.01847962949995008,-0.00561215280322902,5.61847962949995,0.9134960311391567,5.6,0.9191081839423857,0.0,0.0,Vmag_get_voltage_magnitude_series__angle_get_voltage_angle_series,true,GFM,Ybus EMT reconstruction using exact complex bus-voltage phasors when available; otherwise diagnostic fallback
1.6,0.018794067803360903,-0.0055881840500440205,0.018794067803360903,-0.0055881840500440205,0.018794067803360903,-0.0055881840500440205,5.6187940678033605,0.9135199998923417,5.6,0.9191081839423857,0.0,0.0,Vmag_get_voltage_magnitude_series__angle_get_voltage_angle_series,true,GFM,Ybus EMT reconstruction using exact complex bus-voltage phasors when available; otherwise diagnostic fallback
1.61,0.01907464097634648,-0.005563632213801628,0.01907464097634648,-0.005563632213801628,0.01907464097634648,-0.005563632213801628,5.619074640976346,0.9135445517285841,5.6,0.9191081839423857,0.0,0.0,Vmag_get_voltage_magnitude_series__angle_get_voltage_angle_series,true,GFM,Ybus EMT reconstruction using exact complex bus-voltage phasors when available; otherwise diagnostic fallback
1.62,0.0193206675334876,-0.005538674807267552,0.0193206675334876,-0.005538674807267552,0.0193206675334876,-0.005538674807267552,5.619320667533487,0.9135695091351181,5.6,0.9191081839423857,0.0,0.0,Vmag_get_voltage_magnitude_series__angle_get_voltage_angle_series,true,GFM,Ybus EMT reconstruction using exact complex bus-voltage phasors when available; otherwise diagnostic fallback
1.63,0.019531806998291934,-0.005513485607841484,0.019531806998291934,-0.005513485607841484,0.019531806998291934,-0.005513485607841484,5.619531806998292,0.9135946983345442,5.6,0.9191081839423857,0.0,0.0,Vmag_get_voltage_magnitude_series__angle_get_voltage_angle_series,true,GFM,Ybus EMT reconstruction using exact complex bus-voltage phasors when available; otherwise diagnostic fallback
1.64,0.019708043810565457,-0.005488233291972788,0.019708043810565457,-0.005488233291972788,0.019708043810565457,-0.005488233291972788,5.619708043810565,0.9136199506504129,5.6,0.9191081839423857,0.0,0.0,Vmag_get_voltage_magnitude_series__angle_get_voltage_angle_series,true,GFM,Ybus EMT reconstruction using exact complex bus-voltage phasors when available; otherwise diagnostic fallback
1.65,0.01984966974999658,-0.005463080157950828,0.01984966974999658,-0.005463080157950828,0.01984966974999658,-0.005463080157950828,5.619849669749996,0.9136451037844349,5.6,0.9191081839423857,0.0,0.0,Vmag_get_voltage_magnitude_series__angle_get_voltage_angle_series,true,GFM,Ybus EMT reconstruction using exact complex bus-voltage phasors when available; otherwise diagnostic fallback
1.66,0.019957264109211614,-0.005438181013057042,0.019957264109211614,-0.005438181013057042,0.019957264109211614,-0.005438181013057042,5.619957264109211,0.9136700029293287,5.6,0.9191081839423857,0.0,0.0,Vmag_get_voltage_magnitude_series__angle_get_voltage_angle_series,true,GFM,Ybus EMT reconstruction using exact complex bus-voltage phasors when available; otherwise diagnostic fallback
1.67,0.020031673015215468,-0.005413682162121347,0.020031673015215468,-0.005413682162121347,0.020031673015215468,-0.005413682162121347,5.620031673015215,0.9136945017802643,5.6,0.9191081839423857,0.0,0.0,Vmag_get_voltage_magnitude_series__angle_get_voltage_angle_series,true,GFM,Ybus EMT reconstruction using exact complex bus-voltage phasors when available; otherwise diagnostic fallback
1.68,0.020073986924323606,-0.005389720529548447,0.020073986924323606,-0.005389720529548447,0.020073986924323606,-0.005389720529548447,5.620073986924323,0.9137184634128372,5.6,0.9191081839423857,0.0,0.0,Vmag_get_voltage_magnitude_series__angle_get_voltage_angle_series,true,GFM,Ybus EMT reconstruction using exact complex bus-voltage phasors when available; otherwise diagnostic fallback
1.69,0.02008551775320999,-0.005366422929867221,0.02008551775320999,-0.005366422929867221,0.02008551775320999,-0.005366422929867221,5.62008551775321,0.9137417610125185,5.6,0.9191081839423857,0.0,0.0,Vmag_get_voltage_magnitude_series__angle_get_voltage_angle_series,true,GFM,Ybus EMT reconstruction using exact complex bus-voltage phasors when available; otherwise diagnostic fallback
1.7,0.02006777489425815,-0.005343905457760756,0.02006777489425815,-0.005343905457760756,0.02006777489425815,-0.005343905457760756,5.620067774894258,0.9137642784846249,5.6,0.9191081839423857,0.0,0.0,Vmag_get_voltage_magnitude_series__angle_get_voltage_angle_series,true,GFM,Ybus EMT reconstruction using exact complex bus-voltage phasors when available; otherwise diagnostic fallback
1.71,0.020022441042176986,-0.005322273017458801,0.020022441042176986,-0.005322273017458801,0.020022441042176986,-0.005322273017458801,5.620022441042177,0.9137859109249269,5.6,0.9191081839423857,0.0,0.0,Vmag_get_voltage_magnitude_series__angle_get_voltage_angle_series,true,GFM,Ybus EMT reconstruction using exact complex bus-voltage phasors when available; otherwise diagnostic fallback
1.72,0.01995134788715891,-0.005301618958392762,0.01995134788715891,-0.005301618958392762,0.01995134788715891,-0.005301618958392762,5.6199513478871586,0.9138065649839929,5.6,0.9191081839423857,0.0,0.0,Vmag_get_voltage_magnitude_series__angle_get_voltage_angle_series,true,GFM,Ybus EMT reconstruction using exact complex bus-voltage phasors when available; otherwise diagnostic fallback
1.73,0.019856451521473417,-0.005282024860034373,0.019856451521473417,-0.005282024860034373,0.019856451521473417,-0.005282024860034373,5.619856451521473,0.9138261590823513,5.6,0.9191081839423857,0.0,0.0,Vmag_get_voltage_magnitude_series__angle_get_voltage_angle_series,true,GFM,Ybus EMT reconstruction using exact complex bus-voltage phasors when available; otherwise diagnostic fallback
1.74,0.019739808506417766,-0.0052635604092318156,0.019739808506417766,-0.0052635604092318156,0.019739808506417766,-0.0052635604092318156,5.619739808506417,0.9138446235331539,5.6,0.9191081839423857,0.0,0.0,Vmag_get_voltage_magnitude_series__angle_get_voltage_angle_series,true,GFM,Ybus EMT reconstruction using exact complex bus-voltage phasors when available; otherwise diagnostic fallback
1.75,0.019603552037088967,-0.005246283416559305,0.019603552037088967,-0.005246283416559305,0.019603552037088967,-0.005246283416559305,5.619603552037089,0.9138619005258264,5.6,0.9191081839423857,0.0,0.0,Vmag_get_voltage_magnitude_series__angle_get_voltage_angle_series,true,GFM,Ybus EMT reconstruction using exact complex bus-voltage phasors when available; otherwise diagnostic fallback
1.76,0.019449868965387473,-0.005230239915847812,0.019449868965387473,-0.005230239915847812,0.019449868965387473,-0.005230239915847812,5.619449868965387,0.9138779440265379,5.6,0.9191081839423857,0.0,0.0,Vmag_get_voltage_magnitude_series__angle_get_voltage_angle_series,true,GFM,Ybus EMT reconstruction using exact complex bus-voltage phasors when available; otherwise diagnostic fallback
1.77,0.019280977547099454,-0.0052154643639087395,0.019280977547099454,-0.0052154643639087395,0.019280977547099454,-0.0052154643639087395,5.619280977547099,0.913892719578477,5.6,0.9191081839423857,0.0,0.0,Vmag_get_voltage_magnitude_series__angle_get_voltage_angle_series,true,GFM,Ybus EMT reconstruction using exact complex bus-voltage phasors when available; otherwise diagnostic fallback
1.78,0.01909910611855281,-0.005201979952234703,0.01909910611855281,-0.005201979952234703,0.01909910611855281,-0.005201979952234703,5.6190991061185525,0.913906203990151,5.6,0.9191081839423857,0.0,0.0,Vmag_get_voltage_magnitude_series__angle_get_voltage_angle_series,true,GFM,Ybus EMT reconstruction using exact complex bus-voltage phasors when available; otherwise diagnostic fallback
1.79,0.01890647290870362,-0.0051897989785200105,0.01890647290870362,-0.0051897989785200105,0.01890647290870362,-0.0051897989785200105,5.618906472908703,0.9139183849638657,5.6,0.9191081839423857,0.0,0.0,Vmag_get_voltage_magnitude_series__angle_get_voltage_angle_series,true,GFM,Ybus EMT reconstruction using exact complex bus-voltage phasors when available; otherwise diagnostic fallback
1.8,0.01870526705969322,-0.0051789233140914215,0.01870526705969322,-0.0051789233140914215,0.01870526705969322,-0.0051789233140914215,5.618705267059693,0.9139292606282943,5.6,0.9191081839423857,0.0,0.0,Vmag_get_voltage_magnitude_series__angle_get_voltage_angle_series,true,GFM,Ybus EMT reconstruction using exact complex bus-voltage phasors when available; otherwise diagnostic fallback
1.81,0.018497630906367135,-0.00516934491961607,0.018497630906367135,-0.00516934491961607,0.018497630906367135,-0.00516934491961607,5.618497630906367,0.9139388390227696,5.6,0.9191081839423857,0.0,0.0,Vmag_get_voltage_magnitude_series__angle_get_voltage_angle_series,true,GFM,Ybus EMT reconstruction using exact complex bus-voltage phasors when available; otherwise diagnostic fallback
1.82,0.018285643755928227,-0.00516104644099824,0.018285643755928227,-0.00516104644099824,0.018285643755928227,-0.00516104644099824,5.618285643755928,0.9139471375013875,5.6,0.9191081839423857,0.0,0.0,Vmag_get_voltage_magnitude_series__angle_get_voltage_angle_series,true,GFM,Ybus EMT reconstruction using exact complex bus-voltage phasors when available; otherwise diagnostic fallback
1.83,0.018071306998493242,-0.005154001836149225,0.018071306998493242,-0.005154001836149225,0.018071306998493242,-0.005154001836149225,5.618071306998493,0.9139541821062365,5.6,0.9191081839423857,0.0,0.0,Vmag_get_voltage_magnitude_series__angle_get_voltage_angle_series,true,GFM,Ybus EMT reconstruction using exact complex bus-voltage phasors when available; otherwise diagnostic fallback
1.84,0.01785653086232486,-0.00514817706584092,0.01785653086232486,-0.00514817706584092,0.01785653086232486,-0.00514817706584092,5.6178565308623245,0.9139600068765448,5.6,0.9191081839423857,0.0,0.0,Vmag_get_voltage_magnitude_series__angle_get_voltage_angle_series,true,GFM,Ybus EMT reconstruction using exact complex bus-voltage phasors when available; otherwise diagnostic fallback
1.85,0.017643122605684347,-0.005143530796171025,0.017643122605684347,-0.005143530796171025,0.017643122605684347,-0.005143530796171025,5.617643122605684,0.9139646531462147,5.6,0.9191081839423857,0.0,0.0,Vmag_get_voltage_magnitude_series__angle_get_voltage_angle_series,true,GFM,Ybus EMT reconstruction using exact complex bus-voltage phasors when available; otherwise diagnostic fallback
1.86,0.01743277638972618,-0.005140015150076227,0.01743277638972618,-0.005140015150076227,0.01743277638972618,-0.005140015150076227,5.617432776389726,0.9139681687923095,5.6,0.9191081839423857,0.0,0.0,Vmag_get_voltage_magnitude_series__angle_get_voltage_angle_series,true,GFM,Ybus EMT reconstruction using exact complex bus-voltage phasors when available; otherwise diagnostic fallback
1.87,0.01722706456731693,-0.005137576454200321,0.01722706456731693,-0.005137576454200321,0.01722706456731693,-0.005137576454200321,5.617227064567317,0.9139706074881854,5.6,0.9191081839423857,0.0,0.0,Vmag_get_voltage_magnitude_series__angle_get_voltage_angle_series,true,GFM,Ybus EMT reconstruction using exact complex bus-voltage phasors when available; otherwise diagnostic fallback
1.88,0.017027430775685914,-0.005136156025969507,0.017027430775685914,-0.005136156025969507,0.017027430775685914,-0.005136156025969507,5.617027430775686,0.9139720279164162,5.6,0.9191081839423857,0.0,0.0,Vmag_get_voltage_magnitude_series__angle_get_voltage_angle_series,true,GFM,Ybus EMT reconstruction using exact complex bus-voltage phasors when available; otherwise diagnostic fallback
1.89,0.016835184237287137,-0.005135690930760384,0.016835184237287137,-0.005135690930760384,0.016835184237287137,-0.005135690930760384,5.616835184237287,0.9139724930116253,5.6,0.9191081839423857,0.0,0.0,Vmag_get_voltage_magnitude_series__angle_get_voltage_angle_series,true,GFM,Ybus EMT reconstruction using exact complex bus-voltage phasors when available; otherwise diagnostic fallback
1.9,0.01665149593671611,-0.005136114763679367,0.01665149593671611,-0.005136114763679367,0.01665149593671611,-0.005136114763679367,5.616651495936716,0.9139720691787063,5.6,0.9191081839423857,0.0,0.0,Vmag_get_voltage_magnitude_series__angle_get_voltage_angle_series,true,GFM,Ybus EMT reconstruction using exact complex bus-voltage phasors when available; otherwise diagnostic fallback
1.91,0.01647739586273822,-0.005137358399138425,0.01647739586273822,-0.005137358399138425,0.01647739586273822,-0.005137358399138425,5.616477395862738,0.9139708255432473,5.6,0.9191081839423857,0.0,0.0,Vmag_get_voltage_magnitude_series__angle_get_voltage_angle_series,true,GFM,Ybus EMT reconstruction using exact complex bus-voltage phasors when available; otherwise diagnostic fallback
1.92,0.01631377205050022,-0.005139350750652971,0.01631377205050022,-0.005139350750652971,0.01631377205050022,-0.005139350750652971,5.6163137720505,0.9139688331917327,5.6,0.9191081839423857,0.0,0.0,Vmag_get_voltage_magnitude_series__angle_get_voltage_angle_series,true,GFM,Ybus EMT reconstruction using exact complex bus-voltage phasors when available; otherwise diagnostic fallback
1.93,0.016161370528772423,-0.005142019479979942,0.016161370528772423,-0.005142019479979942,0.016161370528772423,-0.005142019479979942,5.616161370528772,0.9139661644624058,5.6,0.9191081839423857,0.0,0.0,Vmag_get_voltage_magnitude_series__angle_get_voltage_angle_series,true,GFM,Ybus EMT reconstruction using exact complex bus-voltage phasors when available; otherwise diagnostic fallback
1.94,0.01602079693630376,-0.0051452916971815865,0.01602079693630376,-0.0051452916971815865,0.01602079693630376,-0.0051452916971815865,5.616020796936303,0.9139628922452041,5.6,0.9191081839423857,0.0,0.0,Vmag_get_voltage_magnitude_series__angle_get_voltage_angle_series,true,GFM,Ybus EMT reconstruction using exact complex bus-voltage phasors when available; otherwise diagnostic fallback
1.95,0.015892519006407646,-0.005149094622662331,0.015892519006407646,-0.005149094622662331,0.015892519006407646,-0.005149094622662331,5.615892519006407,0.9139590893197234,5.6,0.9191081839423857,0.0,0.0,Vmag_get_voltage_magnitude_series__angle_get_voltage_angle_series,true,GFM,Ybus EMT reconstruction using exact complex bus-voltage phasors when available; otherwise diagnostic fallback
1.96,0.01577687019998386,-0.005153356219890326,0.01577687019998386,-0.005153356219890326,0.01577687019998386,-0.005153356219890326,5.6157768701999835,0.9139548277224954,5.6,0.9191081839423857,0.0,0.0,Vmag_get_voltage_magnitude_series__angle_get_voltage_angle_series,true,GFM,Ybus EMT reconstruction using exact complex bus-voltage phasors when available; otherwise diagnostic fallback
1.97,0.015674054501793933,-0.00515800577689951,0.015674054501793933,-0.00515800577689951,0.015674054501793933,-0.00515800577689951,5.615674054501794,0.9139501781654862,5.6,0.9191081839423857,0.0,0.0,Vmag_get_voltage_magnitude_series__angle_get_voltage_angle_series,true,GFM,Ybus EMT reconstruction using exact complex bus-voltage phasors when available; otherwise diagnostic fallback
1.98,0.015584151816780079,-0.005162974456181857,0.015584151816780079,-0.005162974456181857,0.015584151816780079,-0.005162974456181857,5.61558415181678,0.9139452094862038,5.6,0.9191081839423857,0.0,0.0,Vmag_get_voltage_magnitude_series__angle_get_voltage_angle_series,true,GFM,Ybus EMT reconstruction using exact complex bus-voltage phasors when available; otherwise diagnostic fallback
1.99,0.01550712447501379,-0.005168195789725161,0.01550712447501379,-0.005168195789725161,0.01550712447501379,-0.005168195789725161,5.615507124475013,0.9139399881526605,5.6,0.9191081839423857,0.0,0.0,Vmag_get_voltage_magnitude_series__angle_get_voltage_angle_series,true,GFM,Ybus EMT reconstruction using exact complex bus-voltage phasors when available; otherwise diagnostic fallback
2.0,0.015442824138083289,-0.0051736061337184225,0.015442824138083289,-0.0051736061337184225,0.015442824138083289,-0.0051736061337184225,5.615442824138083,0.9139345778086673,5.6,0.9191081839423857,0.0,0.0,Vmag_get_voltage_magnitude_series__angle_get_voltage_angle_series,true,GFM,Ybus EMT reconstruction using exact complex bus-voltage phasors when available; otherwise diagnostic fallback
2.01,0.015390999521576632,-0.005179145074312497,0.015390999521576632,-0.005179145074312497,0.015390999521576632,-0.005179145074312497,5.615390999521576,0.9139290388680732,5.6,0.9191081839423857,0.0,0.0,Vmag_get_voltage_magnitude_series__angle_get_voltage_angle_series,true,GFM,Ybus EMT reconstruction using exact complex bus-voltage phasors when available; otherwise diagnostic fallback
2.02,0.015351304460311965,-0.0051847557742707995,0.015351304460311965,-0.0051847557742707995,0.015351304460311965,-0.0051847557742707995,5.615351304460312,0.9139234281681149,5.6,0.9191081839423857,0.0,0.0,Vmag_get_voltage_magnitude_series__angle_get_voltage_angle_series,true,GFM,Ybus EMT reconstruction using exact complex bus-voltage phasors when available; otherwise diagnostic fallback
2.03,0.015323306450481411,-0.005190385280360976,0.015323306450481411,-0.005190385280360976,0.015323306450481411,-0.005190385280360976,5.615323306450481,0.9139177986620247,5.6,0.9191081839423857,0.0,0.0,Vmag_get_voltage_magnitude_series__angle_get_voltage_angle_series,true,GFM,Ybus EMT reconstruction using exact complex bus-voltage phasors when available; otherwise diagnostic fallback
2.04,0.015306495461860692,-0.005195984771111717,0.015306495461860692,-0.005195984771111717,0.015306495461860692,-0.005195984771111717,5.61530649546186,0.913912199171274,5.6,0.9191081839423857,0.0,0.0,Vmag_get_voltage_magnitude_series__angle_get_voltage_angle_series,true,GFM,Ybus EMT reconstruction using exact complex bus-voltage phasors when available; otherwise diagnostic fallback
2.05,0.015300292867677534,-0.005201509762869594,0.015300292867677534,-0.005201509762869594,0.015300292867677534,-0.005201509762869594,5.615300292867677,0.9139066741795161,5.6,0.9191081839423857,0.0,0.0,Vmag_get_voltage_magnitude_series__angle_get_voltage_angle_series,true,GFM,Ybus EMT reconstruction using exact complex bus-voltage phasors when available; otherwise diagnostic fallback
2.06,0.015304060643001272,-0.0052069202567305295,0.015304060643001272,-0.0052069202567305295,0.015304060643001272,-0.0052069202567305295,5.615304060643001,0.9139012636856552,5.6,0.9191081839423857,0.0,0.0,Vmag_get_voltage_magnitude_series__angle_get_voltage_angle_series,true,GFM,Ybus EMT reconstruction using exact complex bus-voltage phasors when available; otherwise diagnostic fallback
2.07,0.015317110389753807,-0.005212180845831527,0.015317110389753807,-0.005212180845831527,0.015317110389753807,-0.005212180845831527,5.6153171103897535,0.9138960030965542,5.6,0.9191081839423857,0.0,0.0,Vmag_get_voltage_magnitude_series__angle_get_voltage_angle_series,true,GFM,Ybus EMT reconstruction using exact complex bus-voltage phasors when available; otherwise diagnostic fallback
2.08,0.015338712467806381,-0.005217260769872278,0.015338712467806381,-0.005217260769872278,0.015338712467806381,-0.005217260769872278,5.615338712467806,0.9138909231725134,5.6,0.9191081839423857,0.0,0.0,Vmag_get_voltage_magnitude_series__angle_get_voltage_angle_series,true,GFM,Ybus EMT reconstruction using exact complex bus-voltage phasors when available; otherwise diagnostic fallback
2.09,0.01536810483987594,-0.005222133931429007,0.01536810483987594,-0.005222133931429007,0.01536810483987594,-0.005222133931429007,5.615368104839876,0.9138860500109567,5.6,0.9191081839423857,0.0,0.0,Vmag_get_voltage_magnitude_series__angle_get_voltage_angle_series,true,GFM,Ybus EMT reconstruction using exact complex bus-voltage phasors when available; otherwise diagnostic fallback
2.1,0.015404501812933624,-0.005226778862183257,0.015404501812933624,-0.005226778862183257,0.015404501812933624,-0.005226778862183257,5.615404501812933,0.9138814050802024,5.6,0.9191081839423857,0.0,0.0,Vmag_get_voltage_magnitude_series__angle_get_voltage_angle_series,true,GFM,Ybus EMT reconstruction using exact complex bus-voltage phasors when available; otherwise diagnostic fallback
2.11,0.015447102414150926,-0.005231178657617908,0.015447102414150926,-0.005231178657617908,0.015447102414150926,-0.005231178657617908,5.615447102414151,0.9138770052847678,5.6,0.9191081839423857,0.0,0.0,Vmag_get_voltage_magnitude_series__angle_get_voltage_angle_series,true,GFM,Ybus EMT reconstruction using exact complex bus-voltage phasors when available; otherwise diagnostic fallback
2.12,0.015495098484104908,-0.005235320866566084,0.015495098484104908,-0.005235320866566084,0.015495098484104908,-0.005235320866566084,5.6154950984841046,0.9138728630758196,5.6,0.9191081839423857,0.0,0.0,Vmag_get_voltage_magnitude_series__angle_get_voltage_angle_series,true,GFM,Ybus EMT reconstruction using exact complex bus-voltage phasors when available; otherwise diagnostic fallback
2.13,0.015547682337278879,-0.005239197353538505,0.015547682337278879,-0.005239197353538505,0.015547682337278879,-0.005239197353538505,5.6155476823372785,0.9138689865888472,5.6,0.9191081839423857,0.0,0.0,Vmag_get_voltage_magnitude_series__angle_get_voltage_angle_series,true,GFM,Ybus EMT reconstruction using exact complex bus-voltage phasors when available; otherwise diagnostic fallback
2.14,0.01560405400594611,-0.005242804129067857,0.01560405400594611,-0.005242804129067857,0.01560405400594611,-0.005242804129067857,5.615604054005946,0.9138653798133178,5.6,0.9191081839423857,0.0,0.0,Vmag_get_voltage_magnitude_series__angle_get_voltage_angle_series,true,GFM,Ybus EMT reconstruction using exact complex bus-voltage phasors when available; otherwise diagnostic fallback
2.15,0.015663427980438627,-0.005246141146798444,0.015663427980438627,-0.005246141146798444,0.015663427980438627,-0.005246141146798444,5.615663427980438,0.9138620427955872,5.6,0.9191081839423857,0.0,0.0,Vmag_get_voltage_magnitude_series__angle_get_voltage_angle_series,true,GFM,Ybus EMT reconstruction using exact complex bus-voltage phasors when available; otherwise diagnostic fallback
2.16,0.015725039457440637,-0.00524921208257656,0.015725039457440637,-0.00524921208257656,0.015725039457440637,-0.00524921208257656,5.61572503945744,0.9138589718598091,5.6,0.9191081839423857,0.0,0.0,Vmag_get_voltage_magnitude_series__angle_get_voltage_angle_series,true,GFM,Ybus EMT reconstruction using exact complex bus-voltage phasors when available; otherwise diagnostic fallback
2.17,0.015788150019095504,-0.005252024090835472,0.015788150019095504,-0.005252024090835472,0.015788150019095504,-0.005252024090835472,5.615788150019095,0.9138561598515502,5.6,0.9191081839423857,0.0,0.0,Vmag_get_voltage_magnitude_series__angle_get_voltage_angle_series,true,GFM,Ybus EMT reconstruction using exact complex bus-voltage phasors when available; otherwise diagnostic fallback
2.18,0.0158520527825754,-0.005254587542331768,0.0158520527825754,-0.005254587542331768,0.0158520527825754,-0.005254587542331768,5.615852052782575,0.9138535964000539,5.6,0.9191081839423857,0.0,0.0,Vmag_get_voltage_magnitude_series__angle_get_voltage_angle_series,true,GFM,Ybus EMT reconstruction using exact complex bus-voltage phasors when available; otherwise diagnostic fallback
2.19,0.015916076919419098,-0.005256915746461366,0.015916076919419098,-0.005256915746461366,0.015916076919419098,-0.005256915746461366,5.615916076919419,0.9138512681959243,5.6,0.9191081839423857,0.0,0.0,Vmag_get_voltage_magnitude_series__angle_get_voltage_angle_series,true,GFM,Ybus EMT reconstruction using exact complex bus-voltage phasors when available; otherwise diagnostic fallback
2.2,0.015979591665003845,-0.005259024667688572,0.015979591665003845,-0.005259024667688572,0.015979591665003845,-0.005259024667688572,5.6159795916650035,0.9138491592746971,5.6,0.9191081839423857,0.0,0.0,Vmag_get_voltage_magnitude_series__angle_get_voltage_angle_series,true,GFM,Ybus EMT reconstruction using exact complex bus-voltage phasors when available; otherwise diagnostic fallback
2.21,0.016042009648322697,-0.005260932627174086,0.016042009648322697,-0.005260932627174086,0.016042009648322697,-0.005260932627174086,5.616042009648322,0.9138472513152116,5.6,0.9191081839423857,0.0,0.0,Vmag_get_voltage_magnitude_series__angle_get_voltage_angle_series,true,GFM,Ybus EMT reconstruction using exact complex bus-voltage phasors when available; otherwise diagnostic fallback
2.22,0.01610278972975987,-0.0052626600083723885,0.01610278972975987,-0.0052626600083723885,0.01610278972975987,-0.0052626600083723885,5.6161027897297595,0.9138455239340133,5.6,0.9191081839423857,0.0,0.0,Vmag_get_voltage_magnitude_series__angle_get_voltage_angle_series,true,GFM,Ybus EMT reconstruction using exact complex bus-voltage phasors when available; otherwise diagnostic fallback
2.23,0.016161439161410662,-0.005264228950185745,0.016161439161410662,-0.005264228950185745,0.016161439161410662,-0.005264228950185745,5.61616143916141,0.9138439549922,5.6,0.9191081839423857,0.0,0.0,Vmag_get_voltage_magnitude_series__angle_get_voltage_angle_series,true,GFM,Ybus EMT reconstruction using exact complex bus-voltage phasors when available; otherwise diagnostic fallback
2.24,0.0162175152944819,-0.005265663052780312,0.0162175152944819,-0.005265663052780312,0.0162175152944819,-0.005265663052780312,5.6162175152944815,0.9138425208896054,5.6,0.9191081839423857,0.0,0.0,Vmag_get_voltage_magnitude_series__angle_get_voltage_angle_series,true,GFM,Ybus EMT reconstruction using exact complex bus-voltage phasors when available; otherwise diagnostic fallback
2.25,0.01627062660542311,-0.005266987077390262,0.01627062660542311,-0.005266987077390262,0.01627062660542311,-0.005266987077390262,5.616270626605423,0.9138411968649954,5.6,0.9191081839423857,0.0,0.0,Vmag_get_voltage_magnitude_series__angle_get_voltage_angle_series,true,GFM,Ybus EMT reconstruction using exact complex bus-voltage phasors when available; otherwise diagnostic fallback
2.26,0.016320433347527086,-0.0052682266613086615,0.016320433347527086,-0.0052682266613086615,0.016320433347527086,-0.0052682266613086615,5.616320433347527,0.913839957281077,5.6,0.9191081839423857,0.0,0.0,Vmag_get_voltage_magnitude_series__angle_get_voltage_angle_series,true,GFM,Ybus EMT reconstruction using exact complex bus-voltage phasors when available; otherwise diagnostic fallback
2.27,0.016366647545086543,-0.005269408033130918,0.016366647545086543,-0.005269408033130918,0.016366647545086543,-0.005269408033130918,5.616366647545086,0.9138387759092548,5.6,0.9191081839423857,0.0,0.0,Vmag_get_voltage_magnitude_series__angle_get_voltage_angle_series,true,GFM,Ybus EMT reconstruction using exact complex bus-voltage phasors when available; otherwise diagnostic fallback
2.28,0.016409032619921327,-0.005270557744718851,0.016409032619921327,-0.005270557744718851,0.016409032619921327,-0.005270557744718851,5.616409032619921,0.9138376261976668,5.6,0.9191081839423857,0.0,0.0,Vmag_get_voltage_magnitude_series__angle_get_voltage_angle_series,true,GFM,Ybus EMT reconstruction using exact complex bus-voltage phasors when available; otherwise diagnostic fallback
2.29,0.016447402568042335,-0.005271702412648516,0.016447402568042335,-0.005271702412648516,0.016447402568042335,-0.005271702412648516,5.616447402568042,0.9138364815297372,5.6,0.9191081839423857,0.0,0.0,Vmag_get_voltage_magnitude_series__angle_get_voltage_angle_series,true,GFM,Ybus EMT reconstruction using exact complex bus-voltage phasors when available; otherwise diagnostic fallback
2.3,0.016481620630403704,-0.005272868476300818,0.016481620630403704,-0.005272868476300818,0.016481620630403704,-0.005272868476300818,5.616481620630403,0.9138353154660849,5.6,0.9191081839423857,0.0,0.0,Vmag_get_voltage_magnitude_series__angle_get_voltage_angle_series,true,GFM,Ybus EMT reconstruction using exact complex bus-voltage phasors when available; otherwise diagnostic fallback
2.31,0.016511597726728944,-0.0052740819683059215,0.016511597726728944,-0.0052740819683059215,0.016511597726728944,-0.0052740819683059215,5.616511597726729,0.9138341019740798,5.6,0.9191081839423857,0.0,0.0,Vmag_get_voltage_magnitude_series__angle_get_voltage_angle_series,true,GFM,Ybus EMT reconstruction using exact complex bus-voltage phasors when available; otherwise diagnostic fallback
2.32,0.016537290413531913,-0.005275368304632599,0.016537290413531913,-0.005275368304632599,0.016537290413531913,-0.005275368304632599,5.616537290413532,0.9138328156377531,5.6,0.9191081839423857,0.0,0.0,Vmag_get_voltage_magnitude_series__angle_get_voltage_angle_series,true,GFM,Ybus EMT reconstruction using exact complex bus-voltage phasors when available; otherwise diagnostic fallback
2.33,0.01655869864916415,-0.0052767520894693165,0.01655869864916415,-0.0052767520894693165,0.01655869864916415,-0.0052767520894693165,5.616558698649164,0.9138314318529164,5.6,0.9191081839423857,0.0,0.0,Vmag_get_voltage_magnitude_series__angle_get_voltage_angle_series,true,GFM,Ybus EMT reconstruction using exact complex bus-voltage phasors when available; otherwise diagnostic fallback
2.34,0.016575863205633645,-0.005278256942834791,0.016575863205633645,-0.005278256942834791,0.016575863205633645,-0.005278256942834791,5.616575863205633,0.9138299269995509,5.6,0.9191081839423857,0.0,0.0,Vmag_get_voltage_magnitude_series__angle_get_voltage_angle_series,true,GFM,Ybus EMT reconstruction using exact complex bus-voltage phasors when available; otherwise diagnostic fallback
2.35,0.016588862926182557,-0.00527990534374323,0.016588862926182557,-0.00527990534374323,0.016588862926182557,-0.00527990534374323,5.616588862926182,0.9138282785986425,5.6,0.9191081839423857,0.0,0.0,Vmag_get_voltage_magnitude_series__angle_get_voltage_angle_series,true,GFM,Ybus EMT reconstruction using exact complex bus-voltage phasors when available; otherwise diagnostic fallback
2.36,0.01659781174455066,-0.005281718491765841,0.01659781174455066,-0.005281718491765841,0.01659781174455066,-0.005281718491765841,5.61659781174455,0.9138264654506199,5.6,0.9191081839423857,0.0,0.0,Vmag_get_voltage_magnitude_series__angle_get_voltage_angle_series,true,GFM,Ybus EMT reconstruction using exact complex bus-voltage phasors when available; otherwise diagnostic fallback
2.37,0.016602855569797015,-0.005283716192440169,0.016602855569797015,-0.005283716192440169,0.016602855569797015,-0.005283716192440169,5.616602855569797,0.9138244677499455,5.6,0.9191081839423857,0.0,0.0,Vmag_get_voltage_magnitude_series__angle_get_voltage_angle_series,true,GFM,Ybus EMT reconstruction using exact complex bus-voltage phasors when available; otherwise diagnostic fallback
2.38,0.01660416905899531,-0.005285916757505116,0.01660416905899531,-0.005285916757505116,0.01660416905899531,-0.005285916757505116,5.616604169058995,0.9138222671848806,5.6,0.9191081839423857,0.0,0.0,Vmag_get_voltage_magnitude_series__angle_get_voltage_angle_series,true,GFM,Ybus EMT reconstruction using exact complex bus-voltage phasors when available; otherwise diagnostic fallback
2.39,0.016601952312869983,-0.005288336928401249,0.016601952312869983,-0.005288336928401249,0.016601952312869983,-0.005288336928401249,5.61660195231287,0.9138198470139844,5.6,0.9191081839423857,0.0,0.0,Vmag_get_voltage_magnitude_series__angle_get_voltage_angle_series,true,GFM,Ybus EMT reconstruction using exact complex bus-voltage phasors when available; otherwise diagnostic fallback
2.4,0.01659642751056456,-0.005290991813917345,0.01659642751056456,-0.005290991813917345,0.01659642751056456,-0.005290991813917345,5.616596427510564,0.9138171921284683,5.6,0.9191081839423857,0.0,0.0,Vmag_get_voltage_magnitude_series__angle_get_voltage_angle_series,true,GFM,Ybus EMT reconstruction using exact complex bus-voltage phasors when available; otherwise diagnostic fallback
2.41,0.016587835552671848,-0.005293894850643688,0.016587835552671848,-0.005293894850643688,0.016587835552671848,-0.005293894850643688,5.6165878355526715,0.913814289091742,5.6,0.9191081839423857,0.0,0.0,Vmag_get_voltage_magnitude_series__angle_get_voltage_angle_series,true,GFM,Ybus EMT reconstruction using exact complex bus-voltage phasors when available; otherwise diagnostic fallback
2.42,0.01657643272750331,-0.0052970577768768345,0.01657643272750331,-0.0052970577768768345,0.01657643272750331,-0.0052970577768768345,5.616576432727503,0.9138111261655089,5.6,0.9191081839423857,0.0,0.0,Vmag_get_voltage_magnitude_series__angle_get_voltage_angle_series,true,GFM,Ybus EMT reconstruction using exact complex bus-voltage phasors when available; otherwise diagnostic fallback
2.43,0.01656248740081434,-0.005300490627345167,0.01656248740081434,-0.005300490627345167,0.01656248740081434,-0.005300490627345167,5.616562487400814,0.9138076933150405,5.6,0.9191081839423857,0.0,0.0,Vmag_get_voltage_magnitude_series__angle_get_voltage_angle_series,true,GFM,Ybus EMT reconstruction using exact complex bus-voltage phasors when available; otherwise diagnostic fallback
2.44,0.01654627680862042,-0.005304201740662706,0.01654627680862042,-0.005304201740662706,0.01654627680862042,-0.005304201740662706,5.61654627680862,0.913803982201723,5.6,0.9191081839423857,0.0,0.0,Vmag_get_voltage_magnitude_series__angle_get_voltage_angle_series,true,GFM,Ybus EMT reconstruction using exact complex bus-voltage phasors when available; otherwise diagnostic fallback
2.45,0.016528083944272964,-0.0053081977812347025,0.016528083944272964,-0.0053081977812347025,0.016528083944272964,-0.0053081977812347025,5.616528083944273,0.913799986161151,5.6,0.9191081839423857,0.0,0.0,Vmag_get_voltage_magnitude_series__angle_get_voltage_angle_series,true,GFM,Ybus EMT reconstruction using exact complex bus-voltage phasors when available; otherwise diagnostic fallback
2.46,0.016508194562735667,-0.005312483779008947,0.016508194562735667,-0.005312483779008947,0.016508194562735667,-0.005312483779008947,5.616508194562735,0.9137957001633767,5.6,0.9191081839423857,0.0,0.0,Vmag_get_voltage_magnitude_series__angle_get_voltage_angle_series,true,GFM,Ybus EMT reconstruction using exact complex bus-voltage phasors when available; otherwise diagnostic fallback
2.47,0.016486894339745817,-0.00531706317638414,0.016486894339745817,-0.00531706317638414,0.016486894339745817,-0.00531706317638414,5.6164868943397455,0.9137911207660016,5.6,0.9191081839423857,0.0,0.0,Vmag_get_voltage_magnitude_series__angle_get_voltage_angle_series,true,GFM,Ybus EMT reconstruction using exact complex bus-voltage phasors when available; otherwise diagnostic fallback
2.48,0.01646446619030595,-0.005321937891594519,0.01646446619030595,-0.005321937891594519,0.01646446619030595,-0.005321937891594519,5.616464466190306,0.9137862460507912,5.6,0.9191081839423857,0.0,0.0,Vmag_get_voltage_magnitude_series__angle_get_voltage_angle_series,true,GFM,Ybus EMT reconstruction using exact complex bus-voltage phasors when available; otherwise diagnostic fallback
2.49,0.01644118776150627,-0.005327108387954804,0.01644118776150627,-0.005327108387954804,0.01644118776150627,-0.005327108387954804,5.616441187761506,0.9137810755544309,5.6,0.9191081839423857,0.0,0.0,Vmag_get_voltage_magnitude_series__angle_get_voltage_angle_series,true,GFM,Ybus EMT reconstruction using exact complex bus-voltage phasors when available; otherwise diagnostic fallback
2.5,0.016417329126793945,-0.005332573755284176,0.016417329126793945,-0.005332573755284176,0.016417329126793945,-0.005332573755284176,5.616417329126794,0.9137756101871015,5.6,0.9191081839423857,0.0,0.0,Vmag_get_voltage_magnitude_series__angle_get_voltage_angle_series,true,GFM,Ybus EMT reconstruction using exact complex bus-voltage phasors when available; otherwise diagnostic fallback
2.51,0.016393150667155076,-0.005338331797014151,0.016393150667155076,-0.005338331797014151,0.016393150667155076,-0.005338331797014151,5.616393150667155,0.9137698521453715,5.6,0.9191081839423857,0.0,0.0,Vmag_get_voltage_magnitude_series__angle_get_voltage_angle_series,true,GFM,Ybus EMT reconstruction using exact complex bus-voltage phasors when available; otherwise diagnostic fallback
2.52,0.01636890117750056,-0.005344379125025944,0.01636890117750056,-0.005344379125025944,0.01636890117750056,-0.005344379125025944,5.6163689011775,0.9137638048173597,5.6,0.9191081839423857,0.0,0.0,Vmag_get_voltage_magnitude_series__angle_get_voltage_angle_series,true,GFM,Ybus EMT reconstruction using exact complex bus-voltage phasors when available; otherwise diagnostic fallback
2.53,0.016344816174501453,-0.005350711258661489,0.016344816174501453,-0.005350711258661489,0.016344816174501453,-0.005350711258661489,5.616344816174501,0.9137574726837242,5.6,0.9191081839423857,0.0,0.0,Vmag_get_voltage_magnitude_series__angle_get_voltage_angle_series,true,GFM,Ybus EMT reconstruction using exact complex bus-voltage phasors when available; otherwise diagnostic fallback
2.54,0.016321116438211547,-0.005357322728173908,0.016321116438211547,-0.005357322728173908,0.016321116438211547,-0.005357322728173908,5.616321116438211,0.9137508612142118,5.6,0.9191081839423857,0.0,0.0,Vmag_get_voltage_magnitude_series__angle_get_voltage_angle_series,true,GFM,Ybus EMT reconstruction using exact complex bus-voltage phasors when available; otherwise diagnostic fallback
2.55,0.016298006752441196,-0.0053642071805396485,0.016298006752441196,-0.0053642071805396485,0.016298006752441196,-0.0053642071805396485,5.616298006752441,0.913743976761846,5.6,0.9191081839423857,0.0,0.0,Vmag_get_voltage_magnitude_series__angle_get_voltage_angle_series,true,GFM,Ybus EMT reconstruction using exact complex bus-voltage phasors when available; otherwise diagnostic fallback
2.56,0.016275674889372205,-0.005371357488261563,0.016275674889372205,-0.005371357488261563,0.016275674889372205,-0.005371357488261563,5.616275674889372,0.9137368264541241,5.6,0.9191081839423857,0.0,0.0,Vmag_get_voltage_magnitude_series__angle_get_voltage_angle_series,true,GFM,Ybus EMT reconstruction using exact complex bus-voltage phasors when available; otherwise diagnostic fallback
2.57,0.016254290782404368,-0.005378765856410284,0.016254290782404368,-0.005378765856410284,0.016254290782404368,-0.005378765856410284,5.616254290782404,0.9137294180859754,5.6,0.9191081839423857,0.0,0.0,Vmag_get_voltage_magnitude_series__angle_get_voltage_angle_series,true,GFM,Ybus EMT reconstruction using exact complex bus-voltage phasors when available; otherwise diagnostic fallback
2.58,0.01623400594594404,-0.005386423931283857,0.01623400594594404,-0.005386423931283857,0.01623400594594404,-0.005386423931283857,5.616234005945944,0.9137217600111018,5.6,0.9191081839423857,0.0,0.0,Vmag_get_voltage_magnitude_series__angle_get_voltage_angle_series,true,GFM,Ybus EMT reconstruction using exact complex bus-voltage phasors when available; otherwise diagnostic fallback
2.59,0.016214953054507042,-0.005394322905728943,0.016214953054507042,-0.005394322905728943,0.016214953054507042,-0.005394322905728943,5.616214953054507,0.9137138610366567,5.6,0.9191081839423857,0.0,0.0,Vmag_get_voltage_magnitude_series__angle_get_voltage_angle_series,true,GFM,Ybus EMT reconstruction using exact complex bus-voltage phasors when available; otherwise diagnostic fallback
2.6,0.01619724577246462,-0.005402453624693382,0.01619724577246462,-0.005402453624693382,0.01619724577246462,-0.005402453624693382,5.616197245772464,0.9137057303176923,5.6,0.9191081839423857,0.0,0.0,Vmag_get_voltage_magnitude_series__angle_get_voltage_angle_series,true,GFM,Ybus EMT reconstruction using exact complex bus-voltage phasors when available; otherwise diagnostic fallback
2.61,0.016180978714899652,-0.005410806684575387,0.016180978714899652,-0.005410806684575387,0.016180978714899652,-0.005410806684575387,5.616180978714899,0.9136973772578103,5.6,0.9191081839423857,0.0,0.0,Vmag_get_voltage_magnitude_series__angle_get_voltage_angle_series,true,GFM,Ybus EMT reconstruction using exact complex bus-voltage phasors when available; otherwise diagnostic fallback
2.62,0.01616622764150044,-0.005419372530220845,0.01616622764150044,-0.005419372530220845,0.01616622764150044,-0.005419372530220845,5.6161662276415,0.9136888114121648,5.6,0.9191081839423857,0.0,0.0,Vmag_get_voltage_magnitude_series__angle_get_voltage_angle_series,true,GFM,Ybus EMT reconstruction using exact complex bus-voltage phasors when available; otherwise diagnostic fallback
2.63,0.016153049779489947,-0.005428141547353826,0.016153049779489947,-0.005428141547353826,0.016153049779489947,-0.005428141547353826,5.61615304977949,0.9136800423950319,5.6,0.9191081839423857,0.0,0.0,Vmag_get_voltage_magnitude_series__angle_get_voltage_angle_series,true,GFM,Ybus EMT reconstruction using exact complex bus-voltage phasors when available; otherwise diagnostic fallback
2.64,0.01614148430058293,-0.005437104149648375,0.01614148430058293,-0.005437104149648375,0.01614148430058293,-0.005437104149648375,5.616141484300583,0.9136710797927373,5.6,0.9191081839423857,0.0,0.0,Vmag_get_voltage_magnitude_series__angle_get_voltage_angle_series,true,GFM,Ybus EMT reconstruction using exact complex bus-voltage phasors when available; otherwise diagnostic fallback
2.65,0.016131552975978458,-0.005446250859545976,0.016131552975978458,-0.005446250859545976,0.016131552975978458,-0.005446250859545976,5.616131552975978,0.9136619330828397,5.6,0.9191081839423857,0.0,0.0,Vmag_get_voltage_magnitude_series__angle_get_voltage_angle_series,true,GFM,Ybus EMT reconstruction using exact complex bus-voltage phasors when available; otherwise diagnostic fallback
2.66,0.01612326090428784,-0.0054555723836359205,0.01612326090428784,-0.0054555723836359205,0.01612326090428784,-0.0054555723836359205,5.6161232609042875,0.9136526115587498,5.6,0.9191081839423857,0.0,0.0,Vmag_get_voltage_magnitude_series__angle_get_voltage_angle_series,true,GFM,Ybus EMT reconstruction using exact complex bus-voltage phasors when available; otherwise diagnostic fallback
2.67,0.016116597406599098,-0.005465059680730078,0.016116597406599098,-0.005465059680730078,0.016116597406599098,-0.005465059680730078,5.616116597406599,0.9136431242616556,5.6,0.9191081839423857,0.0,0.0,Vmag_get_voltage_magnitude_series__angle_get_voltage_angle_series,true,GFM,Ybus EMT reconstruction using exact complex bus-voltage phasors when available; otherwise diagnostic fallback
2.68,0.016111536973771656,-0.00547470402451411,0.016111536973771656,-0.00547470402451411,0.016111536973771656,-0.00547470402451411,5.616111536973771,0.9136334799178716,5.6,0.9191081839423857,0.0,0.0,Vmag_get_voltage_magnitude_series__angle_get_voltage_angle_series,true,GFM,Ybus EMT reconstruction using exact complex bus-voltage phasors when available; otherwise diagnostic fallback
2.69,0.016108040337805996,-0.005484497057883342,0.016108040337805996,-0.005484497057883342,0.016108040337805996,-0.005484497057883342,5.616108040337806,0.9136236868845024,5.6,0.9191081839423857,0.0,0.0,Vmag_get_voltage_magnitude_series__angle_get_voltage_angle_series,true,GFM,Ybus EMT reconstruction using exact complex bus-voltage phasors when available; otherwise diagnostic fallback
2.7,0.016106055583532175,-0.005494430840628728,0.016106055583532175,-0.005494430840628728,0.016106055583532175,-0.005494430840628728,5.616106055583532,0.913613753101757,5.6,0.9191081839423857,0.0,0.0,Vmag_get_voltage_magnitude_series__angle_get_voltage_angle_series,true,GFM,Ybus EMT reconstruction using exact complex bus-voltage phasors when available; otherwise diagnostic fallback
2.71,0.01610551932914639,-0.005504497890823745,0.01610551932914639,-0.005504497890823745,0.01610551932914639,-0.005504497890823745,5.616105519329146,0.913603686051562,5.6,0.9191081839423857,0.0,0.0,Vmag_get_voltage_magnitude_series__angle_get_voltage_angle_series,true,GFM,Ybus EMT reconstruction using exact complex bus-voltage phasors when available; otherwise diagnostic fallback
2.72,0.016106357955892214,-0.005514691217983536,0.016106357955892214,-0.005514691217983536,0.016106357955892214,-0.005514691217983536,5.616106357955892,0.9135934927244022,5.6,0.9191081839423857,0.0,0.0,Vmag_get_voltage_magnitude_series__angle_get_voltage_angle_series,true,GFM,Ybus EMT reconstruction using exact complex bus-voltage phasors when available; otherwise diagnostic fallback
2.73,0.01610848884674887,-0.005525004350377838,0.01610848884674887,-0.005525004350377838,0.01610848884674887,-0.005525004350377838,5.6161084888467485,0.9135831795920079,5.6,0.9191081839423857,0.0,0.0,Vmag_get_voltage_magnitude_series__angle_get_voltage_angle_series,true,GFM,Ybus EMT reconstruction using exact complex bus-voltage phasors when available; otherwise diagnostic fallback
2.74,0.01611182166170977,-0.005535431354517395,0.01611182166170977,-0.005535431354517395,0.01611182166170977,-0.005535431354517395,5.616111821661709,0.9135727525878683,5.6,0.9191081839423857,0.0,0.0,Vmag_get_voltage_magnitude_series__angle_get_voltage_angle_series,true,GFM,Ybus EMT reconstruction using exact complex bus-voltage phasors when available; otherwise diagnostic fallback
2.75,0.01611625959824803,-0.00554596684883224,0.01611625959824803,-0.00554596684883224,0.01611625959824803,-0.00554596684883224,5.616116259598248,0.9135622170935535,5.6,0.9191081839423857,0.0,0.0,Vmag_get_voltage_magnitude_series__angle_get_voltage_angle_series,true,GFM,Ybus EMT reconstruction using exact complex bus-voltage phasors when available; otherwise diagnostic fallback
2.76,0.016121700656810845,-0.005556606010745813,0.016121700656810845,-0.005556606010745813,0.016121700656810845,-0.005556606010745813,5.6161217006568105,0.9135515779316399,5.6,0.9191081839423857,0.0,0.0,Vmag_get_voltage_magnitude_series__angle_get_voltage_angle_series,true,GFM,Ybus EMT reconstruction using exact complex bus-voltage phasors when available; otherwise diagnostic fallback
2.77,0.016128038874368755,-0.0055673445779534925,0.016128038874368755,-0.0055673445779534925,0.016128038874368755,-0.0055673445779534925,5.616128038874368,0.9135408393644322,5.6,0.9191081839423857,0.0,0.0,Vmag_get_voltage_magnitude_series__angle_get_voltage_angle_series,true,GFM,Ybus EMT reconstruction using exact complex bus-voltage phasors when available; otherwise diagnostic fallback
2.78,0.016135165537690455,-0.005578178843503756,0.016135165537690455,-0.005578178843503756,0.016135165537690455,-0.005578178843503756,5.61613516553769,0.9135300050988819,5.6,0.9191081839423857,0.0,0.0,Vmag_get_voltage_magnitude_series__angle_get_voltage_angle_series,true,GFM,Ybus EMT reconstruction using exact complex bus-voltage phasors when available; otherwise diagnostic fallback
2.79,0.01614297034903789,-0.0055891056459705935,0.01614297034903789,-0.0055891056459705935,0.01614297034903789,-0.0055891056459705935,5.6161429703490375,0.9135190782964151,5.6,0.9191081839423857,0.0,0.0,Vmag_get_voltage_magnitude_series__angle_get_voltage_angle_series,true,GFM,Ybus EMT reconstruction using exact complex bus-voltage phasors when available; otherwise diagnostic fallback
2.8,0.016151342547292558,-0.005600122355113979,0.016151342547292558,-0.005600122355113979,0.016151342547292558,-0.005600122355113979,5.616151342547292,0.9135080615872717,5.6,0.9191081839423857,0.0,0.0,Vmag_get_voltage_magnitude_series__angle_get_voltage_angle_series,true,GFM,Ybus EMT reconstruction using exact complex bus-voltage phasors when available; otherwise diagnostic fallback
2.81,0.016160171972266824,-0.005611226852400231,0.016160171972266824,-0.005611226852400231,0.016160171972266824,-0.005611226852400231,5.6161601719722665,0.9134969570899855,5.6,0.9191081839423857,0.0,0.0,Vmag_get_voltage_magnitude_series__angle_get_voltage_angle_series,true,GFM,Ybus EMT reconstruction using exact complex bus-voltage phasors when available; otherwise diagnostic fallback
2.82,0.0161693500649136,-0.005622417507822441,0.0161693500649136,-0.005622417507822441,0.0161693500649136,-0.005622417507822441,5.616169350064913,0.9134857664345633,5.6,0.9191081839423857,0.0,0.0,Vmag_get_voltage_magnitude_series__angle_get_voltage_angle_series,true,GFM,Ybus EMT reconstruction using exact complex bus-voltage phasors when available; otherwise diagnostic fallback
2.83,0.016178770801525744,-0.0056336931533872425,0.016178770801525744,-0.0056336931533872425,0.016178770801525744,-0.0056336931533872425,5.616178770801525,0.9134744907889984,5.6,0.9191081839423857,0.0,0.0,Vmag_get_voltage_magnitude_series__angle_get_voltage_angle_series,true,GFM,Ybus EMT reconstruction using exact complex bus-voltage phasors when available; otherwise diagnostic fallback
2.84,0.01618833154935828,-0.0056450530531259036,0.01618833154935828,-0.0056450530531259036,0.01618833154935828,-0.0056450530531259036,5.616188331549358,0.9134631308892598,5.6,0.9191081839423857,0.0,0.0,Vmag_get_voltage_magnitude_series__angle_get_voltage_angle_series,true,GFM,Ybus EMT reconstruction using exact complex bus-voltage phasors when available; otherwise diagnostic fallback
2.85,0.016197933851647583,-0.005656496870913408,0.016197933851647583,-0.005656496870913408,0.016197933851647583,-0.005656496870913408,5.616197933851647,0.9134516870714723,5.6,0.9191081839423857,0.0,0.0,Vmag_get_voltage_magnitude_series__angle_get_voltage_angle_series,true,GFM,Ybus EMT reconstruction using exact complex bus-voltage phasors when available; otherwise diagnostic fallback
2.86,0.016207484125072114,-0.005668024636145685,0.016207484125072114,-0.005668024636145685,0.016207484125072114,-0.005668024636145685,5.616207484125072,0.91344015930624,5.6,0.9191081839423857,0.0,0.0,Vmag_get_voltage_magnitude_series__angle_get_voltage_angle_series,true,GFM,Ybus EMT reconstruction using exact complex bus-voltage phasors when available; otherwise diagnostic fallback
2.87,0.016216894279430072,-0.005679636706908409,0.016216894279430072,-0.005679636706908409,0.016216894279430072,-0.005679636706908409,5.61621689427943,0.9134285472354773,5.6,0.9191081839423857,0.0,0.0,Vmag_get_voltage_magnitude_series__angle_get_voltage_angle_series,true,GFM,Ybus EMT reconstruction using exact complex bus-voltage phasors when available; otherwise diagnostic fallback
2.88,0.01622608225115485,-0.005691333733543691,0.01622608225115485,-0.005691333733543691,0.01622608225115485,-0.005691333733543691,5.6162260822511545,0.913416850208842,5.6,0.9191081839423857,0.0,0.0,Vmag_get_voltage_magnitude_series__angle_get_voltage_angle_series,true,GFM,Ybus EMT reconstruction using exact complex bus-voltage phasors when available; otherwise diagnostic fallback
2.89,0.0162349724533426,-0.005703116619680371,0.0162349724533426,-0.005703116619680371,0.0162349724533426,-0.005703116619680371,5.616234972453342,0.9134050673227053,5.6,0.9191081839423857,0.0,0.0,Vmag_get_voltage_magnitude_series__angle_get_voltage_angle_series,true,GFM,Ybus EMT reconstruction using exact complex bus-voltage phasors when available; otherwise diagnostic fallback
2.9,0.01624349614365439,-0.005714986484469553,0.01624349614365439,-0.005714986484469553,0.01624349614365439,-0.005714986484469553,5.616243496143654,0.9133931974579161,5.6,0.9191081839423857,0.0,0.0,Vmag_get_voltage_magnitude_series__angle_get_voltage_angle_series,true,GFM,Ybus EMT reconstruction using exact complex bus-voltage phasors when available; otherwise diagnostic fallback
2.91,0.016251591702590495,-0.00572694462342882,0.016251591702590495,-0.00572694462342882,0.016251591702590495,-0.00572694462342882,5.61625159170259,0.9133812393189569,5.6,0.9191081839423857,0.0,0.0,Vmag_get_voltage_magnitude_series__angle_get_voltage_angle_series,true,GFM,Ybus EMT reconstruction using exact complex bus-voltage phasors when available; otherwise diagnostic fallback
2.92,0.016259204842876684,-0.005738992470995519,0.016259204842876684,-0.005738992470995519,0.016259204842876684,-0.005738992470995519,5.616259204842876,0.9133691914713902,5.6,0.9191081839423857,0.0,0.0,Vmag_get_voltage_magnitude_series__angle_get_voltage_angle_series,true,GFM,Ybus EMT reconstruction using exact complex bus-voltage phasors when available; otherwise diagnostic fallback
2.93,0.01626628872598257,-0.005751131562668932,0.01626628872598257,-0.005751131562668932,0.01626628872598257,-0.005751131562668932,5.616266288725982,0.9133570523797168,5.6,0.9191081839423857,0.0,0.0,Vmag_get_voltage_magnitude_series__angle_get_voltage_angle_series,true,GFM,Ybus EMT reconstruction using exact complex bus-voltage phasors when available; otherwise diagnostic fallback
2.94,0.016272804018322873,-0.005763363499687535,0.016272804018322873,-0.005763363499687535,0.016272804018322873,-0.005763363499687535,5.6162728040183225,0.9133448204426982,5.6,0.9191081839423857,0.0,0.0,Vmag_get_voltage_magnitude_series__angle_get_voltage_angle_series,true,GFM,Ybus EMT reconstruction using exact complex bus-voltage phasors when available; otherwise diagnostic fallback
2.95,0.01627871885978216,-0.005775689913183446,0.01627871885978216,-0.005775689913183446,0.01627871885978216,-0.005775689913183446,5.616278718859782,0.9133324940292022,5.6,0.9191081839423857,0.0,0.0,Vmag_get_voltage_magnitude_series__angle_get_voltage_angle_series,true,GFM,Ybus EMT reconstruction using exact complex bus-voltage phasors when available; otherwise diagnostic fallback
2.96,0.016284008781855874,-0.005788112431765136,0.016284008781855874,-0.005788112431765136,0.016284008781855874,-0.005788112431765136,5.6162840087818555,0.9133200715106206,5.6,0.9191081839423857,0.0,0.0,Vmag_get_voltage_magnitude_series__angle_get_voltage_angle_series,true,GFM,Ybus EMT reconstruction using exact complex bus-voltage phasors when available; otherwise diagnostic fallback
2.97,0.016288656542791102,-0.005800632649953896,0.016288656542791102,-0.005800632649953896,0.016288656542791102,-0.005800632649953896,5.616288656542791,0.9133075512924318,5.6,0.9191081839423857,0.0,0.0,Vmag_get_voltage_magnitude_series__angle_get_voltage_angle_series,true,GFM,Ybus EMT reconstruction using exact complex bus-voltage phasors when available; otherwise diagnostic fallback
2.98,0.01629265192611218,-0.00581325209909489,0.01629265192611218,-0.00581325209909489,0.01629265192611218,-0.00581325209909489,5.616292651926112,0.9132949318432908,5.6,0.9191081839423857,0.0,0.0,Vmag_get_voltage_magnitude_series__angle_get_voltage_angle_series,true,GFM,Ybus EMT reconstruction using exact complex bus-voltage phasors when available; otherwise diagnostic fallback
2.99,0.016295991463881165,-0.005825972220369624,0.016295991463881165,-0.005825972220369624,0.016295991463881165,-0.005825972220369624,5.616295991463881,0.9132822117220161,5.6,0.9191081839423857,0.0,0.0,Vmag_get_voltage_magnitude_series__angle_get_voltage_angle_series,true,GFM,Ybus EMT reconstruction using exact complex bus-voltage phasors when available; otherwise diagnostic fallback
3.0,0.01629867812774677,-0.005838794340159326,0.01629867812774677,-0.005838794340159326,0.01629867812774677,-0.005838794340159326,5.616298678127746,0.9132693896022264,5.6,0.9191081839423857,0.0,0.0,Vmag_get_voltage_magnitude_series__angle_get_voltage_angle_series,true,GFM,Ybus EMT reconstruction using exact complex bus-voltage phasors when available; otherwise diagnostic fallback
3.01,0.016300720969729454,-0.005851719648202303,0.016300720969729454,-0.005851719648202303,0.016300720969729454,-0.005851719648202303,5.616300720969729,0.9132564642941834,5.6,0.9191081839423857,0.0,0.0,Vmag_get_voltage_magnitude_series__angle_get_voltage_angle_series,true,GFM,Ybus EMT reconstruction using exact complex bus-voltage phasors when available; otherwise diagnostic fallback
3.02,0.01630213473025144,-0.005864749177677875,0.01630213473025144,-0.005864749177677875,0.01630213473025144,-0.005864749177677875,5.616302134730251,0.9132434347647078,5.6,0.9191081839423857,0.0,0.0,Vmag_get_voltage_magnitude_series__angle_get_voltage_angle_series,true,GFM,Ybus EMT reconstruction using exact complex bus-voltage phasors when available; otherwise diagnostic fallback
3.03,0.01630293940611871,-0.00587788378899301,0.01630293940611871,-0.00587788378899301,0.01630293940611871,-0.00587788378899301,5.616302939406118,0.9132303001533927,5.6,0.9191081839423857,0.0,0.0,Vmag_get_voltage_magnitude_series__angle_get_voltage_angle_series,true,GFM,Ybus EMT reconstruction using exact complex bus-voltage phasors when available; otherwise diagnostic fallback
3.04,0.016303159803861433,-0.005891124154859373,0.016303159803861433,-0.005891124154859373,0.016303159803861433,-0.005891124154859373,5.616303159803861,0.9132170597875263,5.6,0.9191081839423857,0.0,0.0,Vmag_get_voltage_magnitude_series__angle_get_voltage_angle_series,true,GFM,Ybus EMT reconstruction using exact complex bus-voltage phasors when available; otherwise diagnostic fallback
3.05,0.016302825062127546,-0.005904470749255264,0.016302825062127546,-0.005904470749255264,0.016302825062127546,-0.005904470749255264,5.616302825062127,0.9132037131931304,5.6,0.9191081839423857,0.0,0.0,Vmag_get_voltage_magnitude_series__angle_get_voltage_angle_series,true,GFM,Ybus EMT reconstruction using exact complex bus-voltage phasors when available; otherwise diagnostic fallback
3.06,0.016301968165922887,-0.005917923838144712,0.016301968165922887,-0.005917923838144712,0.016301968165922887,-0.005917923838144712,5.6163019681659225,0.913190260104241,5.6,0.9191081839423857,0.0,0.0,Vmag_get_voltage_magnitude_series__angle_get_voltage_angle_series,true,GFM,Ybus EMT reconstruction using exact complex bus-voltage phasors when available; otherwise diagnostic fallback
3.07,0.01630062544597788,-0.005931483473244792,0.01630062544597788,-0.005931483473244792,0.01630062544597788,-0.005931483473244792,5.6163006254459775,0.9131767004691409,5.6,0.9191081839423857,0.0,0.0,Vmag_get_voltage_magnitude_series__angle_get_voltage_angle_series,true,GFM,Ybus EMT reconstruction using exact complex bus-voltage phasors when available; otherwise diagnostic fallback
3.08,0.01629883607798277,-0.005945149487877055,0.01629883607798277,-0.005945149487877055,0.01629883607798277,-0.005945149487877055,5.616298836077982,0.9131630344545086,5.6,0.9191081839423857,0.0,0.0,Vmag_get_voltage_magnitude_series__angle_get_voltage_angle_series,true,GFM,Ybus EMT reconstruction using exact complex bus-voltage phasors when available; otherwise diagnostic fallback
3.09,0.016296641577045357,-0.0059589214955680925,0.016296641577045357,-0.0059589214955680925,0.016296641577045357,-0.0059589214955680925,5.616296641577045,0.9131492624468176,5.6,0.9191081839423857,0.0,0.0,Vmag_get_voltage_magnitude_series__angle_get_voltage_angle_series,true,GFM,Ybus EMT reconstruction using exact complex bus-voltage phasors when available; otherwise diagnostic fallback
3.1,0.01629408529997267,-0.00597279889057345,0.01629408529997267,-0.00597279889057345,0.01629408529997267,-0.00597279889057345,5.616294085299972,0.9131353850518122,5.6,0.9191081839423857,0.0,0.0,Vmag_get_voltage_magnitude_series__angle_get_voltage_angle_series,true,GFM,Ybus EMT reconstruction using exact complex bus-voltage phasors when available; otherwise diagnostic fallback
3.11,0.01629121195455685,-0.005986780851042206,0.01629121195455685,-0.005986780851042206,0.01629121195455685,-0.005986780851042206,5.6162912119545565,0.9131214030913435,5.6,0.9191081839423857,0.0,0.0,Vmag_get_voltage_magnitude_series__angle_get_voltage_angle_series,true,GFM,Ybus EMT reconstruction using exact complex bus-voltage phasors when available; otherwise diagnostic fallback
3.12,0.016288067122942174,-0.006000866343407463,0.016288067122942174,-0.006000866343407463,0.016288067122942174,-0.006000866343407463,5.616288067122942,0.9131073175989782,5.6,0.9191081839423857,0.0,0.0,Vmag_get_voltage_magnitude_series__angle_get_voltage_angle_series,true,GFM,Ybus EMT reconstruction using exact complex bus-voltage phasors when available; otherwise diagnostic fallback
3.13,0.016284696800087595,-0.006015054129419828,0.016284696800087595,-0.006015054129419828,0.016284696800087595,-0.006015054129419828,5.616284696800087,0.9130931298129659,5.6,0.9191081839423857,0.0,0.0,Vmag_get_voltage_magnitude_series__angle_get_voltage_angle_series,true,GFM,Ybus EMT reconstruction using exact complex bus-voltage phasors when available; otherwise diagnostic fallback
3.14,0.016281146953573078,-0.006029342774355628,0.016281146953573078,-0.006029342774355628,0.016281146953573078,-0.006029342774355628,5.616281146953573,0.9130788411680301,5.6,0.9191081839423857,0.0,0.0,Vmag_get_voltage_magnitude_series__angle_get_voltage_angle_series,true,GFM,Ybus EMT reconstruction using exact complex bus-voltage phasors when available; otherwise diagnostic fallback
3.15,0.01627746310468936,-0.006043730656826285,0.01627746310468936,-0.006043730656826285,0.01627746310468936,-0.006043730656826285,5.616277463104689,0.9130644532855594,5.6,0.9191081839423857,0.0,0.0,Vmag_get_voltage_magnitude_series__angle_get_voltage_angle_series,true,GFM,Ybus EMT reconstruction using exact complex bus-voltage phasors when available; otherwise diagnostic fallback
3.16,0.016273689936583402,-0.006058215980271009,0.016273689936583402,-0.006058215980271009,0.016273689936583402,-0.006058215980271009,5.616273689936583,0.9130499679621147,5.6,0.9191081839423857,0.0,0.0,Vmag_get_voltage_magnitude_series__angle_get_voltage_angle_series,true,GFM,Ybus EMT reconstruction using exact complex bus-voltage phasors when available; otherwise diagnostic fallback
3.17,0.016269870927619223,-0.006072796784819978,0.016269870927619223,-0.006072796784819978,0.016269870927619223,-0.006072796784819978,5.616269870927619,0.9130353871575657,5.6,0.9191081839423857,0.0,0.0,Vmag_get_voltage_magnitude_series__angle_get_voltage_angle_series,true,GFM,Ybus EMT reconstruction using exact complex bus-voltage phasors when available; otherwise diagnostic fallback
3.18,0.0162660480174468,-0.00608747096123452,0.0162660480174468,-0.00608747096123452,0.0162660480174468,-0.00608747096123452,5.616266048017446,0.9130207129811512,5.6,0.9191081839423857,0.0,0.0,Vmag_get_voltage_magnitude_series__angle_get_voltage_angle_series,true,GFM,Ybus EMT reconstruction using exact complex bus-voltage phasors when available; otherwise diagnostic fallback
3.19,0.016262261301325687,-0.006102236264508787,0.016262261301325687,-0.006102236264508787,0.016262261301325687,-0.006102236264508787,5.616262261301325,0.9130059476778769,5.6,0.9191081839423857,0.0,0.0,Vmag_get_voltage_magnitude_series__angle_get_voltage_angle_series,true,GFM,Ybus EMT reconstruction using exact complex bus-voltage phasors when available; otherwise diagnostic fallback
3.2,0.016258548757276614,-0.00611709032898744,0.016258548757276614,-0.00611709032898744,0.016258548757276614,-0.00611709032898744,5.616258548757276,0.9129910936133983,5.6,0.9191081839423857,0.0,0.0,Vmag_get_voltage_magnitude_series__angle_get_voltage_angle_series,true,GFM,Ybus EMT reconstruction using exact complex bus-voltage phasors when available; otherwise diagnostic fallback
3.21,0.016254946007952853,-0.006132030683437262,0.016254946007952853,-0.006132030683437262,0.016254946007952853,-0.006132030683437262,5.6162549460079525,0.9129761532589484,5.6,0.9191081839423857,0.0,0.0,Vmag_get_voltage_magnitude_series__angle_get_voltage_angle_series,true,GFM,Ybus EMT reconstruction using exact complex bus-voltage phasors when available; otherwise diagnostic fallback
3.22,0.016251486113036506,-0.006147054766468485,0.016251486113036506,-0.006147054766468485,0.016251486113036506,-0.006147054766468485,5.616251486113036,0.9129611291759172,5.6,0.9191081839423857,0.0,0.0,Vmag_get_voltage_magnitude_series__angle_get_voltage_angle_series,true,GFM,Ybus EMT reconstruction using exact complex bus-voltage phasors when available; otherwise diagnostic fallback
3.23,0.01624819939754918,-0.006162159942299739,0.01624819939754918,-0.006162159942299739,0.01624819939754918,-0.006162159942299739,5.616248199397549,0.912946024000086,5.6,0.9191081839423857,0.0,0.0,Vmag_get_voltage_magnitude_series__angle_get_voltage_angle_series,true,GFM,Ybus EMT reconstruction using exact complex bus-voltage phasors when available; otherwise diagnostic fallback
3.24,0.016245113313060777,-0.006177343516373668,0.016245113313060777,-0.006177343516373668,0.016245113313060777,-0.006177343516373668,5.61624511331306,0.912930840426012,5.6,0.9191081839423857,0.0,0.0,Vmag_get_voltage_magnitude_series__angle_get_voltage_angle_series,true,GFM,Ybus EMT reconstruction using exact complex bus-voltage phasors when available; otherwise diagnostic fallback
3.25,0.016242252330411766,-0.006192602750397014,0.016242252330411766,-0.006192602750397014,0.016242252330411766,-0.006192602750397014,5.616242252330411,0.9129155811919887,5.6,0.9191081839423857,0.0,0.0,Vmag_get_voltage_magnitude_series__angle_get_voltage_angle_series,true,GFM,Ybus EMT reconstruction using exact complex bus-voltage phasors when available; otherwise diagnostic fallback
3.26,0.016239637867129453,-0.00620793487786675,0.016239637867129453,-0.00620793487786675,0.016239637867129453,-0.00620793487786675,5.616239637867129,0.9129002490645189,5.6,0.9191081839423857,0.0,0.0,Vmag_get_voltage_magnitude_series__angle_get_voltage_angle_series,true,GFM,Ybus EMT reconstruction using exact complex bus-voltage phasors when available; otherwise diagnostic fallback
3.27,0.016237288242448855,-0.006223337118283823,0.016237288242448855,-0.006223337118283823,0.016237288242448855,-0.006223337118283823,5.6162372882424485,0.9128848468241019,5.6,0.9191081839423857,0.0,0.0,Vmag_get_voltage_magnitude_series__angle_get_voltage_angle_series,true,GFM,Ybus EMT reconstruction using exact complex bus-voltage phasors when available; otherwise diagnostic fallback
3.28,0.016235218667969953,-0.006238806691618359,0.016235218667969953,-0.006238806691618359,0.016235218667969953,-0.006238806691618359,5.61623521866797,0.9128693772507673,5.6,0.9191081839423857,0.0,0.0,Vmag_get_voltage_magnitude_series__angle_get_voltage_angle_series,true,GFM,Ybus EMT reconstruction using exact complex bus-voltage phasors when available; otherwise diagnostic fallback
3.29,0.016233441259127623,-0.006254340831464256,0.016233441259127623,-0.006254340831464256,0.016233441259127623,-0.006254340831464256,5.616233441259127,0.9128538431109214,5.6,0.9191081839423857,0.0,0.0,Vmag_get_voltage_magnitude_series__angle_get_voltage_angle_series,true,GFM,Ybus EMT reconstruction using exact complex bus-voltage phasors when available; otherwise diagnostic fallback
3.3,0.016231965081707322,-0.006269936797671849,0.016231965081707322,-0.006269936797671849,0.016231965081707322,-0.006269936797671849,5.616231965081707,0.9128382471447138,5.6,0.9191081839423857,0.0,0.0,Vmag_get_voltage_magnitude_series__angle_get_voltage_angle_series,true,GFM,Ybus EMT reconstruction using exact complex bus-voltage phasors when available; otherwise diagnostic fallback
3.31,0.016230796218326127,-0.006285591888265718,0.016230796218326127,-0.006285591888265718,0.016230796218326127,-0.006285591888265718,5.616230796218326,0.91282259205412,5.6,0.9191081839423857,0.0,0.0,Vmag_get_voltage_magnitude_series__angle_get_voltage_angle_series,true,GFM,Ybus EMT reconstruction using exact complex bus-voltage phasors when available; otherwise diagnostic fallback
3.32,0.016229937857666243,-0.0063013034504576515,0.016229937857666243,-0.0063013034504576515,0.016229937857666243,-0.0063013034504576515,5.616229937857666,0.912806880491928,5.6,0.9191081839423857,0.0,0.0,Vmag_get_voltage_magnitude_series__angle_get_voltage_angle_series,true,GFM,Ybus EMT reconstruction using exact complex bus-voltage phasors when available; otherwise diagnostic fallback
3.33,0.016229390411118594,-0.0063170688904011785,0.016229390411118594,-0.0063170688904011785,0.016229390411118594,-0.0063170688904011785,5.616229390411118,0.9127911150519845,5.6,0.9191081839423857,0.0,0.0,Vmag_get_voltage_magnitude_series__angle_get_voltage_angle_series,true,GFM,Ybus EMT reconstruction using exact complex bus-voltage phasors when available; otherwise diagnostic fallback
3.34,0.01622915163984029,-0.006332885682324485,0.01622915163984029,-0.006332885682324485,0.01622915163984029,-0.006332885682324485,5.61622915163984,0.9127752982600612,5.6,0.9191081839423857,0.0,0.0,Vmag_get_voltage_magnitude_series__angle_get_voltage_angle_series,true,GFM,Ybus EMT reconstruction using exact complex bus-voltage phasors when available; otherwise diagnostic fallback
3.35,0.01622921680756395,-0.006348751376269224,0.01622921680756395,-0.006348751376269224,0.01622921680756395,-0.006348751376269224,5.616229216807564,0.9127594325661165,5.6,0.9191081839423857,0.0,0.0,Vmag_get_voltage_magnitude_series__angle_get_voltage_angle_series,true,GFM,Ybus EMT reconstruction using exact complex bus-voltage phasors when available; otherwise diagnostic fallback
3.36,0.016229578841572057,-0.0063646636051805094,0.016229578841572057,-0.0063646636051805094,0.016229578841572057,-0.0063646636051805094,5.616229578841572,0.9127435203372052,5.6,0.9191081839423857,0.0,0.0,Vmag_get_voltage_magnitude_series__angle_get_voltage_angle_series,true,GFM,Ybus EMT reconstruction using exact complex bus-voltage phasors when available; otherwise diagnostic fallback
3.37,0.016230228509210853,-0.006380620090655653,0.016230228509210853,-0.006380620090655653,0.016230228509210853,-0.006380620090655653,5.6162302285092105,0.91272756385173,5.6,0.9191081839423857,0.0,0.0,Vmag_get_voltage_magnitude_series__angle_get_voltage_angle_series,true,GFM,Ybus EMT reconstruction using exact complex bus-voltage phasors when available; otherwise diagnostic fallback
3.38,0.01623115460541591,-0.006396618647560692,0.01623115460541591,-0.006396618647560692,0.01623115460541591,-0.006396618647560692,5.6162311546054156,0.912711565294825,5.6,0.9191081839423857,0.0,0.0,Vmag_get_voltage_magnitude_series__angle_get_voltage_angle_series,true,GFM,Ybus EMT reconstruction using exact complex bus-voltage phasors when available; otherwise diagnostic fallback
3.39,0.01623234414613073,-0.0064126571879542515,0.01623234414613073,-0.0064126571879542515,0.01623234414613073,-0.0064126571879542515,5.61623234414613,0.9126955267544314,5.6,0.9191081839423857,0.0,0.0,Vmag_get_voltage_magnitude_series__angle_get_voltage_angle_series,true,GFM,Ybus EMT reconstruction using exact complex bus-voltage phasors when available; otherwise diagnostic fallback
3.4,0.016233782570290956,-0.006428733723552016,0.016233782570290956,-0.006428733723552016,0.016233782570290956,-0.006428733723552016,5.616233782570291,0.9126794502188337,5.6,0.9191081839423857,0.0,0.0,Vmag_get_voltage_magnitude_series__angle_get_voltage_angle_series,true,GFM,Ybus EMT reconstruction using exact complex bus-voltage phasors when available; otherwise diagnostic fallback
3.41,0.016235453943530764,-0.006444846367638646,0.016235453943530764,-0.006444846367638646,0.016235453943530764,-0.006444846367638646,5.61623545394353,0.912663337574747,5.6,0.9191081839423857,0.0,0.0,Vmag_get_voltage_magnitude_series__angle_get_voltage_angle_series,true,GFM,Ybus EMT reconstruction using exact complex bus-voltage phasors when available; otherwise diagnostic fallback
3.42,0.016237341165333596,-0.0064609933355269655,0.016237341165333596,-0.0064609933355269655,0.016237341165333596,-0.0064609933355269655,5.616237341165333,0.9126471906068587,5.6,0.9191081839423857,0.0,0.0,Vmag_get_voltage_magnitude_series__angle_get_voltage_angle_series,true,GFM,Ybus EMT reconstruction using exact complex bus-voltage phasors when available; otherwise diagnostic fallback
3.43,0.016239426175514993,-0.006477172944503784,0.016239426175514993,-0.006477172944503784,0.016239426175514993,-0.006477172944503784,5.616239426175515,0.9126310109978819,5.6,0.9191081839423857,0.0,0.0,Vmag_get_voltage_magnitude_series__angle_get_voltage_angle_series,true,GFM,Ybus EMT reconstruction using exact complex bus-voltage phasors when available; otherwise diagnostic fallback
3.44,0.0162416901590392,-0.006493383612714787,0.0162416901590392,-0.006493383612714787,0.0162416901590392,-0.006493383612714787,5.616241690159039,0.9126148003296709,5.6,0.9191081839423857,0.0,0.0,Vmag_get_voltage_magnitude_series__angle_get_voltage_angle_series,true,GFM,Ybus EMT reconstruction using exact complex bus-voltage phasors when available; otherwise diagnostic fallback
3.45,0.016244113746989974,-0.00650962385719811,0.016244113746989974,-0.00650962385719811,0.016244113746989974,-0.00650962385719811,5.61624411374699,0.9125985600851876,5.6,0.9191081839423857,0.0,0.0,Vmag_get_voltage_magnitude_series__angle_get_voltage_angle_series,true,GFM,Ybus EMT reconstruction using exact complex bus-voltage phasors when available; otherwise diagnostic fallback
3.46,0.016246677212401472,-0.006525892291381008,0.016246677212401472,-0.006525892291381008,0.016246677212401472,-0.006525892291381008,5.616246677212401,0.9125822916510047,5.6,0.9191081839423857,0.0,0.0,Vmag_get_voltage_magnitude_series__angle_get_voltage_angle_series,true,GFM,Ybus EMT reconstruction using exact complex bus-voltage phasors when available; otherwise diagnostic fallback
3.47,0.016249360659900347,-0.006542187621647266,0.016249360659900347,-0.006542187621647266,0.016249360659900347,-0.006542187621647266,5.6162493606599,0.9125659963207384,5.6,0.9191081839423857,0.0,0.0,Vmag_get_voltage_magnitude_series__angle_get_voltage_angle_series,true,GFM,Ybus EMT reconstruction using exact complex bus-voltage phasors when available; otherwise diagnostic fallback
3.48,0.0162521442067316,-0.006558508643297212,0.0162521442067316,-0.006558508643297212,0.0162521442067316,-0.006558508643297212,5.616252144206731,0.9125496752990885,5.6,0.9191081839423857,0.0,0.0,Vmag_get_voltage_magnitude_series__angle_get_voltage_angle_series,true,GFM,Ybus EMT reconstruction using exact complex bus-voltage phasors when available; otherwise diagnostic fallback
3.49,0.016255008154834272,-0.0065748542362701334,0.016255008154834272,-0.0065748542362701334,0.016255008154834272,-0.0065748542362701334,5.616255008154834,0.9125333297061156,5.6,0.9191081839423857,0.0,0.0,Vmag_get_voltage_magnitude_series__angle_get_voltage_angle_series,true,GFM,Ybus EMT reconstruction using exact complex bus-voltage phasors when available; otherwise diagnostic fallback
3.5,0.016257933152365567,-0.006591223359761811,0.016257933152365567,-0.006591223359761811,0.016257933152365567,-0.006591223359761811,5.616257933152365,0.9125169605826239,5.6,0.9191081839423857,0.0,0.0,Vmag_get_voltage_magnitude_series__angle_get_voltage_angle_series,true,GFM,Ybus EMT reconstruction using exact complex bus-voltage phasors when available; otherwise diagnostic fallback
3.51,0.01626090034500205,-0.006607615047310111,0.01626090034500205,-0.006607615047310111,0.01626090034500205,-0.006607615047310111,5.616260900345002,0.9125005688950756,5.6,0.9191081839423857,0.0,0.0,Vmag_get_voltage_magnitude_series__angle_get_voltage_angle_series,true,GFM,Ybus EMT reconstruction using exact complex bus-voltage phasors when available; otherwise diagnostic fallback
3.52,0.016263891513433215,-0.006624028400520232,0.016263891513433215,-0.006624028400520232,0.016263891513433215,-0.006624028400520232,5.616263891513433,0.9124841555418655,5.6,0.9191081839423857,0.0,0.0,Vmag_get_voltage_magnitude_series__angle_get_voltage_angle_series,true,GFM,Ybus EMT reconstruction using exact complex bus-voltage phasors when available; otherwise diagnostic fallback
3.53,0.016266889200658774,-0.0066404625834738384,0.016266889200658774,-0.0066404625834738384,0.016266889200658774,-0.0066404625834738384,5.616266889200658,0.9124677213589119,5.6,0.9191081839423857,0.0,0.0,Vmag_get_voltage_magnitude_series__angle_get_voltage_angle_series,true,GFM,Ybus EMT reconstruction using exact complex bus-voltage phasors when available; otherwise diagnostic fallback
3.54,0.01626987682371439,-0.00665691681625924,0.01626987682371439,-0.00665691681625924,0.01626987682371439,-0.00665691681625924,5.616269876823714,0.9124512671261265,5.6,0.9191081839423857,0.0,0.0,Vmag_get_voltage_magnitude_series__angle_get_voltage_angle_series,true,GFM,Ybus EMT reconstruction using exact complex bus-voltage phasors when available; otherwise diagnostic fallback
3.55,0.016272838774403553,-0.0066733903687483664,0.016272838774403553,-0.0066733903687483664,0.016272838774403553,-0.0066733903687483664,5.616272838774403,0.9124347935736373,5.6,0.9191081839423857,0.0,0.0,Vmag_get_voltage_magnitude_series__angle_get_voltage_angle_series,true,GFM,Ybus EMT reconstruction using exact complex bus-voltage phasors when available; otherwise diagnostic fallback
3.56,0.016275760504441905,-0.006689882554108517,0.016275760504441905,-0.006689882554108517,0.016275760504441905,-0.006689882554108517,5.6162757605044415,0.9124183013882772,5.6,0.9191081839423857,0.0,0.0,Vmag_get_voltage_magnitude_series__angle_get_voltage_angle_series,true,GFM,Ybus EMT reconstruction using exact complex bus-voltage phasors when available; otherwise diagnostic fallback
3.57,0.01627862859825413,-0.006706392722417243,0.01627862859825413,-0.006706392722417243,0.01627862859825413,-0.006706392722417243,5.616278628598254,0.9124017912199684,5.6,0.9191081839423857,0.0,0.0,Vmag_get_voltage_magnitude_series__angle_get_voltage_angle_series,true,GFM,Ybus EMT reconstruction using exact complex bus-voltage phasors when available; otherwise diagnostic fallback
3.58,0.016281430831466714,-0.006722920254371378,0.016281430831466714,-0.006722920254371378,0.016281430831466714,-0.006722920254371378,5.616281430831466,0.9123852636880143,5.6,0.9191081839423857,0.0,0.0,Vmag_get_voltage_magnitude_series__angle_get_voltage_angle_series,true,GFM,Ybus EMT reconstruction using exact complex bus-voltage phasors when available; otherwise diagnostic fallback
3.59,0.016284156216429757,-0.0067394645548986,0.016284156216429757,-0.0067394645548986,0.016284156216429757,-0.0067394645548986,5.616284156216429,0.9123687193874871,5.6,0.9191081839423857,0.0,0.0,Vmag_get_voltage_magnitude_series__angle_get_voltage_angle_series,true,GFM,Ybus EMT reconstruction using exact complex bus-voltage phasors when available; otherwise diagnostic fallback
3.6,0.016286795034003987,-0.006756025047303993,0.016286795034003987,-0.006756025047303993,0.016286795034003987,-0.006756025047303993,5.616286795034004,0.9123521588950817,5.6,0.9191081839423857,0.0,0.0,Vmag_get_voltage_magnitude_series__angle_get_voltage_angle_series,true,GFM,Ybus EMT reconstruction using exact complex bus-voltage phasors when available; otherwise diagnostic fallback
3.61,0.016289338853161084,-0.0067726011671088715,0.016289338853161084,-0.0067726011671088715,0.016289338853161084,-0.0067726011671088715,5.616289338853161,0.9123355827752768,5.6,0.9191081839423857,0.0,0.0,Vmag_get_voltage_magnitude_series__angle_get_voltage_angle_series,true,GFM,Ybus EMT reconstruction using exact complex bus-voltage phasors when available; otherwise diagnostic fallback
3.62,0.016291780538290723,-0.006789192356793872,0.016291780538290723,-0.006789192356793872,0.016291780538290723,-0.006789192356793872,5.61629178053829,0.9123189915855918,5.6,0.9191081839423857,0.0,0.0,Vmag_get_voltage_magnitude_series__angle_get_voltage_angle_series,true,GFM,Ybus EMT reconstruction using exact complex bus-voltage phasors when available; otherwise diagnostic fallback
3.63,0.0162941142436015,-0.006805798060190993,0.0162941142436015,-0.006805798060190993,0.0162941142436015,-0.006805798060190993,5.616294114243601,0.9123023858821947,5.6,0.9191081839423857,0.0,0.0,Vmag_get_voltage_magnitude_series__angle_get_voltage_angle_series,true,GFM,Ybus EMT reconstruction using exact complex bus-voltage phasors when available; otherwise diagnostic fallback
3.64,0.01629633539871289,-0.006822417717638585,0.01629633539871289,-0.006822417717638585,0.01629633539871289,-0.006822417717638585,5.6162963353987125,0.9122857662247471,5.6,0.9191081839423857,0.0,0.0,Vmag_get_voltage_magnitude_series__angle_get_voltage_angle_series,true,GFM,Ybus EMT reconstruction using exact complex bus-voltage phasors when available; otherwise diagnostic fallback
3.65,0.01629844068113595,-0.00683905076139546,0.01629844068113595,-0.00683905076139546,0.01629844068113595,-0.00683905076139546,5.616298440681136,0.9122691331809902,5.6,0.9191081839423857,0.0,0.0,Vmag_get_voltage_magnitude_series__angle_get_voltage_angle_series,true,GFM,Ybus EMT reconstruction using exact complex bus-voltage phasors when available; otherwise diagnostic fallback
3.66,0.016300427981000176,-0.0068556966112935935,0.016300427981000176,-0.0068556966112935935,0.016300427981000176,-0.0068556966112935935,5.616300427981,0.9122524873310921,5.6,0.9191081839423857,0.0,0.0,Vmag_get_voltage_magnitude_series__angle_get_voltage_angle_series,true,GFM,Ybus EMT reconstruction using exact complex bus-voltage phasors when available; otherwise diagnostic fallback
3.67,0.016302296357229906,-0.006872354670965586,0.016302296357229906,-0.006872354670965586,0.016302296357229906,-0.006872354670965586,5.6163022963572296,0.9122358292714201,5.6,0.9191081839423857,0.0,0.0,Vmag_get_voltage_magnitude_series__angle_get_voltage_angle_series,true,GFM,Ybus EMT reconstruction using exact complex bus-voltage phasors when available; otherwise diagnostic fallback
3.68,0.016304045983204674,-0.006889024324431836,0.016304045983204674,-0.006889024324431836,0.016304045983204674,-0.006889024324431836,5.616304045983204,0.9122191596179539,5.6,0.9191081839423857,0.0,0.0,Vmag_get_voltage_magnitude_series__angle_get_voltage_angle_series,true,GFM,Ybus EMT reconstruction using exact complex bus-voltage phasors when available; otherwise diagnostic fallback
3.69,0.016305678088844644,-0.00690570493304965,0.016305678088844644,-0.00690570493304965,0.016305678088844644,-0.00690570493304965,5.616305678088844,0.912202479009336,5.6,0.9191081839423857,0.0,0.0,Vmag_get_voltage_magnitude_series__angle_get_voltage_angle_series,true,GFM,Ybus EMT reconstruction using exact complex bus-voltage phasors when available; otherwise diagnostic fallback
3.7,0.016307194892918098,-0.006922395832919981,0.016307194892918098,-0.006922395832919981,0.016307194892918098,-0.006922395832919981,5.616307194892918,0.9121857881094657,5.6,0.9191081839423857,0.0,0.0,Vmag_get_voltage_magnitude_series__angle_get_voltage_angle_series,true,GFM,Ybus EMT reconstruction using exact complex bus-voltage phasors when available; otherwise diagnostic fallback
3.71,0.016308599533307877,-0.00693909633288714,0.016308599533307877,-0.00693909633288714,0.016308599533307877,-0.00693909633288714,5.6163085995333075,0.9121690876094986,5.6,0.9191081839423857,0.0,0.0,Vmag_get_voltage_magnitude_series__angle_get_voltage_angle_series,true,GFM,Ybus EMT reconstruction using exact complex bus-voltage phasors when available; otherwise diagnostic fallback
3.72,0.0163098959898349,-0.006955805712695384,0.0163098959898349,-0.006955805712695384,0.0163098959898349,-0.006955805712695384,5.6163098959898345,0.9121523782296903,5.6,0.9191081839423857,0.0,0.0,Vmag_get_voltage_magnitude_series__angle_get_voltage_angle_series,true,GFM,Ybus EMT reconstruction using exact complex bus-voltage phasors when available; otherwise diagnostic fallback
3.73,0.016311089005723645,-0.006972523221708049,0.016311089005723645,-0.006972523221708049,0.016311089005723645,-0.006972523221708049,5.616311089005723,0.9121356607206776,5.6,0.9191081839423857,0.0,0.0,Vmag_get_voltage_magnitude_series__angle_get_voltage_angle_series,true,GFM,Ybus EMT reconstruction using exact complex bus-voltage phasors when available; otherwise diagnostic fallback
3.74,0.016312184005705888,-0.006989248078236199,0.016312184005705888,-0.006989248078236199,0.016312184005705888,-0.006989248078236199,5.6163121840057055,0.9121189358641495,5.6,0.9191081839423857,0.0,0.0,Vmag_get_voltage_magnitude_series__angle_get_voltage_angle_series,true,GFM,Ybus EMT reconstruction using exact complex bus-voltage phasors when available; otherwise diagnostic fallback
3.75,0.016313187011751218,-0.0070059794687159505,0.016313187011751218,-0.0070059794687159505,0.016313187011751218,-0.0070059794687159505,5.616313187011751,0.9121022044736697,5.6,0.9191081839423857,0.0,0.0,Vmag_get_voltage_magnitude_series__angle_get_voltage_angle_series,true,GFM,Ybus EMT reconstruction using exact complex bus-voltage phasors when available; otherwise diagnostic fallback
3.76,0.016314104558526665,-0.007022716547917307,0.016314104558526665,-0.007022716547917307,0.016314104558526665,-0.007022716547917307,5.616314104558526,0.9120854673944684,5.6,0.9191081839423857,0.0,0.0,Vmag_get_voltage_magnitude_series__angle_get_voltage_angle_series,true,GFM,Ybus EMT reconstruction using exact complex bus-voltage phasors when available; otherwise diagnostic fallback
3.77,0.01631494360851704,-0.007039458439162649,0.01631494360851704,-0.007039458439162649,0.01631494360851704,-0.007039458439162649,5.616314943608517,0.912068725503223,5.6,0.9191081839423857,0.0,0.0,Vmag_get_voltage_magnitude_series__angle_get_voltage_angle_series,true,GFM,Ybus EMT reconstruction using exact complex bus-voltage phasors when available; otherwise diagnostic fallback
3.78,0.0163157114673691,-0.007056204234783148,0.0163157114673691,-0.007056204234783148,0.0163157114673691,-0.007056204234783148,5.616315711467369,0.9120519797076025,5.6,0.9191081839423857,0.0,0.0,Vmag_get_voltage_magnitude_series__angle_get_voltage_angle_series,true,GFM,Ybus EMT reconstruction using exact complex bus-voltage phasors when available; otherwise diagnostic fallback
3.79,0.016316415700933007,-0.007072952997241089,0.016316415700933007,-0.007072952997241089,0.016316415700933007,-0.007072952997241089,5.616316415700933,0.9120352309451446,5.6,0.9191081839423857,0.0,0.0,Vmag_get_voltage_magnitude_series__angle_get_voltage_angle_series,true,GFM,Ybus EMT reconstruction using exact complex bus-voltage phasors when available; otherwise diagnostic fallback
3.8,0.01631706405402067,-0.00708970376027851,0.01631706405402067,-0.00708970376027851,0.01631706405402067,-0.00708970376027851,5.61631706405402,0.9120184801821072,5.6,0.9191081839423857,0.0,0.0,Vmag_get_voltage_magnitude_series__angle_get_voltage_angle_series,true,GFM,Ybus EMT reconstruction using exact complex bus-voltage phasors when available; otherwise diagnostic fallback
3.81,0.016317664371828577,-0.007106455530432987,0.016317664371828577,-0.007106455530432987,0.016317664371828577,-0.007106455530432987,5.616317664371828,0.9120017284119527,5.6,0.9191081839423857,0.0,0.0,Vmag_get_voltage_magnitude_series__angle_get_voltage_angle_series,true,GFM,Ybus EMT reconstruction using exact complex bus-voltage phasors when available; otherwise diagnostic fallback
3.82,0.016318224524376923,-0.007123207288768141,0.016318224524376923,-0.007123207288768141,0.016318224524376923,-0.007123207288768141,5.616318224524377,0.9119849766536176,5.6,0.9191081839423857,0.0,0.0,Vmag_get_voltage_magnitude_series__angle_get_voltage_angle_series,true,GFM,Ybus EMT reconstruction using exact complex bus-voltage phasors when available; otherwise diagnostic fallback
3.83,0.016318752334610664,-0.007139957992802981,0.016318752334610664,-0.007139957992802981,0.016318752334610664,-0.007139957992802981,5.61631875233461,0.9119682259495827,5.6,0.9191081839423857,0.0,0.0,Vmag_get_voltage_magnitude_series__angle_get_voltage_angle_series,true,GFM,Ybus EMT reconstruction using exact complex bus-voltage phasors when available; otherwise diagnostic fallback
3.84,0.01631925551069635,-0.007156706578687055,0.01631925551069635,-0.007156706578687055,0.01631925551069635,-0.007156706578687055,5.616319255510696,0.9119514773636986,5.6,0.9191081839423857,0.0,0.0,Vmag_get_voltage_magnitude_series__angle_get_voltage_angle_series,true,GFM,Ybus EMT reconstruction using exact complex bus-voltage phasors when available; otherwise diagnostic fallback
3.85,0.016319741582433878,-0.007173451963431776,0.016319741582433878,-0.007173451963431776,0.016319741582433878,-0.007173451963431776,5.6163197415824335,0.9119347319789539,5.6,0.9191081839423857,0.0,0.0,Vmag_get_voltage_magnitude_series__angle_get_voltage_angle_series,true,GFM,Ybus EMT reconstruction using exact complex bus-voltage phasors when available; otherwise diagnostic fallback
3.86,0.01632021784306037,-0.007190193047395987,0.01632021784306037,-0.007190193047395987,0.01632021784306037,-0.007190193047395987,5.61632021784306,0.9119179908949897,5.6,0.9191081839423857,0.0,0.0,Vmag_get_voltage_magnitude_series__angle_get_voltage_angle_series,true,GFM,Ybus EMT reconstruction using exact complex bus-voltage phasors when available; otherwise diagnostic fallback
3.87,0.01632069129538838,-0.007206928716764316,0.01632069129538838,-0.007206928716764316,0.01632069129538838,-0.007206928716764316,5.616320691295388,0.9119012552256214,5.6,0.9191081839423857,0.0,0.0,Vmag_get_voltage_magnitude_series__angle_get_voltage_angle_series,true,GFM,Ybus EMT reconstruction using exact complex bus-voltage phasors when available; otherwise diagnostic fallback
3.88,0.01632116860372168,-0.007223657846045062,0.01632116860372168,-0.007223657846045062,0.01632116860372168,-0.007223657846045062,5.616321168603721,0.9118845260963406,5.6,0.9191081839423857,0.0,0.0,Vmag_get_voltage_magnitude_series__angle_get_voltage_angle_series,true,GFM,Ybus EMT reconstruction using exact complex bus-voltage phasors when available; otherwise diagnostic fallback
3.89,0.01632165605118896,-0.0072403793008773976,0.01632165605118896,-0.0072403793008773976,0.01632165605118896,-0.0072403793008773976,5.616321656051189,0.9118678046415083,5.6,0.9191081839423857,0.0,0.0,Vmag_get_voltage_magnitude_series__angle_get_voltage_angle_series,true,GFM,Ybus EMT reconstruction using exact complex bus-voltage phasors when available; otherwise diagnostic fallback
3.9,0.016322159502244915,-0.007257091940390592,0.016322159502244915,-0.007257091940390592,0.016322159502244915,-0.007257091940390592,5.616322159502245,0.9118510920019951,5.6,0.9191081839423857,0.0,0.0,Vmag_get_voltage_magnitude_series__angle_get_voltage_angle_series,true,GFM,Ybus EMT reconstruction using exact complex bus-voltage phasors when available; otherwise diagnostic fallback
3.91,0.016322684371059992,-0.007273794620139773,0.016322684371059992,-0.007273794620139773,0.016322684371059992,-0.007273794620139773,5.61632268437106,0.9118343893222459,5.6,0.9191081839423857,0.0,0.0,Vmag_get_voltage_magnitude_series__angle_get_voltage_angle_series,true,GFM,Ybus EMT reconstruction using exact complex bus-voltage phasors when available; otherwise diagnostic fallback
3.92,0.016323235595595342,-0.007290486194440948,0.016323235595595342,-0.007290486194440948,0.016323235595595342,-0.007290486194440948,5.616323235595595,0.9118176977479447,5.6,0.9191081839423857,0.0,0.0,Vmag_get_voltage_magnitude_series__angle_get_voltage_angle_series,true,GFM,Ybus EMT reconstruction using exact complex bus-voltage phasors when available; otherwise diagnostic fallback
3.93,0.01632381761656365,-0.007307165519098491,0.01632381761656365,-0.007307165519098491,0.01632381761656365,-0.007307165519098491,5.616323817616563,0.9118010184232872,5.6,0.9191081839423857,0.0,0.0,Vmag_get_voltage_magnitude_series__angle_get_voltage_angle_series,true,GFM,Ybus EMT reconstruction using exact complex bus-voltage phasors when available; otherwise diagnostic fallback
3.94,0.01632443436273423,-0.007323831453737717,0.01632443436273423,-0.007323831453737717,0.01632443436273423,-0.007323831453737717,5.616324434362734,0.911784352488648,5.6,0.9191081839423857,0.0,0.0,Vmag_get_voltage_magnitude_series__angle_get_voltage_angle_series,true,GFM,Ybus EMT reconstruction using exact complex bus-voltage phasors when available; otherwise diagnostic fallback
3.95,0.016325089240535107,-0.007340482864204412,0.016325089240535107,-0.007340482864204412,0.016325089240535107,-0.007340482864204412,5.616325089240535,0.9117677010781813,5.6,0.9191081839423857,0.0,0.0,Vmag_get_voltage_magnitude_series__angle_get_voltage_angle_series,true,GFM,Ybus EMT reconstruction using exact complex bus-voltage phasors when available; otherwise diagnostic fallback
3.96,0.01632578512964855,-0.007357118624978232,0.01632578512964855,-0.007357118624978232,0.01632578512964855,-0.007357118624978232,5.616325785129648,0.9117510653174075,5.6,0.9191081839423857,0.0,0.0,Vmag_get_voltage_magnitude_series__angle_get_voltage_angle_series,true,GFM,Ybus EMT reconstruction using exact complex bus-voltage phasors when available; otherwise diagnostic fallback
3.97,0.01632652438281479,-0.007373737621082843,0.01632652438281479,-0.007373737621082843,0.01632652438281479,-0.007373737621082843,5.616326524382814,0.9117344463213028,5.6,0.9191081839423857,0.0,0.0,Vmag_get_voltage_magnitude_series__angle_get_voltage_angle_series,true,GFM,Ybus EMT reconstruction using exact complex bus-voltage phasors when available; otherwise diagnostic fallback
3.98,0.016327308830830667,-0.007390338750229097,0.016327308830830667,-0.007390338750229097,0.016327308830830667,-0.007390338750229097,5.61632730883083,0.9117178451921566,5.6,0.9191081839423857,0.0,0.0,Vmag_get_voltage_magnitude_series__angle_get_voltage_angle_series,true,GFM,Ybus EMT reconstruction using exact complex bus-voltage phasors when available; otherwise diagnostic fallback
3.99,0.016328139790990015,-0.0074069209245895,0.016328139790990015,-0.0074069209245895,0.016328139790990015,-0.0074069209245895,5.61632813979099,0.9117012630177962,5.6,0.9191081839423857,0.0,0.0,Vmag_get_voltage_magnitude_series__angle_get_voltage_angle_series,true,GFM,Ybus EMT reconstruction using exact complex bus-voltage phasors when available; otherwise diagnostic fallback
4.0,0.016329018080978308,-0.007423483072654391,0.016329018080978308,-0.007423483072654391,0.016329018080978308,-0.007423483072654391,5.616329018080978,0.9116847008697313,5.6,0.9191081839423857,0.0,0.0,Vmag_get_voltage_magnitude_series__angle_get_voltage_angle_series,true,GFM,Ybus EMT reconstruction using exact complex bus-voltage phasors when available; otherwise diagnostic fallback
4.01,0.016329944035276434,-0.007440024140527468,0.016329944035276434,-0.007440024140527468,0.016329944035276434,-0.007440024140527468,5.616329944035276,0.9116681598018582,5.6,0.9191081839423857,0.0,0.0,Vmag_get_voltage_magnitude_series__angle_get_voltage_angle_series,true,GFM,Ybus EMT reconstruction using exact complex bus-voltage phasors when available; otherwise diagnostic fallback
4.02,0.016330917525168687,-0.007456543093566359,0.016330917525168687,-0.007456543093566359,0.016330917525168687,-0.007456543093566359,5.616330917525168,0.9116516408488193,5.6,0.9191081839423857,0.0,0.0,Vmag_get_voltage_magnitude_series__angle_get_voltage_angle_series,true,GFM,Ybus EMT reconstruction using exact complex bus-voltage phasors when available; otherwise diagnostic fallback
4.03,0.01633193798269872,-0.007473038917250263,0.01633193798269872,-0.007473038917250263,0.01633193798269872,-0.007473038917250263,5.616331937982698,0.9116351450251354,5.6,0.9191081839423857,0.0,0.0,Vmag_get_voltage_magnitude_series__angle_get_voltage_angle_series,true,GFM,Ybus EMT reconstruction using exact complex bus-voltage phasors when available; otherwise diagnostic fallback
4.04,0.01633300442594976,-0.007489510618464479,0.01633300442594976,-0.007489510618464479,0.01633300442594976,-0.007489510618464479,5.616333004425949,0.9116186733239212,5.6,0.9191081839423857,0.0,0.0,Vmag_get_voltage_magnitude_series__angle_get_voltage_angle_series,true,GFM,Ybus EMT reconstruction using exact complex bus-voltage phasors when available; otherwise diagnostic fallback
4.05,0.016334115487960155,-0.007505957226246918,0.016334115487960155,-0.007505957226246918,0.016334115487960155,-0.007505957226246918,5.61633411548796,0.9116022267161388,5.6,0.9191081839423857,0.0,0.0,Vmag_get_voltage_magnitude_series__angle_get_voltage_angle_series,true,GFM,Ybus EMT reconstruction using exact complex bus-voltage phasors when available; otherwise diagnostic fallback
4.06,0.01633526944656527,-0.007522377792443469,0.01633526944656527,-0.007522377792443469,0.01633526944656527,-0.007522377792443469,5.616335269446565,0.9115858061499422,5.6,0.9191081839423857,0.0,0.0,Vmag_get_voltage_magnitude_series__angle_get_voltage_angle_series,true,GFM,Ybus EMT reconstruction using exact complex bus-voltage phasors when available; otherwise diagnostic fallback
4.07,0.016336464256409222,-0.007538771392216481,0.016336464256409222,-0.007538771392216481,0.016336464256409222,-0.007538771392216481,5.616336464256409,0.9115694125501692,5.6,0.9191081839423857,0.0,0.0,Vmag_get_voltage_magnitude_series__angle_get_voltage_angle_series,true,GFM,Ybus EMT reconstruction using exact complex bus-voltage phasors when available; otherwise diagnostic fallback
4.08,0.016337697582089028,-0.007555137124361955,0.016337697582089028,-0.007555137124361955,0.016337697582089028,-0.007555137124361955,5.616337697582089,0.9115530468180237,5.6,0.9191081839423857,0.0,0.0,Vmag_get_voltage_magnitude_series__angle_get_voltage_angle_series,true,GFM,Ybus EMT reconstruction using exact complex bus-voltage phasors when available; otherwise diagnostic fallback
4.09,0.01633896683213365,-0.0075714741114779605,0.01633896683213365,-0.0075714741114779605,0.01633896683213365,-0.0075714741114779605,5.616338966832133,0.9115367098309077,5.6,0.9191081839423857,0.0,0.0,Vmag_get_voltage_magnitude_series__angle_get_voltage_angle_series,true,GFM,Ybus EMT reconstruction using exact complex bus-voltage phasors when available; otherwise diagnostic fallback
4.1,0.016340269193436008,-0.0075877815000868765,0.016340269193436008,-0.0075877815000868765,0.016340269193436008,-0.0075877815000868765,5.616340269193436,0.9115204024422988,5.6,0.9191081839423857,0.0,0.0,Vmag_get_voltage_magnitude_series__angle_get_voltage_angle_series,true,GFM,Ybus EMT reconstruction using exact complex bus-voltage phasors when available; otherwise diagnostic fallback
4.11,0.016341601666125527,-0.007604058460339735,0.016341601666125527,-0.007604058460339735,0.016341601666125527,-0.007604058460339735,5.616341601666125,0.911504125482046,5.6,0.9191081839423857,0.0,0.0,Vmag_get_voltage_magnitude_series__angle_get_voltage_angle_series,true,GFM,Ybus EMT reconstruction using exact complex bus-voltage phasors when available; otherwise diagnostic fallback
4.12,0.016342961098092523,-0.007620304185833482,0.016342961098092523,-0.007620304185833482,0.016342961098092523,-0.007620304185833482,5.616342961098092,0.9114878797565522,5.6,0.9191081839423857,0.0,0.0,Vmag_get_voltage_magnitude_series__angle_get_voltage_angle_series,true,GFM,Ybus EMT reconstruction using exact complex bus-voltage phasors when available; otherwise diagnostic fallback
4.13,0.016344344219342055,-0.007636517893277128,0.016344344219342055,-0.007636517893277128,0.016344344219342055,-0.007636517893277128,5.616344344219342,0.9114716660491086,5.6,0.9191081839423857,0.0,0.0,Vmag_get_voltage_magnitude_series__angle_get_voltage_angle_series,true,GFM,Ybus EMT reconstruction using exact complex bus-voltage phasors when available; otherwise diagnostic fallback
4.14,0.01634574767539032,-0.007652698821884463,0.01634574767539032,-0.007652698821884463,0.01634574767539032,-0.007652698821884463,5.61634574767539,0.9114554851205012,5.6,0.9191081839423857,0.0,0.0,Vmag_get_voltage_magnitude_series__angle_get_voltage_angle_series,true,GFM,Ybus EMT reconstruction using exact complex bus-voltage phasors when available; otherwise diagnostic fallback
4.15,0.016347168060026007,-0.007668846232844251,0.016347168060026007,-0.007668846232844251,0.016347168060026007,-0.007668846232844251,5.616347168060026,0.9114393377095414,5.6,0.9191081839423857,0.0,0.0,Vmag_get_voltage_magnitude_series__angle_get_voltage_angle_series,true,GFM,Ybus EMT reconstruction using exact complex bus-voltage phasors when available; otherwise diagnostic fallback
4.16,0.016348601946670094,-0.007684959408447933,0.016348601946670094,-0.007684959408447933,0.016348601946670094,-0.007684959408447933,5.61634860194667,0.9114232245339378,5.6,0.9191081839423857,0.0,0.0,Vmag_get_voltage_magnitude_series__angle_get_voltage_angle_series,true,GFM,Ybus EMT reconstruction using exact complex bus-voltage phasors when available; otherwise diagnostic fallback
4.17,0.016350045918462897,-0.0077010376515780354,0.016350045918462897,-0.0077010376515780354,0.016350045918462897,-0.0077010376515780354,5.6163500459184625,0.9114071462908077,5.6,0.9191081839423857,0.0,0.0,Vmag_get_voltage_magnitude_series__angle_get_voltage_angle_series,true,GFM,Ybus EMT reconstruction using exact complex bus-voltage phasors when available; otherwise diagnostic fallback
4.18,0.01635149659665469,-0.0077170802845972775,0.01635149659665469,-0.0077170802845972775,0.01635149659665469,-0.0077170802845972775,5.616351496596654,0.9113911036577884,5.6,0.9191081839423857,0.0,0.0,Vmag_get_voltage_magnitude_series__angle_get_voltage_angle_series,true,GFM,Ybus EMT reconstruction using exact complex bus-voltage phasors when available; otherwise diagnostic fallback
4.19,0.016352950667338995,-0.007733086648495924,0.016352950667338995,-0.007733086648495924,0.016352950667338995,-0.007733086648495924,5.616352950667339,0.9113750972938898,5.6,0.9191081839423857,0.0,0.0,Vmag_get_voltage_magnitude_series__angle_get_voltage_angle_series,true,GFM,Ybus EMT reconstruction using exact complex bus-voltage phasors when available; otherwise diagnostic fallback
4.2,0.016354404906318898,-0.00774905610194232,0.016354404906318898,-0.00774905610194232,0.016354404906318898,-0.00774905610194232,5.6163544049063185,0.9113591278404434,5.6,0.9191081839423857,0.0,0.0,Vmag_get_voltage_magnitude_series__angle_get_voltage_angle_series,true,GFM,Ybus EMT reconstruction using exact complex bus-voltage phasors when available; otherwise diagnostic fallback
4.21,0.016355856201809793,-0.007764988020224628,0.016355856201809793,-0.007764988020224628,0.016355856201809793,-0.007764988020224628,5.616355856201809,0.9113431959221611,5.6,0.9191081839423857,0.0,0.0,Vmag_get_voltage_magnitude_series__angle_get_voltage_angle_series,true,GFM,Ybus EMT reconstruction using exact complex bus-voltage phasors when available; otherwise diagnostic fallback
4.22,0.016357301575054883,-0.007780881794269834,0.016357301575054883,-0.007780881794269834,0.016357301575054883,-0.007780881794269834,5.6163573015750545,0.9113273021481159,5.6,0.9191081839423857,0.0,0.0,Vmag_get_voltage_magnitude_series__angle_get_voltage_angle_series,true,GFM,Ybus EMT reconstruction using exact complex bus-voltage phasors when available; otherwise diagnostic fallback
4.23,0.016358738198900546,-0.007796736829491668,0.016358738198900546,-0.007796736829491668,0.016358738198900546,-0.007796736829491668,5.6163587381989,0.911311447112894,5.6,0.9191081839423857,0.0,0.0,Vmag_get_voltage_magnitude_series__angle_get_voltage_angle_series,true,GFM,Ybus EMT reconstruction using exact complex bus-voltage phasors when available; otherwise diagnostic fallback
4.24,0.01636016341394786,-0.00781255254482982,0.01636016341394786,-0.00781255254482982,0.01636016341394786,-0.00781255254482982,5.6163601634139475,0.9112956313975559,5.6,0.9191081839423857,0.0,0.0,Vmag_get_voltage_magnitude_series__angle_get_voltage_angle_series,true,GFM,Ybus EMT reconstruction using exact complex bus-voltage phasors when available; otherwise diagnostic fallback
4.25,0.016361574742577822,-0.007828328371610072,0.016361574742577822,-0.007828328371610072,0.016361574742577822,-0.007828328371610072,5.6163615747425775,0.9112798555707756,5.6,0.9191081839423857,0.0,0.0,Vmag_get_voltage_magnitude_series__angle_get_voltage_angle_series,true,GFM,Ybus EMT reconstruction using exact complex bus-voltage phasors when available; otherwise diagnostic fallback
4.26,0.016362969900619362,-0.007844063752543762,0.016362969900619362,-0.007844063752543762,0.016362969900619362,-0.007844063752543762,5.616362969900619,0.9112641201898419,5.6,0.9191081839423857,0.0,0.0,Vmag_get_voltage_magnitude_series__angle_get_voltage_angle_series,true,GFM,Ybus EMT reconstruction using exact complex bus-voltage phasors when available; otherwise diagnostic fallback
4.27,0.01636434680654908,-0.007859758140664863,0.01636434680654908,-0.007859758140664863,0.01636434680654908,-0.007859758140664863,5.616364346806549,0.9112484258017208,5.6,0.9191081839423857,0.0,0.0,Vmag_get_voltage_magnitude_series__angle_get_voltage_angle_series,true,GFM,Ybus EMT reconstruction using exact complex bus-voltage phasors when available; otherwise diagnostic fallback
4.28,0.01636570358893419,-0.00787541099838085,0.01636570358893419,-0.00787541099838085,0.01636570358893419,-0.00787541099838085,5.616365703588934,0.9112327729440048,5.6,0.9191081839423857,0.0,0.0,Vmag_get_voltage_magnitude_series__angle_get_voltage_angle_series,true,GFM,Ybus EMT reconstruction using exact complex bus-voltage phasors when available; otherwise diagnostic fallback
4.29,0.016367038591273975,-0.007891021796414877,0.016367038591273975,-0.007891021796414877,0.016367038591273975,-0.007891021796414877,5.616367038591274,0.9112171621459708,5.6,0.9191081839423857,0.0,0.0,Vmag_get_voltage_magnitude_series__angle_get_voltage_angle_series,true,GFM,Ybus EMT reconstruction using exact complex bus-voltage phasors when available; otherwise diagnostic fallback
4.3,0.016368350374907692,-0.007906590013011416,0.016368350374907692,-0.007906590013011416,0.016368350374907692,-0.007906590013011416,5.616368350374907,0.9112015939293743,5.6,0.9191081839423857,0.0,0.0,Vmag_get_voltage_magnitude_series__angle_get_voltage_angle_series,true,GFM,Ybus EMT reconstruction using exact complex bus-voltage phasors when available; otherwise diagnostic fallback
4.31,0.01636963771983968,-0.007922115133034535,0.01636963771983968,-0.007922115133034535,0.01636963771983968,-0.007922115133034535,5.616369637719839,0.9111860688093512,5.6,0.9191081839423857,0.0,0.0,Vmag_get_voltage_magnitude_series__angle_get_voltage_angle_series,true,GFM,Ybus EMT reconstruction using exact complex bus-voltage phasors when available; otherwise diagnostic fallback
4.32,0.016370899623612267,-0.007937596647052625,0.016370899623612267,-0.007937596647052625,0.016370899623612267,-0.007937596647052625,5.616370899623612,0.9111705872953331,5.6,0.9191081839423857,0.0,0.0,Vmag_get_voltage_magnitude_series__angle_get_voltage_angle_series,true,GFM,Ybus EMT reconstruction using exact complex bus-voltage phasors when available; otherwise diagnostic fallback
4.33,0.01637213529845649,-0.007953034050731111,0.01637213529845649,-0.007953034050731111,0.01637213529845649,-0.007953034050731111,5.616372135298456,0.9111551498916546,5.6,0.9191081839423857,0.0,0.0,Vmag_get_voltage_magnitude_series__angle_get_voltage_angle_series,true,GFM,Ybus EMT reconstruction using exact complex bus-voltage phasors when available; otherwise diagnostic fallback
4.34,0.01637334416648084,-0.007968426844015775,0.01637334416648084,-0.007968426844015775,0.01637334416648084,-0.007968426844015775,5.6163733441664805,0.9111397570983699,5.6,0.9191081839423857,0.0,0.0,Vmag_get_voltage_magnitude_series__angle_get_voltage_angle_series,true,GFM,Ybus EMT reconstruction using exact complex bus-voltage phasors when available; otherwise diagnostic fallback
4.35,0.016374525853505517,-0.007983774530635479,0.016374525853505517,-0.007983774530635479,0.016374525853505517,-0.007983774530635479,5.616374525853505,0.9111244094117502,5.6,0.9191081839423857,0.0,0.0,Vmag_get_voltage_magnitude_series__angle_get_voltage_angle_series,true,GFM,Ybus EMT reconstruction using exact complex bus-voltage phasors when available; otherwise diagnostic fallback
4.36,0.0163756801813717,-0.007999076617336565,0.0163756801813717,-0.007999076617336565,0.0163756801813717,-0.007999076617336565,5.616375680181371,0.9111091073250491,5.6,0.9191081839423857,0.0,0.0,Vmag_get_voltage_magnitude_series__angle_get_voltage_angle_series,true,GFM,Ybus EMT reconstruction using exact complex bus-voltage phasors when available; otherwise diagnostic fallback
4.37,0.01637680715896206,-0.00801433261365736,0.01637680715896206,-0.00801433261365736,0.01637680715896206,-0.00801433261365736,5.616376807158962,0.9110938513287283,5.6,0.9191081839423857,0.0,0.0,Vmag_get_voltage_magnitude_series__angle_get_voltage_angle_series,true,GFM,Ybus EMT reconstruction using exact complex bus-voltage phasors when available; otherwise diagnostic fallback
4.38,0.01637790697194763,-0.00802954203127293,0.01637790697194763,-0.00802954203127293,0.01637790697194763,-0.00802954203127293,5.616377906971947,0.9110786419111128,5.6,0.9191081839423857,0.0,0.0,Vmag_get_voltage_magnitude_series__angle_get_voltage_angle_series,true,GFM,Ybus EMT reconstruction using exact complex bus-voltage phasors when available; otherwise diagnostic fallback
4.39,0.01637897997162341,-0.008044704383738166,0.01637897997162341,-0.008044704383738166,0.01637897997162341,-0.008044704383738166,5.616378979971623,0.9110634795586475,5.6,0.9191081839423857,0.0,0.0,Vmag_get_voltage_magnitude_series__angle_get_voltage_angle_series,true,GFM,Ybus EMT reconstruction using exact complex bus-voltage phasors when available; otherwise diagnostic fallback
4.4,0.016380026662874414,-0.008059819186193251,0.016380026662874414,-0.008059819186193251,0.016380026662874414,-0.008059819186193251,5.616380026662874,0.9110483647561924,5.6,0.9191081839423857,0.0,0.0,Vmag_get_voltage_magnitude_series__angle_get_voltage_angle_series,true,GFM,Ybus EMT reconstruction using exact complex bus-voltage phasors when available; otherwise diagnostic fallback
4.41,0.016381047691339745,-0.008074885955216438,0.016381047691339745,-0.008074885955216438,0.016381047691339745,-0.008074885955216438,5.616381047691339,0.9110332979871693,5.6,0.9191081839423857,0.0,0.0,Vmag_get_voltage_magnitude_series__angle_get_voltage_angle_series,true,GFM,Ybus EMT reconstruction using exact complex bus-voltage phasors when available; otherwise diagnostic fallback
4.42,0.016382043830114768,-0.008089904208434473,0.016382043830114768,-0.008089904208434473,0.016382043830114768,-0.008089904208434473,5.616382043830114,0.9110182797339512,5.6,0.9191081839423857,0.0,0.0,Vmag_get_voltage_magnitude_series__angle_get_voltage_angle_series,true,GFM,Ybus EMT reconstruction using exact complex bus-voltage phasors when available; otherwise diagnostic fallback
4.43,0.01638301596590086,-0.008104873464704343,0.01638301596590086,-0.008104873464704343,0.01638301596590086,-0.008104873464704343,5.6163830159659005,0.9110033104776813,5.6,0.9191081839423857,0.0,0.0,Vmag_get_voltage_magnitude_series__angle_get_voltage_angle_series,true,GFM,Ybus EMT reconstruction using exact complex bus-voltage phasors when available; otherwise diagnostic fallback
4.44,0.016383965084981966,-0.00811979324394263,0.016383965084981966,-0.00811979324394263,0.016383965084981966,-0.00811979324394263,5.616383965084982,0.9109883906984431,5.6,0.9191081839423857,0.0,0.0,Vmag_get_voltage_magnitude_series__angle_get_voltage_angle_series,true,GFM,Ybus EMT reconstruction using exact complex bus-voltage phasors when available; otherwise diagnostic fallback
4.45,0.01638489225894446,-0.008134663067120074,0.01638489225894446,-0.008134663067120074,0.01638489225894446,-0.008134663067120074,5.616384892258944,0.9109735208752656,5.6,0.9191081839423857,0.0,0.0,Vmag_get_voltage_magnitude_series__angle_get_voltage_angle_series,true,GFM,Ybus EMT reconstruction using exact complex bus-voltage phasors when available; otherwise diagnostic fallback
4.46,0.01638579863053824,-0.008149482456427104,0.01638579863053824,-0.008149482456427104,0.01638579863053824,-0.008149482456427104,5.616385798630538,0.9109587014859586,5.6,0.9191081839423857,0.0,0.0,Vmag_get_voltage_magnitude_series__angle_get_voltage_angle_series,true,GFM,Ybus EMT reconstruction using exact complex bus-voltage phasors when available; otherwise diagnostic fallback
4.47,0.016386685399489842,-0.008164250935357331,0.016386685399489842,-0.008164250935357331,0.016386685399489842,-0.008164250935357331,5.6163866853994895,0.9109439330070284,5.6,0.9191081839423857,0.0,0.0,Vmag_get_voltage_magnitude_series__angle_get_voltage_angle_series,true,GFM,Ybus EMT reconstruction using exact complex bus-voltage phasors when available; otherwise diagnostic fallback
4.48,0.016387553808650424,-0.008178968028873412,0.016387553808650424,-0.008178968028873412,0.016387553808650424,-0.008178968028873412,5.61638755380865,0.9109292159135123,5.6,0.9191081839423857,0.0,0.0,Vmag_get_voltage_magnitude_series__angle_get_voltage_angle_series,true,GFM,Ybus EMT reconstruction using exact complex bus-voltage phasors when available; otherwise diagnostic fallback
4.49,0.016388405130367545,-0.008193633263661071,0.016388405130367545,-0.008193633263661071,0.016388405130367545,-0.008193633263661071,5.616388405130367,0.9109145506787246,5.6,0.9191081839423857,0.0,0.0,Vmag_get_voltage_magnitude_series__angle_get_voltage_angle_series,true,GFM,Ybus EMT reconstruction using exact complex bus-voltage phasors when available; otherwise diagnostic fallback
4.5,0.016389240653515103,-0.00820824616827931,0.016389240653515103,-0.00820824616827931,0.016389240653515103,-0.00820824616827931,5.616389240653515,0.9108999377741064,5.6,0.9191081839423857,0.0,0.0,Vmag_get_voltage_magnitude_series__angle_get_voltage_angle_series,true,GFM,Ybus EMT reconstruction using exact complex bus-voltage phasors when available; otherwise diagnostic fallback
4.51,0.01639006167073198,-0.008222806273584848,0.01639006167073198,-0.008222806273584848,0.01639006167073198,-0.008222806273584848,5.616390061670732,0.9108853776688008,5.6,0.9191081839423857,0.0,0.0,Vmag_get_voltage_magnitude_series__angle_get_voltage_angle_series,true,GFM,Ybus EMT reconstruction using exact complex bus-voltage phasors when available; otherwise diagnostic fallback
4.52,0.01639086946662438,-0.008237313113019229,0.01639086946662438,-0.008237313113019229,0.01639086946662438,-0.008237313113019229,5.616390869466624,0.9108708708293665,5.6,0.9191081839423857,0.0,0.0,Vmag_get_voltage_magnitude_series__angle_get_voltage_angle_series,true,GFM,Ybus EMT reconstruction using exact complex bus-voltage phasors when available; otherwise diagnostic fallback
4.53,0.016391665306356273,-0.008251766222766133,0.016391665306356273,-0.008251766222766133,0.016391665306356273,-0.008251766222766133,5.616391665306356,0.9108564177196196,5.6,0.9191081839423857,0.0,0.0,Vmag_get_voltage_magnitude_series__angle_get_voltage_angle_series,true,GFM,Ybus EMT reconstruction using exact complex bus-voltage phasors when available; otherwise diagnostic fallback
4.54,0.016392450425230187,-0.008266165142372328,0.016392450425230187,-0.008266165142372328,0.016392450425230187,-0.008266165142372328,5.61639245042523,0.9108420188000134,5.6,0.9191081839423857,0.0,0.0,Vmag_get_voltage_magnitude_series__angle_get_voltage_angle_series,true,GFM,Ybus EMT reconstruction using exact complex bus-voltage phasors when available; otherwise diagnostic fallback
4.55,0.016393226018927898,-0.008280509414935522,0.016393226018927898,-0.008280509414935522,0.016393226018927898,-0.008280509414935522,5.6163932260189275,0.9108276745274502,5.6,0.9191081839423857,0.0,0.0,Vmag_get_voltage_magnitude_series__angle_get_voltage_angle_series,true,GFM,Ybus EMT reconstruction using exact complex bus-voltage phasors when available; otherwise diagnostic fallback
4.56,0.016393993234653514,-0.008294798587525798,0.016393993234653514,-0.008294798587525798,0.016393993234653514,-0.008294798587525798,5.616393993234653,0.9108133853548599,5.6,0.9191081839423857,0.0,0.0,Vmag_get_voltage_magnitude_series__angle_get_voltage_angle_series,true,GFM,Ybus EMT reconstruction using exact complex bus-voltage phasors when available; otherwise diagnostic fallback
4.57,0.01639475316318162,-0.008309032211679335,0.01639475316318162,-0.008309032211679335,0.01639475316318162,-0.008309032211679335,5.616394753163181,0.9107991517307064,5.6,0.9191081839423857,0.0,0.0,Vmag_get_voltage_magnitude_series__angle_get_voltage_angle_series,true,GFM,Ybus EMT reconstruction using exact complex bus-voltage phasors when available; otherwise diagnostic fallback
4.58,0.01639550683174651,-0.008323209843549173,0.01639550683174651,-0.008323209843549173,0.01639550683174651,-0.008323209843549173,5.616395506831746,0.9107849740988365,5.6,0.9191081839423857,0.0,0.0,Vmag_get_voltage_magnitude_series__angle_get_voltage_angle_series,true,GFM,Ybus EMT reconstruction using exact complex bus-voltage phasors when available; otherwise diagnostic fallback
4.59,0.01639625519798127,-0.00833733104452572,0.01639625519798127,-0.00833733104452572,0.01639625519798127,-0.00833733104452572,5.616396255197981,0.91077085289786,5.6,0.9191081839423857,0.0,0.0,Vmag_get_voltage_magnitude_series__angle_get_voltage_angle_series,true,GFM,Ybus EMT reconstruction using exact complex bus-voltage phasors when available; otherwise diagnostic fallback
4.6,0.016396999144664193,-0.00835139538155727,0.016396999144664193,-0.00835139538155727,0.016396999144664193,-0.00835139538155727,5.616396999144664,0.9107567885608284,5.6,0.9191081839423857,0.0,0.0,Vmag_get_voltage_magnitude_series__angle_get_voltage_angle_series,true,GFM,Ybus EMT reconstruction using exact complex bus-voltage phasors when available; otherwise diagnostic fallback
4.61,0.016397739475483952,-0.00836540242743744,0.016397739475483952,-0.00836540242743744,0.016397739475483952,-0.00836540242743744,5.616397739475484,0.9107427815149483,5.6,0.9191081839423857,0.0,0.0,Vmag_get_voltage_magnitude_series__angle_get_voltage_angle_series,true,GFM,Ybus EMT reconstruction using exact complex bus-voltage phasors when available; otherwise diagnostic fallback
4.62,0.01639847691170271,-0.00837935176119664,0.01639847691170271,-0.00837935176119664,0.01639847691170271,-0.00837935176119664,5.616398476911702,0.910728832181189,5.6,0.9191081839423857,0.0,0.0,Vmag_get_voltage_magnitude_series__angle_get_voltage_angle_series,true,GFM,Ybus EMT reconstruction using exact complex bus-voltage phasors when available; otherwise diagnostic fallback
4.63,0.01639921208971451,-0.008393242968565917,0.01639921208971451,-0.008393242968565917,0.01639921208971451,-0.008393242968565917,5.616399212089714,0.9107149409738198,5.6,0.9191081839423857,0.0,0.0,Vmag_get_voltage_magnitude_series__angle_get_voltage_angle_series,true,GFM,Ybus EMT reconstruction using exact complex bus-voltage phasors when available; otherwise diagnostic fallback
4.64,0.016399945559463447,-0.008407075642151596,0.016399945559463447,-0.008407075642151596,0.016399945559463447,-0.008407075642151596,5.616399945559463,0.9107011083002341,5.6,0.9191081839423857,0.0,0.0,Vmag_get_voltage_magnitude_series__angle_get_voltage_angle_series,true,GFM,Ybus EMT reconstruction using exact complex bus-voltage phasors when available; otherwise diagnostic fallback
4.65,0.0164006777837864,-0.008420849381798212,0.0164006777837864,-0.008420849381798212,0.0164006777837864,-0.008420849381798212,5.616400677783786,0.9106873345605875,5.6,0.9191081839423857,0.0,0.0,Vmag_get_voltage_magnitude_series__angle_get_voltage_angle_series,true,GFM,Ybus EMT reconstruction using exact complex bus-voltage phasors when available; otherwise diagnostic fallback
4.66,0.016401409138536494,-0.008434563794906924,0.016401409138536494,-0.008434563794906924,0.016401409138536494,-0.008434563794906924,5.616401409138536,0.9106736201474788,5.6,0.9191081839423857,0.0,0.0,Vmag_get_voltage_magnitude_series__angle_get_voltage_angle_series,true,GFM,Ybus EMT reconstruction using exact complex bus-voltage phasors when available; otherwise diagnostic fallback
4.67,0.01640213991342243,-0.008448218496661108,0.01640213991342243,-0.008448218496661108,0.01640213991342243,-0.008448218496661108,5.616402139913422,0.9106599654457246,5.6,0.9191081839423857,0.0,0.0,Vmag_get_voltage_magnitude_series__angle_get_voltage_angle_series,true,GFM,Ybus EMT reconstruction using exact complex bus-voltage phasors when available; otherwise diagnostic fallback
4.68,0.016402870313657836,-0.008461813110325567,0.016402870313657836,-0.008461813110325567,0.016402870313657836,-0.008461813110325567,5.6164028703136575,0.9106463708320601,5.6,0.9191081839423857,0.0,0.0,Vmag_get_voltage_magnitude_series__angle_get_voltage_angle_series,true,GFM,Ybus EMT reconstruction using exact complex bus-voltage phasors when available; otherwise diagnostic fallback
4.69,0.01640360046221989,-0.008475347267285493,0.01640360046221989,-0.008475347267285493,0.01640360046221989,-0.008475347267285493,5.6164036004622195,0.9106328366751002,5.6,0.9191081839423857,0.0,0.0,Vmag_get_voltage_magnitude_series__angle_get_voltage_angle_series,true,GFM,Ybus EMT reconstruction using exact complex bus-voltage phasors when available; otherwise diagnostic fallback
4.7,0.016404330402807865,-0.008488820607507108,0.016404330402807865,-0.008488820607507108,0.016404330402807865,-0.008488820607507108,5.6164043304028075,0.9106193633348786,5.6,0.9191081839423857,0.0,0.0,Vmag_get_voltage_magnitude_series__angle_get_voltage_angle_series,true,GFM,Ybus EMT reconstruction using exact complex bus-voltage phasors when available; otherwise diagnostic fallback
4.71,0.016405060103250158,-0.008502232779423857,0.016405060103250158,-0.008502232779423857,0.016405060103250158,-0.008502232779423857,5.61640506010325,0.9106059511629618,5.6,0.9191081839423857,0.0,0.0,Vmag_get_voltage_magnitude_series__angle_get_voltage_angle_series,true,GFM,Ybus EMT reconstruction using exact complex bus-voltage phasors when available; otherwise diagnostic fallback
4.72,0.01640578945954374,-0.008515583440278585,0.01640578945954374,-0.008515583440278585,0.01640578945954374,-0.008515583440278585,5.616405789459543,0.9105926005021071,5.6,0.9191081839423857,0.0,0.0,Vmag_get_voltage_magnitude_series__angle_get_voltage_angle_series,true,GFM,Ybus EMT reconstruction using exact complex bus-voltage phasors when available; otherwise diagnostic fallback
4.73,0.016406518300197348,-0.008528872256123643,0.016406518300197348,-0.008528872256123643,0.016406518300197348,-0.008528872256123643,5.616406518300197,0.910579311686262,5.6,0.9191081839423857,0.0,0.0,Vmag_get_voltage_magnitude_series__angle_get_voltage_angle_series,true,GFM,Ybus EMT reconstruction using exact complex bus-voltage phasors when available; otherwise diagnostic fallback
4.74,0.01640724639109692,-0.00854209890184443,0.01640724639109692,-0.00854209890184443,0.01640724639109692,-0.00854209890184443,5.616407246391097,0.9105660850405413,5.6,0.9191081839423857,0.0,0.0,Vmag_get_voltage_magnitude_series__angle_get_voltage_angle_series,true,GFM,Ybus EMT reconstruction using exact complex bus-voltage phasors when available; otherwise diagnostic fallback
4.75,0.01640797344063394,-0.008555263061364227,0.01640797344063394,-0.008555263061364227,0.01640797344063394,-0.008555263061364227,5.616407973440634,0.9105529208810215,5.6,0.9191081839423857,0.0,0.0,Vmag_get_voltage_magnitude_series__angle_get_voltage_angle_series,true,GFM,Ybus EMT reconstruction using exact complex bus-voltage phasors when available; otherwise diagnostic fallback
4.76,0.016408699104996316,-0.008568364427490538,0.016408699104996316,-0.008568364427490538,0.016408699104996316,-0.008568364427490538,5.616408699104996,0.9105398195148952,5.6,0.9191081839423857,0.0,0.0,Vmag_get_voltage_magnitude_series__angle_get_voltage_angle_series,true,GFM,Ybus EMT reconstruction using exact complex bus-voltage phasors when available; otherwise diagnostic fallback
4.77,0.016409422993885592,-0.008581402702107277,0.016409422993885592,-0.008581402702107277,0.016409422993885592,-0.008581402702107277,5.616409422993885,0.9105267812402784,5.6,0.9191081839423857,0.0,0.0,Vmag_get_voltage_magnitude_series__angle_get_voltage_angle_series,true,GFM,Ybus EMT reconstruction using exact complex bus-voltage phasors when available; otherwise diagnostic fallback
4.78,0.016410144676138216,-0.008594377595963931,0.016410144676138216,-0.008594377595963931,0.016410144676138216,-0.008594377595963931,5.616410144676138,0.9105138063464218,5.6,0.9191081839423857,0.0,0.0,Vmag_get_voltage_magnitude_series__angle_get_voltage_angle_series,true,GFM,Ybus EMT reconstruction using exact complex bus-voltage phasors when available; otherwise diagnostic fallback
4.79,0.0164108636855973,-0.008607288828743842,0.0164108636855973,-0.008607288828743842,0.0164108636855973,-0.008607288828743842,5.616410863685597,0.9105008951136419,5.6,0.9191081839423857,0.0,0.0,Vmag_get_voltage_magnitude_series__angle_get_voltage_angle_series,true,GFM,Ybus EMT reconstruction using exact complex bus-voltage phasors when available; otherwise diagnostic fallback
4.8,0.01641157952686534,-0.008620136128926537,0.01641157952686534,-0.008620136128926537,0.01641157952686534,-0.008620136128926537,5.616411579526865,0.9104880478134592,5.6,0.9191081839423857,0.0,0.0,Vmag_get_voltage_magnitude_series__angle_get_voltage_angle_series,true,GFM,Ybus EMT reconstruction using exact complex bus-voltage phasors when available; otherwise diagnostic fallback
4.81,0.01641229168116265,-0.008632919233794945,0.01641229168116265,-0.008632919233794945,0.01641229168116265,-0.008632919233794945,5.616412291681162,0.9104752647085907,5.6,0.9191081839423857,0.0,0.0,Vmag_get_voltage_magnitude_series__angle_get_voltage_angle_series,true,GFM,Ybus EMT reconstruction using exact complex bus-voltage phasors when available; otherwise diagnostic fallback
4.82,0.016412999612079204,-0.008645637889178492,0.016412999612079204,-0.008645637889178492,0.016412999612079204,-0.008645637889178492,5.616412999612079,0.9104625460532072,5.6,0.9191081839423857,0.0,0.0,Vmag_get_voltage_magnitude_series__angle_get_voltage_angle_series,true,GFM,Ybus EMT reconstruction using exact complex bus-voltage phasors when available; otherwise diagnostic fallback
4.83,0.016413702771123084,-0.008658291849463318,0.016413702771123084,-0.008658291849463318,0.016413702771123084,-0.008658291849463318,5.616413702771123,0.9104498920929224,5.6,0.9191081839423857,0.0,0.0,Vmag_get_voltage_magnitude_series__angle_get_voltage_angle_series,true,GFM,Ybus EMT reconstruction using exact complex bus-voltage phasors when available; otherwise diagnostic fallback
4.84,0.01641440060320498,-0.008670880877369447,0.01641440060320498,-0.008670880877369447,0.01641440060320498,-0.008670880877369447,5.616414400603205,0.9104373030650162,5.6,0.9191081839423857,0.0,0.0,Vmag_get_voltage_magnitude_series__angle_get_voltage_angle_series,true,GFM,Ybus EMT reconstruction using exact complex bus-voltage phasors when available; otherwise diagnostic fallback
4.85,0.016415092551858912,-0.008683404743867418,0.016415092551858912,-0.008683404743867418,0.016415092551858912,-0.008683404743867418,5.616415092551859,0.9104247791985183,5.6,0.9191081839423857,0.0,0.0,Vmag_get_voltage_magnitude_series__angle_get_voltage_angle_series,true,GFM,Ybus EMT reconstruction using exact complex bus-voltage phasors when available; otherwise diagnostic fallback
4.86,0.016415778064192033,-0.008695863227894285,0.016415778064192033,-0.008695863227894285,0.016415778064192033,-0.008695863227894285,5.616415778064192,0.9104123207144914,5.6,0.9191081839423857,0.0,0.0,Vmag_get_voltage_magnitude_series__angle_get_voltage_angle_series,true,GFM,Ybus EMT reconstruction using exact complex bus-voltage phasors when available; otherwise diagnostic fallback
4.87,0.01641645659567903,-0.008708256116314206,0.01641645659567903,-0.008708256116314206,0.01641645659567903,-0.008708256116314206,5.616416456595679,0.9103999278260715,5.6,0.9191081839423857,0.0,0.0,Vmag_get_voltage_magnitude_series__angle_get_voltage_angle_series,true,GFM,Ybus EMT reconstruction using exact complex bus-voltage phasors when available; otherwise diagnostic fallback
4.88,0.01641712761449643,-0.008720583203642218,0.01641712761449643,-0.008720583203642218,0.01641712761449643,-0.008720583203642218,5.616417127614496,0.9103876007387435,5.6,0.9191081839423857,0.0,0.0,Vmag_get_voltage_magnitude_series__angle_get_voltage_angle_series,true,GFM,Ybus EMT reconstruction using exact complex bus-voltage phasors when available; otherwise diagnostic fallback
4.89,0.016417790605653515,-0.008732844291947539,0.016417790605653515,-0.008732844291947539,0.016417790605653515,-0.008732844291947539,5.616417790605653,0.9103753396504382,5.6,0.9191081839423857,0.0,0.0,Vmag_get_voltage_magnitude_series__angle_get_voltage_angle_series,true,GFM,Ybus EMT reconstruction using exact complex bus-voltage phasors when available; otherwise diagnostic fallback
4.9,0.016418445074792842,-0.008745039190509174,0.016418445074792842,-0.008745039190509174,0.016418445074792842,-0.008745039190509174,5.6164184450747925,0.9103631447518765,5.6,0.9191081839423857,0.0,0.0,Vmag_get_voltage_magnitude_series__angle_get_voltage_angle_series,true,GFM,Ybus EMT reconstruction using exact complex bus-voltage phasors when available; otherwise diagnostic fallback
4.91,0.016419090551450743,-0.00875716771577284,0.016419090551450743,-0.00875716771577284,0.016419090551450743,-0.00875716771577284,5.61641909055145,0.9103510162266129,5.6,0.9191081839423857,0.0,0.0,Vmag_get_voltage_magnitude_series__angle_get_voltage_angle_series,true,GFM,Ybus EMT reconstruction using exact complex bus-voltage phasors when available; otherwise diagnostic fallback
4.92,0.016419726592140194,-0.00876922969105387,0.016419726592140194,-0.00876922969105387,0.016419726592140194,-0.00876922969105387,5.61641972659214,0.9103389542513318,5.6,0.9191081839423857,0.0,0.0,Vmag_get_voltage_magnitude_series__angle_get_voltage_angle_series,true,GFM,Ybus EMT reconstruction using exact complex bus-voltage phasors when available; otherwise diagnostic fallback
4.93,0.016420352782971825,-0.008781224946389332,0.016420352782971825,-0.008781224946389332,0.016420352782971825,-0.008781224946389332,5.6164203527829715,0.9103269589959964,5.6,0.9191081839423857,0.0,0.0,Vmag_get_voltage_magnitude_series__angle_get_voltage_angle_series,true,GFM,Ybus EMT reconstruction using exact complex bus-voltage phasors when available; otherwise diagnostic fallback
4.94,0.01642096874186727,-0.00879315331829511,0.01642096874186727,-0.00879315331829511,0.01642096874186727,-0.00879315331829511,5.616420968741867,0.9103150306240906,5.6,0.9191081839423857,0.0,0.0,Vmag_get_voltage_magnitude_series__angle_get_voltage_angle_series,true,GFM,Ybus EMT reconstruction using exact complex bus-voltage phasors when available; otherwise diagnostic fallback
4.95,0.016421574120431437,-0.008805014649690412,0.016421574120431437,-0.008805014649690412,0.016421574120431437,-0.008805014649690412,5.616421574120431,0.9103031692926953,5.6,0.9191081839423857,0.0,0.0,Vmag_get_voltage_magnitude_series__angle_get_voltage_angle_series,true,GFM,Ybus EMT reconstruction using exact complex bus-voltage phasors when available; otherwise diagnostic fallback
4.96,0.016422168605424226,-0.008816808789477881,0.016422168605424226,-0.008816808789477881,0.016422168605424226,-0.008816808789477881,5.616422168605424,0.9102913751529078,5.6,0.9191081839423857,0.0,0.0,Vmag_get_voltage_magnitude_series__angle_get_voltage_angle_series,true,GFM,Ybus EMT reconstruction using exact complex bus-voltage phasors when available; otherwise diagnostic fallback
4.97,0.016422751919814793,-0.0088285355926212,0.016422751919814793,-0.0088285355926212,0.016422751919814793,-0.0088285355926212,5.616422751919814,0.9102796483497645,5.6,0.9191081839423857,0.0,0.0,Vmag_get_voltage_magnitude_series__angle_get_voltage_angle_series,true,GFM,Ybus EMT reconstruction using exact complex bus-voltage phasors when available; otherwise diagnostic fallback
4.98,0.016423323823546276,-0.00884019491981114,0.016423323823546276,-0.00884019491981114,0.016423323823546276,-0.00884019491981114,5.616423323823546,0.9102679890225746,5.6,0.9191081839423857,0.0,0.0,Vmag_get_voltage_magnitude_series__angle_get_voltage_angle_series,true,GFM,Ybus EMT reconstruction using exact complex bus-voltage phasors when available; otherwise diagnostic fallback
4.99,0.016423884113879517,-0.008851786637326442,0.016423884113879517,-0.008851786637326442,0.016423884113879517,-0.008851786637326442,5.616423884113879,0.9102563973050593,5.6,0.9191081839423857,0.0,0.0,Vmag_get_voltage_magnitude_series__angle_get_voltage_angle_series,true,GFM,Ybus EMT reconstruction using exact complex bus-voltage phasors when available; otherwise diagnostic fallback
5.0,0.016424432625385066,-0.008863310616853415,0.016424432625385066,-0.008863310616853415,0.016424432625385066,-0.008863310616853415,5.616424432625385,0.9102448733255323,5.6,0.9191081839423857,0.0,0.0,Vmag_get_voltage_magnitude_series__angle_get_voltage_angle_series,true,GFM,Ybus EMT reconstruction using exact complex bus-voltage phasors when available; otherwise diagnostic fallback
5.01,0.016424969229719366,-0.00887476673546217,0.016424969229719366,-0.00887476673546217,0.016424969229719366,-0.00887476673546217,5.616424969229719,0.9102334172069235,5.6,0.9191081839423857,0.0,0.0,Vmag_get_voltage_magnitude_series__angle_get_voltage_angle_series,true,GFM,Ybus EMT reconstruction using exact complex bus-voltage phasors when available; otherwise diagnostic fallback
5.02,0.01642549383494263,-0.008886154875224705,0.01642549383494263,-0.008886154875224705,0.01642549383494263,-0.008886154875224705,5.616425493834942,0.910222029067161,5.6,0.9191081839423857,0.0,0.0,Vmag_get_voltage_magnitude_series__angle_get_voltage_angle_series,true,GFM,Ybus EMT reconstruction using exact complex bus-voltage phasors when available; otherwise diagnostic fallback
5.03,0.016426006384629765,-0.008897474923299842,0.016426006384629765,-0.008897474923299842,0.016426006384629765,-0.008897474923299842,5.616426006384629,0.9102107090190859,5.6,0.9191081839423857,0.0,0.0,Vmag_get_voltage_magnitude_series__angle_get_voltage_angle_series,true,GFM,Ybus EMT reconstruction using exact complex bus-voltage phasors when available; otherwise diagnostic fallback
5.04,0.016426506856759282,-0.00890872677167931,0.016426506856759282,-0.00890872677167931,0.016426506856759282,-0.00890872677167931,5.616426506856759,0.9101994571707064,5.6,0.9191081839423857,0.0,0.0,Vmag_get_voltage_magnitude_series__angle_get_voltage_angle_series,true,GFM,Ybus EMT reconstruction using exact complex bus-voltage phasors when available; otherwise diagnostic fallback
5.05,0.016426995262234456,-0.008919910317194746,0.016426995262234456,-0.008919910317194746,0.016426995262234456,-0.008919910317194746,5.616426995262234,0.910188273625191,5.6,0.9191081839423857,0.0,0.0,Vmag_get_voltage_magnitude_series__angle_get_voltage_angle_series,true,GFM,Ybus EMT reconstruction using exact complex bus-voltage phasors when available; otherwise diagnostic fallback
5.06,0.01642747164337166,-0.008931025461252573,0.01642747164337166,-0.008931025461252573,0.01642747164337166,-0.008931025461252573,5.616427471643371,0.9101771584811331,5.6,0.9191081839423857,0.0,0.0,Vmag_get_voltage_magnitude_series__angle_get_voltage_angle_series,true,GFM,Ybus EMT reconstruction using exact complex bus-voltage phasors when available; otherwise diagnostic fallback
5.07,0.016427936071966798,-0.008942072109877519,0.016427936071966798,-0.008942072109877519,0.016427936071966798,-0.008942072109877519,5.616427936071966,0.9101661118325082,5.6,0.9191081839423857,0.0,0.0,Vmag_get_voltage_magnitude_series__angle_get_voltage_angle_series,true,GFM,Ybus EMT reconstruction using exact complex bus-voltage phasors when available; otherwise diagnostic fallback
5.08,0.016428388647387493,-0.00895305017361181,0.016428388647387493,-0.00895305017361181,0.016428388647387493,-0.00895305017361181,5.616428388647387,0.9101551337687739,5.6,0.9191081839423857,0.0,0.0,Vmag_get_voltage_magnitude_series__angle_get_voltage_angle_series,true,GFM,Ybus EMT reconstruction using exact complex bus-voltage phasors when available; otherwise diagnostic fallback
5.09,0.016428829494506303,-0.008963959567332869,0.016428829494506303,-0.008963959567332869,0.016428829494506303,-0.008963959567332869,5.616428829494506,0.9101442243750528,5.6,0.9191081839423857,0.0,0.0,Vmag_get_voltage_magnitude_series__angle_get_voltage_angle_series,true,GFM,Ybus EMT reconstruction using exact complex bus-voltage phasors when available; otherwise diagnostic fallback
5.1,0.016429258761340826,-0.008974800210348355,0.016429258761340826,-0.008974800210348355,0.016429258761340826,-0.008974800210348355,5.6164292587613405,0.9101333837320373,5.6,0.9191081839423857,0.0,0.0,Vmag_get_voltage_magnitude_series__angle_get_voltage_angle_series,true,GFM,Ybus EMT reconstruction using exact complex bus-voltage phasors when available; otherwise diagnostic fallback
5.11,0.016429676616834143,-0.00898557202624417,0.016429676616834143,-0.00898557202624417,0.016429676616834143,-0.00898557202624417,5.616429676616834,0.9101226119161415,5.6,0.9191081839423857,0.0,0.0,Vmag_get_voltage_magnitude_series__angle_get_voltage_angle_series,true,GFM,Ybus EMT reconstruction using exact complex bus-voltage phasors when available; otherwise diagnostic fallback
5.12,0.016430083248439864,-0.0089962749428949,0.016430083248439864,-0.0089962749428949,0.016430083248439864,-0.0089962749428949,5.6164300832484395,0.9101119089994908,5.6,0.9191081839423857,0.0,0.0,Vmag_get_voltage_magnitude_series__angle_get_voltage_angle_series,true,GFM,Ybus EMT reconstruction using exact complex bus-voltage phasors when available; otherwise diagnostic fallback
5.13,0.016430478859707165,-0.009006908892362886,0.016430478859707165,-0.009006908892362886,0.016430478859707165,-0.009006908892362886,5.616430478859707,0.9101012750500228,5.6,0.9191081839423857,0.0,0.0,Vmag_get_voltage_magnitude_series__angle_get_voltage_angle_series,true,GFM,Ybus EMT reconstruction using exact complex bus-voltage phasors when available; otherwise diagnostic fallback
5.14,0.01643086366780988,-0.00901747381092366,0.01643086366780988,-0.00901747381092366,0.01643086366780988,-0.00901747381092366,5.6164308636678095,0.910090710131462,5.6,0.9191081839423857,0.0,0.0,Vmag_get_voltage_magnitude_series__angle_get_voltage_angle_series,true,GFM,Ybus EMT reconstruction using exact complex bus-voltage phasors when available; otherwise diagnostic fallback
5.15,0.016431237901120888,-0.009027969639086364,0.016431237901120888,-0.009027969639086364,0.016431237901120888,-0.009027969639086364,5.6164312379011205,0.9100802143032993,5.6,0.9191081839423857,0.0,0.0,Vmag_get_voltage_magnitude_series__angle_get_voltage_angle_series,true,GFM,Ybus EMT reconstruction using exact complex bus-voltage phasors when available; otherwise diagnostic fallback
5.16,0.01643160179685843,-0.009038396321491837,0.01643160179685843,-0.009038396321491837,0.01643160179685843,-0.009038396321491837,5.616431601796858,0.9100697876208939,5.6,0.9191081839423857,0.0,0.0,Vmag_get_voltage_magnitude_series__angle_get_voltage_angle_series,true,GFM,Ybus EMT reconstruction using exact complex bus-voltage phasors when available; otherwise diagnostic fallback
5.17,0.016431955598648962,-0.009048753806906507,0.016431955598648962,-0.009048753806906507,0.016431955598648962,-0.009048753806906507,5.616431955598649,0.9100594301354792,5.6,0.9191081839423857,0.0,0.0,Vmag_get_voltage_magnitude_series__angle_get_voltage_angle_series,true,GFM,Ybus EMT reconstruction using exact complex bus-voltage phasors when available; otherwise diagnostic fallback
5.18,0.01643229955427028,-0.009059042048366828,0.01643229955427028,-0.009059042048366828,0.01643229955427028,-0.009059042048366828,5.61643229955427,0.9100491418940189,5.6,0.9191081839423857,0.0,0.0,Vmag_get_voltage_magnitude_series__angle_get_voltage_angle_series,true,GFM,Ybus EMT reconstruction using exact complex bus-voltage phasors when available; otherwise diagnostic fallback
5.19,0.0164326339134524,-0.009069261003073481,0.0164326339134524,-0.009069261003073481,0.0164326339134524,-0.009069261003073481,5.616432633913452,0.9100389229393122,5.6,0.9191081839423857,0.0,0.0,Vmag_get_voltage_magnitude_series__angle_get_voltage_angle_series,true,GFM,Ybus EMT reconstruction using exact complex bus-voltage phasors when available; otherwise diagnostic fallback
5.2,0.016432958925689967,-0.009079410632351959,0.016432958925689967,-0.009079410632351959,0.016432958925689967,-0.009079410632351959,5.61643295892569,0.9100287733100337,5.6,0.9191081839423857,0.0,0.0,Vmag_get_voltage_magnitude_series__angle_get_voltage_angle_series,true,GFM,Ybus EMT reconstruction using exact complex bus-voltage phasors when available; otherwise diagnostic fallback
5.21,0.016433274838338008,-0.009089490901778574,0.016433274838338008,-0.009089490901778574,0.016433274838338008,-0.009089490901778574,5.616433274838338,0.9100186930406071,5.6,0.9191081839423857,0.0,0.0,Vmag_get_voltage_magnitude_series__angle_get_voltage_angle_series,true,GFM,Ybus EMT reconstruction using exact complex bus-voltage phasors when available; otherwise diagnostic fallback
5.22,0.016433581894663263,-0.009099501781169028,0.016433581894663263,-0.009099501781169028,0.016433581894663263,-0.009099501781169028,5.616433581894663,0.9100086821612167,5.6,0.9191081839423857,0.0,0.0,Vmag_get_voltage_magnitude_series__angle_get_voltage_angle_series,true,GFM,Ybus EMT reconstruction using exact complex bus-voltage phasors when available; otherwise diagnostic fallback
5.23,0.016433880332133555,-0.009109443244542326,0.016433880332133555,-0.009109443244542326,0.016433880332133555,-0.009109443244542326,5.616433880332133,0.9099987406978434,5.6,0.9191081839423857,0.0,0.0,Vmag_get_voltage_magnitude_series__angle_get_voltage_angle_series,true,GFM,Ybus EMT reconstruction using exact complex bus-voltage phasors when available; otherwise diagnostic fallback
5.24,0.016434170380804858,-0.00911931527020493,0.016434170380804858,-0.00911931527020493,0.016434170380804858,-0.00911931527020493,5.6164341703808045,0.9099888686721808,5.6,0.9191081839423857,0.0,0.0,Vmag_get_voltage_magnitude_series__angle_get_voltage_angle_series,true,GFM,Ybus EMT reconstruction using exact complex bus-voltage phasors when available; otherwise diagnostic fallback
5.25,0.016434452261858468,-0.009129117840812717,0.016434452261858468,-0.009129117840812717,0.016434452261858468,-0.009129117840812717,5.616434452261858,0.909979066101573,5.6,0.9191081839423857,0.0,0.0,Vmag_get_voltage_magnitude_series__angle_get_voltage_angle_series,true,GFM,Ybus EMT reconstruction using exact complex bus-voltage phasors when available; otherwise diagnostic fallback
5.26,0.01643472618634423,-0.009138850943196108,0.01643472618634423,-0.009138850943196108,0.01643472618634423,-0.009138850943196108,5.616434726186344,0.9099693329991896,5.6,0.9191081839423857,0.0,0.0,Vmag_get_voltage_magnitude_series__angle_get_voltage_angle_series,true,GFM,Ybus EMT reconstruction using exact complex bus-voltage phasors when available; otherwise diagnostic fallback
5.27,0.016434992354008138,-0.00914851456863175,0.016434992354008138,-0.00914851456863175,0.016434992354008138,-0.00914851456863175,5.616434992354008,0.9099596693737539,5.6,0.9191081839423857,0.0,0.0,Vmag_get_voltage_magnitude_series__angle_get_voltage_angle_series,true,GFM,Ybus EMT reconstruction using exact complex bus-voltage phasors when available; otherwise diagnostic fallback
5.28,0.016435250952331337,-0.009158108712773338,0.016435250952331337,-0.009158108712773338,0.016435250952331337,-0.009158108712773338,5.616435250952331,0.9099500752296124,5.6,0.9191081839423857,0.0,0.0,Vmag_get_voltage_magnitude_series__angle_get_voltage_angle_series,true,GFM,Ybus EMT reconstruction using exact complex bus-voltage phasors when available; otherwise diagnostic fallback
5.29,0.01643550215572276,-0.009167633375550488,0.01643550215572276,-0.009167633375550488,0.01643550215572276,-0.009167633375550488,5.616435502155722,0.9099405505668352,5.6,0.9191081839423857,0.0,0.0,Vmag_get_voltage_magnitude_series__angle_get_voltage_angle_series,true,GFM,Ybus EMT reconstruction using exact complex bus-voltage phasors when available; otherwise diagnostic fallback
5.3,0.016435746124884076,-0.009177088561396096,0.016435746124884076,-0.009177088561396096,0.016435746124884076,-0.009177088561396096,5.616435746124884,0.9099310953809896,5.6,0.9191081839423857,0.0,0.0,Vmag_get_voltage_magnitude_series__angle_get_voltage_angle_series,true,GFM,Ybus EMT reconstruction using exact complex bus-voltage phasors when available; otherwise diagnostic fallback
5.31,0.016435983006314103,-0.009186474279092915,0.016435983006314103,-0.009186474279092915,0.016435983006314103,-0.009186474279092915,5.616435983006314,0.9099217096632928,5.6,0.9191081839423857,0.0,0.0,Vmag_get_voltage_magnitude_series__angle_get_voltage_angle_series,true,GFM,Ybus EMT reconstruction using exact complex bus-voltage phasors when available; otherwise diagnostic fallback
5.32,0.016436212931979277,-0.009195790541903559,0.016436212931979277,-0.009195790541903559,0.016436212931979277,-0.009195790541903559,5.616436212931979,0.9099123934004821,5.6,0.9191081839423857,0.0,0.0,Vmag_get_voltage_magnitude_series__angle_get_voltage_angle_series,true,GFM,Ybus EMT reconstruction using exact complex bus-voltage phasors when available; otherwise diagnostic fallback
5.33,0.01643643601911915,-0.009205037367514879,0.01643643601911915,-0.009205037367514879,0.01643643601911915,-0.009205037367514879,5.616436436019119,0.9099031465748708,5.6,0.9191081839423857,0.0,0.0,Vmag_get_voltage_magnitude_series__angle_get_voltage_angle_series,true,GFM,Ybus EMT reconstruction using exact complex bus-voltage phasors when available; otherwise diagnostic fallback
5.34,0.016436652370208193,-0.009214214778067054,0.016436652370208193,-0.009214214778067054,0.016436652370208193,-0.009214214778067054,5.616436652370208,0.9098939691643186,5.6,0.9191081839423857,0.0,0.0,Vmag_get_voltage_magnitude_series__angle_get_voltage_angle_series,true,GFM,Ybus EMT reconstruction using exact complex bus-voltage phasors when available; otherwise diagnostic fallback
5.35,0.016436862073088143,-0.009223322800159806,0.016436862073088143,-0.009223322800159806,0.016436862073088143,-0.009223322800159806,5.616436862073088,0.9098848611422259,5.6,0.9191081839423857,0.0,0.0,Vmag_get_voltage_magnitude_series__angle_get_voltage_angle_series,true,GFM,Ybus EMT reconstruction using exact complex bus-voltage phasors when available; otherwise diagnostic fallback
5.36,0.016437065201156287,-0.009232361464842742,0.016437065201156287,-0.009232361464842742,0.016437065201156287,-0.009232361464842742,5.616437065201156,0.909875822477543,5.6,0.9191081839423857,0.0,0.0,Vmag_get_voltage_magnitude_series__angle_get_voltage_angle_series,true,GFM,Ybus EMT reconstruction using exact complex bus-voltage phasors when available; otherwise diagnostic fallback
5.37,0.0164372618137536,-0.009241330807661985,0.0164372618137536,-0.009241330807661985,0.0164372618137536,-0.009241330807661985,5.616437261813753,0.9098668531347237,5.6,0.9191081839423857,0.0,0.0,Vmag_get_voltage_magnitude_series__angle_get_voltage_angle_series,true,GFM,Ybus EMT reconstruction using exact complex bus-voltage phasors when available; otherwise diagnostic fallback
5.38,0.01643745195660795,-0.009250230868573461,0.01643745195660795,-0.009250230868573461,0.01643745195660795,-0.009250230868573461,5.616437451956608,0.9098579530738122,5.6,0.9191081839423857,0.0,0.0,Vmag_get_voltage_magnitude_series__angle_get_voltage_angle_series,true,GFM,Ybus EMT reconstruction using exact complex bus-voltage phasors when available; otherwise diagnostic fallback
5.39,0.016437635662458483,-0.009259061691993642,0.016437635662458483,-0.009259061691993642,0.016437635662458483,-0.009259061691993642,5.616437635662458,0.909849122250392,5.6,0.9191081839423857,0.0,0.0,Vmag_get_voltage_magnitude_series__angle_get_voltage_angle_series,true,GFM,Ybus EMT reconstruction using exact complex bus-voltage phasors when available; otherwise diagnostic fallback
5.4,0.01643781295164093,-0.009267823326799207,0.01643781295164093,-0.009267823326799207,0.01643781295164093,-0.009267823326799207,5.616437812951641,0.9098403606155865,5.6,0.9191081839423857,0.0,0.0,Vmag_get_voltage_magnitude_series__angle_get_voltage_angle_series,true,GFM,Ybus EMT reconstruction using exact complex bus-voltage phasors when available; otherwise diagnostic fallback
5.41,0.016437983832895853,-0.00927651582621214,0.016437983832895853,-0.00927651582621214,0.016437983832895853,-0.00927651582621214,5.6164379838328955,0.9098316681161736,5.6,0.9191081839423857,0.0,0.0,Vmag_get_voltage_magnitude_series__angle_get_voltage_angle_series,true,GFM,Ybus EMT reconstruction using exact complex bus-voltage phasors when available; otherwise diagnostic fallback
5.42,0.016438148304160016,-0.009285139247873109,0.016438148304160016,-0.009285139247873109,0.016438148304160016,-0.009285139247873109,5.61643814830416,0.9098230446945126,5.6,0.9191081839423857,0.0,0.0,Vmag_get_voltage_magnitude_series__angle_get_voltage_angle_series,true,GFM,Ybus EMT reconstruction using exact complex bus-voltage phasors when available; otherwise diagnostic fallback
5.43,0.016438306353451893,-0.009293693653788293,0.016438306353451893,-0.009293693653788293,0.016438306353451893,-0.009293693653788293,5.6164383063534515,0.9098144902885974,5.6,0.9191081839423857,0.0,0.0,Vmag_get_voltage_magnitude_series__angle_get_voltage_angle_series,true,GFM,Ybus EMT reconstruction using exact complex bus-voltage phasors when available; otherwise diagnostic fallback
5.44,0.016438457959799813,-0.009302179110305286,0.016438457959799813,-0.009302179110305286,0.016438457959799813,-0.009302179110305286,5.6164384579597995,0.9098060048320804,5.6,0.9191081839423857,0.0,0.0,Vmag_get_voltage_magnitude_series__angle_get_voltage_angle_series,true,GFM,Ybus EMT reconstruction using exact complex bus-voltage phasors when available; otherwise diagnostic fallback
5.45,0.016438603094227844,-0.009310595687992307,0.016438603094227844,-0.009310595687992307,0.016438603094227844,-0.009310595687992307,5.6164386030942275,0.9097975882543934,5.6,0.9191081839423857,0.0,0.0,Vmag_get_voltage_magnitude_series__angle_get_voltage_angle_series,true,GFM,Ybus EMT reconstruction using exact complex bus-voltage phasors when available; otherwise diagnostic fallback
5.46,0.016438741720675054,-0.00931894346175055,0.016438741720675054,-0.00931894346175055,0.016438741720675054,-0.00931894346175055,5.616438741720675,0.9097892404806351,5.6,0.9191081839423857,0.0,0.0,Vmag_get_voltage_magnitude_series__angle_get_voltage_angle_series,true,GFM,Ybus EMT reconstruction using exact complex bus-voltage phasors when available; otherwise diagnostic fallback
5.47,0.01643887379714215,-0.00932722251072704,0.01643887379714215,-0.00932722251072704,0.01643887379714215,-0.00932722251072704,5.616438873797142,0.9097809614316587,5.6,0.9191081839423857,0.0,0.0,Vmag_get_voltage_magnitude_series__angle_get_voltage_angle_series,true,GFM,Ybus EMT reconstruction using exact complex bus-voltage phasors when available; otherwise diagnostic fallback
5.48,0.016438999276576993,-0.009335432918114006,0.016438999276576993,-0.009335432918114006,0.016438999276576993,-0.009335432918114006,5.616438999276577,0.9097727510242717,5.6,0.9191081839423857,0.0,0.0,Vmag_get_voltage_magnitude_series__angle_get_voltage_angle_series,true,GFM,Ybus EMT reconstruction using exact complex bus-voltage phasors when available; otherwise diagnostic fallback
5.49,0.01643911810798926,-0.009343574771330632,0.01643911810798926,-0.009343574771330632,0.01643911810798926,-0.009343574771330632,5.616439118107989,0.9097646091710551,5.6,0.9191081839423857,0.0,0.0,Vmag_get_voltage_magnitude_series__angle_get_voltage_angle_series,true,GFM,Ybus EMT reconstruction using exact complex bus-voltage phasors when available; otherwise diagnostic fallback
5.5,0.01643923023741145,-0.009351648161804671,0.01643923023741145,-0.009351648161804671,0.01643923023741145,-0.009351648161804671,5.616439230237411,0.909756535780581,5.6,0.9191081839423857,0.0,0.0,Vmag_get_voltage_magnitude_series__angle_get_voltage_angle_series,true,GFM,Ybus EMT reconstruction using exact complex bus-voltage phasors when available; otherwise diagnostic fallback
5.51,0.016439335608943395,-0.009359653185036398,0.016439335608943395,-0.009359653185036398,0.016439335608943395,-0.009359653185036398,5.616439335608943,0.9097485307573493,5.6,0.9191081839423857,0.0,0.0,Vmag_get_voltage_magnitude_series__angle_get_voltage_angle_series,true,GFM,Ybus EMT reconstruction using exact complex bus-voltage phasors when available; otherwise diagnostic fallback
5.52,0.016439434165657296,-0.00936758994048592,0.016439434165657296,-0.00936758994048592,0.016439434165657296,-0.00936758994048592,5.616439434165657,0.9097405940018998,5.6,0.9191081839423857,0.0,0.0,Vmag_get_voltage_magnitude_series__angle_get_voltage_angle_series,true,GFM,Ybus EMT reconstruction using exact complex bus-voltage phasors when available; otherwise diagnostic fallback
5.53,0.016439525850573844,-0.009375458531454162,0.016439525850573844,-0.009375458531454162,0.016439525850573844,-0.009375458531454162,5.6164395258505735,0.9097327254109315,5.6,0.9191081839423857,0.0,0.0,Vmag_get_voltage_magnitude_series__angle_get_voltage_angle_series,true,GFM,Ybus EMT reconstruction using exact complex bus-voltage phasors when available; otherwise diagnostic fallback
5.54,0.016439610607480226,-0.009383259065152583,0.016439610607480226,-0.009383259065152583,0.016439610607480226,-0.009383259065152583,5.61643961060748,0.9097249248772331,5.6,0.9191081839423857,0.0,0.0,Vmag_get_voltage_magnitude_series__angle_get_voltage_angle_series,true,GFM,Ybus EMT reconstruction using exact complex bus-voltage phasors when available; otherwise diagnostic fallback
5.55,0.016439688381862716,-0.00939099165257351,0.016439688381862716,-0.00939099165257351,0.016439688381862716,-0.00939099165257351,5.616439688381862,0.9097171922898122,5.6,0.9191081839423857,0.0,0.0,Vmag_get_voltage_magnitude_series__angle_get_voltage_angle_series,true,GFM,Ybus EMT reconstruction using exact complex bus-voltage phasors when available; otherwise diagnostic fallback
5.56,0.016439759121650077,-0.0093986564084515,0.016439759121650077,-0.0093986564084515,0.016439759121650077,-0.0093986564084515,5.61643975912165,0.9097095275339342,5.6,0.9191081839423857,0.0,0.0,Vmag_get_voltage_magnitude_series__angle_get_voltage_angle_series,true,GFM,Ybus EMT reconstruction using exact complex bus-voltage phasors when available; otherwise diagnostic fallback
5.57,0.016439822777930324,-0.009406253451119784,0.016439822777930324,-0.009406253451119784,0.016439822777930324,-0.009406253451119784,5.61643982277793,0.9097019304912659,5.6,0.9191081839423857,0.0,0.0,Vmag_get_voltage_magnitude_series__angle_get_voltage_angle_series,true,GFM,Ybus EMT reconstruction using exact complex bus-voltage phasors when available; otherwise diagnostic fallback
5.58,0.016439879305671923,-0.009413782902547685,0.016439879305671923,-0.009413782902547685,0.016439879305671923,-0.009413782902547685,5.616439879305672,0.909694401039838,5.6,0.9191081839423857,0.0,0.0,Vmag_get_voltage_magnitude_series__angle_get_voltage_angle_series,true,GFM,Ybus EMT reconstruction using exact complex bus-voltage phasors when available; otherwise diagnostic fallback
5.59,0.01643992866426025,-0.009421244888268565,0.01643992866426025,-0.009421244888268565,0.01643992866426025,-0.009421244888268565,5.61643992866426,0.9096869390541171,5.6,0.9191081839423857,0.0,0.0,Vmag_get_voltage_magnitude_series__angle_get_voltage_angle_series,true,GFM,Ybus EMT reconstruction using exact complex bus-voltage phasors when available; otherwise diagnostic fallback
5.6,0.01643997081812465,-0.009428639537299777,0.01643997081812465,-0.009428639537299777,0.01643997081812465,-0.009428639537299777,5.616439970818124,0.9096795444050859,5.6,0.9191081839423857,0.0,0.0,Vmag_get_voltage_magnitude_series__angle_get_voltage_angle_series,true,GFM,Ybus EMT reconstruction using exact complex bus-voltage phasors when available; otherwise diagnostic fallback
5.61,0.016440005737101693,-0.009435966981992672,0.016440005737101693,-0.009435966981992672,0.016440005737101693,-0.009435966981992672,5.616440005737101,0.909672216960393,5.6,0.9191081839423857,0.0,0.0,Vmag_get_voltage_magnitude_series__angle_get_voltage_angle_series,true,GFM,Ybus EMT reconstruction using exact complex bus-voltage phasors when available; otherwise diagnostic fallback
5.62,0.016440033396969866,-0.009443227358136297,0.016440033396969866,-0.009443227358136297,0.016440033396969866,-0.009443227358136297,5.6164400333969695,0.9096649565842494,5.6,0.9191081839423857,0.0,0.0,Vmag_get_voltage_magnitude_series__angle_get_voltage_angle_series,true,GFM,Ybus EMT reconstruction using exact complex bus-voltage phasors when available; otherwise diagnostic fallback
5.63,0.01644005377967961,-0.00945042080480929,0.01644005377967961,-0.00945042080480929,0.01644005377967961,-0.00945042080480929,5.616440053779679,0.9096577631375764,5.6,0.9191081839423857,0.0,0.0,Vmag_get_voltage_magnitude_series__angle_get_voltage_angle_series,true,GFM,Ybus EMT reconstruction using exact complex bus-voltage phasors when available; otherwise diagnostic fallback
5.64,0.016440066873651737,-0.009457547464209903,0.016440066873651737,-0.009457547464209903,0.016440066873651737,-0.009457547464209903,5.616440066873651,0.9096506364781758,5.6,0.9191081839423857,0.0,0.0,Vmag_get_voltage_magnitude_series__angle_get_voltage_angle_series,true,GFM,Ybus EMT reconstruction using exact complex bus-voltage phasors when available; otherwise diagnostic fallback
5.65,0.016440072673986172,-0.009464607481823095,0.016440072673986172,-0.009464607481823095,0.016440072673986172,-0.009464607481823095,5.616440072673986,0.9096435764605626,5.6,0.9191081839423857,0.0,0.0,Vmag_get_voltage_magnitude_series__angle_get_voltage_angle_series,true,GFM,Ybus EMT reconstruction using exact complex bus-voltage phasors when available; otherwise diagnostic fallback
5.66,0.01644007118257118,-0.00947160100617761,0.01644007118257118,-0.00947160100617761,0.01644007118257118,-0.00947160100617761,5.616440071182571,0.9096365829362081,5.6,0.9191081839423857,0.0,0.0,Vmag_get_voltage_magnitude_series__angle_get_voltage_angle_series,true,GFM,Ybus EMT reconstruction using exact complex bus-voltage phasors when available; otherwise diagnostic fallback
5.67,0.016440062408181078,-0.00947852818888617,0.016440062408181078,-0.00947852818888617,0.016440062408181078,-0.00947852818888617,5.616440062408181,0.9096296557534995,5.6,0.9191081839423857,0.0,0.0,Vmag_get_voltage_magnitude_series__angle_get_voltage_angle_series,true,GFM,Ybus EMT reconstruction using exact complex bus-voltage phasors when available; otherwise diagnostic fallback
5.68,0.016440046366435368,-0.009485389184585857,0.016440046366435368,-0.009485389184585857,0.016440046366435368,-0.009485389184585857,5.616440046366435,0.9096227947577998,5.6,0.9191081839423857,0.0,0.0,Vmag_get_voltage_magnitude_series__angle_get_voltage_angle_series,true,GFM,Ybus EMT reconstruction using exact complex bus-voltage phasors when available; otherwise diagnostic fallback
5.69,0.016440023079784538,-0.009492184150747485,0.016440023079784538,-0.009492184150747485,0.016440023079784538,-0.009492184150747485,5.616440023079784,0.9096159997916382,5.6,0.9191081839423857,0.0,0.0,Vmag_get_voltage_magnitude_series__angle_get_voltage_angle_series,true,GFM,Ybus EMT reconstruction using exact complex bus-voltage phasors when available; otherwise diagnostic fallback
5.7,0.01643999257736173,-0.009498913247844465,0.01643999257736173,-0.009498913247844465,0.01643999257736173,-0.009498913247844465,5.616439992577361,0.9096092706945412,5.6,0.9191081839423857,0.0,0.0,Vmag_get_voltage_magnitude_series__angle_get_voltage_angle_series,true,GFM,Ybus EMT reconstruction using exact complex bus-voltage phasors when available; otherwise diagnostic fallback
5.71,0.016439954894845954,-0.009505576639155744,0.016439954894845954,-0.009505576639155744,0.016439954894845954,-0.009505576639155744,5.616439954894846,0.90960260730323,5.6,0.9191081839423857,0.0,0.0,Vmag_get_voltage_magnitude_series__angle_get_voltage_angle_series,true,GFM,Ybus EMT reconstruction using exact complex bus-voltage phasors when available; otherwise diagnostic fallback
5.72,0.016439910074233843,-0.00951217449064623,0.016439910074233843,-0.00951217449064623,0.016439910074233843,-0.00951217449064623,5.6164399100742335,0.9095960094517395,5.6,0.9191081839423857,0.0,0.0,Vmag_get_voltage_magnitude_series__angle_get_voltage_angle_series,true,GFM,Ybus EMT reconstruction using exact complex bus-voltage phasors when available; otherwise diagnostic fallback
5.73,0.01643985816358029,-0.009518706971210933,0.01643985816358029,-0.009518706971210933,0.01643985816358029,-0.009518706971210933,5.61643985816358,0.9095894769711748,5.6,0.9191081839423857,0.0,0.0,Vmag_get_voltage_magnitude_series__angle_get_voltage_angle_series,true,GFM,Ybus EMT reconstruction using exact complex bus-voltage phasors when available; otherwise diagnostic fallback
5.74,0.016439799216713347,-0.009525174252305812,0.016439799216713347,-0.009525174252305812,0.016439799216713347,-0.009525174252305812,5.616439799216713,0.9095830096900799,5.6,0.9191081839423857,0.0,0.0,Vmag_get_voltage_magnitude_series__angle_get_voltage_angle_series,true,GFM,Ybus EMT reconstruction using exact complex bus-voltage phasors when available; otherwise diagnostic fallback
5.75,0.016439733292893166,-0.009531576508023387,0.016439733292893166,-0.009531576508023387,0.016439733292893166,-0.009531576508023387,5.616439733292893,0.9095766074343623,5.6,0.9191081839423857,0.0,0.0,Vmag_get_voltage_magnitude_series__angle_get_voltage_angle_series,true,GFM,Ybus EMT reconstruction using exact complex bus-voltage phasors when available; otherwise diagnostic fallback
5.76,0.01643966045643097,-0.009537913915153351,0.01643966045643097,-0.009537913915153351,0.01643966045643097,-0.009537913915153351,5.616439660456431,0.9095702700272323,5.6,0.9191081839423857,0.0,0.0,Vmag_get_voltage_magnitude_series__angle_get_voltage_angle_series,true,GFM,Ybus EMT reconstruction using exact complex bus-voltage phasors when available; otherwise diagnostic fallback
5.77,0.016439580776317797,-0.009544186652957865,0.016439580776317797,-0.009544186652957865,0.016439580776317797,-0.009544186652957865,5.616439580776317,0.9095639972894278,5.6,0.9191081839423857,0.0,0.0,Vmag_get_voltage_magnitude_series__angle_get_voltage_angle_series,true,GFM,Ybus EMT reconstruction using exact complex bus-voltage phasors when available; otherwise diagnostic fallback
5.78,0.01643949432581504,-0.009550394903335313,0.01643949432581504,-0.009550394903335313,0.01643949432581504,-0.009550394903335313,5.616439494325815,0.9095577890390504,5.6,0.9191081839423857,0.0,0.0,Vmag_get_voltage_magnitude_series__angle_get_voltage_angle_series,true,GFM,Ybus EMT reconstruction using exact complex bus-voltage phasors when available; otherwise diagnostic fallback
5.79,0.0164394011820459,-0.009556538850569063,0.0164394011820459,-0.009556538850569063,0.0164394011820459,-0.009556538850569063,5.6164394011820455,0.9095516450918166,5.6,0.9191081839423857,0.0,0.0,Vmag_get_voltage_magnitude_series__angle_get_voltage_angle_series,true,GFM,Ybus EMT reconstruction using exact complex bus-voltage phasors when available; otherwise diagnostic fallback
5.8,0.016439301425489106,-0.009562618681459356,0.016439301425489106,-0.009562618681459356,0.016439301425489106,-0.009562618681459356,5.616439301425489,0.9095455652609263,5.6,0.9191081839423857,0.0,0.0,Vmag_get_voltage_magnitude_series__angle_get_voltage_angle_series,true,GFM,Ybus EMT reconstruction using exact complex bus-voltage phasors when available; otherwise diagnostic fallback
5.81,0.01643919513961123,-0.009568634585183866,0.01643919513961123,-0.009568634585183866,0.01643919513961123,-0.009568634585183866,5.616439195139611,0.9095395493572018,5.6,0.9191081839423857,0.0,0.0,Vmag_get_voltage_magnitude_series__angle_get_voltage_angle_series,true,GFM,Ybus EMT reconstruction using exact complex bus-voltage phasors when available; otherwise diagnostic fallback
5.82,0.01643908241032843,-0.009574586753364422,0.01643908241032843,-0.009574586753364422,0.01643908241032843,-0.009574586753364422,5.616439082410328,0.9095335971890213,5.6,0.9191081839423857,0.0,0.0,Vmag_get_voltage_magnitude_series__angle_get_voltage_angle_series,true,GFM,Ybus EMT reconstruction using exact complex bus-voltage phasors when available; otherwise diagnostic fallback
5.83,0.01643896332562189,-0.009580475379904363,0.01643896332562189,-0.009580475379904363,0.01643896332562189,-0.009580475379904363,5.6164389633256215,0.9095277085624813,5.6,0.9191081839423857,0.0,0.0,Vmag_get_voltage_magnitude_series__angle_get_voltage_angle_series,true,GFM,Ybus EMT reconstruction using exact complex bus-voltage phasors when available; otherwise diagnostic fallback
5.84,0.01643883797505108,-0.009586300661151737,0.01643883797505108,-0.009586300661151737,0.01643883797505108,-0.009586300661151737,5.616438837975051,0.909521883281234,5.6,0.9191081839423857,0.0,0.0,Vmag_get_voltage_magnitude_series__angle_get_voltage_angle_series,true,GFM,Ybus EMT reconstruction using exact complex bus-voltage phasors when available; otherwise diagnostic fallback
5.85,0.016438706449340756,-0.009592062795580225,0.016438706449340756,-0.009592062795580225,0.016438706449340756,-0.009592062795580225,5.61643870644934,0.9095161211468055,5.6,0.9191081839423857,0.0,0.0,Vmag_get_voltage_magnitude_series__angle_get_voltage_angle_series,true,GFM,Ybus EMT reconstruction using exact complex bus-voltage phasors when available; otherwise diagnostic fallback
5.86,0.016438568839952872,-0.009597761984101116,0.016438568839952872,-0.009597761984101116,0.016438568839952872,-0.009597761984101116,5.6164385688399525,0.9095104219582846,5.6,0.9191081839423857,0.0,0.0,Vmag_get_voltage_magnitude_series__angle_get_voltage_angle_series,true,GFM,Ybus EMT reconstruction using exact complex bus-voltage phasors when available; otherwise diagnostic fallback
5.87,0.01643842523865402,-0.009603398429761323,0.01643842523865402,-0.009603398429761323,0.01643842523865402,-0.009603398429761323,5.616438425238654,0.9095047855126244,5.6,0.9191081839423857,0.0,0.0,Vmag_get_voltage_magnitude_series__angle_get_voltage_angle_series,true,GFM,Ybus EMT reconstruction using exact complex bus-voltage phasors when available; otherwise diagnostic fallback
5.88,0.016438275737112207,-0.009608972337851074,0.016438275737112207,-0.009608972337851074,0.016438275737112207,-0.009608972337851074,5.616438275737112,0.9094992116045346,5.6,0.9191081839423857,0.0,0.0,Vmag_get_voltage_magnitude_series__angle_get_voltage_angle_series,true,GFM,Ybus EMT reconstruction using exact complex bus-voltage phasors when available; otherwise diagnostic fallback
5.89,0.01643812042659576,-0.009614483915909022,0.01643812042659576,-0.009614483915909022,0.01643812042659576,-0.009614483915909022,5.616438120426595,0.9094937000264767,5.6,0.9191081839423857,0.0,0.0,Vmag_get_voltage_magnitude_series__angle_get_voltage_angle_series,true,GFM,Ybus EMT reconstruction using exact complex bus-voltage phasors when available; otherwise diagnostic fallback
5.9,0.016437959397500812,-0.009619933373521516,0.016437959397500812,-0.009619933373521516,0.016437959397500812,-0.009619933373521516,5.6164379593975005,0.9094882505688642,5.6,0.9191081839423857,0.0,0.0,Vmag_get_voltage_magnitude_series__angle_get_voltage_angle_series,true,GFM,Ybus EMT reconstruction using exact complex bus-voltage phasors when available; otherwise diagnostic fallback
5.91,0.016437792739163903,-0.009625320922560188,0.016437792739163903,-0.009625320922560188,0.016437792739163903,-0.009625320922560188,5.6164377927391635,0.9094828630198255,5.6,0.9191081839423857,0.0,0.0,Vmag_get_voltage_magnitude_series__angle_get_voltage_angle_series,true,GFM,Ybus EMT reconstruction using exact complex bus-voltage phasors when available; otherwise diagnostic fallback
5.92,0.016437620539426767,-0.009630646776869312,0.016437620539426767,-0.009630646776869312,0.016437620539426767,-0.009630646776869312,5.616437620539426,0.9094775371655164,5.6,0.9191081839423857,0.0,0.0,Vmag_get_voltage_magnitude_series__angle_get_voltage_angle_series,true,GFM,Ybus EMT reconstruction using exact complex bus-voltage phasors when available; otherwise diagnostic fallback
5.93,0.016437442884468467,-0.009635911152531262,0.016437442884468467,-0.009635911152531262,0.016437442884468467,-0.009635911152531262,5.616437442884468,0.9094722727898544,5.6,0.9191081839423857,0.0,0.0,Vmag_get_voltage_magnitude_series__angle_get_voltage_angle_series,true,GFM,Ybus EMT reconstruction using exact complex bus-voltage phasors when available; otherwise diagnostic fallback
5.94,0.0164372598584821,-0.009641114267515571,0.0164372598584821,-0.009641114267515571,0.0164372598584821,-0.009641114267515571,5.616437259858482,0.9094670696748701,5.6,0.9191081839423857,0.0,0.0,Vmag_get_voltage_magnitude_series__angle_get_voltage_angle_series,true,GFM,Ybus EMT reconstruction using exact complex bus-voltage phasors when available; otherwise diagnostic fallback
5.95,0.016437071543530912,-0.009646256342079274,0.016437071543530912,-0.009646256342079274,0.016437071543530912,-0.009646256342079274,5.616437071543531,0.9094619276003064,5.6,0.9191081839423857,0.0,0.0,Vmag_get_voltage_magnitude_series__angle_get_voltage_angle_series,true,GFM,Ybus EMT reconstruction using exact complex bus-voltage phasors when available; otherwise diagnostic fallback
5.96,0.016436878019322698,-0.009651337598264531,0.016436878019322698,-0.009651337598264531,0.016436878019322698,-0.009651337598264531,5.616436878019322,0.9094568463441212,5.6,0.9191081839423857,0.0,0.0,Vmag_get_voltage_magnitude_series__angle_get_voltage_angle_series,true,GFM,Ybus EMT reconstruction using exact complex bus-voltage phasors when available; otherwise diagnostic fallback
5.97,0.01643667936307569,-0.009656358260273223,0.01643667936307569,-0.009656358260273223,0.01643667936307569,-0.009656358260273223,5.616436679363075,0.9094518256821125,5.6,0.9191081839423857,0.0,0.0,Vmag_get_voltage_magnitude_series__angle_get_voltage_angle_series,true,GFM,Ybus EMT reconstruction using exact complex bus-voltage phasors when available; otherwise diagnostic fallback
5.98,0.016436475649366677,-0.009661318554225251,0.016436475649366677,-0.009661318554225251,0.016436475649366677,-0.009661318554225251,5.616436475649366,0.9094468653881604,5.6,0.9191081839423857,0.0,0.0,Vmag_get_voltage_magnitude_series__angle_get_voltage_angle_series,true,GFM,Ybus EMT reconstruction using exact complex bus-voltage phasors when available; otherwise diagnostic fallback
5.99,0.016436266950073275,-0.009666218708162644,0.016436266950073275,-0.009666218708162644,0.016436266950073275,-0.009666218708162644,5.616436266950073,0.909441965234223,5.6,0.9191081839423857,0.0,0.0,Vmag_get_voltage_magnitude_series__angle_get_voltage_angle_series,true,GFM,Ybus EMT reconstruction using exact complex bus-voltage phasors when available; otherwise diagnostic fallback
6.0,0.016436053334276224,-0.00967105895213638,0.016436053334276224,-0.00967105895213638,0.016436053334276224,-0.00967105895213638,5.616436053334276,0.9094371249902493,5.6,0.9191081839423857,0.0,0.0,Vmag_get_voltage_magnitude_series__angle_get_voltage_angle_series,true,GFM,Ybus EMT reconstruction using exact complex bus-voltage phasors when available; otherwise diagnostic fallback
6.01,0.016435834868247845,-0.009675839518039187,0.016435834868247845,-0.009675839518039187,0.016435834868247845,-0.009675839518039187,5.6164358348682475,0.9094323444243465,5.6,0.9191081839423857,0.0,0.0,Vmag_get_voltage_magnitude_series__angle_get_voltage_angle_series,true,GFM,Ybus EMT reconstruction using exact complex bus-voltage phasors when available; otherwise diagnostic fallback
6.02,0.016435611615433388,-0.00968056063970757,0.016435611615433388,-0.00968056063970757,0.016435611615433388,-0.00968056063970757,5.616435611615433,0.9094276233026781,5.6,0.9191081839423857,0.0,0.0,Vmag_get_voltage_magnitude_series__angle_get_voltage_angle_series,true,GFM,Ybus EMT reconstruction using exact complex bus-voltage phasors when available; otherwise diagnostic fallback
6.03,0.016435383636459022,-0.009685222552704986,0.016435383636459022,-0.009685222552704986,0.016435383636459022,-0.009685222552704986,5.616435383636459,0.9094229613896807,5.6,0.9191081839423857,0.0,0.0,Vmag_get_voltage_magnitude_series__angle_get_voltage_angle_series,true,GFM,Ybus EMT reconstruction using exact complex bus-voltage phasors when available; otherwise diagnostic fallback
6.04,0.016435150989178915,-0.00968982549455355,0.016435150989178915,-0.00968982549455355,0.016435150989178915,-0.00968982549455355,5.616435150989179,0.9094183584478321,5.6,0.9191081839423857,0.0,0.0,Vmag_get_voltage_magnitude_series__angle_get_voltage_angle_series,true,GFM,Ybus EMT reconstruction using exact complex bus-voltage phasors when available; otherwise diagnostic fallback
6.05,0.016434913728748057,-0.009694369704516093,0.016434913728748057,-0.009694369704516093,0.016434913728748057,-0.009694369704516093,5.616434913728748,0.9094138142378696,5.6,0.9191081839423857,0.0,0.0,Vmag_get_voltage_magnitude_series__angle_get_voltage_angle_series,true,GFM,Ybus EMT reconstruction using exact complex bus-voltage phasors when available; otherwise diagnostic fallback
6.06,0.016434671907692433,-0.009698855423623032,0.016434671907692433,-0.009698855423623032,0.016434671907692433,-0.009698855423623032,5.616434671907692,0.9094093285187627,5.6,0.9191081839423857,0.0,0.0,Vmag_get_voltage_magnitude_series__angle_get_voltage_angle_series,true,GFM,Ybus EMT reconstruction using exact complex bus-voltage phasors when available; otherwise diagnostic fallback
6.07,0.016434425576018263,-0.009703282894710452,0.016434425576018263,-0.009703282894710452,0.016434425576018263,-0.009703282894710452,5.616434425576018,0.9094049010476752,5.6,0.9191081839423857,0.0,0.0,Vmag_get_voltage_magnitude_series__angle_get_voltage_angle_series,true,GFM,Ybus EMT reconstruction using exact complex bus-voltage phasors when available; otherwise diagnostic fallback
6.08,0.016434174781355892,-0.009707652362233365,0.016434174781355892,-0.009707652362233365,0.016434174781355892,-0.009707652362233365,5.6164341747813555,0.9094005315801523,5.6,0.9191081839423857,0.0,0.0,Vmag_get_voltage_magnitude_series__angle_get_voltage_angle_series,true,GFM,Ybus EMT reconstruction using exact complex bus-voltage phasors when available; otherwise diagnostic fallback
6.09,0.016433919569042388,-0.009711964072472656,0.016433919569042388,-0.009711964072472656,0.016433919569042388,-0.009711964072472656,5.616433919569042,0.909396219869913,5.6,0.9191081839423857,0.0,0.0,Vmag_get_voltage_magnitude_series__angle_get_voltage_angle_series,true,GFM,Ybus EMT reconstruction using exact complex bus-voltage phasors when available; otherwise diagnostic fallback
6.1,0.016433659982334703,-0.009716218273242427,0.016433659982334703,-0.009716218273242427,0.016433659982334703,-0.009716218273242427,5.616433659982334,0.9093919656691433,5.6,0.9191081839423857,0.0,0.0,Vmag_get_voltage_magnitude_series__angle_get_voltage_angle_series,true,GFM,Ybus EMT reconstruction using exact complex bus-voltage phasors when available; otherwise diagnostic fallback
6.11,0.01643339606252603,-0.009720415214044764,0.01643339606252603,-0.009720415214044764,0.01643339606252603,-0.009720415214044764,5.616433396062526,0.9093877687283409,5.6,0.9191081839423857,0.0,0.0,Vmag_get_voltage_magnitude_series__angle_get_voltage_angle_series,true,GFM,Ybus EMT reconstruction using exact complex bus-voltage phasors when available; otherwise diagnostic fallback
6.12,0.01643312784912787,-0.009724555146008784,0.01643312784912787,-0.009724555146008784,0.01643312784912787,-0.009724555146008784,5.6164331278491275,0.9093836287963769,5.6,0.9191081839423857,0.0,0.0,Vmag_get_voltage_magnitude_series__angle_get_voltage_angle_series,true,GFM,Ybus EMT reconstruction using exact complex bus-voltage phasors when available; otherwise diagnostic fallback
6.13,0.01643285538009298,-0.00972863832178239,0.01643285538009298,-0.00972863832178239,0.01643285538009298,-0.00972863832178239,5.616432855380093,0.9093795456206033,5.6,0.9191081839423857,0.0,0.0,Vmag_get_voltage_magnitude_series__angle_get_voltage_angle_series,true,GFM,Ybus EMT reconstruction using exact complex bus-voltage phasors when available; otherwise diagnostic fallback
6.14,0.016432578691947697,-0.00973266499556813,0.016432578691947697,-0.00973266499556813,0.016432578691947697,-0.00973266499556813,5.616432578691947,0.9093755189468176,5.6,0.9191081839423857,0.0,0.0,Vmag_get_voltage_magnitude_series__angle_get_voltage_angle_series,true,GFM,Ybus EMT reconstruction using exact complex bus-voltage phasors when available; otherwise diagnostic fallback
6.15,0.01643229781994293,-0.009736635423163498,0.01643229781994293,-0.009736635423163498,0.01643229781994293,-0.009736635423163498,5.616432297819943,0.9093715485192222,5.6,0.9191081839423857,0.0,0.0,Vmag_get_voltage_magnitude_series__angle_get_voltage_angle_series,true,GFM,Ybus EMT reconstruction using exact complex bus-voltage phasors when available; otherwise diagnostic fallback
6.16,0.01643201279839257,-0.009740549861728787,0.01643201279839257,-0.009740549861728787,0.01643201279839257,-0.009740549861728787,5.616432012798392,0.9093676340806569,5.6,0.9191081839423857,0.0,0.0,Vmag_get_voltage_magnitude_series__angle_get_voltage_angle_series,true,GFM,Ybus EMT reconstruction using exact complex bus-voltage phasors when available; otherwise diagnostic fallback
6.17,0.016431723660676134,-0.009744408569893115,0.016431723660676134,-0.009744408569893115,0.016431723660676134,-0.009744408569893115,5.616431723660676,0.9093637753724926,5.6,0.9191081839423857,0.0,0.0,Vmag_get_voltage_magnitude_series__angle_get_voltage_angle_series,true,GFM,Ybus EMT reconstruction using exact complex bus-voltage phasors when available; otherwise diagnostic fallback
6.18,0.016431430439569183,-0.009748211807736662,0.016431430439569183,-0.009748211807736662,0.016431430439569183,-0.009748211807736662,5.616431430439569,0.909359972134649,5.6,0.9191081839423857,0.0,0.0,Vmag_get_voltage_magnitude_series__angle_get_voltage_angle_series,true,GFM,Ybus EMT reconstruction using exact complex bus-voltage phasors when available; otherwise diagnostic fallback
6.19,0.01643113316738809,-0.00975195983671695,0.01643113316738809,-0.00975195983671695,0.01643113316738809,-0.00975195983671695,5.616431133167388,0.9093562241056687,5.6,0.9191081839423857,0.0,0.0,Vmag_get_voltage_magnitude_series__angle_get_voltage_angle_series,true,GFM,Ybus EMT reconstruction using exact complex bus-voltage phasors when available; otherwise diagnostic fallback
6.2,0.016430831876103724,-0.009755652919605118,0.016430831876103724,-0.009755652919605118,0.016430831876103724,-0.009755652919605118,5.616430831876103,0.9093525310227806,5.6,0.9191081839423857,0.0,0.0,Vmag_get_voltage_magnitude_series__angle_get_voltage_angle_series,true,GFM,Ybus EMT reconstruction using exact complex bus-voltage phasors when available; otherwise diagnostic fallback
6.21,0.016430526597600803,-0.009759291320534547,0.016430526597600803,-0.009759291320534547,0.016430526597600803,-0.009759291320534547,5.6164305265976004,0.9093488926218511,5.6,0.9191081839423857,0.0,0.0,Vmag_get_voltage_magnitude_series__angle_get_voltage_angle_series,true,GFM,Ybus EMT reconstruction using exact complex bus-voltage phasors when available; otherwise diagnostic fallback
6.22,0.01643021736380934,-0.009762875304876961,0.01643021736380934,-0.009762875304876961,0.01643021736380934,-0.009762875304876961,5.616430217363809,0.9093453086375087,5.6,0.9191081839423857,0.0,0.0,Vmag_get_voltage_magnitude_series__angle_get_voltage_angle_series,true,GFM,Ybus EMT reconstruction using exact complex bus-voltage phasors when available; otherwise diagnostic fallback
6.23,0.016429904206828994,-0.009766405139312373,0.016429904206828994,-0.009766405139312373,0.016429904206828994,-0.009766405139312373,5.616429904206829,0.9093417788030733,5.6,0.9191081839423857,0.0,0.0,Vmag_get_voltage_magnitude_series__angle_get_voltage_angle_series,true,GFM,Ybus EMT reconstruction using exact complex bus-voltage phasors when available; otherwise diagnostic fallback
6.24,0.016429587159142223,-0.009769881091633015,0.016429587159142223,-0.009769881091633015,0.016429587159142223,-0.009769881091633015,5.616429587159142,0.9093383028507527,5.6,0.9191081839423857,0.0,0.0,Vmag_get_voltage_magnitude_series__angle_get_voltage_angle_series,true,GFM,Ybus EMT reconstruction using exact complex bus-voltage phasors when available; otherwise diagnostic fallback
6.25,0.016429266253721764,-0.009773303430918423,0.016429266253721764,-0.009773303430918423,0.016429266253721764,-0.009773303430918423,5.616429266253721,0.9093348805114673,5.6,0.9191081839423857,0.0,0.0,Vmag_get_voltage_magnitude_series__angle_get_voltage_angle_series,true,GFM,Ybus EMT reconstruction using exact complex bus-voltage phasors when available; otherwise diagnostic fallback
6.26,0.016428941524094576,-0.009776672427361133,0.016428941524094576,-0.009776672427361133,0.016428941524094576,-0.009776672427361133,5.616428941524094,0.9093315115150246,5.6,0.9191081839423857,0.0,0.0,Vmag_get_voltage_magnitude_series__angle_get_voltage_angle_series,true,GFM,Ybus EMT reconstruction using exact complex bus-voltage phasors when available; otherwise diagnostic fallback
6.27,0.016428613004550563,-0.009779988352263458,0.016428613004550563,-0.009779988352263458,0.016428613004550563,-0.009779988352263458,5.61642861300455,0.9093281955901222,5.6,0.9191081839423857,0.0,0.0,Vmag_get_voltage_magnitude_series__angle_get_voltage_angle_series,true,GFM,Ybus EMT reconstruction using exact complex bus-voltage phasors when available; otherwise diagnostic fallback
6.28,0.01642828073016034,-0.009783251478003963,0.01642828073016034,-0.009783251478003963,0.01642828073016034,-0.009783251478003963,5.61642828073016,0.9093249324643817,5.6,0.9191081839423857,0.0,0.0,Vmag_get_voltage_magnitude_series__angle_get_voltage_angle_series,true,GFM,Ybus EMT reconstruction using exact complex bus-voltage phasors when available; otherwise diagnostic fallback
6.29,0.016427944736934208,-0.009786462078056668,0.016427944736934208,-0.009786462078056668,0.016427944736934208,-0.009786462078056668,5.616427944736934,0.909321721864329,5.6,0.9191081839423857,0.0,0.0,Vmag_get_voltage_magnitude_series__angle_get_voltage_angle_series,true,GFM,Ybus EMT reconstruction using exact complex bus-voltage phasors when available; otherwise diagnostic fallback
6.3,0.016427605061821282,-0.009789620426832513,0.016427605061821282,-0.009789620426832513,0.016427605061821282,-0.009789620426832513,5.616427605061821,0.9093185635155532,5.6,0.9191081839423857,0.0,0.0,Vmag_get_voltage_magnitude_series__angle_get_voltage_angle_series,true,GFM,Ybus EMT reconstruction using exact complex bus-voltage phasors when available; otherwise diagnostic fallback
6.31,0.016427261742842703,-0.009792726799823792,0.016427261742842703,-0.009792726799823792,0.016427261742842703,-0.009792726799823792,5.616427261742842,0.9093154571425619,5.6,0.9191081839423857,0.0,0.0,Vmag_get_voltage_magnitude_series__angle_get_voltage_angle_series,true,GFM,Ybus EMT reconstruction using exact complex bus-voltage phasors when available; otherwise diagnostic fallback
6.32,0.01642691481909786,-0.009795781473418974,0.01642691481909786,-0.009795781473418974,0.01642691481909786,-0.009795781473418974,5.6164269148190975,0.9093124024689667,5.6,0.9191081839423857,0.0,0.0,Vmag_get_voltage_magnitude_series__angle_get_voltage_angle_series,true,GFM,Ybus EMT reconstruction using exact complex bus-voltage phasors when available; otherwise diagnostic fallback
6.33,0.016426564330777715,-0.009798784724944443,0.016426564330777715,-0.009798784724944443,0.016426564330777715,-0.009798784724944443,5.616426564330777,0.9093093992174412,5.6,0.9191081839423857,0.0,0.0,Vmag_get_voltage_magnitude_series__angle_get_voltage_angle_series,true,GFM,Ybus EMT reconstruction using exact complex bus-voltage phasors when available; otherwise diagnostic fallback
6.34,0.016426210319218093,-0.009801736832580565,0.016426210319218093,-0.009801736832580565,0.016426210319218093,-0.009801736832580565,5.616426210319218,0.9093064471098051,5.6,0.9191081839423857,0.0,0.0,Vmag_get_voltage_magnitude_series__angle_get_voltage_angle_series,true,GFM,Ybus EMT reconstruction using exact complex bus-voltage phasors when available; otherwise diagnostic fallback
6.35,0.01642585282691389,-0.009804638075498917,0.01642585282691389,-0.009804638075498917,0.01642585282691389,-0.009804638075498917,5.6164258528269135,0.9093035458668868,5.6,0.9191081839423857,0.0,0.0,Vmag_get_voltage_magnitude_series__angle_get_voltage_angle_series,true,GFM,Ybus EMT reconstruction using exact complex bus-voltage phasors when available; otherwise diagnostic fallback
6.36,0.016425491897524402,-0.00980748873354298,0.016425491897524402,-0.00980748873354298,0.016425491897524402,-0.00980748873354298,5.616425491897524,0.9093006952088427,5.6,0.9191081839423857,0.0,0.0,Vmag_get_voltage_magnitude_series__angle_get_voltage_angle_series,true,GFM,Ybus EMT reconstruction using exact complex bus-voltage phasors when available; otherwise diagnostic fallback
6.37,0.016425127575798726,-0.009810289087437196,0.016425127575798726,-0.009810289087437196,0.016425127575798726,-0.009810289087437196,5.616425127575798,0.9092978948549485,5.6,0.9191081839423857,0.0,0.0,Vmag_get_voltage_magnitude_series__angle_get_voltage_angle_series,true,GFM,Ybus EMT reconstruction using exact complex bus-voltage phasors when available; otherwise diagnostic fallback
6.38,0.016424759907670783,-0.009813039418703373,0.016424759907670783,-0.009813039418703373,0.016424759907670783,-0.009813039418703373,5.61642475990767,0.9092951445236823,5.6,0.9191081839423857,0.0,0.0,Vmag_get_voltage_magnitude_series__angle_get_voltage_angle_series,true,GFM,Ybus EMT reconstruction using exact complex bus-voltage phasors when available; otherwise diagnostic fallback
6.39,0.016424388940055046,-0.009815740009543217,0.016424388940055046,-0.009815740009543217,0.016424388940055046,-0.009815740009543217,5.616424388940055,0.9092924439328425,5.6,0.9191081839423857,0.0,0.0,Vmag_get_voltage_magnitude_series__angle_get_voltage_angle_series,true,GFM,Ybus EMT reconstruction using exact complex bus-voltage phasors when available; otherwise diagnostic fallback
6.4,0.016424014720962887,-0.009818391142918381,0.016424014720962887,-0.009818391142918381,0.016424014720962887,-0.009818391142918381,5.6164240147209625,0.9092897927994673,5.6,0.9191081839423857,0.0,0.0,Vmag_get_voltage_magnitude_series__angle_get_voltage_angle_series,true,GFM,Ybus EMT reconstruction using exact complex bus-voltage phasors when available; otherwise diagnostic fallback
6.41,0.016423637299377347,-0.009820993102438114,0.016423637299377347,-0.009820993102438114,0.016423637299377347,-0.009820993102438114,5.616423637299377,0.9092871908399476,5.6,0.9191081839423857,0.0,0.0,Vmag_get_voltage_magnitude_series__angle_get_voltage_angle_series,true,GFM,Ybus EMT reconstruction using exact complex bus-voltage phasors when available; otherwise diagnostic fallback
6.42,0.016423256725160762,-0.009823546172435527,0.016423256725160762,-0.009823546172435527,0.016423256725160762,-0.009823546172435527,5.61642325672516,0.9092846377699502,5.6,0.9191081839423857,0.0,0.0,Vmag_get_voltage_magnitude_series__angle_get_voltage_angle_series,true,GFM,Ybus EMT reconstruction using exact complex bus-voltage phasors when available; otherwise diagnostic fallback
6.43,0.016422873049064535,-0.009826050637777639,0.016422873049064535,-0.009826050637777639,0.016422873049064535,-0.009826050637777639,5.616422873049064,0.909282133304608,5.6,0.9191081839423857,0.0,0.0,Vmag_get_voltage_magnitude_series__angle_get_voltage_angle_series,true,GFM,Ybus EMT reconstruction using exact complex bus-voltage phasors when available; otherwise diagnostic fallback
6.44,0.016422486322637653,-0.009828506784041235,0.016422486322637653,-0.009828506784041235,0.016422486322637653,-0.009828506784041235,5.616422486322637,0.9092796771583445,5.6,0.9191081839423857,0.0,0.0,Vmag_get_voltage_magnitude_series__angle_get_voltage_angle_series,true,GFM,Ybus EMT reconstruction using exact complex bus-voltage phasors when available; otherwise diagnostic fallback
6.45,0.0164220965980979,-0.009830914897300036,0.0164220965980979,-0.009830914897300036,0.0164220965980979,-0.009830914897300036,5.6164220965980975,0.9092772690450857,5.6,0.9191081839423857,0.0,0.0,Vmag_get_voltage_magnitude_series__angle_get_voltage_angle_series,true,GFM,Ybus EMT reconstruction using exact complex bus-voltage phasors when available; otherwise diagnostic fallback
6.46,0.01642170392832032,-0.009833275264258257,0.01642170392832032,-0.009833275264258257,0.01642170392832032,-0.009833275264258257,5.61642170392832,0.9092749086781274,5.6,0.9191081839423857,0.0,0.0,Vmag_get_voltage_magnitude_series__angle_get_voltage_angle_series,true,GFM,Ybus EMT reconstruction using exact complex bus-voltage phasors when available; otherwise diagnostic fallback
6.47,0.016421308366696863,-0.00983558817205854,0.016421308366696863,-0.00983558817205854,0.016421308366696863,-0.00983558817205854,5.6164213083666965,0.9092725957703272,5.6,0.9191081839423857,0.0,0.0,Vmag_get_voltage_magnitude_series__angle_get_voltage_angle_series,true,GFM,Ybus EMT reconstruction using exact complex bus-voltage phasors when available; otherwise diagnostic fallback
6.48,0.016420909967115982,-0.009837853908436833,0.016420909967115982,-0.009837853908436833,0.016420909967115982,-0.009837853908436833,5.616420909967116,0.9092703300339489,5.6,0.9191081839423857,0.0,0.0,Vmag_get_voltage_magnitude_series__angle_get_voltage_angle_series,true,GFM,Ybus EMT reconstruction using exact complex bus-voltage phasors when available; otherwise diagnostic fallback
6.49,0.016420508783796528,-0.009840072761535867,0.016420508783796528,-0.009840072761535867,0.016420508783796528,-0.009840072761535867,5.616420508783796,0.9092681111808498,5.6,0.9191081839423857,0.0,0.0,Vmag_get_voltage_magnitude_series__angle_get_voltage_angle_series,true,GFM,Ybus EMT reconstruction using exact complex bus-voltage phasors when available; otherwise diagnostic fallback
6.5,0.016420104871254892,-0.009842245020009188,0.016420104871254892,-0.009842245020009188,0.016420104871254892,-0.009842245020009188,5.6164201048712545,0.9092659389223765,5.6,0.9191081839423857,0.0,0.0,Vmag_get_voltage_magnitude_series__angle_get_voltage_angle_series,true,GFM,Ybus EMT reconstruction using exact complex bus-voltage phasors when available; otherwise diagnostic fallback
6.51,0.016419698284173556,-0.009844370972907579,0.016419698284173556,-0.009844370972907579,0.016419698284173556,-0.009844370972907579,5.616419698284173,0.9092638129694781,5.6,0.9191081839423857,0.0,0.0,Vmag_get_voltage_magnitude_series__angle_get_voltage_angle_series,true,GFM,Ybus EMT reconstruction using exact complex bus-voltage phasors when available; otherwise diagnostic fallback
6.52,0.01641928907739132,-0.009846450909665516,0.01641928907739132,-0.009846450909665516,0.01641928907739132,-0.009846450909665516,5.616419289077391,0.9092617330327202,5.6,0.9191081839423857,0.0,0.0,Vmag_get_voltage_magnitude_series__angle_get_voltage_angle_series,true,GFM,Ybus EMT reconstruction using exact complex bus-voltage phasors when available; otherwise diagnostic fallback
6.53,0.016418877305720336,-0.00984848512017178,0.016418877305720336,-0.00984848512017178,0.016418877305720336,-0.00984848512017178,5.61641887730572,0.9092596988222139,5.6,0.9191081839423857,0.0,0.0,Vmag_get_voltage_magnitude_series__angle_get_voltage_angle_series,true,GFM,Ybus EMT reconstruction using exact complex bus-voltage phasors when available; otherwise diagnostic fallback
6.54,0.016418463023917695,-0.009850473894619793,0.016418463023917695,-0.009850473894619793,0.016418463023917695,-0.009850473894619793,5.616418463023917,0.9092577100477659,5.6,0.9191081839423857,0.0,0.0,Vmag_get_voltage_magnitude_series__angle_get_voltage_angle_series,true,GFM,Ybus EMT reconstruction using exact complex bus-voltage phasors when available; otherwise diagnostic fallback
6.55,0.016418046286609034,-0.00985241752360888,0.016418046286609034,-0.00985241752360888,0.016418046286609034,-0.00985241752360888,5.616418046286609,0.9092557664187768,5.6,0.9191081839423857,0.0,0.0,Vmag_get_voltage_magnitude_series__angle_get_voltage_angle_series,true,GFM,Ybus EMT reconstruction using exact complex bus-voltage phasors when available; otherwise diagnostic fallback
6.56,0.01641762714821482,-0.009854316297955079,0.01641762714821482,-0.009854316297955079,0.01641762714821482,-0.009854316297955079,5.6164176271482145,0.9092538676444306,5.6,0.9191081839423857,0.0,0.0,Vmag_get_voltage_magnitude_series__angle_get_voltage_angle_series,true,GFM,Ybus EMT reconstruction using exact complex bus-voltage phasors when available; otherwise diagnostic fallback
6.57,0.01641720566284377,-0.009856170508883877,0.01641720566284377,-0.009856170508883877,0.01641720566284377,-0.009856170508883877,5.616417205662843,0.9092520134335018,5.6,0.9191081839423857,0.0,0.0,Vmag_get_voltage_magnitude_series__angle_get_voltage_angle_series,true,GFM,Ybus EMT reconstruction using exact complex bus-voltage phasors when available; otherwise diagnostic fallback
6.58,0.016416781884251996,-0.009857980447798842,0.016416781884251996,-0.009857980447798842,0.016416781884251996,-0.009857980447798842,5.616416781884252,0.9092502034945869,5.6,0.9191081839423857,0.0,0.0,Vmag_get_voltage_magnitude_series__angle_get_voltage_angle_series,true,GFM,Ybus EMT reconstruction using exact complex bus-voltage phasors when available; otherwise diagnostic fallback
6.59,0.01641635586574175,-0.00985974640640086,0.01641635586574175,-0.00985974640640086,0.01641635586574175,-0.00985974640640086,5.616416355865741,0.9092484375359848,5.6,0.9191081839423857,0.0,0.0,Vmag_get_voltage_magnitude_series__angle_get_voltage_angle_series,true,GFM,Ybus EMT reconstruction using exact complex bus-voltage phasors when available; otherwise diagnostic fallback
6.6,0.016415927660150764,-0.009861468676644836,0.016415927660150764,-0.009861468676644836,0.016415927660150764,-0.009861468676644836,5.61641592766015,0.9092467152657409,5.6,0.9191081839423857,0.0,0.0,Vmag_get_voltage_magnitude_series__angle_get_voltage_angle_series,true,GFM,Ybus EMT reconstruction using exact complex bus-voltage phasors when available; otherwise diagnostic fallback
6.61,0.016415497319788308,-0.009863147550683737,0.016415497319788308,-0.009863147550683737,0.016415497319788308,-0.009863147550683737,5.616415497319788,0.909245036391702,5.6,0.9191081839423857,0.0,0.0,Vmag_get_voltage_magnitude_series__angle_get_voltage_angle_series,true,GFM,Ybus EMT reconstruction using exact complex bus-voltage phasors when available; otherwise diagnostic fallback
6.62,0.016415064896381004,-0.009864783320849946,0.016415064896381004,-0.009864783320849946,0.016415064896381004,-0.009864783320849946,5.616415064896381,0.9092434006215357,5.6,0.9191081839423857,0.0,0.0,Vmag_get_voltage_magnitude_series__angle_get_voltage_angle_series,true,GFM,Ybus EMT reconstruction using exact complex bus-voltage phasors when available; otherwise diagnostic fallback
6.63,0.01641463044102931,-0.009866376279667022,0.01641463044102931,-0.009866376279667022,0.01641463044102931,-0.009866376279667022,5.616414630441029,0.9092418076627187,5.6,0.9191081839423857,0.0,0.0,Vmag_get_voltage_magnitude_series__angle_get_voltage_angle_series,true,GFM,Ybus EMT reconstruction using exact complex bus-voltage phasors when available; otherwise diagnostic fallback
6.64,0.016414194004158666,-0.009867926719795528,0.016414194004158666,-0.009867926719795528,0.016414194004158666,-0.009867926719795528,5.616414194004158,0.9092402572225902,5.6,0.9191081839423857,0.0,0.0,Vmag_get_voltage_magnitude_series__angle_get_voltage_angle_series,true,GFM,Ybus EMT reconstruction using exact complex bus-voltage phasors when available; otherwise diagnostic fallback
6.65,0.016413755635492855,-0.009869434934012822,0.016413755635492855,-0.009869434934012822,0.016413755635492855,-0.009869434934012822,5.6164137556354925,0.9092387490083729,5.6,0.9191081839423857,0.0,0.0,Vmag_get_voltage_magnitude_series__angle_get_voltage_angle_series,true,GFM,Ybus EMT reconstruction using exact complex bus-voltage phasors when available; otherwise diagnostic fallback
6.66,0.01641331538410462,-0.00987090121523515,0.01641331538410462,-0.00987090121523515,0.01641331538410462,-0.00987090121523515,5.616413315384104,0.9092372827271505,5.6,0.9191081839423857,0.0,0.0,Vmag_get_voltage_magnitude_series__angle_get_voltage_angle_series,true,GFM,Ybus EMT reconstruction using exact complex bus-voltage phasors when available; otherwise diagnostic fallback
6.67,0.01641287329825225,-0.009872325856513653,0.01641287329825225,-0.009872325856513653,0.01641287329825225,-0.009872325856513653,5.616412873298252,0.909235858085872,5.6,0.9191081839423857,0.0,0.0,Vmag_get_voltage_magnitude_series__angle_get_voltage_angle_series,true,GFM,Ybus EMT reconstruction using exact complex bus-voltage phasors when available; otherwise diagnostic fallback
6.68,0.016412429425505692,-0.00987370915086605,0.016412429425505692,-0.00987370915086605,0.016412429425505692,-0.00987370915086605,5.616412429425505,0.9092344747915196,5.6,0.9191081839423857,0.0,0.0,Vmag_get_voltage_magnitude_series__angle_get_voltage_angle_series,true,GFM,Ybus EMT reconstruction using exact complex bus-voltage phasors when available; otherwise diagnostic fallback
6.69,0.01641198381264619,-0.009875051391464607,0.01641198381264619,-0.009875051391464607,0.01641198381264619,-0.009875051391464607,5.616411983812646,0.9092331325509211,5.6,0.9191081839423857,0.0,0.0,Vmag_get_voltage_magnitude_series__angle_get_voltage_angle_series,true,GFM,Ybus EMT reconstruction using exact complex bus-voltage phasors when available; otherwise diagnostic fallback
6.7,0.0164115365057107,-0.009876352871469263,0.0164115365057107,-0.009876352871469263,0.0164115365057107,-0.009876352871469263,5.61641153650571,0.9092318310709164,5.6,0.9191081839423857,0.0,0.0,Vmag_get_voltage_magnitude_series__angle_get_voltage_angle_series,true,GFM,Ybus EMT reconstruction using exact complex bus-voltage phasors when available; otherwise diagnostic fallback
6.71,0.016411087549968784,-0.009877613884040515,0.016411087549968784,-0.009877613884040515,0.016411087549968784,-0.009877613884040515,5.616411087549968,0.9092305700583452,5.6,0.9191081839423857,0.0,0.0,Vmag_get_voltage_magnitude_series__angle_get_voltage_angle_series,true,GFM,Ybus EMT reconstruction using exact complex bus-voltage phasors when available; otherwise diagnostic fallback
6.72,0.016410636989932392,-0.009878834722324314,0.016410636989932392,-0.009878834722324314,0.016410636989932392,-0.009878834722324314,5.616410636989932,0.9092293492200614,5.6,0.9191081839423857,0.0,0.0,Vmag_get_voltage_magnitude_series__angle_get_voltage_angle_series,true,GFM,Ybus EMT reconstruction using exact complex bus-voltage phasors when available; otherwise diagnostic fallback
6.73,0.01641018486942425,-0.009880015679557208,0.01641018486942425,-0.009880015679557208,0.01641018486942425,-0.009880015679557208,5.616410184869424,0.9092281682628285,5.6,0.9191081839423857,0.0,0.0,Vmag_get_voltage_magnitude_series__angle_get_voltage_angle_series,true,GFM,Ybus EMT reconstruction using exact complex bus-voltage phasors when available; otherwise diagnostic fallback
6.74,0.016409731231504132,-0.009881157048775902,0.016409731231504132,-0.009881157048775902,0.016409731231504132,-0.009881157048775902,5.616409731231504,0.9092270268936098,5.6,0.9191081839423857,0.0,0.0,Vmag_get_voltage_magnitude_series__angle_get_voltage_angle_series,true,GFM,Ybus EMT reconstruction using exact complex bus-voltage phasors when available; otherwise diagnostic fallback
6.75,0.016409276118552363,-0.009882259123083048,0.016409276118552363,-0.009882259123083048,0.016409276118552363,-0.009882259123083048,5.616409276118552,0.9092259248193026,5.6,0.9191081839423857,0.0,0.0,Vmag_get_voltage_magnitude_series__angle_get_voltage_angle_series,true,GFM,Ybus EMT reconstruction using exact complex bus-voltage phasors when available; otherwise diagnostic fallback
6.76,0.016408819572256483,-0.009883322195394784,0.016408819572256483,-0.009883322195394784,0.016408819572256483,-0.009883322195394784,5.616408819572256,0.9092248617469909,5.6,0.9191081839423857,0.0,0.0,Vmag_get_voltage_magnitude_series__angle_get_voltage_angle_series,true,GFM,Ybus EMT reconstruction using exact complex bus-voltage phasors when available; otherwise diagnostic fallback
6.77,0.016408361633645008,-0.009884346558613255,0.016408361633645008,-0.009884346558613255,0.016408361633645008,-0.009884346558613255,5.616408361633645,0.9092238373837724,5.6,0.9191081839423857,0.0,0.0,Vmag_get_voltage_magnitude_series__angle_get_voltage_angle_series,true,GFM,Ybus EMT reconstruction using exact complex bus-voltage phasors when available; otherwise diagnostic fallback
6.78,0.01640790234315226,-0.009885332505495614,0.01640790234315226,-0.009885332505495614,0.01640790234315226,-0.009885332505495614,5.616407902343152,0.9092228514368901,5.6,0.9191081839423857,0.0,0.0,Vmag_get_voltage_magnitude_series__angle_get_voltage_angle_series,true,GFM,Ybus EMT reconstruction using exact complex bus-voltage phasors when available; otherwise diagnostic fallback
6.79,0.0164074417405784,-0.00988628032861183,0.0164074417405784,-0.00988628032861183,0.0164074417405784,-0.00988628032861183,5.616407441740578,0.9092219036137739,5.6,0.9191081839423857,0.0,0.0,Vmag_get_voltage_magnitude_series__angle_get_voltage_angle_series,true,GFM,Ybus EMT reconstruction using exact complex bus-voltage phasors when available; otherwise diagnostic fallback
6.8,0.016406979865191573,-0.009887190320467476,0.016406979865191573,-0.009887190320467476,0.016406979865191573,-0.009887190320467476,5.616406979865191,0.9092209936219182,5.6,0.9191081839423857,0.0,0.0,Vmag_get_voltage_magnitude_series__angle_get_voltage_angle_series,true,GFM,Ybus EMT reconstruction using exact complex bus-voltage phasors when available; otherwise diagnostic fallback
6.81,0.016406516755743894,-0.009888062773318884,0.016406516755743894,-0.009888062773318884,0.016406516755743894,-0.009888062773318884,5.6164065167557435,0.9092201211690668,5.6,0.9191081839423857,0.0,0.0,Vmag_get_voltage_magnitude_series__angle_get_voltage_angle_series,true,GFM,Ybus EMT reconstruction using exact complex bus-voltage phasors when available; otherwise diagnostic fallback
6.82,0.016406052450451014,-0.009888897979286937,0.016406052450451014,-0.009888897979286937,0.016406052450451014,-0.009888897979286937,5.616406052450451,0.9092192859630988,5.6,0.9191081839423857,0.0,0.0,Vmag_get_voltage_magnitude_series__angle_get_voltage_angle_series,true,GFM,Ybus EMT reconstruction using exact complex bus-voltage phasors when available; otherwise diagnostic fallback
6.83,0.016405586987105814,-0.009889696230206302,0.016405586987105814,-0.009889696230206302,0.016405586987105814,-0.009889696230206302,5.6164055869871055,0.9092184877121794,5.6,0.9191081839423857,0.0,0.0,Vmag_get_voltage_magnitude_series__angle_get_voltage_angle_series,true,GFM,Ybus EMT reconstruction using exact complex bus-voltage phasors when available; otherwise diagnostic fallback
6.84,0.016405120403069517,-0.009890457817747333,0.016405120403069517,-0.009890457817747333,0.016405120403069517,-0.009890457817747333,5.616405120403069,0.9092177261246384,5.6,0.9191081839423857,0.0,0.0,Vmag_get_voltage_magnitude_series__angle_get_voltage_angle_series,true,GFM,Ybus EMT reconstruction using exact complex bus-voltage phasors when available; otherwise diagnostic fallback
6.85,0.016404652735332093,-0.009891183033304274,0.016404652735332093,-0.009891183033304274,0.016404652735332093,-0.009891183033304274,5.616404652735332,0.9092170009090814,5.6,0.9191081839423857,0.0,0.0,Vmag_get_voltage_magnitude_series__angle_get_voltage_angle_series,true,GFM,Ybus EMT reconstruction using exact complex bus-voltage phasors when available; otherwise diagnostic fallback
6.86,0.016404184020493595,-0.009891872168026117,0.016404184020493595,-0.009891872168026117,0.016404184020493595,-0.009891872168026117,5.616404184020493,0.9092163117743596,5.6,0.9191081839423857,0.0,0.0,Vmag_get_voltage_magnitude_series__angle_get_voltage_angle_series,true,GFM,Ybus EMT reconstruction using exact complex bus-voltage phasors when available; otherwise diagnostic fallback
6.87,0.01640371429487697,-0.009892525512759653,0.01640371429487697,-0.009892525512759653,0.01640371429487697,-0.009892525512759653,5.616403714294877,0.909215658429626,5.6,0.9191081839423857,0.0,0.0,Vmag_get_voltage_magnitude_series__angle_get_voltage_angle_series,true,GFM,Ybus EMT reconstruction using exact complex bus-voltage phasors when available; otherwise diagnostic fallback
6.88,0.01640324359447476,-0.009893143358025935,0.01640324359447476,-0.009893143358025935,0.01640324359447476,-0.009893143358025935,5.616403243594474,0.9092150405843598,5.6,0.9191081839423857,0.0,0.0,Vmag_get_voltage_magnitude_series__angle_get_voltage_angle_series,true,GFM,Ybus EMT reconstruction using exact complex bus-voltage phasors when available; otherwise diagnostic fallback
6.89,0.016402771955092987,-0.009893725994087776,0.016402771955092987,-0.009893725994087776,0.016402771955092987,-0.009893725994087776,5.616402771955093,0.9092144579482979,5.6,0.9191081839423857,0.0,0.0,Vmag_get_voltage_magnitude_series__angle_get_voltage_angle_series,true,GFM,Ybus EMT reconstruction using exact complex bus-voltage phasors when available; otherwise diagnostic fallback
6.9,0.016402299412267674,-0.009894273710791546,0.016402299412267674,-0.009894273710791546,0.016402299412267674,-0.009894273710791546,5.616402299412267,0.9092139102315941,5.6,0.9191081839423857,0.0,0.0,Vmag_get_voltage_magnitude_series__angle_get_voltage_angle_series,true,GFM,Ybus EMT reconstruction using exact complex bus-voltage phasors when available; otherwise diagnostic fallback
6.91,0.016401826001374076,-0.009894786797694732,0.016401826001374076,-0.009894786797694732,0.016401826001374076,-0.009894786797694732,5.616401826001374,0.909213397144691,5.6,0.9191081839423857,0.0,0.0,Vmag_get_voltage_magnitude_series__angle_get_voltage_angle_series,true,GFM,Ybus EMT reconstruction using exact complex bus-voltage phasors when available; otherwise diagnostic fallback
6.92,0.01640135175758939,-0.00989526554396003,0.01640135175758939,-0.00989526554396003,0.01640135175758939,-0.00989526554396003,5.616401351757589,0.9092129183984257,5.6,0.9191081839423857,0.0,0.0,Vmag_get_voltage_magnitude_series__angle_get_voltage_angle_series,true,GFM,Ybus EMT reconstruction using exact complex bus-voltage phasors when available; otherwise diagnostic fallback
6.93,0.0164008767160162,-0.00989571023834579,0.0164008767160162,-0.00989571023834579,0.0164008767160162,-0.00989571023834579,5.616400876716016,0.9092124737040399,5.6,0.9191081839423857,0.0,0.0,Vmag_get_voltage_magnitude_series__angle_get_voltage_angle_series,true,GFM,Ybus EMT reconstruction using exact complex bus-voltage phasors when available; otherwise diagnostic fallback
6.94,0.01640040091156969,-0.009896121169226002,0.01640040091156969,-0.009896121169226002,0.01640040091156969,-0.009896121169226002,5.616400400911569,0.9092120627731597,5.6,0.9191081839423857,0.0,0.0,Vmag_get_voltage_magnitude_series__angle_get_voltage_angle_series,true,GFM,Ybus EMT reconstruction using exact complex bus-voltage phasors when available; otherwise diagnostic fallback
6.95,0.01639992437914728,-0.009896498624517247,0.01639992437914728,-0.009896498624517247,0.01639992437914728,-0.009896498624517247,5.616399924379147,0.9092116853178684,5.6,0.9191081839423857,0.0,0.0,Vmag_get_voltage_magnitude_series__angle_get_voltage_angle_series,true,GFM,Ybus EMT reconstruction using exact complex bus-voltage phasors when available; otherwise diagnostic fallback
6.96,0.016399447153514046,-0.009896842891727875,0.016399447153514046,-0.009896842891727875,0.016399447153514046,-0.009896842891727875,5.616399447153514,0.9092113410506578,5.6,0.9191081839423857,0.0,0.0,Vmag_get_voltage_magnitude_series__angle_get_voltage_angle_series,true,GFM,Ybus EMT reconstruction using exact complex bus-voltage phasors when available; otherwise diagnostic fallback
6.97,0.016398969269389774,-0.009897154257886065,0.016398969269389774,-0.009897154257886065,0.016398969269389774,-0.009897154257886065,5.616398969269389,0.9092110296844996,5.6,0.9191081839423857,0.0,0.0,Vmag_get_voltage_magnitude_series__angle_get_voltage_angle_series,true,GFM,Ybus EMT reconstruction using exact complex bus-voltage phasors when available; otherwise diagnostic fallback
6.98,0.016398490761454276,-0.009897433009548151,0.016398490761454276,-0.009897433009548151,0.016398490761454276,-0.009897433009548151,5.616398490761454,0.9092107509328375,5.6,0.9191081839423857,0.0,0.0,Vmag_get_voltage_magnitude_series__angle_get_voltage_angle_series,true,GFM,Ybus EMT reconstruction using exact complex bus-voltage phasors when available; otherwise diagnostic fallback
6.99,0.01639801166433763,-0.009897679432808948,0.01639801166433763,-0.009897679432808948,0.01639801166433763,-0.009897679432808948,5.616398011664337,0.9092105045095767,5.6,0.9191081839423857,0.0,0.0,Vmag_get_voltage_magnitude_series__angle_get_voltage_angle_series,true,GFM,Ybus EMT reconstruction using exact complex bus-voltage phasors when available; otherwise diagnostic fallback
7.0,0.016397532012683236,-0.009897893813226366,0.016397532012683236,-0.009897893813226366,0.016397532012683236,-0.009897893813226366,5.616397532012683,0.9092102901291593,5.6,0.9191081839423857,0.0,0.0,Vmag_get_voltage_magnitude_series__angle_get_voltage_angle_series,true,GFM,Ybus EMT reconstruction using exact complex bus-voltage phasors when available; otherwise diagnostic fallback
7.01,0.016397051841080312,-0.009898076435851721,0.016397051841080312,-0.009898076435851721,0.016397051841080312,-0.009898076435851721,5.61639705184108,0.909210107506534,5.6,0.9191081839423857,0.0,0.0,Vmag_get_voltage_magnitude_series__angle_get_voltage_angle_series,true,GFM,Ybus EMT reconstruction using exact complex bus-voltage phasors when available; otherwise diagnostic fallback
7.02,0.016396571184107422,-0.00989822758511727,0.016396571184107422,-0.00989822758511727,0.016396571184107422,-0.00989822758511727,5.616396571184107,0.9092099563572684,5.6,0.9191081839423857,0.0,0.0,Vmag_get_voltage_magnitude_series__angle_get_voltage_angle_series,true,GFM,Ybus EMT reconstruction using exact complex bus-voltage phasors when available; otherwise diagnostic fallback
7.03,0.01639609007634757,-0.009898347545053698,0.01639609007634757,-0.009898347545053698,0.01639609007634757,-0.009898347545053698,5.616396090076347,0.909209836397332,5.6,0.9191081839423857,0.0,0.0,Vmag_get_voltage_magnitude_series__angle_get_voltage_angle_series,true,GFM,Ybus EMT reconstruction using exact complex bus-voltage phasors when available; otherwise diagnostic fallback
7.04,0.01639560855233757,-0.00989843659899392,0.01639560855233757,-0.00989843659899392,0.01639560855233757,-0.00989843659899392,5.616395608552337,0.9092097473433918,5.6,0.9191081839423857,0.0,0.0,Vmag_get_voltage_magnitude_series__angle_get_voltage_angle_series,true,GFM,Ybus EMT reconstruction using exact complex bus-voltage phasors when available; otherwise diagnostic fallback
7.05,0.016395126646608027,-0.009898495029769694,0.016395126646608027,-0.009898495029769694,0.016395126646608027,-0.009898495029769694,5.616395126646608,0.909209688912616,5.6,0.9191081839423857,0.0,0.0,Vmag_get_voltage_magnitude_series__angle_get_voltage_angle_series,true,GFM,Ybus EMT reconstruction using exact complex bus-voltage phasors when available; otherwise diagnostic fallback
7.06,0.016394644393667335,-0.009898523119553748,0.016394644393667335,-0.009898523119553748,0.016394644393667335,-0.009898523119553748,5.616394644393667,0.9092096608228319,5.6,0.9191081839423857,0.0,0.0,Vmag_get_voltage_magnitude_series__angle_get_voltage_angle_series,true,GFM,Ybus EMT reconstruction using exact complex bus-voltage phasors when available; otherwise diagnostic fallback
7.07,0.016394161827996356,-0.009898521149928619,0.016394161827996356,-0.009898521149928619,0.016394161827996356,-0.009898521149928619,5.616394161827996,0.9092096627924571,5.6,0.9191081839423857,0.0,0.0,Vmag_get_voltage_magnitude_series__angle_get_voltage_angle_series,true,GFM,Ybus EMT reconstruction using exact complex bus-voltage phasors when available; otherwise diagnostic fallback
7.08,0.016393678984033322,-0.009898489401877097,0.016393678984033322,-0.009898489401877097,0.016393678984033322,-0.009898489401877097,5.616393678984033,0.9092096945405086,5.6,0.9191081839423857,0.0,0.0,Vmag_get_voltage_magnitude_series__angle_get_voltage_angle_series,true,GFM,Ybus EMT reconstruction using exact complex bus-voltage phasors when available; otherwise diagnostic fallback
7.09,0.01639319589614452,-0.009898428155692529,0.01639319589614452,-0.009898428155692529,0.01639319589614452,-0.009898428155692529,5.616393195896144,0.9092097557866932,5.6,0.9191081839423857,0.0,0.0,Vmag_get_voltage_magnitude_series__angle_get_voltage_angle_series,true,GFM,Ybus EMT reconstruction using exact complex bus-voltage phasors when available; otherwise diagnostic fallback
7.1,0.016392712598675807,-0.009898337691010783,0.016392712598675807,-0.009898337691010783,0.016392712598675807,-0.009898337691010783,5.6163927125986755,0.9092098462513749,5.6,0.9191081839423857,0.0,0.0,Vmag_get_voltage_magnitude_series__angle_get_voltage_angle_series,true,GFM,Ybus EMT reconstruction using exact complex bus-voltage phasors when available; otherwise diagnostic fallback
7.11,0.016392229125865576,-0.009898218286834237,0.016392229125865576,-0.009898218286834237,0.016392229125865576,-0.009898218286834237,5.616392229125865,0.9092099656555515,5.6,0.9191081839423857,0.0,0.0,Vmag_get_voltage_magnitude_series__angle_get_voltage_angle_series,true,GFM,Ybus EMT reconstruction using exact complex bus-voltage phasors when available; otherwise diagnostic fallback
7.12,0.016391745511868727,-0.00989807022148681,0.016391745511868727,-0.00989807022148681,0.016391745511868727,-0.00989807022148681,5.616391745511868,0.9092101137208989,5.6,0.9191081839423857,0.0,0.0,Vmag_get_voltage_magnitude_series__angle_get_voltage_angle_series,true,GFM,Ybus EMT reconstruction using exact complex bus-voltage phasors when available; otherwise diagnostic fallback
7.13,0.01639126179076822,-0.009897893772597088,0.01639126179076822,-0.009897893772597088,0.01639126179076822,-0.009897893772597088,5.616391261790768,0.9092102901697886,5.6,0.9191081839423857,0.0,0.0,Vmag_get_voltage_magnitude_series__angle_get_voltage_angle_series,true,GFM,Ybus EMT reconstruction using exact complex bus-voltage phasors when available; otherwise diagnostic fallback
7.14,0.016390777996499573,-0.009897689217009398,0.016390777996499573,-0.009897689217009398,0.016390777996499573,-0.009897689217009398,5.616390777996499,0.9092104947253763,5.6,0.9191081839423857,0.0,0.0,Vmag_get_voltage_magnitude_series__angle_get_voltage_angle_series,true,GFM,Ybus EMT reconstruction using exact complex bus-voltage phasors when available; otherwise diagnostic fallback
7.15,0.01639029416285709,-0.009897456830926132,0.01639029416285709,-0.009897456830926132,0.01639029416285709,-0.009897456830926132,5.616390294162857,0.9092107271114596,5.6,0.9191081839423857,0.0,0.0,Vmag_get_voltage_magnitude_series__angle_get_voltage_angle_series,true,GFM,Ybus EMT reconstruction using exact complex bus-voltage phasors when available; otherwise diagnostic fallback
7.16,0.016389810323524046,-0.00989719688983759,0.016389810323524046,-0.00989719688983759,0.016389810323524046,-0.00989719688983759,5.616389810323524,0.9092109870525481,5.6,0.9191081839423857,0.0,0.0,Vmag_get_voltage_magnitude_series__angle_get_voltage_angle_series,true,GFM,Ybus EMT reconstruction using exact complex bus-voltage phasors when available; otherwise diagnostic fallback
7.17,0.016389326511963453,-0.009896909668367981,0.016389326511963453,-0.009896909668367981,0.016389326511963453,-0.009896909668367981,5.616389326511963,0.9092112742740177,5.6,0.9191081839423857,0.0,0.0,Vmag_get_voltage_magnitude_series__angle_get_voltage_angle_series,true,GFM,Ybus EMT reconstruction using exact complex bus-voltage phasors when available; otherwise diagnostic fallback
7.18,0.01638884276149888,-0.009896595440487155,0.01638884276149888,-0.009896595440487155,0.01638884276149888,-0.009896595440487155,5.6163888427614985,0.9092115885018985,5.6,0.9191081839423857,0.0,0.0,Vmag_get_voltage_magnitude_series__angle_get_voltage_angle_series,true,GFM,Ybus EMT reconstruction using exact complex bus-voltage phasors when available; otherwise diagnostic fallback
7.19,0.01638835910522385,-0.009896254479391908,0.01638835910522385,-0.009896254479391908,0.01638835910522385,-0.009896254479391908,5.6163883591052235,0.9092119294629938,5.6,0.9191081839423857,0.0,0.0,Vmag_get_voltage_magnitude_series__angle_get_voltage_angle_series,true,GFM,Ybus EMT reconstruction using exact complex bus-voltage phasors when available; otherwise diagnostic fallback
7.2,0.016387875576011623,-0.009895887057401187,0.016387875576011623,-0.009895887057401187,0.016387875576011623,-0.009895887057401187,5.616387875576011,0.9092122968849845,5.6,0.9191081839423857,0.0,0.0,Vmag_get_voltage_magnitude_series__angle_get_voltage_angle_series,true,GFM,Ybus EMT reconstruction using exact complex bus-voltage phasors when available; otherwise diagnostic fallback
7.21,0.016387392206543616,-0.009895493446185122,0.016387392206543616,-0.009895493446185122,0.016387392206543616,-0.009895493446185122,5.616387392206543,0.9092126904962006,5.6,0.9191081839423857,0.0,0.0,Vmag_get_voltage_magnitude_series__angle_get_voltage_angle_series,true,GFM,Ybus EMT reconstruction using exact complex bus-voltage phasors when available; otherwise diagnostic fallback
7.22,0.0163869090292037,-0.009895073916501684,0.0163869090292037,-0.009895073916501684,0.0163869090292037,-0.009895073916501684,5.616386909029203,0.909213110025884,5.6,0.9191081839423857,0.0,0.0,Vmag_get_voltage_magnitude_series__angle_get_voltage_angle_series,true,GFM,Ybus EMT reconstruction using exact complex bus-voltage phasors when available; otherwise diagnostic fallback
7.23,0.016386426076132388,-0.009894628738245204,0.016386426076132388,-0.009894628738245204,0.016386426076132388,-0.009894628738245204,5.616386426076132,0.9092135552041405,5.6,0.9191081839423857,0.0,0.0,Vmag_get_voltage_magnitude_series__angle_get_voltage_angle_series,true,GFM,Ybus EMT reconstruction using exact complex bus-voltage phasors when available; otherwise diagnostic fallback
7.24,0.016385943379216172,-0.009894158180659418,0.016385943379216172,-0.009894158180659418,0.016385943379216172,-0.009894158180659418,5.616385943379216,0.9092140257617263,5.6,0.9191081839423857,0.0,0.0,Vmag_get_voltage_magnitude_series__angle_get_voltage_angle_series,true,GFM,Ybus EMT reconstruction using exact complex bus-voltage phasors when available; otherwise diagnostic fallback
7.25,0.01638546096998894,-0.009893662512040269,0.01638546096998894,-0.009893662512040269,0.01638546096998894,-0.009893662512040269,5.616385460969989,0.9092145214303454,5.6,0.9191081839423857,0.0,0.0,Vmag_get_voltage_magnitude_series__angle_get_voltage_angle_series,true,GFM,Ybus EMT reconstruction using exact complex bus-voltage phasors when available; otherwise diagnostic fallback
7.26,0.016384978879729672,-0.00989314199978819,0.016384978879729672,-0.00989314199978819,0.016384978879729672,-0.00989314199978819,5.616384978879729,0.9092150419425975,5.6,0.9191081839423857,0.0,0.0,Vmag_get_voltage_magnitude_series__angle_get_voltage_angle_series,true,GFM,Ybus EMT reconstruction using exact complex bus-voltage phasors when available; otherwise diagnostic fallback
7.27,0.016384497139392273,-0.009892596910519913,0.016384497139392273,-0.009892596910519913,0.016384497139392273,-0.009892596910519913,5.616384497139392,0.9092155870318658,5.6,0.9191081839423857,0.0,0.0,Vmag_get_voltage_magnitude_series__angle_get_voltage_angle_series,true,GFM,Ybus EMT reconstruction using exact complex bus-voltage phasors when available; otherwise diagnostic fallback
7.28,0.016384015779590477,-0.009892027509928125,0.016384015779590477,-0.009892027509928125,0.016384015779590477,-0.009892027509928125,5.61638401577959,0.9092161564324576,5.6,0.9191081839423857,0.0,0.0,Vmag_get_voltage_magnitude_series__angle_get_voltage_angle_series,true,GFM,Ybus EMT reconstruction using exact complex bus-voltage phasors when available; otherwise diagnostic fallback
7.29,0.016383534830616497,-0.009891434062934135,0.016383534830616497,-0.009891434062934135,0.016383534830616497,-0.009891434062934135,5.616383534830616,0.9092167498794516,5.6,0.9191081839423857,0.0,0.0,Vmag_get_voltage_magnitude_series__angle_get_voltage_angle_series,true,GFM,Ybus EMT reconstruction using exact complex bus-voltage phasors when available; otherwise diagnostic fallback
7.3,0.016383054322393953,-0.00989081683343318,0.016383054322393953,-0.00989081683343318,0.016383054322393953,-0.00989081683343318,5.616383054322394,0.9092173671089525,5.6,0.9191081839423857,0.0,0.0,Vmag_get_voltage_magnitude_series__angle_get_voltage_angle_series,true,GFM,Ybus EMT reconstruction using exact complex bus-voltage phasors when available; otherwise diagnostic fallback
7.31,0.01638257428453116,-0.009890176084474844,0.01638257428453116,-0.009890176084474844,0.01638257428453116,-0.009890176084474844,5.616382574284531,0.9092180078579108,5.6,0.9191081839423857,0.0,0.0,Vmag_get_voltage_magnitude_series__angle_get_voltage_angle_series,true,GFM,Ybus EMT reconstruction using exact complex bus-voltage phasors when available; otherwise diagnostic fallback
7.32,0.01638209474622432,-0.009889512078238627,0.01638209474622432,-0.009889512078238627,0.01638209474622432,-0.009889512078238627,5.616382094746224,0.9092186718641471,5.6,0.9191081839423857,0.0,0.0,Vmag_get_voltage_magnitude_series__angle_get_voltage_angle_series,true,GFM,Ybus EMT reconstruction using exact complex bus-voltage phasors when available; otherwise diagnostic fallback
7.33,0.016381615736346333,-0.009888825075938246,0.016381615736346333,-0.009888825075938246,0.016381615736346333,-0.009888825075938246,5.616381615736346,0.9092193588664474,5.6,0.9191081839423857,0.0,0.0,Vmag_get_voltage_magnitude_series__angle_get_voltage_angle_series,true,GFM,Ybus EMT reconstruction using exact complex bus-voltage phasors when available; otherwise diagnostic fallback
7.34,0.016381137283406844,-0.009888115337875814,0.016381137283406844,-0.009888115337875814,0.016381137283406844,-0.009888115337875814,5.6163811372834065,0.9092200686045099,5.6,0.9191081839423857,0.0,0.0,Vmag_get_voltage_magnitude_series__angle_get_voltage_angle_series,true,GFM,Ybus EMT reconstruction using exact complex bus-voltage phasors when available; otherwise diagnostic fallback
7.35,0.01638065941554423,-0.009887383123415527,0.01638065941554423,-0.009887383123415527,0.01638065941554423,-0.009887383123415527,5.616380659415544,0.9092208008189702,5.6,0.9191081839423857,0.0,0.0,Vmag_get_voltage_magnitude_series__angle_get_voltage_angle_series,true,GFM,Ybus EMT reconstruction using exact complex bus-voltage phasors when available; otherwise diagnostic fallback
7.36,0.016380182160494527,-0.009886628690971788,0.016380182160494527,-0.009886628690971788,0.016380182160494527,-0.009886628690971788,5.616380182160494,0.9092215552514139,5.6,0.9191081839423857,0.0,0.0,Vmag_get_voltage_magnitude_series__angle_get_voltage_angle_series,true,GFM,Ybus EMT reconstruction using exact complex bus-voltage phasors when available; otherwise diagnostic fallback
7.37,0.016379705545665146,-0.009885852297979558,0.016379705545665146,-0.009885852297979558,0.016379705545665146,-0.009885852297979558,5.616379705545665,0.9092223316444061,5.6,0.9191081839423857,0.0,0.0,Vmag_get_voltage_magnitude_series__angle_get_voltage_angle_series,true,GFM,Ybus EMT reconstruction using exact complex bus-voltage phasors when available; otherwise diagnostic fallback
7.38,0.016379229598044276,-0.009885054200977295,0.016379229598044276,-0.009885054200977295,0.016379229598044276,-0.009885054200977295,5.616379229598044,0.9092231297414084,5.6,0.9191081839423857,0.0,0.0,Vmag_get_voltage_magnitude_series__angle_get_voltage_angle_series,true,GFM,Ybus EMT reconstruction using exact complex bus-voltage phasors when available; otherwise diagnostic fallback
7.39,0.016378754344275492,-0.009884234655466617,0.016378754344275492,-0.009884234655466617,0.016378754344275492,-0.009884234655466617,5.616378754344275,0.9092239492869191,5.6,0.9191081839423857,0.0,0.0,Vmag_get_voltage_magnitude_series__angle_get_voltage_angle_series,true,GFM,Ybus EMT reconstruction using exact complex bus-voltage phasors when available; otherwise diagnostic fallback
7.4,0.016378279810624008,-0.00988339391600046,0.016378279810624008,-0.00988339391600046,0.016378279810624008,-0.00988339391600046,5.616378279810624,0.9092247900263852,5.6,0.9191081839423857,0.0,0.0,Vmag_get_voltage_magnitude_series__angle_get_voltage_angle_series,true,GFM,Ybus EMT reconstruction using exact complex bus-voltage phasors when available; otherwise diagnostic fallback
7.41,0.016377806022989105,-0.009882532236100805,0.016377806022989105,-0.009882532236100805,0.016377806022989105,-0.009882532236100805,5.616377806022989,0.9092256517062849,5.6,0.9191081839423857,0.0,0.0,Vmag_get_voltage_magnitude_series__angle_get_voltage_angle_series,true,GFM,Ybus EMT reconstruction using exact complex bus-voltage phasors when available; otherwise diagnostic fallback
7.42,0.016377333006897032,-0.009881649868390574,0.016377333006897032,-0.009881649868390574,0.016377333006897032,-0.009881649868390574,5.616377333006897,0.9092265340739951,5.6,0.9191081839423857,0.0,0.0,Vmag_get_voltage_magnitude_series__angle_get_voltage_angle_series,true,GFM,Ybus EMT reconstruction using exact complex bus-voltage phasors when available; otherwise diagnostic fallback
7.43,0.016376860787563174,-0.009880747064341056,0.016376860787563174,-0.009880747064341056,0.016376860787563174,-0.009880747064341056,5.616376860787563,0.9092274368780446,5.6,0.9191081839423857,0.0,0.0,Vmag_get_voltage_magnitude_series__angle_get_voltage_angle_series,true,GFM,Ybus EMT reconstruction using exact complex bus-voltage phasors when available; otherwise diagnostic fallback
7.44,0.016376389389788137,-0.009879824074565113,0.016376389389788137,-0.009879824074565113,0.016376389389788137,-0.009879824074565113,5.616376389389788,0.9092283598678206,5.6,0.9191081839423857,0.0,0.0,Vmag_get_voltage_magnitude_series__angle_get_voltage_angle_series,true,GFM,Ybus EMT reconstruction using exact complex bus-voltage phasors when available; otherwise diagnostic fallback
7.45,0.016375918838077652,-0.009878881148526863,0.016375918838077652,-0.009878881148526863,0.016375918838077652,-0.009878881148526863,5.616375918838077,0.9092293027938588,5.6,0.9191081839423857,0.0,0.0,Vmag_get_voltage_magnitude_series__angle_get_voltage_angle_series,true,GFM,Ybus EMT reconstruction using exact complex bus-voltage phasors when available; otherwise diagnostic fallback
7.46,0.016375449156538657,-0.009877918534689445,0.016375449156538657,-0.009877918534689445,0.016375449156538657,-0.009877918534689445,5.616375449156538,0.9092302654076962,5.6,0.9191081839423857,0.0,0.0,Vmag_get_voltage_magnitude_series__angle_get_voltage_angle_series,true,GFM,Ybus EMT reconstruction using exact complex bus-voltage phasors when available; otherwise diagnostic fallback
7.47,0.016374980368998315,-0.009876936480578524,0.016374980368998315,-0.009876936480578524,0.016374980368998315,-0.009876936480578524,5.616374980368998,0.9092312474618072,5.6,0.9191081839423857,0.0,0.0,Vmag_get_voltage_magnitude_series__angle_get_voltage_angle_series,true,GFM,Ybus EMT reconstruction using exact complex bus-voltage phasors when available; otherwise diagnostic fallback
7.48,0.016374512498919636,-0.009875935232565802,0.016374512498919636,-0.009875935232565802,0.016374512498919636,-0.009875935232565802,5.616374512498919,0.9092322487098199,5.6,0.9191081839423857,0.0,0.0,Vmag_get_voltage_magnitude_series__angle_get_voltage_angle_series,true,GFM,Ybus EMT reconstruction using exact complex bus-voltage phasors when available; otherwise diagnostic fallback
7.49,0.016374045569463647,-0.009874915035976373,0.016374045569463647,-0.009874915035976373,0.016374045569463647,-0.009874915035976373,5.616374045569463,0.9092332689064093,5.6,0.9191081839423857,0.0,0.0,Vmag_get_voltage_magnitude_series__angle_get_voltage_angle_series,true,GFM,Ybus EMT reconstruction using exact complex bus-voltage phasors when available; otherwise diagnostic fallback
7.5,0.016373579603499167,-0.009873876135104709,0.016373579603499167,-0.009873876135104709,0.016373579603499167,-0.009873876135104709,5.616373579603499,0.909234307807281,5.6,0.9191081839423857,0.0,0.0,Vmag_get_voltage_magnitude_series__angle_get_voltage_angle_series,true,GFM,Ybus EMT reconstruction using exact complex bus-voltage phasors when available; otherwise diagnostic fallback
7.51,0.0163731146235504,-0.009872818773279168,0.0163731146235504,-0.009872818773279168,0.0163731146235504,-0.009872818773279168,5.61637311462355,0.9092353651691065,5.6,0.9191081839423857,0.0,0.0,Vmag_get_voltage_magnitude_series__angle_get_voltage_angle_series,true,GFM,Ybus EMT reconstruction using exact complex bus-voltage phasors when available; otherwise diagnostic fallback
7.52,0.01637265065185911,-0.009871743192515159,0.01637265065185911,-0.009871743192515159,0.01637265065185911,-0.009871743192515159,5.616372650651859,0.9092364407498705,5.6,0.9191081839423857,0.0,0.0,Vmag_get_voltage_magnitude_series__angle_get_voltage_angle_series,true,GFM,Ybus EMT reconstruction using exact complex bus-voltage phasors when available; otherwise diagnostic fallback
7.53,0.016372187710387287,-0.009870649633970996,0.016372187710387287,-0.009870649633970996,0.016372187710387287,-0.009870649633970996,5.616372187710387,0.9092375343084147,5.6,0.9191081839423857,0.0,0.0,Vmag_get_voltage_magnitude_series__angle_get_voltage_angle_series,true,GFM,Ybus EMT reconstruction using exact complex bus-voltage phasors when available; otherwise diagnostic fallback
7.54,0.01637172582078872,-0.009869538337599737,0.01637172582078872,-0.009869538337599737,0.01637172582078872,-0.009869538337599737,5.616371725820788,0.909238645604786,5.6,0.9191081839423857,0.0,0.0,Vmag_get_voltage_magnitude_series__angle_get_voltage_angle_series,true,GFM,Ybus EMT reconstruction using exact complex bus-voltage phasors when available; otherwise diagnostic fallback
7.55,0.01637126500447561,-0.00986840954233592,0.01637126500447561,-0.00986840954233592,0.01637126500447561,-0.00986840954233592,5.616371265004475,0.9092397744000498,5.6,0.9191081839423857,0.0,0.0,Vmag_get_voltage_magnitude_series__angle_get_voltage_angle_series,true,GFM,Ybus EMT reconstruction using exact complex bus-voltage phasors when available; otherwise diagnostic fallback
7.56,0.01637080528258572,-0.009867263485946798,0.01637080528258572,-0.009867263485946798,0.01637080528258572,-0.009867263485946798,5.616370805282585,0.9092409204564389,5.6,0.9191081839423857,0.0,0.0,Vmag_get_voltage_magnitude_series__angle_get_voltage_angle_series,true,GFM,Ybus EMT reconstruction using exact complex bus-voltage phasors when available; otherwise diagnostic fallback
7.57,0.01637034667594861,-0.009866100405109601,0.01637034667594861,-0.009866100405109601,0.01637034667594861,-0.009866100405109601,5.616370346675948,0.9092420835372761,5.6,0.9191081839423857,0.0,0.0,Vmag_get_voltage_magnitude_series__angle_get_voltage_angle_series,true,GFM,Ybus EMT reconstruction using exact complex bus-voltage phasors when available; otherwise diagnostic fallback
7.58,0.016369889205205546,-0.00986492053546828,0.016369889205205546,-0.00986492053546828,0.016369889205205546,-0.00986492053546828,5.616369889205205,0.9092432634069174,5.6,0.9191081839423857,0.0,0.0,Vmag_get_voltage_magnitude_series__angle_get_voltage_angle_series,true,GFM,Ybus EMT reconstruction using exact complex bus-voltage phasors when available; otherwise diagnostic fallback
7.59,0.016369432890725122,-0.009863724111413119,0.016369432890725122,-0.009863724111413119,0.016369432890725122,-0.009863724111413119,5.616369432890725,0.9092444598309726,5.6,0.9191081839423857,0.0,0.0,Vmag_get_voltage_magnitude_series__angle_get_voltage_angle_series,true,GFM,Ybus EMT reconstruction using exact complex bus-voltage phasors when available; otherwise diagnostic fallback
7.6,0.016368977752627245,-0.009862511366290794,0.016368977752627245,-0.009862511366290794,0.016368977752627245,-0.009862511366290794,5.616368977752627,0.9092456725760949,5.6,0.9191081839423857,0.0,0.0,Vmag_get_voltage_magnitude_series__angle_get_voltage_angle_series,true,GFM,Ybus EMT reconstruction using exact complex bus-voltage phasors when available; otherwise diagnostic fallback
7.61,0.016368523810806224,-0.0098612825323664,0.016368523810806224,-0.0098612825323664,0.016368523810806224,-0.0098612825323664,5.616368523810806,0.9092469014100193,5.6,0.9191081839423857,0.0,0.0,Vmag_get_voltage_magnitude_series__angle_get_voltage_angle_series,true,GFM,Ybus EMT reconstruction using exact complex bus-voltage phasors when available; otherwise diagnostic fallback
7.62,0.016368071084889912,-0.009860037840652591,0.016368071084889912,-0.009860037840652591,0.016368071084889912,-0.009860037840652591,5.61636807108489,0.9092481461017331,5.6,0.9191081839423857,0.0,0.0,Vmag_get_voltage_magnitude_series__angle_get_voltage_angle_series,true,GFM,Ybus EMT reconstruction using exact complex bus-voltage phasors when available; otherwise diagnostic fallback
7.63,0.016367619594310767,-0.00985877752107045,0.016367619594310767,-0.00985877752107045,0.016367619594310767,-0.00985877752107045,5.61636761959431,0.9092494064213152,5.6,0.9191081839423857,0.0,0.0,Vmag_get_voltage_magnitude_series__angle_get_voltage_angle_series,true,GFM,Ybus EMT reconstruction using exact complex bus-voltage phasors when available; otherwise diagnostic fallback
7.64,0.01636716935825966,-0.009857501802478463,0.01636716935825966,-0.009857501802478463,0.01636716935825966,-0.009857501802478463,5.616367169358259,0.9092506821399072,5.6,0.9191081839423857,0.0,0.0,Vmag_get_voltage_magnitude_series__angle_get_voltage_angle_series,true,GFM,Ybus EMT reconstruction using exact complex bus-voltage phasors when available; otherwise diagnostic fallback
7.65,0.016366720395729395,-0.009856210912421393,0.016366720395729395,-0.009856210912421393,0.016366720395729395,-0.009856210912421393,5.616366720395729,0.9092519730299643,5.6,0.9191081839423857,0.0,0.0,Vmag_get_voltage_magnitude_series__angle_get_voltage_angle_series,true,GFM,Ybus EMT reconstruction using exact complex bus-voltage phasors when available; otherwise diagnostic fallback
7.66,0.01636627272550406,-0.009854905077426701,0.01636627272550406,-0.009854905077426701,0.01636627272550406,-0.009854905077426701,5.616366272725504,0.909253278864959,5.6,0.9191081839423857,0.0,0.0,Vmag_get_voltage_magnitude_series__angle_get_voltage_angle_series,true,GFM,Ybus EMT reconstruction using exact complex bus-voltage phasors when available; otherwise diagnostic fallback
7.67,0.016365826366133263,-0.009853584522790393,0.016365826366133263,-0.009853584522790393,0.016365826366133263,-0.009853584522790393,5.616365826366133,0.9092545994195953,5.6,0.9191081839423857,0.0,0.0,Vmag_get_voltage_magnitude_series__angle_get_voltage_angle_series,true,GFM,Ybus EMT reconstruction using exact complex bus-voltage phasors when available; otherwise diagnostic fallback
7.68,0.016365381335963214,-0.009852249472684371,0.016365381335963214,-0.009852249472684371,0.016365381335963214,-0.009852249472684371,5.616365381335963,0.9092559344697013,5.6,0.9191081839423857,0.0,0.0,Vmag_get_voltage_magnitude_series__angle_get_voltage_angle_series,true,GFM,Ybus EMT reconstruction using exact complex bus-voltage phasors when available; otherwise diagnostic fallback
7.69,0.01636493765310032,-0.009850900150020991,0.01636493765310032,-0.009850900150020991,0.01636493765310032,-0.009850900150020991,5.6163649376531,0.9092572837923647,5.6,0.9191081839423857,0.0,0.0,Vmag_get_voltage_magnitude_series__angle_get_voltage_angle_series,true,GFM,Ybus EMT reconstruction using exact complex bus-voltage phasors when available; otherwise diagnostic fallback
7.7,0.016364495335496443,-0.009849536776691648,0.016364495335496443,-0.009849536776691648,0.016364495335496443,-0.009849536776691648,5.616364495335496,0.909258647165694,5.6,0.9191081839423857,0.0,0.0,Vmag_get_voltage_magnitude_series__angle_get_voltage_angle_series,true,GFM,Ybus EMT reconstruction using exact complex bus-voltage phasors when available; otherwise diagnostic fallback
7.71,0.016364054400851202,-0.009848159573209503,0.016364054400851202,-0.009848159573209503,0.016364054400851202,-0.009848159573209503,5.616364054400851,0.9092600243691762,5.6,0.9191081839423857,0.0,0.0,Vmag_get_voltage_magnitude_series__angle_get_voltage_angle_series,true,GFM,Ybus EMT reconstruction using exact complex bus-voltage phasors when available; otherwise diagnostic fallback
7.72,0.016363614866696352,-0.009846768759087854,0.016363614866696352,-0.009846768759087854,0.016363614866696352,-0.009846768759087854,5.616363614866696,0.9092614151832978,5.6,0.9191081839423857,0.0,0.0,Vmag_get_voltage_magnitude_series__angle_get_voltage_angle_series,true,GFM,Ybus EMT reconstruction using exact complex bus-voltage phasors when available; otherwise diagnostic fallback
7.73,0.016363176750343378,-0.00984536455254692,0.016363176750343378,-0.00984536455254692,0.016363176750343378,-0.00984536455254692,5.616363176750343,0.9092628193898388,5.6,0.9191081839423857,0.0,0.0,Vmag_get_voltage_magnitude_series__angle_get_voltage_angle_series,true,GFM,Ybus EMT reconstruction using exact complex bus-voltage phasors when available; otherwise diagnostic fallback
7.74,0.016362740068880832,-0.009843947170589673,0.016362740068880832,-0.009843947170589673,0.016362740068880832,-0.009843947170589673,5.6163627400688805,0.909264236771796,5.6,0.9191081839423857,0.0,0.0,Vmag_get_voltage_magnitude_series__angle_get_voltage_angle_series,true,GFM,Ybus EMT reconstruction using exact complex bus-voltage phasors when available; otherwise diagnostic fallback
7.75,0.016362304839214303,-0.009842516829139059,0.016362304839214303,-0.009842516829139059,0.016362304839214303,-0.009842516829139059,5.616362304839214,0.9092656671132466,5.6,0.9191081839423857,0.0,0.0,Vmag_get_voltage_magnitude_series__angle_get_voltage_angle_series,true,GFM,Ybus EMT reconstruction using exact complex bus-voltage phasors when available; otherwise diagnostic fallback
7.76,0.016361871078022894,-0.009841073742822726,0.016361871078022894,-0.009841073742822726,0.016361871078022894,-0.009841073742822726,5.6163618710780225,0.909267110199563,5.6,0.9191081839423857,0.0,0.0,Vmag_get_voltage_magnitude_series__angle_get_voltage_angle_series,true,GFM,Ybus EMT reconstruction using exact complex bus-voltage phasors when available; otherwise diagnostic fallback
7.77,0.016361438801805406,-0.009839618125092708,0.016361438801805406,-0.009839618125092708,0.016361438801805406,-0.009839618125092708,5.616361438801805,0.909268565817293,5.6,0.9191081839423857,0.0,0.0,Vmag_get_voltage_magnitude_series__angle_get_voltage_angle_series,true,GFM,Ybus EMT reconstruction using exact complex bus-voltage phasors when available; otherwise diagnostic fallback
7.78,0.016361008026814616,-0.009838150188199335,0.016361008026814616,-0.009838150188199335,0.016361008026814616,-0.009838150188199335,5.616361008026814,0.9092700337541864,5.6,0.9191081839423857,0.0,0.0,Vmag_get_voltage_magnitude_series__angle_get_voltage_angle_series,true,GFM,Ybus EMT reconstruction using exact complex bus-voltage phasors when available; otherwise diagnostic fallback
7.79,0.01636057876909902,-0.009836670143121173,0.01636057876909902,-0.009836670143121173,0.01636057876909902,-0.009836670143121173,5.616360578769099,0.9092715137992645,5.6,0.9191081839423857,0.0,0.0,Vmag_get_voltage_magnitude_series__angle_get_voltage_angle_series,true,GFM,Ybus EMT reconstruction using exact complex bus-voltage phasors when available; otherwise diagnostic fallback
7.8,0.01636015104454014,-0.00983517819971047,0.01636015104454014,-0.00983517819971047,0.01636015104454014,-0.00983517819971047,5.61636015104454,0.9092730057426752,5.6,0.9191081839423857,0.0,0.0,Vmag_get_voltage_magnitude_series__angle_get_voltage_angle_series,true,GFM,Ybus EMT reconstruction using exact complex bus-voltage phasors when available; otherwise diagnostic fallback
7.81,0.016359724868776127,-0.00983367456653983,0.016359724868776127,-0.00983367456653983,0.016359724868776127,-0.00983367456653983,5.616359724868776,0.9092745093758459,5.6,0.9191081839423857,0.0,0.0,Vmag_get_voltage_magnitude_series__angle_get_voltage_angle_series,true,GFM,Ybus EMT reconstruction using exact complex bus-voltage phasors when available; otherwise diagnostic fallback
7.82,0.01635930025718224,-0.009832159450998579,0.01635930025718224,-0.009832159450998579,0.01635930025718224,-0.009832159450998579,5.616359300257182,0.9092760244913871,5.6,0.9191081839423857,0.0,0.0,Vmag_get_voltage_magnitude_series__angle_get_voltage_angle_series,true,GFM,Ybus EMT reconstruction using exact complex bus-voltage phasors when available; otherwise diagnostic fallback
7.83,0.016358877224971202,-0.009830633059245919,0.016358877224971202,-0.009830633059245919,0.016358877224971202,-0.009830633059245919,5.616358877224971,0.9092775508831398,5.6,0.9191081839423857,0.0,0.0,Vmag_get_voltage_magnitude_series__angle_get_voltage_angle_series,true,GFM,Ybus EMT reconstruction using exact complex bus-voltage phasors when available; otherwise diagnostic fallback
7.84,0.016358455787137238,-0.009829095596195492,0.016358455787137238,-0.009829095596195492,0.016358455787137238,-0.009829095596195492,5.616358455787137,0.9092790883461902,5.6,0.9191081839423857,0.0,0.0,Vmag_get_voltage_magnitude_series__angle_get_voltage_angle_series,true,GFM,Ybus EMT reconstruction using exact complex bus-voltage phasors when available; otherwise diagnostic fallback
7.85,0.016358035958416117,-0.009827547265514158,0.016358035958416117,-0.009827547265514158,0.016358035958416117,-0.009827547265514158,5.616358035958416,0.9092806366768715,5.6,0.9191081839423857,0.0,0.0,Vmag_get_voltage_magnitude_series__angle_get_voltage_angle_series,true,GFM,Ybus EMT reconstruction using exact complex bus-voltage phasors when available; otherwise diagnostic fallback
7.86,0.016357617753349984,-0.009825988269708597,0.016357617753349984,-0.009825988269708597,0.016357617753349984,-0.009825988269708597,5.61635761775335,0.9092821956726771,5.6,0.9191081839423857,0.0,0.0,Vmag_get_voltage_magnitude_series__angle_get_voltage_angle_series,true,GFM,Ybus EMT reconstruction using exact complex bus-voltage phasors when available; otherwise diagnostic fallback
7.87,0.016357201186242065,-0.00982441880996665,0.016357201186242065,-0.00982441880996665,0.016357201186242065,-0.00982441880996665,5.616357201186242,0.909283765132419,5.6,0.9191081839423857,0.0,0.0,Vmag_get_voltage_magnitude_series__angle_get_voltage_angle_series,true,GFM,Ybus EMT reconstruction using exact complex bus-voltage phasors when available; otherwise diagnostic fallback
7.88,0.0163567862711389,-0.009822839086286339,0.0163567862711389,-0.009822839086286339,0.0163567862711389,-0.009822839086286339,5.6163567862711385,0.9092853448560994,5.6,0.9191081839423857,0.0,0.0,Vmag_get_voltage_magnitude_series__angle_get_voltage_angle_series,true,GFM,Ybus EMT reconstruction using exact complex bus-voltage phasors when available; otherwise diagnostic fallback
7.89,0.0163563730218943,-0.009821249297439438,0.0163563730218943,-0.009821249297439438,0.0163563730218943,-0.009821249297439438,5.616356373021894,0.9092869346449463,5.6,0.9191081839423857,0.0,0.0,Vmag_get_voltage_magnitude_series__angle_get_voltage_angle_series,true,GFM,Ybus EMT reconstruction using exact complex bus-voltage phasors when available; otherwise diagnostic fallback
7.9,0.01635596145211693,-0.009819649640917638,0.01635596145211693,-0.009819649640917638,0.01635596145211693,-0.009819649640917638,5.616355961452117,0.909288534301468,5.6,0.9191081839423857,0.0,0.0,Vmag_get_voltage_magnitude_series__angle_get_voltage_angle_series,true,GFM,Ybus EMT reconstruction using exact complex bus-voltage phasors when available; otherwise diagnostic fallback
7.91,0.016355551575168548,-0.009818040312952747,0.016355551575168548,-0.009818040312952747,0.016355551575168548,-0.009818040312952747,5.616355551575168,0.909290143629433,5.6,0.9191081839423857,0.0,0.0,Vmag_get_voltage_magnitude_series__angle_get_voltage_angle_series,true,GFM,Ybus EMT reconstruction using exact complex bus-voltage phasors when available; otherwise diagnostic fallback
7.92,0.016355143404190642,-0.009816421508636042,0.016355143404190642,-0.009816421508636042,0.016355143404190642,-0.009816421508636042,5.61635514340419,0.9092917624337497,5.6,0.9191081839423857,0.0,0.0,Vmag_get_voltage_magnitude_series__angle_get_voltage_angle_series,true,GFM,Ybus EMT reconstruction using exact complex bus-voltage phasors when available; otherwise diagnostic fallback
7.93,0.016354736952097326,-0.00981479342172864,0.016354736952097326,-0.00981479342172864,0.016354736952097326,-0.00981479342172864,5.616354736952097,0.909293390520657,5.6,0.9191081839423857,0.0,0.0,Vmag_get_voltage_magnitude_series__angle_get_voltage_angle_series,true,GFM,Ybus EMT reconstruction using exact complex bus-voltage phasors when available; otherwise diagnostic fallback
7.94,0.0163543322315034,-0.009813156244667609,0.0163543322315034,-0.009813156244667609,0.0163543322315034,-0.009813156244667609,5.616354332231503,0.9092950276977181,5.6,0.9191081839423857,0.0,0.0,Vmag_get_voltage_magnitude_series__angle_get_voltage_angle_series,true,GFM,Ybus EMT reconstruction using exact complex bus-voltage phasors when available; otherwise diagnostic fallback
7.95,0.016353929254858457,-0.009811510168841742,0.016353929254858457,-0.009811510168841742,0.016353929254858457,-0.009811510168841742,5.616353929254858,0.909296673773544,5.6,0.9191081839423857,0.0,0.0,Vmag_get_voltage_magnitude_series__angle_get_voltage_angle_series,true,GFM,Ybus EMT reconstruction using exact complex bus-voltage phasors when available; otherwise diagnostic fallback
7.96,0.01635352803432344,-0.009809855384250388,0.01635352803432344,-0.009809855384250388,0.01635352803432344,-0.009809855384250388,5.616353528034323,0.9092983285581353,5.6,0.9191081839423857,0.0,0.0,Vmag_get_voltage_magnitude_series__angle_get_voltage_angle_series,true,GFM,Ybus EMT reconstruction using exact complex bus-voltage phasors when available; otherwise diagnostic fallback
7.97,0.016353128581831022,-0.009808192079635902,0.016353128581831022,-0.009808192079635902,0.016353128581831022,-0.009808192079635902,5.616353128581831,0.9092999918627498,5.6,0.9191081839423857,0.0,0.0,Vmag_get_voltage_magnitude_series__angle_get_voltage_angle_series,true,GFM,Ybus EMT reconstruction using exact complex bus-voltage phasors when available; otherwise diagnostic fallback
7.98,0.016352730909070523,-0.009806520442514066,0.016352730909070523,-0.009806520442514066,0.016352730909070523,-0.009806520442514066,5.61635273090907,0.9093016634998716,5.6,0.9191081839423857,0.0,0.0,Vmag_get_voltage_magnitude_series__angle_get_voltage_angle_series,true,GFM,Ybus EMT reconstruction using exact complex bus-voltage phasors when available; otherwise diagnostic fallback
7.99,0.01635233502749589,-0.009804840659201508,0.01635233502749589,-0.009804840659201508,0.01635233502749589,-0.009804840659201508,5.6163523350274955,0.9093033432831842,5.6,0.9191081839423857,0.0,0.0,Vmag_get_voltage_magnitude_series__angle_get_voltage_angle_series,true,GFM,Ybus EMT reconstruction using exact complex bus-voltage phasors when available; otherwise diagnostic fallback
8.0,0.016351940948295507,-0.009803152914654611,0.016351940948295507,-0.009803152914654611,0.016351940948295507,-0.009803152914654611,5.616351940948295,0.9093050310277311,5.6,0.9191081839423857,0.0,0.0,Vmag_get_voltage_magnitude_series__angle_get_voltage_angle_series,true,GFM,Ybus EMT reconstruction using exact complex bus-voltage phasors when available; otherwise diagnostic fallback
8.01,0.01635154868245614,-0.009801457392641044,0.01635154868245614,-0.009801457392641044,0.01635154868245614,-0.009801457392641044,5.616351548682456,0.9093067265497446,5.6,0.9191081839423857,0.0,0.0,Vmag_get_voltage_magnitude_series__angle_get_voltage_angle_series,true,GFM,Ybus EMT reconstruction using exact complex bus-voltage phasors when available; otherwise diagnostic fallback
8.02,0.016351158240650143,-0.00979975427568458,0.016351158240650143,-0.00979975427568458,0.016351158240650143,-0.00979975427568458,5.61635115824065,0.9093084296667011,5.6,0.9191081839423857,0.0,0.0,Vmag_get_voltage_magnitude_series__angle_get_voltage_angle_series,true,GFM,Ybus EMT reconstruction using exact complex bus-voltage phasors when available; otherwise diagnostic fallback
8.03,0.016350769633389106,-0.009798043744998597,0.016350769633389106,-0.009798043744998597,0.016350769633389106,-0.009798043744998597,5.616350769633389,0.9093101401973871,5.6,0.9191081839423857,0.0,0.0,Vmag_get_voltage_magnitude_series__angle_get_voltage_angle_series,true,GFM,Ybus EMT reconstruction using exact complex bus-voltage phasors when available; otherwise diagnostic fallback
8.04,0.016350382870904845,-0.009796325980552578,0.016350382870904845,-0.009796325980552578,0.016350382870904845,-0.009796325980552578,5.6163503828709045,0.9093118579618331,5.6,0.9191081839423857,0.0,0.0,Vmag_get_voltage_magnitude_series__angle_get_voltage_angle_series,true,GFM,Ybus EMT reconstruction using exact complex bus-voltage phasors when available; otherwise diagnostic fallback
8.05,0.01634999796318226,-0.009794601161072891,0.01634999796318226,-0.009794601161072891,0.01634999796318226,-0.009794601161072891,5.616349997963182,0.9093135827813128,5.6,0.9191081839423857,0.0,0.0,Vmag_get_voltage_magnitude_series__angle_get_voltage_angle_series,true,GFM,Ybus EMT reconstruction using exact complex bus-voltage phasors when available; otherwise diagnostic fallback
8.06,0.016349614919981548,-0.009792869464068654,0.016349614919981548,-0.009792869464068654,0.016349614919981548,-0.009792869464068654,5.616349614919981,0.909315314478317,5.6,0.9191081839423857,0.0,0.0,Vmag_get_voltage_magnitude_series__angle_get_voltage_angle_series,true,GFM,Ybus EMT reconstruction using exact complex bus-voltage phasors when available; otherwise diagnostic fallback
8.07,0.01634923375082664,-0.009791131065638448,0.01634923375082664,-0.009791131065638448,0.01634923375082664,-0.009791131065638448,5.616349233750826,0.9093170528767472,5.6,0.9191081839423857,0.0,0.0,Vmag_get_voltage_magnitude_series__angle_get_voltage_angle_series,true,GFM,Ybus EMT reconstruction using exact complex bus-voltage phasors when available; otherwise diagnostic fallback
8.08,0.01634885446499812,-0.009789386140843681,0.01634885446499812,-0.009789386140843681,0.01634885446499812,-0.009789386140843681,5.616348854464998,0.909318797801542,5.6,0.9191081839423857,0.0,0.0,Vmag_get_voltage_magnitude_series__angle_get_voltage_angle_series,true,GFM,Ybus EMT reconstruction using exact complex bus-voltage phasors when available; otherwise diagnostic fallback
8.09,0.01634847707154119,-0.009787634863263839,0.01634847707154119,-0.009787634863263839,0.01634847707154119,-0.009787634863263839,5.616348477071541,0.9093205490791219,5.6,0.9191081839423857,0.0,0.0,Vmag_get_voltage_magnitude_series__angle_get_voltage_angle_series,true,GFM,Ybus EMT reconstruction using exact complex bus-voltage phasors when available; otherwise diagnostic fallback
8.1,0.016348101579280794,-0.009785877405356636,0.016348101579280794,-0.009785877405356636,0.016348101579280794,-0.009785877405356636,5.61634810157928,0.9093223065370291,5.6,0.9191081839423857,0.0,0.0,Vmag_get_voltage_magnitude_series__angle_get_voltage_angle_series,true,GFM,Ybus EMT reconstruction using exact complex bus-voltage phasors when available; otherwise diagnostic fallback
8.11,0.016347727996800288,-0.009784113938283823,0.016347727996800288,-0.009784113938283823,0.016347727996800288,-0.009784113938283823,5.6163477279968,0.9093240700041019,5.6,0.9191081839423857,0.0,0.0,Vmag_get_voltage_magnitude_series__angle_get_voltage_angle_series,true,GFM,Ybus EMT reconstruction using exact complex bus-voltage phasors when available; otherwise diagnostic fallback
8.12,0.016347356332475194,-0.009782344631959483,0.016347356332475194,-0.009782344631959483,0.016347356332475194,-0.009782344631959483,5.616347356332475,0.9093258393104262,5.6,0.9191081839423857,0.0,0.0,Vmag_get_voltage_magnitude_series__angle_get_voltage_angle_series,true,GFM,Ybus EMT reconstruction using exact complex bus-voltage phasors when available; otherwise diagnostic fallback
8.13,0.01634698659445455,-0.009780569655020388,0.01634698659445455,-0.009780569655020388,0.01634698659445455,-0.009780569655020388,5.616346986594454,0.9093276142873653,5.6,0.9191081839423857,0.0,0.0,Vmag_get_voltage_magnitude_series__angle_get_voltage_angle_series,true,GFM,Ybus EMT reconstruction using exact complex bus-voltage phasors when available; otherwise diagnostic fallback
8.14,0.016346618790630707,-0.009778789174843094,0.016346618790630707,-0.009778789174843094,0.016346618790630707,-0.009778789174843094,5.61634661879063,0.9093293947675426,5.6,0.9191081839423857,0.0,0.0,Vmag_get_voltage_magnitude_series__angle_get_voltage_angle_series,true,GFM,Ybus EMT reconstruction using exact complex bus-voltage phasors when available; otherwise diagnostic fallback
8.15,0.016346252928713945,-0.009777003357512526,0.016346252928713945,-0.009777003357512526,0.016346252928713945,-0.009777003357512526,5.616346252928714,0.9093311805848732,5.6,0.9191081839423857,0.0,0.0,Vmag_get_voltage_magnitude_series__angle_get_voltage_angle_series,true,GFM,Ybus EMT reconstruction using exact complex bus-voltage phasors when available; otherwise diagnostic fallback
8.16,0.01634588901618006,-0.009775212367947206,0.01634588901618006,-0.009775212367947206,0.01634588901618006,-0.009775212367947206,5.61634588901618,0.9093329715744385,5.6,0.9191081839423857,0.0,0.0,Vmag_get_voltage_magnitude_series__angle_get_voltage_angle_series,true,GFM,Ybus EMT reconstruction using exact complex bus-voltage phasors when available; otherwise diagnostic fallback
8.17,0.01634552706030057,-0.009773416369738608,0.01634552706030057,-0.009773416369738608,0.01634552706030057,-0.009773416369738608,5.6163455270603,0.9093347675726471,5.6,0.9191081839423857,0.0,0.0,Vmag_get_voltage_magnitude_series__angle_get_voltage_angle_series,true,GFM,Ybus EMT reconstruction using exact complex bus-voltage phasors when available; otherwise diagnostic fallback
8.18,0.01634516706811251,-0.009771615525236643,0.01634516706811251,-0.009771615525236643,0.01634516706811251,-0.009771615525236643,5.616345167068112,0.909336568417149,5.6,0.9191081839423857,0.0,0.0,Vmag_get_voltage_magnitude_series__angle_get_voltage_angle_series,true,GFM,Ybus EMT reconstruction using exact complex bus-voltage phasors when available; otherwise diagnostic fallback
8.19,0.016344809046460185,-0.009769809995495926,0.016344809046460185,-0.009769809995495926,0.016344809046460185,-0.009769809995495926,5.61634480904646,0.9093383739468898,5.6,0.9191081839423857,0.0,0.0,Vmag_get_voltage_magnitude_series__angle_get_voltage_angle_series,true,GFM,Ybus EMT reconstruction using exact complex bus-voltage phasors when available; otherwise diagnostic fallback
8.2,0.01634445300197296,-0.009767999940397343,0.01634445300197296,-0.009767999940397343,0.01634445300197296,-0.009767999940397343,5.616344453001973,0.9093401840019883,5.6,0.9191081839423857,0.0,0.0,Vmag_get_voltage_magnitude_series__angle_get_voltage_angle_series,true,GFM,Ybus EMT reconstruction using exact complex bus-voltage phasors when available; otherwise diagnostic fallback
8.21,0.016344098941089236,-0.009766185518491732,0.016344098941089236,-0.009766185518491732,0.016344098941089236,-0.009766185518491732,5.616344098941089,0.909341998423894,5.6,0.9191081839423857,0.0,0.0,Vmag_get_voltage_magnitude_series__angle_get_voltage_angle_series,true,GFM,Ybus EMT reconstruction using exact complex bus-voltage phasors when available; otherwise diagnostic fallback
8.22,0.016343746870051135,-0.009764366887136444,0.016343746870051135,-0.009764366887136444,0.016343746870051135,-0.009764366887136444,5.616343746870051,0.9093438170552492,5.6,0.9191081839423857,0.0,0.0,Vmag_get_voltage_magnitude_series__angle_get_voltage_angle_series,true,GFM,Ybus EMT reconstruction using exact complex bus-voltage phasors when available; otherwise diagnostic fallback
8.23,0.016343396794874288,-0.009762544202339019,0.016343396794874288,-0.009762544202339019,0.016343396794874288,-0.009762544202339019,5.616343396794874,0.9093456397400467,5.6,0.9191081839423857,0.0,0.0,Vmag_get_voltage_magnitude_series__angle_get_voltage_angle_series,true,GFM,Ybus EMT reconstruction using exact complex bus-voltage phasors when available; otherwise diagnostic fallback
8.24,0.01634304872137804,-0.00976071761903008,0.01634304872137804,-0.00976071761903008,0.01634304872137804,-0.00976071761903008,5.616343048721378,0.9093474663233556,5.6,0.9191081839423857,0.0,0.0,Vmag_get_voltage_magnitude_series__angle_get_voltage_angle_series,true,GFM,Ybus EMT reconstruction using exact complex bus-voltage phasors when available; otherwise diagnostic fallback
8.25,0.01634270265523252,-0.00975888729068386,0.01634270265523252,-0.00975888729068386,0.01634270265523252,-0.00975888729068386,5.616342702655232,0.9093492966517018,5.6,0.9191081839423857,0.0,0.0,Vmag_get_voltage_magnitude_series__angle_get_voltage_angle_series,true,GFM,Ybus EMT reconstruction using exact complex bus-voltage phasors when available; otherwise diagnostic fallback
8.26,0.016342358601860063,-0.009757053369691904,0.016342358601860063,-0.009757053369691904,0.016342358601860063,-0.009757053369691904,5.61634235860186,0.9093511305726938,5.6,0.9191081839423857,0.0,0.0,Vmag_get_voltage_magnitude_series__angle_get_voltage_angle_series,true,GFM,Ybus EMT reconstruction using exact complex bus-voltage phasors when available; otherwise diagnostic fallback
8.27,0.01634201656652312,-0.009755216007083178,0.01634201656652312,-0.009755216007083178,0.01634201656652312,-0.009755216007083178,5.616342016566523,0.9093529679353025,5.6,0.9191081839423857,0.0,0.0,Vmag_get_voltage_magnitude_series__angle_get_voltage_angle_series,true,GFM,Ybus EMT reconstruction using exact complex bus-voltage phasors when available; otherwise diagnostic fallback
8.28,0.016341676554291418,-0.00975337535267129,0.016341676554291418,-0.00975337535267129,0.016341676554291418,-0.00975337535267129,5.616341676554291,0.9093548085897144,5.6,0.9191081839423857,0.0,0.0,Vmag_get_voltage_magnitude_series__angle_get_voltage_angle_series,true,GFM,Ybus EMT reconstruction using exact complex bus-voltage phasors when available; otherwise diagnostic fallback
8.29,0.01634133857003306,-0.00975153155508568,0.01634133857003306,-0.00975153155508568,0.01634133857003306,-0.00975153155508568,5.616341338570033,0.9093566523873,5.6,0.9191081839423857,0.0,0.0,Vmag_get_voltage_magnitude_series__angle_get_voltage_angle_series,true,GFM,Ybus EMT reconstruction using exact complex bus-voltage phasors when available; otherwise diagnostic fallback
8.3,0.01634100261845539,-0.009749684761641286,0.01634100261845539,-0.009749684761641286,0.01634100261845539,-0.009749684761641286,5.616341002618455,0.9093584991807444,5.6,0.9191081839423857,0.0,0.0,Vmag_get_voltage_magnitude_series__angle_get_voltage_angle_series,true,GFM,Ybus EMT reconstruction using exact complex bus-voltage phasors when available; otherwise diagnostic fallback
8.31,0.016340668704082795,-0.009747835118428916,0.016340668704082795,-0.009747835118428916,0.016340668704082795,-0.009747835118428916,5.616340668704082,0.9093603488239568,5.6,0.9191081839423857,0.0,0.0,Vmag_get_voltage_magnitude_series__angle_get_voltage_angle_series,true,GFM,Ybus EMT reconstruction using exact complex bus-voltage phasors when available; otherwise diagnostic fallback
8.32,0.016340336831270896,-0.00974598277033445,0.016340336831270896,-0.00974598277033445,0.016340336831270896,-0.00974598277033445,5.6163403368312705,0.9093622011720512,5.6,0.9191081839423857,0.0,0.0,Vmag_get_voltage_magnitude_series__angle_get_voltage_angle_series,true,GFM,Ybus EMT reconstruction using exact complex bus-voltage phasors when available; otherwise diagnostic fallback
8.33,0.016340007004185253,-0.009744127860971452,0.016340007004185253,-0.009744127860971452,0.016340007004185253,-0.009744127860971452,5.616340007004185,0.9093640560814142,5.6,0.9191081839423857,0.0,0.0,Vmag_get_voltage_magnitude_series__angle_get_voltage_angle_series,true,GFM,Ybus EMT reconstruction using exact complex bus-voltage phasors when available; otherwise diagnostic fallback
8.34,0.016339679226799575,-0.009742270532693609,0.016339679226799575,-0.009742270532693609,0.016339679226799575,-0.009742270532693609,5.616339679226799,0.9093659134096921,5.6,0.9191081839423857,0.0,0.0,Vmag_get_voltage_magnitude_series__angle_get_voltage_angle_series,true,GFM,Ybus EMT reconstruction using exact complex bus-voltage phasors when available; otherwise diagnostic fallback
8.35,0.01633935350294191,-0.009740410926679322,0.01633935350294191,-0.009740410926679322,0.01633935350294191,-0.009740410926679322,5.616339353502942,0.9093677730157064,5.6,0.9191081839423857,0.0,0.0,Vmag_get_voltage_magnitude_series__angle_get_voltage_angle_series,true,GFM,Ybus EMT reconstruction using exact complex bus-voltage phasors when available; otherwise diagnostic fallback
8.36,0.016339029836248464,-0.009738549182825351,0.016339029836248464,-0.009738549182825351,0.016339029836248464,-0.009738549182825351,5.616339029836248,0.9093696347595603,5.6,0.9191081839423857,0.0,0.0,Vmag_get_voltage_magnitude_series__angle_get_voltage_angle_series,true,GFM,Ybus EMT reconstruction using exact complex bus-voltage phasors when available; otherwise diagnostic fallback
8.37,0.016338708230206223,-0.009736685439831194,0.016338708230206223,-0.009736685439831194,0.016338708230206223,-0.009736685439831194,5.616338708230206,0.9093714985025545,5.6,0.9191081839423857,0.0,0.0,Vmag_get_voltage_magnitude_series__angle_get_voltage_angle_series,true,GFM,Ybus EMT reconstruction using exact complex bus-voltage phasors when available; otherwise diagnostic fallback
8.38,0.016338388688116545,-0.009734819835184982,0.016338388688116545,-0.009734819835184982,0.016338388688116545,-0.009734819835184982,5.616338388688116,0.9093733641072007,5.6,0.9191081839423857,0.0,0.0,Vmag_get_voltage_magnitude_series__angle_get_voltage_angle_series,true,GFM,Ybus EMT reconstruction using exact complex bus-voltage phasors when available; otherwise diagnostic fallback
8.39,0.01633807121309605,-0.009732952505037584,0.01633807121309605,-0.009732952505037584,0.01633807121309605,-0.009732952505037584,5.616338071213096,0.9093752314373481,5.6,0.9191081839423857,0.0,0.0,Vmag_get_voltage_magnitude_series__angle_get_voltage_angle_series,true,GFM,Ybus EMT reconstruction using exact complex bus-voltage phasors when available; otherwise diagnostic fallback
8.4,0.01633775580811836,-0.009731083584471167,0.01633775580811836,-0.009731083584471167,0.01633775580811836,-0.009731083584471167,5.616337755808118,0.9093771003579145,5.6,0.9191081839423857,0.0,0.0,Vmag_get_voltage_magnitude_series__angle_get_voltage_angle_series,true,GFM,Ybus EMT reconstruction using exact complex bus-voltage phasors when available; otherwise diagnostic fallback
8.41,0.016337442475989228,-0.009729213207228304,0.016337442475989228,-0.009729213207228304,0.016337442475989228,-0.009729213207228304,5.616337442475989,0.9093789707351574,5.6,0.9191081839423857,0.0,0.0,Vmag_get_voltage_magnitude_series__angle_get_voltage_angle_series,true,GFM,Ybus EMT reconstruction using exact complex bus-voltage phasors when available; otherwise diagnostic fallback
8.42,0.016337131219346546,-0.009727341505931242,0.016337131219346546,-0.009727341505931242,0.016337131219346546,-0.009727341505931242,5.616337131219346,0.9093808424364545,5.6,0.9191081839423857,0.0,0.0,Vmag_get_voltage_magnitude_series__angle_get_voltage_angle_series,true,GFM,Ybus EMT reconstruction using exact complex bus-voltage phasors when available; otherwise diagnostic fallback
8.43,0.01633682204067899,-0.009725468611891386,0.01633682204067899,-0.009725468611891386,0.01633682204067899,-0.009725468611891386,5.616336822040679,0.9093827153304943,5.6,0.9191081839423857,0.0,0.0,Vmag_get_voltage_magnitude_series__angle_get_voltage_angle_series,true,GFM,Ybus EMT reconstruction using exact complex bus-voltage phasors when available; otherwise diagnostic fallback
8.44,0.01633651494230115,-0.00972359465525352,0.01633651494230115,-0.00972359465525352,0.01633651494230115,-0.00972359465525352,5.616336514942301,0.9093845892871322,5.6,0.9191081839423857,0.0,0.0,Vmag_get_voltage_magnitude_series__angle_get_voltage_angle_series,true,GFM,Ybus EMT reconstruction using exact complex bus-voltage phasors when available; otherwise diagnostic fallback
8.45,0.016336209926360645,-0.009721719764956283,0.016336209926360645,-0.009721719764956283,0.016336209926360645,-0.009721719764956283,5.61633620992636,0.9093864641774294,5.6,0.9191081839423857,0.0,0.0,Vmag_get_voltage_magnitude_series__angle_get_voltage_angle_series,true,GFM,Ybus EMT reconstruction using exact complex bus-voltage phasors when available; otherwise diagnostic fallback
8.46,0.016335906994870086,-0.009719844068735384,0.016335906994870086,-0.009719844068735384,0.016335906994870086,-0.009719844068735384,5.61633590699487,0.9093883398736503,5.6,0.9191081839423857,0.0,0.0,Vmag_get_voltage_magnitude_series__angle_get_voltage_angle_series,true,GFM,Ybus EMT reconstruction using exact complex bus-voltage phasors when available; otherwise diagnostic fallback
8.47,0.016335606149637805,-0.009717967693077645,0.016335606149637805,-0.009717967693077645,0.016335606149637805,-0.009717967693077645,5.6163356061496374,0.909390216249308,5.6,0.9191081839423857,0.0,0.0,Vmag_get_voltage_magnitude_series__angle_get_voltage_angle_series,true,GFM,Ybus EMT reconstruction using exact complex bus-voltage phasors when available; otherwise diagnostic fallback
8.48,0.016335307392348675,-0.0097160907633006,0.016335307392348675,-0.0097160907633006,0.016335307392348675,-0.0097160907633006,5.616335307392348,0.9093920931790851,5.6,0.9191081839423857,0.0,0.0,Vmag_get_voltage_magnitude_series__angle_get_voltage_angle_series,true,GFM,Ybus EMT reconstruction using exact complex bus-voltage phasors when available; otherwise diagnostic fallback
8.49,0.01633501072451793,-0.009714213403543615,0.01633501072451793,-0.009714213403543615,0.01633501072451793,-0.009714213403543615,5.616335010724518,0.9093939705388421,5.6,0.9191081839423857,0.0,0.0,Vmag_get_voltage_magnitude_series__angle_get_voltage_angle_series,true,GFM,Ybus EMT reconstruction using exact complex bus-voltage phasors when available; otherwise diagnostic fallback
8.5,0.01633471614750892,-0.009712335736698718,0.01633471614750892,-0.009712335736698718,0.01633471614750892,-0.009712335736698718,5.616334716147509,0.909395848205687,5.6,0.9191081839423857,0.0,0.0,Vmag_get_voltage_magnitude_series__angle_get_voltage_angle_series,true,GFM,Ybus EMT reconstruction using exact complex bus-voltage phasors when available; otherwise diagnostic fallback
8.51,0.016334423662494935,-0.009710457884493207,0.016334423662494935,-0.009710457884493207,0.016334423662494935,-0.009710457884493207,5.616334423662495,0.9093977260578925,5.6,0.9191081839423857,0.0,0.0,Vmag_get_voltage_magnitude_series__angle_get_voltage_angle_series,true,GFM,Ybus EMT reconstruction using exact complex bus-voltage phasors when available; otherwise diagnostic fallback
8.52,0.016334133270555107,-0.009708579967464437,0.016334133270555107,-0.009708579967464437,0.016334133270555107,-0.009708579967464437,5.616334133270555,0.9093996039749213,5.6,0.9191081839423857,0.0,0.0,Vmag_get_voltage_magnitude_series__angle_get_voltage_angle_series,true,GFM,Ybus EMT reconstruction using exact complex bus-voltage phasors when available; otherwise diagnostic fallback
8.53,0.016333844972534983,-0.009706702104915865,0.016333844972534983,-0.009706702104915865,0.016333844972534983,-0.009706702104915865,5.616333844972535,0.9094014818374698,5.6,0.9191081839423857,0.0,0.0,Vmag_get_voltage_magnitude_series__angle_get_voltage_angle_series,true,GFM,Ybus EMT reconstruction using exact complex bus-voltage phasors when available; otherwise diagnostic fallback
8.54,0.01633355876920639,-0.009704824415076696,0.01633355876920639,-0.009704824415076696,0.01633355876920639,-0.009704824415076696,5.616333558769206,0.909403359527309,5.6,0.9191081839423857,0.0,0.0,Vmag_get_voltage_magnitude_series__angle_get_voltage_angle_series,true,GFM,Ybus EMT reconstruction using exact complex bus-voltage phasors when available; otherwise diagnostic fallback
8.55,0.016333274661137764,-0.00970294701491492,0.016333274661137764,-0.00970294701491492,0.016333274661137764,-0.00970294701491492,5.616333274661137,0.9094052369274708,5.6,0.9191081839423857,0.0,0.0,Vmag_get_voltage_magnitude_series__angle_get_voltage_angle_series,true,GFM,Ybus EMT reconstruction using exact complex bus-voltage phasors when available; otherwise diagnostic fallback
8.56,0.01633299264877497,-0.009701070020195268,0.01633299264877497,-0.009701070020195268,0.01633299264877497,-0.009701070020195268,5.616332992648775,0.9094071139221904,5.6,0.9191081839423857,0.0,0.0,Vmag_get_voltage_magnitude_series__angle_get_voltage_angle_series,true,GFM,Ybus EMT reconstruction using exact complex bus-voltage phasors when available; otherwise diagnostic fallback
8.57,0.0163327127323738,-0.009699193545567586,0.0163327127323738,-0.009699193545567586,0.0163327127323738,-0.009699193545567586,5.6163327127323734,0.9094089903968181,5.6,0.9191081839423857,0.0,0.0,Vmag_get_voltage_magnitude_series__angle_get_voltage_angle_series,true,GFM,Ybus EMT reconstruction using exact complex bus-voltage phasors when available; otherwise diagnostic fallback
8.58,0.0163324349120737,-0.009697317704478015,0.0163324349120737,-0.009697317704478015,0.0163324349120737,-0.009697317704478015,5.616332434912073,0.9094108662379077,5.6,0.9191081839423857,0.0,0.0,Vmag_get_voltage_magnitude_series__angle_get_voltage_angle_series,true,GFM,Ybus EMT reconstruction using exact complex bus-voltage phasors when available; otherwise diagnostic fallback
8.59,0.016332159187853357,-0.009695442609260696,0.016332159187853357,-0.009695442609260696,0.016332159187853357,-0.009695442609260696,5.616332159187853,0.909412741333125,5.6,0.9191081839423857,0.0,0.0,Vmag_get_voltage_magnitude_series__angle_get_voltage_angle_series,true,GFM,Ybus EMT reconstruction using exact complex bus-voltage phasors when available; otherwise diagnostic fallback
8.6,0.01633188555953069,-0.009693568370963246,0.01633188555953069,-0.009693568370963246,0.01633188555953069,-0.009693568370963246,5.61633188555953,0.9094146155714224,5.6,0.9191081839423857,0.0,0.0,Vmag_get_voltage_magnitude_series__angle_get_voltage_angle_series,true,GFM,Ybus EMT reconstruction using exact complex bus-voltage phasors when available; otherwise diagnostic fallback
8.61,0.016331614026807273,-0.009691695099610875,0.016331614026807273,-0.009691695099610875,0.016331614026807273,-0.009691695099610875,5.616331614026807,0.9094164888427748,5.6,0.9191081839423857,0.0,0.0,Vmag_get_voltage_magnitude_series__angle_get_voltage_angle_series,true,GFM,Ybus EMT reconstruction using exact complex bus-voltage phasors when available; otherwise diagnostic fallback
8.62,0.016331344589186614,-0.009689822903994338,0.016331344589186614,-0.009689822903994338,0.016331344589186614,-0.009689822903994338,5.616331344589186,0.9094183610383914,5.6,0.9191081839423857,0.0,0.0,Vmag_get_voltage_magnitude_series__angle_get_voltage_angle_series,true,GFM,Ybus EMT reconstruction using exact complex bus-voltage phasors when available; otherwise diagnostic fallback
8.63,0.016331077246078962,-0.009687951891775293,0.016331077246078962,-0.009687951891775293,0.016331077246078962,-0.009687951891775293,5.616331077246079,0.9094202320506104,5.6,0.9191081839423857,0.0,0.0,Vmag_get_voltage_magnitude_series__angle_get_voltage_angle_series,true,GFM,Ybus EMT reconstruction using exact complex bus-voltage phasors when available; otherwise diagnostic fallback
8.64,0.016330811996696504,-0.009686082169443222,0.016330811996696504,-0.009686082169443222,0.016330811996696504,-0.009686082169443222,5.616330811996696,0.9094221017729425,5.6,0.9191081839423857,0.0,0.0,Vmag_get_voltage_magnitude_series__angle_get_voltage_angle_series,true,GFM,Ybus EMT reconstruction using exact complex bus-voltage phasors when available; otherwise diagnostic fallback
8.65,0.01633054884015106,-0.009684213842379608,0.01633054884015106,-0.009684213842379608,0.01633054884015106,-0.009684213842379608,5.616330548840151,0.9094239701000061,5.6,0.9191081839423857,0.0,0.0,Vmag_get_voltage_magnitude_series__angle_get_voltage_angle_series,true,GFM,Ybus EMT reconstruction using exact complex bus-voltage phasors when available; otherwise diagnostic fallback
8.66,0.016330287775387475,-0.009682347014814185,0.016330287775387475,-0.009682347014814185,0.016330287775387475,-0.009682347014814185,5.616330287775387,0.9094258369275715,5.6,0.9191081839423857,0.0,0.0,Vmag_get_voltage_magnitude_series__angle_get_voltage_angle_series,true,GFM,Ybus EMT reconstruction using exact complex bus-voltage phasors when available; otherwise diagnostic fallback
8.67,0.01633002880120671,-0.009680481789750561,0.01633002880120671,-0.009680481789750561,0.01633002880120671,-0.009680481789750561,5.616330028801206,0.9094277021526351,5.6,0.9191081839423857,0.0,0.0,Vmag_get_voltage_magnitude_series__angle_get_voltage_angle_series,true,GFM,Ybus EMT reconstruction using exact complex bus-voltage phasors when available; otherwise diagnostic fallback
8.68,0.016329771916259617,-0.009678618269238548,0.016329771916259617,-0.009678618269238548,0.016329771916259617,-0.009678618269238548,5.616329771916259,0.9094295656731471,5.6,0.9191081839423857,0.0,0.0,Vmag_get_voltage_magnitude_series__angle_get_voltage_angle_series,true,GFM,Ybus EMT reconstruction using exact complex bus-voltage phasors when available; otherwise diagnostic fallback
8.69,0.016329517119096693,-0.009676756554019006,0.016329517119096693,-0.009676756554019006,0.016329517119096693,-0.009676756554019006,5.616329517119096,0.9094314273883667,5.6,0.9191081839423857,0.0,0.0,Vmag_get_voltage_magnitude_series__angle_get_voltage_angle_series,true,GFM,Ybus EMT reconstruction using exact complex bus-voltage phasors when available; otherwise diagnostic fallback
8.7,0.01632926440811211,-0.009674896743846362,0.01632926440811211,-0.009674896743846362,0.01632926440811211,-0.009674896743846362,5.616329264408112,0.9094332871985393,5.6,0.9191081839423857,0.0,0.0,Vmag_get_voltage_magnitude_series__angle_get_voltage_angle_series,true,GFM,Ybus EMT reconstruction using exact complex bus-voltage phasors when available; otherwise diagnostic fallback
8.71,0.016329013781546386,-0.009673038937253575,0.016329013781546386,-0.009673038937253575,0.016329013781546386,-0.009673038937253575,5.616329013781546,0.9094351450051321,5.6,0.9191081839423857,0.0,0.0,Vmag_get_voltage_magnitude_series__angle_get_voltage_angle_series,true,GFM,Ybus EMT reconstruction using exact complex bus-voltage phasors when available; otherwise diagnostic fallback
8.72,0.016328765237521914,-0.009671183231688363,0.016328765237521914,-0.009671183231688363,0.016328765237521914,-0.009671183231688363,5.616328765237522,0.9094370007106973,5.6,0.9191081839423857,0.0,0.0,Vmag_get_voltage_magnitude_series__angle_get_voltage_angle_series,true,GFM,Ybus EMT reconstruction using exact complex bus-voltage phasors when available; otherwise diagnostic fallback
8.73,0.016328518773987,-0.00966932972348944,0.016328518773987,-0.00966932972348944,0.016328518773987,-0.00966932972348944,5.616328518773987,0.9094388542188963,5.6,0.9191081839423857,0.0,0.0,Vmag_get_voltage_magnitude_series__angle_get_voltage_angle_series,true,GFM,Ybus EMT reconstruction using exact complex bus-voltage phasors when available; otherwise diagnostic fallback
8.74,0.01632827438881357,-0.009667478507914606,0.01632827438881357,-0.009667478507914606,0.01632827438881357,-0.009667478507914606,5.616328274388813,0.9094407054344711,5.6,0.9191081839423857,0.0,0.0,Vmag_get_voltage_magnitude_series__angle_get_voltage_angle_series,true,GFM,Ybus EMT reconstruction using exact complex bus-voltage phasors when available; otherwise diagnostic fallback
8.75,0.016328032079702126,-0.009665629679067256,0.016328032079702126,-0.009665629679067256,0.016328032079702126,-0.009665629679067256,5.616328032079702,0.9094425542633184,5.6,0.9191081839423857,0.0,0.0,Vmag_get_voltage_magnitude_series__angle_get_voltage_angle_series,true,GFM,Ybus EMT reconstruction using exact complex bus-voltage phasors when available; otherwise diagnostic fallback
8.76,0.01632779184423061,-0.009663783329955655,0.01632779184423061,-0.009663783329955655,0.01632779184423061,-0.009663783329955655,5.61632779184423,0.90944440061243,5.6,0.9191081839423857,0.0,0.0,Vmag_get_voltage_magnitude_series__angle_get_voltage_angle_series,true,GFM,Ybus EMT reconstruction using exact complex bus-voltage phasors when available; otherwise diagnostic fallback
8.77,0.016327553679850837,-0.009661939552525367,0.016327553679850837,-0.009661939552525367,0.016327553679850837,-0.009661939552525367,5.6163275536798505,0.9094462443898603,5.6,0.9191081839423857,0.0,0.0,Vmag_get_voltage_magnitude_series__angle_get_voltage_angle_series,true,GFM,Ybus EMT reconstruction using exact complex bus-voltage phasors when available; otherwise diagnostic fallback
8.78,0.016327317583892054,-0.009660098437590081,0.016327317583892054,-0.009660098437590081,0.016327317583892054,-0.009660098437590081,5.616327317583892,0.9094480855047956,5.6,0.9191081839423857,0.0,0.0,Vmag_get_voltage_magnitude_series__angle_get_voltage_angle_series,true,GFM,Ybus EMT reconstruction using exact complex bus-voltage phasors when available; otherwise diagnostic fallback
8.79,0.016327083553562716,-0.009658260074920988,0.016327083553562716,-0.009658260074920988,0.016327083553562716,-0.009658260074920988,5.616327083553562,0.9094499238674647,5.6,0.9191081839423857,0.0,0.0,Vmag_get_voltage_magnitude_series__angle_get_voltage_angle_series,true,GFM,Ybus EMT reconstruction using exact complex bus-voltage phasors when available; otherwise diagnostic fallback
8.8,0.016326851585927393,-0.00965642455316218,0.016326851585927393,-0.00965642455316218,0.016326851585927393,-0.00965642455316218,5.616326851585927,0.9094517593892235,5.6,0.9191081839423857,0.0,0.0,Vmag_get_voltage_magnitude_series__angle_get_voltage_angle_series,true,GFM,Ybus EMT reconstruction using exact complex bus-voltage phasors when available; otherwise diagnostic fallback
8.81,0.01632662167795207,-0.00965459195991325,0.01632662167795207,-0.00965459195991325,0.01632662167795207,-0.00965459195991325,5.616326621677952,0.9094535919824724,5.6,0.9191081839423857,0.0,0.0,Vmag_get_voltage_magnitude_series__angle_get_voltage_angle_series,true,GFM,Ybus EMT reconstruction using exact complex bus-voltage phasors when available; otherwise diagnostic fallback
8.82,0.016326393826442853,-0.009652762381638813,0.016326393826442853,-0.009652762381638813,0.016326393826442853,-0.009652762381638813,5.6163263938264425,0.9094554215607469,5.6,0.9191081839423857,0.0,0.0,Vmag_get_voltage_magnitude_series__angle_get_voltage_angle_series,true,GFM,Ybus EMT reconstruction using exact complex bus-voltage phasors when available; otherwise diagnostic fallback
8.83,0.016326168028102828,-0.009650935903863789,0.016326168028102828,-0.009650935903863789,0.016326168028102828,-0.009650935903863789,5.6163261680281025,0.9094572480385219,5.6,0.9191081839423857,0.0,0.0,Vmag_get_voltage_magnitude_series__angle_get_voltage_angle_series,true,GFM,Ybus EMT reconstruction using exact complex bus-voltage phasors when available; otherwise diagnostic fallback
8.84,0.016325944279517834,-0.009649112610826682,0.016325944279517834,-0.009649112610826682,0.016325944279517834,-0.009649112610826682,5.6163259442795175,0.909459071331559,5.6,0.9191081839423857,0.0,0.0,Vmag_get_voltage_magnitude_series__angle_get_voltage_angle_series,true,GFM,Ybus EMT reconstruction using exact complex bus-voltage phasors when available; otherwise diagnostic fallback
8.85,0.01632572257717335,-0.009647292585959977,0.01632572257717335,-0.009647292585959977,0.01632572257717335,-0.009647292585959977,5.616325722577173,0.9094608913564257,5.6,0.9191081839423857,0.0,0.0,Vmag_get_voltage_magnitude_series__angle_get_voltage_angle_series,true,GFM,Ybus EMT reconstruction using exact complex bus-voltage phasors when available; otherwise diagnostic fallback
8.86,0.01632550291743673,-0.009645475911462476,0.01632550291743673,-0.009645475911462476,0.01632550291743673,-0.009645475911462476,5.616325502917436,0.9094627080309232,5.6,0.9191081839423857,0.0,0.0,Vmag_get_voltage_magnitude_series__angle_get_voltage_angle_series,true,GFM,Ybus EMT reconstruction using exact complex bus-voltage phasors when available; otherwise diagnostic fallback
8.87,0.016325285296525216,-0.009643662668522457,0.016325285296525216,-0.009643662668522457,0.016325285296525216,-0.009643662668522457,5.616325285296525,0.9094645212738632,5.6,0.9191081839423857,0.0,0.0,Vmag_get_voltage_magnitude_series__angle_get_voltage_angle_series,true,GFM,Ybus EMT reconstruction using exact complex bus-voltage phasors when available; otherwise diagnostic fallback
8.88,0.016325069710565465,-0.00964185293733999,0.016325069710565465,-0.00964185293733999,0.016325069710565465,-0.00964185293733999,5.616325069710565,0.9094663310050457,5.6,0.9191081839423857,0.0,0.0,Vmag_get_voltage_magnitude_series__angle_get_voltage_angle_series,true,GFM,Ybus EMT reconstruction using exact complex bus-voltage phasors when available; otherwise diagnostic fallback
8.89,0.016324856155597978,-0.009640046796989599,0.016324856155597978,-0.009640046796989599,0.016324856155597978,-0.009640046796989599,5.616324856155598,0.9094681371453961,5.6,0.9191081839423857,0.0,0.0,Vmag_get_voltage_magnitude_series__angle_get_voltage_angle_series,true,GFM,Ybus EMT reconstruction using exact complex bus-voltage phasors when available; otherwise diagnostic fallback
8.9,0.016324644627532692,-0.009638244325585243,0.016324644627532692,-0.009638244325585243,0.016324644627532692,-0.009638244325585243,5.616324644627532,0.9094699396168004,5.6,0.9191081839423857,0.0,0.0,Vmag_get_voltage_magnitude_series__angle_get_voltage_angle_series,true,GFM,Ybus EMT reconstruction using exact complex bus-voltage phasors when available; otherwise diagnostic fallback
8.91,0.016324435122140102,-0.009636445600107568,0.016324435122140102,-0.009636445600107568,0.016324435122140102,-0.009636445600107568,5.61632443512214,0.9094717383422781,5.6,0.9191081839423857,0.0,0.0,Vmag_get_voltage_magnitude_series__angle_get_voltage_angle_series,true,GFM,Ybus EMT reconstruction using exact complex bus-voltage phasors when available; otherwise diagnostic fallback
8.92,0.016324227635159616,-0.009634650696634384,0.016324227635159616,-0.009634650696634384,0.016324227635159616,-0.009634650696634384,5.616324227635159,0.9094735332457513,5.6,0.9191081839423857,0.0,0.0,Vmag_get_voltage_magnitude_series__angle_get_voltage_angle_series,true,GFM,Ybus EMT reconstruction using exact complex bus-voltage phasors when available; otherwise diagnostic fallback
8.93,0.016324022162167218,-0.009632859690088647,0.016324022162167218,-0.009632859690088647,0.016324022162167218,-0.009632859690088647,5.616324022162167,0.909475324252297,5.6,0.9191081839423857,0.0,0.0,Vmag_get_voltage_magnitude_series__angle_get_voltage_angle_series,true,GFM,Ybus EMT reconstruction using exact complex bus-voltage phasors when available; otherwise diagnostic fallback
8.94,0.016323818698658954,-0.009631072654518236,0.016323818698658954,-0.009631072654518236,0.016323818698658954,-0.009631072654518236,5.616323818698659,0.9094771112878675,5.6,0.9191081839423857,0.0,0.0,Vmag_get_voltage_magnitude_series__angle_get_voltage_angle_series,true,GFM,Ybus EMT reconstruction using exact complex bus-voltage phasors when available; otherwise diagnostic fallback
8.95,0.01632361724003495,-0.009629289662811735,0.01632361724003495,-0.009629289662811735,0.01632361724003495,-0.009629289662811735,5.616323617240035,0.909478894279574,5.6,0.9191081839423857,0.0,0.0,Vmag_get_voltage_magnitude_series__angle_get_voltage_angle_series,true,GFM,Ybus EMT reconstruction using exact complex bus-voltage phasors when available; otherwise diagnostic fallback
8.96,0.016323417781559435,-0.00962751078698576,0.016323417781559435,-0.00962751078698576,0.016323417781559435,-0.00962751078698576,5.616323417781559,0.9094806731553999,5.6,0.9191081839423857,0.0,0.0,Vmag_get_voltage_magnitude_series__angle_get_voltage_angle_series,true,GFM,Ybus EMT reconstruction using exact complex bus-voltage phasors when available; otherwise diagnostic fallback
8.97,0.01632322031844602,-0.009625736097908177,0.01632322031844602,-0.009625736097908177,0.01632322031844602,-0.009625736097908177,5.616323220318446,0.9094824478444775,5.6,0.9191081839423857,0.0,0.0,Vmag_get_voltage_magnitude_series__angle_get_voltage_angle_series,true,GFM,Ybus EMT reconstruction using exact complex bus-voltage phasors when available; otherwise diagnostic fallback
8.98,0.0163230248457511,-0.009623965665590206,0.0163230248457511,-0.009623965665590206,0.0163230248457511,-0.009623965665590206,5.616323024845751,0.9094842182767955,5.6,0.9191081839423857,0.0,0.0,Vmag_get_voltage_magnitude_series__angle_get_voltage_angle_series,true,GFM,Ybus EMT reconstruction using exact complex bus-voltage phasors when available; otherwise diagnostic fallback
8.99,0.01632283135849999,-0.009622199558929512,0.01632283135849999,-0.009622199558929512,0.01632283135849999,-0.009622199558929512,5.6163228313585,0.9094859843834562,5.6,0.9191081839423857,0.0,0.0,Vmag_get_voltage_magnitude_series__angle_get_voltage_angle_series,true,GFM,Ybus EMT reconstruction using exact complex bus-voltage phasors when available; otherwise diagnostic fallback
9.0,0.016322639851568788,-0.009620437845920038,0.016322639851568788,-0.009620437845920038,0.016322639851568788,-0.009620437845920038,5.616322639851568,0.9094877460964657,5.6,0.9191081839423857,0.0,0.0,Vmag_get_voltage_magnitude_series__angle_get_voltage_angle_series,true,GFM,Ybus EMT reconstruction using exact complex bus-voltage phasors when available; otherwise diagnostic fallback
9.01,0.016322450319748327,-0.009618680593550866,0.016322450319748327,-0.009618680593550866,0.016322450319748327,-0.009618680593550866,5.616322450319748,0.9094895033488348,5.6,0.9191081839423857,0.0,0.0,Vmag_get_voltage_magnitude_series__angle_get_voltage_angle_series,true,GFM,Ybus EMT reconstruction using exact complex bus-voltage phasors when available; otherwise diagnostic fallback
9.02,0.016322262757763717,-0.009616927867809655,0.016322262757763717,-0.009616927867809655,0.016322262757763717,-0.009616927867809655,5.616322262757763,0.909491256074576,5.6,0.9191081839423857,0.0,0.0,Vmag_get_voltage_magnitude_series__angle_get_voltage_angle_series,true,GFM,Ybus EMT reconstruction using exact complex bus-voltage phasors when available; otherwise diagnostic fallback
9.03,0.0163220771602397,-0.009615179733689194,0.0163220771602397,-0.009615179733689194,0.0163220771602397,-0.009615179733689194,5.616322077160239,0.9094930042086965,5.6,0.9191081839423857,0.0,0.0,Vmag_get_voltage_magnitude_series__angle_get_voltage_angle_series,true,GFM,Ybus EMT reconstruction using exact complex bus-voltage phasors when available; otherwise diagnostic fallback
9.04,0.01632189352174329,-0.009613436255306751,0.01632189352174329,-0.009613436255306751,0.01632189352174329,-0.009613436255306751,5.616321893521743,0.9094947476870789,5.6,0.9191081839423857,0.0,0.0,Vmag_get_voltage_magnitude_series__angle_get_voltage_angle_series,true,GFM,Ybus EMT reconstruction using exact complex bus-voltage phasors when available; otherwise diagnostic fallback
9.05,0.016321711836694064,-0.009611697495699567,0.016321711836694064,-0.009611697495699567,0.016321711836694064,-0.009611697495699567,5.616321711836694,0.9094964864466861,5.6,0.9191081839423857,0.0,0.0,Vmag_get_voltage_magnitude_series__angle_get_voltage_angle_series,true,GFM,Ybus EMT reconstruction using exact complex bus-voltage phasors when available; otherwise diagnostic fallback
9.06,0.01632153209945386,-0.009609963517048015,0.01632153209945386,-0.009609963517048015,0.01632153209945386,-0.009609963517048015,5.6163215320994535,0.9094982204253377,5.6,0.9191081839423857,0.0,0.0,Vmag_get_voltage_magnitude_series__angle_get_voltage_angle_series,true,GFM,Ybus EMT reconstruction using exact complex bus-voltage phasors when available; otherwise diagnostic fallback
9.07,0.016321354304308144,-0.009608234380512504,0.016321354304308144,-0.009608234380512504,0.016321354304308144,-0.009608234380512504,5.616321354304308,0.9094999495618732,5.6,0.9191081839423857,0.0,0.0,Vmag_get_voltage_magnitude_series__angle_get_voltage_angle_series,true,GFM,Ybus EMT reconstruction using exact complex bus-voltage phasors when available; otherwise diagnostic fallback
9.08,0.01632117844544112,-0.009606510146349834,0.01632117844544112,-0.009606510146349834,0.01632117844544112,-0.009606510146349834,5.616321178445441,0.9095016737960359,5.6,0.9191081839423857,0.0,0.0,Vmag_get_voltage_magnitude_series__angle_get_voltage_angle_series,true,GFM,Ybus EMT reconstruction using exact complex bus-voltage phasors when available; otherwise diagnostic fallback
9.09,0.016321004516943738,-0.009604790873783187,0.016321004516943738,-0.009604790873783187,0.016321004516943738,-0.009604790873783187,5.616321004516943,0.9095033930686025,5.6,0.9191081839423857,0.0,0.0,Vmag_get_voltage_magnitude_series__angle_get_voltage_angle_series,true,GFM,Ybus EMT reconstruction using exact complex bus-voltage phasors when available; otherwise diagnostic fallback
9.1,0.01632083251284744,-0.009603076621248152,0.01632083251284744,-0.009603076621248152,0.01632083251284744,-0.009603076621248152,5.616320832512847,0.9095051073211375,5.6,0.9191081839423857,0.0,0.0,Vmag_get_voltage_magnitude_series__angle_get_voltage_angle_series,true,GFM,Ybus EMT reconstruction using exact complex bus-voltage phasors when available; otherwise diagnostic fallback
9.11,0.016320662427091293,-0.009601367446107512,0.016320662427091293,-0.009601367446107512,0.016320662427091293,-0.009601367446107512,5.616320662427091,0.9095068164962782,5.6,0.9191081839423857,0.0,0.0,Vmag_get_voltage_magnitude_series__angle_get_voltage_angle_series,true,GFM,Ybus EMT reconstruction using exact complex bus-voltage phasors when available; otherwise diagnostic fallback
9.12,0.016320494253553086,-0.009599663404896708,0.016320494253553086,-0.009599663404896708,0.016320494253553086,-0.009599663404896708,5.616320494253553,0.909508520537489,5.6,0.9191081839423857,0.0,0.0,Vmag_get_voltage_magnitude_series__angle_get_voltage_angle_series,true,GFM,Ybus EMT reconstruction using exact complex bus-voltage phasors when available; otherwise diagnostic fallback
9.13,0.01632032798602978,-0.009597964553120453,0.01632032798602978,-0.009597964553120453,0.01632032798602978,-0.009597964553120453,5.616320327986029,0.9095102193892652,5.6,0.9191081839423857,0.0,0.0,Vmag_get_voltage_magnitude_series__angle_get_voltage_angle_series,true,GFM,Ybus EMT reconstruction using exact complex bus-voltage phasors when available; otherwise diagnostic fallback
9.14,0.016320163618204653,-0.009596270945522956,0.016320163618204653,-0.009596270945522956,0.016320163618204653,-0.009596270945522956,5.616320163618204,0.9095119129968627,5.6,0.9191081839423857,0.0,0.0,Vmag_get_voltage_magnitude_series__angle_get_voltage_angle_series,true,GFM,Ybus EMT reconstruction using exact complex bus-voltage phasors when available; otherwise diagnostic fallback
9.15,0.016320001143716567,-0.009594582635759963,0.016320001143716567,-0.009594582635759963,0.016320001143716567,-0.009594582635759963,5.616320001143716,0.9095136013066257,5.6,0.9191081839423857,0.0,0.0,Vmag_get_voltage_magnitude_series__angle_get_voltage_angle_series,true,GFM,Ybus EMT reconstruction using exact complex bus-voltage phasors when available; otherwise diagnostic fallback
9.16,0.016319840556118237,-0.00959289967674748,0.016319840556118237,-0.00959289967674748,0.016319840556118237,-0.00959289967674748,5.616319840556118,0.9095152842656382,5.6,0.9191081839423857,0.0,0.0,Vmag_get_voltage_magnitude_series__angle_get_voltage_angle_series,true,GFM,Ybus EMT reconstruction using exact complex bus-voltage phasors when available; otherwise diagnostic fallback
9.17,0.016319681848889545,-0.009591222120324483,0.016319681848889545,-0.009591222120324483,0.016319681848889545,-0.009591222120324483,5.616319681848889,0.9095169618220612,5.6,0.9191081839423857,0.0,0.0,Vmag_get_voltage_magnitude_series__angle_get_voltage_angle_series,true,GFM,Ybus EMT reconstruction using exact complex bus-voltage phasors when available; otherwise diagnostic fallback
9.18,0.016319525015430436,-0.009589550017620851,0.016319525015430436,-0.009589550017620851,0.016319525015430436,-0.009589550017620851,5.61631952501543,0.9095186339247648,5.6,0.9191081839423857,0.0,0.0,Vmag_get_voltage_magnitude_series__angle_get_voltage_angle_series,true,GFM,Ybus EMT reconstruction using exact complex bus-voltage phasors when available; otherwise diagnostic fallback
9.19,0.01631937004909556,-0.00958788341875294,0.01631937004909556,-0.00958788341875294,0.01631937004909556,-0.00958788341875294,5.616319370049095,0.9095203005236328,5.6,0.9191081839423857,0.0,0.0,Vmag_get_voltage_magnitude_series__angle_get_voltage_angle_series,true,GFM,Ybus EMT reconstruction using exact complex bus-voltage phasors when available; otherwise diagnostic fallback
9.2,0.016319216943132098,-0.009586222372961806,0.016319216943132098,-0.009586222372961806,0.016319216943132098,-0.009586222372961806,5.616319216943132,0.9095219615694239,5.6,0.9191081839423857,0.0,0.0,Vmag_get_voltage_magnitude_series__angle_get_voltage_angle_series,true,GFM,Ybus EMT reconstruction using exact complex bus-voltage phasors when available; otherwise diagnostic fallback
9.21,0.016319065690744594,-0.009584566928664606,0.016319065690744594,-0.009584566928664606,0.016319065690744594,-0.009584566928664606,5.616319065690744,0.9095236170137211,5.6,0.9191081839423857,0.0,0.0,Vmag_get_voltage_magnitude_series__angle_get_voltage_angle_series,true,GFM,Ybus EMT reconstruction using exact complex bus-voltage phasors when available; otherwise diagnostic fallback
9.22,0.016318916285041674,-0.00958291713333892,0.016318916285041674,-0.00958291713333892,0.016318916285041674,-0.00958291713333892,5.616318916285041,0.9095252668090468,5.6,0.9191081839423857,0.0,0.0,Vmag_get_voltage_magnitude_series__angle_get_voltage_angle_series,true,GFM,Ybus EMT reconstruction using exact complex bus-voltage phasors when available; otherwise diagnostic fallback
9.23,0.01631876871909732,-0.009581273033638205,0.01631876871909732,-0.009581273033638205,0.01631876871909732,-0.009581273033638205,5.616318768719097,0.9095269109087475,5.6,0.9191081839423857,0.0,0.0,Vmag_get_voltage_magnitude_series__angle_get_voltage_angle_series,true,GFM,Ybus EMT reconstruction using exact complex bus-voltage phasors when available; otherwise diagnostic fallback
9.24,0.016318622985901143,-0.0095796346753797,0.016318622985901143,-0.0095796346753797,0.016318622985901143,-0.0095796346753797,5.616318622985901,0.909528549267006,5.6,0.9191081839423857,0.0,0.0,Vmag_get_voltage_magnitude_series__angle_get_voltage_angle_series,true,GFM,Ybus EMT reconstruction using exact complex bus-voltage phasors when available; otherwise diagnostic fallback
9.25,0.016318479078366366,-0.009578002103444283,0.016318479078366366,-0.009578002103444283,0.016318479078366366,-0.009578002103444283,5.616318479078366,0.9095301818389414,5.6,0.9191081839423857,0.0,0.0,Vmag_get_voltage_magnitude_series__angle_get_voltage_angle_series,true,GFM,Ybus EMT reconstruction using exact complex bus-voltage phasors when available; otherwise diagnostic fallback
9.26,0.016318336989352034,-0.00957637536190259,0.016318336989352034,-0.00957637536190259,0.016318336989352034,-0.00957637536190259,5.616318336989352,0.9095318085804831,5.6,0.9191081839423857,0.0,0.0,Vmag_get_voltage_magnitude_series__angle_get_voltage_angle_series,true,GFM,Ybus EMT reconstruction using exact complex bus-voltage phasors when available; otherwise diagnostic fallback
9.27,0.016318196711679,-0.00957475449399292,0.016318196711679,-0.00957475449399292,0.016318196711679,-0.00957475449399292,5.616318196711679,0.9095334294483928,5.6,0.9191081839423857,0.0,0.0,Vmag_get_voltage_magnitude_series__angle_get_voltage_angle_series,true,GFM,Ybus EMT reconstruction using exact complex bus-voltage phasors when available; otherwise diagnostic fallback
9.28,0.016318058238062427,-0.009573139542046527,0.016318058238062427,-0.009573139542046527,0.016318058238062427,-0.009573139542046527,5.616318058238062,0.9095350444003392,5.6,0.9191081839423857,0.0,0.0,Vmag_get_voltage_magnitude_series__angle_get_voltage_angle_series,true,GFM,Ybus EMT reconstruction using exact complex bus-voltage phasors when available; otherwise diagnostic fallback
9.29,0.016317921561166848,-0.009571530547653473,0.016317921561166848,-0.009571530547653473,0.016317921561166848,-0.009571530547653473,5.6163179215611665,0.9095366533947322,5.6,0.9191081839423857,0.0,0.0,Vmag_get_voltage_magnitude_series__angle_get_voltage_angle_series,true,GFM,Ybus EMT reconstruction using exact complex bus-voltage phasors when available; otherwise diagnostic fallback
9.3,0.016317786673620382,-0.009569927551522528,0.016317786673620382,-0.009569927551522528,0.016317786673620382,-0.009569927551522528,5.61631778667362,0.9095382563908632,5.6,0.9191081839423857,0.0,0.0,Vmag_get_voltage_magnitude_series__angle_get_voltage_angle_series,true,GFM,Ybus EMT reconstruction using exact complex bus-voltage phasors when available; otherwise diagnostic fallback
9.31,0.01631765356797299,-0.009568330593505814,0.01631765356797299,-0.009568330593505814,0.01631765356797299,-0.009568330593505814,5.616317653567973,0.9095398533488799,5.6,0.9191081839423857,0.0,0.0,Vmag_get_voltage_magnitude_series__angle_get_voltage_angle_series,true,GFM,Ybus EMT reconstruction using exact complex bus-voltage phasors when available; otherwise diagnostic fallback
9.32,0.016317522236699133,-0.00956673971272548,0.016317522236699133,-0.00956673971272548,0.016317522236699133,-0.00956673971272548,5.616317522236699,0.9095414442296602,5.6,0.9191081839423857,0.0,0.0,Vmag_get_voltage_magnitude_series__angle_get_voltage_angle_series,true,GFM,Ybus EMT reconstruction using exact complex bus-voltage phasors when available; otherwise diagnostic fallback
9.33,0.016317392672245745,-0.009565154947388632,0.016317392672245745,-0.009565154947388632,0.016317392672245745,-0.009565154947388632,5.616317392672245,0.9095430289949971,5.6,0.9191081839423857,0.0,0.0,Vmag_get_voltage_magnitude_series__angle_get_voltage_angle_series,true,GFM,Ybus EMT reconstruction using exact complex bus-voltage phasors when available; otherwise diagnostic fallback
9.34,0.016317264866990477,-0.009563576334950086,0.016317264866990477,-0.009563576334950086,0.016317264866990477,-0.009563576334950086,5.61631726486699,0.9095446076074356,5.6,0.9191081839423857,0.0,0.0,Vmag_get_voltage_magnitude_series__angle_get_voltage_angle_series,true,GFM,Ybus EMT reconstruction using exact complex bus-voltage phasors when available; otherwise diagnostic fallback
9.35,0.01631713881325325,-0.00956200391206119,0.01631713881325325,-0.00956200391206119,0.01631713881325325,-0.00956200391206119,5.616317138813253,0.9095461800303245,5.6,0.9191081839423857,0.0,0.0,Vmag_get_voltage_magnitude_series__angle_get_voltage_angle_series,true,GFM,Ybus EMT reconstruction using exact complex bus-voltage phasors when available; otherwise diagnostic fallback
9.36,0.016317014503277605,-0.009560437714550729,0.016317014503277605,-0.009560437714550729,0.016317014503277605,-0.009560437714550729,5.616317014503277,0.909547746227835,5.6,0.9191081839423857,0.0,0.0,Vmag_get_voltage_magnitude_series__angle_get_voltage_angle_series,true,GFM,Ybus EMT reconstruction using exact complex bus-voltage phasors when available; otherwise diagnostic fallback
9.37,0.01631689192930441,-0.009558877777461339,0.01631689192930441,-0.009558877777461339,0.01631689192930441,-0.009558877777461339,5.616316891929304,0.9095493061649244,5.6,0.9191081839423857,0.0,0.0,Vmag_get_voltage_magnitude_series__angle_get_voltage_angle_series,true,GFM,Ybus EMT reconstruction using exact complex bus-voltage phasors when available; otherwise diagnostic fallback
9.38,0.01631677108348395,-0.009557324135079592,0.01631677108348395,-0.009557324135079592,0.01631677108348395,-0.009557324135079592,5.616316771083484,0.9095508598073061,5.6,0.9191081839423857,0.0,0.0,Vmag_get_voltage_magnitude_series__angle_get_voltage_angle_series,true,GFM,Ybus EMT reconstruction using exact complex bus-voltage phasors when available; otherwise diagnostic fallback
9.39,0.016316651957929196,-0.009555776820884931,0.016316651957929196,-0.009555776820884931,0.016316651957929196,-0.009555776820884931,5.616316651957929,0.9095524071215008,5.6,0.9191081839423857,0.0,0.0,Vmag_get_voltage_magnitude_series__angle_get_voltage_angle_series,true,GFM,Ybus EMT reconstruction using exact complex bus-voltage phasors when available; otherwise diagnostic fallback
9.4,0.016316534544689176,-0.009554235867540783,0.016316534544689176,-0.009554235867540783,0.016316534544689176,-0.009554235867540783,5.616316534544689,0.9095539480748449,5.6,0.9191081839423857,0.0,0.0,Vmag_get_voltage_magnitude_series__angle_get_voltage_angle_series,true,GFM,Ybus EMT reconstruction using exact complex bus-voltage phasors when available; otherwise diagnostic fallback
9.41,0.016316418835772062,-0.009552701307048439,0.016316418835772062,-0.009552701307048439,0.016316418835772062,-0.009552701307048439,5.616316418835772,0.9095554826353373,5.6,0.9191081839423857,0.0,0.0,Vmag_get_voltage_magnitude_series__angle_get_voltage_angle_series,true,GFM,Ybus EMT reconstruction using exact complex bus-voltage phasors when available; otherwise diagnostic fallback
9.42,0.016316304823145167,-0.009551173170536553,0.016316304823145167,-0.009551173170536553,0.016316304823145167,-0.009551173170536553,5.616316304823145,0.9095570107718491,5.6,0.9191081839423857,0.0,0.0,Vmag_get_voltage_magnitude_series__angle_get_voltage_angle_series,true,GFM,Ybus EMT reconstruction using exact complex bus-voltage phasors when available; otherwise diagnostic fallback
9.43,0.01631619249873051,-0.009549651488430233,0.01631619249873051,-0.009549651488430233,0.01631619249873051,-0.009549651488430233,5.61631619249873,0.9095585324539555,5.6,0.9191081839423857,0.0,0.0,Vmag_get_voltage_magnitude_series__angle_get_voltage_angle_series,true,GFM,Ybus EMT reconstruction using exact complex bus-voltage phasors when available; otherwise diagnostic fallback
9.44,0.016316081854371944,-0.009548136290393638,0.016316081854371944,-0.009548136290393638,0.016316081854371944,-0.009548136290393638,5.616316081854372,0.909560047651992,5.6,0.9191081839423857,0.0,0.0,Vmag_get_voltage_magnitude_series__angle_get_voltage_angle_series,true,GFM,Ybus EMT reconstruction using exact complex bus-voltage phasors when available; otherwise diagnostic fallback
9.45,0.016315972881908003,-0.009546627605308111,0.016315972881908003,-0.009546627605308111,0.016315972881908003,-0.009546627605308111,5.616315972881908,0.9095615563370776,5.6,0.9191081839423857,0.0,0.0,Vmag_get_voltage_magnitude_series__angle_get_voltage_angle_series,true,GFM,Ybus EMT reconstruction using exact complex bus-voltage phasors when available; otherwise diagnostic fallback
9.46,0.0163158655731106,-0.009545125461340787,0.0163158655731106,-0.009545125461340787,0.0163158655731106,-0.009545125461340787,5.61631586557311,0.9095630584810449,5.6,0.9191081839423857,0.0,0.0,Vmag_get_voltage_magnitude_series__angle_get_voltage_angle_series,true,GFM,Ybus EMT reconstruction using exact complex bus-voltage phasors when available; otherwise diagnostic fallback
9.47,0.01631575991973211,-0.009543629885985672,0.01631575991973211,-0.009543629885985672,0.01631575991973211,-0.009543629885985672,5.616315759919732,0.9095645540564,5.6,0.9191081839423857,0.0,0.0,Vmag_get_voltage_magnitude_series__angle_get_voltage_angle_series,true,GFM,Ybus EMT reconstruction using exact complex bus-voltage phasors when available; otherwise diagnostic fallback
9.48,0.016315655913447635,-0.009542140905847374,0.016315655913447635,-0.009542140905847374,0.016315655913447635,-0.009542140905847374,5.616315655913447,0.9095660430365383,5.6,0.9191081839423857,0.0,0.0,Vmag_get_voltage_magnitude_series__angle_get_voltage_angle_series,true,GFM,Ybus EMT reconstruction using exact complex bus-voltage phasors when available; otherwise diagnostic fallback
9.49,0.016315553545897643,-0.009540658546956737,0.016315553545897643,-0.009540658546956737,0.016315553545897643,-0.009540658546956737,5.616315553545897,0.909567525395429,5.6,0.9191081839423857,0.0,0.0,Vmag_get_voltage_magnitude_series__angle_get_voltage_angle_series,true,GFM,Ybus EMT reconstruction using exact complex bus-voltage phasors when available; otherwise diagnostic fallback
9.5,0.01631545280872526,-0.009539182834548465,0.01631545280872526,-0.009539182834548465,0.01631545280872526,-0.009539182834548465,5.616315452808725,0.9095690011078372,5.6,0.9191081839423857,0.0,0.0,Vmag_get_voltage_magnitude_series__angle_get_voltage_angle_series,true,GFM,Ybus EMT reconstruction using exact complex bus-voltage phasors when available; otherwise diagnostic fallback
9.51,0.01631535369347681,-0.009537713793160818,0.01631535369347681,-0.009537713793160818,0.01631535369347681,-0.009537713793160818,5.6163153536934765,0.9095704701492249,5.6,0.9191081839423857,0.0,0.0,Vmag_get_voltage_magnitude_series__angle_get_voltage_angle_series,true,GFM,Ybus EMT reconstruction using exact complex bus-voltage phasors when available; otherwise diagnostic fallback
9.52,0.0163152561917137,-0.009536251446604527,0.0163152561917137,-0.009536251446604527,0.0163152561917137,-0.009536251446604527,5.616315256191713,0.9095719324957812,5.6,0.9191081839423857,0.0,0.0,Vmag_get_voltage_magnitude_series__angle_get_voltage_angle_series,true,GFM,Ybus EMT reconstruction using exact complex bus-voltage phasors when available; otherwise diagnostic fallback
9.53,0.01631516029491209,-0.009534795818013087,0.01631516029491209,-0.009534795818013087,0.01631516029491209,-0.009534795818013087,5.616315160294912,0.9095733881243726,5.6,0.9191081839423857,0.0,0.0,Vmag_get_voltage_magnitude_series__angle_get_voltage_angle_series,true,GFM,Ybus EMT reconstruction using exact complex bus-voltage phasors when available; otherwise diagnostic fallback
9.54,0.016315065994543687,-0.009533346929801012,0.016315065994543687,-0.009533346929801012,0.016315065994543687,-0.009533346929801012,5.616315065994543,0.9095748370125847,5.6,0.9191081839423857,0.0,0.0,Vmag_get_voltage_magnitude_series__angle_get_voltage_angle_series,true,GFM,Ybus EMT reconstruction using exact complex bus-voltage phasors when available; otherwise diagnostic fallback
9.55,0.016314973282041123,-0.00953190480370536,0.016314973282041123,-0.00953190480370536,0.016314973282041123,-0.00953190480370536,5.616314973282041,0.9095762791386803,5.6,0.9191081839423857,0.0,0.0,Vmag_get_voltage_magnitude_series__angle_get_voltage_angle_series,true,GFM,Ybus EMT reconstruction using exact complex bus-voltage phasors when available; otherwise diagnostic fallback
9.56,0.01631488214879706,-0.009530469460772517,0.01631488214879706,-0.009530469460772517,0.01631488214879706,-0.009530469460772517,5.616314882148797,0.9095777144816132,5.6,0.9191081839423857,0.0,0.0,Vmag_get_voltage_magnitude_series__angle_get_voltage_angle_series,true,GFM,Ybus EMT reconstruction using exact complex bus-voltage phasors when available; otherwise diagnostic fallback
9.57,0.016314792586170412,-0.009529040921331222,0.016314792586170412,-0.009529040921331222,0.016314792586170412,-0.009529040921331222,5.61631479258617,0.9095791430210545,5.6,0.9191081839423857,0.0,0.0,Vmag_get_voltage_magnitude_series__angle_get_voltage_angle_series,true,GFM,Ybus EMT reconstruction using exact complex bus-voltage phasors when available; otherwise diagnostic fallback
9.58,0.0163147045854668,-0.00952761920509504,0.0163147045854668,-0.00952761920509504,0.0163147045854668,-0.00952761920509504,5.616314704585466,0.9095805647372907,5.6,0.9191081839423857,0.0,0.0,Vmag_get_voltage_magnitude_series__angle_get_voltage_angle_series,true,GFM,Ybus EMT reconstruction using exact complex bus-voltage phasors when available; otherwise diagnostic fallback
9.59,0.01631461813803714,-0.009526204331044341,0.01631461813803714,-0.009526204331044341,0.01631461813803714,-0.009526204331044341,5.616314618138037,0.9095819796113414,5.6,0.9191081839423857,0.0,0.0,Vmag_get_voltage_magnitude_series__angle_get_voltage_angle_series,true,GFM,Ybus EMT reconstruction using exact complex bus-voltage phasors when available; otherwise diagnostic fallback
9.6,0.016314533235100015,-0.009524796317563533,0.016314533235100015,-0.009524796317563533,0.016314533235100015,-0.009524796317563533,5.6163145332351,0.9095833876248222,5.6,0.9191081839423857,0.0,0.0,Vmag_get_voltage_magnitude_series__angle_get_voltage_angle_series,true,GFM,Ybus EMT reconstruction using exact complex bus-voltage phasors when available; otherwise diagnostic fallback
9.61,0.016314449867916636,-0.009523395182291838,0.016314449867916636,-0.009523395182291838,0.016314449867916636,-0.009523395182291838,5.616314449867916,0.9095847887600939,5.6,0.9191081839423857,0.0,0.0,Vmag_get_voltage_magnitude_series__angle_get_voltage_angle_series,true,GFM,Ybus EMT reconstruction using exact complex bus-voltage phasors when available; otherwise diagnostic fallback
9.62,0.01631436802770736,-0.009522000942296605,0.01631436802770736,-0.009522000942296605,0.01631436802770736,-0.009522000942296605,5.616314368027707,0.9095861830000891,5.6,0.9191081839423857,0.0,0.0,Vmag_get_voltage_magnitude_series__angle_get_voltage_angle_series,true,GFM,Ybus EMT reconstruction using exact complex bus-voltage phasors when available; otherwise diagnostic fallback
9.63,0.01631428770565968,-0.009520613613955065,0.01631428770565968,-0.009520613613955065,0.01631428770565968,-0.009520613613955065,5.616314287705659,0.9095875703284306,5.6,0.9191081839423857,0.0,0.0,Vmag_get_voltage_magnitude_series__angle_get_voltage_angle_series,true,GFM,Ybus EMT reconstruction using exact complex bus-voltage phasors when available; otherwise diagnostic fallback
9.64,0.016314208892933557,-0.009519233212965328,0.016314208892933557,-0.009519233212965328,0.016314208892933557,-0.009519233212965328,5.616314208892933,0.9095889507294204,5.6,0.9191081839423857,0.0,0.0,Vmag_get_voltage_magnitude_series__angle_get_voltage_angle_series,true,GFM,Ybus EMT reconstruction using exact complex bus-voltage phasors when available; otherwise diagnostic fallback
9.65,0.01631413158063655,-0.009517859754440194,0.01631413158063655,-0.009517859754440194,0.01631413158063655,-0.009517859754440194,5.616314131580636,0.9095903241879455,5.6,0.9191081839423857,0.0,0.0,Vmag_get_voltage_magnitude_series__angle_get_voltage_angle_series,true,GFM,Ybus EMT reconstruction using exact complex bus-voltage phasors when available; otherwise diagnostic fallback
9.66,0.016314055759909074,-0.00951649325285897,0.016314055759909074,-0.00951649325285897,0.016314055759909074,-0.00951649325285897,5.616314055759909,0.9095916906895267,5.6,0.9191081839423857,0.0,0.0,Vmag_get_voltage_magnitude_series__angle_get_voltage_angle_series,true,GFM,Ybus EMT reconstruction using exact complex bus-voltage phasors when available; otherwise diagnostic fallback
9.67,0.016313981421822277,-0.009515133722041935,0.016313981421822277,-0.009515133722041935,0.016313981421822277,-0.009515133722041935,5.616313981421822,0.9095930502203438,5.6,0.9191081839423857,0.0,0.0,Vmag_get_voltage_magnitude_series__angle_get_voltage_angle_series,true,GFM,Ybus EMT reconstruction using exact complex bus-voltage phasors when available; otherwise diagnostic fallback
9.68,0.016313908557445522,-0.00951378117522561,0.016313908557445522,-0.00951378117522561,0.016313908557445522,-0.00951378117522561,5.616313908557445,0.9095944027671601,5.6,0.9191081839423857,0.0,0.0,Vmag_get_voltage_magnitude_series__angle_get_voltage_angle_series,true,GFM,Ybus EMT reconstruction using exact complex bus-voltage phasors when available; otherwise diagnostic fallback
9.69,0.01631383715783752,-0.009512435624980387,0.01631383715783752,-0.009512435624980387,0.01631383715783752,-0.009512435624980387,5.616313837157837,0.9095957483174053,5.6,0.9191081839423857,0.0,0.0,Vmag_get_voltage_magnitude_series__angle_get_voltage_angle_series,true,GFM,Ybus EMT reconstruction using exact complex bus-voltage phasors when available; otherwise diagnostic fallback
9.7,0.01631376721400457,-0.009511097083303555,0.01631376721400457,-0.009511097083303555,0.01631376721400457,-0.009511097083303555,5.616313767214004,0.9095970868590821,5.6,0.9191081839423857,0.0,0.0,Vmag_get_voltage_magnitude_series__angle_get_voltage_angle_series,true,GFM,Ybus EMT reconstruction using exact complex bus-voltage phasors when available; otherwise diagnostic fallback
9.71,0.01631369871695565,-0.009509765561569572,0.01631369871695565,-0.009509765561569572,0.01631369871695565,-0.009509765561569572,5.616313698716955,0.9095984183808161,5.6,0.9191081839423857,0.0,0.0,Vmag_get_voltage_magnitude_series__angle_get_voltage_angle_series,true,GFM,Ybus EMT reconstruction using exact complex bus-voltage phasors when available; otherwise diagnostic fallback
9.72,0.016313631657694394,-0.009508441070570917,0.016313631657694394,-0.009508441070570917,0.016313631657694394,-0.009508441070570917,5.616313631657694,0.9095997428718148,5.6,0.9191081839423857,0.0,0.0,Vmag_get_voltage_magnitude_series__angle_get_voltage_angle_series,true,GFM,Ybus EMT reconstruction using exact complex bus-voltage phasors when available; otherwise diagnostic fallback
9.73,0.016313566027176485,-0.009507123620446367,0.016313566027176485,-0.009507123620446367,0.016313566027176485,-0.009507123620446367,5.616313566027176,0.9096010603219393,5.6,0.9191081839423857,0.0,0.0,Vmag_get_voltage_magnitude_series__angle_get_voltage_angle_series,true,GFM,Ybus EMT reconstruction using exact complex bus-voltage phasors when available; otherwise diagnostic fallback
9.74,0.016313501816344278,-0.009505813220861525,0.016313501816344278,-0.009505813220861525,0.016313501816344278,-0.009505813220861525,5.616313501816344,0.9096023707215242,5.6,0.9191081839423857,0.0,0.0,Vmag_get_voltage_magnitude_series__angle_get_voltage_angle_series,true,GFM,Ybus EMT reconstruction using exact complex bus-voltage phasors when available; otherwise diagnostic fallback
9.75,0.016313439016138354,-0.009504509880712386,0.016313439016138354,-0.009504509880712386,0.016313439016138354,-0.009504509880712386,5.616313439016138,0.9096036740616733,5.6,0.9191081839423857,0.0,0.0,Vmag_get_voltage_magnitude_series__angle_get_voltage_angle_series,true,GFM,Ybus EMT reconstruction using exact complex bus-voltage phasors when available; otherwise diagnostic fallback
9.76,0.01631337761747531,-0.009503213608552108,0.01631337761747531,-0.009503213608552108,0.01631337761747531,-0.009503213608552108,5.616313377617475,0.9096049703338336,5.6,0.9191081839423857,0.0,0.0,Vmag_get_voltage_magnitude_series__angle_get_voltage_angle_series,true,GFM,Ybus EMT reconstruction using exact complex bus-voltage phasors when available; otherwise diagnostic fallback
9.77,0.01631331761126642,-0.009501924412167795,0.01631331761126642,-0.009501924412167795,0.01631331761126642,-0.009501924412167795,5.616313317611266,0.9096062595302179,5.6,0.9191081839423857,0.0,0.0,Vmag_get_voltage_magnitude_series__angle_get_voltage_angle_series,true,GFM,Ybus EMT reconstruction using exact complex bus-voltage phasors when available; otherwise diagnostic fallback
9.78,0.01631325898839453,-0.009500642298845952,0.01631325898839453,-0.009500642298845952,0.01631325898839453,-0.009500642298845952,5.616313258988394,0.9096075416435397,5.6,0.9191081839423857,0.0,0.0,Vmag_get_voltage_magnitude_series__angle_get_voltage_angle_series,true,GFM,Ybus EMT reconstruction using exact complex bus-voltage phasors when available; otherwise diagnostic fallback
9.79,0.01631320173974249,-0.00949936727530254,0.01631320173974249,-0.00949936727530254,0.01631320173974249,-0.00949936727530254,5.616313201739742,0.9096088166670832,5.6,0.9191081839423857,0.0,0.0,Vmag_get_voltage_magnitude_series__angle_get_voltage_angle_series,true,GFM,Ybus EMT reconstruction using exact complex bus-voltage phasors when available; otherwise diagnostic fallback
9.8,0.016313145856172717,-0.009498099347754585,0.016313145856172717,-0.009498099347754585,0.016313145856172717,-0.009498099347754585,5.616313145856172,0.9096100845946311,5.6,0.9191081839423857,0.0,0.0,Vmag_get_voltage_magnitude_series__angle_get_voltage_angle_series,true,GFM,Ybus EMT reconstruction using exact complex bus-voltage phasors when available; otherwise diagnostic fallback
9.81,0.01631309132852543,-0.009496838521731221,0.01631309132852543,-0.009496838521731221,0.01631309132852543,-0.009496838521731221,5.616313091328525,0.9096113454206545,5.6,0.9191081839423857,0.0,0.0,Vmag_get_voltage_magnitude_series__angle_get_voltage_angle_series,true,GFM,Ybus EMT reconstruction using exact complex bus-voltage phasors when available; otherwise diagnostic fallback
9.82,0.016313038147652392,-0.00949558480232493,0.016313038147652392,-0.00949558480232493,0.016313038147652392,-0.00949558480232493,5.616313038147652,0.9096125991400608,5.6,0.9191081839423857,0.0,0.0,Vmag_get_voltage_magnitude_series__angle_get_voltage_angle_series,true,GFM,Ybus EMT reconstruction using exact complex bus-voltage phasors when available; otherwise diagnostic fallback
9.83,0.016312986304391153,-0.0094943381941065,0.016312986304391153,-0.0094943381941065,0.016312986304391153,-0.0094943381941065,5.616312986304391,0.9096138457482792,5.6,0.9191081839423857,0.0,0.0,Vmag_get_voltage_magnitude_series__angle_get_voltage_angle_series,true,GFM,Ybus EMT reconstruction using exact complex bus-voltage phasors when available; otherwise diagnostic fallback
9.84,0.016312935789533967,-0.0094930987010039,0.016312935789533967,-0.0094930987010039,0.016312935789533967,-0.0094930987010039,5.616312935789534,0.9096150852413818,5.6,0.9191081839423857,0.0,0.0,Vmag_get_voltage_magnitude_series__angle_get_voltage_angle_series,true,GFM,Ybus EMT reconstruction using exact complex bus-voltage phasors when available; otherwise diagnostic fallback
9.85,0.01631288659392549,-0.009491866326482579,0.01631288659392549,-0.009491866326482579,0.01631288659392549,-0.009491866326482579,5.616312886593925,0.9096163176159031,5.6,0.9191081839423857,0.0,0.0,Vmag_get_voltage_magnitude_series__angle_get_voltage_angle_series,true,GFM,Ybus EMT reconstruction using exact complex bus-voltage phasors when available; otherwise diagnostic fallback
9.86,0.016312838708354427,-0.00949064107346509,0.016312838708354427,-0.00949064107346509,0.016312838708354427,-0.00949064107346509,5.616312838708354,0.9096175428689206,5.6,0.9191081839423857,0.0,0.0,Vmag_get_voltage_magnitude_series__angle_get_voltage_angle_series,true,GFM,Ybus EMT reconstruction using exact complex bus-voltage phasors when available; otherwise diagnostic fallback
9.87,0.016312792123623687,-0.009489422944373382,0.016312792123623687,-0.009489422944373382,0.016312792123623687,-0.009489422944373382,5.616312792123623,0.9096187609980123,5.6,0.9191081839423857,0.0,0.0,Vmag_get_voltage_magnitude_series__angle_get_voltage_angle_series,true,GFM,Ybus EMT reconstruction using exact complex bus-voltage phasors when available; otherwise diagnostic fallback
9.88,0.016312746830510427,-0.009488211941082514,0.016312746830510427,-0.009488211941082514,0.016312746830510427,-0.009488211941082514,5.61631274683051,0.9096199720013032,5.6,0.9191081839423857,0.0,0.0,Vmag_get_voltage_magnitude_series__angle_get_voltage_angle_series,true,GFM,Ybus EMT reconstruction using exact complex bus-voltage phasors when available; otherwise diagnostic fallback
9.89,0.016312702819801572,-0.009487008064952951,0.016312702819801572,-0.009487008064952951,0.016312702819801572,-0.009487008064952951,5.616312702819801,0.9096211758774327,5.6,0.9191081839423857,0.0,0.0,Vmag_get_voltage_magnitude_series__angle_get_voltage_angle_series,true,GFM,Ybus EMT reconstruction using exact complex bus-voltage phasors when available; otherwise diagnostic fallback
9.9,0.016312660082285824,-0.009485811316854886,0.016312660082285824,-0.009485811316854886,0.016312660082285824,-0.009485811316854886,5.6163126600822855,0.9096223726255308,5.6,0.9191081839423857,0.0,0.0,Vmag_get_voltage_magnitude_series__angle_get_voltage_angle_series,true,GFM,Ybus EMT reconstruction using exact complex bus-voltage phasors when available; otherwise diagnostic fallback
9.91,0.01631261860874922,-0.00948462169718245,0.01631261860874922,-0.00948462169718245,0.01631261860874922,-0.00948462169718245,5.616312618608749,0.9096235622452032,5.6,0.9191081839423857,0.0,0.0,Vmag_get_voltage_magnitude_series__angle_get_voltage_angle_series,true,GFM,Ybus EMT reconstruction using exact complex bus-voltage phasors when available; otherwise diagnostic fallback
9.92,0.016312578389958254,-0.009483439205823951,0.016312578389958254,-0.009483439205823951,0.016312578389958254,-0.009483439205823951,5.616312578389958,0.9096247447365617,5.6,0.9191081839423857,0.0,0.0,Vmag_get_voltage_magnitude_series__angle_get_voltage_angle_series,true,GFM,Ybus EMT reconstruction using exact complex bus-voltage phasors when available; otherwise diagnostic fallback
9.93,0.016312539416710514,-0.009482263842114924,0.016312539416710514,-0.009482263842114924,0.016312539416710514,-0.009482263842114924,5.61631253941671,0.9096259201002708,5.6,0.9191081839423857,0.0,0.0,Vmag_get_voltage_magnitude_series__angle_get_voltage_angle_series,true,GFM,Ybus EMT reconstruction using exact complex bus-voltage phasors when available; otherwise diagnostic fallback
9.94,0.01631250167973608,-0.009481095604982337,0.01631250167973608,-0.009481095604982337,0.01631250167973608,-0.009481095604982337,5.616312501679736,0.9096270883374034,5.6,0.9191081839423857,0.0,0.0,Vmag_get_voltage_magnitude_series__angle_get_voltage_angle_series,true,GFM,Ybus EMT reconstruction using exact complex bus-voltage phasors when available; otherwise diagnostic fallback
9.95,0.016312465169843193,-0.009479934492807263,0.016312465169843193,-0.009479934492807263,0.016312465169843193,-0.009479934492807263,5.616312465169843,0.9096282494495784,5.6,0.9191081839423857,0.0,0.0,Vmag_get_voltage_magnitude_series__angle_get_voltage_angle_series,true,GFM,Ybus EMT reconstruction using exact complex bus-voltage phasors when available; otherwise diagnostic fallback
9.96,0.016312429877777035,-0.009478780503580087,0.016312429877777035,-0.009478780503580087,0.016312429877777035,-0.009478780503580087,5.616312429877777,0.9096294034388056,5.6,0.9191081839423857,0.0,0.0,Vmag_get_voltage_magnitude_series__angle_get_voltage_angle_series,true,GFM,Ybus EMT reconstruction using exact complex bus-voltage phasors when available; otherwise diagnostic fallback
9.97,0.01631239579430055,-0.009477633634748961,0.01631239579430055,-0.009477633634748961,0.01631239579430055,-0.009477633634748961,5.6163123957943,0.9096305503076367,5.6,0.9191081839423857,0.0,0.0,Vmag_get_voltage_magnitude_series__angle_get_voltage_angle_series,true,GFM,Ybus EMT reconstruction using exact complex bus-voltage phasors when available; otherwise diagnostic fallback
9.98,0.016312362910190892,-0.009476493883305293,0.016312362910190892,-0.009476493883305293,0.016312362910190892,-0.009476493883305293,5.6163123629101905,0.9096316900590804,5.6,0.9191081839423857,0.0,0.0,Vmag_get_voltage_magnitude_series__angle_get_voltage_angle_series,true,GFM,Ybus EMT reconstruction using exact complex bus-voltage phasors when available; otherwise diagnostic fallback
9.99,0.01631233121620923,-0.009475361245824265,0.01631233121620923,-0.009475361245824265,0.01631233121620923,-0.009475361245824265,5.616312331216209,0.9096328226965614,5.6,0.9191081839423857,0.0,0.0,Vmag_get_voltage_magnitude_series__angle_get_voltage_angle_series,true,GFM,Ybus EMT reconstruction using exact complex bus-voltage phasors when available; otherwise diagnostic fallback
10.0,0.016312300701705418,-0.00947423570979311,0.016312300701705418,-0.00947423570979311,0.016312300701705418,-0.00947423570979311,5.616312300701705,0.9096339482325926,5.6,0.9191081839423857,0.0,0.0,Vmag_get_voltage_magnitude_series__angle_get_voltage_angle_series,true,GFM,Ybus EMT reconstruction using exact complex bus-voltage phasors when available; otherwise diagnostic fallback
