t_s,delta_p_pu,delta_q_pu,delta_p_network_pu,delta_q_network_pu,delta_p_with_load_pu,delta_q_with_load_pu,p_network_abs_pu,q_network_abs_pu,p_network_ref_pu,q_network_ref_pu,delta_p_load_pu,delta_q_load_pu,angle_source,angle_is_exact_bus_voltage,asset_type,source
0.0,-7.219799106367164e-6,-0.00010411136737886739,-7.219799106367164e-6,-0.00010411136737886739,-7.219799106367164e-6,-0.00010411136737886739,-0.07500721979910674,-0.8801041113673884,-0.07500000000000037,-0.8800000000000096,0.0,0.0,Vmag_get_voltage_magnitude_series__angle_get_voltage_angle_series,true,Unknown,Ybus EMT reconstruction using exact complex bus-voltage phasors when available; otherwise diagnostic fallback
0.01,-7.2197991060063416e-6,-0.00010411136736110382,-7.2197991060063416e-6,-0.00010411136736110382,-7.2197991060063416e-6,-0.00010411136736110382,-0.07500721979910638,-0.8801041113673707,-0.07500000000000037,-0.8800000000000096,0.0,0.0,Vmag_get_voltage_magnitude_series__angle_get_voltage_angle_series,true,Unknown,Ybus EMT reconstruction using exact complex bus-voltage phasors when available; otherwise diagnostic fallback
0.02,-7.219799105520619e-6,-0.00010411136736465654,-7.219799105520619e-6,-0.00010411136736465654,-7.219799105520619e-6,-0.00010411136736465654,-0.07500721979910589,-0.8801041113673742,-0.07500000000000037,-0.8800000000000096,0.0,0.0,Vmag_get_voltage_magnitude_series__angle_get_voltage_angle_series,true,Unknown,Ybus EMT reconstruction using exact complex bus-voltage phasors when available; otherwise diagnostic fallback
0.03,-7.219799105215308e-6,-0.00010411136736110382,-7.219799105215308e-6,-0.00010411136736110382,-7.219799105215308e-6,-0.00010411136736110382,-0.07500721979910559,-0.8801041113673707,-0.07500000000000037,-0.8800000000000096,0.0,0.0,Vmag_get_voltage_magnitude_series__angle_get_voltage_angle_series,true,Unknown,Ybus EMT reconstruction using exact complex bus-voltage phasors when available; otherwise diagnostic fallback
0.04,-7.2197991060063416e-6,-0.00010411136736465654,-7.2197991060063416e-6,-0.00010411136736465654,-7.2197991060063416e-6,-0.00010411136736465654,-0.07500721979910638,-0.8801041113673742,-0.07500000000000037,-0.8800000000000096,0.0,0.0,Vmag_get_voltage_magnitude_series__angle_get_voltage_angle_series,true,Unknown,Ybus EMT reconstruction using exact complex bus-voltage phasors when available; otherwise diagnostic fallback
0.05,-7.219799105298574e-6,-0.00010411136736110382,-7.219799105298574e-6,-0.00010411136736110382,-7.219799105298574e-6,-0.00010411136736110382,-0.07500721979910567,-0.8801041113673707,-0.07500000000000037,-0.8800000000000096,0.0,0.0,Vmag_get_voltage_magnitude_series__angle_get_voltage_angle_series,true,Unknown,Ybus EMT reconstruction using exact complex bus-voltage phasors when available; otherwise diagnostic fallback
0.06,-7.219799106186753e-6,-0.00010411136735777315,-7.219799106186753e-6,-0.00010411136735777315,-7.219799106186753e-6,-0.00010411136735777315,-0.07500721979910656,-0.8801041113673673,-0.07500000000000037,-0.8800000000000096,0.0,0.0,Vmag_get_voltage_magnitude_series__angle_get_voltage_angle_series,true,Unknown,Ybus EMT reconstruction using exact complex bus-voltage phasors when available; otherwise diagnostic fallback
0.07,-7.219799105673275e-6,-0.00010411136735066773,-7.219799105673275e-6,-0.00010411136735066773,-7.219799105673275e-6,-0.00010411136735066773,-0.07500721979910605,-0.8801041113673602,-0.07500000000000037,-0.8800000000000096,0.0,0.0,Vmag_get_voltage_magnitude_series__angle_get_voltage_angle_series,true,Unknown,Ybus EMT reconstruction using exact complex bus-voltage phasors when available; otherwise diagnostic fallback
0.08,-7.219799105603886e-6,-0.00010411136736465654,-7.219799105603886e-6,-0.00010411136736465654,-7.219799105603886e-6,-0.00010411136736465654,-0.07500721979910598,-0.8801041113673742,-0.07500000000000037,-0.8800000000000096,0.0,0.0,Vmag_get_voltage_magnitude_series__angle_get_voltage_angle_series,true,Unknown,Ybus EMT reconstruction using exact complex bus-voltage phasors when available; otherwise diagnostic fallback
0.09,-7.219799105964708e-6,-0.00010411136735777315,-7.219799105964708e-6,-0.00010411136735777315,-7.219799105964708e-6,-0.00010411136735777315,-0.07500721979910634,-0.8801041113673673,-0.07500000000000037,-0.8800000000000096,0.0,0.0,Vmag_get_voltage_magnitude_series__angle_get_voltage_angle_series,true,Unknown,Ybus EMT reconstruction using exact complex bus-voltage phasors when available; otherwise diagnostic fallback
0.1,-7.2197991056177635e-6,-0.00010411136736465654,-7.2197991056177635e-6,-0.00010411136736465654,-7.2197991056177635e-6,-0.00010411136736465654,-0.07500721979910599,-0.8801041113673742,-0.07500000000000037,-0.8800000000000096,0.0,0.0,Vmag_get_voltage_magnitude_series__angle_get_voltage_angle_series,true,Unknown,Ybus EMT reconstruction using exact complex bus-voltage phasors when available; otherwise diagnostic fallback
0.11,0.0003278731081352293,0.0038110243400952815,0.0003278731081352293,0.0038110243400952815,0.0003278731081352293,0.0038110243400952815,-0.07467212689186514,-0.8761889756599143,-0.07500000000000037,-0.8800000000000096,0.0,0.0,Vmag_get_voltage_magnitude_series__angle_get_voltage_angle_series,true,Unknown,Ybus EMT reconstruction using exact complex bus-voltage phasors when available; otherwise diagnostic fallback
0.12,0.00034064481903836596,0.003961439414200796,0.00034064481903836596,0.003961439414200796,0.00034064481903836596,0.003961439414200796,-0.074659355180962,-0.8760385605858088,-0.07500000000000037,-0.8800000000000096,0.0,0.0,Vmag_get_voltage_magnitude_series__angle_get_voltage_angle_series,true,Unknown,Ybus EMT reconstruction using exact complex bus-voltage phasors when available; otherwise diagnostic fallback
0.13,0.00033636740011612487,0.003911205233240178,0.00033636740011612487,0.003911205233240178,0.00033636740011612487,0.003911205233240178,-0.07466363259988425,-0.8760887947667694,-0.07500000000000037,-0.8800000000000096,0.0,0.0,Vmag_get_voltage_magnitude_series__angle_get_voltage_angle_series,true,Unknown,Ybus EMT reconstruction using exact complex bus-voltage phasors when available; otherwise diagnostic fallback
0.14,0.0003354323635341855,0.003900436896458248,0.0003354323635341855,0.003900436896458248,0.0003354323635341855,0.003900436896458248,-0.07466456763646619,-0.8760995631035513,-0.07500000000000037,-0.8800000000000096,0.0,0.0,Vmag_get_voltage_magnitude_series__angle_get_voltage_angle_series,true,Unknown,Ybus EMT reconstruction using exact complex bus-voltage phasors when available; otherwise diagnostic fallback
0.15,0.0003263446007694404,0.003794167809750837,0.0003263446007694404,0.003794167809750837,0.0003263446007694404,0.003794167809750837,-0.07467365539923093,-0.8762058321902587,-0.07500000000000037,-0.8800000000000096,0.0,0.0,Vmag_get_voltage_magnitude_series__angle_get_voltage_angle_series,true,Unknown,Ybus EMT reconstruction using exact complex bus-voltage phasors when available; otherwise diagnostic fallback
0.16,0.0003205532722964505,0.0037264719709981797,0.0003205532722964505,0.0037264719709981797,0.0003205532722964505,0.0037264719709981797,-0.07467944672770392,-0.8762735280290114,-0.07500000000000037,-0.8800000000000096,0.0,0.0,Vmag_get_voltage_magnitude_series__angle_get_voltage_angle_series,true,Unknown,Ybus EMT reconstruction using exact complex bus-voltage phasors when available; otherwise diagnostic fallback
0.17,0.0003137094944635488,0.0036464275030068105,0.0003137094944635488,0.0036464275030068105,0.0003137094944635488,0.0036464275030068105,-0.07468629050553682,-0.8763535724970027,-0.07500000000000037,-0.8800000000000096,0.0,0.0,Vmag_get_voltage_magnitude_series__angle_get_voltage_angle_series,true,Unknown,Ybus EMT reconstruction using exact complex bus-voltage phasors when available; otherwise diagnostic fallback
0.18,0.0003075943332622594,0.003574888914047114,0.0003075943332622594,0.003574888914047114,0.0003075943332622594,0.003574888914047114,-0.07469240566673811,-0.8764251110859624,-0.07500000000000037,-0.8800000000000096,0.0,0.0,Vmag_get_voltage_magnitude_series__angle_get_voltage_angle_series,true,Unknown,Ybus EMT reconstruction using exact complex bus-voltage phasors when available; otherwise diagnostic fallback
0.19,0.0003019463294085256,0.0035087932872417404,0.0003019463294085256,0.0035087932872417404,0.0003019463294085256,0.0035087932872417404,-0.07469805367059185,-0.8764912067127678,-0.07500000000000037,-0.8800000000000096,0.0,0.0,Vmag_get_voltage_magnitude_series__angle_get_voltage_angle_series,true,Unknown,Ybus EMT reconstruction using exact complex bus-voltage phasors when available; otherwise diagnostic fallback
0.2,0.00029710314887188005,0.003452097161757983,0.00029710314887188005,0.003452097161757983,0.00029710314887188005,0.003452097161757983,-0.07470289685112849,-0.8765479028382516,-0.07500000000000037,-0.8800000000000096,0.0,0.0,Vmag_get_voltage_magnitude_series__angle_get_voltage_angle_series,true,Unknown,Ybus EMT reconstruction using exact complex bus-voltage phasors when available; otherwise diagnostic fallback
0.21,0.00029290842774958026,0.0034029685452567904,0.00029290842774958026,0.0034029685452567904,0.00029290842774958026,0.0034029685452567904,-0.07470709157225079,-0.8765970314547528,-0.07500000000000037,-0.8800000000000096,0.0,0.0,Vmag_get_voltage_magnitude_series__angle_get_voltage_angle_series,true,Unknown,Ybus EMT reconstruction using exact complex bus-voltage phasors when available; otherwise diagnostic fallback
0.22,0.00028931778039689715,0.0033608900243708995,0.00028931778039689715,0.0033608900243708995,0.00028931778039689715,0.0033608900243708995,-0.07471068221960347,-0.8766391099756387,-0.07500000000000037,-0.8800000000000096,0.0,0.0,Vmag_get_voltage_magnitude_series__angle_get_voltage_angle_series,true,Unknown,Ybus EMT reconstruction using exact complex bus-voltage phasors when available; otherwise diagnostic fallback
0.23,0.0002862281361453167,0.0033246554002637208,0.0002862281361453167,0.0033246554002637208,0.0002862281361453167,0.0033246554002637208,-0.07471377186385506,-0.8766753445997458,-0.07500000000000037,-0.8800000000000096,0.0,0.0,Vmag_get_voltage_magnitude_series__angle_get_voltage_angle_series,true,Unknown,Ybus EMT reconstruction using exact complex bus-voltage phasors when available; otherwise diagnostic fallback
0.24,0.00028355270361532514,0.0032932502487574844,0.00028355270361532514,0.0032932502487574844,0.00028355270361532514,0.0032932502487574844,-0.07471644729638505,-0.8767067497512521,-0.07500000000000037,-0.8800000000000096,0.0,0.0,Vmag_get_voltage_magnitude_series__angle_get_voltage_angle_series,true,Unknown,Ybus EMT reconstruction using exact complex bus-voltage phasors when available; otherwise diagnostic fallback
0.25,0.00028120022732677774,0.0032656079186534903,0.00028120022732677774,0.0032656079186534903,0.00028120022732677774,0.0032656079186534903,-0.0747187997726736,-0.8767343920813561,-0.07500000000000037,-0.8800000000000096,0.0,0.0,Vmag_get_voltage_magnitude_series__angle_get_voltage_angle_series,true,Unknown,Ybus EMT reconstruction using exact complex bus-voltage phasors when available; otherwise diagnostic fallback
0.26,0.00027909046100527135,0.0032407908380075456,0.00027909046100527135,0.0032407908380075456,0.00027909046100527135,0.0032407908380075456,-0.0747209095389951,-0.876759209162002,-0.07500000000000037,-0.8800000000000096,0.0,0.0,Vmag_get_voltage_magnitude_series__angle_get_voltage_angle_series,true,Unknown,Ybus EMT reconstruction using exact complex bus-voltage phasors when available; otherwise diagnostic fallback
0.27,0.00027715117108194354,0.003217955406761619,0.00027715117108194354,0.003217955406761619,0.00027715117108194354,0.003217955406761619,-0.07472284882891843,-0.8767820445932479,-0.07500000000000037,-0.8800000000000096,0.0,0.0,Vmag_get_voltage_magnitude_series__angle_get_voltage_angle_series,true,Unknown,Ybus EMT reconstruction using exact complex bus-voltage phasors when available; otherwise diagnostic fallback
0.28,0.00027532161021695534,0.003196392521626623,0.00027532161021695534,0.003196392521626623,0.00027532161021695534,0.003196392521626623,-0.07472467838978342,-0.8768036074783829,-0.07500000000000037,-0.8800000000000096,0.0,0.0,Vmag_get_voltage_magnitude_series__angle_get_voltage_angle_series,true,Unknown,Ybus EMT reconstruction using exact complex bus-voltage phasors when available; otherwise diagnostic fallback
0.29,0.00027355084468483337,0.003175507984800152,0.00027355084468483337,0.003175507984800152,0.00027355084468483337,0.003175507984800152,-0.07472644915531554,-0.8768244920152094,-0.07500000000000037,-0.8800000000000096,0.0,0.0,Vmag_get_voltage_magnitude_series__angle_get_voltage_angle_series,true,Unknown,Ybus EMT reconstruction using exact complex bus-voltage phasors when available; otherwise diagnostic fallback
0.3,0.0002717978117136727,0.003154823109935867,0.0002717978117136727,0.003154823109935867,0.0002717978117136727,0.003154823109935867,-0.0747282021882867,-0.8768451768900737,-0.07500000000000037,-0.8800000000000096,0.0,0.0,Vmag_get_voltage_magnitude_series__angle_get_voltage_angle_series,true,Unknown,Ybus EMT reconstruction using exact complex bus-voltage phasors when available; otherwise diagnostic fallback
0.31,0.00027002953877783287,0.0031339538286201396,0.00027002953877783287,0.0031339538286201396,0.00027002953877783287,0.0031339538286201396,-0.07472997046122254,-0.8768660461713894,-0.07500000000000037,-0.8800000000000096,0.0,0.0,Vmag_get_voltage_magnitude_series__angle_get_voltage_angle_series,true,Unknown,Ybus EMT reconstruction using exact complex bus-voltage phasors when available; otherwise diagnostic fallback
0.32,0.0002682200325807571,0.003112597660298033,0.0002682200325807571,0.003112597660298033,0.0002682200325807571,0.003112597660298033,-0.07473177996741961,-0.8768874023397115,-0.07500000000000037,-0.8800000000000096,0.0,0.0,Vmag_get_voltage_magnitude_series__angle_get_voltage_angle_series,true,Unknown,Ybus EMT reconstruction using exact complex bus-voltage phasors when available; otherwise diagnostic fallback
0.33,0.00026634872198007253,0.0030905154473231944,0.00026634872198007253,0.0030905154473231944,0.00026634872198007253,0.0030905154473231944,-0.0747336512780203,-0.8769094845526864,-0.07500000000000037,-0.8800000000000096,0.0,0.0,Vmag_get_voltage_magnitude_series__angle_get_voltage_angle_series,true,Unknown,Ybus EMT reconstruction using exact complex bus-voltage phasors when available; otherwise diagnostic fallback
0.34,0.000264399226347356,0.00306751692418894,0.000264399226347356,0.00306751692418894,0.000264399226347356,0.00306751692418894,-0.07473560077365302,-0.8769324830758206,-0.07500000000000037,-0.8800000000000096,0.0,0.0,Vmag_get_voltage_magnitude_series__angle_get_voltage_angle_series,true,Unknown,Ybus EMT reconstruction using exact complex bus-voltage phasors when available; otherwise diagnostic fallback
0.35,0.00026235829120691,0.003043448241746294,0.00026235829120691,0.003043448241746294,0.00026235829120691,0.003043448241746294,-0.07473764170879346,-0.8769565517582633,-0.07500000000000037,-0.8800000000000096,0.0,0.0,Vmag_get_voltage_magnitude_series__angle_get_voltage_angle_series,true,Unknown,Ybus EMT reconstruction using exact complex bus-voltage phasors when available; otherwise diagnostic fallback
0.36,0.00026021489462808856,0.003018181499419903,0.00026021489462808856,0.003018181499419903,0.00026021489462808856,0.003018181499419903,-0.07473978510537228,-0.8769818185005896,-0.07500000000000037,-0.8800000000000096,0.0,0.0,Vmag_get_voltage_magnitude_series__angle_get_voltage_angle_series,true,Unknown,Ybus EMT reconstruction using exact complex bus-voltage phasors when available; otherwise diagnostic fallback
0.37,0.00025795970870721996,0.0029916084452437097,0.00025795970870721996,0.0029916084452437097,0.00025795970870721996,0.0029916084452437097,-0.07474204029129315,-0.8770083915547658,-0.07500000000000037,-0.8800000000000096,0.0,0.0,Vmag_get_voltage_magnitude_series__angle_get_voltage_angle_series,true,Unknown,Ybus EMT reconstruction using exact complex bus-voltage phasors when available; otherwise diagnostic fallback
0.38,0.00025558461726898907,0.0029636348276245172,0.00025558461726898907,0.0029636348276245172,0.00025558461726898907,0.0029636348276245172,-0.07474441538273138,-0.877036365172385,-0.07500000000000037,-0.8800000000000096,0.0,0.0,Vmag_get_voltage_magnitude_series__angle_get_voltage_angle_series,true,Unknown,Ybus EMT reconstruction using exact complex bus-voltage phasors when available; otherwise diagnostic fallback
0.39,0.00025308252516509366,0.0029341781794565147,0.00025308252516509366,0.0029341781794565147,0.00025308252516509366,0.0029341781794565147,-0.07474691747483528,-0.877065821820553,-0.07500000000000037,-0.8800000000000096,0.0,0.0,Vmag_get_voltage_magnitude_series__angle_get_voltage_angle_series,true,Unknown,Ybus EMT reconstruction using exact complex bus-voltage phasors when available; otherwise diagnostic fallback
0.4,0.0002504472943477276,0.0029031670794031905,0.0002504472943477276,0.0029031670794031905,0.0002504472943477276,0.0029031670794031905,-0.07474955270565264,-0.8770968329206064,-0.07500000000000037,-0.8800000000000096,0.0,0.0,Vmag_get_voltage_magnitude_series__angle_get_voltage_angle_series,true,Unknown,Ybus EMT reconstruction using exact complex bus-voltage phasors when available; otherwise diagnostic fallback
0.41,0.00024767364082166343,0.002870539960877827,0.00024767364082166343,0.002870539960877827,0.00024767364082166343,0.002870539960877827,-0.07475232635917871,-0.8771294600391317,-0.07500000000000037,-0.8800000000000096,0.0,0.0,Vmag_get_voltage_magnitude_series__angle_get_voltage_angle_series,true,Unknown,Ybus EMT reconstruction using exact complex bus-voltage phasors when available; otherwise diagnostic fallback
0.42,0.00024475732658538196,0.0028362473818597245,0.00024475732658538196,0.0028362473818597245,0.00024475732658538196,0.0028362473818597245,-0.07475524267341499,-0.8771637526181498,-0.07500000000000037,-0.8800000000000096,0.0,0.0,Vmag_get_voltage_magnitude_series__angle_get_voltage_angle_series,true,Unknown,Ybus EMT reconstruction using exact complex bus-voltage phasors when available; otherwise diagnostic fallback
0.43,0.00024169516676851577,0.002800252122135083,0.00024169516676851577,0.002800252122135083,0.00024169516676851577,0.002800252122135083,-0.07475830483323186,-0.8771997478778745,-0.07500000000000037,-0.8800000000000096,0.0,0.0,Vmag_get_voltage_magnitude_series__angle_get_voltage_angle_series,true,Unknown,Ybus EMT reconstruction using exact complex bus-voltage phasors when available; otherwise diagnostic fallback
0.44,0.00023848519693575598,0.0027625311682972775,0.00023848519693575598,0.0027625311682972775,0.00023848519693575598,0.0027625311682972775,-0.07476151480306462,-0.8772374688317123,-0.07500000000000037,-0.8800000000000096,0.0,0.0,Vmag_get_voltage_magnitude_series__angle_get_voltage_angle_series,true,Unknown,Ybus EMT reconstruction using exact complex bus-voltage phasors when available; otherwise diagnostic fallback
0.45,0.000235126782420228,0.0027230770080143296,0.000235126782420228,0.0027230770080143296,0.000235126782420228,0.0027230770080143296,-0.07476487321758014,-0.8772769229919952,-0.07500000000000037,-0.8800000000000096,0.0,0.0,Vmag_get_voltage_magnitude_series__angle_get_voltage_angle_series,true,Unknown,Ybus EMT reconstruction using exact complex bus-voltage phasors when available; otherwise diagnostic fallback
0.46,0.00023162069609543312,0.0026818985610250756,0.00023162069609543312,0.0026818985610250756,0.00023162069609543312,0.0026818985610250756,-0.07476837930390494,-0.8773181014389845,-0.07500000000000037,-0.8800000000000096,0.0,0.0,Vmag_get_voltage_magnitude_series__angle_get_voltage_angle_series,true,Unknown,Ybus EMT reconstruction using exact complex bus-voltage phasors when available; otherwise diagnostic fallback
0.47,0.00022796925785206756,0.0026390228295065654,0.00022796925785206756,0.0026390228295065654,0.00022796925785206756,0.0026390228295065654,-0.0747720307421483,-0.877360977170503,-0.07500000000000037,-0.8800000000000096,0.0,0.0,Vmag_get_voltage_magnitude_series__angle_get_voltage_angle_series,true,Unknown,Ybus EMT reconstruction using exact complex bus-voltage phasors when available; otherwise diagnostic fallback
0.48,0.00022417634125906916,0.0025944949880543078,0.00022417634125906916,0.0025944949880543078,0.00022417634125906916,0.0025944949880543078,-0.0747758236587413,-0.8774055050119552,-0.07500000000000037,-0.8800000000000096,0.0,0.0,Vmag_get_voltage_magnitude_series__angle_get_voltage_angle_series,true,Unknown,Ybus EMT reconstruction using exact complex bus-voltage phasors when available; otherwise diagnostic fallback
0.49,0.00022024744149803932,0.0025483791937884748,0.00022024744149803932,0.0025483791937884748,0.00022024744149803932,0.0025483791937884748,-0.07477975255850233,-0.8774516208062211,-0.07500000000000037,-0.8800000000000096,0.0,0.0,Vmag_get_voltage_magnitude_series__angle_get_voltage_angle_series,true,Unknown,Ybus EMT reconstruction using exact complex bus-voltage phasors when available; otherwise diagnostic fallback
0.5,0.00021618965570802118,0.0025007583633509523,0.00021618965570802118,0.0025007583633509523,0.00021618965570802118,0.0025007583633509523,-0.07478381034429235,-0.8774992416366586,-0.07500000000000037,-0.8800000000000096,0.0,0.0,Vmag_get_voltage_magnitude_series__angle_get_voltage_angle_series,true,Unknown,Ybus EMT reconstruction using exact complex bus-voltage phasors when available; otherwise diagnostic fallback
0.51,0.00021201165023661261,0.0024517337980769494,0.00021201165023661261,0.0024517337980769494,0.00021201165023661261,0.0024517337980769494,-0.07478798834976376,-0.8775482662019326,-0.07500000000000037,-0.8800000000000096,0.0,0.0,Vmag_get_voltage_magnitude_series__angle_get_voltage_angle_series,true,Unknown,Ybus EMT reconstruction using exact complex bus-voltage phasors when available; otherwise diagnostic fallback
0.52,0.00020772361098542191,0.00240142460713777,0.00020772361098542191,0.00240142460713777,0.00020772361098542191,0.00240142460713777,-0.07479227638901495,-0.8775985753928718,-0.07500000000000037,-0.8800000000000096,0.0,0.0,Vmag_get_voltage_magnitude_series__angle_get_voltage_angle_series,true,Unknown,Ybus EMT reconstruction using exact complex bus-voltage phasors when available; otherwise diagnostic fallback
0.53,0.0002033371125135658,0.00234996617662786,0.0002033371125135658,0.00234996617662786,0.0002033371125135658,0.00234996617662786,-0.0747966628874868,-0.8776500338233817,-0.07500000000000037,-0.8800000000000096,0.0,0.0,Vmag_get_voltage_magnitude_series__angle_get_voltage_angle_series,true,Unknown,Ybus EMT reconstruction using exact complex bus-voltage phasors when available; otherwise diagnostic fallback
0.54,0.00019886501754060038,0.0022975089951536853,0.00019886501754060038,0.0022975089951536853,0.00019886501754060038,0.0022975089951536853,-0.07480113498245977,-0.8777024910048559,-0.07500000000000037,-0.8800000000000096,0.0,0.0,Vmag_get_voltage_magnitude_series__angle_get_voltage_angle_series,true,Unknown,Ybus EMT reconstruction using exact complex bus-voltage phasors when available; otherwise diagnostic fallback
0.55,0.00019432130408045256,0.002244216627603657,0.00019432130408045256,0.002244216627603657,0.00019432130408045256,0.002244216627603657,-0.07480567869591992,-0.8777557833724059,-0.07500000000000037,-0.8800000000000096,0.0,0.0,Vmag_get_voltage_magnitude_series__angle_get_voltage_angle_series,true,Unknown,Ybus EMT reconstruction using exact complex bus-voltage phasors when available; otherwise diagnostic fallback
0.56,0.00018972088666947828,0.00219026362145458,0.00018972088666947828,0.00219026362145458,0.00018972088666947828,0.00219026362145458,-0.0748102791133309,-0.877809736378555,-0.07500000000000037,-0.8800000000000096,0.0,0.0,Vmag_get_voltage_magnitude_series__angle_get_voltage_angle_series,true,Unknown,Ybus EMT reconstruction using exact complex bus-voltage phasors when available; otherwise diagnostic fallback
0.57,0.00018507943342822852,0.002135833361212036,0.00018507943342822852,0.002135833361212036,0.00018507943342822852,0.002135833361212036,-0.07481492056657214,-0.8778641666387975,-0.07500000000000037,-0.8800000000000096,0.0,0.0,Vmag_get_voltage_magnitude_series__angle_get_voltage_angle_series,true,Unknown,Ybus EMT reconstruction using exact complex bus-voltage phasors when available; otherwise diagnostic fallback
0.58,0.00018041313404215664,0.002081115348503415,0.00018041313404215664,0.002081115348503415,0.00018041313404215664,0.002081115348503415,-0.07481958686595822,-0.8779188846515061,-0.07500000000000037,-0.8800000000000096,0.0,0.0,Vmag_get_voltage_magnitude_series__angle_get_voltage_angle_series,true,Unknown,Ybus EMT reconstruction using exact complex bus-voltage phasors when available; otherwise diagnostic fallback
0.59,0.00017573851364485749,0.002026303020281617,0.00017573851364485749,0.002026303020281617,0.00017573851364485749,0.002026303020281617,-0.07482426148635551,-0.8779736969797279,-0.07500000000000037,-0.8800000000000096,0.0,0.0,Vmag_get_voltage_magnitude_series__angle_get_voltage_angle_series,true,Unknown,Ybus EMT reconstruction using exact complex bus-voltage phasors when available; otherwise diagnostic fallback
0.6,0.0001710721965594575,0.001971590977725368,0.0001710721965594575,0.001971590977725368,0.0001710721965594575,0.001971590977725368,-0.07482892780344091,-0.8780284090222842,-0.07500000000000037,-0.8800000000000096,0.0,0.0,Vmag_get_voltage_magnitude_series__angle_get_voltage_angle_series,true,Unknown,Ybus EMT reconstruction using exact complex bus-voltage phasors when available; otherwise diagnostic fallback
0.61,0.0001664307078731858,0.0019171726605764494,0.0001664307078731858,0.0019171726605764494,0.0001664307078731858,0.0019171726605764494,-0.07483356929212719,-0.8780828273394331,-0.07500000000000037,-0.8800000000000096,0.0,0.0,Vmag_get_voltage_magnitude_series__angle_get_voltage_angle_series,true,Unknown,Ybus EMT reconstruction using exact complex bus-voltage phasors when available; otherwise diagnostic fallback
0.62,0.00016183027892230362,0.001863238066032613,0.00016183027892230362,0.001863238066032613,0.00016183027892230362,0.001863238066032613,-0.07483816972107807,-0.8781367619339769,-0.07500000000000037,-0.8800000000000096,0.0,0.0,Vmag_get_voltage_magnitude_series__angle_get_voltage_angle_series,true,Unknown,Ybus EMT reconstruction using exact complex bus-voltage phasors when available; otherwise diagnostic fallback
0.63,0.00015728665361060268,0.001809971478486605,0.00015728665361060268,0.001809971478486605,0.00015728665361060268,0.001809971478486605,-0.07484271334638977,-0.878190028521523,-0.07500000000000037,-0.8800000000000096,0.0,0.0,Vmag_get_voltage_magnitude_series__angle_get_voltage_angle_series,true,Unknown,Ybus EMT reconstruction using exact complex bus-voltage phasors when available; otherwise diagnostic fallback
0.64,0.00015281493646608635,0.0017575496886623743,0.00015281493646608635,0.0017575496886623743,0.00015281493646608635,0.0017575496886623743,-0.07484718506353429,-0.8782424503113472,-0.07500000000000037,-0.8800000000000096,0.0,0.0,Vmag_get_voltage_magnitude_series__angle_get_voltage_angle_series,true,Unknown,Ybus EMT reconstruction using exact complex bus-voltage phasors when available; otherwise diagnostic fallback
0.65,0.00014842943592860425,0.0017061401566482726,0.00014842943592860425,0.0017061401566482726,0.00014842943592860425,0.0017061401566482726,-0.07485157056407177,-0.8782938598433613,-0.07500000000000037,-0.8800000000000096,0.0,0.0,Vmag_get_voltage_magnitude_series__angle_get_voltage_angle_series,true,Unknown,Ybus EMT reconstruction using exact complex bus-voltage phasors when available; otherwise diagnostic fallback
0.66,0.00014414355023045777,0.0016558996752406019,0.00014414355023045777,0.0016558996752406019,0.00014414355023045777,0.0016558996752406019,-0.07485585644976991,-0.878344100324769,-0.07500000000000037,-0.8800000000000096,0.0,0.0,Vmag_get_voltage_magnitude_series__angle_get_voltage_angle_series,true,Unknown,Ybus EMT reconstruction using exact complex bus-voltage phasors when available; otherwise diagnostic fallback
0.67,0.0001399696643271664,0.0016069731624875905,0.0001399696643271664,0.0016069731624875905,0.0001399696643271664,0.0016069731624875905,-0.0748600303356732,-0.878393026837522,-0.07500000000000037,-0.8800000000000096,0.0,0.0,Vmag_get_voltage_magnitude_series__angle_get_voltage_angle_series,true,Unknown,Ybus EMT reconstruction using exact complex bus-voltage phasors when available; otherwise diagnostic fallback
0.68,0.0001359190713438735,0.0015594927420911064,0.0001359190713438735,0.0015594927420911064,0.0001359190713438735,0.0015594927420911064,-0.0748640809286565,-0.8784405072579184,-0.07500000000000037,-0.8800000000000096,0.0,0.0,Vmag_get_voltage_magnitude_series__angle_get_voltage_angle_series,true,Unknown,Ybus EMT reconstruction using exact complex bus-voltage phasors when available; otherwise diagnostic fallback
0.69,0.0001320019196610761,0.0015135771244825236,0.0001320019196610761,0.0015135771244825236,0.0001320019196610761,0.0015135771244825236,-0.0748679980803393,-0.878486422875527,-0.07500000000000037,-0.8800000000000096,0.0,0.0,Vmag_get_voltage_magnitude_series__angle_get_voltage_angle_series,true,Unknown,Ybus EMT reconstruction using exact complex bus-voltage phasors when available; otherwise diagnostic fallback
0.7,0.00012822717264471262,0.001469331136059071,0.00012822717264471262,0.001469331136059071,0.00012822717264471262,0.001469331136059071,-0.07487177282735566,-0.8785306688639505,-0.07500000000000037,-0.8800000000000096,0.0,0.0,Vmag_get_voltage_magnitude_series__angle_get_voltage_angle_series,true,Unknown,Ybus EMT reconstruction using exact complex bus-voltage phasors when available; otherwise diagnostic fallback
0.71,0.0001246025969648401,0.0014268455841947025,0.0001246025969648401,0.0014268455841947025,0.0001246025969648401,0.0014268455841947025,-0.07487539740303553,-0.8785731544158148,-0.07500000000000037,-0.8800000000000096,0.0,0.0,Vmag_get_voltage_magnitude_series__angle_get_voltage_angle_series,true,Unknown,Ybus EMT reconstruction using exact complex bus-voltage phasors when available; otherwise diagnostic fallback
0.72,0.0001211347580610811,0.0013861972050840388,0.0001211347580610811,0.0013861972050840388,0.0001211347580610811,0.0013861972050840388,-0.07487886524193929,-0.8786138027949255,-0.07500000000000037,-0.8800000000000096,0.0,0.0,Vmag_get_voltage_magnitude_series__angle_get_voltage_angle_series,true,Unknown,Ybus EMT reconstruction using exact complex bus-voltage phasors when available; otherwise diagnostic fallback
0.73,0.00011782903482920881,0.0013474488378859562,0.00011782903482920881,0.0013474488378859562,0.00011782903482920881,0.0013474488378859562,-0.07488217096517116,-0.8786525511621236,-0.07500000000000037,-0.8800000000000096,0.0,0.0,Vmag_get_voltage_magnitude_series__angle_get_voltage_angle_series,true,Unknown,Ybus EMT reconstruction using exact complex bus-voltage phasors when available; otherwise diagnostic fallback
0.74,0.00011468964956093397,0.0013106497769584946,0.00011468964956093397,0.0013106497769584946,0.00011468964956093397,0.0013106497769584946,-0.07488531035043944,-0.8786893502230511,-0.07500000000000037,-0.8800000000000096,0.0,0.0,Vmag_get_voltage_magnitude_series__angle_get_voltage_angle_series,true,Unknown,Ybus EMT reconstruction using exact complex bus-voltage phasors when available; otherwise diagnostic fallback
0.75,0.0001117196986118868,0.001275836132708874,0.0001117196986118868,0.001275836132708874,0.0001117196986118868,0.001275836132708874,-0.07488828030138849,-0.8787241638673007,-0.07500000000000037,-0.8800000000000096,0.0,0.0,Vmag_get_voltage_magnitude_series__angle_get_voltage_angle_series,true,Unknown,Ybus EMT reconstruction using exact complex bus-voltage phasors when available; otherwise diagnostic fallback
0.76,0.00010892120334222988,0.0012430314300699852,0.00010892120334222988,0.0012430314300699852,0.00010892120334222988,0.0012430314300699852,-0.07489107879665814,-0.8787569685699396,-0.07500000000000037,-0.8800000000000096,0.0,0.0,Vmag_get_voltage_magnitude_series__angle_get_voltage_angle_series,true,Unknown,Ybus EMT reconstruction using exact complex bus-voltage phasors when available; otherwise diagnostic fallback
0.77,0.00010629515756094277,0.0012122471655175993,0.00010629515756094277,0.0012122471655175993,0.00010629515756094277,0.0012122471655175993,-0.07489370484243943,-0.878787752834492,-0.07500000000000037,-0.8800000000000096,0.0,0.0,Vmag_get_voltage_magnitude_series__angle_get_voltage_angle_series,true,Unknown,Ybus EMT reconstruction using exact complex bus-voltage phasors when available; otherwise diagnostic fallback
0.78,0.00010384158476894889,0.0011834834791707438,0.00010384158476894889,0.0011834834791707438,0.00010384158476894889,0.0011834834791707438,-0.07489615841523142,-0.8788165165208388,-0.07500000000000037,-0.8800000000000096,0.0,0.0,Vmag_get_voltage_magnitude_series__angle_get_voltage_angle_series,true,Unknown,Ybus EMT reconstruction using exact complex bus-voltage phasors when available; otherwise diagnostic fallback
0.79,0.00010155959952838634,0.0011567298746203436,0.00010155959952838634,0.0011567298746203436,0.00010155959952838634,0.0011567298746203436,-0.07489844040047199,-0.8788432701253892,-0.07500000000000037,-0.8800000000000096,0.0,0.0,Vmag_get_voltage_magnitude_series__angle_get_voltage_angle_series,true,Unknown,Ybus EMT reconstruction using exact complex bus-voltage phasors when available; otherwise diagnostic fallback
0.8,9.94474642053711e-5,0.0011319658846059566,9.94474642053711e-5,0.0011319658846059566,9.94474642053711e-5,0.0011319658846059566,-0.074900552535795,-0.8788680341154036,-0.07500000000000037,-0.8800000000000096,0.0,0.0,Vmag_get_voltage_magnitude_series__angle_get_voltage_angle_series,true,Unknown,Ybus EMT reconstruction using exact complex bus-voltage phasors when available; otherwise diagnostic fallback
0.81,9.750265712593631e-5,0.0011091618702117056,9.750265712593631e-5,0.0011091618702117056,9.750265712593631e-5,0.0011091618702117056,-0.07490249734287444,-0.8788908381297978,-0.07500000000000037,-0.8800000000000096,0.0,0.0,Vmag_get_voltage_magnitude_series__angle_get_voltage_angle_series,true,Unknown,Ybus EMT reconstruction using exact complex bus-voltage phasors when available; otherwise diagnostic fallback
0.82,9.572192995040141e-5,0.0010882796932998318,9.572192995040141e-5,0.0010882796932998318,9.572192995040141e-5,0.0010882796932998318,-0.07490427807004997,-0.8789117203067097,-0.07500000000000037,-0.8800000000000096,0.0,0.0,Vmag_get_voltage_magnitude_series__angle_get_voltage_angle_series,true,Unknown,Ybus EMT reconstruction using exact complex bus-voltage phasors when available; otherwise diagnostic fallback
0.83,9.410137328817736e-5,0.0010692734855767272,9.410137328817736e-5,0.0010692734855767272,9.410137328817736e-5,0.0010692734855767272,-0.0749058986267122,-0.8789307265144328,-0.07500000000000037,-0.8800000000000096,0.0,0.0,Vmag_get_voltage_magnitude_series__angle_get_voltage_angle_series,true,Unknown,Ybus EMT reconstruction using exact complex bus-voltage phasors when available; otherwise diagnostic fallback
0.84,9.263647683749321e-5,0.0010520903530879533,9.263647683749321e-5,0.0010520903530879533,9.263647683749321e-5,0.0010520903530879533,-0.07490736352316288,-0.8789479096469216,-0.07500000000000037,-0.8800000000000096,0.0,0.0,Vmag_get_voltage_magnitude_series__angle_get_voltage_angle_series,true,Unknown,Ybus EMT reconstruction using exact complex bus-voltage phasors when available; otherwise diagnostic fallback
0.85,9.132218643376211e-5,0.0010366710443500127,9.132218643376211e-5,0.0010366710443500127,9.132218643376211e-5,0.0010366710443500127,-0.07490867781356661,-0.8789633289556595,-0.07500000000000037,-0.8800000000000096,0.0,0.0,Vmag_get_voltage_magnitude_series__angle_get_voltage_angle_series,true,Unknown,Ybus EMT reconstruction using exact complex bus-voltage phasors when available; otherwise diagnostic fallback
0.86,9.015296812342477e-5,0.0010229507007966099,9.015296812342477e-5,0.0010229507007966099,9.015296812342477e-5,0.0010229507007966099,-0.07490984703187695,-0.8789770492992129,-0.07500000000000037,-0.8800000000000096,0.0,0.0,Vmag_get_voltage_magnitude_series__angle_get_voltage_angle_series,true,Unknown,Ybus EMT reconstruction using exact complex bus-voltage phasors when available; otherwise diagnostic fallback
0.87,8.912285751964955e-5,0.0010108594341794452,8.912285751964955e-5,0.0010108594341794452,8.912285751964955e-5,0.0010108594341794452,-0.07491087714248072,-0.8789891405658301,-0.07500000000000037,-0.8800000000000096,0.0,0.0,Vmag_get_voltage_magnitude_series__angle_get_voltage_angle_series,true,Unknown,Ybus EMT reconstruction using exact complex bus-voltage phasors when available; otherwise diagnostic fallback
0.88,8.822551991702343e-5,0.0010003230306353528,8.822551991702343e-5,0.0010003230306353528,8.822551991702343e-5,0.0010003230306353528,-0.07491177448008335,-0.8789996769693742,-0.07500000000000037,-0.8800000000000096,0.0,0.0,Vmag_get_voltage_magnitude_series__angle_get_voltage_angle_series,true,Unknown,Ybus EMT reconstruction using exact complex bus-voltage phasors when available; otherwise diagnostic fallback
0.89,8.745430105477903e-5,0.0009912635442366202,8.745430105477903e-5,0.0009912635442366202,8.745430105477903e-5,0.0009912635442366202,-0.07491254569894559,-0.8790087364557729,-0.07500000000000037,-0.8800000000000096,0.0,0.0,Vmag_get_voltage_magnitude_series__angle_get_voltage_angle_series,true,Unknown,Ybus EMT reconstruction using exact complex bus-voltage phasors when available; otherwise diagnostic fallback
0.9,8.680227653548589e-5,0.000983599875308161,8.680227653548589e-5,0.000983599875308161,8.680227653548589e-5,0.000983599875308161,-0.07491319772346489,-0.8790164001247014,-0.07500000000000037,-0.8800000000000096,0.0,0.0,Vmag_get_voltage_magnitude_series__angle_get_voltage_angle_series,true,Unknown,Ybus EMT reconstruction using exact complex bus-voltage phasors when available; otherwise diagnostic fallback
0.91,8.626230537300827e-5,0.0009772483968848444,8.626230537300827e-5,0.0009772483968848444,8.626230537300827e-5,0.0009772483968848444,-0.07491373769462736,-0.8790227516031247,-0.07500000000000037,-0.8800000000000096,0.0,0.0,Vmag_get_voltage_magnitude_series__angle_get_voltage_angle_series,true,Unknown,Ybus EMT reconstruction using exact complex bus-voltage phasors when available; otherwise diagnostic fallback
0.92,8.582707256322986e-5,0.0009721234522378497,8.582707256322986e-5,0.0009721234522378497,8.582707256322986e-5,0.0009721234522378497,-0.07491417292743714,-0.8790278765477717,-0.07500000000000037,-0.8800000000000096,0.0,0.0,Vmag_get_voltage_magnitude_series__angle_get_voltage_angle_series,true,Unknown,Ybus EMT reconstruction using exact complex bus-voltage phasors when available; otherwise diagnostic fallback
0.93,8.548913913282441e-5,0.0009681379406044632,8.548913913282441e-5,0.0009681379406044632,8.548913913282441e-5,0.0009681379406044632,-0.07491451086086755,-0.8790318620594051,-0.07500000000000037,-0.8800000000000096,0.0,0.0,Vmag_get_voltage_magnitude_series__angle_get_voltage_angle_series,true,Unknown,Ybus EMT reconstruction using exact complex bus-voltage phasors when available; otherwise diagnostic fallback
0.94,8.524098408307923e-5,0.000965203807109849,8.524098408307923e-5,0.000965203807109849,8.524098408307923e-5,0.000965203807109849,-0.07491475901591729,-0.8790347961928997,-0.07500000000000037,-0.8800000000000096,0.0,0.0,Vmag_get_voltage_magnitude_series__angle_get_voltage_angle_series,true,Unknown,Ybus EMT reconstruction using exact complex bus-voltage phasors when available; otherwise diagnostic fallback
0.95,8.507504689464485e-5,0.0009632325400698027,8.507504689464485e-5,0.0009632325400698027,8.507504689464485e-5,0.0009632325400698027,-0.07491492495310573,-0.8790367674599397,-0.07500000000000037,-0.8800000000000096,0.0,0.0,Vmag_get_voltage_magnitude_series__angle_get_voltage_angle_series,true,Unknown,Ybus EMT reconstruction using exact complex bus-voltage phasors when available; otherwise diagnostic fallback
0.96,8.498377106450072e-5,0.0009621356799309755,8.498377106450072e-5,0.0009621356799309755,8.498377106450072e-5,0.0009621356799309755,-0.07491501622893587,-0.8790378643200786,-0.07500000000000037,-0.8800000000000096,0.0,0.0,Vmag_get_voltage_magnitude_series__angle_get_voltage_angle_series,true,Unknown,Ybus EMT reconstruction using exact complex bus-voltage phasors when available; otherwise diagnostic fallback
0.97,8.495963899946002e-5,0.0009618252269378846,8.495963899946002e-5,0.0009618252269378846,8.495963899946002e-5,0.0009618252269378846,-0.07491504036100091,-0.8790381747730717,-0.07500000000000037,-0.8800000000000096,0.0,0.0,Vmag_get_voltage_magnitude_series__angle_get_voltage_angle_series,true,Unknown,Ybus EMT reconstruction using exact complex bus-voltage phasors when available; otherwise diagnostic fallback
0.98,8.49952135224541e-5,0.0009622141267077167,8.49952135224541e-5,0.0009622141267077167,8.49952135224541e-5,0.0009622141267077167,-0.07491500478647792,-0.8790377858733018,-0.07500000000000037,-0.8800000000000096,0.0,0.0,Vmag_get_voltage_magnitude_series__angle_get_voltage_angle_series,true,Unknown,Ybus EMT reconstruction using exact complex bus-voltage phasors when available; otherwise diagnostic fallback
0.99,8.508317128415321e-5,0.0009632166605033632,8.508317128415321e-5,0.0009632166605033632,8.508317128415321e-5,0.0009632166605033632,-0.07491491682871622,-0.8790367833395062,-0.07500000000000037,-0.8800000000000096,0.0,0.0,Vmag_get_voltage_magnitude_series__angle_get_voltage_angle_series,true,Unknown,Ybus EMT reconstruction using exact complex bus-voltage phasors when available; otherwise diagnostic fallback
1.0,8.521633658026273e-5,0.0009647488406809845,8.521633658026273e-5,0.0009647488406809845,8.521633658026273e-5,0.0009647488406809845,-0.07491478366342011,-0.8790352511593286,-0.07500000000000037,-0.8800000000000096,0.0,0.0,Vmag_get_voltage_magnitude_series__angle_get_voltage_angle_series,true,Unknown,Ybus EMT reconstruction using exact complex bus-voltage phasors when available; otherwise diagnostic fallback
1.01,8.538771455798844e-5,0.0009667287989332252,8.538771455798844e-5,0.0009667287989332252,8.538771455798844e-5,0.0009667287989332252,-0.07491461228544238,-0.8790332712010763,-0.07500000000000037,-0.8800000000000096,0.0,0.0,Vmag_get_voltage_magnitude_series__angle_get_voltage_angle_series,true,Unknown,Ybus EMT reconstruction using exact complex bus-voltage phasors when available; otherwise diagnostic fallback
1.02,8.559051815404395e-5,0.0009690771009549515,8.559051815404395e-5,0.0009690771009549515,8.559051815404395e-5,0.0009690771009549515,-0.07491440948184633,-0.8790309228990546,-0.07500000000000037,-0.8800000000000096,0.0,0.0,Vmag_get_voltage_magnitude_series__angle_get_voltage_angle_series,true,Unknown,Ybus EMT reconstruction using exact complex bus-voltage phasors when available; otherwise diagnostic fallback
1.03,8.581819864580953e-5,0.000971717103806502,8.581819864580953e-5,0.000971717103806502,8.581819864580953e-5,0.000971717103806502,-0.07491418180135456,-0.879028282896203,-0.07500000000000037,-0.8800000000000096,0.0,0.0,Vmag_get_voltage_magnitude_series__angle_get_voltage_angle_series,true,Unknown,Ybus EMT reconstruction using exact complex bus-voltage phasors when available; otherwise diagnostic fallback
1.04,8.606446837100545e-5,0.0009745752212549919,8.606446837100545e-5,0.0009745752212549919,8.606446837100545e-5,0.0009745752212549919,-0.07491393553162937,-0.8790254247787546,-0.07500000000000037,-0.8800000000000096,0.0,0.0,Vmag_get_voltage_magnitude_series__angle_get_voltage_angle_series,true,Unknown,Ybus EMT reconstruction using exact complex bus-voltage phasors when available; otherwise diagnostic fallback
1.05,8.632332460004055e-5,0.0009775812030214936,8.632332460004055e-5,0.0009775812030214936,8.632332460004055e-5,0.0009775812030214936,-0.07491367667540033,-0.8790224187969881,-0.07500000000000037,-0.8800000000000096,0.0,0.0,Vmag_get_voltage_magnitude_series__angle_get_voltage_angle_series,true,Unknown,Ybus EMT reconstruction using exact complex bus-voltage phasors when available; otherwise diagnostic fallback
1.06,8.658906993527782e-5,0.0009806683730533283,8.658906993527782e-5,0.0009806683730533283,8.658906993527782e-5,0.0009806683730533283,-0.0749134109300651,-0.8790193316269562,-0.07500000000000037,-0.8800000000000096,0.0,0.0,Vmag_get_voltage_magnitude_series__angle_get_voltage_angle_series,true,Unknown,Ybus EMT reconstruction using exact complex bus-voltage phasors when available; otherwise diagnostic fallback
1.07,8.685632938250365e-5,0.000983773829037804,8.685632938250365e-5,0.000983773829037804,8.685632938250365e-5,0.000983773829037804,-0.07491314367061787,-0.8790162261709717,-0.07500000000000037,-0.8800000000000096,0.0,0.0,Vmag_get_voltage_magnitude_series__angle_get_voltage_angle_series,true,Unknown,Ybus EMT reconstruction using exact complex bus-voltage phasors when available; otherwise diagnostic fallback
1.08,8.712006727945587e-5,0.0009868386404061624,8.712006727945587e-5,0.0009868386404061624,8.712006727945587e-5,0.0009868386404061624,-0.07491287993272092,-0.8790131613596034,-0.07500000000000037,-0.8800000000000096,0.0,0.0,Vmag_get_voltage_magnitude_series__angle_get_voltage_angle_series,true,Unknown,Ybus EMT reconstruction using exact complex bus-voltage phasors when available; otherwise diagnostic fallback
1.09,8.737559807676931e-5,0.000989807974003054,8.737559807676931e-5,0.000989807974003054,8.737559807676931e-5,0.000989807974003054,-0.0749126244019236,-0.8790101920260065,-0.07500000000000037,-0.8800000000000096,0.0,0.0,Vmag_get_voltage_magnitude_series__angle_get_voltage_angle_series,true,Unknown,Ybus EMT reconstruction using exact complex bus-voltage phasors when available; otherwise diagnostic fallback
1.1,8.761859827324803e-5,0.0009926312337144028,8.761859827324803e-5,0.0009926312337144028,8.761859827324803e-5,0.0009926312337144028,-0.07491238140172712,-0.8790073687662951,-0.07500000000000037,-0.8800000000000096,0.0,0.0,Vmag_get_voltage_magnitude_series__angle_get_voltage_angle_series,true,Unknown,Ybus EMT reconstruction using exact complex bus-voltage phasors when available; otherwise diagnostic fallback
1.11,8.78451136888253e-5,0.0009952621453518384,8.78451136888253e-5,0.0009952621453518384,8.78451136888253e-5,0.0009952621453518384,-0.07491215488631155,-0.8790047378546577,-0.07500000000000037,-0.8800000000000096,0.0,0.0,Vmag_get_voltage_magnitude_series__angle_get_voltage_angle_series,true,Unknown,Ybus EMT reconstruction using exact complex bus-voltage phasors when available; otherwise diagnostic fallback
1.12,8.805156365424005e-5,0.0009976588053988156,8.805156365424005e-5,0.0009976588053988156,8.805156365424005e-5,0.0009976588053988156,-0.07491194843634613,-0.8790023411946107,-0.07500000000000037,-0.8800000000000096,0.0,0.0,Vmag_get_voltage_magnitude_series__angle_get_voltage_angle_series,true,Unknown,Ybus EMT reconstruction using exact complex bus-voltage phasors when available; otherwise diagnostic fallback
1.13,8.823474580574309e-5,0.0009997837370671059,8.823474580574309e-5,0.0009997837370671059,8.823474580574309e-5,0.0009997837370671059,-0.07491176525419463,-0.8790002162629424,-0.07500000000000037,-0.8800000000000096,0.0,0.0,Vmag_get_voltage_magnitude_series__angle_get_voltage_angle_series,true,Unknown,Ybus EMT reconstruction using exact complex bus-voltage phasors when available; otherwise diagnostic fallback
1.14,8.839183436312736e-5,0.0010016038697923113,8.839183436312736e-5,0.0010016038697923113,8.839183436312736e-5,0.0010016038697923113,-0.07491160816563724,-0.8789983961302172,-0.07500000000000037,-0.8800000000000096,0.0,0.0,Vmag_get_voltage_magnitude_series__angle_get_voltage_angle_series,true,Unknown,Ybus EMT reconstruction using exact complex bus-voltage phasors when available; otherwise diagnostic fallback
1.15,8.852037971737725e-5,0.0010030905345276286,8.852037971737725e-5,0.0010030905345276286,8.852037971737725e-5,0.0010030905345276286,-0.074911479620283,-0.8789969094654819,-0.07500000000000037,-0.8800000000000096,0.0,0.0,Vmag_get_voltage_magnitude_series__angle_get_voltage_angle_series,true,Unknown,Ybus EMT reconstruction using exact complex bus-voltage phasors when available; otherwise diagnostic fallback
1.16,8.861830355166855e-5,0.001004219406230078,8.861830355166855e-5,0.001004219406230078,8.861830355166855e-5,0.001004219406230078,-0.0749113816964487,-0.8789957805937795,-0.07500000000000037,-0.8800000000000096,0.0,0.0,Vmag_get_voltage_magnitude_series__angle_get_voltage_angle_series,true,Unknown,Ybus EMT reconstruction using exact complex bus-voltage phasors when available; otherwise diagnostic fallback
1.17,8.86838925144573e-5,0.0010049704299039952,8.86838925144573e-5,0.0010049704299039952,8.86838925144573e-5,0.0010049704299039952,-0.07491131610748591,-0.8789950295701056,-0.07500000000000037,-0.8800000000000096,0.0,0.0,Vmag_get_voltage_magnitude_series__angle_get_voltage_angle_series,true,Unknown,Ybus EMT reconstruction using exact complex bus-voltage phasors when available; otherwise diagnostic fallback
1.18,8.871579106900507e-5,0.0010053277367634283,8.871579106900507e-5,0.0010053277367634283,8.871579106900507e-5,0.0010053277367634283,-0.07491128420893137,-0.8789946722632461,-0.07500000000000037,-0.8800000000000096,0.0,0.0,Vmag_get_voltage_magnitude_series__angle_get_voltage_angle_series,true,Unknown,Ybus EMT reconstruction using exact complex bus-voltage phasors when available; otherwise diagnostic fallback
1.19,8.871298959604867e-5,0.0010052795048077767,8.871298959604867e-5,0.0010052795048077767,8.871298959604867e-5,0.0010052795048077767,-0.07491128701040432,-0.8789947204952018,-0.07500000000000037,-0.8800000000000096,0.0,0.0,Vmag_get_voltage_magnitude_series__angle_get_voltage_angle_series,true,Unknown,Ybus EMT reconstruction using exact complex bus-voltage phasors when available; otherwise diagnostic fallback
1.2,8.867481478840034e-5,0.0010048178466829372,8.867481478840034e-5,0.0010048178466829372,8.867481478840034e-5,0.0010048178466829372,-0.07491132518521197,-0.8789951821533266,-0.07500000000000037,-0.8800000000000096,0.0,0.0,Vmag_get_voltage_magnitude_series__angle_get_voltage_angle_series,true,Unknown,Ybus EMT reconstruction using exact complex bus-voltage phasors when available; otherwise diagnostic fallback
1.21,8.860091463598618e-5,0.0010039386334719236,8.860091463598618e-5,0.0010039386334719236,8.860091463598618e-5,0.0010039386334719236,-0.07491139908536439,-0.8789960613665376,-0.07500000000000037,-0.8800000000000096,0.0,0.0,Vmag_get_voltage_magnitude_series__angle_get_voltage_angle_series,true,Unknown,Ybus EMT reconstruction using exact complex bus-voltage phasors when available; otherwise diagnostic fallback
1.22,8.849124424843702e-5,0.0010026413290645797,8.849124424843702e-5,0.0010026413290645797,8.849124424843702e-5,0.0010026413290645797,-0.07491150875575193,-0.878997358670945,-0.07500000000000037,-0.8800000000000096,0.0,0.0,Vmag_get_voltage_magnitude_series__angle_get_voltage_angle_series,true,Unknown,Ybus EMT reconstruction using exact complex bus-voltage phasors when available; otherwise diagnostic fallback
1.23,8.83460510774925e-5,0.0010009288172262432,8.83460510774925e-5,0.0010009288172262432,8.83460510774925e-5,0.0010009288172262432,-0.07491165394892288,-0.8789990711827833,-0.07500000000000037,-0.8800000000000096,0.0,0.0,Vmag_get_voltage_magnitude_series__angle_get_voltage_angle_series,true,Unknown,Ybus EMT reconstruction using exact complex bus-voltage phasors when available; otherwise diagnostic fallback
1.24,8.816585529158871e-5,0.0009988071717018654,8.816585529158871e-5,0.0009988071717018654,8.816585529158871e-5,0.0009988071717018654,-0.07491183414470878,-0.8790011928283077,-0.07500000000000037,-0.8800000000000096,0.0,0.0,Vmag_get_voltage_magnitude_series__angle_get_voltage_angle_series,true,Unknown,Ybus EMT reconstruction using exact complex bus-voltage phasors when available; otherwise diagnostic fallback
1.25,8.795143452457188e-5,0.000996285478088832,8.795143452457188e-5,0.000996285478088832,8.795143452457188e-5,0.000996285478088832,-0.0749120485654758,-0.8790037145219207,-0.07500000000000037,-0.8800000000000096,0.0,0.0,Vmag_get_voltage_magnitude_series__angle_get_voltage_angle_series,true,Unknown,Ybus EMT reconstruction using exact complex bus-voltage phasors when available; otherwise diagnostic fallback
1.26,8.770380339812034e-5,0.0009933755939647293,8.770380339812034e-5,0.0009933755939647293,8.770380339812034e-5,0.0009933755939647293,-0.07491229619660225,-0.8790066244060448,-0.07500000000000037,-0.8800000000000096,0.0,0.0,Vmag_get_voltage_magnitude_series__angle_get_voltage_angle_series,true,Unknown,Ybus EMT reconstruction using exact complex bus-voltage phasors when available; otherwise diagnostic fallback
1.27,8.742419441284954e-5,0.0009900919255210194,8.742419441284954e-5,0.0009900919255210194,8.742419441284954e-5,0.0009900919255210194,-0.07491257580558752,-0.8790099080744885,-0.07500000000000037,-0.8800000000000096,0.0,0.0,Vmag_get_voltage_magnitude_series__angle_get_voltage_angle_series,true,Unknown,Ybus EMT reconstruction using exact complex bus-voltage phasors when available; otherwise diagnostic fallback
1.28,8.711403910185989e-5,0.000986451207076966,8.711403910185989e-5,0.000986451207076966,8.711403910185989e-5,0.000986451207076966,-0.07491288596089851,-0.8790135487929326,-0.07500000000000037,-0.8800000000000096,0.0,0.0,Vmag_get_voltage_magnitude_series__angle_get_voltage_angle_series,true,Unknown,Ybus EMT reconstruction using exact complex bus-voltage phasors when available; otherwise diagnostic fallback
1.29,8.677494580745793e-5,0.0009824722409408349,8.677494580745793e-5,0.0009824722409408349,8.677494580745793e-5,0.0009824722409408349,-0.07491322505419291,-0.8790175277590687,-0.07500000000000037,-0.8800000000000096,0.0,0.0,Vmag_get_voltage_magnitude_series__angle_get_voltage_angle_series,true,Unknown,Ybus EMT reconstruction using exact complex bus-voltage phasors when available; otherwise diagnostic fallback
1.3,8.640868174195071e-5,0.0009781756879245762,8.640868174195071e-5,0.0009781756879245762,8.640868174195071e-5,0.0009781756879245762,-0.07491359131825842,-0.879021824312085,-0.07500000000000037,-0.8800000000000096,0.0,0.0,Vmag_get_voltage_magnitude_series__angle_get_voltage_angle_series,true,Unknown,Ybus EMT reconstruction using exact complex bus-voltage phasors when available; otherwise diagnostic fallback
1.31,8.601715033747237e-5,0.0009735838019834242,8.601715033747237e-5,0.0009735838019834242,8.601715033747237e-5,0.0009735838019834242,-0.0749139828496629,-0.8790264161980261,-0.07500000000000037,-0.8800000000000096,0.0,0.0,Vmag_get_voltage_magnitude_series__angle_get_voltage_angle_series,true,Unknown,Ybus EMT reconstruction using exact complex bus-voltage phasors when available; otherwise diagnostic fallback
1.32,8.560237230417767e-5,0.0009687202090195024,8.560237230417767e-5,0.0009687202090195024,8.560237230417767e-5,0.0009687202090195024,-0.0749143976276962,-0.87903127979099,-0.07500000000000037,-0.8800000000000096,0.0,0.0,Vmag_get_voltage_magnitude_series__angle_get_voltage_angle_series,true,Unknown,Ybus EMT reconstruction using exact complex bus-voltage phasors when available; otherwise diagnostic fallback
1.33,8.516646530387639e-5,0.0009636096690540663,8.516646530387639e-5,0.0009636096690540663,8.516646530387639e-5,0.0009636096690540663,-0.0749148335346965,-0.8790363903309555,-0.07500000000000037,-0.8800000000000096,0.0,0.0,Vmag_get_voltage_magnitude_series__angle_get_voltage_angle_series,true,Unknown,Ybus EMT reconstruction using exact complex bus-voltage phasors when available; otherwise diagnostic fallback
1.34,8.471162307982505e-5,0.0009582778320798013,8.471162307982505e-5,0.0009582778320798013,8.471162307982505e-5,0.0009582778320798013,-0.07491528837692055,-0.8790417221679298,-0.07500000000000037,-0.8800000000000096,0.0,0.0,Vmag_get_voltage_magnitude_series__angle_get_voltage_angle_series,true,Unknown,Ybus EMT reconstruction using exact complex bus-voltage phasors when available; otherwise diagnostic fallback
1.35,8.424009793644993e-5,0.0009527510332392186,8.424009793644993e-5,0.0009527510332392186,8.424009793644993e-5,0.0009527510332392186,-0.07491575990206392,-0.8790472489667703,-0.07500000000000037,-0.8800000000000096,0.0,0.0,Vmag_get_voltage_magnitude_series__angle_get_voltage_angle_series,true,Unknown,Ybus EMT reconstruction using exact complex bus-voltage phasors when available; otherwise diagnostic fallback
1.36,8.375418001042856e-5,0.000947056050399353,8.375418001042856e-5,0.000947056050399353,8.375418001042856e-5,0.000947056050399353,-0.07491624581998994,-0.8790529439496102,-0.07500000000000037,-0.8800000000000096,0.0,0.0,Vmag_get_voltage_magnitude_series__angle_get_voltage_angle_series,true,Unknown,Ybus EMT reconstruction using exact complex bus-voltage phasors when available; otherwise diagnostic fallback
1.37,8.325618046325922e-5,0.0009412199076355154,8.325618046325922e-5,0.0009412199076355154,8.325618046325922e-5,0.0009412199076355154,-0.07491674381953711,-0.879058780092374,-0.07500000000000037,-0.8800000000000096,0.0,0.0,Vmag_get_voltage_magnitude_series__angle_get_voltage_angle_series,true,Unknown,Ybus EMT reconstruction using exact complex bus-voltage phasors when available; otherwise diagnostic fallback
1.38,8.274841348521189e-5,0.000935269664707139,8.274841348521189e-5,0.000935269664707139,8.274841348521189e-5,0.000935269664707139,-0.07491725158651516,-0.8790647303353024,-0.07500000000000037,-0.8800000000000096,0.0,0.0,Vmag_get_voltage_magnitude_series__angle_get_voltage_angle_series,true,Unknown,Ybus EMT reconstruction using exact complex bus-voltage phasors when available; otherwise diagnostic fallback
1.39,8.223317931353724e-5,0.000929232218542575,8.223317931353724e-5,0.000929232218542575,8.223317931353724e-5,0.000929232218542575,-0.07491776682068683,-0.879070767781467,-0.07500000000000037,-0.8800000000000096,0.0,0.0,Vmag_get_voltage_magnitude_series__angle_get_voltage_angle_series,true,Unknown,Ybus EMT reconstruction using exact complex bus-voltage phasors when available; otherwise diagnostic fallback
1.4,8.171274943316598e-5,0.0009231341301766394,8.171274943316598e-5,0.0009231341301766394,8.171274943316598e-5,0.0009231341301766394,-0.0749182872505672,-0.8790768658698329,-0.07500000000000037,-0.8800000000000096,0.0,0.0,Vmag_get_voltage_magnitude_series__angle_get_voltage_angle_series,true,Unknown,Ybus EMT reconstruction using exact complex bus-voltage phasors when available; otherwise diagnostic fallback
1.41,8.118935069414968e-5,0.0009170014390680326,8.118935069414968e-5,0.0009170014390680326,8.118935069414968e-5,0.0009170014390680326,-0.07491881064930622,-0.8790829985609415,-0.07500000000000037,-0.8800000000000096,0.0,0.0,Vmag_get_voltage_magnitude_series__angle_get_voltage_angle_series,true,Unknown,Ybus EMT reconstruction using exact complex bus-voltage phasors when available; otherwise diagnostic fallback
1.42,8.06651522906876e-5,0.0009108595106945838,8.06651522906876e-5,0.0009108595106945838,8.06651522906876e-5,0.0009108595106945838,-0.07491933484770968,-0.879089140489315,-0.07500000000000037,-0.8800000000000096,0.0,0.0,Vmag_get_voltage_magnitude_series__angle_get_voltage_angle_series,true,Unknown,Ybus EMT reconstruction using exact complex bus-voltage phasors when available; otherwise diagnostic fallback
1.43,8.01422525606027e-5,0.0009047328823864609,8.01422525606027e-5,0.0009047328823864609,8.01422525606027e-5,0.0009047328823864609,-0.07491985774743977,-0.8790952671176231,-0.07500000000000037,-0.8800000000000096,0.0,0.0,Vmag_get_voltage_magnitude_series__angle_get_voltage_angle_series,true,Unknown,Ybus EMT reconstruction using exact complex bus-voltage phasors when available; otherwise diagnostic fallback
1.44,7.962266734465318e-5,0.0008986451270686091,7.962266734465318e-5,0.0008986451270686091,7.962266734465318e-5,0.0008986451270686091,-0.07492037733265572,-0.8791013548729409,-0.07500000000000037,-0.8800000000000096,0.0,0.0,Vmag_get_voltage_magnitude_series__angle_get_voltage_angle_series,true,Unknown,Ybus EMT reconstruction using exact complex bus-voltage phasors when available; otherwise diagnostic fallback
1.45,7.910831971090493e-5,0.0008926187331543822,7.910831971090493e-5,0.0008926187331543822,7.910831971090493e-5,0.0008926187331543822,-0.07492089168028947,-0.8791073812668552,-0.07500000000000037,-0.8800000000000096,0.0,0.0,Vmag_get_voltage_magnitude_series__angle_get_voltage_angle_series,true,Unknown,Ybus EMT reconstruction using exact complex bus-voltage phasors when available; otherwise diagnostic fallback
1.46,7.860102996612439e-5,0.0008866749877258773,7.860102996612439e-5,0.0008866749877258773,7.860102996612439e-5,0.0008866749877258773,-0.07492139897003425,-0.8791133250122837,-0.07500000000000037,-0.8800000000000096,0.0,0.0,Vmag_get_voltage_magnitude_series__angle_get_voltage_angle_series,true,Unknown,Ybus EMT reconstruction using exact complex bus-voltage phasors when available; otherwise diagnostic fallback
1.47,7.810250788428674e-5,0.0008808338856632902,7.810250788428674e-5,0.0008808338856632902,7.810250788428674e-5,0.0008808338856632902,-0.07492189749211609,-0.8791191661143463,-0.07500000000000037,-0.8800000000000096,0.0,0.0,Vmag_get_voltage_magnitude_series__angle_get_voltage_angle_series,true,Unknown,Ybus EMT reconstruction using exact complex bus-voltage phasors when available; otherwise diagnostic fallback
1.48,7.761434525335731e-5,0.0008751140424215764,7.761434525335731e-5,0.0008751140424215764,7.761434525335731e-5,0.0008751140424215764,-0.07492238565474701,-0.879124885957588,-0.07500000000000037,-0.8800000000000096,0.0,0.0,Vmag_get_voltage_magnitude_series__angle_get_voltage_angle_series,true,Unknown,Ybus EMT reconstruction using exact complex bus-voltage phasors when available; otherwise diagnostic fallback
1.49,7.71380096058899e-5,0.0008695326207792675,7.71380096058899e-5,0.0008695326207792675,7.71380096058899e-5,0.0008695326207792675,-0.07492286199039448,-0.8791304673792303,-0.07500000000000037,-0.8800000000000096,0.0,0.0,Vmag_get_voltage_magnitude_series__angle_get_voltage_angle_series,true,Unknown,Ybus EMT reconstruction using exact complex bus-voltage phasors when available; otherwise diagnostic fallback
1.5,7.667484026896432e-5,0.0008641052846577457,7.667484026896432e-5,0.0008641052846577457,7.667484026896432e-5,0.0008641052846577457,-0.07492332515973141,-0.8791358947153518,-0.07500000000000037,-0.8800000000000096,0.0,0.0,Vmag_get_voltage_magnitude_series__angle_get_voltage_angle_series,true,Unknown,Ybus EMT reconstruction using exact complex bus-voltage phasors when available; otherwise diagnostic fallback
1.51,7.622604325881188e-5,0.0008588461392210478,7.622604325881188e-5,0.0008588461392210478,7.622604325881188e-5,0.0008588461392210478,-0.07492377395674156,-0.8791411538607885,-0.07500000000000037,-0.8800000000000096,0.0,0.0,Vmag_get_voltage_magnitude_series__angle_get_voltage_angle_series,true,Unknown,Ybus EMT reconstruction using exact complex bus-voltage phasors when available; otherwise diagnostic fallback
1.52,7.579268981881826e-5,0.0008537677139639488,7.579268981881826e-5,0.0008537677139639488,7.579268981881826e-5,0.0008537677139639488,-0.07492420731018155,-0.8791462322860456,-0.07500000000000037,-0.8800000000000096,0.0,0.0,Vmag_get_voltage_magnitude_series__angle_get_voltage_angle_series,true,Unknown,Ybus EMT reconstruction using exact complex bus-voltage phasors when available; otherwise diagnostic fallback
1.53,7.537571393081977e-5,0.0008488809334337155,7.537571393081977e-5,0.0008488809334337155,7.537571393081977e-5,0.0008488809334337155,-0.07492462428606955,-0.8791511190665758,-0.07500000000000037,-0.8800000000000096,0.0,0.0,Vmag_get_voltage_magnitude_series__angle_get_voltage_angle_series,true,Unknown,Ybus EMT reconstruction using exact complex bus-voltage phasors when available; otherwise diagnostic fallback
1.54,7.497591214343513e-5,0.0008441951153149718,7.497591214343513e-5,0.0008441951153149718,7.497591214343513e-5,0.0008441951153149718,-0.07492502408785694,-0.8791558048846946,-0.07500000000000037,-0.8800000000000096,0.0,0.0,Vmag_get_voltage_magnitude_series__angle_get_voltage_angle_series,true,Unknown,Ybus EMT reconstruction using exact complex bus-voltage phasors when available; otherwise diagnostic fallback
1.55,7.459394415071374e-5,0.0008397179770339713,7.459394415071374e-5,0.0008397179770339713,7.459394415071374e-5,0.0008397179770339713,-0.07492540605584966,-0.8791602820229756,-0.07500000000000037,-0.8800000000000096,0.0,0.0,Vmag_get_voltage_magnitude_series__angle_get_voltage_angle_series,true,Unknown,Ybus EMT reconstruction using exact complex bus-voltage phasors when available; otherwise diagnostic fallback
1.56,7.42303331285471e-5,0.000835455639758953,7.42303331285471e-5,0.000835455639758953,7.42303331285471e-5,0.000835455639758953,-0.07492576966687182,-0.8791645443602506,-0.07500000000000037,-0.8800000000000096,0.0,0.0,Vmag_get_voltage_magnitude_series__angle_get_voltage_angle_series,true,Unknown,Ybus EMT reconstruction using exact complex bus-voltage phasors when available; otherwise diagnostic fallback
1.57,7.388546943347396e-5,0.0008314126715166514,7.388546943347396e-5,0.0008314126715166514,7.388546943347396e-5,0.0008314126715166514,-0.0749261145305669,-0.8791685873284929,-0.07500000000000037,-0.8800000000000096,0.0,0.0,Vmag_get_voltage_magnitude_series__angle_get_voltage_angle_series,true,Unknown,Ybus EMT reconstruction using exact complex bus-voltage phasors when available; otherwise diagnostic fallback
1.58,7.355961229543739e-5,0.0008275921070457493,7.355961229543739e-5,0.0008275921070457493,7.355961229543739e-5,0.0008275921070457493,-0.07492644038770493,-0.8791724078929638,-0.07500000000000037,-0.8800000000000096,0.0,0.0,Vmag_get_voltage_magnitude_series__angle_get_voltage_angle_series,true,Unknown,Ybus EMT reconstruction using exact complex bus-voltage phasors when available; otherwise diagnostic fallback
1.59,7.325289431636683e-5,0.0008239955003527255,7.325289431636683e-5,0.0008239955003527255,7.325289431636683e-5,0.0008239955003527255,-0.074926747105684,-0.8791760044996568,-0.07500000000000037,-0.8800000000000096,0.0,0.0,Vmag_get_voltage_magnitude_series__angle_get_voltage_angle_series,true,Unknown,Ybus EMT reconstruction using exact complex bus-voltage phasors when available; otherwise diagnostic fallback
1.6,7.296532599573857e-5,0.000820622977465546,7.296532599573857e-5,0.000820622977465546,7.296532599573857e-5,0.000820622977465546,-0.07492703467400463,-0.879179377022544,-0.07500000000000037,-0.8800000000000096,0.0,0.0,Vmag_get_voltage_magnitude_series__angle_get_voltage_angle_series,true,Unknown,Ybus EMT reconstruction using exact complex bus-voltage phasors when available; otherwise diagnostic fallback
1.61,7.269680034134585e-5,0.0008174732904918658,7.269680034134585e-5,0.0008174732904918658,7.269680034134585e-5,0.0008174732904918658,-0.07492730319965903,-0.8791825267095177,-0.07500000000000037,-0.8800000000000096,0.0,0.0,Vmag_get_voltage_magnitude_series__angle_get_voltage_angle_series,true,Unknown,Ybus EMT reconstruction using exact complex bus-voltage phasors when available; otherwise diagnostic fallback
1.62,7.244709959032536e-5,0.0008145438960293072,7.244709959032536e-5,0.0008145438960293072,7.244709959032536e-5,0.0008145438960293072,-0.07492755290041005,-0.8791854561039802,-0.07500000000000037,-0.8800000000000096,0.0,0.0,Vmag_get_voltage_magnitude_series__angle_get_voltage_angle_series,true,Unknown,Ybus EMT reconstruction using exact complex bus-voltage phasors when available; otherwise diagnostic fallback
1.63,7.221590041611714e-5,0.0008118310160583064,7.221590041611714e-5,0.0008118310160583064,7.221590041611714e-5,0.0008118310160583064,-0.07492778409958425,-0.8791881689839512,-0.07500000000000037,-0.8800000000000096,0.0,0.0,Vmag_get_voltage_magnitude_series__angle_get_voltage_angle_series,true,Unknown,Ybus EMT reconstruction using exact complex bus-voltage phasors when available; otherwise diagnostic fallback
1.64,7.200278148263017e-5,0.0008093297262978805,7.200278148263017e-5,0.0008093297262978805,7.200278148263017e-5,0.0008093297262978805,-0.07492799721851774,-0.8791906702737117,-0.07500000000000037,-0.8800000000000096,0.0,0.0,Vmag_get_voltage_magnitude_series__angle_get_voltage_angle_series,true,Unknown,Ybus EMT reconstruction using exact complex bus-voltage phasors when available; otherwise diagnostic fallback
1.65,7.1807230365456e-5,0.0008070340370488482,7.1807230365456e-5,0.0008070340370488482,7.1807230365456e-5,0.0008070340370488482,-0.07492819276963492,-0.8791929659629607,-0.07500000000000037,-0.8800000000000096,0.0,0.0,Vmag_get_voltage_magnitude_series__angle_get_voltage_angle_series,true,Unknown,Ybus EMT reconstruction using exact complex bus-voltage phasors when available; otherwise diagnostic fallback
1.66,7.162865045048927e-5,0.0008049369737811451,7.162865045048927e-5,0.0008049369737811451,7.162865045048927e-5,0.0008049369737811451,-0.07492837134954988,-0.8791950630262284,-0.07500000000000037,-0.8800000000000096,0.0,0.0,Vmag_get_voltage_magnitude_series__angle_get_voltage_angle_series,true,Unknown,Ybus EMT reconstruction using exact complex bus-voltage phasors when available; otherwise diagnostic fallback
1.67,7.146636976324006e-5,0.0008030306804669429,7.146636976324006e-5,0.0008030306804669429,7.146636976324006e-5,0.0008030306804669429,-0.07492853363023713,-0.8791969693195426,-0.07500000000000037,-0.8800000000000096,0.0,0.0,Vmag_get_voltage_magnitude_series__angle_get_voltage_angle_series,true,Unknown,Ybus EMT reconstruction using exact complex bus-voltage phasors when available; otherwise diagnostic fallback
1.68,7.131964772416621e-5,0.0008013064984855323,7.131964772416621e-5,0.0008013064984855323,7.131964772416621e-5,0.0008013064984855323,-0.0749286803522762,-0.879198693501524,-0.07500000000000037,-0.8800000000000096,0.0,0.0,Vmag_get_voltage_magnitude_series__angle_get_voltage_angle_series,true,Unknown,Ybus EMT reconstruction using exact complex bus-voltage phasors when available; otherwise diagnostic fallback
1.69,7.118768399670683e-5,0.0007997550700636902,7.118768399670683e-5,0.0007997550700636902,7.118768399670683e-5,0.0007997550700636902,-0.07492881231600367,-0.8792002449299459,-0.07500000000000037,-0.8800000000000096,0.0,0.0,Vmag_get_voltage_magnitude_series__angle_get_voltage_angle_series,true,Unknown,Ybus EMT reconstruction using exact complex bus-voltage phasors when available; otherwise diagnostic fallback
1.7,7.106962622452362e-5,0.0007983664287081194,7.106962622452362e-5,0.0007983664287081194,7.106962622452362e-5,0.0007983664287081194,-0.07492893037377585,-0.8792016335713014,-0.07500000000000037,-0.8800000000000096,0.0,0.0,Vmag_get_voltage_magnitude_series__angle_get_voltage_angle_series,true,Unknown,Ybus EMT reconstruction using exact complex bus-voltage phasors when available; otherwise diagnostic fallback
1.71,7.096457814551038e-5,0.0007971300941692627,7.096457814551038e-5,0.0007971300941692627,7.096457814551038e-5,0.0007971300941692627,-0.07492903542185486,-0.8792028699058403,-0.07500000000000037,-0.8800000000000096,0.0,0.0,Vmag_get_voltage_magnitude_series__angle_get_voltage_angle_series,true,Unknown,Ybus EMT reconstruction using exact complex bus-voltage phasors when available; otherwise diagnostic fallback
1.72,7.087160806353021e-5,0.0007960351713957037,7.087160806353021e-5,0.0007960351713957037,7.087160806353021e-5,0.0007960351713957037,-0.07492912839193684,-0.8792039648286138,-0.07500000000000037,-0.8800000000000096,0.0,0.0,Vmag_get_voltage_magnitude_series__angle_get_voltage_angle_series,true,Unknown,Ybus EMT reconstruction using exact complex bus-voltage phasors when available; otherwise diagnostic fallback
1.73,7.078975620200545e-5,0.0007950704365174976,7.078975620200545e-5,0.0007950704365174976,7.078975620200545e-5,0.0007950704365174976,-0.07492921024379837,-0.879204929563492,-0.07500000000000037,-0.8800000000000096,0.0,0.0,Vmag_get_voltage_magnitude_series__angle_get_voltage_angle_series,true,Unknown,Ybus EMT reconstruction using exact complex bus-voltage phasors when available; otherwise diagnostic fallback
1.74,7.071804316606534e-5,0.0007942244358677408,7.071804316606534e-5,0.0007942244358677408,7.071804316606534e-5,0.0007942244358677408,-0.0749292819568343,-0.8792057755641418,-0.07500000000000037,-0.8800000000000096,0.0,0.0,Vmag_get_voltage_magnitude_series__angle_get_voltage_angle_series,true,Unknown,Ybus EMT reconstruction using exact complex bus-voltage phasors when available; otherwise diagnostic fallback
1.75,7.065547719739551e-5,0.0007934855707927291,7.065547719739551e-5,0.0007934855707927291,7.065547719739551e-5,0.0007934855707927291,-0.07492934452280298,-0.8792065144292168,-0.07500000000000037,-0.8800000000000096,0.0,0.0,Vmag_get_voltage_magnitude_series__angle_get_voltage_angle_series,true,Unknown,Ybus EMT reconstruction using exact complex bus-voltage phasors when available; otherwise diagnostic fallback
1.76,7.06010617001207e-5,0.0007928421856296941,7.06010617001207e-5,0.0007928421856296941,7.06010617001207e-5,0.0007928421856296941,-0.07492939893830025,-0.8792071578143799,-0.07500000000000037,-0.8800000000000096,0.0,0.0,Vmag_get_voltage_magnitude_series__angle_get_voltage_angle_series,true,Unknown,Ybus EMT reconstruction using exact complex bus-voltage phasors when available; otherwise diagnostic fallback
1.77,7.055380245193921e-5,0.0007922826520355697,7.055380245193921e-5,0.0007922826520355697,7.055380245193921e-5,0.0007922826520355697,-0.07492944619754843,-0.879207717347974,-0.07500000000000037,-0.8800000000000096,0.0,0.0,Vmag_get_voltage_magnitude_series__angle_get_voltage_angle_series,true,Unknown,Ybus EMT reconstruction using exact complex bus-voltage phasors when available; otherwise diagnostic fallback
1.78,7.051271413824334e-5,0.000791795445456045,7.051271413824334e-5,0.000791795445456045,7.051271413824334e-5,0.000791795445456045,-0.07492948728586213,-0.8792082045545535,-0.07500000000000037,-0.8800000000000096,0.0,0.0,Vmag_get_voltage_magnitude_series__angle_get_voltage_angle_series,true,Unknown,Ybus EMT reconstruction using exact complex bus-voltage phasors when available; otherwise diagnostic fallback
1.79,7.047682720562332e-5,0.0007913692252720095,7.047682720562332e-5,0.0007913692252720095,7.047682720562332e-5,0.0007913692252720095,-0.07492952317279475,-0.8792086307747375,-0.07500000000000037,-0.8800000000000096,0.0,0.0,Vmag_get_voltage_magnitude_series__angle_get_voltage_angle_series,true,Unknown,Ybus EMT reconstruction using exact complex bus-voltage phasors when available; otherwise diagnostic fallback
1.8,7.044519354432177e-5,0.0007909929012411832,7.044519354432177e-5,0.0007909929012411832,7.044519354432177e-5,0.0007909929012411832,-0.07492955480645605,-0.8792090070987684,-0.07500000000000037,-0.8800000000000096,0.0,0.0,Vmag_get_voltage_magnitude_series__angle_get_voltage_angle_series,true,Unknown,Ybus EMT reconstruction using exact complex bus-voltage phasors when available; otherwise diagnostic fallback
1.81,7.041689235513793e-5,0.0007906557021047922,7.041689235513793e-5,0.0007906557021047922,7.041689235513793e-5,0.0007906557021047922,-0.07492958310764523,-0.8792093442979048,-0.07500000000000037,-0.8800000000000096,0.0,0.0,Vmag_get_voltage_magnitude_series__angle_get_voltage_angle_series,true,Unknown,Ybus EMT reconstruction using exact complex bus-voltage phasors when available; otherwise diagnostic fallback
1.82,7.039103538619695e-5,0.0007903472369078512,7.039103538619695e-5,0.0007903472369078512,7.039103538619695e-5,0.0007903472369078512,-0.07492960896461417,-0.8792096527631017,-0.07500000000000037,-0.8800000000000096,0.0,0.0,Vmag_get_voltage_magnitude_series__angle_get_voltage_angle_series,true,Unknown,Ybus EMT reconstruction using exact complex bus-voltage phasors when available; otherwise diagnostic fallback
1.83,7.03667715580697e-5,0.0007900575491089912,7.03667715580697e-5,0.0007900575491089912,7.03667715580697e-5,0.0007900575491089912,-0.0749296332284423,-0.8792099424509006,-0.07500000000000037,-0.8800000000000096,0.0,0.0,Vmag_get_voltage_magnitude_series__angle_get_voltage_angle_series,true,Unknown,Ybus EMT reconstruction using exact complex bus-voltage phasors when available; otherwise diagnostic fallback
1.84,7.034329152527663e-5,0.0007897771699038048,7.034329152527663e-5,0.0007897771699038048,7.034329152527663e-5,0.0007897771699038048,-0.0749296567084751,-0.8792102228301057,-0.07500000000000037,-0.8800000000000096,0.0,0.0,Vmag_get_voltage_magnitude_series__angle_get_voltage_angle_series,true,Unknown,Ybus EMT reconstruction using exact complex bus-voltage phasors when available; otherwise diagnostic fallback
1.85,7.031983121756624e-5,0.0007894971597077749,7.031983121756624e-5,0.0007894971597077749,7.031983121756624e-5,0.0007894971597077749,-0.0749296801687828,-0.8792105028403018,-0.07500000000000037,-0.8800000000000096,0.0,0.0,Vmag_get_voltage_magnitude_series__angle_get_voltage_angle_series,true,Unknown,Ybus EMT reconstruction using exact complex bus-voltage phasors when available; otherwise diagnostic fallback
1.86,7.029567544319937e-5,0.0007892091502781362,7.029567544319937e-5,0.0007892091502781362,7.029567544319937e-5,0.0007892091502781362,-0.07492970432455717,-0.8792107908497314,-0.07500000000000037,-0.8800000000000096,0.0,0.0,Vmag_get_voltage_magnitude_series__angle_get_voltage_angle_series,true,Unknown,Ybus EMT reconstruction using exact complex bus-voltage phasors when available; otherwise diagnostic fallback
1.87,7.027016070423886e-5,0.000788905377728244,7.027016070423886e-5,0.000788905377728244,7.027016070423886e-5,0.000788905377728244,-0.07492972983929613,-0.8792110946222813,-0.07500000000000037,-0.8800000000000096,0.0,0.0,Vmag_get_voltage_magnitude_series__angle_get_voltage_angle_series,true,Unknown,Ybus EMT reconstruction using exact complex bus-voltage phasors when available; otherwise diagnostic fallback
1.88,7.024267738441059e-5,0.0007885787081115536,7.024267738441059e-5,0.0007885787081115536,7.024267738441059e-5,0.0007885787081115536,-0.07492975732261596,-0.879211421291898,-0.07500000000000037,-0.8800000000000096,0.0,0.0,Vmag_get_voltage_magnitude_series__angle_get_voltage_angle_series,true,Unknown,Ybus EMT reconstruction using exact complex bus-voltage phasors when available; otherwise diagnostic fallback
1.89,7.021267202433901e-5,0.000788222664126037,7.021267202433901e-5,0.000788222664126037,7.021267202433901e-5,0.000788222664126037,-0.07492978732797603,-0.8792117773358835,-0.07500000000000037,-0.8800000000000096,0.0,0.0,Vmag_get_voltage_magnitude_series__angle_get_voltage_angle_series,true,Unknown,Ybus EMT reconstruction using exact complex bus-voltage phasors when available; otherwise diagnostic fallback
1.9,7.017964836580903e-5,0.0007878314372294914,7.017964836580903e-5,0.0007878314372294914,7.017964836580903e-5,0.0007878314372294914,-0.07492982035163456,-0.8792121685627801,-0.07500000000000037,-0.8800000000000096,0.0,0.0,Vmag_get_voltage_magnitude_series__angle_get_voltage_angle_series,true,Unknown,Ybus EMT reconstruction using exact complex bus-voltage phasors when available; otherwise diagnostic fallback
1.91,7.014316858028335e-5,0.000787399902203112,7.014316858028335e-5,0.000787399902203112,7.014316858028335e-5,0.000787399902203112,-0.07492985683142009,-0.8792126000978064,-0.07500000000000037,-0.8800000000000096,0.0,0.0,Vmag_get_voltage_magnitude_series__angle_get_voltage_angle_series,true,Unknown,Ybus EMT reconstruction using exact complex bus-voltage phasors when available; otherwise diagnostic fallback
1.92,7.010285364333901e-5,0.0007869236214165243,7.010285364333901e-5,0.0007869236214165243,7.010285364333901e-5,0.0007869236214165243,-0.07492989714635703,-0.879213076378593,-0.07500000000000037,-0.8800000000000096,0.0,0.0,Vmag_get_voltage_magnitude_series__angle_get_voltage_angle_series,true,Unknown,Ybus EMT reconstruction using exact complex bus-voltage phasors when available; otherwise diagnostic fallback
1.93,7.005838339457782e-5,0.0007863988457187387,7.005838339457782e-5,0.0007863988457187387,7.005838339457782e-5,0.0007863988457187387,-0.0749299416166058,-0.8792136011542908,-0.07500000000000037,-0.8800000000000096,0.0,0.0,Vmag_get_voltage_magnitude_series__angle_get_voltage_angle_series,true,Unknown,Ybus EMT reconstruction using exact complex bus-voltage phasors when available; otherwise diagnostic fallback
1.94,7.000949632944564e-5,0.0007858225118964057,7.000949632944564e-5,0.0007858225118964057,7.000949632944564e-5,0.0007858225118964057,-0.07492999050367093,-0.8792141774881131,-0.07500000000000037,-0.8800000000000096,0.0,0.0,Vmag_get_voltage_magnitude_series__angle_get_voltage_angle_series,true,Unknown,Ybus EMT reconstruction using exact complex bus-voltage phasors when available; otherwise diagnostic fallback
1.95,6.995598857512109e-5,0.0007851922308221848,6.995598857512109e-5,0.0007851922308221848,6.995598857512109e-5,0.0007851922308221848,-0.07493004401142525,-0.8792148077691874,-0.07500000000000037,-0.8800000000000096,0.0,0.0,Vmag_get_voltage_magnitude_series__angle_get_voltage_angle_series,true,Unknown,Ybus EMT reconstruction using exact complex bus-voltage phasors when available; otherwise diagnostic fallback
1.96,6.989771306742387e-5,0.0007845062778290002,6.989771306742387e-5,0.0007845062778290002,6.989771306742387e-5,0.0007845062778290002,-0.07493010228693295,-0.8792154937221806,-0.07500000000000037,-0.8800000000000096,0.0,0.0,Vmag_get_voltage_magnitude_series__angle_get_voltage_angle_series,true,Unknown,Ybus EMT reconstruction using exact complex bus-voltage phasors when available; otherwise diagnostic fallback
1.97,6.983457779871638e-5,0.000783763572242191,6.983457779871638e-5,0.000783763572242191,6.983457779871638e-5,0.000783763572242191,-0.07493016542220166,-0.8792162364277674,-0.07500000000000037,-0.8800000000000096,0.0,0.0,Vmag_get_voltage_magnitude_series__angle_get_voltage_angle_series,true,Unknown,Ybus EMT reconstruction using exact complex bus-voltage phasors when available; otherwise diagnostic fallback
1.98,6.976654408054339e-5,0.000782963657147473,6.976654408054339e-5,0.000782963657147473,6.976654408054339e-5,0.000782963657147473,-0.07493023345591983,-0.8792170363428621,-0.07500000000000037,-0.8800000000000096,0.0,0.0,Vmag_get_voltage_magnitude_series__angle_get_voltage_angle_series,true,Unknown,Ybus EMT reconstruction using exact complex bus-voltage phasors when available; otherwise diagnostic fallback
1.99,6.969362458715544e-5,0.000782106676463612,6.969362458715544e-5,0.000782106676463612,6.969362458715544e-5,0.000782106676463612,-0.07493030637541322,-0.8792178933235459,-0.07500000000000037,-0.8800000000000096,0.0,0.0,Vmag_get_voltage_magnitude_series__angle_get_voltage_angle_series,true,Unknown,Ybus EMT reconstruction using exact complex bus-voltage phasors when available; otherwise diagnostic fallback
2.0,6.961588054210655e-5,0.0007811933421086881,6.961588054210655e-5,0.0007811933421086881,6.961588054210655e-5,0.0007811933421086881,-0.07493038411945827,-0.8792188066579009,-0.07500000000000037,-0.8800000000000096,0.0,0.0,Vmag_get_voltage_magnitude_series__angle_get_voltage_angle_series,true,Unknown,Ybus EMT reconstruction using exact complex bus-voltage phasors when available; otherwise diagnostic fallback
2.01,6.953341955656667e-5,0.0007802249087486279,6.953341955656667e-5,0.0007802249087486279,6.953341955656667e-5,0.0007802249087486279,-0.0749304665804438,-0.8792197750912609,-0.07500000000000037,-0.8800000000000096,0.0,0.0,Vmag_get_voltage_magnitude_series__angle_get_voltage_angle_series,true,Unknown,Ybus EMT reconstruction using exact complex bus-voltage phasors when available; otherwise diagnostic fallback
2.02,6.944639237850547e-5,0.0007792031358072604,6.944639237850547e-5,0.0007792031358072604,6.944639237850547e-5,0.0007792031358072604,-0.07493055360762187,-0.8792207968642023,-0.07500000000000037,-0.8800000000000096,0.0,0.0,Vmag_get_voltage_magnitude_series__angle_get_voltage_angle_series,true,Unknown,Ybus EMT reconstruction using exact complex bus-voltage phasors when available; otherwise diagnostic fallback
2.03,6.935498998100753e-5,0.0007781302533459433,6.935498998100753e-5,0.0007781302533459433,6.935498998100753e-5,0.0007781302533459433,-0.07493064501001936,-0.8792218697466636,-0.07500000000000037,-0.8800000000000096,0.0,0.0,Vmag_get_voltage_magnitude_series__angle_get_voltage_angle_series,true,Unknown,Ybus EMT reconstruction using exact complex bus-voltage phasors when available; otherwise diagnostic fallback
2.04,6.925944044536281e-5,0.0007770089257891355,6.925944044536281e-5,0.0007770089257891355,6.925944044536281e-5,0.0007770089257891355,-0.07493074055955501,-0.8792229910742204,-0.07500000000000037,-0.8800000000000096,0.0,0.0,Vmag_get_voltage_magnitude_series__angle_get_voltage_angle_series,true,Unknown,Ybus EMT reconstruction using exact complex bus-voltage phasors when available; otherwise diagnostic fallback
2.05,6.916000532201927e-5,0.0007758422092174477,6.916000532201927e-5,0.0007758422092174477,6.916000532201927e-5,0.0007758422092174477,-0.07493083999467835,-0.8792241577907921,-0.07500000000000037,-0.8800000000000096,0.0,0.0,Vmag_get_voltage_magnitude_series__angle_get_voltage_angle_series,true,Unknown,Ybus EMT reconstruction using exact complex bus-voltage phasors when available; otherwise diagnostic fallback
2.06,6.905697655038012e-5,0.0007746335154948936,6.905697655038012e-5,0.0007746335154948936,6.905697655038012e-5,0.0007746335154948936,-0.07493094302344999,-0.8792253664845147,-0.07500000000000037,-0.8800000000000096,0.0,0.0,Vmag_get_voltage_magnitude_series__angle_get_voltage_angle_series,true,Unknown,Ybus EMT reconstruction using exact complex bus-voltage phasors when available; otherwise diagnostic fallback
2.07,6.89506726033462e-5,0.0007733865670708218,6.89506726033462e-5,0.0007733865670708218,6.89506726033462e-5,0.0007733865670708218,-0.07493104932739703,-0.8792266134329387,-0.07500000000000037,-0.8800000000000096,0.0,0.0,Vmag_get_voltage_magnitude_series__angle_get_voltage_angle_series,true,Unknown,Ybus EMT reconstruction using exact complex bus-voltage phasors when available; otherwise diagnostic fallback
2.08,6.884143513849472e-5,0.0007721053578650938,6.884143513849472e-5,0.0007721053578650938,6.884143513849472e-5,0.0007721053578650938,-0.07493115856486188,-0.8792278946421445,-0.07500000000000037,-0.8800000000000096,0.0,0.0,Vmag_get_voltage_magnitude_series__angle_get_voltage_angle_series,true,Unknown,Ybus EMT reconstruction using exact complex bus-voltage phasors when available; otherwise diagnostic fallback
2.09,6.872962538659322e-5,0.0007707941110622896,6.872962538659322e-5,0.0007707941110622896,6.872962538659322e-5,0.0007707941110622896,-0.07493127037461378,-0.8792292058889473,-0.07500000000000037,-0.8800000000000096,0.0,0.0,Vmag_get_voltage_magnitude_series__angle_get_voltage_angle_series,true,Unknown,Ybus EMT reconstruction using exact complex bus-voltage phasors when available; otherwise diagnostic fallback
2.1,6.861562043454505e-5,0.0007694572356481411,6.861562043454505e-5,0.0007694572356481411,6.861562043454505e-5,0.0007694572356481411,-0.07493138437956583,-0.8792305427643614,-0.07500000000000037,-0.8800000000000096,0.0,0.0,Vmag_get_voltage_magnitude_series__angle_get_voltage_angle_series,true,Unknown,Ybus EMT reconstruction using exact complex bus-voltage phasors when available; otherwise diagnostic fallback
2.11,6.849980996589955e-5,0.0007680992881661242,6.849980996589955e-5,0.0007680992881661242,6.849980996589955e-5,0.0007680992881661242,-0.07493150019003447,-0.8792319007118434,-0.07500000000000037,-0.8800000000000096,0.0,0.0,Vmag_get_voltage_magnitude_series__angle_get_voltage_angle_series,true,Unknown,Ybus EMT reconstruction using exact complex bus-voltage phasors when available; otherwise diagnostic fallback
2.12,6.83825925058279e-5,0.0007667249290034261,6.83825925058279e-5,0.0007667249290034261,6.83825925058279e-5,0.0007667249290034261,-0.07493161740749454,-0.8792332750710061,-0.07500000000000037,-0.8800000000000096,0.0,0.0,Vmag_get_voltage_magnitude_series__angle_get_voltage_angle_series,true,Unknown,Ybus EMT reconstruction using exact complex bus-voltage phasors when available; otherwise diagnostic fallback
2.13,6.826437224517756e-5,0.0007653388849898635,6.826437224517756e-5,0.0007653388849898635,6.826437224517756e-5,0.0007653388849898635,-0.0749317356277552,-0.8792346611150197,-0.07500000000000037,-0.8800000000000096,0.0,0.0,Vmag_get_voltage_magnitude_series__angle_get_voltage_angle_series,true,Unknown,Ybus EMT reconstruction using exact complex bus-voltage phasors when available; otherwise diagnostic fallback
2.14,6.814555567466463e-5,0.0007639459102390944,6.814555567466463e-5,0.0007639459102390944,6.814555567466463e-5,0.0007639459102390944,-0.07493185444432571,-0.8792360540897705,-0.07500000000000037,-0.8800000000000096,0.0,0.0,Vmag_get_voltage_magnitude_series__angle_get_voltage_angle_series,true,Unknown,Ybus EMT reconstruction using exact complex bus-voltage phasors when available; otherwise diagnostic fallback
2.15,6.80265483497533e-5,0.0007625507482271754,6.80265483497533e-5,0.0007625507482271754,6.80265483497533e-5,0.0007625507482271754,-0.07493197345165062,-0.8792374492517824,-0.07500000000000037,-0.8800000000000096,0.0,0.0,Vmag_get_voltage_magnitude_series__angle_get_voltage_angle_series,true,Unknown,Ybus EMT reconstruction using exact complex bus-voltage phasors when available; otherwise diagnostic fallback
2.16,6.790775207780875e-5,0.0007611580988160505,6.790775207780875e-5,0.0007611580988160505,6.790775207780875e-5,0.0007611580988160505,-0.07493209224792256,-0.8792388419011935,-0.07500000000000037,-0.8800000000000096,0.0,0.0,Vmag_get_voltage_magnitude_series__angle_get_voltage_angle_series,true,Unknown,Ybus EMT reconstruction using exact complex bus-voltage phasors when available; otherwise diagnostic fallback
2.17,6.778956183148277e-5,0.0007597725822324763,6.778956183148277e-5,0.0007597725822324763,6.778956183148277e-5,0.0007597725822324763,-0.07493221043816889,-0.8792402274177771,-0.07500000000000037,-0.8800000000000096,0.0,0.0,Vmag_get_voltage_magnitude_series__angle_get_voltage_angle_series,true,Unknown,Ybus EMT reconstruction using exact complex bus-voltage phasors when available; otherwise diagnostic fallback
2.18,6.767236321382486e-5,0.0007583987093262579,6.767236321382486e-5,0.0007583987093262579,6.767236321382486e-5,0.0007583987093262579,-0.07493232763678655,-0.8792416012906833,-0.07500000000000037,-0.8800000000000096,0.0,0.0,Vmag_get_voltage_magnitude_series__angle_get_voltage_angle_series,true,Unknown,Ybus EMT reconstruction using exact complex bus-voltage phasors when available; otherwise diagnostic fallback
2.19,6.755652988468808e-5,0.0007570408514783189,6.755652988468808e-5,0.0007570408514783189,6.755652988468808e-5,0.0007570408514783189,-0.07493244347011568,-0.8792429591485312,-0.07500000000000037,-0.8800000000000096,0.0,0.0,Vmag_get_voltage_magnitude_series__angle_get_voltage_angle_series,true,Unknown,Ybus EMT reconstruction using exact complex bus-voltage phasors when available; otherwise diagnostic fallback
2.2,6.744242124188948e-5,0.0007557032135355746,6.744242124188948e-5,0.0007557032135355746,6.744242124188948e-5,0.0007557032135355746,-0.07493255757875848,-0.879244296786474,-0.07500000000000037,-0.8800000000000096,0.0,0.0,Vmag_get_voltage_magnitude_series__angle_get_voltage_angle_series,true,Unknown,Ybus EMT reconstruction using exact complex bus-voltage phasors when available; otherwise diagnostic fallback
2.21,6.733038038397865e-5,0.0007543898098133495,6.733038038397865e-5,0.0007543898098133495,6.733038038397865e-5,0.0007543898098133495,-0.0749326696196164,-0.8792456101901962,-0.07500000000000037,-0.8800000000000096,0.0,0.0,Vmag_get_voltage_magnitude_series__angle_get_voltage_angle_series,true,Unknown,Ybus EMT reconstruction using exact complex bus-voltage phasors when available; otherwise diagnostic fallback
2.22,6.722073209021462e-5,0.0007531044405831855,6.722073209021462e-5,0.0007531044405831855,6.722073209021462e-5,0.0007531044405831855,-0.07493277926791016,-0.8792468955594264,-0.07500000000000037,-0.8800000000000096,0.0,0.0,Vmag_get_voltage_magnitude_series__angle_get_voltage_angle_series,true,Unknown,Ybus EMT reconstruction using exact complex bus-voltage phasors when available; otherwise diagnostic fallback
2.23,6.711378126615652e-5,0.0007518506737822506,6.711378126615652e-5,0.0007518506737822506,6.711378126615652e-5,0.0007518506737822506,-0.07493288621873422,-0.8792481493262273,-0.07500000000000037,-0.8800000000000096,0.0,0.0,Vmag_get_voltage_magnitude_series__angle_get_voltage_angle_series,true,Unknown,Ybus EMT reconstruction using exact complex bus-voltage phasors when available; otherwise diagnostic fallback
2.24,6.700981137437723e-5,0.0007506318266213841,6.700981137437723e-5,0.0007506318266213841,6.700981137437723e-5,0.0007506318266213841,-0.074932990188626,-0.8792493681733882,-0.07500000000000037,-0.8800000000000096,0.0,0.0,Vmag_get_voltage_magnitude_series__angle_get_voltage_angle_series,true,Unknown,Ybus EMT reconstruction using exact complex bus-voltage phasors when available; otherwise diagnostic fallback
2.25,6.690908323014888e-5,0.0007494509516394743,6.690908323014888e-5,0.0007494509516394743,6.690908323014888e-5,0.0007494509516394743,-0.07493309091677022,-0.8792505490483701,-0.07500000000000037,-0.8800000000000096,0.0,0.0,Vmag_get_voltage_magnitude_series__angle_get_voltage_angle_series,true,Unknown,Ybus EMT reconstruction using exact complex bus-voltage phasors when available; otherwise diagnostic fallback
2.26,6.681183398767054e-5,0.0007483108245625036,6.681183398767054e-5,0.0007483108245625036,6.681183398767054e-5,0.0007483108245625036,-0.0749331881660127,-0.879251689175447,-0.07500000000000037,-0.8800000000000096,0.0,0.0,Vmag_get_voltage_magnitude_series__angle_get_voltage_angle_series,true,Unknown,Ybus EMT reconstruction using exact complex bus-voltage phasors when available; otherwise diagnostic fallback
2.27,6.671827624690763e-5,0.0007472139340678474,6.671827624690763e-5,0.0007472139340678474,6.671827624690763e-5,0.0007472139340678474,-0.07493328172375346,-0.8792527860659417,-0.07500000000000037,-0.8800000000000096,0.0,0.0,Vmag_get_voltage_magnitude_series__angle_get_voltage_angle_series,true,Unknown,Ybus EMT reconstruction using exact complex bus-voltage phasors when available; otherwise diagnostic fallback
2.28,6.662859757844419e-5,0.000746162476025436,6.662859757844419e-5,0.000746162476025436,6.662859757844419e-5,0.000746162476025436,-0.07493337140242193,-0.8792538375239841,-0.07500000000000037,-0.8800000000000096,0.0,0.0,Vmag_get_voltage_magnitude_series__angle_get_voltage_angle_series,true,Unknown,Ybus EMT reconstruction using exact complex bus-voltage phasors when available; otherwise diagnostic fallback
2.29,6.654296000585536e-5,0.0007451583476024704,6.654296000585536e-5,0.0007451583476024704,6.654296000585536e-5,0.0007451583476024704,-0.07493345703999452,-0.8792548416524071,-0.07500000000000037,-0.8800000000000096,0.0,0.0,Vmag_get_voltage_magnitude_series__angle_get_voltage_angle_series,true,Unknown,Ybus EMT reconstruction using exact complex bus-voltage phasors when available; otherwise diagnostic fallback
2.3,6.646149987855898e-5,0.0007442031455445752,6.646149987855898e-5,0.0007442031455445752,6.646149987855898e-5,0.0007442031455445752,-0.07493353850012181,-0.879255796854465,-0.07500000000000037,-0.8800000000000096,0.0,0.0,Vmag_get_voltage_magnitude_series__angle_get_voltage_angle_series,true,Unknown,Ybus EMT reconstruction using exact complex bus-voltage phasors when available; otherwise diagnostic fallback
2.31,6.638432792209492e-5,0.0007432981668749061,6.638432792209492e-5,0.0007432981668749061,6.638432792209492e-5,0.0007432981668749061,-0.07493361567207828,-0.8792567018331346,-0.07500000000000037,-0.8800000000000096,0.0,0.0,Vmag_get_voltage_magnitude_series__angle_get_voltage_angle_series,true,Unknown,Ybus EMT reconstruction using exact complex bus-voltage phasors when available; otherwise diagnostic fallback
2.32,6.631152929144346e-5,0.0007424444095034399,6.631152929144346e-5,0.0007424444095034399,6.631152929144346e-5,0.0007424444095034399,-0.07493368847070893,-0.8792575555905061,-0.07500000000000037,-0.8800000000000096,0.0,0.0,Vmag_get_voltage_magnitude_series__angle_get_voltage_angle_series,true,Unknown,Ybus EMT reconstruction using exact complex bus-voltage phasors when available; otherwise diagnostic fallback
2.33,6.624316410930309e-5,0.0007416425784285696,6.624316410930309e-5,0.0007416425784285696,6.624316410930309e-5,0.0007416425784285696,-0.07493375683589107,-0.879258357421581,-0.07500000000000037,-0.8800000000000096,0.0,0.0,Vmag_get_voltage_magnitude_series__angle_get_voltage_angle_series,true,Unknown,Ybus EMT reconstruction using exact complex bus-voltage phasors when available; otherwise diagnostic fallback
2.34,6.6179267865632e-5,0.00074089309046943,6.6179267865632e-5,0.00074089309046943,6.6179267865632e-5,0.00074089309046943,-0.07493382073213474,-0.8792591069095401,-0.07500000000000037,-0.8800000000000096,0.0,0.0,Vmag_get_voltage_magnitude_series__angle_get_voltage_angle_series,true,Unknown,Ybus EMT reconstruction using exact complex bus-voltage phasors when available; otherwise diagnostic fallback
2.35,6.611985219452665e-5,0.0007401960832021937,6.611985219452665e-5,0.0007401960832021937,6.611985219452665e-5,0.0007401960832021937,-0.07493388014780585,-0.8792598039168074,-0.07500000000000037,-0.8800000000000096,0.0,0.0,Vmag_get_voltage_magnitude_series__angle_get_voltage_angle_series,true,Unknown,Ybus EMT reconstruction using exact complex bus-voltage phasors when available; otherwise diagnostic fallback
2.36,6.606490568848711e-5,0.0007395514246912871,6.606490568848711e-5,0.0007395514246912871,6.606490568848711e-5,0.0007395514246912871,-0.07493393509431188,-0.8792604485753183,-0.07500000000000037,-0.8800000000000096,0.0,0.0,Vmag_get_voltage_magnitude_series__angle_get_voltage_angle_series,true,Unknown,Ybus EMT reconstruction using exact complex bus-voltage phasors when available; otherwise diagnostic fallback
2.37,6.601439480927174e-5,0.0007389587239148288,6.601439480927174e-5,0.0007389587239148288,6.601439480927174e-5,0.0007389587239148288,-0.0749339856051911,-0.8792610412760947,-0.07500000000000037,-0.8800000000000096,0.0,0.0,Vmag_get_voltage_magnitude_series__angle_get_voltage_angle_series,true,Unknown,Ybus EMT reconstruction using exact complex bus-voltage phasors when available; otherwise diagnostic fallback
2.38,6.596826510904541e-5,0.0007384173450920573,6.596826510904541e-5,0.0007384173450920573,6.596826510904541e-5,0.0007384173450920573,-0.07493403173489133,-0.8792615826549175,-0.07500000000000037,-0.8800000000000096,0.0,0.0,Vmag_get_voltage_magnitude_series__angle_get_voltage_angle_series,true,Unknown,Ybus EMT reconstruction using exact complex bus-voltage phasors when available; otherwise diagnostic fallback
2.39,6.592644225100752e-5,0.000737926419708046,6.592644225100752e-5,0.000737926419708046,6.592644225100752e-5,0.000737926419708046,-0.07493407355774936,-0.8792620735803015,-0.07500000000000037,-0.8800000000000096,0.0,0.0,Vmag_get_voltage_magnitude_series__angle_get_voltage_angle_series,true,Unknown,Ybus EMT reconstruction using exact complex bus-voltage phasors when available; otherwise diagnostic fallback
2.4,6.588883343054686e-5,0.000737484863011395,6.588883343054686e-5,0.000737484863011395,6.588883343054686e-5,0.000737484863011395,-0.07493411116656983,-0.8792625151369982,-0.07500000000000037,-0.8800000000000096,0.0,0.0,Vmag_get_voltage_magnitude_series__angle_get_voltage_angle_series,true,Unknown,Ybus EMT reconstruction using exact complex bus-voltage phasors when available; otherwise diagnostic fallback
2.41,6.585532869579636e-5,0.0007370913894992892,6.585532869579636e-5,0.0007370913894992892,6.585532869579636e-5,0.0007370913894992892,-0.07493414467130458,-0.8792629086105103,-0.07500000000000037,-0.8800000000000096,0.0,0.0,Vmag_get_voltage_magnitude_series__angle_get_voltage_angle_series,true,Unknown,Ybus EMT reconstruction using exact complex bus-voltage phasors when available; otherwise diagnostic fallback
2.42,6.582580230216073e-5,0.0007367445287659313,6.582580230216073e-5,0.0007367445287659313,6.582580230216073e-5,0.0007367445287659313,-0.07493417419769821,-0.8792632554712436,-0.07500000000000037,-0.8800000000000096,0.0,0.0,Vmag_get_voltage_magnitude_series__angle_get_voltage_angle_series,true,Unknown,Ybus EMT reconstruction using exact complex bus-voltage phasors when available; otherwise diagnostic fallback
2.43,6.580011434408062e-5,0.0007364426445500838,6.580011434408062e-5,0.0007364426445500838,6.580011434408062e-5,0.0007364426445500838,-0.07493419988565629,-0.8792635573554595,-0.07500000000000037,-0.8800000000000096,0.0,0.0,Vmag_get_voltage_magnitude_series__angle_get_voltage_angle_series,true,Unknown,Ybus EMT reconstruction using exact complex bus-voltage phasors when available; otherwise diagnostic fallback
2.44,6.577811211849749e-5,0.0007361839507098455,6.577811211849749e-5,0.0007361839507098455,6.577811211849749e-5,0.0007361839507098455,-0.07493422188788187,-0.8792638160492997,-0.07500000000000037,-0.8800000000000096,0.0,0.0,Vmag_get_voltage_magnitude_series__angle_get_voltage_angle_series,true,Unknown,Ybus EMT reconstruction using exact complex bus-voltage phasors when available; otherwise diagnostic fallback
2.45,6.57596317686776e-5,0.0007359665304337293,6.57596317686776e-5,0.0007359665304337293,6.57596317686776e-5,0.0007359665304337293,-0.0749342403682317,-0.8792640334695758,-0.07500000000000037,-0.8800000000000096,0.0,0.0,Vmag_get_voltage_magnitude_series__angle_get_voltage_angle_series,true,Unknown,Ybus EMT reconstruction using exact complex bus-voltage phasors when available; otherwise diagnostic fallback
2.46,6.574449980248365e-5,0.0007357883540145549,6.574449980248365e-5,0.0007357883540145549,6.574449980248365e-5,0.0007357883540145549,-0.07493425550019789,-0.879264211645995,-0.07500000000000037,-0.8800000000000096,0.0,0.0,Vmag_get_voltage_magnitude_series__angle_get_voltage_angle_series,true,Unknown,Ybus EMT reconstruction using exact complex bus-voltage phasors when available; otherwise diagnostic fallback
2.47,6.573253464071949e-5,0.0007356472969409777,6.573253464071949e-5,0.0007356472969409777,6.573253464071949e-5,0.0007356472969409777,-0.07493426746535965,-0.8792643527030686,-0.07500000000000037,-0.8800000000000096,0.0,0.0,Vmag_get_voltage_magnitude_series__angle_get_voltage_angle_series,true,Unknown,Ybus EMT reconstruction using exact complex bus-voltage phasors when available; otherwise diagnostic fallback
2.48,6.572354821940407e-5,0.0007355411586645877,6.572354821940407e-5,0.0007355411586645877,6.572354821940407e-5,0.0007355411586645877,-0.07493427645178097,-0.879264458841345,-0.07500000000000037,-0.8800000000000096,0.0,0.0,Vmag_get_voltage_magnitude_series__angle_get_voltage_angle_series,true,Unknown,Ybus EMT reconstruction using exact complex bus-voltage phasors when available; otherwise diagnostic fallback
2.49,6.571734742769064e-5,0.0007354676794177895,6.571734742769064e-5,0.0007354676794177895,6.571734742769064e-5,0.0007354676794177895,-0.07493428265257268,-0.8792645323205918,-0.07500000000000037,-0.8800000000000096,0.0,0.0,Vmag_get_voltage_magnitude_series__angle_get_voltage_angle_series,true,Unknown,Ybus EMT reconstruction using exact complex bus-voltage phasors when available; otherwise diagnostic fallback
2.5,6.57137356935289e-5,0.0007354245587590791,6.57137356935289e-5,0.0007354245587590791,6.57137356935289e-5,0.0007354245587590791,-0.07493428626430684,-0.8792645754412505,-0.07500000000000037,-0.8800000000000096,0.0,0.0,Vmag_get_voltage_magnitude_series__angle_get_voltage_angle_series,true,Unknown,Ybus EMT reconstruction using exact complex bus-voltage phasors when available; otherwise diagnostic fallback
2.51,6.571251437631487e-5,0.0007354094719076443,6.571251437631487e-5,0.0007354094719076443,6.571251437631487e-5,0.0007354094719076443,-0.07493428748562406,-0.8792645905281019,-0.07500000000000037,-0.8800000000000096,0.0,0.0,Vmag_get_voltage_magnitude_series__angle_get_voltage_angle_series,true,Unknown,Ybus EMT reconstruction using exact complex bus-voltage phasors when available; otherwise diagnostic fallback
2.52,6.571348418933642e-5,0.0007354200863070037,6.571348418933642e-5,0.0007354200863070037,6.571348418933642e-5,0.0007354200863070037,-0.07493428651581104,-0.8792645799137025,-0.07500000000000037,-0.8800000000000096,0.0,0.0,Vmag_get_voltage_magnitude_series__angle_get_voltage_angle_series,true,Unknown,Ybus EMT reconstruction using exact complex bus-voltage phasors when available; otherwise diagnostic fallback
2.53,6.571644656597209e-5,0.0007354540776920437,6.571644656597209e-5,0.0007354540776920437,6.571644656597209e-5,0.0007354540776920437,-0.0749342835534344,-0.8792645459223175,-0.07500000000000037,-0.8800000000000096,0.0,0.0,Vmag_get_voltage_magnitude_series__angle_get_voltage_angle_series,true,Unknown,Ybus EMT reconstruction using exact complex bus-voltage phasors when available; otherwise diagnostic fallback
2.54,6.572120488192168e-5,0.0007355091443967954,6.572120488192168e-5,0.0007355091443967954,6.572120488192168e-5,0.0007355091443967954,-0.07493427879511845,-0.8792644908556128,-0.07500000000000037,-0.8800000000000096,0.0,0.0,Vmag_get_voltage_magnitude_series__angle_get_voltage_angle_series,true,Unknown,Ybus EMT reconstruction using exact complex bus-voltage phasors when available; otherwise diagnostic fallback
2.55,6.572756573676453e-5,0.0007355830223553239,6.572756573676453e-5,0.0007355830223553239,6.572756573676453e-5,0.0007355830223553239,-0.07493427243426361,-0.8792644169776542,-0.07500000000000037,-0.8800000000000096,0.0,0.0,Vmag_get_voltage_magnitude_series__angle_get_voltage_angle_series,true,Unknown,Ybus EMT reconstruction using exact complex bus-voltage phasors when available; otherwise diagnostic fallback
2.56,6.573534001591552e-5,0.0007356734974139911,6.573534001591552e-5,0.0007356734974139911,6.573534001591552e-5,0.0007356734974139911,-0.07493426465998446,-0.8792643265025956,-0.07500000000000037,-0.8800000000000096,0.0,0.0,Vmag_get_voltage_magnitude_series__angle_get_voltage_angle_series,true,Unknown,Ybus EMT reconstruction using exact complex bus-voltage phasors when available; otherwise diagnostic fallback
2.57,6.574434397424445e-5,0.0007357784182433491,6.574434397424445e-5,0.0007357784182433491,6.574434397424445e-5,0.0007357784182433491,-0.07493425565602613,-0.8792642215817662,-0.07500000000000037,-0.8800000000000096,0.0,0.0,Vmag_get_voltage_magnitude_series__angle_get_voltage_angle_series,true,Unknown,Ybus EMT reconstruction using exact complex bus-voltage phasors when available; otherwise diagnostic fallback
2.58,6.575440020098466e-5,0.0007358957074248273,6.575440020098466e-5,0.0007358957074248273,6.575440020098466e-5,0.0007358957074248273,-0.07493424559979939,-0.8792641042925847,-0.07500000000000037,-0.8800000000000096,0.0,0.0,Vmag_get_voltage_magnitude_series__angle_get_voltage_angle_series,true,Unknown,Ybus EMT reconstruction using exact complex bus-voltage phasors when available; otherwise diagnostic fallback
2.59,6.576533844224186e-5,0.0007360233712377928,6.576533844224186e-5,0.0007360233712377928,6.576533844224186e-5,0.0007360233712377928,-0.07493423466155813,-0.8792639766287718,-0.07500000000000037,-0.8800000000000096,0.0,0.0,Vmag_get_voltage_magnitude_series__angle_get_voltage_angle_series,true,Unknown,Ybus EMT reconstruction using exact complex bus-voltage phasors when available; otherwise diagnostic fallback
2.6,6.577699644579049e-5,0.0007361595094473872,6.577699644579049e-5,0.0007361595094473872,6.577699644579049e-5,0.0007361595094473872,-0.07493422300355458,-0.8792638404905622,-0.07500000000000037,-0.8800000000000096,0.0,0.0,Vmag_get_voltage_magnitude_series__angle_get_voltage_angle_series,true,Unknown,Ybus EMT reconstruction using exact complex bus-voltage phasors when available; otherwise diagnostic fallback
2.61,6.578922058245174e-5,0.0007363023226821808,6.578922058245174e-5,0.0007363023226821808,6.578922058245174e-5,0.0007363023226821808,-0.07493421077941792,-0.8792636976773274,-0.07500000000000037,-0.8800000000000096,0.0,0.0,Vmag_get_voltage_magnitude_series__angle_get_voltage_angle_series,true,Unknown,Ybus EMT reconstruction using exact complex bus-voltage phasors when available; otherwise diagnostic fallback
2.62,6.580186647404951e-5,0.0007364501197056894,6.580186647404951e-5,0.0007364501197056894,6.580186647404951e-5,0.0007364501197056894,-0.07493419813352632,-0.8792635498803039,-0.07500000000000037,-0.8800000000000096,0.0,0.0,Vmag_get_voltage_magnitude_series__angle_get_voltage_angle_series,true,Unknown,Ybus EMT reconstruction using exact complex bus-voltage phasors when available; otherwise diagnostic fallback
2.63,6.5814799473915e-5,0.0007366013231072666,6.5814799473915e-5,0.0007366013231072666,6.5814799473915e-5,0.0007366013231072666,-0.07493418520052646,-0.8792633986769023,-0.07500000000000037,-0.8800000000000096,0.0,0.0,Vmag_get_voltage_magnitude_series__angle_get_voltage_angle_series,true,Unknown,Ybus EMT reconstruction using exact complex bus-voltage phasors when available; otherwise diagnostic fallback
2.64,6.582789505223119e-5,0.0007367544738323684,6.582789505223119e-5,0.0007367544738323684,6.582789505223119e-5,0.0007367544738323684,-0.07493417210494814,-0.8792632455261772,-0.07500000000000037,-0.8800000000000096,0.0,0.0,Vmag_get_voltage_magnitude_series__angle_get_voltage_angle_series,true,Unknown,Ybus EMT reconstruction using exact complex bus-voltage phasors when available; otherwise diagnostic fallback
2.65,6.58410391435188e-5,0.0007369082351669221,6.58410391435188e-5,0.0007369082351669221,6.58410391435188e-5,0.0007369082351669221,-0.07493415896085685,-0.8792630917648426,-0.07500000000000037,-0.8800000000000096,0.0,0.0,Vmag_get_voltage_magnitude_series__angle_get_voltage_angle_series,true,Unknown,Ybus EMT reconstruction using exact complex bus-voltage phasors when available; otherwise diagnostic fallback
2.66,6.58541283032471e-5,0.0007370613947513815,6.58541283032471e-5,0.0007370613947513815,6.58541283032471e-5,0.0007370613947513815,-0.07493414587169712,-0.8792629386052582,-0.07500000000000037,-0.8800000000000096,0.0,0.0,Vmag_get_voltage_magnitude_series__angle_get_voltage_angle_series,true,Unknown,Ybus EMT reconstruction using exact complex bus-voltage phasors when available; otherwise diagnostic fallback
2.67,6.586706989344937e-5,0.0007372128665303901,6.586706989344937e-5,0.0007372128665303901,6.586706989344937e-5,0.0007372128665303901,-0.07493413293010692,-0.8792627871334792,-0.07500000000000037,-0.8800000000000096,0.0,0.0,Vmag_get_voltage_magnitude_series__angle_get_voltage_angle_series,true,Unknown,Ybus EMT reconstruction using exact complex bus-voltage phasors when available; otherwise diagnostic fallback
2.68,6.587978210138845e-5,0.0007373616912401681,6.587978210138845e-5,0.0007373616912401681,6.587978210138845e-5,0.0007373616912401681,-0.07493412021789898,-0.8792626383087694,-0.07500000000000037,-0.8800000000000096,0.0,0.0,Vmag_get_voltage_magnitude_series__angle_get_voltage_angle_series,true,Unknown,Ybus EMT reconstruction using exact complex bus-voltage phasors when available; otherwise diagnostic fallback
2.69,6.589219387206913e-5,0.000737507035445395,6.589219387206913e-5,0.000737507035445395,6.589219387206913e-5,0.000737507035445395,-0.0749341078061283,-0.8792624929645642,-0.07500000000000037,-0.8800000000000096,0.0,0.0,Vmag_get_voltage_magnitude_series__angle_get_voltage_angle_series,true,Unknown,Ybus EMT reconstruction using exact complex bus-voltage phasors when available; otherwise diagnostic fallback
2.7,6.590424485564128e-5,0.0007376481910124078,6.590424485564128e-5,0.0007376481910124078,6.590424485564128e-5,0.0007376481910124078,-0.07493409575514473,-0.8792623518089971,-0.07500000000000037,-0.8800000000000096,0.0,0.0,Vmag_get_voltage_magnitude_series__angle_get_voltage_angle_series,true,Unknown,Ybus EMT reconstruction using exact complex bus-voltage phasors when available; otherwise diagnostic fallback
2.71,6.591588515308944e-5,0.0007377845720729637,6.591588515308944e-5,0.0007377845720729637,6.591588515308944e-5,0.0007377845720729637,-0.07493408411484728,-0.8792622154279366,-0.07500000000000037,-0.8800000000000096,0.0,0.0,Vmag_get_voltage_magnitude_series__angle_get_voltage_angle_series,true,Unknown,Ybus EMT reconstruction using exact complex bus-voltage phasors when available; otherwise diagnostic fallback
2.72,6.592707511419993e-5,0.000737915712824222,6.592707511419993e-5,0.000737915712824222,6.592707511419993e-5,0.000737915712824222,-0.07493407292488617,-0.8792620842871853,-0.07500000000000037,-0.8800000000000096,0.0,0.0,Vmag_get_voltage_magnitude_series__angle_get_voltage_angle_series,true,Unknown,Ybus EMT reconstruction using exact complex bus-voltage phasors when available; otherwise diagnostic fallback
2.73,6.593778497379632e-5,0.0007380412630864086,6.593778497379632e-5,0.0007380412630864086,6.593778497379632e-5,0.0007380412630864086,-0.07493406221502658,-0.8792619587369231,-0.07500000000000037,-0.8800000000000096,0.0,0.0,Vmag_get_voltage_magnitude_series__angle_get_voltage_angle_series,true,Unknown,Ybus EMT reconstruction using exact complex bus-voltage phasors when available; otherwise diagnostic fallback
2.74,6.594799449247124e-5,0.0007381609842224135,6.594799449247124e-5,0.0007381609842224135,6.594799449247124e-5,0.0007381609842224135,-0.0749340520055079,-0.8792618390157871,-0.07500000000000037,-0.8800000000000096,0.0,0.0,Vmag_get_voltage_magnitude_series__angle_get_voltage_angle_series,true,Unknown,Ybus EMT reconstruction using exact complex bus-voltage phasors when available; otherwise diagnostic fallback
2.75,6.595769254998107e-5,0.0007382747443939186,6.595769254998107e-5,0.0007382747443939186,6.595769254998107e-5,0.0007382747443939186,-0.07493404230745039,-0.8792617252556156,-0.07500000000000037,-0.8800000000000096,0.0,0.0,Vmag_get_voltage_magnitude_series__angle_get_voltage_angle_series,true,Unknown,Ybus EMT reconstruction using exact complex bus-voltage phasors when available; otherwise diagnostic fallback
2.76,6.596687660856415e-5,0.0007383825122327936,6.596687660856415e-5,0.0007383825122327936,6.596687660856415e-5,0.0007383825122327936,-0.07493403312339181,-0.8792616174877768,-0.07500000000000037,-0.8800000000000096,0.0,0.0,Vmag_get_voltage_magnitude_series__angle_get_voltage_angle_series,true,Unknown,Ybus EMT reconstruction using exact complex bus-voltage phasors when available; otherwise diagnostic fallback
2.77,6.597555226857399e-5,0.0007384843516579087,6.597555226857399e-5,0.0007384843516579087,6.597555226857399e-5,0.0007384843516579087,-0.0749340244477318,-0.8792615156483516,-0.07500000000000037,-0.8800000000000096,0.0,0.0,Vmag_get_voltage_magnitude_series__angle_get_voltage_angle_series,true,Unknown,Ybus EMT reconstruction using exact complex bus-voltage phasors when available; otherwise diagnostic fallback
2.78,6.598373266217261e-5,0.000738580414842871,6.598373266217261e-5,0.000738580414842871,6.598373266217261e-5,0.000738580414842871,-0.0749340162673382,-0.8792614195851667,-0.07500000000000037,-0.8800000000000096,0.0,0.0,Vmag_get_voltage_magnitude_series__angle_get_voltage_angle_series,true,Unknown,Ybus EMT reconstruction using exact complex bus-voltage phasors when available; otherwise diagnostic fallback
2.79,6.599143789122464e-5,0.0007386709355730048,6.599143789122464e-5,0.0007386709355730048,6.599143789122464e-5,0.0007386709355730048,-0.07493400856210915,-0.8792613290644365,-0.07500000000000037,-0.8800000000000096,0.0,0.0,Vmag_get_voltage_magnitude_series__angle_get_voltage_angle_series,true,Unknown,Ybus EMT reconstruction using exact complex bus-voltage phasors when available; otherwise diagnostic fallback
2.8,6.599869444214035e-5,0.0007387562224316913,6.599869444214035e-5,0.0007387562224316913,6.599869444214035e-5,0.0007387562224316913,-0.07493400130555823,-0.8792612437775779,-0.07500000000000037,-0.8800000000000096,0.0,0.0,Vmag_get_voltage_magnitude_series__angle_get_voltage_angle_series,true,Unknown,Ybus EMT reconstruction using exact complex bus-voltage phasors when available; otherwise diagnostic fallback
2.81,6.600553452243418e-5,0.0007388366510188149,6.600553452243418e-5,0.0007388366510188149,6.600553452243418e-5,0.0007388366510188149,-0.07493399446547794,-0.8792611633489907,-0.07500000000000037,-0.8800000000000096,0.0,0.0,Vmag_get_voltage_magnitude_series__angle_get_voltage_angle_series,true,Unknown,Ybus EMT reconstruction using exact complex bus-voltage phasors when available; otherwise diagnostic fallback
2.82,6.601199547630332e-5,0.0007389126571766269,6.601199547630332e-5,0.0007389126571766269,6.601199547630332e-5,0.0007389126571766269,-0.07493398800452407,-0.8792610873428329,-0.07500000000000037,-0.8800000000000096,0.0,0.0,Vmag_get_voltage_magnitude_series__angle_get_voltage_angle_series,true,Unknown,Ybus EMT reconstruction using exact complex bus-voltage phasors when available; otherwise diagnostic fallback
2.83,6.601811910057764e-5,0.0007389847289086537,6.601811910057764e-5,0.0007389847289086537,6.601811910057764e-5,0.0007389847289086537,-0.0749339818808998,-0.8792610152711009,-0.07500000000000037,-0.8800000000000096,0.0,0.0,Vmag_get_voltage_magnitude_series__angle_get_voltage_angle_series,true,Unknown,Ybus EMT reconstruction using exact complex bus-voltage phasors when available; otherwise diagnostic fallback
2.84,6.602395102911496e-5,0.0007390533992294168,6.602395102911496e-5,0.0007390533992294168,6.602395102911496e-5,0.0007390533992294168,-0.07493397604897126,-0.8792609466007801,-0.07500000000000037,-0.8800000000000096,0.0,0.0,Vmag_get_voltage_magnitude_series__angle_get_voltage_angle_series,true,Unknown,Ybus EMT reconstruction using exact complex bus-voltage phasors when available; otherwise diagnostic fallback
2.85,6.602954009871098e-5,0.0007391192386644319,6.602954009871098e-5,0.0007391192386644319,6.602954009871098e-5,0.0007391192386644319,-0.07493397045990166,-0.8792608807613451,-0.07500000000000037,-0.8800000000000096,0.0,0.0,Vmag_get_voltage_magnitude_series__angle_get_voltage_angle_series,true,Unknown,Ybus EMT reconstruction using exact complex bus-voltage phasors when available; otherwise diagnostic fallback
2.86,6.603493768501945e-5,0.0007391828476378537,6.603493768501945e-5,0.0007391828476378537,6.603493768501945e-5,0.0007391828476378537,-0.07493396506231535,-0.8792608171523717,-0.07500000000000037,-0.8800000000000096,0.0,0.0,Vmag_get_voltage_magnitude_series__angle_get_voltage_angle_series,true,Unknown,Ybus EMT reconstruction using exact complex bus-voltage phasors when available; otherwise diagnostic fallback
2.87,6.604019713488118e-5,0.000739244849645937,6.604019713488118e-5,0.000739244849645937,6.604019713488118e-5,0.000739244849645937,-0.07493395980286549,-0.8792607551503636,-0.07500000000000037,-0.8800000000000096,0.0,0.0,Vmag_get_voltage_magnitude_series__angle_get_voltage_angle_series,true,Unknown,Ybus EMT reconstruction using exact complex bus-voltage phasors when available; otherwise diagnostic fallback
2.88,6.604537311891145e-5,0.0007393058837864563,6.604537311891145e-5,0.0007393058837864563,6.604537311891145e-5,0.0007393058837864563,-0.07493395462688146,-0.8792606941162231,-0.07500000000000037,-0.8800000000000096,0.0,0.0,Vmag_get_voltage_magnitude_series__angle_get_voltage_angle_series,true,Unknown,Ybus EMT reconstruction using exact complex bus-voltage phasors when available; otherwise diagnostic fallback
2.89,6.605052108518694e-5,0.0007393665983719266,6.605052108518694e-5,0.0007393665983719266,6.605052108518694e-5,0.0007393665983719266,-0.07493394947891518,-0.8792606334016376,-0.07500000000000037,-0.8800000000000096,0.0,0.0,Vmag_get_voltage_magnitude_series__angle_get_voltage_angle_series,true,Unknown,Ybus EMT reconstruction using exact complex bus-voltage phasors when available; otherwise diagnostic fallback
2.9,6.605569668126365e-5,0.0007394276440826353,6.605569668126365e-5,0.0007394276440826353,6.605569668126365e-5,0.0007394276440826353,-0.07493394430331911,-0.8792605723559269,-0.07500000000000037,-0.8800000000000096,0.0,0.0,Vmag_get_voltage_magnitude_series__angle_get_voltage_angle_series,true,Unknown,Ybus EMT reconstruction using exact complex bus-voltage phasors when available; otherwise diagnostic fallback
2.91,6.60609552319974e-5,0.0007394896679089324,6.60609552319974e-5,0.0007394896679089324,6.60609552319974e-5,0.0007394896679089324,-0.07493393904476837,-0.8792605103321006,-0.07500000000000037,-0.8800000000000096,0.0,0.0,Vmag_get_voltage_magnitude_series__angle_get_voltage_angle_series,true,Unknown,Ybus EMT reconstruction using exact complex bus-voltage phasors when available; otherwise diagnostic fallback
2.92,6.606635124925542e-5,0.0007395533074054939,6.606635124925542e-5,0.0007395533074054939,6.606635124925542e-5,0.0007395533074054939,-0.07493393364875112,-0.8792604466926041,-0.07500000000000037,-0.8800000000000096,0.0,0.0,Vmag_get_voltage_magnitude_series__angle_get_voltage_angle_series,true,Unknown,Ybus EMT reconstruction using exact complex bus-voltage phasors when available; otherwise diagnostic fallback
2.93,6.607193794323785e-5,0.0007396191849713407,6.607193794323785e-5,0.0007396191849713407,6.607193794323785e-5,0.0007396191849713407,-0.07493392806205713,-0.8792603808150382,-0.07500000000000037,-0.8800000000000096,0.0,0.0,Vmag_get_voltage_magnitude_series__angle_get_voltage_angle_series,true,Unknown,Ybus EMT reconstruction using exact complex bus-voltage phasors when available; otherwise diagnostic fallback
2.94,6.607776680683797e-5,0.0007396879029557546,6.607776680683797e-5,0.0007396879029557546,6.607776680683797e-5,0.0007396879029557546,-0.07493392223319353,-0.8792603120970538,-0.07500000000000037,-0.8800000000000096,0.0,0.0,Vmag_get_voltage_magnitude_series__angle_get_voltage_angle_series,true,Unknown,Ybus EMT reconstruction using exact complex bus-voltage phasors when available; otherwise diagnostic fallback
2.95,6.608388721363045e-5,0.0007397600389763559,6.608388721363045e-5,0.0007397600389763559,6.608388721363045e-5,0.0007397600389763559,-0.07493391611278674,-0.8792602399610332,-0.07500000000000037,-0.8800000000000096,0.0,0.0,Vmag_get_voltage_magnitude_series__angle_get_voltage_angle_series,true,Unknown,Ybus EMT reconstruction using exact complex bus-voltage phasors when available; otherwise diagnostic fallback
2.96,6.609034604845854e-5,0.000739836141559147,6.609034604845854e-5,0.000739836141559147,6.609034604845854e-5,0.000739836141559147,-0.07493390965395191,-0.8792601638584504,-0.07500000000000037,-0.8800000000000096,0.0,0.0,Vmag_get_voltage_magnitude_series__angle_get_voltage_angle_series,true,Unknown,Ybus EMT reconstruction using exact complex bus-voltage phasors when available; otherwise diagnostic fallback
2.97,6.609718739909731e-5,0.0007399167265882411,6.609718739909731e-5,0.0007399167265882411,6.609718739909731e-5,0.0007399167265882411,-0.07493390281260127,-0.8792600832734213,-0.07500000000000037,-0.8800000000000096,0.0,0.0,Vmag_get_voltage_magnitude_series__angle_get_voltage_angle_series,true,Unknown,Ybus EMT reconstruction using exact complex bus-voltage phasors when available; otherwise diagnostic fallback
2.98,6.61044522554527e-5,0.0007400022736978595,6.61044522554527e-5,0.0007400022736978595,6.61044522554527e-5,0.0007400022736978595,-0.07493389554774492,-0.8792599977263117,-0.07500000000000037,-0.8800000000000096,0.0,0.0,Vmag_get_voltage_magnitude_series__angle_get_voltage_angle_series,true,Unknown,Ybus EMT reconstruction using exact complex bus-voltage phasors when available; otherwise diagnostic fallback
2.99,6.61121782830898e-5,0.0007400932236649727,6.61121782830898e-5,0.0007400932236649727,6.61121782830898e-5,0.0007400932236649727,-0.07493388782171728,-0.8792599067763446,-0.07500000000000037,-0.8800000000000096,0.0,0.0,Vmag_get_voltage_magnitude_series__angle_get_voltage_angle_series,true,Unknown,Ybus EMT reconstruction using exact complex bus-voltage phasors when available; otherwise diagnostic fallback
3.0,6.61203996024512e-5,0.000740189975829475,6.61203996024512e-5,0.000740189975829475,6.61203996024512e-5,0.000740189975829475,-0.07493387960039792,-0.8792598100241801,-0.07500000000000037,-0.8800000000000096,0.0,0.0,Vmag_get_voltage_magnitude_series__angle_get_voltage_angle_series,true,Unknown,Ybus EMT reconstruction using exact complex bus-voltage phasors when available; otherwise diagnostic fallback
3.01,6.612914662454394e-5,0.0007402928861183211,6.612914662454394e-5,0.0007402928861183211,6.612914662454394e-5,0.0007402928861183211,-0.07493387085337583,-0.8792597071138912,-0.07500000000000037,-0.8800000000000096,0.0,0.0,Vmag_get_voltage_magnitude_series__angle_get_voltage_angle_series,true,Unknown,Ybus EMT reconstruction using exact complex bus-voltage phasors when available; otherwise diagnostic fallback
3.02,6.6138445930633e-5,0.0007404022656908316,6.6138445930633e-5,0.0007404022656908316,6.6138445930633e-5,0.0007404022656908316,-0.07493386155406974,-0.8792595977343187,-0.07500000000000037,-0.8800000000000096,0.0,0.0,Vmag_get_voltage_magnitude_series__angle_get_voltage_angle_series,true,Unknown,Ybus EMT reconstruction using exact complex bus-voltage phasors when available; otherwise diagnostic fallback
3.03,6.614832016287042e-5,0.0007405183795994308,6.614832016287042e-5,0.0007405183795994308,6.614832016287042e-5,0.0007405183795994308,-0.0749338516798375,-0.8792594816204101,-0.07500000000000037,-0.8800000000000096,0.0,0.0,Vmag_get_voltage_magnitude_series__angle_get_voltage_angle_series,true,Unknown,Ybus EMT reconstruction using exact complex bus-voltage phasors when available; otherwise diagnostic fallback
3.04,6.615878799021147e-5,0.0007406414464612432,6.615878799021147e-5,0.0007406414464612432,6.615878799021147e-5,0.0007406414464612432,-0.07493384121201016,-0.8792593585535483,-0.07500000000000037,-0.8800000000000096,0.0,0.0,Vmag_get_voltage_magnitude_series__angle_get_voltage_angle_series,true,Unknown,Ybus EMT reconstruction using exact complex bus-voltage phasors when available; otherwise diagnostic fallback
3.05,6.616986406610126e-5,0.0007407716378126095,6.616986406610126e-5,0.0007407716378126095,6.616986406610126e-5,0.0007407716378126095,-0.07493383013593427,-0.8792592283621969,-0.07500000000000037,-0.8800000000000096,0.0,0.0,Vmag_get_voltage_magnitude_series__angle_get_voltage_angle_series,true,Unknown,Ybus EMT reconstruction using exact complex bus-voltage phasors when available; otherwise diagnostic fallback
3.06,6.618155905194212e-5,0.0007409090785750472,6.618155905194212e-5,0.0007409090785750472,6.618155905194212e-5,0.0007409090785750472,-0.07493381844094843,-0.8792590909214345,-0.07500000000000037,-0.8800000000000096,0.0,0.0,Vmag_get_voltage_magnitude_series__angle_get_voltage_angle_series,true,Unknown,Ybus EMT reconstruction using exact complex bus-voltage phasors when available; otherwise diagnostic fallback
3.07,6.619387966087797e-5,0.0007410538474108552,6.619387966087797e-5,0.0007410538474108552,6.619387966087797e-5,0.0007410538474108552,-0.0749338061203395,-0.8792589461525987,-0.07500000000000037,-0.8800000000000096,0.0,0.0,Vmag_get_voltage_magnitude_series__angle_get_voltage_angle_series,true,Unknown,Ybus EMT reconstruction using exact complex bus-voltage phasors when available; otherwise diagnostic fallback
3.08,6.620682871853745e-5,0.0007412059774760671,6.620682871853745e-5,0.0007412059774760671,6.620682871853745e-5,0.0007412059774760671,-0.07493379317128183,-0.8792587940225335,-0.07500000000000037,-0.8800000000000096,0.0,0.0,Vmag_get_voltage_magnitude_series__angle_get_voltage_angle_series,true,Unknown,Ybus EMT reconstruction using exact complex bus-voltage phasors when available; otherwise diagnostic fallback
3.09,6.622040528399264e-5,0.0007413654578963813,6.622040528399264e-5,0.0007413654578963813,6.622040528399264e-5,0.0007413654578963813,-0.07493377959471638,-0.8792586345421132,-0.07500000000000037,-0.8800000000000096,0.0,0.0,Vmag_get_voltage_magnitude_series__angle_get_voltage_angle_series,true,Unknown,Ybus EMT reconstruction using exact complex bus-voltage phasors when available; otherwise diagnostic fallback
3.1,6.623460475629894e-5,0.0007415322348391928,6.623460475629894e-5,0.0007415322348391928,6.623460475629894e-5,0.0007415322348391928,-0.07493376539524407,-0.8792584677651704,-0.07500000000000037,-0.8800000000000096,0.0,0.0,Vmag_get_voltage_magnitude_series__angle_get_voltage_angle_series,true,Unknown,Ybus EMT reconstruction using exact complex bus-voltage phasors when available; otherwise diagnostic fallback
3.11,6.624941902916293e-5,0.0007417062135626207,6.624941902916293e-5,0.0007417062135626207,6.624941902916293e-5,0.0007417062135626207,-0.07493375058097121,-0.8792582937864469,-0.07500000000000037,-0.8800000000000096,0.0,0.0,Vmag_get_voltage_magnitude_series__angle_get_voltage_angle_series,true,Unknown,Ybus EMT reconstruction using exact complex bus-voltage phasors when available; otherwise diagnostic fallback
3.12,6.626483666999361e-5,0.0007418872603148774,6.626483666999361e-5,0.0007418872603148774,6.626483666999361e-5,0.0007418872603148774,-0.07493373516333038,-0.8792581127396947,-0.07500000000000037,-0.8800000000000096,0.0,0.0,Vmag_get_voltage_magnitude_series__angle_get_voltage_angle_series,true,Unknown,Ybus EMT reconstruction using exact complex bus-voltage phasors when available; otherwise diagnostic fallback
3.13,6.628084309152904e-5,0.000742075204374415,6.628084309152904e-5,0.000742075204374415,6.628084309152904e-5,0.000742075204374415,-0.07493371915690884,-0.8792579247956351,-0.07500000000000037,-0.8800000000000096,0.0,0.0,Vmag_get_voltage_magnitude_series__angle_get_voltage_angle_series,true,Unknown,Ybus EMT reconstruction using exact complex bus-voltage phasors when available; otherwise diagnostic fallback
3.14,6.629742077580991e-5,0.0007422698407559825,6.629742077580991e-5,0.0007422698407559825,6.629742077580991e-5,0.0007422698407559825,-0.07493370257922456,-0.8792577301592536,-0.07500000000000037,-0.8800000000000096,0.0,0.0,Vmag_get_voltage_magnitude_series__angle_get_voltage_angle_series,true,Unknown,Ybus EMT reconstruction using exact complex bus-voltage phasors when available; otherwise diagnostic fallback
3.15,6.631454947150783e-5,0.0007424709324379553,6.631454947150783e-5,0.0007424709324379553,6.631454947150783e-5,0.0007424709324379553,-0.07493368545052886,-0.8792575290675716,-0.07500000000000037,-0.8800000000000096,0.0,0.0,Vmag_get_voltage_magnitude_series__angle_get_voltage_angle_series,true,Unknown,Ybus EMT reconstruction using exact complex bus-voltage phasors when available; otherwise diagnostic fallback
3.16,6.633220644036708e-5,0.000742678213238146,6.633220644036708e-5,0.000742678213238146,6.633220644036708e-5,0.000742678213238146,-0.07493366779356,-0.8792573217867714,-0.07500000000000037,-0.8800000000000096,0.0,0.0,Vmag_get_voltage_magnitude_series__angle_get_voltage_angle_series,true,Unknown,Ybus EMT reconstruction using exact complex bus-voltage phasors when available; otherwise diagnostic fallback
3.17,6.635036669092043e-5,0.0007428913906509793,6.635036669092043e-5,0.0007428913906509793,6.635036669092043e-5,0.0007428913906509793,-0.07493364963330945,-0.8792571086093586,-0.07500000000000037,-0.8800000000000096,0.0,0.0,Vmag_get_voltage_magnitude_series__angle_get_voltage_angle_series,true,Unknown,Ybus EMT reconstruction using exact complex bus-voltage phasors when available; otherwise diagnostic fallback
3.18,6.636900321477235e-5,0.000743110148465953,6.636900321477235e-5,0.000743110148465953,6.636900321477235e-5,0.000743110148465953,-0.0749336309967856,-0.8792568898515436,-0.07500000000000037,-0.8800000000000096,0.0,0.0,Vmag_get_voltage_magnitude_series__angle_get_voltage_angle_series,true,Unknown,Ybus EMT reconstruction using exact complex bus-voltage phasors when available; otherwise diagnostic fallback
3.19,6.63880872530942e-5,0.0007433341500155954,6.63880872530942e-5,0.0007433341500155954,6.63880872530942e-5,0.0007433341500155954,-0.07493361191274728,-0.879256665849994,-0.07500000000000037,-0.8800000000000096,0.0,0.0,Vmag_get_voltage_magnitude_series__angle_get_voltage_angle_series,true,Unknown,Ybus EMT reconstruction using exact complex bus-voltage phasors when available; otherwise diagnostic fallback
3.2,6.640758853206086e-5,0.0007435630408327842,6.640758853206086e-5,0.0007435630408327842,6.640758853206086e-5,0.0007435630408327842,-0.07493359241146831,-0.8792564369591768,-0.07500000000000037,-0.8800000000000096,0.0,0.0,Vmag_get_voltage_magnitude_series__angle_get_voltage_angle_series,true,Unknown,Ybus EMT reconstruction using exact complex bus-voltage phasors when available; otherwise diagnostic fallback
3.21,6.642747552657036e-5,0.0007437964517881257,6.642747552657036e-5,0.0007437964517881257,6.642747552657036e-5,0.0007437964517881257,-0.0749335725244738,-0.8792562035482214,-0.07500000000000037,-0.8800000000000096,0.0,0.0,Vmag_get_voltage_magnitude_series__angle_get_voltage_angle_series,true,Unknown,Ybus EMT reconstruction using exact complex bus-voltage phasors when available; otherwise diagnostic fallback
3.22,6.644771570668562e-5,0.0007440340019964076,6.644771570668562e-5,0.0007440340019964076,6.644771570668562e-5,0.0007440340019964076,-0.07493355228429369,-0.8792559659980131,-0.07500000000000037,-0.8800000000000096,0.0,0.0,Vmag_get_voltage_magnitude_series__angle_get_voltage_angle_series,true,Unknown,Ybus EMT reconstruction using exact complex bus-voltage phasors when available; otherwise diagnostic fallback
3.23,6.646827578182801e-5,0.0007442753015829418,6.646827578182801e-5,0.0007442753015829418,6.646827578182801e-5,0.0007442753015829418,-0.07493353172421854,-0.8792557246984266,-0.07500000000000037,-0.8800000000000096,0.0,0.0,Vmag_get_voltage_magnitude_series__angle_get_voltage_angle_series,true,Unknown,Ybus EMT reconstruction using exact complex bus-voltage phasors when available; otherwise diagnostic fallback
3.24,6.648912194721912e-5,0.000744519954673839,6.648912194721912e-5,0.000744519954673839,6.648912194721912e-5,0.000744519954673839,-0.07493351087805315,-0.8792554800453357,-0.07500000000000037,-0.8800000000000096,0.0,0.0,Vmag_get_voltage_magnitude_series__angle_get_voltage_angle_series,true,Unknown,Ybus EMT reconstruction using exact complex bus-voltage phasors when available; otherwise diagnostic fallback
3.25,6.651022011376628e-5,0.0007447675620817495,6.651022011376628e-5,0.0007447675620817495,6.651022011376628e-5,0.0007447675620817495,-0.0749334897798866,-0.8792552324379278,-0.07500000000000037,-0.8800000000000096,0.0,0.0,Vmag_get_voltage_magnitude_series__angle_get_voltage_angle_series,true,Unknown,Ybus EMT reconstruction using exact complex bus-voltage phasors when available; otherwise diagnostic fallback
3.26,6.653153613644935e-5,0.0007450177238321753,6.653153613644935e-5,0.0007450177238321753,6.653153613644935e-5,0.0007450177238321753,-0.07493346846386392,-0.8792549822761774,-0.07500000000000037,-0.8800000000000096,0.0,0.0,Vmag_get_voltage_magnitude_series__angle_get_voltage_angle_series,true,Unknown,Ybus EMT reconstruction using exact complex bus-voltage phasors when available; otherwise diagnostic fallback
3.27,6.655303603261831e-5,0.000745270041924484,6.655303603261831e-5,0.000745270041924484,6.655303603261831e-5,0.000745270041924484,-0.07493344696396775,-0.8792547299580851,-0.07500000000000037,-0.8800000000000096,0.0,0.0,Vmag_get_voltage_magnitude_series__angle_get_voltage_angle_series,true,Unknown,Ybus EMT reconstruction using exact complex bus-voltage phasors when available; otherwise diagnostic fallback
3.28,6.657468617977946e-5,0.0007455241225303721,6.657468617977946e-5,0.0007455241225303721,6.657468617977946e-5,0.0007455241225303721,-0.07493342531382059,-0.8792544758774792,-0.07500000000000037,-0.8800000000000096,0.0,0.0,Vmag_get_voltage_magnitude_series__angle_get_voltage_angle_series,true,Unknown,Ybus EMT reconstruction using exact complex bus-voltage phasors when available; otherwise diagnostic fallback
3.29,6.65964535157687e-5,0.0007457795783297749,6.65964535157687e-5,0.0007457795783297749,6.65964535157687e-5,0.0007457795783297749,-0.0749334035464846,-0.8792542204216798,-0.07500000000000037,-0.8800000000000096,0.0,0.0,Vmag_get_voltage_magnitude_series__angle_get_voltage_angle_series,true,Unknown,Ybus EMT reconstruction using exact complex bus-voltage phasors when available; otherwise diagnostic fallback
3.3,6.661830571474958e-5,0.0007460360306447145,6.661830571474958e-5,0.0007460360306447145,6.661830571474958e-5,0.0007460360306447145,-0.07493338169428562,-0.8792539639693648,-0.07500000000000037,-0.8800000000000096,0.0,0.0,Vmag_get_voltage_magnitude_series__angle_get_voltage_angle_series,true,Unknown,Ybus EMT reconstruction using exact complex bus-voltage phasors when available; otherwise diagnostic fallback
3.31,6.664021135360798e-5,0.0007462931113304538,6.664021135360798e-5,0.0007462931113304538,6.664021135360798e-5,0.0007462931113304538,-0.07493335978864676,-0.8792537068886791,-0.07500000000000037,-0.8800000000000096,0.0,0.0,Vmag_get_voltage_magnitude_series__angle_get_voltage_angle_series,true,Unknown,Ybus EMT reconstruction using exact complex bus-voltage phasors when available; otherwise diagnostic fallback
3.32,6.666214006652293e-5,0.0007465504646075871,6.666214006652293e-5,0.0007465504646075871,6.666214006652293e-5,0.0007465504646075871,-0.07493333785993385,-0.879253449535402,-0.07500000000000037,-0.8800000000000096,0.0,0.0,Vmag_get_voltage_magnitude_series__angle_get_voltage_angle_series,true,Unknown,Ybus EMT reconstruction using exact complex bus-voltage phasors when available; otherwise diagnostic fallback
3.33,6.668406267665294e-5,0.0007468077486154634,6.668406267665294e-5,0.0007468077486154634,6.668406267665294e-5,0.0007468077486154634,-0.07493331593732372,-0.8792531922513941,-0.07500000000000037,-0.8800000000000096,0.0,0.0,Vmag_get_voltage_magnitude_series__angle_get_voltage_angle_series,true,Unknown,Ybus EMT reconstruction using exact complex bus-voltage phasors when available; otherwise diagnostic fallback
3.34,6.670595132218793e-5,0.0007470646368389344,6.670595132218793e-5,0.0007470646368389344,6.670595132218793e-5,0.0007470646368389344,-0.07493329404867818,-0.8792529353631706,-0.07500000000000037,-0.8800000000000096,0.0,0.0,Vmag_get_voltage_magnitude_series__angle_get_voltage_angle_series,true,Unknown,Ybus EMT reconstruction using exact complex bus-voltage phasors when available; otherwise diagnostic fallback
3.35,6.672777956191756e-5,0.0007473208194022085,6.672777956191756e-5,0.0007473208194022085,6.672777956191756e-5,0.0007473208194022085,-0.07493327222043845,-0.8792526791806073,-0.07500000000000037,-0.8800000000000096,0.0,0.0,Vmag_get_voltage_magnitude_series__angle_get_voltage_angle_series,true,Unknown,Ybus EMT reconstruction using exact complex bus-voltage phasors when available; otherwise diagnostic fallback
3.36,6.674952246399357e-5,0.0007475760041272261,6.674952246399357e-5,0.0007475760041272261,6.674952246399357e-5,0.0007475760041272261,-0.07493325047753638,-0.8792524239958823,-0.07500000000000037,-0.8800000000000096,0.0,0.0,Vmag_get_voltage_magnitude_series__angle_get_voltage_angle_series,true,Unknown,Ybus EMT reconstruction using exact complex bus-voltage phasors when available; otherwise diagnostic fallback
3.37,6.677115668310418e-5,0.0007478299173608871,6.677115668310418e-5,0.0007478299173608871,6.677115668310418e-5,0.0007478299173608871,-0.07493322884331727,-0.8792521700826487,-0.07500000000000037,-0.8800000000000096,0.0,0.0,Vmag_get_voltage_magnitude_series__angle_get_voltage_angle_series,true,Unknown,Ybus EMT reconstruction using exact complex bus-voltage phasors when available; otherwise diagnostic fallback
3.38,6.679266051906607e-5,0.0007480823047022467,6.679266051906607e-5,0.0007480823047022467,6.679266051906607e-5,0.0007480823047022467,-0.0749332073394813,-0.8792519176953073,-0.07500000000000037,-0.8800000000000096,0.0,0.0,Vmag_get_voltage_magnitude_series__angle_get_voltage_angle_series,true,Unknown,Ybus EMT reconstruction using exact complex bus-voltage phasors when available; otherwise diagnostic fallback
3.39,6.681401396757547e-5,0.0007483329316377851,6.681401396757547e-5,0.0007483329316377851,6.681401396757547e-5,0.0007483329316377851,-0.0749331859860328,-0.8792516670683718,-0.07500000000000037,-0.8800000000000096,0.0,0.0,Vmag_get_voltage_magnitude_series__angle_get_voltage_angle_series,true,Unknown,Ybus EMT reconstruction using exact complex bus-voltage phasors when available; otherwise diagnostic fallback
3.4,6.683519873827704e-5,0.0007485815836755227,6.683519873827704e-5,0.0007485815836755227,6.683519873827704e-5,0.0007485815836755227,-0.0749331648012621,-0.879251418416334,-0.07500000000000037,-0.8800000000000096,0.0,0.0,Vmag_get_voltage_magnitude_series__angle_get_voltage_angle_series,true,Unknown,Ybus EMT reconstruction using exact complex bus-voltage phasors when available; otherwise diagnostic fallback
3.41,6.68561982900967e-5,0.0007488280668644931,6.68561982900967e-5,0.0007488280668644931,6.68561982900967e-5,0.0007488280668644931,-0.07493314380171028,-0.8792511719331451,-0.07500000000000037,-0.8800000000000096,0.0,0.0,Vmag_get_voltage_magnitude_series__angle_get_voltage_angle_series,true,Unknown,Ybus EMT reconstruction using exact complex bus-voltage phasors when available; otherwise diagnostic fallback
3.42,6.687699781768308e-5,0.000749072207485102,6.687699781768308e-5,0.000749072207485102,6.687699781768308e-5,0.000749072207485102,-0.07493312300218269,-0.8792509277925245,-0.07500000000000037,-0.8800000000000096,0.0,0.0,Vmag_get_voltage_magnitude_series__angle_get_voltage_angle_series,true,Unknown,Ybus EMT reconstruction using exact complex bus-voltage phasors when available; otherwise diagnostic fallback
3.43,6.689758424820169e-5,0.0007493138522091103,6.689758424820169e-5,0.0007493138522091103,6.689758424820169e-5,0.0007493138522091103,-0.07493310241575217,-0.8792506861478004,-0.07500000000000037,-0.8800000000000096,0.0,0.0,Vmag_get_voltage_magnitude_series__angle_get_voltage_angle_series,true,Unknown,Ybus EMT reconstruction using exact complex bus-voltage phasors when available; otherwise diagnostic fallback
3.44,6.691794622404323e-5,0.0007495528676876306,6.691794622404323e-5,0.0007495528676876306,6.691794622404323e-5,0.0007495528676876306,-0.07493308205377633,-0.8792504471323219,-0.07500000000000037,-0.8800000000000096,0.0,0.0,Vmag_get_voltage_magnitude_series__angle_get_voltage_angle_series,true,Unknown,Ybus EMT reconstruction using exact complex bus-voltage phasors when available; otherwise diagnostic fallback
3.45,6.693807406135677e-5,0.0007497891402560297,6.693807406135677e-5,0.0007497891402560297,6.693807406135677e-5,0.0007497891402560297,-0.07493306192593902,-0.8792502108597535,-0.07500000000000037,-0.8800000000000096,0.0,0.0,Vmag_get_voltage_magnitude_series__angle_get_voltage_angle_series,true,Unknown,Ybus EMT reconstruction using exact complex bus-voltage phasors when available; otherwise diagnostic fallback
3.46,6.695795971289886e-5,0.0007500225754023537,6.695795971289886e-5,0.0007500225754023537,6.695795971289886e-5,0.0007500225754023537,-0.07493304204028747,-0.8792499774246072,-0.07500000000000037,-0.8800000000000096,0.0,0.0,Vmag_get_voltage_magnitude_series__angle_get_voltage_angle_series,true,Unknown,Ybus EMT reconstruction using exact complex bus-voltage phasors when available; otherwise diagnostic fallback
3.47,6.697759671121795e-5,0.0007502530970909804,6.697759671121795e-5,0.0007502530970909804,6.697759671121795e-5,0.0007502530970909804,-0.07493302240328915,-0.8792497469029186,-0.07500000000000037,-0.8800000000000096,0.0,0.0,Vmag_get_voltage_magnitude_series__angle_get_voltage_angle_series,true,Unknown,Ybus EMT reconstruction using exact complex bus-voltage phasors when available; otherwise diagnostic fallback
3.48,6.699698011108923e-5,0.0007504806471361203,6.699698011108923e-5,0.0007504806471361203,6.699698011108923e-5,0.0007504806471361203,-0.07493300301988928,-0.8792495193528734,-0.07500000000000037,-0.8800000000000096,0.0,0.0,Vmag_get_voltage_magnitude_series__angle_get_voltage_angle_series,true,Unknown,Ybus EMT reconstruction using exact complex bus-voltage phasors when available; otherwise diagnostic fallback
3.49,6.701610641142441e-5,0.000750705184253242,6.701610641142441e-5,0.000750705184253242,6.701610641142441e-5,0.000750705184253242,-0.07493298389358895,-0.8792492948157563,-0.07500000000000037,-0.8800000000000096,0.0,0.0,Vmag_get_voltage_magnitude_series__angle_get_voltage_angle_series,true,Unknown,Ybus EMT reconstruction using exact complex bus-voltage phasors when available; otherwise diagnostic fallback
3.5,6.70349734876452e-5,0.000750926683340869,6.70349734876452e-5,0.000750926683340869,6.70349734876452e-5,0.000750926683340869,-0.07493296502651273,-0.8792490733166687,-0.07500000000000037,-0.8800000000000096,0.0,0.0,Vmag_get_voltage_magnitude_series__angle_get_voltage_angle_series,true,Unknown,Ybus EMT reconstruction using exact complex bus-voltage phasors when available; otherwise diagnostic fallback
3.51,6.705358050523857e-5,0.0007511451342940845,6.705358050523857e-5,0.0007511451342940845,6.705358050523857e-5,0.0007511451342940845,-0.07493294641949513,-0.8792488548657155,-0.07500000000000037,-0.8800000000000096,0.0,0.0,Vmag_get_voltage_magnitude_series__angle_get_voltage_angle_series,true,Unknown,Ybus EMT reconstruction using exact complex bus-voltage phasors when available; otherwise diagnostic fallback
3.52,6.707192783311777e-5,0.0007513605412795554,6.707192783311777e-5,0.0007513605412795554,6.707192783311777e-5,0.0007513605412795554,-0.07493292807216725,-0.87924863945873,-0.07500000000000037,-0.8800000000000096,0.0,0.0,Vmag_get_voltage_magnitude_series__angle_get_voltage_angle_series,true,Unknown,Ybus EMT reconstruction using exact complex bus-voltage phasors when available; otherwise diagnostic fallback
3.53,6.709001694713002e-5,0.000751572921263377,6.709001694713002e-5,0.000751572921263377,6.709001694713002e-5,0.000751572921263377,-0.07493290998305324,-0.8792484270787462,-0.07500000000000037,-0.8800000000000096,0.0,0.0,Vmag_get_voltage_magnitude_series__angle_get_voltage_angle_series,true,Unknown,Ybus EMT reconstruction using exact complex bus-voltage phasors when available; otherwise diagnostic fallback
3.54,6.710785033996192e-5,0.0007517823032447968,6.710785033996192e-5,0.0007517823032447968,6.710785033996192e-5,0.0007517823032447968,-0.07493289214966041,-0.8792482176967648,-0.07500000000000037,-0.8800000000000096,0.0,0.0,Vmag_get_voltage_magnitude_series__angle_get_voltage_angle_series,true,Unknown,Ybus EMT reconstruction using exact complex bus-voltage phasors when available; otherwise diagnostic fallback
3.55,6.712543142417537e-5,0.0007519887269930026,6.712543142417537e-5,0.0007519887269930026,6.712543142417537e-5,0.0007519887269930026,-0.0749328745685762,-0.8792480112730165,-0.07500000000000037,-0.8800000000000096,0.0,0.0,Vmag_get_voltage_magnitude_series__angle_get_voltage_angle_series,true,Unknown,Ybus EMT reconstruction using exact complex bus-voltage phasors when available; otherwise diagnostic fallback
3.56,6.71427644324124e-5,0.0007521922418596283,6.71427644324124e-5,0.0007521922418596283,6.71427644324124e-5,0.0007521922418596283,-0.07493285723556796,-0.8792478077581499,-0.07500000000000037,-0.8800000000000096,0.0,0.0,Vmag_get_voltage_magnitude_series__angle_get_voltage_angle_series,true,Unknown,Ybus EMT reconstruction using exact complex bus-voltage phasors when available; otherwise diagnostic fallback
3.57,6.715985431772487e-5,0.0007523929056479917,6.715985431772487e-5,0.0007523929056479917,6.715985431772487e-5,0.0007523929056479917,-0.07493284014568265,-0.8792476070943616,-0.07500000000000037,-0.8800000000000096,0.0,0.0,Vmag_get_voltage_magnitude_series__angle_get_voltage_angle_series,true,Unknown,Ybus EMT reconstruction using exact complex bus-voltage phasors when available; otherwise diagnostic fallback
3.58,6.717670665581932e-5,0.0007525907834996515,6.717670665581932e-5,0.0007525907834996515,6.717670665581932e-5,0.0007525907834996515,-0.07493282329334455,-0.8792474092165099,-0.07500000000000037,-0.8800000000000096,0.0,0.0,Vmag_get_voltage_magnitude_series__angle_get_voltage_angle_series,true,Unknown,Ybus EMT reconstruction using exact complex bus-voltage phasors when available; otherwise diagnostic fallback
3.59,6.719332754301366e-5,0.0007527859466357478,6.719332754301366e-5,0.0007527859466357478,6.719332754301366e-5,0.0007527859466357478,-0.07493280667245736,-0.8792472140533738,-0.07500000000000037,-0.8800000000000096,0.0,0.0,Vmag_get_voltage_magnitude_series__angle_get_voltage_angle_series,true,Unknown,Ybus EMT reconstruction using exact complex bus-voltage phasors when available; otherwise diagnostic fallback
3.6,6.720972350822418e-5,0.0007529784713389276,6.720972350822418e-5,0.0007529784713389276,6.720972350822418e-5,0.0007529784713389276,-0.07493279027649215,-0.8792470215286706,-0.07500000000000037,-0.8800000000000096,0.0,0.0,Vmag_get_voltage_magnitude_series__angle_get_voltage_angle_series,true,Unknown,Ybus EMT reconstruction using exact complex bus-voltage phasors when available; otherwise diagnostic fallback
3.61,6.722590141197693e-5,0.0007531684378225822,6.722590141197693e-5,0.0007531684378225822,6.722590141197693e-5,0.0007531684378225822,-0.0749327740985884,-0.879246831562187,-0.07500000000000037,-0.8800000000000096,0.0,0.0,Vmag_get_voltage_magnitude_series__angle_get_voltage_angle_series,true,Unknown,Ybus EMT reconstruction using exact complex bus-voltage phasors when available; otherwise diagnostic fallback
3.62,6.724186835475876e-5,0.0007533559291093006,6.724186835475876e-5,0.0007533559291093006,6.724186835475876e-5,0.0007533559291093006,-0.07493275813164561,-0.8792466440709003,-0.07500000000000037,-0.8800000000000096,0.0,0.0,Vmag_get_voltage_magnitude_series__angle_get_voltage_angle_series,true,Unknown,Ybus EMT reconstruction using exact complex bus-voltage phasors when available; otherwise diagnostic fallback
3.63,6.725763159631803e-5,0.0007535410301080514,6.725763159631803e-5,0.0007535410301080514,6.725763159631803e-5,0.0007535410301080514,-0.07493274236840405,-0.8792464589699015,-0.07500000000000037,-0.8800000000000096,0.0,0.0,Vmag_get_voltage_magnitude_series__angle_get_voltage_angle_series,true,Unknown,Ybus EMT reconstruction using exact complex bus-voltage phasors when available; otherwise diagnostic fallback
3.64,6.727319846752677e-5,0.0007537238265552526,6.727319846752677e-5,0.0007537238265552526,6.727319846752677e-5,0.0007537238265552526,-0.07493272680153285,-0.8792462761734543,-0.07500000000000037,-0.8800000000000096,0.0,0.0,Vmag_get_voltage_magnitude_series__angle_get_voltage_angle_series,true,Unknown,Ybus EMT reconstruction using exact complex bus-voltage phasors when available; otherwise diagnostic fallback
3.65,6.728857628908458e-5,0.0007539044040990595,6.728857628908458e-5,0.0007539044040990595,6.728857628908458e-5,0.0007539044040990595,-0.07493271142371129,-0.8792460955959105,-0.07500000000000037,-0.8800000000000096,0.0,0.0,Vmag_get_voltage_magnitude_series__angle_get_voltage_angle_series,true,Unknown,Ybus EMT reconstruction using exact complex bus-voltage phasors when available; otherwise diagnostic fallback
3.66,6.730377230307338e-5,0.0007540828474477124,6.730377230307338e-5,0.0007540828474477124,6.730377230307338e-5,0.0007540828474477124,-0.0749326962276973,-0.8792459171525618,-0.07500000000000037,-0.8800000000000096,0.0,0.0,Vmag_get_voltage_magnitude_series__angle_get_voltage_angle_series,true,Unknown,Ybus EMT reconstruction using exact complex bus-voltage phasors when available; otherwise diagnostic fallback
3.67,6.731879359736515e-5,0.0007542592395820558,6.731879359736515e-5,0.0007542592395820558,6.731879359736515e-5,0.0007542592395820558,-0.074932681206403,-0.8792457407604275,-0.07500000000000037,-0.8800000000000096,0.0,0.0,Vmag_get_voltage_magnitude_series__angle_get_voltage_angle_series,true,Unknown,Ybus EMT reconstruction using exact complex bus-voltage phasors when available; otherwise diagnostic fallback
3.68,6.733364704859801e-5,0.0007544336608953373,6.733364704859801e-5,0.0007544336608953373,6.733364704859801e-5,0.0007544336608953373,-0.07493266635295177,-0.8792455663391142,-0.07500000000000037,-0.8800000000000096,0.0,0.0,Vmag_get_voltage_magnitude_series__angle_get_voltage_angle_series,true,Unknown,Ybus EMT reconstruction using exact complex bus-voltage phasors when available; otherwise diagnostic fallback
3.69,6.734833925806094e-5,0.0007546061886761768,6.734833925806094e-5,0.0007546061886761768,6.734833925806094e-5,0.0007546061886761768,-0.07493265166074231,-0.8792453938113334,-0.07500000000000037,-0.8800000000000096,0.0,0.0,Vmag_get_voltage_magnitude_series__angle_get_voltage_angle_series,true,Unknown,Ybus EMT reconstruction using exact complex bus-voltage phasors when available; otherwise diagnostic fallback
3.7,6.736287650144224e-5,0.0007547768963811485,6.736287650144224e-5,0.0007547768963811485,6.736287650144224e-5,0.0007547768963811485,-0.07493263712349893,-0.8792452231036284,-0.07500000000000037,-0.8800000000000096,0.0,0.0,Vmag_get_voltage_magnitude_series__angle_get_voltage_angle_series,true,Unknown,Ybus EMT reconstruction using exact complex bus-voltage phasors when available; otherwise diagnostic fallback
3.71,6.737726468607208e-5,0.0007549458531334041,6.737726468607208e-5,0.0007549458531334041,6.737726468607208e-5,0.0007549458531334041,-0.0749326227353143,-0.8792450541468761,-0.07500000000000037,-0.8800000000000096,0.0,0.0,Vmag_get_voltage_magnitude_series__angle_get_voltage_angle_series,true,Unknown,Ybus EMT reconstruction using exact complex bus-voltage phasors when available; otherwise diagnostic fallback
3.72,6.739150929918614e-5,0.0007551131231761099,6.739150929918614e-5,0.0007551131231761099,6.739150929918614e-5,0.0007551131231761099,-0.07493260849070119,-0.8792448868768334,-0.07500000000000037,-0.8800000000000096,0.0,0.0,Vmag_get_voltage_magnitude_series__angle_get_voltage_angle_series,true,Unknown,Ybus EMT reconstruction using exact complex bus-voltage phasors when available; otherwise diagnostic fallback
3.73,6.740561538640111e-5,0.0007552787655527027,6.740561538640111e-5,0.0007552787655527027,6.740561538640111e-5,0.0007552787655527027,-0.07493259438461397,-0.8792447212344568,-0.07500000000000037,-0.8800000000000096,0.0,0.0,Vmag_get_voltage_magnitude_series__angle_get_voltage_angle_series,true,Unknown,Ybus EMT reconstruction using exact complex bus-voltage phasors when available; otherwise diagnostic fallback
3.74,6.74195875136896e-5,0.0007554428337568364,6.74195875136896e-5,0.0007554428337568364,6.74195875136896e-5,0.0007554428337568364,-0.07493258041248668,-0.8792445571662527,-0.07500000000000037,-0.8800000000000096,0.0,0.0,Vmag_get_voltage_magnitude_series__angle_get_voltage_angle_series,true,Unknown,Ybus EMT reconstruction using exact complex bus-voltage phasors when available; otherwise diagnostic fallback
3.75,6.743342974770139e-5,0.0007556053753551284,6.743342974770139e-5,0.0007556053753551284,6.743342974770139e-5,0.0007556053753551284,-0.07493256657025267,-0.8792443946246544,-0.07500000000000037,-0.8800000000000096,0.0,0.0,Vmag_get_voltage_magnitude_series__angle_get_voltage_angle_series,true,Unknown,Ybus EMT reconstruction using exact complex bus-voltage phasors when available; otherwise diagnostic fallback
3.76,6.744714563730603e-5,0.000755766431915883,6.744714563730603e-5,0.000755766431915883,6.744714563730603e-5,0.000755766431915883,-0.07493255285436307,-0.8792442335680937,-0.07500000000000037,-0.8800000000000096,0.0,0.0,Vmag_get_voltage_magnitude_series__angle_get_voltage_angle_series,true,Unknown,Ybus EMT reconstruction using exact complex bus-voltage phasors when available; otherwise diagnostic fallback
3.77,6.746073819978438e-5,0.0007559260387816069,6.746073819978438e-5,0.0007559260387816069,6.746073819978438e-5,0.0007559260387816069,-0.07493253926180059,-0.879244073961228,-0.07500000000000037,-0.8800000000000096,0.0,0.0,Vmag_get_voltage_magnitude_series__angle_get_voltage_angle_series,true,Unknown,Ybus EMT reconstruction using exact complex bus-voltage phasors when available; otherwise diagnostic fallback
3.78,6.747420991819186e-5,0.0007560842250098343,6.747420991819186e-5,0.0007560842250098343,6.747420991819186e-5,0.0007560842250098343,-0.07493252579008218,-0.8792439157749997,-0.07500000000000037,-0.8800000000000096,0.0,0.0,Vmag_get_voltage_magnitude_series__angle_get_voltage_angle_series,true,Unknown,Ybus EMT reconstruction using exact complex bus-voltage phasors when available; otherwise diagnostic fallback
3.79,6.748756273292078e-5,0.0007562410133037378,6.748756273292078e-5,0.0007562410133037378,6.748756273292078e-5,0.0007562410133037378,-0.07493251243726745,-0.8792437589867058,-0.07500000000000037,-0.8800000000000096,0.0,0.0,Vmag_get_voltage_magnitude_series__angle_get_voltage_angle_series,true,Unknown,Ybus EMT reconstruction using exact complex bus-voltage phasors when available; otherwise diagnostic fallback
3.8,6.750079805291354e-5,0.0007563964202034201,6.750079805291354e-5,0.0007563964202034201,6.750079805291354e-5,0.0007563964202034201,-0.07493249920194746,-0.8792436035798061,-0.07500000000000037,-0.8800000000000096,0.0,0.0,Vmag_get_voltage_magnitude_series__angle_get_voltage_angle_series,true,Unknown,Ybus EMT reconstruction using exact complex bus-voltage phasors when available; otherwise diagnostic fallback
3.81,6.75139167533867e-5,0.0007565504559536862,6.75139167533867e-5,0.0007565504559536862,6.75139167533867e-5,0.0007565504559536862,-0.07493248608324699,-0.8792434495440559,-0.07500000000000037,-0.8800000000000096,0.0,0.0,Vmag_get_voltage_magnitude_series__angle_get_voltage_angle_series,true,Unknown,Ybus EMT reconstruction using exact complex bus-voltage phasors when available; otherwise diagnostic fallback
3.82,6.752691919528764e-5,0.0007567031247837086,6.752691919528764e-5,0.0007567031247837086,6.752691919528764e-5,0.0007567031247837086,-0.07493247308080508,-0.8792432968752258,-0.07500000000000037,-0.8800000000000096,0.0,0.0,Vmag_get_voltage_magnitude_series__angle_get_voltage_angle_series,true,Unknown,Ybus EMT reconstruction using exact complex bus-voltage phasors when available; otherwise diagnostic fallback
3.83,6.753980523663272e-5,0.0007568544250252662,6.753980523663272e-5,0.0007568544250252662,6.753980523663272e-5,0.0007568544250252662,-0.07493246019476374,-0.8792431455749843,-0.07500000000000037,-0.8800000000000096,0.0,0.0,Vmag_get_voltage_magnitude_series__angle_get_voltage_angle_series,true,Unknown,Ybus EMT reconstruction using exact complex bus-voltage phasors when available; otherwise diagnostic fallback
3.84,6.755257425070105e-5,0.0007570043493640988,6.755257425070105e-5,0.0007570043493640988,6.755257425070105e-5,0.0007570043493640988,-0.07493244742574967,-0.8792429956506455,-0.07500000000000037,-0.8800000000000096,0.0,0.0,Vmag_get_voltage_magnitude_series__angle_get_voltage_angle_series,true,Unknown,Ybus EMT reconstruction using exact complex bus-voltage phasors when available; otherwise diagnostic fallback
3.85,6.756522515077856e-5,0.0007571528850410791,6.756522515077856e-5,0.0007571528850410791,6.756522515077856e-5,0.0007571528850410791,-0.0749324347748496,-0.8792428471149685,-0.07500000000000037,-0.8800000000000096,0.0,0.0,Vmag_get_voltage_magnitude_series__angle_get_voltage_angle_series,true,Unknown,Ybus EMT reconstruction using exact complex bus-voltage phasors when available; otherwise diagnostic fallback
3.86,6.75777564131258e-5,0.0007573000142835351,6.75777564131258e-5,0.0007573000142835351,6.75777564131258e-5,0.0007573000142835351,-0.07493242224358725,-0.879242699985726,-0.07500000000000037,-0.8800000000000096,0.0,0.0,Vmag_get_voltage_magnitude_series__angle_get_voltage_angle_series,true,Unknown,Ybus EMT reconstruction using exact complex bus-voltage phasors when available; otherwise diagnostic fallback
3.87,6.759016610469182e-5,0.0007574457143850744,6.759016610469182e-5,0.0007574457143850744,6.759016610469182e-5,0.0007574457143850744,-0.07493240983389568,-0.8792425542856245,-0.07500000000000037,-0.8800000000000096,0.0,0.0,Vmag_get_voltage_magnitude_series__angle_get_voltage_angle_series,true,Unknown,Ybus EMT reconstruction using exact complex bus-voltage phasors when available; otherwise diagnostic fallback
3.88,6.760245191174408e-5,0.0007575899582754619,6.760245191174408e-5,0.0007575899582754619,6.760245191174408e-5,0.0007575899582754619,-0.07493239754808863,-0.8792424100417341,-0.07500000000000037,-0.8800000000000096,0.0,0.0,Vmag_get_voltage_magnitude_series__angle_get_voltage_angle_series,true,Unknown,Ybus EMT reconstruction using exact complex bus-voltage phasors when available; otherwise diagnostic fallback
3.89,6.76146111718845e-5,0.0007577327147982871,6.76146111718845e-5,0.0007577327147982871,6.76146111718845e-5,0.0007577327147982871,-0.07493238538882849,-0.8792422672852113,-0.07500000000000037,-0.8800000000000096,0.0,0.0,Vmag_get_voltage_magnitude_series__angle_get_voltage_angle_series,true,Unknown,Ybus EMT reconstruction using exact complex bus-voltage phasors when available; otherwise diagnostic fallback
3.9,6.762664090659287e-5,0.0007578739490359254,6.762664090659287e-5,0.0007578739490359254,6.762664090659287e-5,0.0007578739490359254,-0.07493237335909378,-0.8792421260509736,-0.07500000000000037,-0.8800000000000096,0.0,0.0,Vmag_get_voltage_magnitude_series__angle_get_voltage_angle_series,true,Unknown,Ybus EMT reconstruction using exact complex bus-voltage phasors when available; otherwise diagnostic fallback
3.91,6.763853785445029e-5,0.0007580136228214629,6.763853785445029e-5,0.0007580136228214629,6.763853785445029e-5,0.0007580136228214629,-0.07493236146214592,-0.8792419863771881,-0.07500000000000037,-0.8800000000000096,0.0,0.0,Vmag_get_voltage_magnitude_series__angle_get_voltage_angle_series,true,Unknown,Ybus EMT reconstruction using exact complex bus-voltage phasors when available; otherwise diagnostic fallback
3.92,6.765029850430704e-5,0.0007581516950131428,6.765029850430704e-5,0.0007581516950131428,6.765029850430704e-5,0.0007581516950131428,-0.07493234970149606,-0.8792418483049964,-0.07500000000000037,-0.8800000000000096,0.0,0.0,Vmag_get_voltage_magnitude_series__angle_get_voltage_angle_series,true,Unknown,Ybus EMT reconstruction using exact complex bus-voltage phasors when available; otherwise diagnostic fallback
3.93,6.766191913286368e-5,0.000758288122007289,6.766191913286368e-5,0.000758288122007289,6.766191913286368e-5,0.000758288122007289,-0.07493233808086751,-0.8792417118780023,-0.07500000000000037,-0.8800000000000096,0.0,0.0,Vmag_get_voltage_magnitude_series__angle_get_voltage_angle_series,true,Unknown,Ybus EMT reconstruction using exact complex bus-voltage phasors when available; otherwise diagnostic fallback
3.94,6.767339583785281e-5,0.0007584228581105634,6.767339583785281e-5,0.0007584228581105634,6.767339583785281e-5,0.0007584228581105634,-0.07493232660416252,-0.879241577141899,-0.07500000000000037,-0.8800000000000096,0.0,0.0,Vmag_get_voltage_magnitude_series__angle_get_voltage_angle_series,true,Unknown,Ybus EMT reconstruction using exact complex bus-voltage phasors when available; otherwise diagnostic fallback
3.95,6.768472457316377e-5,0.0007585558558911298,6.768472457316377e-5,0.0007585558558911298,6.768472457316377e-5,0.0007585558558911298,-0.07493231527542721,-0.8792414441441184,-0.07500000000000037,-0.8800000000000096,0.0,0.0,Vmag_get_voltage_magnitude_series__angle_get_voltage_angle_series,true,Unknown,Ybus EMT reconstruction using exact complex bus-voltage phasors when available; otherwise diagnostic fallback
3.96,6.769590118045621e-5,0.0007586870666667078,6.769590118045621e-5,0.0007586870666667078,6.769590118045621e-5,0.0007586870666667078,-0.07493230409881992,-0.8792413129333428,-0.07500000000000037,-0.8800000000000096,0.0,0.0,Vmag_get_voltage_magnitude_series__angle_get_voltage_angle_series,true,Unknown,Ybus EMT reconstruction using exact complex bus-voltage phasors when available; otherwise diagnostic fallback
3.97,6.77069214266579e-5,0.0007588164408487419,6.77069214266579e-5,0.0007588164408487419,6.77069214266579e-5,0.0007588164408487419,-0.07493229307857371,-0.8792411835591608,-0.07500000000000037,-0.8800000000000096,0.0,0.0,Vmag_get_voltage_magnitude_series__angle_get_voltage_angle_series,true,Unknown,Ybus EMT reconstruction using exact complex bus-voltage phasors when available; otherwise diagnostic fallback
3.98,6.771778103766002e-5,0.0007589439283407495,6.771778103766002e-5,0.0007589439283407495,6.771778103766002e-5,0.0007589439283407495,-0.07493228221896271,-0.8792410560716688,-0.07500000000000037,-0.8800000000000096,0.0,0.0,Vmag_get_voltage_magnitude_series__angle_get_voltage_angle_series,true,Unknown,Ybus EMT reconstruction using exact complex bus-voltage phasors when available; otherwise diagnostic fallback
3.99,6.772847572460161e-5,0.0007590694789544328,6.772847572460161e-5,0.0007590694789544328,6.772847572460161e-5,0.0007590694789544328,-0.07493227152427577,-0.8792409305210551,-0.07500000000000037,-0.8800000000000096,0.0,0.0,Vmag_get_voltage_magnitude_series__angle_get_voltage_angle_series,true,Unknown,Ybus EMT reconstruction using exact complex bus-voltage phasors when available; otherwise diagnostic fallback
4.0,6.77390012176482e-5,0.0007591930425869808,6.77390012176482e-5,0.0007591930425869808,6.77390012176482e-5,0.0007591930425869808,-0.07493226099878272,-0.8792408069574226,-0.07500000000000037,-0.8800000000000096,0.0,0.0,Vmag_get_voltage_magnitude_series__angle_get_voltage_angle_series,true,Unknown,Ybus EMT reconstruction using exact complex bus-voltage phasors when available; otherwise diagnostic fallback
4.01,6.774935329305343e-5,0.000759314569832914,6.774935329305343e-5,0.000759314569832914,6.774935329305343e-5,0.000759314569832914,-0.07493225064670732,-0.8792406854301766,-0.07500000000000037,-0.8800000000000096,0.0,0.0,Vmag_get_voltage_magnitude_series__angle_get_voltage_angle_series,true,Unknown,Ybus EMT reconstruction using exact complex bus-voltage phasors when available; otherwise diagnostic fallback
4.02,6.775952780468941e-5,0.0007594340120578025,6.775952780468941e-5,0.0007594340120578025,6.775952780468941e-5,0.0007594340120578025,-0.07493224047219568,-0.8792405659879517,-0.07500000000000037,-0.8800000000000096,0.0,0.0,Vmag_get_voltage_magnitude_series__angle_get_voltage_angle_series,true,Unknown,Ybus EMT reconstruction using exact complex bus-voltage phasors when available; otherwise diagnostic fallback
4.03,6.776952070285114e-5,0.000759551321844909,6.776952070285114e-5,0.000759551321844909,6.776952070285114e-5,0.000759551321844909,-0.07493223047929752,-0.8792404486781646,-0.07500000000000037,-0.8800000000000096,0.0,0.0,Vmag_get_voltage_magnitude_series__angle_get_voltage_angle_series,true,Unknown,Ybus EMT reconstruction using exact complex bus-voltage phasors when available; otherwise diagnostic fallback
4.04,6.777932806255327e-5,0.0007596664532016906,6.777932806255327e-5,0.0007596664532016906,6.777932806255327e-5,0.0007596664532016906,-0.07493222067193782,-0.8792403335468079,-0.07500000000000037,-0.8800000000000096,0.0,0.0,Vmag_get_voltage_magnitude_series__angle_get_voltage_angle_series,true,Unknown,Ybus EMT reconstruction using exact complex bus-voltage phasors when available; otherwise diagnostic fallback
4.05,6.778894610408315e-5,0.0007597793618243642,6.778894610408315e-5,0.0007597793618243642,6.778894610408315e-5,0.0007597793618243642,-0.07493221105389629,-0.8792402206381852,-0.07500000000000037,-0.8800000000000096,0.0,0.0,Vmag_get_voltage_magnitude_series__angle_get_voltage_angle_series,true,Unknown,Ybus EMT reconstruction using exact complex bus-voltage phasors when available; otherwise diagnostic fallback
4.06,6.779837121057009e-5,0.0007598900053275015,6.779837121057009e-5,0.0007598900053275015,6.779837121057009e-5,0.0007598900053275015,-0.0749322016287898,-0.879240109994682,-0.07500000000000037,-0.8800000000000096,0.0,0.0,Vmag_get_voltage_magnitude_series__angle_get_voltage_angle_series,true,Unknown,Ybus EMT reconstruction using exact complex bus-voltage phasors when available; otherwise diagnostic fallback
4.07,6.780759994767793e-5,0.0007599983435043756,6.780759994767793e-5,0.0007599983435043756,6.780759994767793e-5,0.0007599983435043756,-0.0749321924000527,-0.8792400016565052,-0.07500000000000037,-0.8800000000000096,0.0,0.0,Vmag_get_voltage_magnitude_series__angle_get_voltage_angle_series,true,Unknown,Ybus EMT reconstruction using exact complex bus-voltage phasors when available; otherwise diagnostic fallback
4.08,6.781662907626163e-5,0.0007601043383649309,6.781662907626163e-5,0.0007601043383649309,6.781662907626163e-5,0.0007601043383649309,-0.07493218337092411,-0.8792398956616446,-0.07500000000000037,-0.8800000000000096,0.0,0.0,Vmag_get_voltage_magnitude_series__angle_get_voltage_angle_series,true,Unknown,Ybus EMT reconstruction using exact complex bus-voltage phasors when available; otherwise diagnostic fallback
4.09,6.782545557228181e-5,0.000760207954478842,6.782545557228181e-5,0.000760207954478842,6.782545557228181e-5,0.000760207954478842,-0.07493217454442809,-0.8792397920455307,-0.07500000000000037,-0.8800000000000096,0.0,0.0,Vmag_get_voltage_magnitude_series__angle_get_voltage_angle_series,true,Unknown,Ybus EMT reconstruction using exact complex bus-voltage phasors when available; otherwise diagnostic fallback
4.1,6.783407662862284e-5,0.0007603091589567512,6.783407662862284e-5,0.0007603091589567512,6.783407662862284e-5,0.0007603091589567512,-0.07493216592337175,-0.8792396908410528,-0.07500000000000037,-0.8800000000000096,0.0,0.0,Vmag_get_voltage_magnitude_series__angle_get_voltage_angle_series,true,Unknown,Ybus EMT reconstruction using exact complex bus-voltage phasors when available; otherwise diagnostic fallback
4.11,6.784248967167672e-5,0.000760407921654549,6.784248967167672e-5,0.000760407921654549,6.784248967167672e-5,0.000760407921654549,-0.0749321575103287,-0.879239592078355,-0.07500000000000037,-0.8800000000000096,0.0,0.0,Vmag_get_voltage_magnitude_series__angle_get_voltage_angle_series,true,Unknown,Ybus EMT reconstruction using exact complex bus-voltage phasors when available; otherwise diagnostic fallback
4.12,6.785069236298069e-5,0.0007605042150999886,6.785069236298069e-5,0.0007605042150999886,6.785069236298069e-5,0.0007605042150999886,-0.07493214930763739,-0.8792394957849096,-0.07500000000000037,-0.8800000000000096,0.0,0.0,Vmag_get_voltage_magnitude_series__angle_get_voltage_angle_series,true,Unknown,Ybus EMT reconstruction using exact complex bus-voltage phasors when available; otherwise diagnostic fallback
4.13,6.785868260700267e-5,0.0007605980147995517,6.785868260700267e-5,0.0007605980147995517,6.785868260700267e-5,0.0007605980147995517,-0.07493214131739337,-0.87923940198521,-0.07500000000000037,-0.8800000000000096,0.0,0.0,Vmag_get_voltage_magnitude_series__angle_get_voltage_angle_series,true,Unknown,Ybus EMT reconstruction using exact complex bus-voltage phasors when available; otherwise diagnostic fallback
4.14,6.786645855894058e-5,0.0007606892990864589,6.786645855894058e-5,0.0007606892990864589,6.786645855894058e-5,0.0007606892990864589,-0.07493213354144143,-0.8792393107009231,-0.07500000000000037,-0.8800000000000096,0.0,0.0,Vmag_get_voltage_magnitude_series__angle_get_voltage_angle_series,true,Unknown,Ybus EMT reconstruction using exact complex bus-voltage phasors when available; otherwise diagnostic fallback
4.15,6.787401861482745e-5,0.0007607780491885041,6.787401861482745e-5,0.0007607780491885041,6.787401861482745e-5,0.0007607780491885041,-0.07493212598138554,-0.879239221950821,-0.07500000000000037,-0.8800000000000096,0.0,0.0,Vmag_get_voltage_magnitude_series__angle_get_voltage_angle_series,true,Unknown,Ybus EMT reconstruction using exact complex bus-voltage phasors when available; otherwise diagnostic fallback
4.16,6.788136142106549e-5,0.0007608642492332729,6.788136142106549e-5,0.0007608642492332729,6.788136142106549e-5,0.0007608642492332729,-0.0749321186385793,-0.8792391357507763,-0.07500000000000037,-0.8800000000000096,0.0,0.0,Vmag_get_voltage_magnitude_series__angle_get_voltage_angle_series,true,Unknown,Ybus EMT reconstruction using exact complex bus-voltage phasors when available; otherwise diagnostic fallback
4.17,6.788848586969376e-5,0.0007609478862085073,6.788848586969376e-5,0.0007609478862085073,6.788848586969376e-5,0.0007609478862085073,-0.07493211151413068,-0.879239052113801,-0.07500000000000037,-0.8800000000000096,0.0,0.0,Vmag_get_voltage_magnitude_series__angle_get_voltage_angle_series,true,Unknown,Ybus EMT reconstruction using exact complex bus-voltage phasors when available; otherwise diagnostic fallback
4.18,6.789539109171294e-5,0.0007610289499619949,6.789539109171294e-5,0.0007610289499619949,6.789539109171294e-5,0.0007610289499619949,-0.07493210460890866,-0.8792389710500476,-0.07500000000000037,-0.8800000000000096,0.0,0.0,Vmag_get_voltage_magnitude_series__angle_get_voltage_angle_series,true,Unknown,Ybus EMT reconstruction using exact complex bus-voltage phasors when available; otherwise diagnostic fallback
4.19,6.790207645747393e-5,0.0007611074330660106,6.790207645747393e-5,0.0007611074330660106,6.790207645747393e-5,0.0007611074330660106,-0.0749320979235429,-0.8792388925669435,-0.07500000000000037,-0.8800000000000096,0.0,0.0,Vmag_get_voltage_magnitude_series__angle_get_voltage_angle_series,true,Unknown,Ybus EMT reconstruction using exact complex bus-voltage phasors when available; otherwise diagnostic fallback
4.2,6.790854156166204e-5,0.0007611833308049931,6.790854156166204e-5,0.0007611833308049931,6.790854156166204e-5,0.0007611833308049931,-0.07493209145843871,-0.8792388166692046,-0.07500000000000037,-0.8800000000000096,0.0,0.0,Vmag_get_voltage_magnitude_series__angle_get_voltage_angle_series,true,Unknown,Ybus EMT reconstruction using exact complex bus-voltage phasors when available; otherwise diagnostic fallback
4.21,6.791478622997227e-5,0.0007612566411019372,6.791478622997227e-5,0.0007612566411019372,6.791478622997227e-5,0.0007612566411019372,-0.0749320852137704,-0.8792387433589076,-0.07500000000000037,-0.8800000000000096,0.0,0.0,Vmag_get_voltage_magnitude_series__angle_get_voltage_angle_series,true,Unknown,Ybus EMT reconstruction using exact complex bus-voltage phasors when available; otherwise diagnostic fallback
4.22,6.79208104963358e-5,0.0007613273643757301,6.79208104963358e-5,0.0007613273643757301,6.79208104963358e-5,0.0007613273643757301,-0.07493207918950404,-0.8792386726356338,-0.07500000000000037,-0.8800000000000096,0.0,0.0,Vmag_get_voltage_magnitude_series__angle_get_voltage_angle_series,true,Unknown,Ybus EMT reconstruction using exact complex bus-voltage phasors when available; otherwise diagnostic fallback
4.23,6.792661460050531e-5,0.0007613955034038167,6.792661460050531e-5,0.0007613955034038167,6.792661460050531e-5,0.0007613955034038167,-0.07493207338539987,-0.8792386044966057,-0.07500000000000037,-0.8800000000000096,0.0,0.0,Vmag_get_voltage_magnitude_series__angle_get_voltage_angle_series,true,Unknown,Ybus EMT reconstruction using exact complex bus-voltage phasors when available; otherwise diagnostic fallback
4.24,6.793219897680003e-5,0.0007614610633112084,6.793219897680003e-5,0.0007614610633112084,6.793219897680003e-5,0.0007614610633112084,-0.07493206780102357,-0.8792385389366983,-0.07500000000000037,-0.8800000000000096,0.0,0.0,Vmag_get_voltage_magnitude_series__angle_get_voltage_angle_series,true,Unknown,Ybus EMT reconstruction using exact complex bus-voltage phasors when available; otherwise diagnostic fallback
4.25,6.793756424318398e-5,0.0007615240512959254,6.793756424318398e-5,0.0007615240512959254,6.793756424318398e-5,0.0007615240512959254,-0.07493206243575719,-0.8792384759487136,-0.07500000000000037,-0.8800000000000096,0.0,0.0,Vmag_get_voltage_magnitude_series__angle_get_voltage_angle_series,true,Unknown,Ybus EMT reconstruction using exact complex bus-voltage phasors when available; otherwise diagnostic fallback
4.26,6.794271118834572e-5,0.0007615844766307722,6.794271118834572e-5,0.0007615844766307722,6.794271118834572e-5,0.0007615844766307722,-0.07493205728881203,-0.8792384155233788,-0.07500000000000037,-0.8800000000000096,0.0,0.0,Vmag_get_voltage_magnitude_series__angle_get_voltage_angle_series,true,Unknown,Ybus EMT reconstruction using exact complex bus-voltage phasors when available; otherwise diagnostic fallback
4.27,6.794764076056836e-5,0.0007616423504109848,6.794764076056836e-5,0.0007616423504109848,6.794764076056836e-5,0.0007616423504109848,-0.0749320523592398,-0.8792383576495986,-0.07500000000000037,-0.8800000000000096,0.0,0.0,Vmag_get_voltage_magnitude_series__angle_get_voltage_angle_series,true,Unknown,Ybus EMT reconstruction using exact complex bus-voltage phasors when available; otherwise diagnostic fallback
4.28,6.795235405751554e-5,0.0007616976854983859,6.795235405751554e-5,0.0007616976854983859,6.795235405751554e-5,0.0007616976854983859,-0.07493204764594286,-0.8792383023145112,-0.07500000000000037,-0.8800000000000096,0.0,0.0,Vmag_get_voltage_magnitude_series__angle_get_voltage_angle_series,true,Unknown,Ybus EMT reconstruction using exact complex bus-voltage phasors when available; otherwise diagnostic fallback
4.29,6.79568523107299e-5,0.0007617504963347566,6.79568523107299e-5,0.0007617504963347566,6.79568523107299e-5,0.0007617504963347566,-0.07493204314768964,-0.8792382495036748,-0.07500000000000037,-0.8800000000000096,0.0,0.0,Vmag_get_voltage_magnitude_series__angle_get_voltage_angle_series,true,Unknown,Ybus EMT reconstruction using exact complex bus-voltage phasors when available; otherwise diagnostic fallback
4.3,6.796113687118632e-5,0.0007618007987518771,6.796113687118632e-5,0.0007618007987518771,6.796113687118632e-5,0.0007618007987518771,-0.07493203886312919,-0.8792381992012577,-0.07500000000000037,-0.8800000000000096,0.0,0.0,Vmag_get_voltage_magnitude_series__angle_get_voltage_angle_series,true,Unknown,Ybus EMT reconstruction using exact complex bus-voltage phasors when available; otherwise diagnostic fallback
4.31,6.79652092028804e-5,0.0007618486099096877,6.79652092028804e-5,0.0007618486099096877,6.79652092028804e-5,0.0007618486099096877,-0.07493203479079749,-0.8792381513900999,-0.07500000000000037,-0.8800000000000096,0.0,0.0,Vmag_get_voltage_magnitude_series__angle_get_voltage_angle_series,true,Unknown,Ybus EMT reconstruction using exact complex bus-voltage phasors when available; otherwise diagnostic fallback
4.32,6.796907086560611e-5,0.0007618939480926734,6.796907086560611e-5,0.0007618939480926734,6.796907086560611e-5,0.0007618939480926734,-0.07493203092913477,-0.8792381060519169,-0.07500000000000037,-0.8800000000000096,0.0,0.0,Vmag_get_voltage_magnitude_series__angle_get_voltage_angle_series,true,Unknown,Ybus EMT reconstruction using exact complex bus-voltage phasors when available; otherwise diagnostic fallback
4.33,6.797272350189676e-5,0.0007619368325519904,6.797272350189676e-5,0.0007619368325519904,6.797272350189676e-5,0.0007619368325519904,-0.07493202727649848,-0.8792380631674576,-0.07500000000000037,-0.8800000000000096,0.0,0.0,Vmag_get_voltage_magnitude_series__angle_get_voltage_angle_series,true,Unknown,Ybus EMT reconstruction using exact complex bus-voltage phasors when available; otherwise diagnostic fallback
4.34,6.797616883039148e-5,0.0007619772834341898,6.797616883039148e-5,0.0007619772834341898,6.797616883039148e-5,0.0007619772834341898,-0.07493202383116998,-0.8792380227165754,-0.07500000000000037,-0.8800000000000096,0.0,0.0,Vmag_get_voltage_magnitude_series__angle_get_voltage_angle_series,true,Unknown,Ybus EMT reconstruction using exact complex bus-voltage phasors when available; otherwise diagnostic fallback
4.35,6.797940862256213e-5,0.0007620153215164294,6.797940862256213e-5,0.0007620153215164294,6.797940862256213e-5,0.0007620153215164294,-0.07493202059137781,-0.8792379846784931,-0.07500000000000037,-0.8800000000000096,0.0,0.0,Vmag_get_voltage_magnitude_series__angle_get_voltage_angle_series,true,Unknown,Ybus EMT reconstruction using exact complex bus-voltage phasors when available; otherwise diagnostic fallback
4.36,6.798244470895831e-5,0.0007620509682345622,6.798244470895831e-5,0.0007620509682345622,6.798244470895831e-5,0.0007620509682345622,-0.07493201755529141,-0.879237949031775,-0.07500000000000037,-0.8800000000000096,0.0,0.0,Vmag_get_voltage_magnitude_series__angle_get_voltage_angle_series,true,Unknown,Ybus EMT reconstruction using exact complex bus-voltage phasors when available; otherwise diagnostic fallback
4.37,6.798527894899542e-5,0.00076208424543045,6.798527894899542e-5,0.00076208424543045,6.798527894899542e-5,0.00076208424543045,-0.07493201472105138,-0.8792379157545791,-0.07500000000000037,-0.8800000000000096,0.0,0.0,Vmag_get_voltage_magnitude_series__angle_get_voltage_angle_series,true,Unknown,Ybus EMT reconstruction using exact complex bus-voltage phasors when available; otherwise diagnostic fallback
4.38,6.798791323593678e-5,0.0007621151752573718,6.798791323593678e-5,0.0007621151752573718,6.798791323593678e-5,0.0007621151752573718,-0.07493201208676444,-0.8792378848247522,-0.07500000000000037,-0.8800000000000096,0.0,0.0,Vmag_get_voltage_magnitude_series__angle_get_voltage_angle_series,true,Unknown,Ybus EMT reconstruction using exact complex bus-voltage phasors when available; otherwise diagnostic fallback
4.39,6.799034947835292e-5,0.0007621437801207387,6.799034947835292e-5,0.0007621437801207387,6.799034947835292e-5,0.0007621437801207387,-0.07493200965052202,-0.8792378562198888,-0.07500000000000037,-0.8800000000000096,0.0,0.0,Vmag_get_voltage_magnitude_series__angle_get_voltage_angle_series,true,Unknown,Ybus EMT reconstruction using exact complex bus-voltage phasors when available; otherwise diagnostic fallback
4.4,6.799258959236387e-5,0.0007621700824894662,6.799258959236387e-5,0.0007621700824894662,6.799258959236387e-5,0.0007621700824894662,-0.07493200741040801,-0.8792378299175201,-0.07500000000000037,-0.8800000000000096,0.0,0.0,Vmag_get_voltage_magnitude_series__angle_get_voltage_angle_series,true,Unknown,Ybus EMT reconstruction using exact complex bus-voltage phasors when available; otherwise diagnostic fallback
4.41,6.799463549711504e-5,0.0007621941048753245,6.799463549711504e-5,0.0007621941048753245,6.799463549711504e-5,0.0007621941048753245,-0.07493200536450326,-0.8792378058951342,-0.07500000000000037,-0.8800000000000096,0.0,0.0,Vmag_get_voltage_magnitude_series__angle_get_voltage_angle_series,true,Unknown,Ybus EMT reconstruction using exact complex bus-voltage phasors when available; otherwise diagnostic fallback
4.42,6.799648910130185e-5,0.0007622158696144465,6.799648910130185e-5,0.0007622158696144465,6.799648910130185e-5,0.0007622158696144465,-0.07493200351089907,-0.8792377841303951,-0.07500000000000037,-0.8800000000000096,0.0,0.0,Vmag_get_voltage_magnitude_series__angle_get_voltage_angle_series,true,Unknown,Ybus EMT reconstruction using exact complex bus-voltage phasors when available; otherwise diagnostic fallback
4.43,6.799815229927009e-5,0.0007622353989622521,6.799815229927009e-5,0.0007622353989622521,6.799815229927009e-5,0.0007622353989622521,-0.0749320018477011,-0.8792377646010473,-0.07500000000000037,-0.8800000000000096,0.0,0.0,Vmag_get_voltage_magnitude_series__angle_get_voltage_angle_series,true,Unknown,Ybus EMT reconstruction using exact complex bus-voltage phasors when available; otherwise diagnostic fallback
4.44,6.799962696286965e-5,0.0007622527148514191,6.799962696286965e-5,0.0007622527148514191,6.799962696286965e-5,0.0007622527148514191,-0.0749320003730375,-0.8792377472851581,-0.07500000000000037,-0.8800000000000096,0.0,0.0,Vmag_get_voltage_magnitude_series__angle_get_voltage_angle_series,true,Unknown,Ybus EMT reconstruction using exact complex bus-voltage phasors when available; otherwise diagnostic fallback
4.45,6.800091493705529e-5,0.0007622678389710424,6.800091493705529e-5,0.0007622678389710424,6.800091493705529e-5,0.0007622678389710424,-0.07493199908506332,-0.8792377321610385,-0.07500000000000037,-0.8800000000000096,0.0,0.0,Vmag_get_voltage_magnitude_series__angle_get_voltage_angle_series,true,Unknown,Ybus EMT reconstruction using exact complex bus-voltage phasors when available; otherwise diagnostic fallback
4.46,6.800201803512651e-5,0.0007622807925081743,6.800201803512651e-5,0.0007622807925081743,6.800201803512651e-5,0.0007622807925081743,-0.07493199798196525,-0.8792377192075014,-0.07500000000000037,-0.8800000000000096,0.0,0.0,Vmag_get_voltage_magnitude_series__angle_get_voltage_angle_series,true,Unknown,Ybus EMT reconstruction using exact complex bus-voltage phasors when available; otherwise diagnostic fallback
4.47,6.80029380309699e-5,0.0007622915963438892,6.80029380309699e-5,0.0007622915963438892,6.80029380309699e-5,0.0007622915963438892,-0.0749319970619694,-0.8792377084036657,-0.07500000000000037,-0.8800000000000096,0.0,0.0,Vmag_get_voltage_magnitude_series__angle_get_voltage_angle_series,true,Unknown,Ybus EMT reconstruction using exact complex bus-voltage phasors when available; otherwise diagnostic fallback
4.48,6.800367666100204e-5,0.0007623002708008197,6.800367666100204e-5,0.0007623002708008197,6.800367666100204e-5,0.0007623002708008197,-0.07493199632333937,-0.8792376997292087,-0.07500000000000037,-0.8800000000000096,0.0,0.0,Vmag_get_voltage_magnitude_series__angle_get_voltage_angle_series,true,Unknown,Ybus EMT reconstruction using exact complex bus-voltage phasors when available; otherwise diagnostic fallback
4.49,6.800423561628688e-5,0.0007623068357103246,6.800423561628688e-5,0.0007623068357103246,6.800423561628688e-5,0.0007623068357103246,-0.07493199576438409,-0.8792376931642992,-0.07500000000000037,-0.8800000000000096,0.0,0.0,Vmag_get_voltage_magnitude_series__angle_get_voltage_angle_series,true,Unknown,Ybus EMT reconstruction using exact complex bus-voltage phasors when available; otherwise diagnostic fallback
4.5,6.800461653902468e-5,0.0007623113103771839,6.800461653902468e-5,0.0007623113103771839,6.800461653902468e-5,0.0007623113103771839,-0.07493199538346135,-0.8792376886896324,-0.07500000000000037,-0.8800000000000096,0.0,0.0,Vmag_get_voltage_magnitude_series__angle_get_voltage_angle_series,true,Unknown,Ybus EMT reconstruction using exact complex bus-voltage phasors when available; otherwise diagnostic fallback
4.51,6.8004821029366e-5,0.0007623137135553959,6.8004821029366e-5,0.0007623137135553959,6.8004821029366e-5,0.0007623137135553959,-0.074931995178971,-0.8792376862864542,-0.07500000000000037,-0.8800000000000096,0.0,0.0,Vmag_get_voltage_magnitude_series__angle_get_voltage_angle_series,true,Unknown,Ybus EMT reconstruction using exact complex bus-voltage phasors when available; otherwise diagnostic fallback
4.52,6.800485063264416e-5,0.0007623140633831182,6.800485063264416e-5,0.0007623140633831182,6.800485063264416e-5,0.0007623140633831182,-0.07493199514936773,-0.8792376859366264,-0.07500000000000037,-0.8800000000000096,0.0,0.0,Vmag_get_voltage_magnitude_series__angle_get_voltage_angle_series,true,Unknown,Ybus EMT reconstruction using exact complex bus-voltage phasors when available; otherwise diagnostic fallback
4.53,6.800470684964477e-5,0.0007623123774435081,6.800470684964477e-5,0.0007623123774435081,6.800470684964477e-5,0.0007623123774435081,-0.07493199529315073,-0.879237687622566,-0.07500000000000037,-0.8800000000000096,0.0,0.0,Vmag_get_voltage_magnitude_series__angle_get_voltage_angle_series,true,Unknown,Ybus EMT reconstruction using exact complex bus-voltage phasors when available; otherwise diagnostic fallback
4.54,6.80043911266831e-5,0.0007623086727399642,6.80043911266831e-5,0.0007623086727399642,6.80043911266831e-5,0.0007623086727399642,-0.07493199560887369,-0.8792376913272696,-0.07500000000000037,-0.8800000000000096,0.0,0.0,Vmag_get_voltage_magnitude_series__angle_get_voltage_angle_series,true,Unknown,Ybus EMT reconstruction using exact complex bus-voltage phasors when available; otherwise diagnostic fallback
4.55,6.80039048656933e-5,0.0007623029657144453,6.80039048656933e-5,0.0007623029657144453,6.80039048656933e-5,0.0007623029657144453,-0.07493199609513468,-0.8792376970342951,-0.07500000000000037,-0.8800000000000096,0.0,0.0,Vmag_get_voltage_magnitude_series__angle_get_voltage_angle_series,true,Unknown,Ybus EMT reconstruction using exact complex bus-voltage phasors when available; otherwise diagnostic fallback
4.56,6.800324941834412e-5,0.000762295272219049,6.800324941834412e-5,0.000762295272219049,6.800324941834412e-5,0.000762295272219049,-0.07493199675058203,-0.8792377047277905,-0.07500000000000037,-0.8800000000000096,0.0,0.0,Vmag_get_voltage_magnitude_series__angle_get_voltage_angle_series,true,Unknown,Ybus EMT reconstruction using exact complex bus-voltage phasors when available; otherwise diagnostic fallback
4.57,6.800242608701046e-5,0.0007622856075704121,6.800242608701046e-5,0.0007622856075704121,6.800242608701046e-5,0.0007622856075704121,-0.07493199757391336,-0.8792377143924391,-0.07500000000000037,-0.8800000000000096,0.0,0.0,Vmag_get_voltage_magnitude_series__angle_get_voltage_angle_series,true,Unknown,Ybus EMT reconstruction using exact complex bus-voltage phasors when available; otherwise diagnostic fallback
4.58,6.800143613451548e-5,0.0007622739865531525,6.800143613451548e-5,0.0007622739865531525,6.800143613451548e-5,0.0007622739865531525,-0.07493199856386586,-0.8792377260134564,-0.07500000000000037,-0.8800000000000096,0.0,0.0,Vmag_get_voltage_magnitude_series__angle_get_voltage_angle_series,true,Unknown,Ybus EMT reconstruction using exact complex bus-voltage phasors when available; otherwise diagnostic fallback
4.59,6.800028077552644e-5,0.0007622604234492902,6.800028077552644e-5,0.0007622604234492902,6.800028077552644e-5,0.0007622604234492902,-0.07493199971922485,-0.8792377395765603,-0.07500000000000037,-0.8800000000000096,0.0,0.0,Vmag_get_voltage_magnitude_series__angle_get_voltage_angle_series,true,Unknown,Ybus EMT reconstruction using exact complex bus-voltage phasors when available; otherwise diagnostic fallback
4.6,6.799896118755977e-5,0.0007622449320716651,6.799896118755977e-5,0.0007622449320716651,6.799896118755977e-5,0.0007622449320716651,-0.07493200103881281,-0.8792377550679379,-0.07500000000000037,-0.8800000000000096,0.0,0.0,Vmag_get_voltage_magnitude_series__angle_get_voltage_angle_series,true,Unknown,Ybus EMT reconstruction using exact complex bus-voltage phasors when available; otherwise diagnostic fallback
4.61,6.799747850996796e-5,0.0007622275258176714,6.799747850996796e-5,0.0007622275258176714,6.799747850996796e-5,0.0007622275258176714,-0.0749320025214904,-0.8792377724741919,-0.07500000000000037,-0.8800000000000096,0.0,0.0,Vmag_get_voltage_magnitude_series__angle_get_voltage_angle_series,true,Unknown,Ybus EMT reconstruction using exact complex bus-voltage phasors when available; otherwise diagnostic fallback
4.62,6.799583384392571e-5,0.0007622082175902101,6.799583384392571e-5,0.0007622082175902101,6.799583384392571e-5,0.0007622082175902101,-0.07493200416615645,-0.8792377917824193,-0.07500000000000037,-0.8800000000000096,0.0,0.0,Vmag_get_voltage_magnitude_series__angle_get_voltage_angle_series,true,Unknown,Ybus EMT reconstruction using exact complex bus-voltage phasors when available; otherwise diagnostic fallback
4.63,6.799402826400402e-5,0.0007621870200209546,6.799402826400402e-5,0.0007621870200209546,6.799402826400402e-5,0.0007621870200209546,-0.07493200597173637,-0.8792378129799886,-0.07500000000000037,-0.8800000000000096,0.0,0.0,Vmag_get_voltage_magnitude_series__angle_get_voltage_angle_series,true,Unknown,Ybus EMT reconstruction using exact complex bus-voltage phasors when available; otherwise diagnostic fallback
4.64,6.799206281178638e-5,0.000762163945345673,6.799206281178638e-5,0.000762163945345673,6.799206281178638e-5,0.000762163945345673,-0.07493200793718859,-0.8792378360546639,-0.07500000000000037,-0.8800000000000096,0.0,0.0,Vmag_get_voltage_magnitude_series__angle_get_voltage_angle_series,true,Unknown,Ybus EMT reconstruction using exact complex bus-voltage phasors when available; otherwise diagnostic fallback
4.65,6.798993850733182e-5,0.0007621390055214672,6.798993850733182e-5,0.0007621390055214672,6.798993850733182e-5,0.0007621390055214672,-0.07493201006149304,-0.8792378609944881,-0.07500000000000037,-0.8800000000000096,0.0,0.0,Vmag_get_voltage_magnitude_series__angle_get_voltage_angle_series,true,Unknown,Ybus EMT reconstruction using exact complex bus-voltage phasors when available; otherwise diagnostic fallback
4.66,6.798765634428994e-5,0.000762112212260968,6.798765634428994e-5,0.000762112212260968,6.798765634428994e-5,0.000762112212260968,-0.07493201234365608,-0.8792378877877486,-0.07500000000000037,-0.8800000000000096,0.0,0.0,Vmag_get_voltage_magnitude_series__angle_get_voltage_angle_series,true,Unknown,Ybus EMT reconstruction using exact complex bus-voltage phasors when available; otherwise diagnostic fallback
4.67,6.79852173015999e-5,0.0007620835770335566,6.79852173015999e-5,0.0007620835770335566,6.79852173015999e-5,0.0007620835770335566,-0.07493201478269877,-0.879237916422976,-0.07500000000000037,-0.8800000000000096,0.0,0.0,Vmag_get_voltage_magnitude_series__angle_get_voltage_angle_series,true,Unknown,Ybus EMT reconstruction using exact complex bus-voltage phasors when available; otherwise diagnostic fallback
4.68,6.798262234497532e-5,0.0007620531111810491,6.798262234497532e-5,0.0007620531111810491,6.798262234497532e-5,0.0007620531111810491,-0.0749320173776554,-0.8792379468888285,-0.07500000000000037,-0.8800000000000096,0.0,0.0,Vmag_get_voltage_magnitude_series__angle_get_voltage_angle_series,true,Unknown,Ybus EMT reconstruction using exact complex bus-voltage phasors when available; otherwise diagnostic fallback
4.69,6.797987242160297e-5,0.0007620208258396488,6.797987242160297e-5,0.0007620208258396488,6.797987242160297e-5,0.0007620208258396488,-0.07493202012757877,-0.8792379791741699,-0.07500000000000037,-0.8800000000000096,0.0,0.0,Vmag_get_voltage_magnitude_series__angle_get_voltage_angle_series,true,Unknown,Ybus EMT reconstruction using exact complex bus-voltage phasors when available; otherwise diagnostic fallback
4.7,6.797696847743451e-5,0.000761986732142006,6.797696847743451e-5,0.000761986732142006,6.797696847743451e-5,0.000761986732142006,-0.07493202303152294,-0.8792380132678675,-0.07500000000000037,-0.8800000000000096,0.0,0.0,Vmag_get_voltage_magnitude_series__angle_get_voltage_angle_series,true,Unknown,Ybus EMT reconstruction using exact complex bus-voltage phasors when available; otherwise diagnostic fallback
4.71,6.797391145149656e-5,0.000761950841086434,6.797391145149656e-5,0.000761950841086434,6.797391145149656e-5,0.000761950841086434,-0.07493202608854888,-0.8792380491589231,-0.07500000000000037,-0.8800000000000096,0.0,0.0,Vmag_get_voltage_magnitude_series__angle_get_voltage_angle_series,true,Unknown,Ybus EMT reconstruction using exact complex bus-voltage phasors when available; otherwise diagnostic fallback
4.72,6.797070228059532e-5,0.0007619131636872334,6.797070228059532e-5,0.0007619131636872334,6.797070228059532e-5,0.0007619131636872334,-0.07493202929771978,-0.8792380868363223,-0.07500000000000037,-0.8800000000000096,0.0,0.0,Vmag_get_voltage_magnitude_series__angle_get_voltage_angle_series,true,Unknown,Ybus EMT reconstruction using exact complex bus-voltage phasors when available; otherwise diagnostic fallback
4.73,6.796734190471498e-5,0.000761873710984462,6.796734190471498e-5,0.000761873710984462,6.796734190471498e-5,0.000761873710984462,-0.07493203265809566,-0.8792381262890251,-0.07500000000000037,-0.8800000000000096,0.0,0.0,Vmag_get_voltage_magnitude_series__angle_get_voltage_angle_series,true,Unknown,Ybus EMT reconstruction using exact complex bus-voltage phasors when available; otherwise diagnostic fallback
4.74,6.796383126361771e-5,0.0007618324940279475,6.796383126361771e-5,0.0007618324940279475,6.796383126361771e-5,0.0007618324940279475,-0.07493203616873675,-0.8792381675059816,-0.07500000000000037,-0.8800000000000096,0.0,0.0,Vmag_get_voltage_magnitude_series__angle_get_voltage_angle_series,true,Unknown,Ybus EMT reconstruction using exact complex bus-voltage phasors when available; otherwise diagnostic fallback
4.75,6.796017131260879e-5,0.000761789524053702,6.796017131260879e-5,0.000761789524053702,6.796017131260879e-5,0.000761789524053702,-0.07493203982868776,-0.8792382104759559,-0.07500000000000037,-0.8800000000000096,0.0,0.0,Vmag_get_voltage_magnitude_series__angle_get_voltage_angle_series,true,Unknown,Ybus EMT reconstruction using exact complex bus-voltage phasors when available; otherwise diagnostic fallback
4.76,6.795636301003272e-5,0.0007617448123170556,6.795636301003272e-5,0.0007617448123170556,6.795636301003272e-5,0.0007617448123170556,-0.07493204363699034,-0.8792382551876925,-0.07500000000000037,-0.8800000000000096,0.0,0.0,Vmag_get_voltage_magnitude_series__angle_get_voltage_angle_series,true,Unknown,Ybus EMT reconstruction using exact complex bus-voltage phasors when available; otherwise diagnostic fallback
4.77,6.795240732973551e-5,0.0007616983702422031,6.795240732973551e-5,0.0007616983702422031,6.795240732973551e-5,0.0007616983702422031,-0.07493204759267064,-0.8792383016297673,-0.07500000000000037,-0.8800000000000096,0.0,0.0,Vmag_get_voltage_magnitude_series__angle_get_voltage_angle_series,true,Unknown,Ybus EMT reconstruction using exact complex bus-voltage phasors when available; otherwise diagnostic fallback
4.78,6.79483052599128e-5,0.0007616502094287547,6.79483052599128e-5,0.0007616502094287547,6.79483052599128e-5,0.0007616502094287547,-0.07493205169474046,-0.8792383497905808,-0.07500000000000037,-0.8800000000000096,0.0,0.0,Vmag_get_voltage_magnitude_series__angle_get_voltage_angle_series,true,Unknown,Ybus EMT reconstruction using exact complex bus-voltage phasors when available; otherwise diagnostic fallback
4.79,6.794405780391477e-5,0.0007616003416817119,6.794405780391477e-5,0.0007616003416817119,6.794405780391477e-5,0.0007616003416817119,-0.07493205594219646,-0.8792383996583278,-0.07500000000000037,-0.8800000000000096,0.0,0.0,Vmag_get_voltage_magnitude_series__angle_get_voltage_angle_series,true,Unknown,Ybus EMT reconstruction using exact complex bus-voltage phasors when available; otherwise diagnostic fallback
4.8,6.793966598370171e-5,0.000761548779030008,6.793966598370171e-5,0.000761548779030008,6.793966598370171e-5,0.000761548779030008,-0.07493206033401667,-0.8792384512209795,-0.07500000000000037,-0.8800000000000096,0.0,0.0,Vmag_get_voltage_magnitude_series__angle_get_voltage_angle_series,true,Unknown,Ybus EMT reconstruction using exact complex bus-voltage phasors when available; otherwise diagnostic fallback
4.81,6.793513084457636e-5,0.0007614955337318374,6.793513084457636e-5,0.0007614955337318374,6.793513084457636e-5,0.0007614955337318374,-0.0749320648691558,-0.8792385044662777,-0.07500000000000037,-0.8800000000000096,0.0,0.0,Vmag_get_voltage_magnitude_series__angle_get_voltage_angle_series,true,Unknown,Ybus EMT reconstruction using exact complex bus-voltage phasors when available; otherwise diagnostic fallback
4.82,6.793045345002136e-5,0.0007614406182718803,6.793045345002136e-5,0.0007614406182718803,6.793045345002136e-5,0.0007614406182718803,-0.07493206954655035,-0.8792385593817377,-0.07500000000000037,-0.8800000000000096,0.0,0.0,Vmag_get_voltage_magnitude_series__angle_get_voltage_angle_series,true,Unknown,Ybus EMT reconstruction using exact complex bus-voltage phasors when available; otherwise diagnostic fallback
4.83,6.792563488772219e-5,0.0007613840454346876,6.792563488772219e-5,0.0007613840454346876,6.792563488772219e-5,0.0007613840454346876,-0.07493207436511265,-0.8792386159545749,-0.07500000000000037,-0.8800000000000096,0.0,0.0,Vmag_get_voltage_magnitude_series__angle_get_voltage_angle_series,true,Unknown,Ybus EMT reconstruction using exact complex bus-voltage phasors when available; otherwise diagnostic fallback
4.84,6.792067626970599e-5,0.0007613258282861413,6.792067626970599e-5,0.0007613258282861413,6.792067626970599e-5,0.0007613258282861413,-0.07493207932373067,-0.8792386741717234,-0.07500000000000037,-0.8800000000000096,0.0,0.0,Vmag_get_voltage_magnitude_series__angle_get_voltage_angle_series,true,Unknown,Ybus EMT reconstruction using exact complex bus-voltage phasors when available; otherwise diagnostic fallback
4.85,6.791557872970477e-5,0.0007612659801448096,6.791557872970477e-5,0.0007612659801448096,6.791557872970477e-5,0.0007612659801448096,-0.07493208442127067,-0.8792387340198647,-0.07500000000000037,-0.8800000000000096,0.0,0.0,Vmag_get_voltage_magnitude_series__angle_get_voltage_angle_series,true,Unknown,Ybus EMT reconstruction using exact complex bus-voltage phasors when available; otherwise diagnostic fallback
4.86,6.791034342989999e-5,0.0007612045146494495,6.791034342989999e-5,0.0007612045146494495,6.791034342989999e-5,0.0007612045146494495,-0.07493208965657047,-0.8792387954853601,-0.07500000000000037,-0.8800000000000096,0.0,0.0,Vmag_get_voltage_magnitude_series__angle_get_voltage_angle_series,true,Unknown,Ybus EMT reconstruction using exact complex bus-voltage phasors when available; otherwise diagnostic fallback
4.87,6.790497155667596e-5,0.0007611414457509014,6.790497155667596e-5,0.0007611414457509014,6.790497155667596e-5,0.0007611414457509014,-0.0749320950284437,-0.8792388585542587,-0.07500000000000037,-0.8800000000000096,0.0,0.0,Vmag_get_voltage_magnitude_series__angle_get_voltage_angle_series,true,Unknown,Ybus EMT reconstruction using exact complex bus-voltage phasors when available; otherwise diagnostic fallback
4.88,6.789946432227134e-5,0.0007610767876695679,6.789946432227134e-5,0.0007610767876695679,6.789946432227134e-5,0.0007610767876695679,-0.0749321005356781,-0.87923892321234,-0.07500000000000037,-0.8800000000000096,0.0,0.0,Vmag_get_voltage_magnitude_series__angle_get_voltage_angle_series,true,Unknown,Ybus EMT reconstruction using exact complex bus-voltage phasors when available; otherwise diagnostic fallback
4.89,6.789382296461255e-5,0.0007610105549646917,6.789382296461255e-5,0.0007610105549646917,6.789382296461255e-5,0.0007610105549646917,-0.07493210617703576,-0.8792389894450449,-0.07500000000000037,-0.8800000000000096,0.0,0.0,Vmag_get_voltage_magnitude_series__angle_get_voltage_angle_series,true,Unknown,Ybus EMT reconstruction using exact complex bus-voltage phasors when available; otherwise diagnostic fallback
4.9,6.788804874634236e-5,0.0007609427624537535,6.788804874634236e-5,0.0007609427624537535,6.788804874634236e-5,0.0007609427624537535,-0.07493211195125403,-0.8792390572375558,-0.07500000000000037,-0.8800000000000096,0.0,0.0,Vmag_get_voltage_magnitude_series__angle_get_voltage_angle_series,true,Unknown,Ybus EMT reconstruction using exact complex bus-voltage phasors when available; otherwise diagnostic fallback
4.91,6.788214295722073e-5,0.0007608734252868565,6.788214295722073e-5,0.0007608734252868565,6.788214295722073e-5,0.0007608734252868565,-0.07493211785704315,-0.8792391265747227,-0.07500000000000037,-0.8800000000000096,0.0,0.0,Vmag_get_voltage_magnitude_series__angle_get_voltage_angle_series,true,Unknown,Ybus EMT reconstruction using exact complex bus-voltage phasors when available; otherwise diagnostic fallback
4.92,6.787610691248724e-5,0.0007608025588947687,6.787610691248724e-5,0.0007608025588947687,6.787610691248724e-5,0.0007608025588947687,-0.07493212389308788,-0.8792391974411148,-0.07500000000000037,-0.8800000000000096,0.0,0.0,Vmag_get_voltage_magnitude_series__angle_get_voltage_angle_series,true,Unknown,Ybus EMT reconstruction using exact complex bus-voltage phasors when available; otherwise diagnostic fallback
4.93,6.78699419480594e-5,0.0007607301790033549,6.78699419480594e-5,0.0007607301790033549,6.78699419480594e-5,0.0007607301790033549,-0.07493213005805231,-0.8792392698210062,-0.07500000000000037,-0.8800000000000096,0.0,0.0,Vmag_get_voltage_magnitude_series__angle_get_voltage_angle_series,true,Unknown,Ybus EMT reconstruction using exact complex bus-voltage phasors when available; otherwise diagnostic fallback
4.94,6.786364942877599e-5,0.0007606563015946088,6.786364942877599e-5,0.0007606563015946088,6.786364942877599e-5,0.0007606563015946088,-0.0749321363505716,-0.8792393436984149,-0.07500000000000037,-0.8800000000000096,0.0,0.0,Vmag_get_voltage_magnitude_series__angle_get_voltage_angle_series,true,Unknown,Ybus EMT reconstruction using exact complex bus-voltage phasors when available; otherwise diagnostic fallback
4.95,6.785723073816918e-5,0.0007605809429402921,6.785723073816918e-5,0.0007605809429402921,6.785723073816918e-5,0.0007605809429402921,-0.0749321427692622,-0.8792394190570693,-0.07500000000000037,-0.8800000000000096,0.0,0.0,Vmag_get_voltage_magnitude_series__angle_get_voltage_angle_series,true,Unknown,Ybus EMT reconstruction using exact complex bus-voltage phasors when available; otherwise diagnostic fallback
4.96,6.785068728146215e-5,0.0007605041195484219,6.785068728146215e-5,0.0007605041195484219,6.785068728146215e-5,0.0007605041195484219,-0.07493214931271891,-0.8792394958804611,-0.07500000000000037,-0.8800000000000096,0.0,0.0,Vmag_get_voltage_magnitude_series__angle_get_voltage_angle_series,true,Unknown,Ybus EMT reconstruction using exact complex bus-voltage phasors when available; otherwise diagnostic fallback
4.97,6.784402048948257e-5,0.0007604258481965775,6.784402048948257e-5,0.0007604258481965775,6.784402048948257e-5,0.0007604258481965775,-0.07493215597951089,-0.879239574151813,-0.07500000000000037,-0.8800000000000096,0.0,0.0,Vmag_get_voltage_magnitude_series__angle_get_voltage_angle_series,true,Unknown,Ybus EMT reconstruction using exact complex bus-voltage phasors when available; otherwise diagnostic fallback
4.98,6.783723180738e-5,0.0007603461458701721,6.783723180738e-5,0.0007603461458701721,6.783723180738e-5,0.0007603461458701721,-0.07493216276819299,-0.8792396538541394,-0.07500000000000037,-0.8800000000000096,0.0,0.0,Vmag_get_voltage_magnitude_series__angle_get_voltage_angle_series,true,Unknown,Ybus EMT reconstruction using exact complex bus-voltage phasors when available; otherwise diagnostic fallback
4.99,6.78303227017174e-5,0.0007602650297888758,6.78303227017174e-5,0.0007602650297888758,6.78303227017174e-5,0.0007602650297888758,-0.07493216967729865,-0.8792397349702207,-0.07500000000000037,-0.8800000000000096,0.0,0.0,Vmag_get_voltage_magnitude_series__angle_get_voltage_angle_series,true,Unknown,Ybus EMT reconstruction using exact complex bus-voltage phasors when available; otherwise diagnostic fallback
5.0,6.782329465690462e-5,0.0007601825173629839,6.782329465690462e-5,0.0007601825173629839,6.782329465690462e-5,0.0007601825173629839,-0.07493217670534347,-0.8792398174826466,-0.07500000000000037,-0.8800000000000096,0.0,0.0,Vmag_get_voltage_magnitude_series__angle_get_voltage_angle_series,true,Unknown,Ybus EMT reconstruction using exact complex bus-voltage phasors when available; otherwise diagnostic fallback
5.01,6.781614917246437e-5,0.0007600986262311649,6.781614917246437e-5,0.0007600986262311649,6.781614917246437e-5,0.0007600986262311649,-0.07493218385082791,-0.8792399013737784,-0.07500000000000037,-0.8800000000000096,0.0,0.0,Vmag_get_voltage_magnitude_series__angle_get_voltage_angle_series,true,Unknown,Ybus EMT reconstruction using exact complex bus-voltage phasors when available; otherwise diagnostic fallback
5.02,6.780888776369842e-5,0.0007600133741562098,6.780888776369842e-5,0.0007600133741562098,6.780888776369842e-5,0.0007600133741562098,-0.07493219111223667,-0.8792399866258533,-0.07500000000000037,-0.8800000000000096,0.0,0.0,Vmag_get_voltage_magnitude_series__angle_get_voltage_angle_series,true,Unknown,Ybus EMT reconstruction using exact complex bus-voltage phasors when available; otherwise diagnostic fallback
5.03,6.780151195838469e-5,0.0007599267790864284,6.780151195838469e-5,0.0007599267790864284,6.780151195838469e-5,0.0007599267790864284,-0.07493219848804199,-0.8792400732209231,-0.07500000000000037,-0.8800000000000096,0.0,0.0,Vmag_get_voltage_magnitude_series__angle_get_voltage_angle_series,true,Unknown,Ybus EMT reconstruction using exact complex bus-voltage phasors when available; otherwise diagnostic fallback
5.04,6.779402329791517e-5,0.0007598388591301131,6.779402329791517e-5,0.0007598388591301131,6.779402329791517e-5,0.0007598388591301131,-0.07493220597670246,-0.8792401611408794,-0.07500000000000037,-0.8800000000000096,0.0,0.0,Vmag_get_voltage_magnitude_series__angle_get_voltage_angle_series,true,Unknown,Ybus EMT reconstruction using exact complex bus-voltage phasors when available; otherwise diagnostic fallback
5.05,6.778642333450657e-5,0.0007597496324684982,6.778642333450657e-5,0.0007597496324684982,6.778642333450657e-5,0.0007597496324684982,-0.07493221357666587,-0.879240250367541,-0.07500000000000037,-0.8800000000000096,0.0,0.0,Vmag_get_voltage_magnitude_series__angle_get_voltage_angle_series,true,Unknown,Ybus EMT reconstruction using exact complex bus-voltage phasors when available; otherwise diagnostic fallback
5.06,6.777871362813326e-5,0.0007596591174727774,6.777871362813326e-5,0.0007596591174727774,6.777871362813326e-5,0.0007596591174727774,-0.07493222128637224,-0.8792403408825368,-0.07500000000000037,-0.8800000000000096,0.0,0.0,Vmag_get_voltage_magnitude_series__angle_get_voltage_angle_series,true,Unknown,Ybus EMT reconstruction using exact complex bus-voltage phasors when available; otherwise diagnostic fallback
5.07,6.7770895751329e-5,0.0007595673325663244,6.7770895751329e-5,0.0007595673325663244,6.7770895751329e-5,0.0007595673325663244,-0.07493222910424904,-0.8792404326674432,-0.07500000000000037,-0.8800000000000096,0.0,0.0,Vmag_get_voltage_magnitude_series__angle_get_voltage_angle_series,true,Unknown,Ybus EMT reconstruction using exact complex bus-voltage phasors when available; otherwise diagnostic fallback
5.08,6.776297127811248e-5,0.0007594742962409029,6.776297127811248e-5,0.0007594742962409029,6.776297127811248e-5,0.0007594742962409029,-0.07493223702872226,-0.8792405257037686,-0.07500000000000037,-0.8800000000000096,0.0,0.0,Vmag_get_voltage_magnitude_series__angle_get_voltage_angle_series,true,Unknown,Ybus EMT reconstruction using exact complex bus-voltage phasors when available; otherwise diagnostic fallback
5.09,6.77549417928136e-5,0.0007593800271018525,6.77549417928136e-5,0.0007593800271018525,6.77549417928136e-5,0.0007593800271018525,-0.07493224505820756,-0.8792406199729077,-0.07500000000000037,-0.8800000000000096,0.0,0.0,Vmag_get_voltage_magnitude_series__angle_get_voltage_angle_series,true,Unknown,Ybus EMT reconstruction using exact complex bus-voltage phasors when available; otherwise diagnostic fallback
5.1,6.774680888145534e-5,0.0007592845437655038,6.774680888145534e-5,0.0007592845437655038,6.774680888145534e-5,0.0007592845437655038,-0.07493225319111892,-0.879240715456244,-0.07500000000000037,-0.8800000000000096,0.0,0.0,Vmag_get_voltage_magnitude_series__angle_get_voltage_angle_series,true,Unknown,Ybus EMT reconstruction using exact complex bus-voltage phasors when available; otherwise diagnostic fallback
5.11,6.77385741361114e-5,0.0007591878648995909,6.77385741361114e-5,0.0007591878648995909,6.77385741361114e-5,0.0007591878648995909,-0.07493226142586426,-0.87924081213511,-0.07500000000000037,-0.8800000000000096,0.0,0.0,Vmag_get_voltage_magnitude_series__angle_get_voltage_angle_series,true,Unknown,Ybus EMT reconstruction using exact complex bus-voltage phasors when available; otherwise diagnostic fallback
5.12,6.773023914929954e-5,0.0007590900092157016,6.773023914929954e-5,0.0007590900092157016,6.773023914929954e-5,0.0007590900092157016,-0.07493226976085107,-0.8792409099907939,-0.07500000000000037,-0.8800000000000096,0.0,0.0,Vmag_get_voltage_magnitude_series__angle_get_voltage_angle_series,true,Unknown,Ybus EMT reconstruction using exact complex bus-voltage phasors when available; otherwise diagnostic fallback
5.13,6.772180551417595e-5,0.0007589909954129892,6.772180551417595e-5,0.0007589909954129892,6.772180551417595e-5,0.0007589909954129892,-0.0749322781944862,-0.8792410090045966,-0.07500000000000037,-0.8800000000000096,0.0,0.0,Vmag_get_voltage_magnitude_series__angle_get_voltage_angle_series,true,Unknown,Ybus EMT reconstruction using exact complex bus-voltage phasors when available; otherwise diagnostic fallback
5.14,6.77132748268805e-5,0.0007588908422528906,6.77132748268805e-5,0.0007588908422528906,6.77132748268805e-5,0.0007588908422528906,-0.07493228672517349,-0.8792411091577567,-0.07500000000000037,-0.8800000000000096,0.0,0.0,Vmag_get_voltage_magnitude_series__angle_get_voltage_angle_series,true,Unknown,Ybus EMT reconstruction using exact complex bus-voltage phasors when available; otherwise diagnostic fallback
5.15,6.770464867819626e-5,0.0007587895683860424,6.770464867819626e-5,0.0007587895683860424,6.770464867819626e-5,0.0007587895683860424,-0.07493229535132218,-0.8792412104316235,-0.07500000000000037,-0.8800000000000096,0.0,0.0,Vmag_get_voltage_magnitude_series__angle_get_voltage_angle_series,true,Unknown,Ybus EMT reconstruction using exact complex bus-voltage phasors when available; otherwise diagnostic fallback
5.16,6.769592866012752e-5,0.0007586871925097105,6.769592866012752e-5,0.0007586871925097105,6.769592866012752e-5,0.0007586871925097105,-0.07493230407134024,-0.8792413128074998,-0.07500000000000037,-0.8800000000000096,0.0,0.0,Vmag_get_voltage_magnitude_series__angle_get_voltage_angle_series,true,Unknown,Ybus EMT reconstruction using exact complex bus-voltage phasors when available; otherwise diagnostic fallback
5.17,6.768711636238878e-5,0.0007585837332684253,6.768711636238878e-5,0.0007585837332684253,6.768711636238878e-5,0.0007585837332684253,-0.07493231288363798,-0.8792414162667411,-0.07500000000000037,-0.8800000000000096,0.0,0.0,Vmag_get_voltage_magnitude_series__angle_get_voltage_angle_series,true,Unknown,Ybus EMT reconstruction using exact complex bus-voltage phasors when available; otherwise diagnostic fallback
5.18,6.767821336803315e-5,0.0007584792092506509,6.767821336803315e-5,0.0007584792092506509,6.767821336803315e-5,0.0007584792092506509,-0.07493232178663234,-0.8792415207907589,-0.07500000000000037,-0.8800000000000096,0.0,0.0,Vmag_get_voltage_magnitude_series__angle_get_voltage_angle_series,true,Unknown,Ybus EMT reconstruction using exact complex bus-voltage phasors when available; otherwise diagnostic fallback
5.19,6.766922125814312e-5,0.000758373639047627,6.766922125814312e-5,0.000758373639047627,6.766922125814312e-5,0.000758373639047627,-0.07493233077874223,-0.8792416263609619,-0.07500000000000037,-0.8800000000000096,0.0,0.0,Vmag_get_voltage_magnitude_series__angle_get_voltage_angle_series,true,Unknown,Ybus EMT reconstruction using exact complex bus-voltage phasors when available; otherwise diagnostic fallback
5.2,6.766014160827782e-5,0.0007582670411097059,6.766014160827782e-5,0.0007582670411097059,6.766014160827782e-5,0.0007582670411097059,-0.0749323398583921,-0.8792417329588998,-0.07500000000000037,-0.8800000000000096,0.0,0.0,Vmag_get_voltage_magnitude_series__angle_get_voltage_angle_series,true,Unknown,Ybus EMT reconstruction using exact complex bus-voltage phasors when available; otherwise diagnostic fallback
5.21,6.765097598884773e-5,0.0007581594338899045,6.765097598884773e-5,0.0007581594338899045,6.765097598884773e-5,0.0007581594338899045,-0.07493234902401152,-0.8792418405661196,-0.07500000000000037,-0.8800000000000096,0.0,0.0,Vmag_get_voltage_magnitude_series__angle_get_voltage_angle_series,true,Unknown,Ybus EMT reconstruction using exact complex bus-voltage phasors when available; otherwise diagnostic fallback
5.22,6.764172596240847e-5,0.0007580508357476479,6.764172596240847e-5,0.0007580508357476479,6.764172596240847e-5,0.0007580508357476479,-0.07493235827403796,-0.8792419491642619,-0.07500000000000037,-0.8800000000000096,0.0,0.0,Vmag_get_voltage_magnitude_series__angle_get_voltage_angle_series,true,Unknown,Ybus EMT reconstruction using exact complex bus-voltage phasors when available; otherwise diagnostic fallback
5.23,6.763239308353597e-5,0.0007579412649139083,6.763239308353597e-5,0.0007579412649139083,6.763239308353597e-5,0.0007579412649139083,-0.07493236760691684,-0.8792420587350956,-0.07500000000000037,-0.8800000000000096,0.0,0.0,Vmag_get_voltage_magnitude_series__angle_get_voltage_angle_series,true,Unknown,Ybus EMT reconstruction using exact complex bus-voltage phasors when available; otherwise diagnostic fallback
5.24,6.76229789035171e-5,0.0007578307396018946,6.76229789035171e-5,0.0007578307396018946,6.76229789035171e-5,0.0007578307396018946,-0.07493237702109685,-0.8792421692604077,-0.07500000000000037,-0.8800000000000096,0.0,0.0,Vmag_get_voltage_magnitude_series__angle_get_voltage_angle_series,true,Unknown,Ybus EMT reconstruction using exact complex bus-voltage phasors when available; otherwise diagnostic fallback
5.25,6.761348496342467e-5,0.0007577192778951414,6.761348496342467e-5,0.0007577192778951414,6.761348496342467e-5,0.0007577192778951414,-0.07493238651503695,-0.8792422807221144,-0.07500000000000037,-0.8800000000000096,0.0,0.0,Vmag_get_voltage_magnitude_series__angle_get_voltage_angle_series,true,Unknown,Ybus EMT reconstruction using exact complex bus-voltage phasors when available; otherwise diagnostic fallback
5.26,6.76039127943534e-5,0.0007576068977833694,6.76039127943534e-5,0.0007576068977833694,6.76039127943534e-5,0.0007576068977833694,-0.07493239608720602,-0.8792423931022262,-0.07500000000000037,-0.8800000000000096,0.0,0.0,Vmag_get_voltage_magnitude_series__angle_get_voltage_angle_series,true,Unknown,Ybus EMT reconstruction using exact complex bus-voltage phasors when available; otherwise diagnostic fallback
5.27,6.759426392168033e-5,0.0007574936171292901,6.759426392168033e-5,0.0007574936171292901,6.759426392168033e-5,0.0007574936171292901,-0.07493240573607869,-0.8792425063828803,-0.07500000000000037,-0.8800000000000096,0.0,0.0,Vmag_get_voltage_magnitude_series__angle_get_voltage_angle_series,true,Unknown,Ybus EMT reconstruction using exact complex bus-voltage phasors when available; otherwise diagnostic fallback
5.28,6.75845398606656e-5,0.0007573794538012768,6.75845398606656e-5,0.0007573794538012768,6.75845398606656e-5,0.0007573794538012768,-0.0749324154601397,-0.8792426205462083,-0.07500000000000037,-0.8800000000000096,0.0,0.0,Vmag_get_voltage_magnitude_series__angle_get_voltage_angle_series,true,Unknown,Ybus EMT reconstruction using exact complex bus-voltage phasors when available; otherwise diagnostic fallback
5.29,6.757474211911696e-5,0.0007572644254151273,6.757474211911696e-5,0.0007572644254151273,6.757474211911696e-5,0.0007572644254151273,-0.07493242525788125,-0.8792427355745944,-0.07500000000000037,-0.8800000000000096,0.0,0.0,Vmag_get_voltage_magnitude_series__angle_get_voltage_angle_series,true,Unknown,Ybus EMT reconstruction using exact complex bus-voltage phasors when available; otherwise diagnostic fallback
5.3,6.75648721912836e-5,0.0007571485495728725,6.75648721912836e-5,0.0007571485495728725,6.75648721912836e-5,0.0007571485495728725,-0.07493243512780909,-0.8792428514504367,-0.07500000000000037,-0.8800000000000096,0.0,0.0,Vmag_get_voltage_magnitude_series__angle_get_voltage_angle_series,true,Unknown,Ybus EMT reconstruction using exact complex bus-voltage phasors when available; otherwise diagnostic fallback
5.31,6.75549315662799e-5,0.0007570318437173373,6.75549315662799e-5,0.0007570318437173373,6.75549315662799e-5,0.0007570318437173373,-0.07493244506843409,-0.8792429681562922,-0.07500000000000037,-0.8800000000000096,0.0,0.0,Vmag_get_voltage_magnitude_series__angle_get_voltage_angle_series,true,Unknown,Ybus EMT reconstruction using exact complex bus-voltage phasors when available; otherwise diagnostic fallback
5.32,6.754492172285353e-5,0.0007569143252181831,6.754492172285353e-5,0.0007569143252181831,6.754492172285353e-5,0.0007569143252181831,-0.07493245507827752,-0.8792430856747914,-0.07500000000000037,-0.8800000000000096,0.0,0.0,Vmag_get_voltage_magnitude_series__angle_get_voltage_angle_series,true,Unknown,Ybus EMT reconstruction using exact complex bus-voltage phasors when available; otherwise diagnostic fallback
5.33,6.75348441291912e-5,0.0007567960113131766,6.75348441291912e-5,0.0007567960113131766,6.75348441291912e-5,0.0007567960113131766,-0.07493246515587118,-0.8792432039886964,-0.07500000000000037,-0.8800000000000096,0.0,0.0,Vmag_get_voltage_magnitude_series__angle_get_voltage_angle_series,true,Unknown,Ybus EMT reconstruction using exact complex bus-voltage phasors when available; otherwise diagnostic fallback
5.34,6.752470024255774e-5,0.0007566769191260647,6.752470024255774e-5,0.0007566769191260647,6.752470024255774e-5,0.0007566769191260647,-0.07493247529975781,-0.8792433230808835,-0.07500000000000037,-0.8800000000000096,0.0,0.0,Vmag_get_voltage_magnitude_series__angle_get_voltage_angle_series,true,Unknown,Ybus EMT reconstruction using exact complex bus-voltage phasors when available; otherwise diagnostic fallback
5.35,6.751449151265465e-5,0.0007565570656324905,6.751449151265465e-5,0.0007565570656324905,6.751449151265465e-5,0.0007565570656324905,-0.07493248550848772,-0.8792434429343771,-0.07500000000000037,-0.8800000000000096,0.0,0.0,Vmag_get_voltage_magnitude_series__angle_get_voltage_angle_series,true,Unknown,Ybus EMT reconstruction using exact complex bus-voltage phasors when available; otherwise diagnostic fallback
5.36,6.750421938048201e-5,0.0007564364677817847,6.750421938048201e-5,0.0007564364677817847,6.750421938048201e-5,0.0007564364677817847,-0.07493249578061989,-0.8792435635322278,-0.07500000000000037,-0.8800000000000096,0.0,0.0,Vmag_get_voltage_magnitude_series__angle_get_voltage_angle_series,true,Unknown,Ybus EMT reconstruction using exact complex bus-voltage phasors when available; otherwise diagnostic fallback
5.37,6.749388527348132e-5,0.0007563151423138903,6.749388527348132e-5,0.0007563151423138903,6.749388527348132e-5,0.0007563151423138903,-0.07493250611472689,-0.8792436848576957,-0.07500000000000037,-0.8800000000000096,0.0,0.0,Vmag_get_voltage_magnitude_series__angle_get_voltage_angle_series,true,Unknown,Ybus EMT reconstruction using exact complex bus-voltage phasors when available; otherwise diagnostic fallback
5.38,6.748349061207193e-5,0.0007561931059418825,6.748349061207193e-5,0.0007561931059418825,6.748349061207193e-5,0.0007561931059418825,-0.0749325165093883,-0.8792438068940677,-0.07500000000000037,-0.8800000000000096,0.0,0.0,Vmag_get_voltage_magnitude_series__angle_get_voltage_angle_series,true,Unknown,Ybus EMT reconstruction using exact complex bus-voltage phasors when available; otherwise diagnostic fallback
5.39,6.74730368072779e-5,0.0007560703751647857,6.74730368072779e-5,0.0007560703751647857,6.74730368072779e-5,0.0007560703751647857,-0.0749325269631931,-0.8792439296248448,-0.07500000000000037,-0.8800000000000096,0.0,0.0,Vmag_get_voltage_magnitude_series__angle_get_voltage_angle_series,true,Unknown,Ybus EMT reconstruction using exact complex bus-voltage phasors when available; otherwise diagnostic fallback
5.4,6.746252525827168e-5,0.0007559469664560892,6.746252525827168e-5,0.0007559469664560892,6.746252525827168e-5,0.0007559469664560892,-0.0749325374747421,-0.8792440530335535,-0.07500000000000037,-0.8800000000000096,0.0,0.0,Vmag_get_voltage_magnitude_series__angle_get_voltage_angle_series,true,Unknown,Ybus EMT reconstruction using exact complex bus-voltage phasors when available; otherwise diagnostic fallback
5.41,6.745195735902154e-5,0.0007558228961761504,6.745195735902154e-5,0.0007558228961761504,6.745195735902154e-5,0.0007558228961761504,-0.07493254804264135,-0.8792441771038334,-0.07500000000000037,-0.8800000000000096,0.0,0.0,Vmag_get_voltage_magnitude_series__angle_get_voltage_angle_series,true,Unknown,Ybus EMT reconstruction using exact complex bus-voltage phasors when available; otherwise diagnostic fallback
5.42,6.744133448824408e-5,0.0007556981805094676,6.744133448824408e-5,0.0007556981805094676,6.744133448824408e-5,0.0007556981805094676,-0.07493255866551213,-0.8792443018195001,-0.07500000000000037,-0.8800000000000096,0.0,0.0,Vmag_get_voltage_magnitude_series__angle_get_voltage_angle_series,true,Unknown,Ybus EMT reconstruction using exact complex bus-voltage phasors when available; otherwise diagnostic fallback
5.43,6.743065802149173e-5,0.0007555728355829183,6.743065802149173e-5,0.0007555728355829183,6.743065802149173e-5,0.0007555728355829183,-0.07493256934197888,-0.8792444271644266,-0.07500000000000037,-0.8800000000000096,0.0,0.0,Vmag_get_voltage_magnitude_series__angle_get_voltage_angle_series,true,Unknown,Ybus EMT reconstruction using exact complex bus-voltage phasors when available; otherwise diagnostic fallback
5.44,6.741992932157714e-5,0.0007554468774170209,6.741992932157714e-5,0.0007554468774170209,6.741992932157714e-5,0.0007554468774170209,-0.0749325800706788,-0.8792445531225925,-0.07500000000000037,-0.8800000000000096,0.0,0.0,Vmag_get_voltage_magnitude_series__angle_get_voltage_angle_series,true,Unknown,Ybus EMT reconstruction using exact complex bus-voltage phasors when available; otherwise diagnostic fallback
5.45,6.740914974223688e-5,0.0007553203219280435,6.740914974223688e-5,0.0007553203219280435,6.740914974223688e-5,0.0007553203219280435,-0.07493259085025814,-0.8792446796780815,-0.07500000000000037,-0.8800000000000096,0.0,0.0,Vmag_get_voltage_magnitude_series__angle_get_voltage_angle_series,true,Unknown,Ybus EMT reconstruction using exact complex bus-voltage phasors when available; otherwise diagnostic fallback
5.46,6.739832063186457e-5,0.0007551931848864823,6.739832063186457e-5,0.0007551931848864823,6.739832063186457e-5,0.0007551931848864823,-0.07493260167936851,-0.8792448068151231,-0.07500000000000037,-0.8800000000000096,0.0,0.0,Vmag_get_voltage_magnitude_series__angle_get_voltage_angle_series,true,Unknown,Ybus EMT reconstruction using exact complex bus-voltage phasors when available; otherwise diagnostic fallback
5.47,6.738744332474012e-5,0.0007550654820128733,6.738744332474012e-5,0.0007550654820128733,6.738744332474012e-5,0.0007550654820128733,-0.07493261255667563,-0.8792449345179967,-0.07500000000000037,-0.8800000000000096,0.0,0.0,Vmag_get_voltage_magnitude_series__angle_get_voltage_angle_series,true,Unknown,Ybus EMT reconstruction using exact complex bus-voltage phasors when available; otherwise diagnostic fallback
5.48,6.737651915199316e-5,0.0007549372288799816,6.737651915199316e-5,0.0007549372288799816,6.737651915199316e-5,0.0007549372288799816,-0.07493262348084838,-0.8792450627711296,-0.07500000000000037,-0.8800000000000096,0.0,0.0,Vmag_get_voltage_magnitude_series__angle_get_voltage_angle_series,true,Unknown,Ybus EMT reconstruction using exact complex bus-voltage phasors when available; otherwise diagnostic fallback
5.49,6.736554943234663e-5,0.0007548084410240463,6.736554943234663e-5,0.0007548084410240463,6.736554943234663e-5,0.0007548084410240463,-0.07493263445056803,-0.8792451915589855,-0.07500000000000037,-0.8800000000000096,0.0,0.0,Vmag_get_voltage_magnitude_series__angle_get_voltage_angle_series,true,Unknown,Ybus EMT reconstruction using exact complex bus-voltage phasors when available; otherwise diagnostic fallback
5.5,6.735453547862535e-5,0.0007546791338168823,6.735453547862535e-5,0.0007546791338168823,6.735453547862535e-5,0.0007546791338168823,-0.07493264546452175,-0.8792453208661927,-0.07500000000000037,-0.8800000000000096,0.0,0.0,Vmag_get_voltage_magnitude_series__angle_get_voltage_angle_series,true,Unknown,Ybus EMT reconstruction using exact complex bus-voltage phasors when available; otherwise diagnostic fallback
5.51,6.734347859407852e-5,0.0007545493225894484,6.734347859407852e-5,0.0007545493225894484,6.734347859407852e-5,0.0007545493225894484,-0.0749326565214063,-0.8792454506774201,-0.07500000000000037,-0.8800000000000096,0.0,0.0,Vmag_get_voltage_magnitude_series__angle_get_voltage_angle_series,true,Unknown,Ybus EMT reconstruction using exact complex bus-voltage phasors when available; otherwise diagnostic fallback
5.52,6.733238007425313e-5,0.0007544190225486913,6.733238007425313e-5,0.0007544190225486913,6.733238007425313e-5,0.0007544190225486913,-0.07493266761992612,-0.8792455809774609,-0.07500000000000037,-0.8800000000000096,0.0,0.0,Vmag_get_voltage_magnitude_series__angle_get_voltage_angle_series,true,Unknown,Ybus EMT reconstruction using exact complex bus-voltage phasors when available; otherwise diagnostic fallback
5.53,6.7321241208812e-5,0.0007542882488154046,6.7321241208812e-5,0.0007542882488154046,6.7321241208812e-5,0.0007542882488154046,-0.07493267875879156,-0.8792457117511941,-0.07500000000000037,-0.8800000000000096,0.0,0.0,Vmag_get_voltage_magnitude_series__angle_get_voltage_angle_series,true,Unknown,Ybus EMT reconstruction using exact complex bus-voltage phasors when available; otherwise diagnostic fallback
5.54,6.731006327503897e-5,0.0007541570164042444,6.731006327503897e-5,0.0007541570164042444,6.731006327503897e-5,0.0007541570164042444,-0.07493268993672533,-0.8792458429836053,-0.07500000000000037,-0.8800000000000096,0.0,0.0,Vmag_get_voltage_magnitude_series__angle_get_voltage_angle_series,true,Unknown,Ybus EMT reconstruction using exact complex bus-voltage phasors when available; otherwise diagnostic fallback
5.55,6.729884754649862e-5,0.0007540253402784636,6.729884754649862e-5,0.0007540253402784636,6.729884754649862e-5,0.0007540253402784636,-0.07493270115245387,-0.8792459746597311,-0.07500000000000037,-0.8800000000000096,0.0,0.0,Vmag_get_voltage_magnitude_series__angle_get_voltage_angle_series,true,Unknown,Ybus EMT reconstruction using exact complex bus-voltage phasors when available; otherwise diagnostic fallback
5.56,6.728759528665251e-5,0.000753893235246994,6.728759528665251e-5,0.000753893235246994,6.728759528665251e-5,0.000753893235246994,-0.07493271240471372,-0.8792461067647626,-0.07500000000000037,-0.8800000000000096,0.0,0.0,Vmag_get_voltage_magnitude_series__angle_get_voltage_angle_series,true,Unknown,Ybus EMT reconstruction using exact complex bus-voltage phasors when available; otherwise diagnostic fallback
5.57,6.727630775489601e-5,0.0007537607161145488,6.727630775489601e-5,0.0007537607161145488,6.727630775489601e-5,0.0007537607161145488,-0.07493272369224548,-0.879246239283895,-0.07500000000000037,-0.8800000000000096,0.0,0.0,Vmag_get_voltage_magnitude_series__angle_get_voltage_angle_series,true,Unknown,Ybus EMT reconstruction using exact complex bus-voltage phasors when available; otherwise diagnostic fallback
5.58,6.726498619964716e-5,0.0007536277975145333,6.726498619964716e-5,0.0007536277975145333,6.726498619964716e-5,0.0007536277975145333,-0.07493273501380072,-0.879246372202495,-0.07500000000000037,-0.8800000000000096,0.0,0.0,Vmag_get_voltage_magnitude_series__angle_get_voltage_angle_series,true,Unknown,Ybus EMT reconstruction using exact complex bus-voltage phasors when available; otherwise diagnostic fallback
5.59,6.725363186411981e-5,0.000753494494078244,6.725363186411981e-5,0.000753494494078244,6.725363186411981e-5,0.000753494494078244,-0.07493274636813625,-0.8792465055059313,-0.07500000000000037,-0.8800000000000096,0.0,0.0,Vmag_get_voltage_magnitude_series__angle_get_voltage_angle_series,true,Unknown,Ybus EMT reconstruction using exact complex bus-voltage phasors when available; otherwise diagnostic fallback
5.6,6.724224598075867e-5,0.0007533608202375808,6.724224598075867e-5,0.0007533608202375808,6.724224598075867e-5,0.0007533608202375808,-0.07493275775401961,-0.879246639179772,-0.07500000000000037,-0.8800000000000096,0.0,0.0,Vmag_get_voltage_magnitude_series__angle_get_voltage_angle_series,true,Unknown,Ybus EMT reconstruction using exact complex bus-voltage phasors when available; otherwise diagnostic fallback
5.61,6.723082978020434e-5,0.0007532267904692969,6.723082978020434e-5,0.0007532267904692969,6.723082978020434e-5,0.0007532267904692969,-0.07493276917022017,-0.8792467732095403,-0.07500000000000037,-0.8800000000000096,0.0,0.0,Vmag_get_voltage_magnitude_series__angle_get_voltage_angle_series,true,Unknown,Ybus EMT reconstruction using exact complex bus-voltage phasors when available; otherwise diagnostic fallback
5.62,6.721938448268905e-5,0.0007530924191101462,6.721938448268905e-5,0.0007530924191101462,6.721938448268905e-5,0.0007530924191101462,-0.07493278061551768,-0.8792469075808994,-0.07500000000000037,-0.8800000000000096,0.0,0.0,Vmag_get_voltage_magnitude_series__angle_get_voltage_angle_series,true,Unknown,Ybus EMT reconstruction using exact complex bus-voltage phasors when available; otherwise diagnostic fallback
5.63,6.720791129957715e-5,0.000752957720357772,6.720791129957715e-5,0.000752957720357772,6.720791129957715e-5,0.000752957720357772,-0.0749327920887008,-0.8792470422796518,-0.07500000000000037,-0.8800000000000096,0.0,0.0,Vmag_get_voltage_magnitude_series__angle_get_voltage_angle_series,true,Unknown,Ybus EMT reconstruction using exact complex bus-voltage phasors when available; otherwise diagnostic fallback
5.64,6.719641144024846e-5,0.0007528227084078187,6.719641144024846e-5,0.0007528227084078187,6.719641144024846e-5,0.0007528227084078187,-0.07493280358856012,-0.8792471772916017,-0.07500000000000037,-0.8800000000000096,0.0,0.0,Vmag_get_voltage_magnitude_series__angle_get_voltage_angle_series,true,Unknown,Ybus EMT reconstruction using exact complex bus-voltage phasors when available; otherwise diagnostic fallback
5.65,6.71848861028973e-5,0.0007526873973545678,6.71848861028973e-5,0.0007526873973545678,6.71848861028973e-5,0.0007526873973545678,-0.07493281511389747,-0.879247312602655,-0.07500000000000037,-0.8800000000000096,0.0,0.0,Vmag_get_voltage_magnitude_series__angle_get_voltage_angle_series,true,Unknown,Ybus EMT reconstruction using exact complex bus-voltage phasors when available; otherwise diagnostic fallback
5.66,6.717333647676682e-5,0.000752551801155743,6.717333647676682e-5,0.000752551801155743,6.717333647676682e-5,0.000752551801155743,-0.0749328266635236,-0.8792474481988538,-0.07500000000000037,-0.8800000000000096,0.0,0.0,Vmag_get_voltage_magnitude_series__angle_get_voltage_angle_series,true,Unknown,Ybus EMT reconstruction using exact complex bus-voltage phasors when available; otherwise diagnostic fallback
5.67,6.716176375212712e-5,0.0007524159337726211,6.716176375212712e-5,0.0007524159337726211,6.716176375212712e-5,0.0007524159337726211,-0.07493283823624824,-0.8792475840662369,-0.07500000000000037,-0.8800000000000096,0.0,0.0,Vmag_get_voltage_magnitude_series__angle_get_voltage_angle_series,true,Unknown,Ybus EMT reconstruction using exact complex bus-voltage phasors when available; otherwise diagnostic fallback
5.68,6.71501691042048e-5,0.0007522798090059402,6.71501691042048e-5,0.0007522798090059402,6.71501691042048e-5,0.0007522798090059402,-0.07493284983089617,-0.8792477201910036,-0.07500000000000037,-0.8800000000000096,0.0,0.0,Vmag_get_voltage_magnitude_series__angle_get_voltage_angle_series,true,Unknown,Ybus EMT reconstruction using exact complex bus-voltage phasors when available; otherwise diagnostic fallback
5.69,6.713855370456268e-5,0.0007521434406192462,6.713855370456268e-5,0.0007521434406192462,6.713855370456268e-5,0.0007521434406192462,-0.07493286144629581,-0.8792478565593903,-0.07500000000000037,-0.8800000000000096,0.0,0.0,Vmag_get_voltage_magnitude_series__angle_get_voltage_angle_series,true,Unknown,Ybus EMT reconstruction using exact complex bus-voltage phasors when available; otherwise diagnostic fallback
5.7,6.712691871811616e-5,0.0007520068423070292,6.712691871811616e-5,0.0007520068423070292,6.712691871811616e-5,0.0007520068423070292,-0.07493287308128226,-0.8792479931577025,-0.07500000000000037,-0.8800000000000096,0.0,0.0,Vmag_get_voltage_magnitude_series__angle_get_voltage_angle_series,true,Unknown,Ybus EMT reconstruction using exact complex bus-voltage phasors when available; otherwise diagnostic fallback
5.71,6.711526530070455e-5,0.0007518700276020196,6.711526530070455e-5,0.0007518700276020196,6.711526530070455e-5,0.0007518700276020196,-0.07493288473469967,-0.8792481299724075,-0.07500000000000037,-0.8800000000000096,0.0,0.0,Vmag_get_voltage_magnitude_series__angle_get_voltage_angle_series,true,Unknown,Ybus EMT reconstruction using exact complex bus-voltage phasors when available; otherwise diagnostic fallback
5.72,6.710359460417037e-5,0.0007517330100348385,6.710359460417037e-5,0.0007517330100348385,6.710359460417037e-5,0.0007517330100348385,-0.0749328964053962,-0.8792482669899747,-0.07500000000000037,-0.8800000000000096,0.0,0.0,Vmag_get_voltage_magnitude_series__angle_get_voltage_angle_series,true,Unknown,Ybus EMT reconstruction using exact complex bus-voltage phasors when available; otherwise diagnostic fallback
5.73,6.709190776771345e-5,0.0007515958030154257,6.709190776771345e-5,0.0007515958030154257,6.709190776771345e-5,0.0007515958030154257,-0.07493290809223266,-0.8792484041969941,-0.07500000000000037,-0.8800000000000096,0.0,0.0,Vmag_get_voltage_magnitude_series__angle_get_voltage_angle_series,true,Unknown,Ybus EMT reconstruction using exact complex bus-voltage phasors when available; otherwise diagnostic fallback
5.74,6.708020593020059e-5,0.0007514584198831109,6.708020593020059e-5,0.0007514584198831109,6.708020593020059e-5,0.0007514584198831109,-0.07493291979407017,-0.8792485415801264,-0.07500000000000037,-0.8800000000000096,0.0,0.0,Vmag_get_voltage_magnitude_series__angle_get_voltage_angle_series,true,Unknown,Ybus EMT reconstruction using exact complex bus-voltage phasors when available; otherwise diagnostic fallback
5.75,6.706849021885508e-5,0.0007513208738755273,6.706849021885508e-5,0.0007513208738755273,6.706849021885508e-5,0.0007513208738755273,-0.07493293150978152,-0.879248679126134,-0.07500000000000037,-0.8800000000000096,0.0,0.0,Vmag_get_voltage_magnitude_series__angle_get_voltage_angle_series,true,Unknown,Ybus EMT reconstruction using exact complex bus-voltage phasors when available; otherwise diagnostic fallback
5.76,6.705676175337849e-5,0.0007511831781630285,6.705676175337849e-5,0.0007511831781630285,6.705676175337849e-5,0.0007511831781630285,-0.074932943238247,-0.8792488168218465,-0.07500000000000037,-0.8800000000000096,0.0,0.0,Vmag_get_voltage_magnitude_series__angle_get_voltage_angle_series,true,Unknown,Ybus EMT reconstruction using exact complex bus-voltage phasors when available; otherwise diagnostic fallback
5.77,6.704502164940618e-5,0.0007510453458267063,6.704502164940618e-5,0.0007510453458267063,6.704502164940618e-5,0.0007510453458267063,-0.07493295497835097,-0.8792489546541828,-0.07500000000000037,-0.8800000000000096,0.0,0.0,Vmag_get_voltage_magnitude_series__angle_get_voltage_angle_series,true,Unknown,Ybus EMT reconstruction using exact complex bus-voltage phasors when available; otherwise diagnostic fallback
5.78,6.703327101134637e-5,0.0007509073898147589,6.703327101134637e-5,0.0007509073898147589,6.703327101134637e-5,0.0007509073898147589,-0.07493296672898903,-0.8792490926101948,-0.07500000000000037,-0.8800000000000096,0.0,0.0,Vmag_get_voltage_magnitude_series__angle_get_voltage_angle_series,true,Unknown,Ybus EMT reconstruction using exact complex bus-voltage phasors when available; otherwise diagnostic fallback
5.79,6.702151093959663e-5,0.0007507693230772716,6.702151093959663e-5,0.0007507693230772716,6.702151093959663e-5,0.0007507693230772716,-0.07493297848906078,-0.8792492306769323,-0.07500000000000037,-0.8800000000000096,0.0,0.0,Vmag_get_voltage_magnitude_series__angle_get_voltage_angle_series,true,Unknown,Ybus EMT reconstruction using exact complex bus-voltage phasors when available; otherwise diagnostic fallback
5.8,6.700974252475678e-5,0.0007506311583949099,6.700974252475678e-5,0.0007506311583949099,6.700974252475678e-5,0.0007506311583949099,-0.07493299025747562,-0.8792493688416146,-0.07500000000000037,-0.8800000000000096,0.0,0.0,Vmag_get_voltage_magnitude_series__angle_get_voltage_angle_series,true,Unknown,Ybus EMT reconstruction using exact complex bus-voltage phasors when available; otherwise diagnostic fallback
5.81,6.699796684911385e-5,0.000750492908502709,6.699796684911385e-5,0.000750492908502709,6.699796684911385e-5,0.000750492908502709,-0.07493300203315126,-0.8792495070915068,-0.07500000000000037,-0.8800000000000096,0.0,0.0,Vmag_get_voltage_magnitude_series__angle_get_voltage_angle_series,true,Unknown,Ybus EMT reconstruction using exact complex bus-voltage phasors when available; otherwise diagnostic fallback
5.82,6.698618499004216e-5,0.0007503545860293448,6.698618499004216e-5,0.0007503545860293448,6.698618499004216e-5,0.0007503545860293448,-0.07493301381501033,-0.8792496454139802,-0.07500000000000037,-0.8800000000000096,0.0,0.0,Vmag_get_voltage_magnitude_series__angle_get_voltage_angle_series,true,Unknown,Ybus EMT reconstruction using exact complex bus-voltage phasors when available; otherwise diagnostic fallback
5.83,6.697439801497951e-5,0.0007502162035111226,6.697439801497951e-5,0.0007502162035111226,6.697439801497951e-5,0.0007502162035111226,-0.07493302560198539,-0.8792497837964984,-0.07500000000000037,-0.8800000000000096,0.0,0.0,Vmag_get_voltage_magnitude_series__angle_get_voltage_angle_series,true,Unknown,Ybus EMT reconstruction using exact complex bus-voltage phasors when available; otherwise diagnostic fallback
5.84,6.696260698219048e-5,0.0007500777733712161,6.696260698219048e-5,0.0007500777733712161,6.696260698219048e-5,0.0007500777733712161,-0.07493303739301818,-0.8792499222266383,-0.07500000000000037,-0.8800000000000096,0.0,0.0,Vmag_get_voltage_magnitude_series__angle_get_voltage_angle_series,true,Unknown,Ybus EMT reconstruction using exact complex bus-voltage phasors when available; otherwise diagnostic fallback
5.85,6.695081294758043e-5,0.0007499393080075967,6.695081294758043e-5,0.0007499393080075967,6.695081294758043e-5,0.0007499393080075967,-0.07493304918705279,-0.879250060692002,-0.07500000000000037,-0.8800000000000096,0.0,0.0,Vmag_get_voltage_magnitude_series__angle_get_voltage_angle_series,true,Unknown,Ybus EMT reconstruction using exact complex bus-voltage phasors when available; otherwise diagnostic fallback
5.86,6.693901695094262e-5,0.0007498008196256123,6.693901695094262e-5,0.0007498008196256123,6.693901695094262e-5,0.0007498008196256123,-0.07493306098304943,-0.8792501991803839,-0.07500000000000037,-0.8800000000000096,0.0,0.0,Vmag_get_voltage_magnitude_series__angle_get_voltage_angle_series,true,Unknown,Ybus EMT reconstruction using exact complex bus-voltage phasors when available; otherwise diagnostic fallback
5.87,6.692722003093232e-5,0.0007496623204401587,6.692722003093232e-5,0.0007496623204401587,6.692722003093232e-5,0.0007496623204401587,-0.07493307277996944,-0.8792503376795694,-0.07500000000000037,-0.8800000000000096,0.0,0.0,Vmag_get_voltage_magnitude_series__angle_get_voltage_angle_series,true,Unknown,Ybus EMT reconstruction using exact complex bus-voltage phasors when available; otherwise diagnostic fallback
5.88,6.691542321290989e-5,0.0007495238224453082,6.691542321290989e-5,0.0007495238224453082,6.691542321290989e-5,0.0007495238224453082,-0.07493308457678746,-0.8792504761775642,-0.07500000000000037,-0.8800000000000096,0.0,0.0,Vmag_get_voltage_magnitude_series__angle_get_voltage_angle_series,true,Unknown,Ybus EMT reconstruction using exact complex bus-voltage phasors when available; otherwise diagnostic fallback
5.89,6.690362751744783e-5,0.0007493853376462356,6.690362751744783e-5,0.0007493853376462356,6.690362751744783e-5,0.0007493853376462356,-0.07493309637248292,-0.8792506146623633,-0.07500000000000037,-0.8800000000000096,0.0,0.0,Vmag_get_voltage_magnitude_series__angle_get_voltage_angle_series,true,Unknown,Ybus EMT reconstruction using exact complex bus-voltage phasors when available; otherwise diagnostic fallback
5.9,6.689183395444664e-5,0.0007492468779459749,6.689183395444664e-5,0.0007492468779459749,6.689183395444664e-5,0.0007492468779459749,-0.07493310816604593,-0.8792507531220636,-0.07500000000000037,-0.8800000000000096,0.0,0.0,Vmag_get_voltage_magnitude_series__angle_get_voltage_angle_series,true,Unknown,Ybus EMT reconstruction using exact complex bus-voltage phasors when available; otherwise diagnostic fallback
5.91,6.688004352554955e-5,0.0007491084550165228,6.688004352554955e-5,0.0007491084550165228,6.688004352554955e-5,0.0007491084550165228,-0.07493311995647482,-0.879250891544993,-0.07500000000000037,-0.8800000000000096,0.0,0.0,Vmag_get_voltage_magnitude_series__angle_get_voltage_angle_series,true,Unknown,Ybus EMT reconstruction using exact complex bus-voltage phasors when available; otherwise diagnostic fallback
5.92,6.686825722611311e-5,0.0007489700806021515,6.686825722611311e-5,0.0007489700806021515,6.686825722611311e-5,0.0007489700806021515,-0.07493313174277426,-0.8792510299194074,-0.07500000000000037,-0.8800000000000096,0.0,0.0,Vmag_get_voltage_magnitude_series__angle_get_voltage_angle_series,true,Unknown,Ybus EMT reconstruction using exact complex bus-voltage phasors when available; otherwise diagnostic fallback
5.93,6.685647603750511e-5,0.0007488317661992205,6.685647603750511e-5,0.0007488317661992205,6.685647603750511e-5,0.0007488317661992205,-0.07493314352396287,-0.8792511682338103,-0.07500000000000037,-0.8800000000000096,0.0,0.0,Vmag_get_voltage_magnitude_series__angle_get_voltage_angle_series,true,Unknown,Ybus EMT reconstruction using exact complex bus-voltage phasors when available; otherwise diagnostic fallback
5.94,6.684470093801242e-5,0.0007486935233063097,6.684470093801242e-5,0.0007486935233063097,6.684470093801242e-5,0.0007486935233063097,-0.07493315529906236,-0.8792513064767032,-0.07500000000000037,-0.8800000000000096,0.0,0.0,Vmag_get_voltage_magnitude_series__angle_get_voltage_angle_series,true,Unknown,Ybus EMT reconstruction using exact complex bus-voltage phasors when available; otherwise diagnostic fallback
5.95,6.683293289243275e-5,0.0007485553632464725,6.683293289243275e-5,0.0007485553632464725,6.683293289243275e-5,0.0007485553632464725,-0.07493316706710794,-0.8792514446367631,-0.07500000000000037,-0.8800000000000096,0.0,0.0,Vmag_get_voltage_magnitude_series__angle_get_voltage_angle_series,true,Unknown,Ybus EMT reconstruction using exact complex bus-voltage phasors when available; otherwise diagnostic fallback
5.96,6.682117286063716e-5,0.0007484172972638259,6.682117286063716e-5,0.0007484172972638259,6.682117286063716e-5,0.0007484172972638259,-0.07493317882713973,-0.8792515827027457,-0.07500000000000037,-0.8800000000000096,0.0,0.0,Vmag_get_voltage_magnitude_series__angle_get_voltage_angle_series,true,Unknown,Ybus EMT reconstruction using exact complex bus-voltage phasors when available; otherwise diagnostic fallback
5.97,6.680942178721727e-5,0.0007482793364933515,6.680942178721727e-5,0.0007482793364933515,6.680942178721727e-5,0.0007482793364933515,-0.07493319057821315,-0.8792517206635162,-0.07500000000000037,-0.8800000000000096,0.0,0.0,Vmag_get_voltage_magnitude_series__angle_get_voltage_angle_series,true,Unknown,Ybus EMT reconstruction using exact complex bus-voltage phasors when available; otherwise diagnostic fallback
5.98,6.679768061622349e-5,0.0007481414920031959,6.679768061622349e-5,0.0007481414920031959,6.679768061622349e-5,0.0007481414920031959,-0.07493320231938415,-0.8792518585080064,-0.07500000000000037,-0.8800000000000096,0.0,0.0,Vmag_get_voltage_magnitude_series__angle_get_voltage_angle_series,true,Unknown,Ybus EMT reconstruction using exact complex bus-voltage phasors when available; otherwise diagnostic fallback
5.99,6.678595027317935e-5,0.0007480037746302459,6.678595027317935e-5,0.0007480037746302459,6.678595027317935e-5,0.0007480037746302459,-0.07493321404972719,-0.8792519962253793,-0.07500000000000037,-0.8800000000000096,0.0,0.0,Vmag_get_voltage_magnitude_series__angle_get_voltage_angle_series,true,Unknown,Ybus EMT reconstruction using exact complex bus-voltage phasors when available; otherwise diagnostic fallback
6.0,6.67742316793618e-5,0.0007478661952325938,6.67742316793618e-5,0.0007478661952325938,6.67742316793618e-5,0.0007478661952325938,-0.07493322576832101,-0.879252133804777,-0.07500000000000037,-0.8800000000000096,0.0,0.0,Vmag_get_voltage_magnitude_series__angle_get_voltage_angle_series,true,Unknown,Ybus EMT reconstruction using exact complex bus-voltage phasors when available; otherwise diagnostic fallback
6.01,6.676252574712438e-5,0.0007477287644844788,6.676252574712438e-5,0.0007477287644844788,6.676252574712438e-5,0.0007477287644844788,-0.07493323747425325,-0.8792522712355251,-0.07500000000000037,-0.8800000000000096,0.0,0.0,Vmag_get_voltage_magnitude_series__angle_get_voltage_angle_series,true,Unknown,Ybus EMT reconstruction using exact complex bus-voltage phasors when available; otherwise diagnostic fallback
6.02,6.675083337659427e-5,0.0007475914929666594,6.675083337659427e-5,0.0007475914929666594,6.675083337659427e-5,0.0007475914929666594,-0.07493324916662378,-0.8792524085070429,-0.07500000000000037,-0.8800000000000096,0.0,0.0,Vmag_get_voltage_magnitude_series__angle_get_voltage_angle_series,true,Unknown,Ybus EMT reconstruction using exact complex bus-voltage phasors when available; otherwise diagnostic fallback
6.03,6.673915545940545e-5,0.0007474543911392129,6.673915545940545e-5,0.0007474543911392129,6.673915545940545e-5,0.0007474543911392129,-0.07493326084454097,-0.8792525456088703,-0.07500000000000037,-0.8800000000000096,0.0,0.0,Vmag_get_voltage_magnitude_series__angle_get_voltage_angle_series,true,Unknown,Ybus EMT reconstruction using exact complex bus-voltage phasors when available; otherwise diagnostic fallback
6.04,6.67274928779632e-5,0.0007473174693910511,6.67274928779632e-5,0.0007473174693910511,6.67274928779632e-5,0.0007473174693910511,-0.07493327250712241,-0.8792526825306185,-0.07500000000000037,-0.8800000000000096,0.0,0.0,Vmag_get_voltage_magnitude_series__angle_get_voltage_angle_series,true,Unknown,Ybus EMT reconstruction using exact complex bus-voltage phasors when available; otherwise diagnostic fallback
6.05,6.671584650280726e-5,0.0007471807379014761,6.671584650280726e-5,0.0007471807379014761,6.671584650280726e-5,0.0007471807379014761,-0.07493328415349756,-0.8792528192621081,-0.07500000000000037,-0.8800000000000096,0.0,0.0,Vmag_get_voltage_magnitude_series__angle_get_voltage_angle_series,true,Unknown,Ybus EMT reconstruction using exact complex bus-voltage phasors when available; otherwise diagnostic fallback
6.06,6.670421719781605e-5,0.0007470442068329142,6.670421719781605e-5,0.0007470442068329142,6.670421719781605e-5,0.0007470442068329142,-0.07493329578280256,-0.8792529557931766,-0.07500000000000037,-0.8800000000000096,0.0,0.0,Vmag_get_voltage_magnitude_series__angle_get_voltage_angle_series,true,Unknown,Ybus EMT reconstruction using exact complex bus-voltage phasors when available; otherwise diagnostic fallback
6.07,6.669260581286529e-5,0.0007469078861708223,6.669260581286529e-5,0.0007469078861708223,6.669260581286529e-5,0.0007469078861708223,-0.0749333073941875,-0.8792530921138387,-0.07500000000000037,-0.8800000000000096,0.0,0.0,Vmag_get_voltage_magnitude_series__angle_get_voltage_angle_series,true,Unknown,Ybus EMT reconstruction using exact complex bus-voltage phasors when available; otherwise diagnostic fallback
6.08,6.668101319241837e-5,0.0007467717858025136,6.668101319241837e-5,0.0007467717858025136,6.668101319241837e-5,0.0007467717858025136,-0.07493331898680795,-0.879253228214207,-0.07500000000000037,-0.8800000000000096,0.0,0.0,Vmag_get_voltage_magnitude_series__angle_get_voltage_angle_series,true,Unknown,Ybus EMT reconstruction using exact complex bus-voltage phasors when available; otherwise diagnostic fallback
6.09,6.66694401666168e-5,0.0007466359154940649,6.66694401666168e-5,0.0007466359154940649,6.66694401666168e-5,0.0007466359154940649,-0.07493333055983376,-0.8792533640845155,-0.07500000000000037,-0.8800000000000096,0.0,0.0,Vmag_get_voltage_magnitude_series__angle_get_voltage_angle_series,true,Unknown,Ybus EMT reconstruction using exact complex bus-voltage phasors when available; otherwise diagnostic fallback
6.1,6.665788755921831e-5,0.000746500284906193,6.665788755921831e-5,0.000746500284906193,6.665788755921831e-5,0.000746500284906193,-0.07493334211244115,-0.8792534997151034,-0.07500000000000037,-0.8800000000000096,0.0,0.0,Vmag_get_voltage_magnitude_series__angle_get_voltage_angle_series,true,Unknown,Ybus EMT reconstruction using exact complex bus-voltage phasors when available; otherwise diagnostic fallback
6.11,6.664635618064407e-5,0.0007463649035645004,6.664635618064407e-5,0.0007463649035645004,6.664635618064407e-5,0.0007463649035645004,-0.07493335364381973,-0.879253635096445,-0.07500000000000037,-0.8800000000000096,0.0,0.0,Vmag_get_voltage_magnitude_series__angle_get_voltage_angle_series,true,Unknown,Ybus EMT reconstruction using exact complex bus-voltage phasors when available; otherwise diagnostic fallback
6.12,6.66348468339184e-5,0.0007462297808915608,6.66348468339184e-5,0.0007462297808915608,6.66348468339184e-5,0.0007462297808915608,-0.07493336515316645,-0.879253770219118,-0.07500000000000037,-0.8800000000000096,0.0,0.0,Vmag_get_voltage_magnitude_series__angle_get_voltage_angle_series,true,Unknown,Ybus EMT reconstruction using exact complex bus-voltage phasors when available; otherwise diagnostic fallback
6.13,6.662336030993643e-5,0.0007460949261570704,6.662336030993643e-5,0.0007460949261570704,6.662336030993643e-5,0.0007460949261570704,-0.07493337663969044,-0.8792539050738525,-0.07500000000000037,-0.8800000000000096,0.0,0.0,Vmag_get_voltage_magnitude_series__angle_get_voltage_angle_series,true,Unknown,Ybus EMT reconstruction using exact complex bus-voltage phasors when available; otherwise diagnostic fallback
6.14,6.66118973898372e-5,0.0007459603485633348,6.66118973898372e-5,0.0007459603485633348,6.66118973898372e-5,0.0007459603485633348,-0.07493338810261053,-0.8792540396514462,-0.07500000000000037,-0.8800000000000096,0.0,0.0,Vmag_get_voltage_magnitude_series__angle_get_voltage_angle_series,true,Unknown,Ybus EMT reconstruction using exact complex bus-voltage phasors when available; otherwise diagnostic fallback
6.15,6.660045884487875e-5,0.0007458260571351349,6.660045884487875e-5,0.0007458260571351349,6.660045884487875e-5,0.0007458260571351349,-0.0749333995411555,-0.8792541739428744,-0.07500000000000037,-0.8800000000000096,0.0,0.0,Vmag_get_voltage_magnitude_series__angle_get_voltage_angle_series,true,Unknown,Ybus EMT reconstruction using exact complex bus-voltage phasors when available; otherwise diagnostic fallback
6.16,6.658904543625777e-5,0.0007456920608118756,6.658904543625777e-5,0.0007456920608118756,6.658904543625777e-5,0.0007456920608118756,-0.07493341095456411,-0.8792543079391977,-0.07500000000000037,-0.8800000000000096,0.0,0.0,Vmag_get_voltage_magnitude_series__angle_get_voltage_angle_series,true,Unknown,Ybus EMT reconstruction using exact complex bus-voltage phasors when available; otherwise diagnostic fallback
6.17,6.657765791581727e-5,0.0007455583684357059,6.657765791581727e-5,0.0007455583684357059,6.657765791581727e-5,0.0007455583684357059,-0.07493342234208455,-0.8792544416315738,-0.07500000000000037,-0.8800000000000096,0.0,0.0,Vmag_get_voltage_magnitude_series__angle_get_voltage_angle_series,true,Unknown,Ybus EMT reconstruction using exact complex bus-voltage phasors when available; otherwise diagnostic fallback
6.18,6.656629702136985e-5,0.0007454249886512665,6.656629702136985e-5,0.0007454249886512665,6.656629702136985e-5,0.0007454249886512665,-0.074933433702979,-0.8792545750113583,-0.07500000000000037,-0.8800000000000096,0.0,0.0,Vmag_get_voltage_magnitude_series__angle_get_voltage_angle_series,true,Unknown,Ybus EMT reconstruction using exact complex bus-voltage phasors when available; otherwise diagnostic fallback
6.19,6.65549634866619e-5,0.0007452919301074168,6.65549634866619e-5,0.0007452919301074168,6.65549634866619e-5,0.0007452919301074168,-0.07493344503651371,-0.8792547080699021,-0.07500000000000037,-0.8800000000000096,0.0,0.0,Vmag_get_voltage_magnitude_series__angle_get_voltage_angle_series,true,Unknown,Ybus EMT reconstruction using exact complex bus-voltage phasors when available; otherwise diagnostic fallback
6.2,6.654365802612194e-5,0.0007451592011401553,6.654365802612194e-5,0.0007451592011401553,6.654365802612194e-5,0.0007451592011401553,-0.07493345634197425,-0.8792548407988694,-0.07500000000000037,-0.8800000000000096,0.0,0.0,Vmag_get_voltage_magnitude_series__angle_get_voltage_angle_series,true,Unknown,Ybus EMT reconstruction using exact complex bus-voltage phasors when available; otherwise diagnostic fallback
6.21,6.653238135659323e-5,0.0007450268102147106,6.653238135659323e-5,0.0007450268102147106,6.653238135659323e-5,0.0007450268102147106,-0.07493346761864378,-0.8792549731897948,-0.07500000000000037,-0.8800000000000096,0.0,0.0,Vmag_get_voltage_magnitude_series__angle_get_voltage_angle_series,true,Unknown,Ybus EMT reconstruction using exact complex bus-voltage phasors when available; otherwise diagnostic fallback
6.22,6.65211341728672e-5,0.0007448947654352667,6.65211341728672e-5,0.0007448947654352667,6.65211341728672e-5,0.0007448947654352667,-0.0749334788658275,-0.8792551052345743,-0.07500000000000037,-0.8800000000000096,0.0,0.0,Vmag_get_voltage_magnitude_series__angle_get_voltage_angle_series,true,Unknown,Ybus EMT reconstruction using exact complex bus-voltage phasors when available; otherwise diagnostic fallback
6.23,6.6509917165683e-5,0.0007447630749628509,6.6509917165683e-5,0.0007447630749628509,6.6509917165683e-5,0.0007447630749628509,-0.07493349008283469,-0.8792552369250467,-0.07500000000000037,-0.8800000000000096,0.0,0.0,Vmag_get_voltage_magnitude_series__angle_get_voltage_angle_series,true,Unknown,Ybus EMT reconstruction using exact complex bus-voltage phasors when available; otherwise diagnostic fallback
6.24,6.649873101613468e-5,0.000744631746760982,6.649873101613468e-5,0.000744631746760982,6.649873101613468e-5,0.000744631746760982,-0.07493350126898424,-0.8792553682532486,-0.07500000000000037,-0.8800000000000096,0.0,0.0,Vmag_get_voltage_magnitude_series__angle_get_voltage_angle_series,true,Unknown,Ybus EMT reconstruction using exact complex bus-voltage phasors when available; otherwise diagnostic fallback
6.25,6.648757639141079e-5,0.0007445007886611732,6.648757639141079e-5,0.0007445007886611732,6.648757639141079e-5,0.0007445007886611732,-0.07493351242360896,-0.8792554992113484,-0.07500000000000037,-0.8800000000000096,0.0,0.0,Vmag_get_voltage_magnitude_series__angle_get_voltage_angle_series,true,Unknown,Ybus EMT reconstruction using exact complex bus-voltage phasors when available; otherwise diagnostic fallback
6.26,6.64764539527185e-5,0.000744370208451639,6.64764539527185e-5,0.000744370208451639,6.64764539527185e-5,0.000744370208451639,-0.07493352354604765,-0.8792556297915579,-0.07500000000000037,-0.8800000000000096,0.0,0.0,Vmag_get_voltage_magnitude_series__angle_get_voltage_angle_series,true,Unknown,Ybus EMT reconstruction using exact complex bus-voltage phasors when available; otherwise diagnostic fallback
6.27,6.646536434946893e-5,0.0007442400137496197,6.646536434946893e-5,0.0007442400137496197,6.646536434946893e-5,0.0007442400137496197,-0.0749335346356509,-0.8792557599862599,-0.07500000000000037,-0.8800000000000096,0.0,0.0,Vmag_get_voltage_magnitude_series__angle_get_voltage_angle_series,true,Unknown,Ybus EMT reconstruction using exact complex bus-voltage phasors when available; otherwise diagnostic fallback
6.28,6.645430821863862e-5,0.0007441102120397947,6.645430821863862e-5,0.0007441102120397947,6.645430821863862e-5,0.0007441102120397947,-0.07493354569178173,-0.8792558897879698,-0.07500000000000037,-0.8800000000000096,0.0,0.0,Vmag_get_voltage_magnitude_series__angle_get_voltage_angle_series,true,Unknown,Ybus EMT reconstruction using exact complex bus-voltage phasors when available; otherwise diagnostic fallback
6.29,6.644328619202777e-5,0.0007439808106839418,6.644328619202777e-5,0.0007439808106839418,6.644328619202777e-5,0.0007439808106839418,-0.07493355671380834,-0.8792560191893256,-0.07500000000000037,-0.8800000000000096,0.0,0.0,Vmag_get_voltage_magnitude_series__angle_get_voltage_angle_series,true,Unknown,Ybus EMT reconstruction using exact complex bus-voltage phasors when available; otherwise diagnostic fallback
6.3,6.643229888889102e-5,0.0007438518170215236,6.643229888889102e-5,0.0007438518170215236,6.643229888889102e-5,0.0007438518170215236,-0.07493356770111148,-0.879256148182988,-0.07500000000000037,-0.8800000000000096,0.0,0.0,Vmag_get_voltage_magnitude_series__angle_get_voltage_angle_series,true,Unknown,Ybus EMT reconstruction using exact complex bus-voltage phasors when available; otherwise diagnostic fallback
6.31,6.64213469201147e-5,0.0007437232382018211,6.64213469201147e-5,0.0007437232382018211,6.64213469201147e-5,0.0007437232382018211,-0.07493357865308026,-0.8792562767618077,-0.07500000000000037,-0.8800000000000096,0.0,0.0,Vmag_get_voltage_magnitude_series__angle_get_voltage_angle_series,true,Unknown,Ybus EMT reconstruction using exact complex bus-voltage phasors when available; otherwise diagnostic fallback
6.32,6.64104308838176e-5,0.0007435950812360037,6.64104308838176e-5,0.0007435950812360037,6.64104308838176e-5,0.0007435950812360037,-0.07493358956911655,-0.8792564049187735,-0.07500000000000037,-0.8800000000000096,0.0,0.0,Vmag_get_voltage_magnitude_series__angle_get_voltage_angle_series,true,Unknown,Ybus EMT reconstruction using exact complex bus-voltage phasors when available; otherwise diagnostic fallback
6.33,6.639955137201226e-5,0.0007434673530751779,6.639955137201226e-5,0.0007434673530751779,6.639955137201226e-5,0.0007434673530751779,-0.07493360044862836,-0.8792565326469344,-0.07500000000000037,-0.8800000000000096,0.0,0.0,Vmag_get_voltage_magnitude_series__angle_get_voltage_angle_series,true,Unknown,Ybus EMT reconstruction using exact complex bus-voltage phasors when available; otherwise diagnostic fallback
6.34,6.638870896558124e-5,0.0007433400605558749,6.638870896558124e-5,0.0007433400605558749,6.638870896558124e-5,0.0007433400605558749,-0.07493361129103479,-0.8792566599394537,-0.07500000000000037,-0.8800000000000096,0.0,0.0,Vmag_get_voltage_magnitude_series__angle_get_voltage_angle_series,true,Unknown,Ybus EMT reconstruction using exact complex bus-voltage phasors when available; otherwise diagnostic fallback
6.35,6.637790423658085e-5,0.0007432132103774025,6.637790423658085e-5,0.0007432132103774025,6.637790423658085e-5,0.0007432132103774025,-0.07493362209576379,-0.8792567867896321,-0.07500000000000037,-0.8800000000000096,0.0,0.0,Vmag_get_voltage_magnitude_series__angle_get_voltage_angle_series,true,Unknown,Ybus EMT reconstruction using exact complex bus-voltage phasors when available; otherwise diagnostic fallback
6.36,6.636713774671454e-5,0.0007430868091484744,6.636713774671454e-5,0.0007430868091484744,6.636713774671454e-5,0.0007430868091484744,-0.07493363286225366,-0.8792569131908611,-0.07500000000000037,-0.8800000000000096,0.0,0.0,Vmag_get_voltage_magnitude_series__angle_get_voltage_angle_series,true,Unknown,Ybus EMT reconstruction using exact complex bus-voltage phasors when available; otherwise diagnostic fallback
6.37,6.635641004745785e-5,0.0007429608633321427,6.635641004745785e-5,0.0007429608633321427,6.635641004745785e-5,0.0007429608633321427,-0.07493364358995291,-0.8792570391366774,-0.07500000000000037,-0.8800000000000096,0.0,0.0,Vmag_get_voltage_magnitude_series__angle_get_voltage_angle_series,true,Unknown,Ybus EMT reconstruction using exact complex bus-voltage phasors when available; otherwise diagnostic fallback
6.38,6.634572168305597e-5,0.0007428353793259568,6.634572168305597e-5,0.0007428353793259568,6.634572168305597e-5,0.0007428353793259568,-0.07493365427831732,-0.8792571646206836,-0.07500000000000037,-0.8800000000000096,0.0,0.0,Vmag_get_voltage_magnitude_series__angle_get_voltage_angle_series,true,Unknown,Ybus EMT reconstruction using exact complex bus-voltage phasors when available; otherwise diagnostic fallback
6.39,6.633507318806742e-5,0.0007427103633924625,6.633507318806742e-5,0.0007427103633924625,6.633507318806742e-5,0.0007427103633924625,-0.0749336649268123,-0.8792572896366171,-0.07500000000000037,-0.8800000000000096,0.0,0.0,Vmag_get_voltage_magnitude_series__angle_get_voltage_angle_series,true,Unknown,Ybus EMT reconstruction using exact complex bus-voltage phasors when available; otherwise diagnostic fallback
6.4,6.632446508757217e-5,0.0007425858217130488,6.632446508757217e-5,0.0007425858217130488,6.632446508757217e-5,0.0007425858217130488,-0.0749336755349128,-0.8792574141782965,-0.07500000000000037,-0.8800000000000096,0.0,0.0,Vmag_get_voltage_magnitude_series__angle_get_voltage_angle_series,true,Unknown,Ybus EMT reconstruction using exact complex bus-voltage phasors when available; otherwise diagnostic fallback
6.41,6.631389789604758e-5,0.0007424617603298822,6.631389789604758e-5,0.0007424617603298822,6.631389789604758e-5,0.0007424617603298822,-0.07493368610210432,-0.8792575382396797,-0.07500000000000037,-0.8800000000000096,0.0,0.0,Vmag_get_voltage_magnitude_series__angle_get_voltage_angle_series,true,Unknown,Ybus EMT reconstruction using exact complex bus-voltage phasors when available; otherwise diagnostic fallback
6.42,6.630337212285009e-5,0.0007423381852013078,6.630337212285009e-5,0.0007423381852013078,6.630337212285009e-5,0.0007423381852013078,-0.07493369662787752,-0.8792576618148082,-0.07500000000000037,-0.8800000000000096,0.0,0.0,Vmag_get_voltage_magnitude_series__angle_get_voltage_angle_series,true,Unknown,Ybus EMT reconstruction using exact complex bus-voltage phasors when available; otherwise diagnostic fallback
6.43,6.629288826316693e-5,0.000742215102184085,6.629288826316693e-5,0.000742215102184085,6.629288826316693e-5,0.000742215102184085,-0.0749337071117372,-0.8792577848978255,-0.07500000000000037,-0.8800000000000096,0.0,0.0,Vmag_get_voltage_magnitude_series__angle_get_voltage_angle_series,true,Unknown,Ybus EMT reconstruction using exact complex bus-voltage phasors when available; otherwise diagnostic fallback
6.44,6.628244680760564e-5,0.0007420925169736581,6.628244680760564e-5,0.0007420925169736581,6.628244680760564e-5,0.0007420925169736581,-0.07493371755319277,-0.8792579074830359,-0.07500000000000037,-0.8800000000000096,0.0,0.0,Vmag_get_voltage_magnitude_series__angle_get_voltage_angle_series,true,Unknown,Ybus EMT reconstruction using exact complex bus-voltage phasors when available; otherwise diagnostic fallback
6.45,6.627204823453359e-5,0.0007419704352410461,6.627204823453359e-5,0.0007419704352410461,6.627204823453359e-5,0.0007419704352410461,-0.07493372795176584,-0.8792580295647685,-0.07500000000000037,-0.8800000000000096,0.0,0.0,Vmag_get_voltage_magnitude_series__angle_get_voltage_angle_series,true,Unknown,Ybus EMT reconstruction using exact complex bus-voltage phasors when available; otherwise diagnostic fallback
6.46,6.62616930169474e-5,0.0007418488625188235,6.62616930169474e-5,0.0007418488625188235,6.62616930169474e-5,0.0007418488625188235,-0.07493373830698342,-0.8792581511374907,-0.07500000000000037,-0.8800000000000096,0.0,0.0,Vmag_get_voltage_magnitude_series__angle_get_voltage_angle_series,true,Unknown,Ybus EMT reconstruction using exact complex bus-voltage phasors when available; otherwise diagnostic fallback
6.47,6.625138161786559e-5,0.0007417278042292086,6.625138161786559e-5,0.0007417278042292086,6.625138161786559e-5,0.0007417278042292086,-0.0749337486183825,-0.8792582721957803,-0.07500000000000037,-0.8800000000000096,0.0,0.0,Vmag_get_voltage_magnitude_series__angle_get_voltage_angle_series,true,Unknown,Ybus EMT reconstruction using exact complex bus-voltage phasors when available; otherwise diagnostic fallback
6.48,6.624111448919057e-5,0.0007416072657250306,6.624111448919057e-5,0.0007416072657250306,6.624111448919057e-5,0.0007416072657250306,-0.07493375888551118,-0.8792583927342845,-0.07500000000000037,-0.8800000000000096,0.0,0.0,Vmag_get_voltage_magnitude_series__angle_get_voltage_angle_series,true,Unknown,Ybus EMT reconstruction using exact complex bus-voltage phasors when available; otherwise diagnostic fallback
6.49,6.623089207960509e-5,0.0007414872522000238,6.623089207960509e-5,0.0007414872522000238,6.623089207960509e-5,0.0007414872522000238,-0.07493376910792077,-0.8792585127478095,-0.07500000000000037,-0.8800000000000096,0.0,0.0,Vmag_get_voltage_magnitude_series__angle_get_voltage_angle_series,true,Unknown,Ybus EMT reconstruction using exact complex bus-voltage phasors when available; otherwise diagnostic fallback
6.5,6.622071482381697e-5,0.0007413677688384857,6.622071482381697e-5,0.0007413677688384857,6.622071482381697e-5,0.0007413677688384857,-0.07493377928517655,-0.8792586322311711,-0.07500000000000037,-0.8800000000000096,0.0,0.0,Vmag_get_voltage_magnitude_series__angle_get_voltage_angle_series,true,Unknown,Ybus EMT reconstruction using exact complex bus-voltage phasors when available; otherwise diagnostic fallback
6.51,6.621058314920658e-5,0.0007412488205942314,6.621058314920658e-5,0.0007412488205942314,6.621058314920658e-5,0.0007412488205942314,-0.07493378941685117,-0.8792587511794153,-0.07500000000000037,-0.8800000000000096,0.0,0.0,Vmag_get_voltage_magnitude_series__angle_get_voltage_angle_series,true,Unknown,Ybus EMT reconstruction using exact complex bus-voltage phasors when available; otherwise diagnostic fallback
6.52,6.620049747828316e-5,0.0007411304124751439,6.620049747828316e-5,0.0007411304124751439,6.620049747828316e-5,0.0007411304124751439,-0.07493379950252209,-0.8792588695875344,-0.07500000000000037,-0.8800000000000096,0.0,0.0,Vmag_get_voltage_magnitude_series__angle_get_voltage_angle_series,true,Unknown,Ybus EMT reconstruction using exact complex bus-voltage phasors when available; otherwise diagnostic fallback
6.53,6.619045822227332e-5,0.0007410125492633979,6.619045822227332e-5,0.0007410125492633979,6.619045822227332e-5,0.0007410125492633979,-0.0749338095417781,-0.8792589874507462,-0.07500000000000037,-0.8800000000000096,0.0,0.0,Vmag_get_voltage_magnitude_series__angle_get_voltage_angle_series,true,Unknown,Ybus EMT reconstruction using exact complex bus-voltage phasors when available; otherwise diagnostic fallback
6.54,6.618046578443781e-5,0.000740895235750938,6.618046578443781e-5,0.000740895235750938,6.618046578443781e-5,0.000740895235750938,-0.07493381953421593,-0.8792591047642586,-0.07500000000000037,-0.8800000000000096,0.0,0.0,Vmag_get_voltage_magnitude_series__angle_get_voltage_angle_series,true,Unknown,Ybus EMT reconstruction using exact complex bus-voltage phasors when available; otherwise diagnostic fallback
6.55,6.61705205596691e-5,0.0007407784765081082,6.61705205596691e-5,0.0007407784765081082,6.61705205596691e-5,0.0007407784765081082,-0.0749338294794407,-0.8792592215235014,-0.07500000000000037,-0.8800000000000096,0.0,0.0,Vmag_get_voltage_magnitude_series__angle_get_voltage_angle_series,true,Unknown,Ybus EMT reconstruction using exact complex bus-voltage phasors when available; otherwise diagnostic fallback
6.56,6.616062293621217e-5,0.000740662276150772,6.616062293621217e-5,0.000740662276150772,6.616062293621217e-5,0.000740662276150772,-0.07493383937706416,-0.8792593377238588,-0.07500000000000037,-0.8800000000000096,0.0,0.0,Vmag_get_voltage_magnitude_series__angle_get_voltage_angle_series,true,Unknown,Ybus EMT reconstruction using exact complex bus-voltage phasors when available; otherwise diagnostic fallback
6.57,6.615077329205632e-5,0.0007405466390704163,6.615077329205632e-5,0.0007405466390704163,6.615077329205632e-5,0.0007405466390704163,-0.07493384922670832,-0.8792594533609391,-0.07500000000000037,-0.8800000000000096,0.0,0.0,Vmag_get_voltage_magnitude_series__angle_get_voltage_angle_series,true,Unknown,Ybus EMT reconstruction using exact complex bus-voltage phasors when available; otherwise diagnostic fallback
6.58,6.614097199705848e-5,0.0007404315696435404,6.614097199705848e-5,0.0007404315696435404,6.614097199705848e-5,0.0007404315696435404,-0.07493385902800331,-0.879259568430366,-0.07500000000000037,-0.8800000000000096,0.0,0.0,Vmag_get_voltage_magnitude_series__angle_get_voltage_angle_series,true,Unknown,Ybus EMT reconstruction using exact complex bus-voltage phasors when available; otherwise diagnostic fallback
6.59,6.613121941723143e-5,0.0007403170721451691,6.613121941723143e-5,0.0007403170721451691,6.613121941723143e-5,0.0007403170721451691,-0.07493386878058314,-0.8792596829278644,-0.07500000000000037,-0.8800000000000096,0.0,0.0,Vmag_get_voltage_magnitude_series__angle_get_voltage_angle_series,true,Unknown,Ybus EMT reconstruction using exact complex bus-voltage phasors when available; otherwise diagnostic fallback
6.6,6.612151590446036e-5,0.0007402031507086626,6.612151590446036e-5,0.0007402031507086626,6.612151590446036e-5,0.0007402031507086626,-0.07493387848409591,-0.8792597968493009,-0.07500000000000037,-0.8800000000000096,0.0,0.0,Vmag_get_voltage_magnitude_series__angle_get_voltage_angle_series,true,Unknown,Ybus EMT reconstruction using exact complex bus-voltage phasors when available; otherwise diagnostic fallback
6.61,6.611186180584261e-5,0.0007400898094355179,6.611186180584261e-5,0.0007400898094355179,6.611186180584261e-5,0.0007400898094355179,-0.07493388813819453,-0.879259910190574,-0.07500000000000037,-0.8800000000000096,0.0,0.0,Vmag_get_voltage_magnitude_series__angle_get_voltage_angle_series,true,Unknown,Ybus EMT reconstruction using exact complex bus-voltage phasors when available; otherwise diagnostic fallback
6.62,6.61022574630632e-5,0.0007399770522950044,6.61022574630632e-5,0.0007399770522950044,6.61022574630632e-5,0.0007399770522950044,-0.07493389774253731,-0.8792600229477145,-0.07500000000000037,-0.8800000000000096,0.0,0.0,Vmag_get_voltage_magnitude_series__angle_get_voltage_angle_series,true,Unknown,Ybus EMT reconstruction using exact complex bus-voltage phasors when available; otherwise diagnostic fallback
6.63,6.609270320406813e-5,0.0007398648831821175,6.609270320406813e-5,0.0007398648831821175,6.609270320406813e-5,0.0007398648831821175,-0.0749339072967963,-0.8792601351168274,-0.07500000000000037,-0.8800000000000096,0.0,0.0,Vmag_get_voltage_magnitude_series__angle_get_voltage_angle_series,true,Unknown,Ybus EMT reconstruction using exact complex bus-voltage phasors when available; otherwise diagnostic fallback
6.64,6.608319935411111e-5,0.0007397533058838279,6.608319935411111e-5,0.0007397533058838279,6.608319935411111e-5,0.0007397533058838279,-0.07493391680064626,-0.8792602466941257,-0.07500000000000037,-0.8800000000000096,0.0,0.0,Vmag_get_voltage_magnitude_series__angle_get_voltage_angle_series,true,Unknown,Ybus EMT reconstruction using exact complex bus-voltage phasors when available; otherwise diagnostic fallback
6.65,6.607374622753792e-5,0.0007396423240945138,6.607374622753792e-5,0.0007396423240945138,6.607374622753792e-5,0.0007396423240945138,-0.07493392625377283,-0.879260357675915,-0.07500000000000037,-0.8800000000000096,0.0,0.0,Vmag_get_voltage_magnitude_series__angle_get_voltage_angle_series,true,Unknown,Ybus EMT reconstruction using exact complex bus-voltage phasors when available; otherwise diagnostic fallback
6.66,6.606434413237994e-5,0.0007395319414315038,6.606434413237994e-5,0.0007395319414315038,6.606434413237994e-5,0.0007395319414315038,-0.07493393565586799,-0.879260468058578,-0.07500000000000037,-0.8800000000000096,0.0,0.0,Vmag_get_voltage_magnitude_series__angle_get_voltage_angle_series,true,Unknown,Ybus EMT reconstruction using exact complex bus-voltage phasors when available; otherwise diagnostic fallback
6.67,6.605499336768961e-5,0.0007394221614205332,6.605499336768961e-5,0.0007394221614205332,6.605499336768961e-5,0.0007394221614205332,-0.07493394500663268,-0.879260577838589,-0.07500000000000037,-0.8800000000000096,0.0,0.0,Vmag_get_voltage_magnitude_series__angle_get_voltage_angle_series,true,Unknown,Ybus EMT reconstruction using exact complex bus-voltage phasors when available; otherwise diagnostic fallback
6.68,6.604569422716255e-5,0.0007393129874940785,6.604569422716255e-5,0.0007393129874940785,6.604569422716255e-5,0.0007393129874940785,-0.07493395430577321,-0.8792606870125155,-0.07500000000000037,-0.8800000000000096,0.0,0.0,Vmag_get_voltage_magnitude_series__angle_get_voltage_angle_series,true,Unknown,Ybus EMT reconstruction using exact complex bus-voltage phasors when available; otherwise diagnostic fallback
6.69,6.603644699547384e-5,0.0007392044229918016,6.603644699547384e-5,0.0007392044229918016,6.603644699547384e-5,0.0007392044229918016,-0.0749339635530049,-0.8792607955770178,-0.07500000000000037,-0.8800000000000096,0.0,0.0,Vmag_get_voltage_magnitude_series__angle_get_voltage_angle_series,true,Unknown,Ybus EMT reconstruction using exact complex bus-voltage phasors when available; otherwise diagnostic fallback
6.7,6.602725194720938e-5,0.0007390964711468939,6.602725194720938e-5,0.0007390964711468939,6.602725194720938e-5,0.0007390964711468939,-0.07493397274805316,-0.8792609035288627,-0.07500000000000037,-0.8800000000000096,0.0,0.0,Vmag_get_voltage_magnitude_series__angle_get_voltage_angle_series,true,Unknown,Ybus EMT reconstruction using exact complex bus-voltage phasors when available; otherwise diagnostic fallback
6.71,6.60181093538742e-5,0.0007389891351369249,6.60181093538742e-5,0.0007389891351369249,6.60181093538742e-5,0.0007389891351369249,-0.0749339818906465,-0.8792610108648726,-0.07500000000000037,-0.8800000000000096,0.0,0.0,Vmag_get_voltage_magnitude_series__angle_get_voltage_angle_series,true,Unknown,Ybus EMT reconstruction using exact complex bus-voltage phasors when available; otherwise diagnostic fallback
6.72,6.600901947695359e-5,0.0007388824180537545,6.600901947695359e-5,0.0007388824180537545,6.600901947695359e-5,0.0007388824180537545,-0.07493399098052342,-0.8792611175819558,-0.07500000000000037,-0.8800000000000096,0.0,0.0,Vmag_get_voltage_magnitude_series__angle_get_voltage_angle_series,true,Unknown,Ybus EMT reconstruction using exact complex bus-voltage phasors when available; otherwise diagnostic fallback
6.73,6.599998256942574e-5,0.0007387763228464683,6.599998256942574e-5,0.0007387763228464683,6.599998256942574e-5,0.0007387763228464683,-0.07493400001743095,-0.8792612236771631,-0.07500000000000037,-0.8800000000000096,0.0,0.0,Vmag_get_voltage_magnitude_series__angle_get_voltage_angle_series,true,Unknown,Ybus EMT reconstruction using exact complex bus-voltage phasors when available; otherwise diagnostic fallback
6.74,6.59909988771773e-5,0.0007386708524204089,6.59909988771773e-5,0.0007386708524204089,6.59909988771773e-5,0.0007386708524204089,-0.0749340090011232,-0.8792613291475891,-0.07500000000000037,-0.8800000000000096,0.0,0.0,Vmag_get_voltage_magnitude_series__angle_get_voltage_angle_series,true,Unknown,Ybus EMT reconstruction using exact complex bus-voltage phasors when available; otherwise diagnostic fallback
6.75,6.59820686424728e-5,0.0007385660095808877,6.59820686424728e-5,0.0007385660095808877,6.59820686424728e-5,0.0007385660095808877,-0.0749340179313579,-0.8792614339904287,-0.07500000000000037,-0.8800000000000096,0.0,0.0,Vmag_get_voltage_magnitude_series__angle_get_voltage_angle_series,true,Unknown,Ybus EMT reconstruction using exact complex bus-voltage phasors when available; otherwise diagnostic fallback
6.76,6.597319209472596e-5,0.0007384617970526142,6.597319209472596e-5,0.0007384617970526142,6.597319209472596e-5,0.0007384617970526142,-0.07493402680790565,-0.8792615382029569,-0.07500000000000037,-0.8800000000000096,0.0,0.0,Vmag_get_voltage_magnitude_series__angle_get_voltage_angle_series,true,Unknown,Ybus EMT reconstruction using exact complex bus-voltage phasors when available; otherwise diagnostic fallback
6.77,6.596436945918716e-5,0.0007383582174846914,6.596436945918716e-5,0.0007383582174846914,6.596436945918716e-5,0.0007383582174846914,-0.07493403563054118,-0.8792616417825249,-0.07500000000000037,-0.8800000000000096,0.0,0.0,Vmag_get_voltage_magnitude_series__angle_get_voltage_angle_series,true,Unknown,Ybus EMT reconstruction using exact complex bus-voltage phasors when available; otherwise diagnostic fallback
6.78,6.595560095018493e-5,0.0007382552733475878,6.595560095018493e-5,0.0007382552733475878,6.595560095018493e-5,0.0007382552733475878,-0.07493404439905019,-0.879261744726662,-0.07500000000000037,-0.8800000000000096,0.0,0.0,Vmag_get_voltage_magnitude_series__angle_get_voltage_angle_series,true,Unknown,Ybus EMT reconstruction using exact complex bus-voltage phasors when available; otherwise diagnostic fallback
6.79,6.594688678092375e-5,0.0007381529672217946,6.594688678092375e-5,0.0007381529672217946,6.594688678092375e-5,0.0007381529672217946,-0.07493405311321945,-0.8792618470327878,-0.07500000000000037,-0.8800000000000096,0.0,0.0,Vmag_get_voltage_magnitude_series__angle_get_voltage_angle_series,true,Unknown,Ybus EMT reconstruction using exact complex bus-voltage phasors when available; otherwise diagnostic fallback
6.8,6.593822715038333e-5,0.0007380513013747203,6.593822715038333e-5,0.0007380513013747203,6.593822715038333e-5,0.0007380513013747203,-0.07493406177284999,-0.8792619486986348,-0.07500000000000037,-0.8800000000000096,0.0,0.0,Vmag_get_voltage_magnitude_series__angle_get_voltage_angle_series,true,Unknown,Ybus EMT reconstruction using exact complex bus-voltage phasors when available; otherwise diagnostic fallback
6.81,6.592962225533683e-5,0.0007379502781521552,6.592962225533683e-5,0.0007379502781521552,6.592962225533683e-5,0.0007379502781521552,-0.07493407037774504,-0.8792620497218574,-0.07500000000000037,-0.8800000000000096,0.0,0.0,Vmag_get_voltage_magnitude_series__angle_get_voltage_angle_series,true,Unknown,Ybus EMT reconstruction using exact complex bus-voltage phasors when available; otherwise diagnostic fallback
6.82,6.592107228303723e-5,0.0007378498997405725,6.592107228303723e-5,0.0007378498997405725,6.592107228303723e-5,0.0007378498997405725,-0.07493407892771733,-0.879262150100269,-0.07500000000000037,-0.8800000000000096,0.0,0.0,Vmag_get_voltage_magnitude_series__angle_get_voltage_angle_series,true,Unknown,Ybus EMT reconstruction using exact complex bus-voltage phasors when available; otherwise diagnostic fallback
6.83,6.591257741390966e-5,0.0007377501682507281,6.591257741390966e-5,0.0007377501682507281,6.591257741390966e-5,0.0007377501682507281,-0.07493408742258646,-0.8792622498317588,-0.07500000000000037,-0.8800000000000096,0.0,0.0,Vmag_get_voltage_magnitude_series__angle_get_voltage_angle_series,true,Unknown,Ybus EMT reconstruction using exact complex bus-voltage phasors when available; otherwise diagnostic fallback
6.84,6.590413782009419e-5,0.000737651085727542,6.590413782009419e-5,0.000737651085727542,6.590413782009419e-5,0.000737651085727542,-0.07493409586218028,-0.879262348914282,-0.07500000000000037,-0.8800000000000096,0.0,0.0,Vmag_get_voltage_magnitude_series__angle_get_voltage_angle_series,true,Unknown,Ybus EMT reconstruction using exact complex bus-voltage phasors when available; otherwise diagnostic fallback
6.85,6.589575366849898e-5,0.0007375526541026911,6.589575366849898e-5,0.0007375526541026911,6.589575366849898e-5,0.0007375526541026911,-0.07493410424633187,-0.8792624473459069,-0.07500000000000037,-0.8800000000000096,0.0,0.0,Vmag_get_voltage_magnitude_series__angle_get_voltage_angle_series,true,Unknown,Ybus EMT reconstruction using exact complex bus-voltage phasors when available; otherwise diagnostic fallback
6.86,6.588742511937085e-5,0.0007374548752714372,6.588742511937085e-5,0.0007374548752714372,6.588742511937085e-5,0.0007374548752714372,-0.074934112574881,-0.8792625451247381,-0.07500000000000037,-0.8800000000000096,0.0,0.0,Vmag_get_voltage_magnitude_series__angle_get_voltage_angle_series,true,Unknown,Ybus EMT reconstruction using exact complex bus-voltage phasors when available; otherwise diagnostic fallback
6.87,6.587915232274255e-5,0.000737357750995371,6.587915232274255e-5,0.000737357750995371,6.587915232274255e-5,0.000737357750995371,-0.07493412084767763,-0.8792626422490142,-0.07500000000000037,-0.8800000000000096,0.0,0.0,Vmag_get_voltage_magnitude_series__angle_get_voltage_angle_series,true,Unknown,Ybus EMT reconstruction using exact complex bus-voltage phasors when available; otherwise diagnostic fallback
6.88,6.587093542431699e-5,0.0007372612829884551,6.587093542431699e-5,0.0007372612829884551,6.587093542431699e-5,0.0007372612829884551,-0.07493412906457605,-0.8792627387170211,-0.07500000000000037,-0.8800000000000096,0.0,0.0,Vmag_get_voltage_magnitude_series__angle_get_voltage_angle_series,true,Unknown,Ybus EMT reconstruction using exact complex bus-voltage phasors when available; otherwise diagnostic fallback
6.89,6.586277456187284e-5,0.0007371654728520749,6.586277456187284e-5,0.0007371654728520749,6.586277456187284e-5,0.0007371654728520749,-0.0749341372254385,-0.8792628345271575,-0.07500000000000037,-0.8800000000000096,0.0,0.0,Vmag_get_voltage_magnitude_series__angle_get_voltage_angle_series,true,Unknown,Ybus EMT reconstruction using exact complex bus-voltage phasors when available; otherwise diagnostic fallback
6.9,6.585466986554211e-5,0.000737070322116673,6.585466986554211e-5,0.000737070322116673,6.585466986554211e-5,0.000737070322116673,-0.07493414533013483,-0.8792629296778929,-0.07500000000000037,-0.8800000000000096,0.0,0.0,Vmag_get_voltage_magnitude_series__angle_get_voltage_angle_series,true,Unknown,Ybus EMT reconstruction using exact complex bus-voltage phasors when available; otherwise diagnostic fallback
6.91,6.584662146175146e-5,0.0007369758322848252,6.584662146175146e-5,0.0007369758322848252,6.584662146175146e-5,0.0007369758322848252,-0.07493415337853862,-0.8792630241677247,-0.07500000000000037,-0.8800000000000096,0.0,0.0,Vmag_get_voltage_magnitude_series__angle_get_voltage_angle_series,true,Unknown,Ybus EMT reconstruction using exact complex bus-voltage phasors when available; otherwise diagnostic fallback
6.92,6.583862946585306e-5,0.0007368820046970148,6.583862946585306e-5,0.0007368820046970148,6.583862946585306e-5,0.0007368820046970148,-0.07493416137053452,-0.8792631179953125,-0.07500000000000037,-0.8800000000000096,0.0,0.0,Vmag_get_voltage_magnitude_series__angle_get_voltage_angle_series,true,Unknown,Ybus EMT reconstruction using exact complex bus-voltage phasors when available; otherwise diagnostic fallback
6.93,6.583069398856389e-5,0.000736788840663527,6.583069398856389e-5,0.000736788840663527,6.583069398856389e-5,0.000736788840663527,-0.07493416930601181,-0.879263211159346,-0.07500000000000037,-0.8800000000000096,0.0,0.0,Vmag_get_voltage_magnitude_series__angle_get_voltage_angle_series,true,Unknown,Ybus EMT reconstruction using exact complex bus-voltage phasors when available; otherwise diagnostic fallback
6.94,6.582281513517474e-5,0.0007366963414057182,6.582281513517474e-5,0.0007366963414057182,6.582281513517474e-5,0.0007366963414057182,-0.0749341771848652,-0.8792633036586038,-0.07500000000000037,-0.8800000000000096,0.0,0.0,Vmag_get_voltage_magnitude_series__angle_get_voltage_angle_series,true,Unknown,Ybus EMT reconstruction using exact complex bus-voltage phasors when available; otherwise diagnostic fallback
6.95,6.581499300198357e-5,0.0007366045080664518,6.581499300198357e-5,0.0007366045080664518,6.581499300198357e-5,0.0007366045080664518,-0.07493418500699839,-0.8792633954919431,-0.07500000000000037,-0.8800000000000096,0.0,0.0,Vmag_get_voltage_magnitude_series__angle_get_voltage_angle_series,true,Unknown,Ybus EMT reconstruction using exact complex bus-voltage phasors when available; otherwise diagnostic fallback
6.96,6.58072276803201e-5,0.00073651334170588,6.58072276803201e-5,0.00073651334170588,6.58072276803201e-5,0.00073651334170588,-0.07493419277232005,-0.8792634866583037,-0.07500000000000037,-0.8800000000000096,0.0,0.0,Vmag_get_voltage_magnitude_series__angle_get_voltage_angle_series,true,Unknown,Ybus EMT reconstruction using exact complex bus-voltage phasors when available; otherwise diagnostic fallback
6.97,6.579951925363148e-5,0.0007364228432928943,6.579951925363148e-5,0.0007364228432928943,6.579951925363148e-5,0.0007364228432928943,-0.07493420048074674,-0.8792635771567167,-0.07500000000000037,-0.8800000000000096,0.0,0.0,Vmag_get_voltage_magnitude_series__angle_get_voltage_angle_series,true,Unknown,Ybus EMT reconstruction using exact complex bus-voltage phasors when available; otherwise diagnostic fallback
6.98,6.57918677994529e-5,0.0007363330137885038,6.57918677994529e-5,0.0007363330137885038,6.57918677994529e-5,0.0007363330137885038,-0.07493420813220092,-0.879263666986221,-0.07500000000000037,-0.8800000000000096,0.0,0.0,Vmag_get_voltage_magnitude_series__angle_get_voltage_angle_series,true,Unknown,Ybus EMT reconstruction using exact complex bus-voltage phasors when available; otherwise diagnostic fallback
6.99,6.578427338838067e-5,0.0007362438539632032,6.578427338838067e-5,0.0007362438539632032,6.578427338838067e-5,0.0007362438539632032,-0.07493421572661199,-0.8792637561460463,-0.07500000000000037,-0.8800000000000096,0.0,0.0,Vmag_get_voltage_magnitude_series__angle_get_voltage_angle_series,true,Unknown,Ybus EMT reconstruction using exact complex bus-voltage phasors when available; otherwise diagnostic fallback
7.0,6.577673608598733e-5,0.0007361553646378916,6.577673608598733e-5,0.0007361553646378916,6.577673608598733e-5,0.0007361553646378916,-0.07493422326391438,-0.8792638446353717,-0.07500000000000037,-0.8800000000000096,0.0,0.0,Vmag_get_voltage_magnitude_series__angle_get_voltage_angle_series,true,Unknown,Ybus EMT reconstruction using exact complex bus-voltage phasors when available; otherwise diagnostic fallback
7.01,6.576925595244698e-5,0.0007360675464542776,6.576925595244698e-5,0.0007360675464542776,6.576925595244698e-5,0.0007360675464542776,-0.07493423074404792,-0.8792639324535553,-0.07500000000000037,-0.8800000000000096,0.0,0.0,Vmag_get_voltage_magnitude_series__angle_get_voltage_angle_series,true,Unknown,Ybus EMT reconstruction using exact complex bus-voltage phasors when available; otherwise diagnostic fallback
7.02,6.576183303746985e-5,0.0007359804000682812,6.576183303746985e-5,0.0007359804000682812,6.576183303746985e-5,0.0007359804000682812,-0.0749342381669629,-0.8792640195999413,-0.07500000000000037,-0.8800000000000096,0.0,0.0,Vmag_get_voltage_magnitude_series__angle_get_voltage_angle_series,true,Unknown,Ybus EMT reconstruction using exact complex bus-voltage phasors when available; otherwise diagnostic fallback
7.03,6.57544673883792e-5,0.0007358939259793917,6.57544673883792e-5,0.0007358939259793917,6.57544673883792e-5,0.0007358939259793917,-0.07493424553261199,-0.8792641060740302,-0.07500000000000037,-0.8800000000000096,0.0,0.0,Vmag_get_voltage_magnitude_series__angle_get_voltage_angle_series,true,Unknown,Ybus EMT reconstruction using exact complex bus-voltage phasors when available; otherwise diagnostic fallback
7.04,6.574715904376915e-5,0.0007358081246741088,6.574715904376915e-5,0.0007358081246741088,6.574715904376915e-5,0.0007358081246741088,-0.0749342528409566,-0.8792641918753354,-0.07500000000000037,-0.8800000000000096,0.0,0.0,Vmag_get_voltage_magnitude_series__angle_get_voltage_angle_series,true,Unknown,Ybus EMT reconstruction using exact complex bus-voltage phasors when available; otherwise diagnostic fallback
7.05,6.57399080397636e-5,0.0007357229965715417,6.57399080397636e-5,0.0007357229965715417,6.57399080397636e-5,0.0007357229965715417,-0.07493426009196061,-0.879264277003438,-0.07500000000000037,-0.8800000000000096,0.0,0.0,Vmag_get_voltage_magnitude_series__angle_get_voltage_angle_series,true,Unknown,Ybus EMT reconstruction using exact complex bus-voltage phasors when available; otherwise diagnostic fallback
7.06,6.573271440306339e-5,0.0007356385419680089,6.573271440306339e-5,0.0007356385419680089,6.573271440306339e-5,0.0007356385419680089,-0.07493426728559731,-0.8792643614580415,-0.07500000000000037,-0.8800000000000096,0.0,0.0,Vmag_get_voltage_magnitude_series__angle_get_voltage_angle_series,true,Unknown,Ybus EMT reconstruction using exact complex bus-voltage phasors when available; otherwise diagnostic fallback
7.07,6.572557815662239e-5,0.0007355547611324065,6.572557815662239e-5,0.0007355547611324065,6.572557815662239e-5,0.0007355547611324065,-0.07493427442184375,-0.8792644452388771,-0.07500000000000037,-0.8800000000000096,0.0,0.0,Vmag_get_voltage_magnitude_series__angle_get_voltage_angle_series,true,Unknown,Ybus EMT reconstruction using exact complex bus-voltage phasors when available; otherwise diagnostic fallback
7.08,6.571849931580331e-5,0.0007354716542793405,6.571849931580331e-5,0.0007354716542793405,6.571849931580331e-5,0.0007354716542793405,-0.07493428150068457,-0.8792645283457302,-0.07500000000000037,-0.8800000000000096,0.0,0.0,Vmag_get_voltage_magnitude_series__angle_get_voltage_angle_series,true,Unknown,Ybus EMT reconstruction using exact complex bus-voltage phasors when available; otherwise diagnostic fallback
7.09,6.571147789018184e-5,0.0007353892214883029,6.571147789018184e-5,0.0007353892214883029,6.571147789018184e-5,0.0007353892214883029,-0.07493428852211019,-0.8792646107785212,-0.07500000000000037,-0.8800000000000096,0.0,0.0,Vmag_get_voltage_magnitude_series__angle_get_voltage_angle_series,true,Unknown,Ybus EMT reconstruction using exact complex bus-voltage phasors when available; otherwise diagnostic fallback
7.1,6.570451388732135e-5,0.0007353074628585476,6.570451388732135e-5,0.0007353074628585476,6.570451388732135e-5,0.0007353074628585476,-0.07493429548611305,-0.879264692537151,-0.07500000000000037,-0.8800000000000096,0.0,0.0,Vmag_get_voltage_magnitude_series__angle_get_voltage_angle_series,true,Unknown,Ybus EMT reconstruction using exact complex bus-voltage phasors when available; otherwise diagnostic fallback
7.11,6.569760730426588e-5,0.0007352263783411139,6.569760730426588e-5,0.0007352263783411139,6.569760730426588e-5,0.0007352263783411139,-0.0749343023926961,-0.8792647736216684,-0.07500000000000037,-0.8800000000000096,0.0,0.0,Vmag_get_voltage_magnitude_series__angle_get_voltage_angle_series,true,Unknown,Ybus EMT reconstruction using exact complex bus-voltage phasors when available; otherwise diagnostic fallback
7.12,6.569075813361858e-5,0.0007351459678693884,6.569075813361858e-5,0.0007351459678693884,6.569075813361858e-5,0.0007351459678693884,-0.07493430924186675,-0.8792648540321402,-0.07500000000000037,-0.8800000000000096,0.0,0.0,Vmag_get_voltage_magnitude_series__angle_get_voltage_angle_series,true,Unknown,Ybus EMT reconstruction using exact complex bus-voltage phasors when available; otherwise diagnostic fallback
7.13,6.568396636591478e-5,0.0007350662313507783,6.568396636591478e-5,0.0007350662313507783,6.568396636591478e-5,0.0007350662313507783,-0.07493431603363446,-0.8792649337686588,-0.07500000000000037,-0.8800000000000096,0.0,0.0,Vmag_get_voltage_magnitude_series__angle_get_voltage_angle_series,true,Unknown,Ybus EMT reconstruction using exact complex bus-voltage phasors when available; otherwise diagnostic fallback
7.14,6.567723198304398e-5,0.0007349871685246034,6.567723198304398e-5,0.0007349871685246034,6.567723198304398e-5,0.0007349871685246034,-0.07493432276801733,-0.879265012831485,-0.07500000000000037,-0.8800000000000096,0.0,0.0,Vmag_get_voltage_magnitude_series__angle_get_voltage_angle_series,true,Unknown,Ybus EMT reconstruction using exact complex bus-voltage phasors when available; otherwise diagnostic fallback
7.15,6.56705549607478e-5,0.0007349087791210795,6.56705549607478e-5,0.0007349087791210795,6.56705549607478e-5,0.0007349087791210795,-0.07493432944503962,-0.8792650912208885,-0.07500000000000037,-0.8800000000000096,0.0,0.0,Vmag_get_voltage_magnitude_series__angle_get_voltage_angle_series,true,Unknown,Ybus EMT reconstruction using exact complex bus-voltage phasors when available; otherwise diagnostic fallback
7.16,6.56639352718813e-5,0.0007348310628557675,6.56639352718813e-5,0.0007348310628557675,6.56639352718813e-5,0.0007348310628557675,-0.07493433606472849,-0.8792651689371538,-0.07500000000000037,-0.8800000000000096,0.0,0.0,Vmag_get_voltage_magnitude_series__angle_get_voltage_angle_series,true,Unknown,Ybus EMT reconstruction using exact complex bus-voltage phasors when available; otherwise diagnostic fallback
7.17,6.565737288340145e-5,0.000734754019284356,6.565737288340145e-5,0.000734754019284356,6.565737288340145e-5,0.000734754019284356,-0.07493434262711697,-0.8792652459807252,-0.07500000000000037,-0.8800000000000096,0.0,0.0,Vmag_get_voltage_magnitude_series__angle_get_voltage_angle_series,true,Unknown,Ybus EMT reconstruction using exact complex bus-voltage phasors when available; otherwise diagnostic fallback
7.18,6.565086775645046e-5,0.00073467764799795,6.565086775645046e-5,0.00073467764799795,6.565086775645046e-5,0.00073467764799795,-0.07493434913224392,-0.8792653223520116,-0.07500000000000037,-0.8800000000000096,0.0,0.0,Vmag_get_voltage_magnitude_series__angle_get_voltage_angle_series,true,Unknown,Ybus EMT reconstruction using exact complex bus-voltage phasors when available; otherwise diagnostic fallback
7.19,6.56444198469247e-5,0.0007346019484412158,6.56444198469247e-5,0.0007346019484412158,6.56444198469247e-5,0.0007346019484412158,-0.07493435558015345,-0.8792653980515683,-0.07500000000000037,-0.8800000000000096,0.0,0.0,Vmag_get_voltage_magnitude_series__angle_get_voltage_angle_series,true,Unknown,Ybus EMT reconstruction using exact complex bus-voltage phasors when available; otherwise diagnostic fallback
7.2,6.563802910748706e-5,0.0007345269201098903,6.563802910748706e-5,0.0007345269201098903,6.563802910748706e-5,0.0007345269201098903,-0.07493436197089288,-0.8792654730798997,-0.07500000000000037,-0.8800000000000096,0.0,0.0,Vmag_get_voltage_magnitude_series__angle_get_voltage_angle_series,true,Unknown,Ybus EMT reconstruction using exact complex bus-voltage phasors when available; otherwise diagnostic fallback
7.21,6.563169548318148e-5,0.0007344525623088627,6.563169548318148e-5,0.0007344525623088627,6.563169548318148e-5,0.0007344525623088627,-0.07493436830451719,-0.8792655474377007,-0.07500000000000037,-0.8800000000000096,0.0,0.0,Vmag_get_voltage_magnitude_series__angle_get_voltage_angle_series,true,Unknown,Ybus EMT reconstruction using exact complex bus-voltage phasors when available; otherwise diagnostic fallback
7.22,6.562541891480533e-5,0.0007343788743624513,6.562541891480533e-5,0.0007343788743624513,6.562541891480533e-5,0.0007343788743624513,-0.07493437458108557,-0.8792656211256471,-0.07500000000000037,-0.8800000000000096,0.0,0.0,Vmag_get_voltage_magnitude_series__angle_get_voltage_angle_series,true,Unknown,Ybus EMT reconstruction using exact complex bus-voltage phasors when available; otherwise diagnostic fallback
7.23,6.561919934131022e-5,0.0007343058555525639,6.561919934131022e-5,0.0007343058555525639,6.561919934131022e-5,0.0007343058555525639,-0.07493438080065906,-0.879265694144457,-0.07500000000000037,-0.8800000000000096,0.0,0.0,Vmag_get_voltage_magnitude_series__angle_get_voltage_angle_series,true,Unknown,Ybus EMT reconstruction using exact complex bus-voltage phasors when available; otherwise diagnostic fallback
7.24,6.561303669251617e-5,0.0007342335050617432,6.561303669251617e-5,0.0007342335050617432,6.561303669251617e-5,0.0007342335050617432,-0.07493438696330786,-0.8792657664949478,-0.07500000000000037,-0.8800000000000096,0.0,0.0,Vmag_get_voltage_magnitude_series__angle_get_voltage_angle_series,true,Unknown,Ybus EMT reconstruction using exact complex bus-voltage phasors when available; otherwise diagnostic fallback
7.25,6.560693089582847e-5,0.0007341618220376711,6.560693089582847e-5,0.0007341618220376711,6.560693089582847e-5,0.0007341618220376711,-0.07493439306910454,-0.8792658381779719,-0.07500000000000037,-0.8800000000000096,0.0,0.0,Vmag_get_voltage_magnitude_series__angle_get_voltage_angle_series,true,Unknown,Ybus EMT reconstruction using exact complex bus-voltage phasors when available; otherwise diagnostic fallback
7.26,6.560088187414215e-5,0.0007340908055536444,6.560088187414215e-5,0.0007340908055536444,6.560088187414215e-5,0.0007340908055536444,-0.07493439911812623,-0.8792659091944559,-0.07500000000000037,-0.8800000000000096,0.0,0.0,Vmag_get_voltage_magnitude_series__angle_get_voltage_angle_series,true,Unknown,Ybus EMT reconstruction using exact complex bus-voltage phasors when available; otherwise diagnostic fallback
7.27,6.559488954650805e-5,0.0007340204546757434,6.559488954650805e-5,0.0007340204546757434,6.559488954650805e-5,0.0007340204546757434,-0.07493440511045386,-0.8792659795453338,-0.07500000000000037,-0.8800000000000096,0.0,0.0,Vmag_get_voltage_magnitude_series__angle_get_voltage_angle_series,true,Unknown,Ybus EMT reconstruction using exact complex bus-voltage phasors when available; otherwise diagnostic fallback
7.28,6.558895382328955e-5,0.0007339507683542523,6.558895382328955e-5,0.0007339507683542523,6.558895382328955e-5,0.0007339507683542523,-0.07493441104617708,-0.8792660492316553,-0.07500000000000037,-0.8800000000000096,0.0,0.0,Vmag_get_voltage_magnitude_series__angle_get_voltage_angle_series,true,Unknown,Ybus EMT reconstruction using exact complex bus-voltage phasors when available; otherwise diagnostic fallback
7.29,6.558307461454471e-5,0.0007338817455234681,6.558307461454471e-5,0.0007338817455234681,6.558307461454471e-5,0.0007338817455234681,-0.07493441692538583,-0.8792661182544861,-0.07500000000000037,-0.8800000000000096,0.0,0.0,Vmag_get_voltage_magnitude_series__angle_get_voltage_angle_series,true,Unknown,Ybus EMT reconstruction using exact complex bus-voltage phasors when available; otherwise diagnostic fallback
7.3,6.557725182552987e-5,0.000733813385095039,6.557725182552987e-5,0.000733813385095039,6.557725182552987e-5,0.000733813385095039,-0.07493442274817484,-0.8792661866149145,-0.07500000000000037,-0.8800000000000096,0.0,0.0,Vmag_get_voltage_magnitude_series__angle_get_voltage_angle_series,true,Unknown,Ybus EMT reconstruction using exact complex bus-voltage phasors when available; otherwise diagnostic fallback
7.31,6.55714853560474e-5,0.0007337456858589331,6.55714853560474e-5,0.0007337456858589331,6.55714853560474e-5,0.0007337456858589331,-0.07493442851464432,-0.8792662543141506,-0.07500000000000037,-0.8800000000000096,0.0,0.0,Vmag_get_voltage_magnitude_series__angle_get_voltage_angle_series,true,Unknown,Ybus EMT reconstruction using exact complex bus-voltage phasors when available; otherwise diagnostic fallback
7.32,6.556577510000161e-5,0.0007336786465976797,6.556577510000161e-5,0.0007336786465976797,6.556577510000161e-5,0.0007336786465976797,-0.07493443422490037,-0.8792663213534119,-0.07500000000000037,-0.8800000000000096,0.0,0.0,Vmag_get_voltage_magnitude_series__angle_get_voltage_angle_series,true,Unknown,Ybus EMT reconstruction using exact complex bus-voltage phasors when available; otherwise diagnostic fallback
7.33,6.556012095082497e-5,0.0007336122660381861,6.556012095082497e-5,0.0007336122660381861,6.556012095082497e-5,0.0007336122660381861,-0.07493443987904955,-0.8792663877339714,-0.07500000000000037,-0.8800000000000096,0.0,0.0,Vmag_get_voltage_magnitude_series__angle_get_voltage_angle_series,true,Unknown,Ybus EMT reconstruction using exact complex bus-voltage phasors when available; otherwise diagnostic fallback
7.34,6.555452279408125e-5,0.0007335465428323085,6.555452279408125e-5,0.0007335465428323085,6.555452279408125e-5,0.0007335465428323085,-0.07493444547720629,-0.8792664534571772,-0.07500000000000037,-0.8800000000000096,0.0,0.0,Vmag_get_voltage_magnitude_series__angle_get_voltage_angle_series,true,Unknown,Ybus EMT reconstruction using exact complex bus-voltage phasors when available; otherwise diagnostic fallback
7.35,6.554898051415459e-5,0.0007334814756487784,6.554898051415459e-5,0.0007334814756487784,6.554898051415459e-5,0.0007334814756487784,-0.07493445101948622,-0.8792665185243608,-0.07500000000000037,-0.8800000000000096,0.0,0.0,Vmag_get_voltage_magnitude_series__angle_get_voltage_angle_series,true,Unknown,Ybus EMT reconstruction using exact complex bus-voltage phasors when available; otherwise diagnostic fallback
7.36,6.554349398953108e-5,0.0007334170630479697,6.554349398953108e-5,0.0007334170630479697,6.554349398953108e-5,0.0007334170630479697,-0.07493445650601084,-0.8792665829369616,-0.07500000000000037,-0.8800000000000096,0.0,0.0,Vmag_get_voltage_magnitude_series__angle_get_voltage_angle_series,true,Unknown,Ybus EMT reconstruction using exact complex bus-voltage phasors when available; otherwise diagnostic fallback
7.37,6.553806309511634e-5,0.0007333533035702722,6.553806309511634e-5,0.0007333533035702722,6.553806309511634e-5,0.0007333533035702722,-0.07493446193690526,-0.8792666466964393,-0.07500000000000037,-0.8800000000000096,0.0,0.0,Vmag_get_voltage_magnitude_series__angle_get_voltage_angle_series,true,Unknown,Ybus EMT reconstruction using exact complex bus-voltage phasors when available; otherwise diagnostic fallback
7.38,6.553268770186083e-5,0.0007332901956906834,6.553268770186083e-5,0.0007332901956906834,6.553268770186083e-5,0.0007332901956906834,-0.07493446731229851,-0.8792667098043189,-0.07500000000000037,-0.8800000000000096,0.0,0.0,Vmag_get_voltage_magnitude_series__angle_get_voltage_angle_series,true,Unknown,Ybus EMT reconstruction using exact complex bus-voltage phasors when available; otherwise diagnostic fallback
7.39,6.552736767782841e-5,0.0007332277378594432,6.552736767782841e-5,0.0007332277378594432,6.552736767782841e-5,0.0007332277378594432,-0.07493447263232254,-0.8792667722621501,-0.07500000000000037,-0.8800000000000096,0.0,0.0,Vmag_get_voltage_magnitude_series__angle_get_voltage_angle_series,true,Unknown,Ybus EMT reconstruction using exact complex bus-voltage phasors when available; otherwise diagnostic fallback
7.4,6.552210288479632e-5,0.0007331659284409708,6.552210288479632e-5,0.0007331659284409708,6.552210288479632e-5,0.0007331659284409708,-0.07493447789711558,-0.8792668340715686,-0.07500000000000037,-0.8800000000000096,0.0,0.0,Vmag_get_voltage_magnitude_series__angle_get_voltage_angle_series,true,Unknown,Ybus EMT reconstruction using exact complex bus-voltage phasors when available; otherwise diagnostic fallback
7.41,6.551689318202991e-5,0.0007331047658121204,6.551689318202991e-5,0.0007331047658121204,6.551689318202991e-5,0.0007331047658121204,-0.07493448310681834,-0.8792668952341974,-0.07500000000000037,-0.8800000000000096,0.0,0.0,Vmag_get_voltage_magnitude_series__angle_get_voltage_angle_series,true,Unknown,Ybus EMT reconstruction using exact complex bus-voltage phasors when available; otherwise diagnostic fallback
7.42,6.551173842636593e-5,0.0007330442482725852,6.551173842636593e-5,0.0007330442482725852,6.551173842636593e-5,0.0007330442482725852,-0.074934488261574,-0.879266955751737,-0.07500000000000037,-0.8800000000000096,0.0,0.0,Vmag_get_voltage_magnitude_series__angle_get_voltage_angle_series,true,Unknown,Ybus EMT reconstruction using exact complex bus-voltage phasors when available; otherwise diagnostic fallback
7.43,6.55066384698949e-5,0.0007329843740865316,6.55066384698949e-5,0.0007329843740865316,6.55066384698949e-5,0.0007329843740865316,-0.07493449336153048,-0.879267015625923,-0.07500000000000037,-0.8800000000000096,0.0,0.0,Vmag_get_voltage_magnitude_series__angle_get_voltage_angle_series,true,Unknown,Ybus EMT reconstruction using exact complex bus-voltage phasors when available; otherwise diagnostic fallback
7.44,6.5501593159073e-5,0.0007329251414596172,6.5501593159073e-5,0.0007329251414596172,6.5501593159073e-5,0.0007329251414596172,-0.0749344984068413,-0.8792670748585499,-0.07500000000000037,-0.8800000000000096,0.0,0.0,Vmag_get_voltage_magnitude_series__angle_get_voltage_angle_series,true,Unknown,Ybus EMT reconstruction using exact complex bus-voltage phasors when available; otherwise diagnostic fallback
7.45,6.549660233944044e-5,0.0007328665485862862,6.549660233944044e-5,0.0007328665485862862,6.549660233944044e-5,0.0007328665485862862,-0.07493450339766093,-0.8792671334514233,-0.07500000000000037,-0.8800000000000096,0.0,0.0,Vmag_get_voltage_magnitude_series__angle_get_voltage_angle_series,true,Unknown,Ybus EMT reconstruction using exact complex bus-voltage phasors when available; otherwise diagnostic fallback
7.46,6.549166585269328e-5,0.0007328085935772721,6.549166585269328e-5,0.0007328085935772721,6.549166585269328e-5,0.0007328085935772721,-0.07493450833414768,-0.8792671914064323,-0.07500000000000037,-0.8800000000000096,0.0,0.0,Vmag_get_voltage_magnitude_series__angle_get_voltage_angle_series,true,Unknown,Ybus EMT reconstruction using exact complex bus-voltage phasors when available; otherwise diagnostic fallback
7.47,6.548678353400506e-5,0.0007327512745302078,6.548678353400506e-5,0.0007327512745302078,6.548678353400506e-5,0.0007327512745302078,-0.07493451321646637,-0.8792672487254793,-0.07500000000000037,-0.8800000000000096,0.0,0.0,Vmag_get_voltage_magnitude_series__angle_get_voltage_angle_series,true,Unknown,Ybus EMT reconstruction using exact complex bus-voltage phasors when available; otherwise diagnostic fallback
7.48,6.5481955220284e-5,0.0007326945895017589,6.5481955220284e-5,0.0007326945895017589,6.5481955220284e-5,0.0007326945895017589,-0.07493451804478009,-0.8792673054105078,-0.07500000000000037,-0.8800000000000096,0.0,0.0,Vmag_get_voltage_magnitude_series__angle_get_voltage_angle_series,true,Unknown,Ybus EMT reconstruction using exact complex bus-voltage phasors when available; otherwise diagnostic fallback
7.49,6.547718074086106e-5,0.0007326385365225008,6.547718074086106e-5,0.0007326385365225008,6.547718074086106e-5,0.0007326385365225008,-0.07493452281925951,-0.879267361463487,-0.07500000000000037,-0.8800000000000096,0.0,0.0,Vmag_get_voltage_magnitude_series__angle_get_voltage_angle_series,true,Unknown,Ybus EMT reconstruction using exact complex bus-voltage phasors when available; otherwise diagnostic fallback
7.5,6.547245992313822e-5,0.0007325831135374106,6.547245992313822e-5,0.0007325831135374106,6.547245992313822e-5,0.0007325831135374106,-0.07493452754007723,-0.8792674168864721,-0.07500000000000037,-0.8800000000000096,0.0,0.0,Vmag_get_voltage_magnitude_series__angle_get_voltage_angle_series,true,Unknown,Ybus EMT reconstruction using exact complex bus-voltage phasors when available; otherwise diagnostic fallback
7.51,6.546779259175572e-5,0.0007325283184830278,6.546779259175572e-5,0.0007325283184830278,6.546779259175572e-5,0.0007325283184830278,-0.07493453220740862,-0.8792674716815265,-0.07500000000000037,-0.8800000000000096,0.0,0.0,Vmag_get_voltage_magnitude_series__angle_get_voltage_angle_series,true,Unknown,Ybus EMT reconstruction using exact complex bus-voltage phasors when available; otherwise diagnostic fallback
7.52,6.546317856596928e-5,0.0007324741492705789,6.546317856596928e-5,0.0007324741492705789,6.546317856596928e-5,0.0007324741492705789,-0.0749345368214344,-0.879267525850739,-0.07500000000000037,-0.8800000000000096,0.0,0.0,Vmag_get_voltage_magnitude_series__angle_get_voltage_angle_series,true,Unknown,Ybus EMT reconstruction using exact complex bus-voltage phasors when available; otherwise diagnostic fallback
7.53,6.545861766431293e-5,0.0007324206037396808,6.545861766431293e-5,0.0007324206037396808,6.545861766431293e-5,0.0007324206037396808,-0.07493454138233606,-0.8792675793962699,-0.07500000000000037,-0.8800000000000096,0.0,0.0,Vmag_get_voltage_magnitude_series__angle_get_voltage_angle_series,true,Unknown,Ybus EMT reconstruction using exact complex bus-voltage phasors when available; otherwise diagnostic fallback
7.54,6.545410969986676e-5,0.0007323676797061918,6.545410969986676e-5,0.0007323676797061918,6.545410969986676e-5,0.0007323676797061918,-0.0749345458903005,-0.8792676323203034,-0.07500000000000037,-0.8800000000000096,0.0,0.0,Vmag_get_voltage_magnitude_series__angle_get_voltage_angle_series,true,Unknown,Ybus EMT reconstruction using exact complex bus-voltage phasors when available; otherwise diagnostic fallback
7.55,6.54496544850447e-5,0.0007323153749629885,6.54496544850447e-5,0.0007323153749629885,6.54496544850447e-5,0.0007323153749629885,-0.07493455034551533,-0.8792676846250466,-0.07500000000000037,-0.8800000000000096,0.0,0.0,Vmag_get_voltage_magnitude_series__angle_get_voltage_angle_series,true,Unknown,Ybus EMT reconstruction using exact complex bus-voltage phasors when available; otherwise diagnostic fallback
7.56,6.544525182854144e-5,0.000732263687265422,6.544525182854144e-5,0.000732263687265422,6.544525182854144e-5,0.000732263687265422,-0.07493455474817183,-0.8792677363127441,-0.07500000000000037,-0.8800000000000096,0.0,0.0,Vmag_get_voltage_magnitude_series__angle_get_voltage_angle_series,true,Unknown,Ybus EMT reconstruction using exact complex bus-voltage phasors when available; otherwise diagnostic fallback
7.57,6.544090153395854e-5,0.0007322126143131102,6.544090153395854e-5,0.0007322126143131102,6.544090153395854e-5,0.0007322126143131102,-0.07493455909846641,-0.8792677873856964,-0.07500000000000037,-0.8800000000000096,0.0,0.0,Vmag_get_voltage_magnitude_series__angle_get_voltage_angle_series,true,Unknown,Ybus EMT reconstruction using exact complex bus-voltage phasors when available; otherwise diagnostic fallback
7.58,6.543660340382895e-5,0.000732162153795235,6.543660340382895e-5,0.000732162153795235,6.543660340382895e-5,0.000732162153795235,-0.07493456339659654,-0.8792678378462143,-0.07500000000000037,-0.8800000000000096,0.0,0.0,Vmag_get_voltage_magnitude_series__angle_get_voltage_angle_series,true,Unknown,Ybus EMT reconstruction using exact complex bus-voltage phasors when available; otherwise diagnostic fallback
7.59,6.543235723803498e-5,0.0007321123033486865,6.543235723803498e-5,0.0007321123033486865,6.543235723803498e-5,0.0007321123033486865,-0.07493456764276234,-0.8792678876966609,-0.07500000000000037,-0.8800000000000096,0.0,0.0,Vmag_get_voltage_magnitude_series__angle_get_voltage_angle_series,true,Unknown,Ybus EMT reconstruction using exact complex bus-voltage phasors when available; otherwise diagnostic fallback
7.6,6.542816283131025e-5,0.0007320630605625045,6.542816283131025e-5,0.0007320630605625045,6.542816283131025e-5,0.0007320630605625045,-0.07493457183716906,-0.879267936939447,-0.07500000000000037,-0.8800000000000096,0.0,0.0,Vmag_get_voltage_magnitude_series__angle_get_voltage_angle_series,true,Unknown,Ybus EMT reconstruction using exact complex bus-voltage phasors when available; otherwise diagnostic fallback
7.61,6.542401998017866e-5,0.0007320144230417158,6.542401998017866e-5,0.0007320144230417158,6.542401998017866e-5,0.0007320144230417158,-0.0749345759800202,-0.8792679855769678,-0.07500000000000037,-0.8800000000000096,0.0,0.0,Vmag_get_voltage_magnitude_series__angle_get_voltage_angle_series,true,Unknown,Ybus EMT reconstruction using exact complex bus-voltage phasors when available; otherwise diagnostic fallback
7.62,6.54199284716439e-5,0.0007319663883260663,6.54199284716439e-5,0.0007319663883260663,6.54199284716439e-5,0.0007319663883260663,-0.07493458007152873,-0.8792680336116835,-0.07500000000000037,-0.8800000000000096,0.0,0.0,Vmag_get_voltage_magnitude_series__angle_get_voltage_angle_series,true,Unknown,Ybus EMT reconstruction using exact complex bus-voltage phasors when available; otherwise diagnostic fallback
7.63,6.541588809558241e-5,0.0007319189538886883,6.541588809558241e-5,0.0007319189538886883,6.541588809558241e-5,0.0007319189538886883,-0.07493458411190479,-0.8792680810461209,-0.07500000000000037,-0.8800000000000096,0.0,0.0,Vmag_get_voltage_magnitude_series__angle_get_voltage_angle_series,true,Unknown,Ybus EMT reconstruction using exact complex bus-voltage phasors when available; otherwise diagnostic fallback
7.64,6.541189863883135e-5,0.0007318721172769882,6.541189863883135e-5,0.0007318721172769882,6.541189863883135e-5,0.0007318721172769882,-0.07493458810136154,-0.8792681278827326,-0.07500000000000037,-0.8800000000000096,0.0,0.0,Vmag_get_voltage_magnitude_series__angle_get_voltage_angle_series,true,Unknown,Ybus EMT reconstruction using exact complex bus-voltage phasors when available; otherwise diagnostic fallback
7.65,6.540795988105308e-5,0.000731825875877945,6.540795988105308e-5,0.000731825875877945,6.540795988105308e-5,0.000731825875877945,-0.07493459204011932,-0.8792681741241316,-0.07500000000000037,-0.8800000000000096,0.0,0.0,Vmag_get_voltage_magnitude_series__angle_get_voltage_angle_series,true,Unknown,Ybus EMT reconstruction using exact complex bus-voltage phasors when available; otherwise diagnostic fallback
7.66,6.540407160483819e-5,0.000731780227133827,6.540407160483819e-5,0.000731780227133827,6.540407160483819e-5,0.000731780227133827,-0.07493459592839553,-0.8792682197728757,-0.07500000000000037,-0.8800000000000096,0.0,0.0,Vmag_get_voltage_magnitude_series__angle_get_voltage_angle_series,true,Unknown,Ybus EMT reconstruction using exact complex bus-voltage phasors when available; otherwise diagnostic fallback
7.67,6.540023358625469e-5,0.00073173516844105,6.540023358625469e-5,0.00073173516844105,6.540023358625469e-5,0.00073173516844105,-0.07493459976641412,-0.8792682648315685,-0.07500000000000037,-0.8800000000000096,0.0,0.0,Vmag_get_voltage_magnitude_series__angle_get_voltage_angle_series,true,Unknown,Ybus EMT reconstruction using exact complex bus-voltage phasors when available; otherwise diagnostic fallback
7.68,6.53964456000522e-5,0.000731690697120313,6.53964456000522e-5,0.000731690697120313,6.53964456000522e-5,0.000731690697120313,-0.07493460355440032,-0.8792683093028892,-0.07500000000000037,-0.8800000000000096,0.0,0.0,Vmag_get_voltage_magnitude_series__angle_get_voltage_angle_series,true,Unknown,Ybus EMT reconstruction using exact complex bus-voltage phasors when available; otherwise diagnostic fallback
7.69,6.539270742138281e-5,0.0007316468105744711,6.539270742138281e-5,0.0007316468105744711,6.539270742138281e-5,0.0007316468105744711,-0.07493460729257899,-0.8792683531894351,-0.07500000000000037,-0.8800000000000096,0.0,0.0,Vmag_get_voltage_magnitude_series__angle_get_voltage_angle_series,true,Unknown,Ybus EMT reconstruction using exact complex bus-voltage phasors when available; otherwise diagnostic fallback
7.7,6.538901881864012e-5,0.0007316035060616066,6.538901881864012e-5,0.0007316035060616066,6.538901881864012e-5,0.0007316035060616066,-0.07493461098118173,-0.879268396493948,-0.07500000000000037,-0.8800000000000096,0.0,0.0,Vmag_get_voltage_magnitude_series__angle_get_voltage_angle_series,true,Unknown,Ybus EMT reconstruction using exact complex bus-voltage phasors when available; otherwise diagnostic fallback
7.71,6.538537955928792e-5,0.0007315607808435765,6.538537955928792e-5,0.0007315607808435765,6.538537955928792e-5,0.0007315607808435765,-0.07493461462044108,-0.879268439219166,-0.07500000000000037,-0.8800000000000096,0.0,0.0,Vmag_get_voltage_magnitude_series__angle_get_voltage_angle_series,true,Unknown,Ybus EMT reconstruction using exact complex bus-voltage phasors when available; otherwise diagnostic fallback
7.72,6.538178940974915e-5,0.0007315186321747991,6.538178940974915e-5,0.0007315186321747991,6.538178940974915e-5,0.0007315186321747991,-0.07493461821059062,-0.8792684813678348,-0.07500000000000037,-0.8800000000000096,0.0,0.0,Vmag_get_voltage_magnitude_series__angle_get_voltage_angle_series,true,Unknown,Ybus EMT reconstruction using exact complex bus-voltage phasors when available; otherwise diagnostic fallback
7.73,6.537824813475368e-5,0.0007314770573225715,6.537824813475368e-5,0.0007314770573225715,6.537824813475368e-5,0.0007314770573225715,-0.07493462175186562,-0.879268522942687,-0.07500000000000037,-0.8800000000000096,0.0,0.0,Vmag_get_voltage_magnitude_series__angle_get_voltage_angle_series,true,Unknown,Ybus EMT reconstruction using exact complex bus-voltage phasors when available; otherwise diagnostic fallback
7.74,6.53747554931472e-5,0.0007314360534512732,6.53747554931472e-5,0.0007314360534512732,6.53747554931472e-5,0.0007314360534512732,-0.07493462524450722,-0.8792685639465583,-0.07500000000000037,-0.8800000000000096,0.0,0.0,Vmag_get_voltage_magnitude_series__angle_get_voltage_angle_series,true,Unknown,Ybus EMT reconstruction using exact complex bus-voltage phasors when available; otherwise diagnostic fallback
7.75,6.537131124627338e-5,0.000731395617703634,6.537131124627338e-5,0.000731395617703634,6.537131124627338e-5,0.000731395617703634,-0.0749346286887541,-0.8792686043823059,-0.07500000000000037,-0.8800000000000096,0.0,0.0,Vmag_get_voltage_magnitude_series__angle_get_voltage_angle_series,true,Unknown,Ybus EMT reconstruction using exact complex bus-voltage phasors when available; otherwise diagnostic fallback
7.76,6.536791514959173e-5,0.0007313557472781174,6.536791514959173e-5,0.0007313557472781174,6.536791514959173e-5,0.0007313557472781174,-0.07493463208485078,-0.8792686442527314,-0.07500000000000037,-0.8800000000000096,0.0,0.0,Vmag_get_voltage_magnitude_series__angle_get_voltage_angle_series,true,Unknown,Ybus EMT reconstruction using exact complex bus-voltage phasors when available; otherwise diagnostic fallback
7.77,6.536456695925563e-5,0.0007313164392929172,6.536456695925563e-5,0.0007313164392929172,6.536456695925563e-5,0.0007313164392929172,-0.07493463543304112,-0.8792686835607166,-0.07500000000000037,-0.8800000000000096,0.0,0.0,Vmag_get_voltage_magnitude_series__angle_get_voltage_angle_series,true,Unknown,Ybus EMT reconstruction using exact complex bus-voltage phasors when available; otherwise diagnostic fallback
7.78,6.53612664278519e-5,0.0007312776908090513,6.53612664278519e-5,0.0007312776908090513,6.53612664278519e-5,0.0007312776908090513,-0.07493463873357252,-0.8792687223092005,-0.07500000000000037,-0.8800000000000096,0.0,0.0,Vmag_get_voltage_magnitude_series__angle_get_voltage_angle_series,true,Unknown,Ybus EMT reconstruction using exact complex bus-voltage phasors when available; otherwise diagnostic fallback
7.79,6.535801330651014e-5,0.0007312394989479332,6.535801330651014e-5,0.0007312394989479332,6.535801330651014e-5,0.0007312394989479332,-0.07493464198669386,-0.8792687605010616,-0.07500000000000037,-0.8800000000000096,0.0,0.0,Vmag_get_voltage_magnitude_series__angle_get_voltage_angle_series,true,Unknown,Ybus EMT reconstruction using exact complex bus-voltage phasors when available; otherwise diagnostic fallback
7.8,6.535480734201626e-5,0.000731201860722952,6.535480734201626e-5,0.000731201860722952,6.535480734201626e-5,0.000731201860722952,-0.07493464519265836,-0.8792687981392866,-0.07500000000000037,-0.8800000000000096,0.0,0.0,Vmag_get_voltage_magnitude_series__angle_get_voltage_angle_series,true,Unknown,Ybus EMT reconstruction using exact complex bus-voltage phasors when available; otherwise diagnostic fallback
7.81,6.53516482871791e-5,0.0007311647732185511,6.53516482871791e-5,0.0007311647732185511,6.53516482871791e-5,0.0007311647732185511,-0.07493464835171319,-0.879268835226791,-0.07500000000000037,-0.8800000000000096,0.0,0.0,Vmag_get_voltage_magnitude_series__angle_get_voltage_angle_series,true,Unknown,Ybus EMT reconstruction using exact complex bus-voltage phasors when available; otherwise diagnostic fallback
7.82,6.534853588216483e-5,0.0007311282334037106,6.534853588216483e-5,0.0007311282334037106,6.534853588216483e-5,0.0007311282334037106,-0.07493465146411821,-0.8792688717666058,-0.07500000000000037,-0.8800000000000096,0.0,0.0,Vmag_get_voltage_magnitude_series__angle_get_voltage_angle_series,true,Unknown,Ybus EMT reconstruction using exact complex bus-voltage phasors when available; otherwise diagnostic fallback
7.83,6.534546987428669e-5,0.0007310922382912644,6.534546987428669e-5,0.0007310922382912644,6.534546987428669e-5,0.0007310922382912644,-0.07493465453012609,-0.8792689077617183,-0.07500000000000037,-0.8800000000000096,0.0,0.0,Vmag_get_voltage_magnitude_series__angle_get_voltage_angle_series,true,Unknown,Ybus EMT reconstruction using exact complex bus-voltage phasors when available; otherwise diagnostic fallback
7.84,6.534245000364147e-5,0.0007310567848357596,6.534245000364147e-5,0.0007310567848357596,6.534245000364147e-5,0.0007310567848357596,-0.07493465754999673,-0.8792689432151738,-0.07500000000000037,-0.8800000000000096,0.0,0.0,Vmag_get_voltage_magnitude_series__angle_get_voltage_angle_series,true,Unknown,Ybus EMT reconstruction using exact complex bus-voltage phasors when available; otherwise diagnostic fallback
7.85,6.533947601013168e-5,0.0007310218700069537,6.533947601013168e-5,0.0007310218700069537,6.533947601013168e-5,0.0007310218700069537,-0.07493466052399024,-0.8792689781300026,-0.07500000000000037,-0.8800000000000096,0.0,0.0,Vmag_get_voltage_magnitude_series__angle_get_voltage_angle_series,true,Unknown,Ybus EMT reconstruction using exact complex bus-voltage phasors when available; otherwise diagnostic fallback
7.86,6.533654763503371e-5,0.000730987490735191,6.533654763503371e-5,0.000730987490735191,6.533654763503371e-5,0.000730987490735191,-0.07493466345236534,-0.8792690125092744,-0.07500000000000037,-0.8800000000000096,0.0,0.0,Vmag_get_voltage_magnitude_series__angle_get_voltage_angle_series,true,Unknown,Ybus EMT reconstruction using exact complex bus-voltage phasors when available; otherwise diagnostic fallback
7.87,6.533366461397572e-5,0.0007309536439314979,6.533366461397572e-5,0.0007309536439314979,6.533366461397572e-5,0.0007309536439314979,-0.0749346663353864,-0.879269046356078,-0.07500000000000037,-0.8800000000000096,0.0,0.0,Vmag_get_voltage_magnitude_series__angle_get_voltage_angle_series,true,Unknown,Ybus EMT reconstruction using exact complex bus-voltage phasors when available; otherwise diagnostic fallback
7.88,6.5330826682794e-5,0.0007309203265090103,6.5330826682794e-5,0.0007309203265090103,6.5330826682794e-5,0.0007309203265090103,-0.07493466917331758,-0.8792690796735005,-0.07500000000000037,-0.8800000000000096,0.0,0.0,Vmag_get_voltage_magnitude_series__angle_get_voltage_angle_series,true,Unknown,Ybus EMT reconstruction using exact complex bus-voltage phasors when available; otherwise diagnostic fallback
7.89,6.532803357588157e-5,0.0007308875353234656,6.532803357588157e-5,0.0007308875353234656,6.532803357588157e-5,0.0007308875353234656,-0.07493467196642449,-0.8792691124646861,-0.07500000000000037,-0.8800000000000096,0.0,0.0,Vmag_get_voltage_magnitude_series__angle_get_voltage_angle_series,true,Unknown,Ybus EMT reconstruction using exact complex bus-voltage phasors when available; otherwise diagnostic fallback
7.9,6.532528502661838e-5,0.0007308552672455892,6.532528502661838e-5,0.0007308552672455892,6.532528502661838e-5,0.0007308552672455892,-0.07493467471497375,-0.879269144732764,-0.07500000000000037,-0.8800000000000096,0.0,0.0,Vmag_get_voltage_magnitude_series__angle_get_voltage_angle_series,true,Unknown,Ybus EMT reconstruction using exact complex bus-voltage phasors when available; otherwise diagnostic fallback
7.91,6.532258076519248e-5,0.0007308235191048063,6.532258076519248e-5,0.0007308235191048063,6.532258076519248e-5,0.0007308235191048063,-0.07493467741923518,-0.8792691764809047,-0.07500000000000037,-0.8800000000000096,0.0,0.0,Vmag_get_voltage_magnitude_series__angle_get_voltage_angle_series,true,Unknown,Ybus EMT reconstruction using exact complex bus-voltage phasors when available; otherwise diagnostic fallback
7.92,6.53199205225552e-5,0.000730792287791604,6.53199205225552e-5,0.000730792287791604,6.53199205225552e-5,0.000730792287791604,-0.07493468007947782,-0.879269207712218,-0.07500000000000037,-0.8800000000000096,0.0,0.0,Vmag_get_voltage_magnitude_series__angle_get_voltage_angle_series,true,Unknown,Ybus EMT reconstruction using exact complex bus-voltage phasors when available; otherwise diagnostic fallback
7.93,6.531730402717373e-5,0.0007307615700621328,6.531730402717373e-5,0.0007307615700621328,6.531730402717373e-5,0.0007307615700621328,-0.0749346826959732,-0.8792692384299474,-0.07500000000000037,-0.8800000000000096,0.0,0.0,Vmag_get_voltage_magnitude_series__angle_get_voltage_angle_series,true,Unknown,Ybus EMT reconstruction using exact complex bus-voltage phasors when available; otherwise diagnostic fallback
7.94,6.531473100629404e-5,0.0007307313627287204,6.531473100629404e-5,0.0007307313627287204,6.531473100629404e-5,0.0007307313627287204,-0.07493468526899408,-0.8792692686372808,-0.07500000000000037,-0.8800000000000096,0.0,0.0,Vmag_get_voltage_magnitude_series__angle_get_voltage_angle_series,true,Unknown,Ybus EMT reconstruction using exact complex bus-voltage phasors when available; otherwise diagnostic fallback
7.95,6.531220118861925e-5,0.0007307016626190155,6.531220118861925e-5,0.0007307016626190155,6.531220118861925e-5,0.0007307016626190155,-0.07493468779881175,-0.8792692983373905,-0.07500000000000037,-0.8800000000000096,0.0,0.0,Vmag_get_voltage_magnitude_series__angle_get_voltage_angle_series,true,Unknown,Ybus EMT reconstruction using exact complex bus-voltage phasors when available; otherwise diagnostic fallback
7.96,6.530971429470622e-5,0.0007306724664407627,6.530971429470622e-5,0.0007306724664407627,6.530971429470622e-5,0.0007306724664407627,-0.07493469028570567,-0.8792693275335688,-0.07500000000000037,-0.8800000000000096,0.0,0.0,Vmag_get_voltage_magnitude_series__angle_get_voltage_angle_series,true,Unknown,Ybus EMT reconstruction using exact complex bus-voltage phasors when available; otherwise diagnostic fallback
7.97,6.530727005196746e-5,0.0007306437709899694,6.530727005196746e-5,0.0007306437709899694,6.530727005196746e-5,0.0007306437709899694,-0.0749346927299484,-0.8792693562290196,-0.07500000000000037,-0.8800000000000096,0.0,0.0,Vmag_get_voltage_magnitude_series__angle_get_voltage_angle_series,true,Unknown,Ybus EMT reconstruction using exact complex bus-voltage phasors when available; otherwise diagnostic fallback
7.98,6.530486818338843e-5,0.0007306155730313346,6.530486818338843e-5,0.0007306155730313346,6.530486818338843e-5,0.0007306155730313346,-0.07493469513181698,-0.8792693844269782,-0.07500000000000037,-0.8800000000000096,0.0,0.0,Vmag_get_voltage_magnitude_series__angle_get_voltage_angle_series,true,Unknown,Ybus EMT reconstruction using exact complex bus-voltage phasors when available; otherwise diagnostic fallback
7.99,6.530250840873497e-5,0.0007305878692559498,6.530250840873497e-5,0.0007305878692559498,6.530250840873497e-5,0.0007305878692559498,-0.07493469749159164,-0.8792694121307536,-0.07500000000000037,-0.8800000000000096,0.0,0.0,Vmag_get_voltage_magnitude_series__angle_get_voltage_angle_series,true,Unknown,Ybus EMT reconstruction using exact complex bus-voltage phasors when available; otherwise diagnostic fallback
8.0,6.530019045088153e-5,0.0007305606564307343,6.530019045088153e-5,0.0007305606564307343,6.530019045088153e-5,0.0007305606564307343,-0.07493469980954949,-0.8792694393435788,-0.07500000000000037,-0.8800000000000096,0.0,0.0,Vmag_get_voltage_magnitude_series__angle_get_voltage_angle_series,true,Unknown,Ybus EMT reconstruction using exact complex bus-voltage phasors when available; otherwise diagnostic fallback
8.01,6.529791402765106e-5,0.0007305339312233539,6.529791402765106e-5,0.0007305339312233539,6.529791402765106e-5,0.0007305339312233539,-0.07493470208597272,-0.8792694660687862,-0.07500000000000037,-0.8800000000000096,0.0,0.0,Vmag_get_voltage_magnitude_series__angle_get_voltage_angle_series,true,Unknown,Ybus EMT reconstruction using exact complex bus-voltage phasors when available; otherwise diagnostic fallback
8.02,6.529567886032206e-5,0.000730507690371085,6.529567886032206e-5,0.000730507690371085,6.529567886032206e-5,0.000730507690371085,-0.07493470432114005,-0.8792694923096385,-0.07500000000000037,-0.8800000000000096,0.0,0.0,Vmag_get_voltage_magnitude_series__angle_get_voltage_angle_series,true,Unknown,Ybus EMT reconstruction using exact complex bus-voltage phasors when available; otherwise diagnostic fallback
8.03,6.52934846659542e-5,0.0007304819305443688,6.52934846659542e-5,0.0007304819305443688,6.52934846659542e-5,0.0007304819305443688,-0.07493470651533442,-0.8792695180694652,-0.07500000000000037,-0.8800000000000096,0.0,0.0,Vmag_get_voltage_magnitude_series__angle_get_voltage_angle_series,true,Unknown,Ybus EMT reconstruction using exact complex bus-voltage phasors when available; otherwise diagnostic fallback
8.04,6.52913311621206e-5,0.0007304566484269692,6.52913311621206e-5,0.0007304566484269692,6.52913311621206e-5,0.0007304566484269692,-0.07493470866883825,-0.8792695433515826,-0.07500000000000037,-0.8800000000000096,0.0,0.0,Vmag_get_voltage_magnitude_series__angle_get_voltage_angle_series,true,Unknown,Ybus EMT reconstruction using exact complex bus-voltage phasors when available; otherwise diagnostic fallback
8.05,6.528921806427113e-5,0.0007304318407038712,6.528921806427113e-5,0.0007304318407038712,6.528921806427113e-5,0.0007304318407038712,-0.0749347107819361,-0.8792695681593057,-0.07500000000000037,-0.8800000000000096,0.0,0.0,Vmag_get_voltage_magnitude_series__angle_get_voltage_angle_series,true,Unknown,Ybus EMT reconstruction using exact complex bus-voltage phasors when available; otherwise diagnostic fallback
8.06,6.528714508866051e-5,0.0007304075040089897,6.528714508866051e-5,0.0007304075040089897,6.528714508866051e-5,0.0007304075040089897,-0.07493471285491171,-0.8792695924960006,-0.07500000000000037,-0.8800000000000096,0.0,0.0,Vmag_get_voltage_magnitude_series__angle_get_voltage_angle_series,true,Unknown,Ybus EMT reconstruction using exact complex bus-voltage phasors when available; otherwise diagnostic fallback
8.07,6.528511195066922e-5,0.0007303836350279758,6.528511195066922e-5,0.0007303836350279758,6.528511195066922e-5,0.0007303836350279758,-0.0749347148880497,-0.8792696163649816,-0.07500000000000037,-0.8800000000000096,0.0,0.0,Vmag_get_voltage_magnitude_series__angle_get_voltage_angle_series,true,Unknown,Ybus EMT reconstruction using exact complex bus-voltage phasors when available; otherwise diagnostic fallback
8.08,6.528311836356826e-5,0.0007303602303816437,6.528311836356826e-5,0.0007303602303816437,6.528311836356826e-5,0.0007303602303816437,-0.0749347168816368,-0.8792696397696279,-0.07500000000000037,-0.8800000000000096,0.0,0.0,Vmag_get_voltage_magnitude_series__angle_get_voltage_angle_series,true,Unknown,Ybus EMT reconstruction using exact complex bus-voltage phasors when available; otherwise diagnostic fallback
8.09,6.528116404076745e-5,0.0007303372866974689,6.528116404076745e-5,0.0007303372866974689,6.528116404076745e-5,0.0007303372866974689,-0.0749347188359596,-0.8792696627133121,-0.07500000000000037,-0.8800000000000096,0.0,0.0,Vmag_get_voltage_magnitude_series__angle_get_voltage_angle_series,true,Unknown,Ybus EMT reconstruction using exact complex bus-voltage phasors when available; otherwise diagnostic fallback
8.1,6.52792486977305e-5,0.0007303148006394533,6.52792486977305e-5,0.0007303148006394533,6.52792486977305e-5,0.0007303148006394533,-0.07493472075130264,-0.8792696851993701,-0.07500000000000037,-0.8800000000000096,0.0,0.0,Vmag_get_voltage_magnitude_series__angle_get_voltage_angle_series,true,Unknown,Ybus EMT reconstruction using exact complex bus-voltage phasors when available; otherwise diagnostic fallback
8.11,6.527737204395367e-5,0.0007302927688269678,6.527737204395367e-5,0.0007302927688269678,6.527737204395367e-5,0.0007302927688269678,-0.07493472262795642,-0.8792697072311826,-0.07500000000000037,-0.8800000000000096,0.0,0.0,Vmag_get_voltage_magnitude_series__angle_get_voltage_angle_series,true,Unknown,Ybus EMT reconstruction using exact complex bus-voltage phasors when available; otherwise diagnostic fallback
8.12,6.527553379362394e-5,0.0007302711878457435,6.527553379362394e-5,0.0007302711878457435,6.527553379362394e-5,0.0007302711878457435,-0.07493472446620675,-0.8792697288121638,-0.07500000000000037,-0.8800000000000096,0.0,0.0,Vmag_get_voltage_magnitude_series__angle_get_voltage_angle_series,true,Unknown,Ybus EMT reconstruction using exact complex bus-voltage phasors when available; otherwise diagnostic fallback
8.13,6.527373365450284e-5,0.0007302500543158175,6.527373365450284e-5,0.0007302500543158175,6.527373365450284e-5,0.0007302500543158175,-0.07493472626634587,-0.8792697499456937,-0.07500000000000037,-0.8800000000000096,0.0,0.0,Vmag_get_voltage_magnitude_series__angle_get_voltage_angle_series,true,Unknown,Ybus EMT reconstruction using exact complex bus-voltage phasors when available; otherwise diagnostic fallback
8.14,6.52719713397365e-5,0.0007302293648557834,6.52719713397365e-5,0.0007302293648557834,6.52719713397365e-5,0.0007302293648557834,-0.07493472802866064,-0.8792697706351538,-0.07500000000000037,-0.8800000000000096,0.0,0.0,Vmag_get_voltage_magnitude_series__angle_get_voltage_angle_series,true,Unknown,Ybus EMT reconstruction using exact complex bus-voltage phasors when available; otherwise diagnostic fallback
8.15,6.527024656094449e-5,0.0007302091160725777,6.527024656094449e-5,0.0007302091160725777,6.527024656094449e-5,0.0007302091160725777,-0.07493472975343943,-0.879269790883937,-0.07500000000000037,-0.8800000000000096,0.0,0.0,Vmag_get_voltage_magnitude_series__angle_get_voltage_angle_series,true,Unknown,Ybus EMT reconstruction using exact complex bus-voltage phasors when available; otherwise diagnostic fallback
8.16,6.526855902580508e-5,0.000730189304540052,6.526855902580508e-5,0.000730189304540052,6.526855902580508e-5,0.000730189304540052,-0.07493473144097457,-0.8792698106954695,-0.07500000000000037,-0.8800000000000096,0.0,0.0,Vmag_get_voltage_magnitude_series__angle_get_voltage_angle_series,true,Unknown,Ybus EMT reconstruction using exact complex bus-voltage phasors when available; otherwise diagnostic fallback
8.17,6.526690844464722e-5,0.0007301699268310591,6.526690844464722e-5,0.0007301699268310591,6.526690844464722e-5,0.0007301699268310591,-0.07493473309155572,-0.8792698300731785,-0.07500000000000037,-0.8800000000000096,0.0,0.0,Vmag_get_voltage_magnitude_series__angle_get_voltage_angle_series,true,Unknown,Ybus EMT reconstruction using exact complex bus-voltage phasors when available; otherwise diagnostic fallback
8.18,6.526529452567653e-5,0.0007301509795637484,6.526529452567653e-5,0.0007301509795637484,6.526529452567653e-5,0.0007301509795637484,-0.0749347347054747,-0.8792698490204458,-0.07500000000000037,-0.8800000000000096,0.0,0.0,Vmag_get_voltage_magnitude_series__angle_get_voltage_angle_series,true,Unknown,Ybus EMT reconstruction using exact complex bus-voltage phasors when available; otherwise diagnostic fallback
8.19,6.526371697998523e-5,0.0007301324593209646,6.526371697998523e-5,0.0007301324593209646,6.526371697998523e-5,0.0007301324593209646,-0.07493473628302039,-0.8792698675406886,-0.07500000000000037,-0.8800000000000096,0.0,0.0,Vmag_get_voltage_magnitude_series__angle_get_voltage_angle_series,true,Unknown,Ybus EMT reconstruction using exact complex bus-voltage phasors when available; otherwise diagnostic fallback
8.2,6.526217551497404e-5,0.0007301143626911033,6.526217551497404e-5,0.0007301143626911033,6.526217551497404e-5,0.0007301143626911033,-0.0749347378244854,-0.8792698856373184,-0.07500000000000037,-0.8800000000000096,0.0,0.0,Vmag_get_voltage_magnitude_series__angle_get_voltage_angle_series,true,Unknown,Ybus EMT reconstruction using exact complex bus-voltage phasors when available; otherwise diagnostic fallback
8.21,6.52606698389735e-5,0.0007300966862110458,6.52606698389735e-5,0.0007300966862110458,6.52606698389735e-5,0.0007300966862110458,-0.0749347393301614,-0.8792699033137985,-0.07500000000000037,-0.8800000000000096,0.0,0.0,Vmag_get_voltage_magnitude_series__angle_get_voltage_angle_series,true,Unknown,Ybus EMT reconstruction using exact complex bus-voltage phasors when available; otherwise diagnostic fallback
8.22,6.525919965974514e-5,0.0007300794264653021,6.525919965974514e-5,0.0007300794264653021,6.525919965974514e-5,0.0007300794264653021,-0.07493474080034063,-0.8792699205735443,-0.07500000000000037,-0.8800000000000096,0.0,0.0,Vmag_get_voltage_magnitude_series__angle_get_voltage_angle_series,true,Unknown,Ybus EMT reconstruction using exact complex bus-voltage phasors when available; otherwise diagnostic fallback
8.23,6.525776468557787e-5,0.0007300625800491511,6.525776468557787e-5,0.0007300625800491511,6.525776468557787e-5,0.0007300625800491511,-0.0749347422353148,-0.8792699374199604,-0.07500000000000037,-0.8800000000000096,0.0,0.0,Vmag_get_voltage_magnitude_series__angle_get_voltage_angle_series,true,Unknown,Ybus EMT reconstruction using exact complex bus-voltage phasors when available; otherwise diagnostic fallback
8.24,6.525636462553774e-5,0.0007300461435101324,6.525636462553774e-5,0.0007300461435101324,6.525636462553774e-5,0.0007300461435101324,-0.07493474363537483,-0.8792699538564994,-0.07500000000000037,-0.8800000000000096,0.0,0.0,Vmag_get_voltage_magnitude_series__angle_get_voltage_angle_series,true,Unknown,Ybus EMT reconstruction using exact complex bus-voltage phasors when available; otherwise diagnostic fallback
8.25,6.525499918472177e-5,0.0007300301134375298,6.525499918472177e-5,0.0007300301134375298,6.525499918472177e-5,0.0007300301134375298,-0.07493474500081565,-0.879269969886572,-0.07500000000000037,-0.8800000000000096,0.0,0.0,Vmag_get_voltage_magnitude_series__angle_get_voltage_angle_series,true,Unknown,Ybus EMT reconstruction using exact complex bus-voltage phasors when available; otherwise diagnostic fallback
8.26,6.525366807204336e-5,0.0007300144863637836,6.525366807204336e-5,0.0007300144863637836,6.525366807204336e-5,0.0007300144863637836,-0.07493474633192833,-0.8792699855136458,-0.07500000000000037,-0.8800000000000096,0.0,0.0,Vmag_get_voltage_magnitude_series__angle_get_voltage_angle_series,true,Unknown,Ybus EMT reconstruction using exact complex bus-voltage phasors when available; otherwise diagnostic fallback
8.27,6.525237099450076e-5,0.0007299992588833959,6.525237099450076e-5,0.0007299992588833959,6.525237099450076e-5,0.0007299992588833959,-0.07493474762900587,-0.8792700007411262,-0.07500000000000037,-0.8800000000000096,0.0,0.0,Vmag_get_voltage_magnitude_series__angle_get_voltage_angle_series,true,Unknown,Ybus EMT reconstruction using exact complex bus-voltage phasors when available; otherwise diagnostic fallback
8.28,6.525110766150699e-5,0.0007299844275377998,6.525110766150699e-5,0.0007299844275377998,6.525110766150699e-5,0.0007299844275377998,-0.07493474889233886,-0.8792700155724718,-0.07500000000000037,-0.8800000000000096,0.0,0.0,Vmag_get_voltage_magnitude_series__angle_get_voltage_angle_series,true,Unknown,Ybus EMT reconstruction using exact complex bus-voltage phasors when available; otherwise diagnostic fallback
8.29,6.524987777944968e-5,0.0007299699889330435,6.524987777944968e-5,0.0007299699889330435,6.524987777944968e-5,0.0007299699889330435,-0.07493475012222092,-0.8792700300110765,-0.07500000000000037,-0.8800000000000096,0.0,0.0,Vmag_get_voltage_magnitude_series__angle_get_voltage_angle_series,true,Unknown,Ybus EMT reconstruction using exact complex bus-voltage phasors when available; otherwise diagnostic fallback
8.3,6.524868105567405e-5,0.0007299559396346522,6.524868105567405e-5,0.0007299559396346522,6.524868105567405e-5,0.0007299559396346522,-0.0749347513189447,-0.8792700440603749,-0.07500000000000037,-0.8800000000000096,0.0,0.0,Vmag_get_voltage_magnitude_series__angle_get_voltage_angle_series,true,Unknown,Ybus EMT reconstruction using exact complex bus-voltage phasors when available; otherwise diagnostic fallback
8.31,6.524751719620692e-5,0.000729942276143869,6.524751719620692e-5,0.000729942276143869,6.524751719620692e-5,0.000729942276143869,-0.07493475248280417,-0.8792700577238657,-0.07500000000000037,-0.8800000000000096,0.0,0.0,Vmag_get_voltage_magnitude_series__angle_get_voltage_angle_series,true,Unknown,Ybus EMT reconstruction using exact complex bus-voltage phasors when available; otherwise diagnostic fallback
8.32,6.52463859110719e-5,0.0007299289950851717,6.52463859110719e-5,0.0007299289950851717,6.52463859110719e-5,0.0007299289950851717,-0.0749347536140893,-0.8792700710049244,-0.07500000000000037,-0.8800000000000096,0.0,0.0,Vmag_get_voltage_magnitude_series__angle_get_voltage_angle_series,true,Unknown,Ybus EMT reconstruction using exact complex bus-voltage phasors when available; otherwise diagnostic fallback
8.33,6.524528690626807e-5,0.0007299160929918891,6.524528690626807e-5,0.0007299160929918891,6.524528690626807e-5,0.0007299160929918891,-0.0749347547130941,-0.8792700839070177,-0.07500000000000037,-0.8800000000000096,0.0,0.0,Vmag_get_voltage_magnitude_series__angle_get_voltage_angle_series,true,Unknown,Ybus EMT reconstruction using exact complex bus-voltage phasors when available; otherwise diagnostic fallback
8.34,6.524421989156926e-5,0.0007299035664868336,6.524421989156926e-5,0.0007299035664868336,6.524421989156926e-5,0.0007299035664868336,-0.0749347557801088,-0.8792700964335227,-0.07500000000000037,-0.8800000000000096,0.0,0.0,Vmag_get_voltage_magnitude_series__angle_get_voltage_angle_series,true,Unknown,Ybus EMT reconstruction using exact complex bus-voltage phasors when available; otherwise diagnostic fallback
8.35,6.524318457339084e-5,0.0007298914120896782,6.524318457339084e-5,0.0007298914120896782,6.524318457339084e-5,0.0007298914120896782,-0.07493475681542698,-0.8792701085879199,-0.07500000000000037,-0.8800000000000096,0.0,0.0,Vmag_get_voltage_magnitude_series__angle_get_voltage_angle_series,true,Unknown,Ybus EMT reconstruction using exact complex bus-voltage phasors when available; otherwise diagnostic fallback
8.36,6.524218065938336e-5,0.0007298796263974783,6.524218065938336e-5,0.0007298796263974783,6.524218065938336e-5,0.0007298796263974783,-0.07493475781934099,-0.8792701203736121,-0.07500000000000037,-0.8800000000000096,0.0,0.0,Vmag_get_voltage_magnitude_series__angle_get_voltage_angle_series,true,Unknown,Ybus EMT reconstruction using exact complex bus-voltage phasors when available; otherwise diagnostic fallback
8.37,6.52412078615966e-5,0.0007298682060017381,6.52412078615966e-5,0.0007298682060017381,6.52412078615966e-5,0.0007298682060017381,-0.07493475879213878,-0.8792701317940078,-0.07500000000000037,-0.8800000000000096,0.0,0.0,Vmag_get_voltage_magnitude_series__angle_get_voltage_angle_series,true,Unknown,Ybus EMT reconstruction using exact complex bus-voltage phasors when available; otherwise diagnostic fallback
8.38,6.524026588439202e-5,0.000729857147464541,6.524026588439202e-5,0.000729857147464541,6.524026588439202e-5,0.000729857147464541,-0.07493475973411598,-0.879270142852545,-0.07500000000000037,-0.8800000000000096,0.0,0.0,Vmag_get_voltage_magnitude_series__angle_get_voltage_angle_series,true,Unknown,Ybus EMT reconstruction using exact complex bus-voltage phasors when available; otherwise diagnostic fallback
8.39,6.523935443970841e-5,0.000729846447355631,6.523935443970841e-5,0.000729846447355631,6.523935443970841e-5,0.000729846447355631,-0.07493476064556066,-0.8792701535526539,-0.07500000000000037,-0.8800000000000096,0.0,0.0,Vmag_get_voltage_magnitude_series__angle_get_voltage_angle_series,true,Unknown,Ybus EMT reconstruction using exact complex bus-voltage phasors when available; otherwise diagnostic fallback
8.4,6.523847323719467e-5,0.000729836102324799,6.523847323719467e-5,0.000729836102324799,6.523847323719467e-5,0.000729836102324799,-0.07493476152676318,-0.8792701638976848,-0.07500000000000037,-0.8800000000000096,0.0,0.0,Vmag_get_voltage_magnitude_series__angle_get_voltage_angle_series,true,Unknown,Ybus EMT reconstruction using exact complex bus-voltage phasors when available; otherwise diagnostic fallback
8.41,6.523762198332173e-5,0.0007298261088810598,6.523762198332173e-5,0.0007298261088810598,6.523762198332173e-5,0.0007298261088810598,-0.07493476237801705,-0.8792701738911285,-0.07500000000000037,-0.8800000000000096,0.0,0.0,Vmag_get_voltage_magnitude_series__angle_get_voltage_angle_series,true,Unknown,Ybus EMT reconstruction using exact complex bus-voltage phasors when available; otherwise diagnostic fallback
8.42,6.5236800390861e-5,0.000729816463662103,6.5236800390861e-5,0.000729816463662103,6.5236800390861e-5,0.000729816463662103,-0.07493476319960951,-0.8792701835363474,-0.07500000000000037,-0.8800000000000096,0.0,0.0,Vmag_get_voltage_magnitude_series__angle_get_voltage_angle_series,true,Unknown,Ybus EMT reconstruction using exact complex bus-voltage phasors when available; otherwise diagnostic fallback
8.43,6.523600816993325e-5,0.0007298071632825254,6.523600816993325e-5,0.0007298071632825254,6.523600816993325e-5,0.0007298071632825254,-0.07493476399183044,-0.879270192836727,-0.07500000000000037,-0.8800000000000096,0.0,0.0,Vmag_get_voltage_magnitude_series__angle_get_voltage_angle_series,true,Unknown,Ybus EMT reconstruction using exact complex bus-voltage phasors when available; otherwise diagnostic fallback
8.44,6.523524502954903e-5,0.0007297982043094065,6.523524502954903e-5,0.0007297982043094065,6.523524502954903e-5,0.0007297982043094065,-0.07493476475497082,-0.8792702017957001,-0.07500000000000037,-0.8800000000000096,0.0,0.0,Vmag_get_voltage_magnitude_series__angle_get_voltage_angle_series,true,Unknown,Ybus EMT reconstruction using exact complex bus-voltage phasors when available; otherwise diagnostic fallback
8.45,6.523451068267405e-5,0.0007297895833729973,6.523451068267405e-5,0.0007297895833729973,6.523451068267405e-5,0.0007297895833729973,-0.0749347654893177,-0.8792702104166366,-0.07500000000000037,-0.8800000000000096,0.0,0.0,Vmag_get_voltage_magnitude_series__angle_get_voltage_angle_series,true,Unknown,Ybus EMT reconstruction using exact complex bus-voltage phasors when available; otherwise diagnostic fallback
8.46,6.523380484166341e-5,0.0007297812970936679,6.523380484166341e-5,0.0007297812970936679,6.523380484166341e-5,0.0007297812970936679,-0.07493476619515871,-0.8792702187029159,-0.07500000000000037,-0.8800000000000096,0.0,0.0,Vmag_get_voltage_magnitude_series__angle_get_voltage_angle_series,true,Unknown,Ybus EMT reconstruction using exact complex bus-voltage phasors when available; otherwise diagnostic fallback
8.47,6.523312721683217e-5,0.0007297733421015584,6.523312721683217e-5,0.0007297733421015584,6.523312721683217e-5,0.0007297733421015584,-0.07493476687278354,-0.879270226657908,-0.07500000000000037,-0.8800000000000096,0.0,0.0,Vmag_get_voltage_magnitude_series__angle_get_voltage_angle_series,true,Unknown,Ybus EMT reconstruction using exact complex bus-voltage phasors when available; otherwise diagnostic fallback
8.48,6.52324775229085e-5,0.0007297657149890613,6.52324775229085e-5,0.0007297657149890613,6.52324775229085e-5,0.0007297657149890613,-0.07493476752247746,-0.8792702342850205,-0.07500000000000037,-0.8800000000000096,0.0,0.0,Vmag_get_voltage_magnitude_series__angle_get_voltage_angle_series,true,Unknown,Ybus EMT reconstruction using exact complex bus-voltage phasors when available; otherwise diagnostic fallback
8.49,6.523185546927768e-5,0.0007297584124045242,6.523185546927768e-5,0.0007297584124045242,6.523185546927768e-5,0.0007297584124045242,-0.0749347681445311,-0.879270241587605,-0.07500000000000037,-0.8800000000000096,0.0,0.0,Vmag_get_voltage_magnitude_series__angle_get_voltage_angle_series,true,Unknown,Ybus EMT reconstruction using exact complex bus-voltage phasors when available; otherwise diagnostic fallback
8.5,6.523126077430386e-5,0.0007297514310107278,6.523126077430386e-5,0.0007297514310107278,6.523126077430386e-5,0.0007297514310107278,-0.07493476873922607,-0.8792702485689988,-0.07500000000000037,-0.8800000000000096,0.0,0.0,Vmag_get_voltage_magnitude_series__angle_get_voltage_angle_series,true,Unknown,Ybus EMT reconstruction using exact complex bus-voltage phasors when available; otherwise diagnostic fallback
8.51,6.523069314928742e-5,0.0007297447674210478,6.523069314928742e-5,0.0007297447674210478,6.523069314928742e-5,0.0007297447674210478,-0.07493476930685108,-0.8792702552325885,-0.07500000000000037,-0.8800000000000096,0.0,0.0,Vmag_get_voltage_magnitude_series__angle_get_voltage_angle_series,true,Unknown,Ybus EMT reconstruction using exact complex bus-voltage phasors when available; otherwise diagnostic fallback
8.52,6.523015231126028e-5,0.000729738418304593,6.523015231126028e-5,0.000729738418304593,6.523015231126028e-5,0.000729738418304593,-0.07493476984768911,-0.879270261581705,-0.07500000000000037,-0.8800000000000096,0.0,0.0,Vmag_get_voltage_magnitude_series__angle_get_voltage_angle_series,true,Unknown,Ybus EMT reconstruction using exact complex bus-voltage phasors when available; otherwise diagnostic fallback
8.53,6.522963797531145e-5,0.000729732380324033,6.522963797531145e-5,0.000729732380324033,6.522963797531145e-5,0.000729732380324033,-0.07493477036202506,-0.8792702676196855,-0.07500000000000037,-0.8800000000000096,0.0,0.0,Vmag_get_voltage_magnitude_series__angle_get_voltage_angle_series,true,Unknown,Ybus EMT reconstruction using exact complex bus-voltage phasors when available; otherwise diagnostic fallback
8.54,6.52291498559332e-5,0.0007297266501289368,6.52291498559332e-5,0.0007297266501289368,6.52291498559332e-5,0.0007297266501289368,-0.07493477085014444,-0.8792702733498806,-0.07500000000000037,-0.8800000000000096,0.0,0.0,Vmag_get_voltage_magnitude_series__angle_get_voltage_angle_series,true,Unknown,Ybus EMT reconstruction using exact complex bus-voltage phasors when available; otherwise diagnostic fallback
8.55,6.522868767164236e-5,0.0007297212244279372,6.522868767164236e-5,0.0007297212244279372,6.522868767164236e-5,0.0007297212244279372,-0.07493477131232873,-0.8792702787755816,-0.07500000000000037,-0.8800000000000096,0.0,0.0,Vmag_get_voltage_magnitude_series__angle_get_voltage_angle_series,true,Unknown,Ybus EMT reconstruction using exact complex bus-voltage phasors when available; otherwise diagnostic fallback
8.56,6.522825114013697e-5,0.0007297160998968044,6.522825114013697e-5,0.0007297160998968044,6.522825114013697e-5,0.0007297160998968044,-0.07493477174886023,-0.8792702839001127,-0.07500000000000037,-0.8800000000000096,0.0,0.0,Vmag_get_voltage_magnitude_series__angle_get_voltage_angle_series,true,Unknown,Ybus EMT reconstruction using exact complex bus-voltage phasors when available; otherwise diagnostic fallback
8.57,6.522783997803261e-5,0.0007297112732123079,6.522783997803261e-5,0.0007297112732123079,6.522783997803261e-5,0.0007297112732123079,-0.07493477216002234,-0.8792702887267972,-0.07500000000000037,-0.8800000000000096,0.0,0.0,Vmag_get_voltage_magnitude_series__angle_get_voltage_angle_series,true,Unknown,Ybus EMT reconstruction using exact complex bus-voltage phasors when available; otherwise diagnostic fallback
8.58,6.522745390762086e-5,0.0007297067410698688,6.522745390762086e-5,0.0007297067410698688,6.522745390762086e-5,0.0007297067410698688,-0.07493477254609275,-0.8792702932589397,-0.07500000000000037,-0.8800000000000096,0.0,0.0,Vmag_get_voltage_magnitude_series__angle_get_voltage_angle_series,true,Unknown,Ybus EMT reconstruction using exact complex bus-voltage phasors when available; otherwise diagnostic fallback
8.59,6.522709264553117e-5,0.0007297025002145352,6.522709264553117e-5,0.0007297025002145352,6.522709264553117e-5,0.0007297025002145352,-0.07493477290735484,-0.879270297499795,-0.07500000000000037,-0.8800000000000096,0.0,0.0,Vmag_get_voltage_magnitude_series__angle_get_voltage_angle_series,true,Unknown,Ybus EMT reconstruction using exact complex bus-voltage phasors when available; otherwise diagnostic fallback
8.6,6.522675591320859e-5,0.0007296985473506101,6.522675591320859e-5,0.0007296985473506101,6.522675591320859e-5,0.0007296985473506101,-0.07493477324408716,-0.8792703014526589,-0.07500000000000037,-0.8800000000000096,0.0,0.0,Vmag_get_voltage_magnitude_series__angle_get_voltage_angle_series,true,Unknown,Ybus EMT reconstruction using exact complex bus-voltage phasors when available; otherwise diagnostic fallback
8.61,6.522644343266715e-5,0.0007296948791757352,6.522644343266715e-5,0.0007296948791757352,6.522644343266715e-5,0.0007296948791757352,-0.0749347735565677,-0.8792703051208338,-0.07500000000000037,-0.8800000000000096,0.0,0.0,Vmag_get_voltage_magnitude_series__angle_get_voltage_angle_series,true,Unknown,Ybus EMT reconstruction using exact complex bus-voltage phasors when available; otherwise diagnostic fallback
8.62,6.522615492575434e-5,0.0007296914924801445,6.522615492575434e-5,0.0007296914924801445,6.522615492575434e-5,0.0007296914924801445,-0.07493477384507462,-0.8792703085075294,-0.07500000000000037,-0.8800000000000096,0.0,0.0,Vmag_get_voltage_magnitude_series__angle_get_voltage_angle_series,true,Unknown,Ybus EMT reconstruction using exact complex bus-voltage phasors when available; otherwise diagnostic fallback
8.63,6.522589011544178e-5,0.0007296883839604806,6.522589011544178e-5,0.0007296883839604806,6.522589011544178e-5,0.0007296883839604806,-0.07493477410988493,-0.8792703116160491,-0.07500000000000037,-0.8800000000000096,0.0,0.0,Vmag_get_voltage_magnitude_series__angle_get_voltage_angle_series,true,Unknown,Ybus EMT reconstruction using exact complex bus-voltage phasors when available; otherwise diagnostic fallback
8.64,6.522564872536718e-5,0.0007296855504094202,6.522564872536718e-5,0.0007296855504094202,6.522564872536718e-5,0.0007296855504094202,-0.074934774351275,-0.8792703144496001,-0.07500000000000037,-0.8800000000000096,0.0,0.0,Vmag_get_voltage_magnitude_series__angle_get_voltage_angle_series,true,Unknown,Ybus EMT reconstruction using exact complex bus-voltage phasors when available; otherwise diagnostic fallback
8.65,6.522543047991769e-5,0.0007296829885933276,6.522543047991769e-5,0.0007296829885933276,6.522543047991769e-5,0.0007296829885933276,-0.07493477456952045,-0.8792703170114162,-0.07500000000000037,-0.8800000000000096,0.0,0.0,Vmag_get_voltage_magnitude_series__angle_get_voltage_angle_series,true,Unknown,Ybus EMT reconstruction using exact complex bus-voltage phasors when available; otherwise diagnostic fallback
8.66,6.522523510602007e-5,0.0007296806952719059,6.522523510602007e-5,0.0007296806952719059,6.522523510602007e-5,0.0007296806952719059,-0.07493477476489435,-0.8792703193047376,-0.07500000000000037,-0.8800000000000096,0.0,0.0,Vmag_get_voltage_magnitude_series__angle_get_voltage_angle_series,true,Unknown,Ybus EMT reconstruction using exact complex bus-voltage phasors when available; otherwise diagnostic fallback
8.67,6.522506233017089e-5,0.0007296786672673639,6.522506233017089e-5,0.0007296786672673639,6.522506233017089e-5,0.0007296786672673639,-0.0749347749376702,-0.8792703213327422,-0.07500000000000037,-0.8800000000000096,0.0,0.0,Vmag_get_voltage_magnitude_series__angle_get_voltage_angle_series,true,Unknown,Ybus EMT reconstruction using exact complex bus-voltage phasors when available; otherwise diagnostic fallback
8.68,6.52249118799908e-5,0.0007296769013598325,6.52249118799908e-5,0.0007296769013598325,6.52249118799908e-5,0.0007296769013598325,-0.07493477508812038,-0.8792703230986497,-0.07500000000000037,-0.8800000000000096,0.0,0.0,Vmag_get_voltage_magnitude_series__angle_get_voltage_angle_series,true,Unknown,Ybus EMT reconstruction using exact complex bus-voltage phasors when available; otherwise diagnostic fallback
8.69,6.522478348046368e-5,0.0007296753943324408,6.522478348046368e-5,0.0007296753943324408,6.522478348046368e-5,0.0007296753943324408,-0.07493477521651991,-0.8792703246056771,-0.07500000000000037,-0.8800000000000096,0.0,0.0,Vmag_get_voltage_magnitude_series__angle_get_voltage_angle_series,true,Unknown,Ybus EMT reconstruction using exact complex bus-voltage phasors when available; otherwise diagnostic fallback
8.7,6.52246768645115e-5,0.0007296741430502518,6.52246768645115e-5,0.0007296741430502518,6.52246768645115e-5,0.0007296741430502518,-0.07493477532313586,-0.8792703258569593,-0.07500000000000037,-0.8800000000000096,0.0,0.0,Vmag_get_voltage_magnitude_series__angle_get_voltage_angle_series,true,Unknown,Ybus EMT reconstruction using exact complex bus-voltage phasors when available; otherwise diagnostic fallback
8.71,6.522459176355744e-5,0.0007296731443628968,6.522459176355744e-5,0.0007296731443628968,6.522459176355744e-5,0.0007296731443628968,-0.07493477540823681,-0.8792703268556467,-0.07500000000000037,-0.8800000000000096,0.0,0.0,Vmag_get_voltage_magnitude_series__angle_get_voltage_angle_series,true,Unknown,Ybus EMT reconstruction using exact complex bus-voltage phasors when available; otherwise diagnostic fallback
8.72,6.522452790433397e-5,0.000729672395036407,6.522452790433397e-5,0.000729672395036407,6.522452790433397e-5,0.000729672395036407,-0.07493477547209604,-0.8792703276049731,-0.07500000000000037,-0.8800000000000096,0.0,0.0,Vmag_get_voltage_magnitude_series__angle_get_voltage_angle_series,true,Unknown,Ybus EMT reconstruction using exact complex bus-voltage phasors when available; otherwise diagnostic fallback
8.73,6.522448502352396e-5,0.0007296718920234424,6.522448502352396e-5,0.0007296718920234424,6.522448502352396e-5,0.0007296718920234424,-0.07493477551497685,-0.8792703281079861,-0.07500000000000037,-0.8800000000000096,0.0,0.0,Vmag_get_voltage_magnitude_series__angle_get_voltage_angle_series,true,Unknown,Ybus EMT reconstruction using exact complex bus-voltage phasors when available; otherwise diagnostic fallback
8.74,6.522446285123218e-5,0.0007296716321070207,6.522446285123218e-5,0.0007296716321070207,6.522446285123218e-5,0.0007296716321070207,-0.07493477553714914,-0.8792703283679025,-0.07500000000000037,-0.8800000000000096,0.0,0.0,Vmag_get_voltage_magnitude_series__angle_get_voltage_angle_series,true,Unknown,Ybus EMT reconstruction using exact complex bus-voltage phasors when available; otherwise diagnostic fallback
8.75,6.522446112625091e-5,0.0007296716122490166,6.522446112625091e-5,0.0007296716122490166,6.522446112625091e-5,0.0007296716122490166,-0.07493477553887412,-0.8792703283877605,-0.07500000000000037,-0.8800000000000096,0.0,0.0,Vmag_get_voltage_magnitude_series__angle_get_voltage_angle_series,true,Unknown,Ybus EMT reconstruction using exact complex bus-voltage phasors when available; otherwise diagnostic fallback
8.76,6.522447958079436e-5,0.0007296718293096083,6.522447958079436e-5,0.0007296718293096083,6.522447958079436e-5,0.0007296718293096083,-0.07493477552041958,-0.8792703281706999,-0.07500000000000037,-0.8800000000000096,0.0,0.0,Vmag_get_voltage_magnitude_series__angle_get_voltage_angle_series,true,Unknown,Ybus EMT reconstruction using exact complex bus-voltage phasors when available; otherwise diagnostic fallback
8.77,6.522451795061557e-5,0.0007296722801837241,6.522451795061557e-5,0.0007296722801837241,6.522451795061557e-5,0.0007296722801837241,-0.07493477548204976,-0.8792703277198258,-0.07500000000000037,-0.8800000000000096,0.0,0.0,Vmag_get_voltage_magnitude_series__angle_get_voltage_angle_series,true,Unknown,Ybus EMT reconstruction using exact complex bus-voltage phasors when available; otherwise diagnostic fallback
8.78,6.522457597504805e-5,0.0007296729617835007,6.522457597504805e-5,0.0007296729617835007,6.522457597504805e-5,0.0007296729617835007,-0.07493477542402532,-0.879270327038226,-0.07500000000000037,-0.8800000000000096,0.0,0.0,Vmag_get_voltage_magnitude_series__angle_get_voltage_angle_series,true,Unknown,Ybus EMT reconstruction using exact complex bus-voltage phasors when available; otherwise diagnostic fallback
8.79,6.52246533929951e-5,0.0007296738710985684,6.52246533929951e-5,0.0007296738710985684,6.52246533929951e-5,0.0007296738710985684,-0.07493477534660738,-0.879270326128911,-0.07500000000000037,-0.8800000000000096,0.0,0.0,Vmag_get_voltage_magnitude_series__angle_get_voltage_angle_series,true,Unknown,Ybus EMT reconstruction using exact complex bus-voltage phasors when available; otherwise diagnostic fallback
8.8,6.522474994583027e-5,0.0007296750050254097,6.522474994583027e-5,0.0007296750050254097,6.522474994583027e-5,0.0007296750050254097,-0.07493477525005454,-0.8792703249949841,-0.07500000000000037,-0.8800000000000096,0.0,0.0,Vmag_get_voltage_magnitude_series__angle_get_voltage_angle_series,true,Unknown,Ybus EMT reconstruction using exact complex bus-voltage phasors when available; otherwise diagnostic fallback
8.81,6.522486537079153e-5,0.0007296763605231238,6.522486537079153e-5,0.0007296763605231238,6.522486537079153e-5,0.0007296763605231238,-0.07493477513462958,-0.8792703236394864,-0.07500000000000037,-0.8800000000000096,0.0,0.0,Vmag_get_voltage_magnitude_series__angle_get_voltage_angle_series,true,Unknown,Ybus EMT reconstruction using exact complex bus-voltage phasors when available; otherwise diagnostic fallback
8.82,6.52249994127635e-5,0.0007296779345843385,6.52249994127635e-5,0.0007296779345843385,6.52249994127635e-5,0.0007296779345843385,-0.07493477500058761,-0.8792703220654252,-0.07500000000000037,-0.8800000000000096,0.0,0.0,Vmag_get_voltage_magnitude_series__angle_get_voltage_angle_series,true,Unknown,Ybus EMT reconstruction using exact complex bus-voltage phasors when available; otherwise diagnostic fallback
8.83,6.52251518145075e-5,0.000729679724198018,6.52251518145075e-5,0.000729679724198018,6.52251518145075e-5,0.000729679724198018,-0.07493477484818586,-0.8792703202758115,-0.07500000000000037,-0.8800000000000096,0.0,0.0,Vmag_get_voltage_magnitude_series__angle_get_voltage_angle_series,true,Unknown,Ybus EMT reconstruction using exact complex bus-voltage phasors when available; otherwise diagnostic fallback
8.84,6.522532231986733e-5,0.0007296817263582334,6.522532231986733e-5,0.0007296817263582334,6.522532231986733e-5,0.0007296817263582334,-0.0749347746776805,-0.8792703182736513,-0.07500000000000037,-0.8800000000000096,0.0,0.0,Vmag_get_voltage_magnitude_series__angle_get_voltage_angle_series,true,Unknown,Ybus EMT reconstruction using exact complex bus-voltage phasors when available; otherwise diagnostic fallback
8.85,6.522551067653093e-5,0.0007296839380807052,6.522551067653093e-5,0.0007296839380807052,6.522551067653093e-5,0.0007296839380807052,-0.07493477448932384,-0.8792703160619288,-0.07500000000000037,-0.8800000000000096,0.0,0.0,Vmag_get_voltage_magnitude_series__angle_get_voltage_angle_series,true,Unknown,Ybus EMT reconstruction using exact complex bus-voltage phasors when available; otherwise diagnostic fallback
8.86,6.52257166288972e-5,0.0007296863563758249,6.52257166288972e-5,0.0007296863563758249,6.52257166288972e-5,0.0007296863563758249,-0.07493477428337147,-0.8792703136436337,-0.07500000000000037,-0.8800000000000096,0.0,0.0,Vmag_get_voltage_magnitude_series__angle_get_voltage_angle_series,true,Unknown,Ybus EMT reconstruction using exact complex bus-voltage phasors when available; otherwise diagnostic fallback
8.87,6.522593992716597e-5,0.0007296889783265925,6.522593992716597e-5,0.0007296889783265925,6.522593992716597e-5,0.0007296889783265925,-0.0749347740600732,-0.879270311021683,-0.07500000000000037,-0.8800000000000096,0.0,0.0,Vmag_get_voltage_magnitude_series__angle_get_voltage_angle_series,true,Unknown,Ybus EMT reconstruction using exact complex bus-voltage phasors when available; otherwise diagnostic fallback
8.88,6.522618031810923e-5,0.0007296918009503939,6.522618031810923e-5,0.0007296918009503939,6.522618031810923e-5,0.0007296918009503939,-0.07493477381968226,-0.8792703081990592,-0.07500000000000037,-0.8800000000000096,0.0,0.0,Vmag_get_voltage_magnitude_series__angle_get_voltage_angle_series,true,Unknown,Ybus EMT reconstruction using exact complex bus-voltage phasors when available; otherwise diagnostic fallback
8.89,6.522643755582647e-5,0.0007296948213360022,6.522643755582647e-5,0.0007296948213360022,6.522643755582647e-5,0.0007296948213360022,-0.07493477356244455,-0.8792703051786736,-0.07500000000000037,-0.8800000000000096,0.0,0.0,Vmag_get_voltage_magnitude_series__angle_get_voltage_angle_series,true,Unknown,Ybus EMT reconstruction using exact complex bus-voltage phasors when available; otherwise diagnostic fallback
8.9,6.522671139005953e-5,0.0007296980365688599,6.522671139005953e-5,0.0007296980365688599,6.522671139005953e-5,0.0007296980365688599,-0.07493477328861031,-0.8792703019634407,-0.07500000000000037,-0.8800000000000096,0.0,0.0,Vmag_get_voltage_magnitude_series__angle_get_voltage_angle_series,true,Unknown,Ybus EMT reconstruction using exact complex bus-voltage phasors when available; otherwise diagnostic fallback
8.91,6.522700157329808e-5,0.0007297014437686045,6.522700157329808e-5,0.0007297014437686045,6.522700157329808e-5,0.0007297014437686045,-0.07493477299842707,-0.879270298556241,-0.07500000000000037,-0.8800000000000096,0.0,0.0,Vmag_get_voltage_magnitude_series__angle_get_voltage_angle_series,true,Unknown,Ybus EMT reconstruction using exact complex bus-voltage phasors when available; otherwise diagnostic fallback
8.92,6.522730786190367e-5,0.0007297050400160154,6.522730786190367e-5,0.0007297050400160154,6.522730786190367e-5,0.0007297050400160154,-0.07493477269213847,-0.8792702949599935,-0.07500000000000037,-0.8800000000000096,0.0,0.0,Vmag_get_voltage_magnitude_series__angle_get_voltage_angle_series,true,Unknown,Ybus EMT reconstruction using exact complex bus-voltage phasors when available; otherwise diagnostic fallback
8.93,6.522763000954557e-5,0.000729708822444719,6.522763000954557e-5,0.000729708822444719,6.522763000954557e-5,0.000729708822444719,-0.07493477236999083,-0.8792702911775648,-0.07500000000000037,-0.8800000000000096,0.0,0.0,Vmag_get_voltage_magnitude_series__angle_get_voltage_angle_series,true,Unknown,Ybus EMT reconstruction using exact complex bus-voltage phasors when available; otherwise diagnostic fallback
8.94,6.522796777584661e-5,0.0007297127882496257,6.522796777584661e-5,0.0007297127882496257,6.522796777584661e-5,0.0007297127882496257,-0.07493477203222453,-0.8792702872117599,-0.07500000000000037,-0.8800000000000096,0.0,0.0,Vmag_get_voltage_magnitude_series__angle_get_voltage_angle_series,true,Unknown,Ybus EMT reconstruction using exact complex bus-voltage phasors when available; otherwise diagnostic fallback
8.95,6.522832091468422e-5,0.000729716934535829,6.522832091468422e-5,0.000729716934535829,6.522832091468422e-5,0.000729716934535829,-0.07493477167908569,-0.8792702830654737,-0.07500000000000037,-0.8800000000000096,0.0,0.0,Vmag_get_voltage_magnitude_series__angle_get_voltage_angle_series,true,Unknown,Ybus EMT reconstruction using exact complex bus-voltage phasors when available; otherwise diagnostic fallback
8.96,6.522868918926172e-5,0.000729721258501459,6.522868918926172e-5,0.000729721258501459,6.522868918926172e-5,0.000729721258501459,-0.07493477131081111,-0.8792702787415081,-0.07500000000000037,-0.8800000000000096,0.0,0.0,Vmag_get_voltage_magnitude_series__angle_get_voltage_angle_series,true,Unknown,Ybus EMT reconstruction using exact complex bus-voltage phasors when available; otherwise diagnostic fallback
8.97,6.522907236006237e-5,0.0007297257573732896,6.522907236006237e-5,0.0007297257573732896,6.522907236006237e-5,0.0007297257573732896,-0.07493477092764031,-0.8792702742426363,-0.07500000000000037,-0.8800000000000096,0.0,0.0,Vmag_get_voltage_magnitude_series__angle_get_voltage_angle_series,true,Unknown,Ybus EMT reconstruction using exact complex bus-voltage phasors when available; otherwise diagnostic fallback
8.98,6.522947018755554e-5,0.000729730428309705,6.522947018755554e-5,0.000729730428309705,6.522947018755554e-5,0.000729730428309705,-0.07493477052981282,-0.8792702695716998,-0.07500000000000037,-0.8800000000000096,0.0,0.0,Vmag_get_voltage_magnitude_series__angle_get_voltage_angle_series,true,Unknown,Ybus EMT reconstruction using exact complex bus-voltage phasors when available; otherwise diagnostic fallback
8.99,6.522988243741479e-5,0.0007297352685561309,6.522988243741479e-5,0.0007297352685561309,6.522988243741479e-5,0.0007297352685561309,-0.07493477011756296,-0.8792702647314534,-0.07500000000000037,-0.8800000000000096,0.0,0.0,Vmag_get_voltage_magnitude_series__angle_get_voltage_angle_series,true,Unknown,Ybus EMT reconstruction using exact complex bus-voltage phasors when available; otherwise diagnostic fallback
9.0,6.523030887296832e-5,0.0007297402753193571,6.523030887296832e-5,0.0007297402753193571,6.523030887296832e-5,0.0007297402753193571,-0.0749347696911274,-0.8792702597246902,-0.07500000000000037,-0.8800000000000096,0.0,0.0,Vmag_get_voltage_magnitude_series__angle_get_voltage_angle_series,true,Unknown,Ybus EMT reconstruction using exact complex bus-voltage phasors when available; otherwise diagnostic fallback
9.01,6.523074926104155e-5,0.0007297454459381791,6.523074926104155e-5,0.0007297454459381791,6.523074926104155e-5,0.0007297454459381791,-0.07493476925073933,-0.8792702545540714,-0.07500000000000037,-0.8800000000000096,0.0,0.0,Vmag_get_voltage_magnitude_series__angle_get_voltage_angle_series,true,Unknown,Ybus EMT reconstruction using exact complex bus-voltage phasors when available; otherwise diagnostic fallback
9.02,6.523120336873744e-5,0.0007297507775924084,6.523120336873744e-5,0.0007297507775924084,6.523120336873744e-5,0.0007297507775924084,-0.07493476879663163,-0.8792702492224171,-0.07500000000000037,-0.8800000000000096,0.0,0.0,Vmag_get_voltage_magnitude_series__angle_get_voltage_angle_series,true,Unknown,Ybus EMT reconstruction using exact complex bus-voltage phasors when available; otherwise diagnostic fallback
9.03,6.523167096639249e-5,0.000729756267619619,6.523167096639249e-5,0.000729756267619619,6.523167096639249e-5,0.000729756267619619,-0.07493476832903398,-0.8792702437323899,-0.07500000000000037,-0.8800000000000096,0.0,0.0,Vmag_get_voltage_magnitude_series__angle_get_voltage_angle_series,true,Unknown,Ybus EMT reconstruction using exact complex bus-voltage phasors when available; otherwise diagnostic fallback
9.04,6.523215182327458e-5,0.0007297619133196376,6.523215182327458e-5,0.0007297619133196376,6.523215182327458e-5,0.0007297619133196376,-0.0749347678481771,-0.8792702380866899,-0.07500000000000037,-0.8800000000000096,0.0,0.0,Vmag_get_voltage_magnitude_series__angle_get_voltage_angle_series,true,Unknown,Ybus EMT reconstruction using exact complex bus-voltage phasors when available; otherwise diagnostic fallback
9.05,6.5232645711219e-5,0.0007297677120053914,6.5232645711219e-5,0.0007297677120053914,6.5232645711219e-5,0.0007297677120053914,-0.07493476735428915,-0.8792702322880042,-0.07500000000000037,-0.8800000000000096,0.0,0.0,Vmag_get_voltage_magnitude_series__angle_get_voltage_angle_series,true,Unknown,Ybus EMT reconstruction using exact complex bus-voltage phasors when available; otherwise diagnostic fallback
9.06,6.523315240458682e-5,0.0007297736610250016,6.523315240458682e-5,0.0007297736610250016,6.523315240458682e-5,0.0007297736610250016,-0.07493476684759579,-0.8792702263389846,-0.07500000000000037,-0.8800000000000096,0.0,0.0,Vmag_get_voltage_magnitude_series__angle_get_voltage_angle_series,true,Unknown,Ybus EMT reconstruction using exact complex bus-voltage phasors when available; otherwise diagnostic fallback
9.07,6.523367167607375e-5,0.0007297797577059395,6.523367167607375e-5,0.0007297797577059395,6.523367167607375e-5,0.0007297797577059395,-0.0749347663283243,-0.8792702202423036,-0.07500000000000037,-0.8800000000000096,0.0,0.0,Vmag_get_voltage_magnitude_series__angle_get_voltage_angle_series,true,Unknown,Ybus EMT reconstruction using exact complex bus-voltage phasors when available; otherwise diagnostic fallback
9.08,6.523420330319107e-5,0.0007297859994566114,6.523420330319107e-5,0.0007297859994566114,6.523420330319107e-5,0.0007297859994566114,-0.07493476579669718,-0.8792702140005529,-0.07500000000000037,-0.8800000000000096,0.0,0.0,Vmag_get_voltage_magnitude_series__angle_get_voltage_angle_series,true,Unknown,Ybus EMT reconstruction using exact complex bus-voltage phasors when available; otherwise diagnostic fallback
9.09,6.52347470627701e-5,0.0007297923836215858,6.52347470627701e-5,0.0007297923836215858,6.52347470627701e-5,0.0007297923836215858,-0.0749347652529376,-0.879270207616388,-0.07500000000000037,-0.8800000000000096,0.0,0.0,Vmag_get_voltage_magnitude_series__angle_get_voltage_angle_series,true,Unknown,Ybus EMT reconstruction using exact complex bus-voltage phasors when available; otherwise diagnostic fallback
9.1,6.523530273302991e-5,0.0007297989076452405,6.523530273302991e-5,0.0007297989076452405,6.523530273302991e-5,0.0007297989076452405,-0.07493476469726734,-0.8792702010923643,-0.07500000000000037,-0.8800000000000096,0.0,0.0,Vmag_get_voltage_magnitude_series__angle_get_voltage_angle_series,true,Unknown,Ybus EMT reconstruction using exact complex bus-voltage phasors when available; otherwise diagnostic fallback
9.11,6.523587009678311e-5,0.0007298055689213268,6.523587009678311e-5,0.0007298055689213268,6.523587009678311e-5,0.0007298055689213268,-0.07493476412990359,-0.8792701944310882,-0.07500000000000037,-0.8800000000000096,0.0,0.0,Vmag_get_voltage_magnitude_series__angle_get_voltage_angle_series,true,Unknown,Ybus EMT reconstruction using exact complex bus-voltage phasors when available; otherwise diagnostic fallback
9.12,6.523644893199898e-5,0.0007298123648793453,6.523644893199898e-5,0.0007298123648793453,6.523644893199898e-5,0.0007298123648793453,-0.07493476355106837,-0.8792701876351302,-0.07500000000000037,-0.8800000000000096,0.0,0.0,Vmag_get_voltage_magnitude_series__angle_get_voltage_angle_series,true,Unknown,Ybus EMT reconstruction using exact complex bus-voltage phasors when available; otherwise diagnostic fallback
9.13,6.523703902590328e-5,0.0007298192930272895,6.523703902590328e-5,0.0007298192930272895,6.523703902590328e-5,0.0007298192930272895,-0.07493476296097447,-0.8792701807069823,-0.07500000000000037,-0.8800000000000096,0.0,0.0,Vmag_get_voltage_magnitude_series__angle_get_voltage_angle_series,true,Unknown,Ybus EMT reconstruction using exact complex bus-voltage phasors when available; otherwise diagnostic fallback
9.14,6.52376401590049e-5,0.0007298263507848901,6.52376401590049e-5,0.0007298263507848901,6.52376401590049e-5,0.0007298263507848901,-0.07493476235984137,-0.8792701736492247,-0.07500000000000037,-0.8800000000000096,0.0,0.0,Vmag_get_voltage_magnitude_series__angle_get_voltage_angle_series,true,Unknown,Ybus EMT reconstruction using exact complex bus-voltage phasors when available; otherwise diagnostic fallback
9.15,6.52382521199868e-5,0.0007298335356373808,6.52382521199868e-5,0.0007298335356373808,6.52382521199868e-5,0.0007298335356373808,-0.07493476174788039,-0.8792701664643722,-0.07500000000000037,-0.8800000000000096,0.0,0.0,Vmag_get_voltage_magnitude_series__angle_get_voltage_angle_series,true,Unknown,Ybus EMT reconstruction using exact complex bus-voltage phasors when available; otherwise diagnostic fallback
9.16,6.523887469661593e-5,0.000729840845121732,6.523887469661593e-5,0.000729840845121732,6.523887469661593e-5,0.000729840845121732,-0.07493476112530376,-0.8792701591548878,-0.07500000000000037,-0.8800000000000096,0.0,0.0,Vmag_get_voltage_magnitude_series__angle_get_voltage_angle_series,true,Unknown,Ybus EMT reconstruction using exact complex bus-voltage phasors when available; otherwise diagnostic fallback
9.17,6.523950767631237e-5,0.0007298482767496006,6.523950767631237e-5,0.0007298482767496006,6.523950767631237e-5,0.0007298482767496006,-0.07493476049232406,-0.87927015172326,-0.07500000000000037,-0.8800000000000096,0.0,0.0,Vmag_get_voltage_magnitude_series__angle_get_voltage_angle_series,true,Unknown,Ybus EMT reconstruction using exact complex bus-voltage phasors when available; otherwise diagnostic fallback
9.18,6.524015085106194e-5,0.0007298558280498524,6.524015085106194e-5,0.0007298558280498524,6.524015085106194e-5,0.0007298558280498524,-0.07493475984914931,-0.8792701441719597,-0.07500000000000037,-0.8800000000000096,0.0,0.0,Vmag_get_voltage_magnitude_series__angle_get_voltage_angle_series,true,Unknown,Ybus EMT reconstruction using exact complex bus-voltage phasors when available; otherwise diagnostic fallback
9.19,6.524080401106025e-5,0.0007298634965837714,6.524080401106025e-5,0.0007298634965837714,6.524080401106025e-5,0.0007298634965837714,-0.07493475919598931,-0.8792701365034258,-0.07500000000000037,-0.8800000000000096,0.0,0.0,Vmag_get_voltage_magnitude_series__angle_get_voltage_angle_series,true,Unknown,Ybus EMT reconstruction using exact complex bus-voltage phasors when available; otherwise diagnostic fallback
9.2,6.52414669511936e-5,0.0007298712799416185,6.52414669511936e-5,0.0007298712799416185,6.52414669511936e-5,0.0007298712799416185,-0.07493475853304918,-0.8792701287200679,-0.07500000000000037,-0.8800000000000096,0.0,0.0,Vmag_get_voltage_magnitude_series__angle_get_voltage_angle_series,true,Unknown,Ybus EMT reconstruction using exact complex bus-voltage phasors when available; otherwise diagnostic fallback
9.21,6.524213946633439e-5,0.0007298791757135437,6.524213946633439e-5,0.0007298791757135437,6.524213946633439e-5,0.0007298791757135437,-0.07493475786053404,-0.879270120824296,-0.07500000000000037,-0.8800000000000096,0.0,0.0,Vmag_get_voltage_magnitude_series__angle_get_voltage_angle_series,true,Unknown,Ybus EMT reconstruction using exact complex bus-voltage phasors when available; otherwise diagnostic fallback
9.22,6.524282135168813e-5,0.0007298871814778174,6.524282135168813e-5,0.0007298871814778174,6.524282135168813e-5,0.0007298871814778174,-0.07493475717864868,-0.8792701128185317,-0.07500000000000037,-0.8800000000000096,0.0,0.0,Vmag_get_voltage_magnitude_series__angle_get_voltage_angle_series,true,Unknown,Ybus EMT reconstruction using exact complex bus-voltage phasors when available; otherwise diagnostic fallback
9.23,6.5243512406582e-5,0.0007298952949049697,6.5243512406582e-5,0.0007298952949049697,6.5243512406582e-5,0.0007298952949049697,-0.07493475648759379,-0.8792701047051046,-0.07500000000000037,-0.8800000000000096,0.0,0.0,Vmag_get_voltage_magnitude_series__angle_get_voltage_angle_series,true,Unknown,Ybus EMT reconstruction using exact complex bus-voltage phasors when available; otherwise diagnostic fallback
9.24,6.524421243181422e-5,0.000729903513636776,6.524421243181422e-5,0.000729903513636776,6.524421243181422e-5,0.000729903513636776,-0.07493475578756856,-0.8792700964863728,-0.07500000000000037,-0.8800000000000096,0.0,0.0,Vmag_get_voltage_magnitude_series__angle_get_voltage_angle_series,true,Unknown,Ybus EMT reconstruction using exact complex bus-voltage phasors when available; otherwise diagnostic fallback
9.25,6.52449212231454e-5,0.0007299118352893652,6.52449212231454e-5,0.0007299118352893652,6.52449212231454e-5,0.0007299118352893652,-0.07493475507877723,-0.8792700881647202,-0.07500000000000037,-0.8800000000000096,0.0,0.0,Vmag_get_voltage_magnitude_series__angle_get_voltage_angle_series,true,Unknown,Ybus EMT reconstruction using exact complex bus-voltage phasors when available; otherwise diagnostic fallback
9.26,6.524563858903432e-5,0.0007299202575816732,6.524563858903432e-5,0.0007299202575816732,6.524563858903432e-5,0.0007299202575816732,-0.07493475436141134,-0.8792700797424279,-0.07500000000000037,-0.8800000000000096,0.0,0.0,Vmag_get_voltage_magnitude_series__angle_get_voltage_angle_series,true,Unknown,Ybus EMT reconstruction using exact complex bus-voltage phasors when available; otherwise diagnostic fallback
9.27,6.524636432897468e-5,0.0007299287782246422,6.524636432897468e-5,0.0007299287782246422,6.524636432897468e-5,0.0007299287782246422,-0.0749347536356714,-0.8792700712217849,-0.07500000000000037,-0.8800000000000096,0.0,0.0,Vmag_get_voltage_magnitude_series__angle_get_voltage_angle_series,true,Unknown,Ybus EMT reconstruction using exact complex bus-voltage phasors when available; otherwise diagnostic fallback
9.28,6.524709825124486e-5,0.0007299373949049004,6.524709825124486e-5,0.0007299373949049004,6.524709825124486e-5,0.0007299373949049004,-0.07493475290174913,-0.8792700626051047,-0.07500000000000037,-0.8800000000000096,0.0,0.0,Vmag_get_voltage_magnitude_series__angle_get_voltage_angle_series,true,Unknown,Ybus EMT reconstruction using exact complex bus-voltage phasors when available; otherwise diagnostic fallback
9.29,6.524784016039009e-5,0.0007299461053399403,6.524784016039009e-5,0.0007299461053399403,6.524784016039009e-5,0.0007299461053399403,-0.07493475215983998,-0.8792700538946696,-0.07500000000000037,-0.8800000000000096,0.0,0.0,Vmag_get_voltage_magnitude_series__angle_get_voltage_angle_series,true,Unknown,Ybus EMT reconstruction using exact complex bus-voltage phasors when available; otherwise diagnostic fallback
9.3,6.524858986878268e-5,0.0007299549073469525,6.524858986878268e-5,0.0007299549073469525,6.524858986878268e-5,0.0007299549073469525,-0.07493475141013159,-0.8792700450926626,-0.07500000000000037,-0.8800000000000096,0.0,0.0,Vmag_get_voltage_magnitude_series__angle_get_voltage_angle_series,true,Unknown,Ybus EMT reconstruction using exact complex bus-voltage phasors when available; otherwise diagnostic fallback
9.31,6.524934718227238e-5,0.0007299637986308838,6.524934718227238e-5,0.0007299637986308838,6.524934718227238e-5,0.0007299637986308838,-0.0749347506528181,-0.8792700362013787,-0.07500000000000037,-0.8800000000000096,0.0,0.0,Vmag_get_voltage_magnitude_series__angle_get_voltage_angle_series,true,Unknown,Ybus EMT reconstruction using exact complex bus-voltage phasors when available; otherwise diagnostic fallback
9.32,6.525011191377272e-5,0.0007299727770229136,6.525011191377272e-5,0.0007299727770229136,6.525011191377272e-5,0.0007299727770229136,-0.0749347498880866,-0.8792700272229866,-0.07500000000000037,-0.8800000000000096,0.0,0.0,Vmag_get_voltage_magnitude_series__angle_get_voltage_angle_series,true,Unknown,Ybus EMT reconstruction using exact complex bus-voltage phasors when available; otherwise diagnostic fallback
9.33,6.525088387659972e-5,0.0007299818402916047,6.525088387659972e-5,0.0007299818402916047,6.525088387659972e-5,0.0007299818402916047,-0.07493474911612377,-0.879270018159718,-0.07500000000000037,-0.8800000000000096,0.0,0.0,Vmag_get_voltage_magnitude_series__angle_get_voltage_angle_series,true,Unknown,Ybus EMT reconstruction using exact complex bus-voltage phasors when available; otherwise diagnostic fallback
9.34,6.525166288555428e-5,0.0007299909862886755,6.525166288555428e-5,0.0007299909862886755,6.525166288555428e-5,0.0007299909862886755,-0.07493474833711482,-0.8792700090137209,-0.07500000000000037,-0.8800000000000096,0.0,0.0,Vmag_get_voltage_magnitude_series__angle_get_voltage_angle_series,true,Unknown,Ybus EMT reconstruction using exact complex bus-voltage phasors when available; otherwise diagnostic fallback
9.35,6.525244875628389e-5,0.000730000212858517,6.525244875628389e-5,0.000730000212858517,6.525244875628389e-5,0.000730000212858517,-0.07493474755124409,-0.879269999787151,-0.07500000000000037,-0.8800000000000096,0.0,0.0,Vmag_get_voltage_magnitude_series__angle_get_voltage_angle_series,true,Unknown,Ybus EMT reconstruction using exact complex bus-voltage phasors when available; otherwise diagnostic fallback
9.36,6.525324130669807e-5,0.0007300095178222055,6.525324130669807e-5,0.0007300095178222055,6.525324130669807e-5,0.0007300095178222055,-0.07493474675869367,-0.8792699904821873,-0.07500000000000037,-0.8800000000000096,0.0,0.0,Vmag_get_voltage_magnitude_series__angle_get_voltage_angle_series,true,Unknown,Ybus EMT reconstruction using exact complex bus-voltage phasors when available; otherwise diagnostic fallback
9.37,6.525404035521987e-5,0.0007300188990834178,6.525404035521987e-5,0.0007300188990834178,6.525404035521987e-5,0.0007300188990834178,-0.07493474595964515,-0.8792699811009261,-0.07500000000000037,-0.8800000000000096,0.0,0.0,Vmag_get_voltage_magnitude_series__angle_get_voltage_angle_series,true,Unknown,Ybus EMT reconstruction using exact complex bus-voltage phasors when available; otherwise diagnostic fallback
9.38,6.525484572422746e-5,0.0007300283545134123,6.525484572422746e-5,0.0007300283545134123,6.525484572422746e-5,0.0007300283545134123,-0.07493474515427614,-0.8792699716454961,-0.07500000000000037,-0.8800000000000096,0.0,0.0,Vmag_get_voltage_magnitude_series__angle_get_voltage_angle_series,true,Unknown,Ybus EMT reconstruction using exact complex bus-voltage phasors when available; otherwise diagnostic fallback
9.39,6.52556572350027e-5,0.0007300378820846998,6.52556572350027e-5,0.0007300378820846998,6.52556572350027e-5,0.0007300378820846998,-0.07493474434276537,-0.8792699621179249,-0.07500000000000037,-0.8800000000000096,0.0,0.0,Vmag_get_voltage_magnitude_series__angle_get_voltage_angle_series,true,Unknown,Ybus EMT reconstruction using exact complex bus-voltage phasors when available; otherwise diagnostic fallback
9.4,6.52564747106732e-5,0.0007300474796611001,6.52564747106732e-5,0.0007300474796611001,6.52564747106732e-5,0.0007300474796611001,-0.0749347435252897,-0.8792699525203485,-0.07500000000000037,-0.8800000000000096,0.0,0.0,Vmag_get_voltage_magnitude_series__angle_get_voltage_angle_series,true,Unknown,Ybus EMT reconstruction using exact complex bus-voltage phasors when available; otherwise diagnostic fallback
9.41,6.525729797640656e-5,0.000730057145225782,6.525729797640656e-5,0.000730057145225782,6.525729797640656e-5,0.000730057145225782,-0.07493474270202397,-0.8792699428547838,-0.07500000000000037,-0.8800000000000096,0.0,0.0,Vmag_get_voltage_magnitude_series__angle_get_voltage_angle_series,true,Unknown,Ybus EMT reconstruction using exact complex bus-voltage phasors when available; otherwise diagnostic fallback
9.42,6.525812686083987e-5,0.0007300668767434848,6.525812686083987e-5,0.0007300668767434848,6.525812686083987e-5,0.0007300668767434848,-0.07493474187313953,-0.8792699331232661,-0.07500000000000037,-0.8800000000000096,0.0,0.0,Vmag_get_voltage_magnitude_series__angle_get_voltage_angle_series,true,Unknown,Ybus EMT reconstruction using exact complex bus-voltage phasors when available; otherwise diagnostic fallback
9.43,6.525896119047303e-5,0.0007300766722083685,6.525896119047303e-5,0.0007300766722083685,6.525896119047303e-5,0.0007300766722083685,-0.0749347410388099,-0.8792699233278012,-0.07500000000000037,-0.8800000000000096,0.0,0.0,Vmag_get_voltage_magnitude_series__angle_get_voltage_angle_series,true,Unknown,Ybus EMT reconstruction using exact complex bus-voltage phasors when available; otherwise diagnostic fallback
9.44,6.525980079660765e-5,0.0007300865295987169,6.525980079660765e-5,0.0007300865295987169,6.525980079660765e-5,0.0007300865295987169,-0.07493474019920376,-0.8792699134704108,-0.07500000000000037,-0.8800000000000096,0.0,0.0,Vmag_get_voltage_magnitude_series__angle_get_voltage_angle_series,true,Unknown,Ybus EMT reconstruction using exact complex bus-voltage phasors when available; otherwise diagnostic fallback
9.45,6.526064551004573e-5,0.0007300964469552085,6.526064551004573e-5,0.0007300964469552085,6.526064551004573e-5,0.0007300964469552085,-0.07493473935449033,-0.8792699035530543,-0.07500000000000037,-0.8800000000000096,0.0,0.0,Vmag_get_voltage_magnitude_series__angle_get_voltage_angle_series,true,Unknown,Ybus EMT reconstruction using exact complex bus-voltage phasors when available; otherwise diagnostic fallback
9.46,6.52614951627134e-5,0.0007301064222821063,6.52614951627134e-5,0.0007301064222821063,6.52614951627134e-5,0.0007301064222821063,-0.07493473850483766,-0.8792698935777274,-0.07500000000000037,-0.8800000000000096,0.0,0.0,Vmag_get_voltage_magnitude_series__angle_get_voltage_angle_series,true,Unknown,Ybus EMT reconstruction using exact complex bus-voltage phasors when available; otherwise diagnostic fallback
9.47,6.526234959150501e-5,0.0007301164537021343,6.526234959150501e-5,0.0007301164537021343,6.526234959150501e-5,0.0007301164537021343,-0.07493473765040887,-0.8792698835463074,-0.07500000000000037,-0.8800000000000096,0.0,0.0,Vmag_get_voltage_magnitude_series__angle_get_voltage_angle_series,true,Unknown,Ybus EMT reconstruction using exact complex bus-voltage phasors when available; otherwise diagnostic fallback
9.48,6.526320862970669e-5,0.0007301265392223311,6.526320862970669e-5,0.0007301265392223311,6.526320862970669e-5,0.0007301265392223311,-0.07493473679137067,-0.8792698734607872,-0.07500000000000037,-0.8800000000000096,0.0,0.0,Vmag_get_voltage_magnitude_series__angle_get_voltage_angle_series,true,Unknown,Ybus EMT reconstruction using exact complex bus-voltage phasors when available; otherwise diagnostic fallback
9.49,6.52640721171549e-5,0.0007301366769770778,6.52640721171549e-5,0.0007301366769770778,6.52640721171549e-5,0.0007301366769770778,-0.07493473592788322,-0.8792698633230325,-0.07500000000000037,-0.8800000000000096,0.0,0.0,Vmag_get_voltage_magnitude_series__angle_get_voltage_angle_series,true,Unknown,Ybus EMT reconstruction using exact complex bus-voltage phasors when available; otherwise diagnostic fallback
9.5,6.526493989222892e-5,0.0007301468650658949,6.526493989222892e-5,0.0007301468650658949,6.526493989222892e-5,0.0007301468650658949,-0.07493473506010814,-0.8792698531349437,-0.07500000000000037,-0.8800000000000096,0.0,0.0,Vmag_get_voltage_magnitude_series__angle_get_voltage_angle_series,true,Unknown,Ybus EMT reconstruction using exact complex bus-voltage phasors when available; otherwise diagnostic fallback
9.51,6.526581179475133e-5,0.000730157101616058,6.526581179475133e-5,0.000730157101616058,6.526581179475133e-5,0.000730157101616058,-0.07493473418820562,-0.8792698428983935,-0.07500000000000037,-0.8800000000000096,0.0,0.0,Vmag_get_voltage_magnitude_series__angle_get_voltage_angle_series,true,Unknown,Ybus EMT reconstruction using exact complex bus-voltage phasors when available; otherwise diagnostic fallback
9.52,6.526668766733412e-5,0.0007301673847595058,6.526668766733412e-5,0.0007301673847595058,6.526668766733412e-5,0.0007301673847595058,-0.07493473331233304,-0.87926983261525,-0.07500000000000037,-0.8800000000000096,0.0,0.0,Vmag_get_voltage_magnitude_series__angle_get_voltage_angle_series,true,Unknown,Ybus EMT reconstruction using exact complex bus-voltage phasors when available; otherwise diagnostic fallback
9.53,6.526756735433792e-5,0.000730177712691904,6.526756735433792e-5,0.000730177712691904,6.526756735433792e-5,0.000730177712691904,-0.07493473243264603,-0.8792698222873176,-0.07500000000000037,-0.8800000000000096,0.0,0.0,Vmag_get_voltage_magnitude_series__angle_get_voltage_angle_series,true,Unknown,Ybus EMT reconstruction using exact complex bus-voltage phasors when available; otherwise diagnostic fallback
9.54,6.526845069887433e-5,0.0007301880835609564,6.526845069887433e-5,0.0007301880835609564,6.526845069887433e-5,0.0007301880835609564,-0.0749347315493015,-0.8792698119164486,-0.07500000000000037,-0.8800000000000096,0.0,0.0,Vmag_get_voltage_magnitude_series__angle_get_voltage_angle_series,true,Unknown,Ybus EMT reconstruction using exact complex bus-voltage phasors when available; otherwise diagnostic fallback
9.55,6.526933755021669e-5,0.000730198495599188,6.526933755021669e-5,0.000730198495599188,6.526933755021669e-5,0.000730198495599188,-0.07493473066245016,-0.8792698015044104,-0.07500000000000037,-0.8800000000000096,0.0,0.0,Vmag_get_voltage_magnitude_series__angle_get_voltage_angle_series,true,Unknown,Ybus EMT reconstruction using exact complex bus-voltage phasors when available; otherwise diagnostic fallback
9.56,6.527022775669467e-5,0.0007302089470329065,6.527022775669467e-5,0.0007302089470329065,6.527022775669467e-5,0.0007302089470329065,-0.07493472977224368,-0.8792697910529766,-0.07500000000000037,-0.8800000000000096,0.0,0.0,Vmag_get_voltage_magnitude_series__angle_get_voltage_angle_series,true,Unknown,Ybus EMT reconstruction using exact complex bus-voltage phasors when available; otherwise diagnostic fallback
9.57,6.527112116580525e-5,0.0007302194360512271,6.527112116580525e-5,0.0007302194360512271,6.527112116580525e-5,0.0007302194360512271,-0.07493472887883457,-0.8792697805639583,-0.07500000000000037,-0.8800000000000096,0.0,0.0,Vmag_get_voltage_magnitude_series__angle_get_voltage_angle_series,true,Unknown,Ybus EMT reconstruction using exact complex bus-voltage phasors when available; otherwise diagnostic fallback
9.58,6.527201762998591e-5,0.0007302299609459606,6.527201762998591e-5,0.0007302299609459606,6.527201762998591e-5,0.0007302299609459606,-0.07493472798237039,-0.8792697700390636,-0.07500000000000037,-0.8800000000000096,0.0,0.0,Vmag_get_voltage_magnitude_series__angle_get_voltage_angle_series,true,Unknown,Ybus EMT reconstruction using exact complex bus-voltage phasors when available; otherwise diagnostic fallback
9.59,6.527291700327009e-5,0.0007302405199653972,6.527291700327009e-5,0.0007302405199653972,6.527291700327009e-5,0.0007302405199653972,-0.0749347270829971,-0.8792697594800442,-0.07500000000000037,-0.8800000000000096,0.0,0.0,Vmag_get_voltage_magnitude_series__angle_get_voltage_angle_series,true,Unknown,Ybus EMT reconstruction using exact complex bus-voltage phasors when available; otherwise diagnostic fallback
9.6,6.527381913722097e-5,0.000730251111418112,6.527381913722097e-5,0.000730251111418112,6.527381913722097e-5,0.000730251111418112,-0.07493472618086315,-0.8792697488885914,-0.07500000000000037,-0.8800000000000096,0.0,0.0,Vmag_get_voltage_magnitude_series__angle_get_voltage_angle_series,true,Unknown,Ybus EMT reconstruction using exact complex bus-voltage phasors when available; otherwise diagnostic fallback
9.61,6.527472388943856e-5,0.0007302617335966932,6.527472388943856e-5,0.0007302617335966932,6.527472388943856e-5,0.0007302617335966932,-0.07493472527611093,-0.8792697382664129,-0.07500000000000037,-0.8800000000000096,0.0,0.0,Vmag_get_voltage_magnitude_series__angle_get_voltage_angle_series,true,Unknown,Ybus EMT reconstruction using exact complex bus-voltage phasors when available; otherwise diagnostic fallback
9.62,6.527563111870249e-5,0.0007302723848723325,6.527563111870249e-5,0.0007302723848723325,6.527563111870249e-5,0.0007302723848723325,-0.07493472436888167,-0.8792697276151372,-0.07500000000000037,-0.8800000000000096,0.0,0.0,Vmag_get_voltage_magnitude_series__angle_get_voltage_angle_series,true,Unknown,Ybus EMT reconstruction using exact complex bus-voltage phasors when available; otherwise diagnostic fallback
9.63,6.527654068190503e-5,0.0007302830635269597,6.527654068190503e-5,0.0007302830635269597,6.527654068190503e-5,0.0007302830635269597,-0.07493472345931847,-0.8792697169364826,-0.07500000000000037,-0.8800000000000096,0.0,0.0,Vmag_get_voltage_magnitude_series__angle_get_voltage_angle_series,true,Unknown,Ybus EMT reconstruction using exact complex bus-voltage phasors when available; otherwise diagnostic fallback
9.64,6.527745243892213e-5,0.0007302937679362076,6.527745243892213e-5,0.0007302937679362076,6.527745243892213e-5,0.0007302937679362076,-0.07493472254756145,-0.8792697062320733,-0.07500000000000037,-0.8800000000000096,0.0,0.0,Vmag_get_voltage_magnitude_series__angle_get_voltage_angle_series,true,Unknown,Ybus EMT reconstruction using exact complex bus-voltage phasors when available; otherwise diagnostic fallback
9.65,6.52783662515588e-5,0.0007303044964798167,6.52783662515588e-5,0.0007303044964798167,6.52783662515588e-5,0.0007303044964798167,-0.07493472163374881,-0.8792696955035297,-0.07500000000000037,-0.8800000000000096,0.0,0.0,Vmag_get_voltage_magnitude_series__angle_get_voltage_angle_series,true,Unknown,Ybus EMT reconstruction using exact complex bus-voltage phasors when available; otherwise diagnostic fallback
9.66,6.527928198649113e-5,0.000730315247590041,6.527928198649113e-5,0.000730315247590041,6.527928198649113e-5,0.000730315247590041,-0.07493472071801388,-0.8792696847524195,-0.07500000000000037,-0.8800000000000096,0.0,0.0,Vmag_get_voltage_magnitude_series__angle_get_voltage_angle_series,true,Unknown,Ybus EMT reconstruction using exact complex bus-voltage phasors when available; otherwise diagnostic fallback
9.67,6.52801995050245e-5,0.0007303260196542816,6.52801995050245e-5,0.0007303260196542816,6.52801995050245e-5,0.0007303260196542816,-0.07493471980049535,-0.8792696739803553,-0.07500000000000037,-0.8800000000000096,0.0,0.0,Vmag_get_voltage_magnitude_series__angle_get_voltage_angle_series,true,Unknown,Ybus EMT reconstruction using exact complex bus-voltage phasors when available; otherwise diagnostic fallback
9.68,6.52811186735297e-5,0.0007303368110658237,6.52811186735297e-5,0.0007303368110658237,6.52811186735297e-5,0.0007303368110658237,-0.07493471888132684,-0.8792696631889437,-0.07500000000000037,-0.8800000000000096,0.0,0.0,Vmag_get_voltage_magnitude_series__angle_get_voltage_angle_series,true,Unknown,Ybus EMT reconstruction using exact complex bus-voltage phasors when available; otherwise diagnostic fallback
9.69,6.528203936272126e-5,0.0007303476203449621,6.528203936272126e-5,0.0007303476203449621,6.528203936272126e-5,0.0007303476203449621,-0.07493471796063765,-0.8792696523796646,-0.07500000000000037,-0.8800000000000096,0.0,0.0,Vmag_get_voltage_magnitude_series__angle_get_voltage_angle_series,true,Unknown,Ybus EMT reconstruction using exact complex bus-voltage phasors when available; otherwise diagnostic fallback
9.7,6.528296143878953e-5,0.0007303584458917545,6.528296143878953e-5,0.0007303584458917545,6.528296143878953e-5,0.0007303584458917545,-0.07493471703856158,-0.8792696415541178,-0.07500000000000037,-0.8800000000000096,0.0,0.0,Vmag_get_voltage_magnitude_series__angle_get_voltage_angle_series,true,Unknown,Ybus EMT reconstruction using exact complex bus-voltage phasors when available; otherwise diagnostic fallback
9.71,6.528388477339275e-5,0.0007303692862070665,6.528388477339275e-5,0.0007303692862070665,6.528388477339275e-5,0.0007303692862070665,-0.07493471611522698,-0.8792696307138025,-0.07500000000000037,-0.8800000000000096,0.0,0.0,Vmag_get_voltage_magnitude_series__angle_get_voltage_angle_series,true,Unknown,Ybus EMT reconstruction using exact complex bus-voltage phasors when available; otherwise diagnostic fallback
9.72,6.528480924135327e-5,0.0007303801398369503,6.528480924135327e-5,0.0007303801398369503,6.528480924135327e-5,0.0007303801398369503,-0.07493471519075902,-0.8792696198601726,-0.07500000000000037,-0.8800000000000096,0.0,0.0,Vmag_get_voltage_magnitude_series__angle_get_voltage_angle_series,true,Unknown,Ybus EMT reconstruction using exact complex bus-voltage phasors when available; otherwise diagnostic fallback
9.73,6.52857347128305e-5,0.000730391005239861,6.52857347128305e-5,0.000730391005239861,6.52857347128305e-5,0.000730391005239861,-0.07493471426528754,-0.8792696089947697,-0.07500000000000037,-0.8800000000000096,0.0,0.0,Vmag_get_voltage_magnitude_series__angle_get_voltage_angle_series,true,Unknown,Ybus EMT reconstruction using exact complex bus-voltage phasors when available; otherwise diagnostic fallback
9.74,6.52866610632713e-5,0.0007304018809651813,6.52866610632713e-5,0.0007304018809651813,6.52866610632713e-5,0.0007304018809651813,-0.0749347133389371,-0.8792695981190444,-0.07500000000000037,-0.8800000000000096,0.0,0.0,Vmag_get_voltage_magnitude_series__angle_get_voltage_angle_series,true,Unknown,Ybus EMT reconstruction using exact complex bus-voltage phasors when available; otherwise diagnostic fallback
9.75,6.528758817206382e-5,0.0007304127655933801,6.528758817206382e-5,0.0007304127655933801,6.528758817206382e-5,0.0007304127655933801,-0.07493471241182831,-0.8792695872344162,-0.07500000000000037,-0.8800000000000096,0.0,0.0,Vmag_get_voltage_magnitude_series__angle_get_voltage_angle_series,true,Unknown,Ybus EMT reconstruction using exact complex bus-voltage phasors when available; otherwise diagnostic fallback
9.76,6.528851591580676e-5,0.0007304236576616274,6.528851591580676e-5,0.0007304236576616274,6.528851591580676e-5,0.0007304236576616274,-0.07493471148408457,-0.8792695763423479,-0.07500000000000037,-0.8800000000000096,0.0,0.0,Vmag_get_voltage_magnitude_series__angle_get_voltage_angle_series,true,Unknown,Ybus EMT reconstruction using exact complex bus-voltage phasors when available; otherwise diagnostic fallback
9.77,6.528944417481808e-5,0.0007304345557903602,6.528944417481808e-5,0.0007304345557903602,6.528944417481808e-5,0.0007304345557903602,-0.07493471055582555,-0.8792695654442192,-0.07500000000000037,-0.8800000000000096,0.0,0.0,Vmag_get_voltage_magnitude_series__angle_get_voltage_angle_series,true,Unknown,Ybus EMT reconstruction using exact complex bus-voltage phasors when available; otherwise diagnostic fallback
9.78,6.529037282675121e-5,0.0007304454585158604,6.529037282675121e-5,0.0007304454585158604,6.529037282675121e-5,0.0007304454585158604,-0.07493470962717362,-0.8792695545414937,-0.07500000000000037,-0.8800000000000096,0.0,0.0,Vmag_get_voltage_magnitude_series__angle_get_voltage_angle_series,true,Unknown,Ybus EMT reconstruction using exact complex bus-voltage phasors when available; otherwise diagnostic fallback
9.79,6.529130175883524e-5,0.0007304563645541551,6.529130175883524e-5,0.0007304563645541551,6.529130175883524e-5,0.0007304563645541551,-0.07493470869824154,-0.8792695436354554,-0.07500000000000037,-0.8800000000000096,0.0,0.0,Vmag_get_voltage_magnitude_series__angle_get_voltage_angle_series,true,Unknown,Ybus EMT reconstruction using exact complex bus-voltage phasors when available; otherwise diagnostic fallback
9.8,6.529223085177671e-5,0.0007304672724518513,6.529223085177671e-5,0.0007304672724518513,6.529223085177671e-5,0.0007304672724518513,-0.0749347077691486,-0.8792695327275577,-0.07500000000000037,-0.8800000000000096,0.0,0.0,Vmag_get_voltage_magnitude_series__angle_get_voltage_angle_series,true,Unknown,Ybus EMT reconstruction using exact complex bus-voltage phasors when available; otherwise diagnostic fallback
9.81,6.529315999292962e-5,0.0007304781809366334,6.529315999292962e-5,0.0007304781809366334,6.529315999292962e-5,0.0007304781809366334,-0.07493470684000744,-0.8792695218190729,-0.07500000000000037,-0.8800000000000096,0.0,0.0,Vmag_get_voltage_magnitude_series__angle_get_voltage_angle_series,true,Unknown,Ybus EMT reconstruction using exact complex bus-voltage phasors when available; otherwise diagnostic fallback
9.82,6.529408906888468e-5,0.0007304890886175031,6.529408906888468e-5,0.0007304890886175031,6.529408906888468e-5,0.0007304890886175031,-0.07493470591093149,-0.879269510911392,-0.07500000000000037,-0.8800000000000096,0.0,0.0,Vmag_get_voltage_magnitude_series__angle_get_voltage_angle_series,true,Unknown,Ybus EMT reconstruction using exact complex bus-voltage phasors when available; otherwise diagnostic fallback
9.83,6.529501796556647e-5,0.0007304999942132628,6.529501796556647e-5,0.0007304999942132628,6.529501796556647e-5,0.0007304999942132628,-0.0749347049820348,-0.8792695000057963,-0.07500000000000037,-0.8800000000000096,0.0,0.0,Vmag_get_voltage_magnitude_series__angle_get_voltage_angle_series,true,Unknown,Ybus EMT reconstruction using exact complex bus-voltage phasors when available; otherwise diagnostic fallback
9.84,6.529594657531113e-5,0.0007305108964649198,6.529594657531113e-5,0.0007305108964649198,6.529594657531113e-5,0.0007305108964649198,-0.07493470405342506,-0.8792694891035446,-0.07500000000000037,-0.8800000000000096,0.0,0.0,Vmag_get_voltage_magnitude_series__angle_get_voltage_angle_series,true,Unknown,Ybus EMT reconstruction using exact complex bus-voltage phasors when available; otherwise diagnostic fallback
9.85,6.529687478690205e-5,0.0007305217940045683,6.529687478690205e-5,0.0007305217940045683,6.529687478690205e-5,0.0007305217940045683,-0.07493470312521347,-0.879269478206005,-0.07500000000000037,-0.8800000000000096,0.0,0.0,Vmag_get_voltage_magnitude_series__angle_get_voltage_angle_series,true,Unknown,Ybus EMT reconstruction using exact complex bus-voltage phasors when available; otherwise diagnostic fallback
9.86,6.529780249478478e-5,0.0007305326856291705,6.529780249478478e-5,0.0007305326856291705,6.529780249478478e-5,0.0007305326856291705,-0.07493470219750559,-0.8792694673143804,-0.07500000000000037,-0.8800000000000096,0.0,0.0,Vmag_get_voltage_magnitude_series__angle_get_voltage_angle_series,true,Unknown,Ybus EMT reconstruction using exact complex bus-voltage phasors when available; otherwise diagnostic fallback
9.87,6.529872959210037e-5,0.0007305435701077112,6.529872959210037e-5,0.0007305435701077112,6.529872959210037e-5,0.0007305435701077112,-0.07493470127040827,-0.8792694564299018,-0.07500000000000037,-0.8800000000000096,0.0,0.0,Vmag_get_voltage_magnitude_series__angle_get_voltage_angle_series,true,Unknown,Ybus EMT reconstruction using exact complex bus-voltage phasors when available; otherwise diagnostic fallback
9.88,6.529965597379395e-5,0.0007305544461398972,6.529965597379395e-5,0.0007305544461398972,6.529965597379395e-5,0.0007305544461398972,-0.07493470034402658,-0.8792694455538697,-0.07500000000000037,-0.8800000000000096,0.0,0.0,Vmag_get_voltage_magnitude_series__angle_get_voltage_angle_series,true,Unknown,Ybus EMT reconstruction using exact complex bus-voltage phasors when available; otherwise diagnostic fallback
9.89,6.53005815366009e-5,0.0007305653125958544,6.53005815366009e-5,0.0007305653125958544,6.53005815366009e-5,0.0007305653125958544,-0.07493469941846377,-0.8792694346874137,-0.07500000000000037,-0.8800000000000096,0.0,0.0,Vmag_get_voltage_magnitude_series__angle_get_voltage_angle_series,true,Unknown,Ybus EMT reconstruction using exact complex bus-voltage phasors when available; otherwise diagnostic fallback
9.9,6.530150617764519e-5,0.000730576168221031,6.530150617764519e-5,0.000730576168221031,6.530150617764519e-5,0.000730576168221031,-0.07493469849382273,-0.8792694238317885,-0.07500000000000037,-0.8800000000000096,0.0,0.0,Vmag_get_voltage_magnitude_series__angle_get_voltage_angle_series,true,Unknown,Ybus EMT reconstruction using exact complex bus-voltage phasors when available; otherwise diagnostic fallback
9.91,6.530242979903289e-5,0.000730587011876116,6.530242979903289e-5,0.000730587011876116,6.530242979903289e-5,0.000730587011876116,-0.07493469757020134,-0.8792694129881334,-0.07500000000000037,-0.8800000000000096,0.0,0.0,Vmag_get_voltage_magnitude_series__angle_get_voltage_angle_series,true,Unknown,Ybus EMT reconstruction using exact complex bus-voltage phasors when available; otherwise diagnostic fallback
9.92,6.530335229953943e-5,0.0007305978423617354,6.530335229953943e-5,0.0007305978423617354,6.530335229953943e-5,0.0007305978423617354,-0.07493469664770083,-0.8792694021576478,-0.07500000000000037,-0.8800000000000096,0.0,0.0,Vmag_get_voltage_magnitude_series__angle_get_voltage_angle_series,true,Unknown,Ybus EMT reconstruction using exact complex bus-voltage phasors when available; otherwise diagnostic fallback
9.93,6.530427358164559e-5,0.0007306086585364691,6.530427358164559e-5,0.0007306086585364691,6.530427358164559e-5,0.0007306086585364691,-0.07493469572641873,-0.8792693913414731,-0.07500000000000037,-0.8800000000000096,0.0,0.0,Vmag_get_voltage_magnitude_series__angle_get_voltage_angle_series,true,Unknown,Ybus EMT reconstruction using exact complex bus-voltage phasors when available; otherwise diagnostic fallback
9.94,6.530519354924769e-5,0.00073061945928099,6.530519354924769e-5,0.00073061945928099,6.530519354924769e-5,0.00073061945928099,-0.07493469480645112,-0.8792693805407286,-0.07500000000000037,-0.8800000000000096,0.0,0.0,Vmag_get_voltage_magnitude_series__angle_get_voltage_angle_series,true,Unknown,Ybus EMT reconstruction using exact complex bus-voltage phasors when available; otherwise diagnostic fallback
9.95,6.530611210736614e-5,0.0007306302434747503,6.530611210736614e-5,0.0007306302434747503,6.530611210736614e-5,0.0007306302434747503,-0.074934693887893,-0.8792693697565348,-0.07500000000000037,-0.8800000000000096,0.0,0.0,Vmag_get_voltage_magnitude_series__angle_get_voltage_angle_series,true,Unknown,Ybus EMT reconstruction using exact complex bus-voltage phasors when available; otherwise diagnostic fallback
9.96,6.530702916003606e-5,0.0007306410100018645,6.530702916003606e-5,0.0007306410100018645,6.530702916003606e-5,0.0007306410100018645,-0.07493469297084034,-0.8792693589900077,-0.07500000000000037,-0.8800000000000096,0.0,0.0,Vmag_get_voltage_magnitude_series__angle_get_voltage_angle_series,true,Unknown,Ybus EMT reconstruction using exact complex bus-voltage phasors when available; otherwise diagnostic fallback
9.97,6.53079446181204e-5,0.0007306517578044014,6.53079446181204e-5,0.0007306517578044014,6.53079446181204e-5,0.0007306517578044014,-0.07493469205538225,-0.8792693482422052,-0.07500000000000037,-0.8800000000000096,0.0,0.0,Vmag_get_voltage_magnitude_series__angle_get_voltage_angle_series,true,Unknown,Ybus EMT reconstruction using exact complex bus-voltage phasors when available; otherwise diagnostic fallback
9.98,6.530885838997025e-5,0.0007306624857927879,6.530885838997025e-5,0.0007306624857927879,6.530885838997025e-5,0.0007306624857927879,-0.0749346911416104,-0.8792693375142168,-0.07500000000000037,-0.8800000000000096,0.0,0.0,Vmag_get_voltage_magnitude_series__angle_get_voltage_angle_series,true,Unknown,Ybus EMT reconstruction using exact complex bus-voltage phasors when available; otherwise diagnostic fallback
9.99,6.5309770384131e-5,0.0007306731929206389,6.5309770384131e-5,0.0007306731929206389,6.5309770384131e-5,0.0007306731929206389,-0.07493469022961624,-0.8792693268070889,-0.07500000000000037,-0.8800000000000096,0.0,0.0,Vmag_get_voltage_magnitude_series__angle_get_voltage_angle_series,true,Unknown,Ybus EMT reconstruction using exact complex bus-voltage phasors when available; otherwise diagnostic fallback
10.0,6.531068051442157e-5,0.0007306838781557801,6.531068051442157e-5,0.0007306838781557801,6.531068051442157e-5,0.0007306838781557801,-0.07493468931948595,-0.8792693161218538,-0.07500000000000037,-0.8800000000000096,0.0,0.0,Vmag_get_voltage_magnitude_series__angle_get_voltage_angle_series,true,Unknown,Ybus EMT reconstruction using exact complex bus-voltage phasors when available; otherwise diagnostic fallback
