t_s,delta_p_pu,delta_q_pu,delta_p_network_pu,delta_q_network_pu,delta_p_with_load_pu,delta_q_with_load_pu,p_network_abs_pu,q_network_abs_pu,p_network_ref_pu,q_network_ref_pu,delta_p_load_pu,delta_q_load_pu,angle_source,angle_is_exact_bus_voltage,asset_type,source
0.0,-0.0003136418842366595,0.004215395183301163,-0.0003136418842366595,0.004215395183301163,-0.0003136418842366595,0.004215395183301163,5.399686358115765,0.08658243499864282,5.400000000000001,0.08236703981534166,0.0,0.0,Vmag_get_voltage_magnitude_series__angle_get_voltage_angle_series,true,SG,Ybus EMT reconstruction using exact complex bus-voltage phasors when available; otherwise diagnostic fallback
0.01,-0.0003136418842277777,0.004215395183294612,-0.0003136418842277777,0.004215395183294612,-0.0003136418842277777,0.004215395183294612,5.3996863581157735,0.08658243499863627,5.400000000000001,0.08236703981534166,0.0,0.0,Vmag_get_voltage_magnitude_series__angle_get_voltage_angle_series,true,SG,Ybus EMT reconstruction using exact complex bus-voltage phasors when available; otherwise diagnostic fallback
0.02,-0.0003136418842277777,0.004215395183294168,-0.0003136418842277777,0.004215395183294168,-0.0003136418842277777,0.004215395183294168,5.3996863581157735,0.08658243499863583,5.400000000000001,0.08236703981534166,0.0,0.0,Vmag_get_voltage_magnitude_series__angle_get_voltage_angle_series,true,SG,Ybus EMT reconstruction using exact complex bus-voltage phasors when available; otherwise diagnostic fallback
0.03,-0.0003136418842331068,0.004215395183293169,-0.0003136418842331068,0.004215395183293169,-0.0003136418842331068,0.004215395183293169,5.399686358115768,0.08658243499863483,5.400000000000001,0.08236703981534166,0.0,0.0,Vmag_get_voltage_magnitude_series__angle_get_voltage_angle_series,true,SG,Ybus EMT reconstruction using exact complex bus-voltage phasors when available; otherwise diagnostic fallback
0.04,-0.0003136418842286659,0.004215395183302273,-0.0003136418842286659,0.004215395183302273,-0.0003136418842286659,0.004215395183302273,5.399686358115773,0.08658243499864393,5.400000000000001,0.08236703981534166,0.0,0.0,Vmag_get_voltage_magnitude_series__angle_get_voltage_angle_series,true,SG,Ybus EMT reconstruction using exact complex bus-voltage phasors when available; otherwise diagnostic fallback
0.05,-0.00031364188423044226,0.00421539518329439,-0.00031364188423044226,0.00421539518329439,-0.00031364188423044226,0.00421539518329439,5.399686358115771,0.08658243499863605,5.400000000000001,0.08236703981534166,0.0,0.0,Vmag_get_voltage_magnitude_series__angle_get_voltage_angle_series,true,SG,Ybus EMT reconstruction using exact complex bus-voltage phasors when available; otherwise diagnostic fallback
0.06,-0.0003136418842331068,0.004215395183293502,-0.0003136418842331068,0.004215395183293502,-0.0003136418842331068,0.004215395183293502,5.399686358115768,0.08658243499863516,5.400000000000001,0.08236703981534166,0.0,0.0,Vmag_get_voltage_magnitude_series__angle_get_voltage_angle_series,true,SG,Ybus EMT reconstruction using exact complex bus-voltage phasors when available; otherwise diagnostic fallback
0.07,-0.0003136418842322186,0.004215395183293724,-0.0003136418842322186,0.004215395183293724,-0.0003136418842322186,0.004215395183293724,5.399686358115769,0.08658243499863538,5.400000000000001,0.08236703981534166,0.0,0.0,Vmag_get_voltage_magnitude_series__angle_get_voltage_angle_series,true,SG,Ybus EMT reconstruction using exact complex bus-voltage phasors when available; otherwise diagnostic fallback
0.08,-0.0003136418842366595,0.004215395183292836,-0.0003136418842366595,0.004215395183292836,-0.0003136418842366595,0.004215395183292836,5.399686358115765,0.0865824349986345,5.400000000000001,0.08236703981534166,0.0,0.0,Vmag_get_voltage_magnitude_series__angle_get_voltage_angle_series,true,SG,Ybus EMT reconstruction using exact complex bus-voltage phasors when available; otherwise diagnostic fallback
0.09,-0.0003136418842322186,0.004215395183293946,-0.0003136418842322186,0.004215395183293946,-0.0003136418842322186,0.004215395183293946,5.399686358115769,0.0865824349986356,5.400000000000001,0.08236703981534166,0.0,0.0,Vmag_get_voltage_magnitude_series__angle_get_voltage_angle_series,true,SG,Ybus EMT reconstruction using exact complex bus-voltage phasors when available; otherwise diagnostic fallback
0.1,-0.0003136418842277777,0.004215395183287285,-0.0003136418842277777,0.004215395183287285,-0.0003136418842277777,0.004215395183287285,5.3996863581157735,0.08658243499862894,5.400000000000001,0.08236703981534166,0.0,0.0,Vmag_get_voltage_magnitude_series__angle_get_voltage_angle_series,true,SG,Ybus EMT reconstruction using exact complex bus-voltage phasors when available; otherwise diagnostic fallback
0.11,0.015736902938481734,0.00955390669015177,0.015736902938481734,0.00955390669015177,0.015736902938481734,0.00955390669015177,5.415736902938483,0.09192094650549343,5.400000000000001,0.08236703981534166,0.0,0.0,Vmag_get_voltage_magnitude_series__angle_get_voltage_angle_series,true,SG,Ybus EMT reconstruction using exact complex bus-voltage phasors when available; otherwise diagnostic fallback
0.12,0.016203491400689884,0.012006961796212523,0.016203491400689884,0.012006961796212523,0.016203491400689884,0.012006961796212523,5.416203491400691,0.09437400161155418,5.400000000000001,0.08236703981534166,0.0,0.0,Vmag_get_voltage_magnitude_series__angle_get_voltage_angle_series,true,SG,Ybus EMT reconstruction using exact complex bus-voltage phasors when available; otherwise diagnostic fallback
0.13,0.016082573903246633,0.01326712734415969,0.016082573903246633,0.01326712734415969,0.016082573903246633,0.01326712734415969,5.416082573903248,0.09563416715950135,5.400000000000001,0.08236703981534166,0.0,0.0,Vmag_get_voltage_magnitude_series__angle_get_voltage_angle_series,true,SG,Ybus EMT reconstruction using exact complex bus-voltage phasors when available; otherwise diagnostic fallback
0.14,0.017210456216252723,0.013019872649563835,0.017210456216252723,0.013019872649563835,0.017210456216252723,0.013019872649563835,5.417210456216254,0.0953869124649055,5.400000000000001,0.08236703981534166,0.0,0.0,Vmag_get_voltage_magnitude_series__angle_get_voltage_angle_series,true,SG,Ybus EMT reconstruction using exact complex bus-voltage phasors when available; otherwise diagnostic fallback
0.15,0.01770841746919416,0.012917728547662932,0.01770841746919416,0.012917728547662932,0.01770841746919416,0.012917728547662932,5.417708417469195,0.09528476836300459,5.400000000000001,0.08236703981534166,0.0,0.0,Vmag_get_voltage_magnitude_series__angle_get_voltage_angle_series,true,SG,Ybus EMT reconstruction using exact complex bus-voltage phasors when available; otherwise diagnostic fallback
0.16,0.01866447879674027,0.012857817891135603,0.01866447879674027,0.012857817891135603,0.01866447879674027,0.012857817891135603,5.4186644787967415,0.09522485770647726,5.400000000000001,0.08236703981534166,0.0,0.0,Vmag_get_voltage_magnitude_series__angle_get_voltage_angle_series,true,SG,Ybus EMT reconstruction using exact complex bus-voltage phasors when available; otherwise diagnostic fallback
0.17,0.01972178202258501,0.012754662709463016,0.01972178202258501,0.012754662709463016,0.01972178202258501,0.012754662709463016,5.419721782022586,0.09512170252480467,5.400000000000001,0.08236703981534166,0.0,0.0,Vmag_get_voltage_magnitude_series__angle_get_voltage_angle_series,true,SG,Ybus EMT reconstruction using exact complex bus-voltage phasors when available; otherwise diagnostic fallback
0.18,0.02093232488457275,0.012617792333520117,0.02093232488457275,0.012617792333520117,0.02093232488457275,0.012617792333520117,5.420932324884574,0.09498483214886178,5.400000000000001,0.08236703981534166,0.0,0.0,Vmag_get_voltage_magnitude_series__angle_get_voltage_angle_series,true,SG,Ybus EMT reconstruction using exact complex bus-voltage phasors when available; otherwise diagnostic fallback
0.19,0.022212908754909222,0.012493482719593385,0.022212908754909222,0.012493482719593385,0.022212908754909222,0.012493482719593385,5.4222129087549105,0.09486052253493504,5.400000000000001,0.08236703981534166,0.0,0.0,Vmag_get_voltage_magnitude_series__angle_get_voltage_angle_series,true,SG,Ybus EMT reconstruction using exact complex bus-voltage phasors when available; otherwise diagnostic fallback
0.2,0.023570709123857725,0.012370654443136453,0.023570709123857725,0.012370654443136453,0.023570709123857725,0.012370654443136453,5.423570709123859,0.09473769425847811,5.400000000000001,0.08236703981534166,0.0,0.0,Vmag_get_voltage_magnitude_series__angle_get_voltage_angle_series,true,SG,Ybus EMT reconstruction using exact complex bus-voltage phasors when available; otherwise diagnostic fallback
0.21,0.02497165145368463,0.012259112338012357,0.02497165145368463,0.012259112338012357,0.02497165145368463,0.012259112338012357,5.424971651453686,0.09462615215335402,5.400000000000001,0.08236703981534166,0.0,0.0,Vmag_get_voltage_magnitude_series__angle_get_voltage_angle_series,true,SG,Ybus EMT reconstruction using exact complex bus-voltage phasors when available; otherwise diagnostic fallback
0.22,0.026400071866992114,0.012158739779336347,0.026400071866992114,0.012158739779336347,0.026400071866992114,0.012158739779336347,5.426400071866993,0.094525779594678,5.400000000000001,0.08236703981534166,0.0,0.0,Vmag_get_voltage_magnitude_series__angle_get_voltage_angle_series,true,SG,Ybus EMT reconstruction using exact complex bus-voltage phasors when available; otherwise diagnostic fallback
0.23,0.02783730091507941,0.012073482695519222,0.02783730091507941,0.012073482695519222,0.02783730091507941,0.012073482695519222,5.427837300915081,0.09444052251086088,5.400000000000001,0.08236703981534166,0.0,0.0,Vmag_get_voltage_magnitude_series__angle_get_voltage_angle_series,true,SG,Ybus EMT reconstruction using exact complex bus-voltage phasors when available; otherwise diagnostic fallback
0.24,0.02927050485478766,0.012002715092812366,0.02927050485478766,0.012002715092812366,0.02927050485478766,0.012002715092812366,5.429270504854789,0.09436975490815402,5.400000000000001,0.08236703981534166,0.0,0.0,Vmag_get_voltage_magnitude_series__angle_get_voltage_angle_series,true,SG,Ybus EMT reconstruction using exact complex bus-voltage phasors when available; otherwise diagnostic fallback
0.25,0.030687975494934072,0.011946487635076997,0.030687975494934072,0.011946487635076997,0.030687975494934072,0.011946487635076997,5.430687975494935,0.09431352745041865,5.400000000000001,0.08236703981534166,0.0,0.0,Vmag_get_voltage_magnitude_series__angle_get_voltage_angle_series,true,SG,Ybus EMT reconstruction using exact complex bus-voltage phasors when available; otherwise diagnostic fallback
0.26,0.032080968236131824,0.011903536291472006,0.032080968236131824,0.011903536291472006,0.032080968236131824,0.011903536291472006,5.432080968236133,0.09427057610681366,5.400000000000001,0.08236703981534166,0.0,0.0,Vmag_get_voltage_magnitude_series__angle_get_voltage_angle_series,true,SG,Ybus EMT reconstruction using exact complex bus-voltage phasors when available; otherwise diagnostic fallback
0.27,0.033442635341644156,0.011872378177664067,0.033442635341644156,0.011872378177664067,0.033442635341644156,0.011872378177664067,5.433442635341645,0.09423941799300573,5.400000000000001,0.08236703981534166,0.0,0.0,Vmag_get_voltage_magnitude_series__angle_get_voltage_angle_series,true,SG,Ybus EMT reconstruction using exact complex bus-voltage phasors when available; otherwise diagnostic fallback
0.28,0.03476799470818026,0.011851083790663797,0.03476799470818026,0.011851083790663797,0.03476799470818026,0.011851083790663797,5.4347679947081815,0.09421812360600545,5.400000000000001,0.08236703981534166,0.0,0.0,Vmag_get_voltage_magnitude_series__angle_get_voltage_angle_series,true,SG,Ybus EMT reconstruction using exact complex bus-voltage phasors when available; otherwise diagnostic fallback
0.29,0.03605349857807738,0.01183760799898892,0.03605349857807738,0.01183760799898892,0.03605349857807738,0.01183760799898892,5.436053498578079,0.09420464781433058,5.400000000000001,0.08236703981534166,0.0,0.0,Vmag_get_voltage_magnitude_series__angle_get_voltage_angle_series,true,SG,Ybus EMT reconstruction using exact complex bus-voltage phasors when available; otherwise diagnostic fallback
0.3,0.03729676941805149,0.011829850332771619,0.03729676941805149,0.011829850332771619,0.03729676941805149,0.011829850332771619,5.437296769418053,0.09419689014811328,5.400000000000001,0.08236703981534166,0.0,0.0,Vmag_get_voltage_magnitude_series__angle_get_voltage_angle_series,true,SG,Ybus EMT reconstruction using exact complex bus-voltage phasors when available; otherwise diagnostic fallback
0.31,0.03849630570610785,0.011825783212609187,0.03849630570610785,0.011825783212609187,0.03849630570610785,0.011825783212609187,5.438496305706109,0.09419282302795084,5.400000000000001,0.08236703981534166,0.0,0.0,Vmag_get_voltage_magnitude_series__angle_get_voltage_angle_series,true,SG,Ybus EMT reconstruction using exact complex bus-voltage phasors when available; otherwise diagnostic fallback
0.32,0.03965123428980366,0.011823521336601583,0.03965123428980366,0.011823521336601583,0.03965123428980366,0.011823521336601583,5.439651234289805,0.09419056115194324,5.400000000000001,0.08236703981534166,0.0,0.0,Vmag_get_voltage_magnitude_series__angle_get_voltage_angle_series,true,SG,Ybus EMT reconstruction using exact complex bus-voltage phasors when available; otherwise diagnostic fallback
0.33,0.0407610933003415,0.01182138331590843,0.0407610933003415,0.01182138331590843,0.0407610933003415,0.01182138331590843,5.440761093300343,0.09418842313125009,5.400000000000001,0.08236703981534166,0.0,0.0,Vmag_get_voltage_magnitude_series__angle_get_voltage_angle_series,true,SG,Ybus EMT reconstruction using exact complex bus-voltage phasors when available; otherwise diagnostic fallback
0.34,0.04182565799742388,0.011817926057894002,0.04182565799742388,0.011817926057894002,0.04182565799742388,0.011817926057894002,5.441825657997425,0.09418496587323566,5.400000000000001,0.08236703981534166,0.0,0.0,Vmag_get_voltage_magnitude_series__angle_get_voltage_angle_series,true,SG,Ybus EMT reconstruction using exact complex bus-voltage phasors when available; otherwise diagnostic fallback
0.35,0.04284480268802504,0.011811964281849607,0.04284480268802504,0.011811964281849607,0.04284480268802504,0.011811964281849607,5.442844802688026,0.09417900409719127,5.400000000000001,0.08236703981534166,0.0,0.0,Vmag_get_voltage_magnitude_series__angle_get_voltage_angle_series,true,SG,Ybus EMT reconstruction using exact complex bus-voltage phasors when available; otherwise diagnostic fallback
0.36,0.04381840051226771,0.01180257309275734,0.04381840051226771,0.01180257309275734,0.04381840051226771,0.01180257309275734,5.443818400512269,0.094169612908099,5.400000000000001,0.08236703981534166,0.0,0.0,Vmag_get_voltage_magnitude_series__angle_get_voltage_angle_series,true,SG,Ybus EMT reconstruction using exact complex bus-voltage phasors when available; otherwise diagnostic fallback
0.37,0.044746256278500596,0.01178907970595544,0.044746256278500596,0.01178907970595544,0.044746256278500596,0.01178907970595544,5.444746256278502,0.0941561195212971,5.400000000000001,0.08236703981534166,0.0,0.0,Vmag_get_voltage_magnitude_series__angle_get_voltage_angle_series,true,SG,Ybus EMT reconstruction using exact complex bus-voltage phasors when available; otherwise diagnostic fallback
0.38,0.04562806906424388,0.011771044786472618,0.04562806906424388,0.011771044786472618,0.04562806906424388,0.011771044786472618,5.445628069064245,0.09413808460181428,5.400000000000001,0.08236703981534166,0.0,0.0,Vmag_get_voltage_magnitude_series__angle_get_voltage_angle_series,true,SG,Ybus EMT reconstruction using exact complex bus-voltage phasors when available; otherwise diagnostic fallback
0.39,0.0464634189961588,0.011748237898824843,0.0464634189961588,0.011748237898824843,0.0464634189961588,0.011748237898824843,5.44646341899616,0.0941152777141665,5.400000000000001,0.08236703981534166,0.0,0.0,Vmag_get_voltage_magnitude_series__angle_get_voltage_angle_series,true,SG,Ybus EMT reconstruction using exact complex bus-voltage phasors when available; otherwise diagnostic fallback
0.4,0.04725177381482126,0.011720608596531235,0.04725177381482126,0.011720608596531235,0.04725177381482126,0.011720608596531235,5.4472517738148225,0.09408764841187289,5.400000000000001,0.08236703981534166,0.0,0.0,Vmag_get_voltage_magnitude_series__angle_get_voltage_angle_series,true,SG,Ybus EMT reconstruction using exact complex bus-voltage phasors when available; otherwise diagnostic fallback
0.41,0.04799251032471741,0.011688255521493107,0.04799251032471741,0.011688255521493107,0.04799251032471741,0.011688255521493107,5.447992510324719,0.09405529533683477,5.400000000000001,0.08236703981534166,0.0,0.0,Vmag_get_voltage_magnitude_series__angle_get_voltage_angle_series,true,SG,Ybus EMT reconstruction using exact complex bus-voltage phasors when available; otherwise diagnostic fallback
0.42,0.04868494609740193,0.011651395536853681,0.04868494609740193,0.011651395536853681,0.04868494609740193,0.011651395536853681,5.448684946097403,0.09401843535219534,5.400000000000001,0.08236703981534166,0.0,0.0,Vmag_get_voltage_magnitude_series__angle_get_voltage_angle_series,true,SG,Ybus EMT reconstruction using exact complex bus-voltage phasors when available; otherwise diagnostic fallback
0.43,0.04932837740020268,0.011610333953128604,0.04932837740020268,0.011610333953128604,0.04932837740020268,0.011610333953128604,5.449328377400204,0.09397737376847026,5.400000000000001,0.08236703981534166,0.0,0.0,Vmag_get_voltage_magnitude_series__angle_get_voltage_angle_series,true,SG,Ybus EMT reconstruction using exact complex bus-voltage phasors when available; otherwise diagnostic fallback
0.44,0.04992211973087901,0.011565437381074073,0.04992211973087901,0.011565437381074073,0.04992211973087901,0.011565437381074073,5.44992211973088,0.09393247719641573,5.400000000000001,0.08236703981534166,0.0,0.0,Vmag_get_voltage_magnitude_series__angle_get_voltage_angle_series,true,SG,Ybus EMT reconstruction using exact complex bus-voltage phasors when available; otherwise diagnostic fallback
0.45,0.050465548023321816,0.01151710960147756,0.050465548023321816,0.01151710960147756,0.050465548023321816,0.01151710960147756,5.450465548023323,0.09388414941681922,5.400000000000001,0.08236703981534166,0.0,0.0,Vmag_get_voltage_magnitude_series__angle_get_voltage_angle_series,true,SG,Ybus EMT reconstruction using exact complex bus-voltage phasors when available; otherwise diagnostic fallback
0.46,0.0509581345020349,0.011465771086825782,0.0509581345020349,0.011465771086825782,0.0509581345020349,0.011465771086825782,5.450958134502036,0.09383281090216744,5.400000000000001,0.08236703981534166,0.0,0.0,Vmag_get_voltage_magnitude_series__angle_get_voltage_angle_series,true,SG,Ybus EMT reconstruction using exact complex bus-voltage phasors when available; otherwise diagnostic fallback
0.47,0.051399482105459526,0.011411842262675886,0.051399482105459526,0.011411842262675886,0.051399482105459526,0.011411842262675886,5.451399482105461,0.09377888207801754,5.400000000000001,0.08236703981534166,0.0,0.0,Vmag_get_voltage_magnitude_series__angle_get_voltage_angle_series,true,SG,Ybus EMT reconstruction using exact complex bus-voltage phasors when available; otherwise diagnostic fallback
0.48,0.051789352742734884,0.011355730546519505,0.051789352742734884,0.011355730546519505,0.051789352742734884,0.011355730546519505,5.451789352742736,0.09372277036186116,5.400000000000001,0.08236703981534166,0.0,0.0,Vmag_get_voltage_magnitude_series__angle_get_voltage_angle_series,true,SG,Ybus EMT reconstruction using exact complex bus-voltage phasors when available; otherwise diagnostic fallback
0.49,0.05212768908830778,0.011297820977236417,0.05212768908830778,0.011297820977236417,0.05212768908830778,0.011297820977236417,5.452127689088309,0.09366486079257808,5.400000000000001,0.08236703981534166,0.0,0.0,Vmag_get_voltage_magnitude_series__angle_get_voltage_angle_series,true,SG,Ybus EMT reconstruction using exact complex bus-voltage phasors when available; otherwise diagnostic fallback
0.5,0.052414630819232144,0.011238469965419662,0.052414630819232144,0.011238469965419662,0.052414630819232144,0.011238469965419662,5.452414630819233,0.09360550978076132,5.400000000000001,0.08236703981534166,0.0,0.0,Vmag_get_voltage_magnitude_series__angle_get_voltage_angle_series,true,SG,Ybus EMT reconstruction using exact complex bus-voltage phasors when available; otherwise diagnostic fallback
0.51,0.05265052418200877,0.011178001920312264,0.05265052418200877,0.011178001920312264,0.05265052418200877,0.011178001920312264,5.45265052418201,0.09354504173565392,5.400000000000001,0.08236703981534166,0.0,0.0,Vmag_get_voltage_magnitude_series__angle_get_voltage_angle_series,true,SG,Ybus EMT reconstruction using exact complex bus-voltage phasors when available; otherwise diagnostic fallback
0.52,0.05283592648228108,0.011116708093779404,0.05283592648228108,0.011116708093779404,0.05283592648228108,0.011116708093779404,5.452835926482282,0.09348374790912106,5.400000000000001,0.08236703981534166,0.0,0.0,Vmag_get_voltage_magnitude_series__angle_get_voltage_angle_series,true,SG,Ybus EMT reconstruction using exact complex bus-voltage phasors when available; otherwise diagnostic fallback
0.53,0.052971604798075056,0.011054847401536172,0.052971604798075056,0.011054847401536172,0.052971604798075056,0.011054847401536172,5.452971604798076,0.09342188721687783,5.400000000000001,0.08236703981534166,0.0,0.0,Vmag_get_voltage_magnitude_series__angle_get_voltage_angle_series,true,SG,Ybus EMT reconstruction using exact complex bus-voltage phasors when available; otherwise diagnostic fallback
0.54,0.053058531149044796,0.010992648489597912,0.053058531149044796,0.010992648489597912,0.053058531149044796,0.010992648489597912,5.453058531149046,0.09335968830493957,5.400000000000001,0.08236703981534166,0.0,0.0,Vmag_get_voltage_magnitude_series__angle_get_voltage_angle_series,true,SG,Ybus EMT reconstruction using exact complex bus-voltage phasors when available; otherwise diagnostic fallback
0.55,0.053097873495689285,0.010930312846749057,0.053097873495689285,0.010930312846749057,0.053097873495689285,0.010930312846749057,5.4530978734956905,0.09329735266209072,5.400000000000001,0.08236703981534166,0.0,0.0,Vmag_get_voltage_magnitude_series__angle_get_voltage_angle_series,true,SG,Ybus EMT reconstruction using exact complex bus-voltage phasors when available; otherwise diagnostic fallback
0.56,0.05309098449360583,0.01086801829548889,0.05309098449360583,0.01086801829548889,0.05309098449360583,0.01086801829548889,5.453090984493607,0.09323505811083055,5.400000000000001,0.08236703981534166,0.0,0.0,Vmag_get_voltage_magnitude_series__angle_get_voltage_angle_series,true,SG,Ybus EMT reconstruction using exact complex bus-voltage phasors when available; otherwise diagnostic fallback
0.57,0.053039387718302855,0.010805922808869495,0.053039387718302855,0.010805922808869495,0.053039387718302855,0.010805922808869495,5.453039387718304,0.09317296262421115,5.400000000000001,0.08236703981534166,0.0,0.0,Vmag_get_voltage_magnitude_series__angle_get_voltage_angle_series,true,SG,Ybus EMT reconstruction using exact complex bus-voltage phasors when available; otherwise diagnostic fallback
0.58,0.05294476305300311,0.010744168225053086,0.05294476305300311,0.010744168225053086,0.05294476305300311,0.010744168225053086,5.452944763053004,0.09311120804039474,5.400000000000001,0.08236703981534166,0.0,0.0,Vmag_get_voltage_magnitude_series__angle_get_voltage_angle_series,true,SG,Ybus EMT reconstruction using exact complex bus-voltage phasors when available; otherwise diagnostic fallback
0.59,0.05280893105708362,0.010682883668648335,0.05280893105708362,0.010682883668648335,0.05280893105708362,0.010682883668648335,5.452808931057085,0.09304992348399,5.400000000000001,0.08236703981534166,0.0,0.0,Vmag_get_voltage_magnitude_series__angle_get_voltage_angle_series,true,SG,Ybus EMT reconstruction using exact complex bus-voltage phasors when available; otherwise diagnostic fallback
0.6,0.05263383745882422,0.010622188442517833,0.05263383745882422,0.010622188442517833,0.05263383745882422,0.010622188442517833,5.4526338374588255,0.09298922825785949,5.400000000000001,0.08236703981534166,0.0,0.0,Vmag_get_voltage_magnitude_series__angle_get_voltage_angle_series,true,SG,Ybus EMT reconstruction using exact complex bus-voltage phasors when available; otherwise diagnostic fallback
0.61,0.052421537487380654,0.010562194488500598,0.052421537487380654,0.010562194488500598,0.052421537487380654,0.010562194488500598,5.452421537487382,0.09292923430384226,5.400000000000001,0.08236703981534166,0.0,0.0,Vmag_get_voltage_magnitude_series__angle_get_voltage_angle_series,true,SG,Ybus EMT reconstruction using exact complex bus-voltage phasors when available; otherwise diagnostic fallback
0.62,0.052174180946748194,0.010503008227065624,0.052174180946748194,0.010503008227065624,0.052174180946748194,0.010503008227065624,5.452174180946749,0.09287004804240728,5.400000000000001,0.08236703981534166,0.0,0.0,Vmag_get_voltage_magnitude_series__angle_get_voltage_angle_series,true,SG,Ybus EMT reconstruction using exact complex bus-voltage phasors when available; otherwise diagnostic fallback
0.63,0.05189399796552774,0.010444731840296928,0.05189399796552774,0.010444731840296928,0.05189399796552774,0.010444731840296928,5.451893997965529,0.09281177165563859,5.400000000000001,0.08236703981534166,0.0,0.0,Vmag_get_voltage_magnitude_series__angle_get_voltage_angle_series,true,SG,Ybus EMT reconstruction using exact complex bus-voltage phasors when available; otherwise diagnostic fallback
0.64,0.05158328556922953,0.01038746390633738,0.05158328556922953,0.01038746390633738,0.05158328556922953,0.01038746390633738,5.451583285569231,0.09275450372167904,5.400000000000001,0.08236703981534166,0.0,0.0,Vmag_get_voltage_magnitude_series__angle_get_voltage_angle_series,true,SG,Ybus EMT reconstruction using exact complex bus-voltage phasors when available; otherwise diagnostic fallback
0.65,0.051244395145962685,0.010331299617709955,0.051244395145962685,0.010331299617709955,0.051244395145962685,0.010331299617709955,5.451244395145964,0.09269833943305161,5.400000000000001,0.08236703981534166,0.0,0.0,Vmag_get_voltage_magnitude_series__angle_get_voltage_angle_series,true,SG,Ybus EMT reconstruction using exact complex bus-voltage phasors when available; otherwise diagnostic fallback
0.66,0.05087972057519785,0.010276330589333194,0.05087972057519785,0.010276330589333194,0.05087972057519785,0.010276330589333194,5.450879720575199,0.09264337040467485,5.400000000000001,0.08236703981534166,0.0,0.0,Vmag_get_voltage_magnitude_series__angle_get_voltage_angle_series,true,SG,Ybus EMT reconstruction using exact complex bus-voltage phasors when available; otherwise diagnostic fallback
0.67,0.05049168740777077,0.010222644285369897,0.05049168740777077,0.010222644285369897,0.05049168740777077,0.010222644285369897,5.450491687407772,0.09258968410071156,5.400000000000001,0.08236703981534166,0.0,0.0,Vmag_get_voltage_magnitude_series__angle_get_voltage_angle_series,true,SG,Ybus EMT reconstruction using exact complex bus-voltage phasors when available; otherwise diagnostic fallback
0.68,0.05008274263964374,0.01017032322585909,0.05008274263964374,0.01017032322585909,0.05008274263964374,0.01017032322585909,5.450082742639645,0.09253736304120075,5.400000000000001,0.08236703981534166,0.0,0.0,Vmag_get_voltage_magnitude_series__angle_get_voltage_angle_series,true,SG,Ybus EMT reconstruction using exact complex bus-voltage phasors when available; otherwise diagnostic fallback
0.69,0.04965534498795421,0.010119444031332359,0.04965534498795421,0.010119444031332359,0.04965534498795421,0.010119444031332359,5.4496553449879555,0.09248648384667402,5.400000000000001,0.08236703981534166,0.0,0.0,Vmag_get_voltage_magnitude_series__angle_get_voltage_angle_series,true,SG,Ybus EMT reconstruction using exact complex bus-voltage phasors when available; otherwise diagnostic fallback
0.7,0.04921195571045356,0.010070076415246931,0.04921195571045356,0.010070076415246931,0.04921195571045356,0.010070076415246931,5.449211955710455,0.09243711623058859,5.400000000000001,0.08236703981534166,0.0,0.0,Vmag_get_voltage_magnitude_series__angle_get_voltage_angle_series,true,SG,Ybus EMT reconstruction using exact complex bus-voltage phasors when available; otherwise diagnostic fallback
0.71,0.04875502970956713,0.010022282221731293,0.04875502970956713,0.010022282221731293,0.04875502970956713,0.010022282221731293,5.448755029709568,0.09238932203707295,5.400000000000001,0.08236703981534166,0.0,0.0,Vmag_get_voltage_magnitude_series__angle_get_voltage_angle_series,true,SG,Ybus EMT reconstruction using exact complex bus-voltage phasors when available; otherwise diagnostic fallback
0.72,0.04828700692125487,0.009976114474770092,0.04828700692125487,0.009976114474770092,0.04828700692125487,0.009976114474770092,5.448287006921256,0.09234315429011175,5.400000000000001,0.08236703981534166,0.0,0.0,Vmag_get_voltage_magnitude_series__angle_get_voltage_angle_series,true,SG,Ybus EMT reconstruction using exact complex bus-voltage phasors when available; otherwise diagnostic fallback
0.73,0.047810303879839644,0.009931616591568604,0.047810303879839644,0.009931616591568604,0.047810303879839644,0.009931616591568604,5.447810303879841,0.09229865640691026,5.400000000000001,0.08236703981534166,0.0,0.0,Vmag_get_voltage_magnitude_series__angle_get_voltage_angle_series,true,SG,Ybus EMT reconstruction using exact complex bus-voltage phasors when available; otherwise diagnostic fallback
0.74,0.04732730524146156,0.009888821789895696,0.04732730524146156,0.009888821789895696,0.04732730524146156,0.009888821789895696,5.447327305241463,0.09225586160523735,5.400000000000001,0.08236703981534166,0.0,0.0,Vmag_get_voltage_magnitude_series__angle_get_voltage_angle_series,true,SG,Ybus EMT reconstruction using exact complex bus-voltage phasors when available; otherwise diagnostic fallback
0.75,0.04684035541466702,0.009847752665288478,0.04684035541466702,0.009847752665288478,0.04684035541466702,0.009847752665288478,5.446840355414668,0.09221479248063014,5.400000000000001,0.08236703981534166,0.0,0.0,Vmag_get_voltage_magnitude_series__angle_get_voltage_angle_series,true,SG,Ybus EMT reconstruction using exact complex bus-voltage phasors when available; otherwise diagnostic fallback
0.76,0.04635175025349447,0.009808421009375068,0.04635175025349447,0.009808421009375068,0.04635175025349447,0.009808421009375068,5.446351750253496,0.09217546082471673,5.400000000000001,0.08236703981534166,0.0,0.0,Vmag_get_voltage_magnitude_series__angle_get_voltage_angle_series,true,SG,Ybus EMT reconstruction using exact complex bus-voltage phasors when available; otherwise diagnostic fallback
0.77,0.045863728647304036,0.009770827808340266,0.045863728647304036,0.009770827808340266,0.045863728647304036,0.009770827808340266,5.445863728647305,0.09213786762368192,5.400000000000001,0.08236703981534166,0.0,0.0,Vmag_get_voltage_magnitude_series__angle_get_voltage_angle_series,true,SG,Ybus EMT reconstruction using exact complex bus-voltage phasors when available; otherwise diagnostic fallback
0.78,0.04537846426468661,0.009734963477690317,0.04537846426468661,0.009734963477690317,0.04537846426468661,0.009734963477690317,5.445378464264688,0.09210200329303198,5.400000000000001,0.08236703981534166,0.0,0.0,Vmag_get_voltage_magnitude_series__angle_get_voltage_angle_series,true,SG,Ybus EMT reconstruction using exact complex bus-voltage phasors when available; otherwise diagnostic fallback
0.79,0.04489805726036966,0.009700808307440578,0.04489805726036966,0.009700808307440578,0.04489805726036966,0.009700808307440578,5.444898057260371,0.09206784812278224,5.400000000000001,0.08236703981534166,0.0,0.0,Vmag_get_voltage_magnitude_series__angle_get_voltage_angle_series,true,SG,Ybus EMT reconstruction using exact complex bus-voltage phasors when available; otherwise diagnostic fallback
0.8,0.04442452615142933,0.00966833307703896,0.04442452615142933,0.00966833307703896,0.04442452615142933,0.00966833307703896,5.444424526151431,0.09203537289238062,5.400000000000001,0.08236703981534166,0.0,0.0,Vmag_get_voltage_magnitude_series__angle_get_voltage_angle_series,true,SG,Ybus EMT reconstruction using exact complex bus-voltage phasors when available; otherwise diagnostic fallback
0.81,0.043959800052077114,0.009637499772362945,0.043959800052077114,0.009637499772362945,0.043959800052077114,0.009637499772362945,5.443959800052078,0.0920045395877046,5.400000000000001,0.08236703981534166,0.0,0.0,Vmag_get_voltage_magnitude_series__angle_get_voltage_angle_series,true,SG,Ybus EMT reconstruction using exact complex bus-voltage phasors when available; otherwise diagnostic fallback
0.82,0.043505710932072894,0.009608262474990692,0.043505710932072894,0.009608262474990692,0.043505710932072894,0.009608262474990692,5.443505710932074,0.09197530229033235,5.400000000000001,0.08236703981534166,0.0,0.0,Vmag_get_voltage_magnitude_series__angle_get_voltage_angle_series,true,SG,Ybus EMT reconstruction using exact complex bus-voltage phasors when available; otherwise diagnostic fallback
0.83,0.043063986412005484,0.009580568352369534,0.043063986412005484,0.009580568352369534,0.043063986412005484,0.009580568352369534,5.443063986412007,0.09194760816771119,5.400000000000001,0.08236703981534166,0.0,0.0,Vmag_get_voltage_magnitude_series__angle_get_voltage_angle_series,true,SG,Ybus EMT reconstruction using exact complex bus-voltage phasors when available; otherwise diagnostic fallback
0.84,0.04263624287564394,0.009554358670092133,0.04263624287564394,0.009554358670092133,0.04263624287564394,0.009554358670092133,5.442636242875645,0.09192139848543379,5.400000000000001,0.08236703981534166,0.0,0.0,Vmag_get_voltage_magnitude_series__angle_get_voltage_angle_series,true,SG,Ybus EMT reconstruction using exact complex bus-voltage phasors when available; otherwise diagnostic fallback
0.85,0.04222397943916434,0.009529569836707719,0.04222397943916434,0.009529569836707719,0.04222397943916434,0.009529569836707719,5.442223979439166,0.09189660965204938,5.400000000000001,0.08236703981534166,0.0,0.0,Vmag_get_voltage_magnitude_series__angle_get_voltage_angle_series,true,SG,Ybus EMT reconstruction using exact complex bus-voltage phasors when available; otherwise diagnostic fallback
0.86,0.04182857207063151,0.009506134456803594,0.04182857207063151,0.009506134456803594,0.04182857207063151,0.009506134456803594,5.441828572070633,0.09187317427214525,5.400000000000001,0.08236703981534166,0.0,0.0,Vmag_get_voltage_magnitude_series__angle_get_voltage_angle_series,true,SG,Ybus EMT reconstruction using exact complex bus-voltage phasors when available; otherwise diagnostic fallback
0.87,0.04145126878405936,0.009483982369346222,0.04145126878405936,0.009483982369346222,0.04145126878405936,0.009483982369346222,5.441451268784061,0.09185102218468788,5.400000000000001,0.08236703981534166,0.0,0.0,Vmag_get_voltage_magnitude_series__angle_get_voltage_angle_series,true,SG,Ybus EMT reconstruction using exact complex bus-voltage phasors when available; otherwise diagnostic fallback
0.88,0.041093185246679376,0.009463041641929792,0.041093185246679376,0.009463041641929792,0.041093185246679376,0.009463041641929792,5.441093185246681,0.09183008145727145,5.400000000000001,0.08236703981534166,0.0,0.0,Vmag_get_voltage_magnitude_series__angle_get_voltage_angle_series,true,SG,Ybus EMT reconstruction using exact complex bus-voltage phasors when available; otherwise diagnostic fallback
0.89,0.04075530166569674,0.009443239481557009,0.04075530166569674,0.009443239481557009,0.04075530166569674,0.009443239481557009,5.440755301665698,0.09181027929689867,5.400000000000001,0.08236703981534166,0.0,0.0,Vmag_get_voltage_magnitude_series__angle_get_voltage_angle_series,true,SG,Ybus EMT reconstruction using exact complex bus-voltage phasors when available; otherwise diagnostic fallback
0.9,0.04043845999307649,0.009424503060007972,0.04043845999307649,0.009424503060007972,0.04043845999307649,0.009424503060007972,5.440438459993078,0.09179154287534963,5.400000000000001,0.08236703981534166,0.0,0.0,Vmag_get_voltage_magnitude_series__angle_get_voltage_angle_series,true,SG,Ybus EMT reconstruction using exact complex bus-voltage phasors when available; otherwise diagnostic fallback
0.91,0.04014336241530092,0.009406760250462276,0.04014336241530092,0.009406760250462276,0.04014336241530092,0.009406760250462276,5.440143362415302,0.09177380006580393,5.400000000000001,0.08236703981534166,0.0,0.0,Vmag_get_voltage_magnitude_series__angle_get_voltage_angle_series,true,SG,Ybus EMT reconstruction using exact complex bus-voltage phasors when available; otherwise diagnostic fallback
0.92,0.03987057048392817,0.009389940318711099,0.03987057048392817,0.009389940318711099,0.03987057048392817,0.009389940318711099,5.439870570483929,0.09175698013405276,5.400000000000001,0.08236703981534166,0.0,0.0,Vmag_get_voltage_magnitude_series__angle_get_voltage_angle_series,true,SG,Ybus EMT reconstruction using exact complex bus-voltage phasors when available; otherwise diagnostic fallback
0.93,0.03962050531207861,0.009373974433876553,0.03962050531207861,0.009373974433876553,0.03962050531207861,0.009373974433876553,5.43962050531208,0.09174101424921821,5.400000000000001,0.08236703981534166,0.0,0.0,Vmag_get_voltage_magnitude_series__angle_get_voltage_angle_series,true,SG,Ybus EMT reconstruction using exact complex bus-voltage phasors when available; otherwise diagnostic fallback
0.94,0.039393448731714464,0.009358796095538802,0.039393448731714464,0.009358796095538802,0.039393448731714464,0.009358796095538802,5.439393448731716,0.09172583591088046,5.400000000000001,0.08236703981534166,0.0,0.0,Vmag_get_voltage_magnitude_series__angle_get_voltage_angle_series,true,SG,Ybus EMT reconstruction using exact complex bus-voltage phasors when available; otherwise diagnostic fallback
0.95,0.039189545090025035,0.00934434147400609,0.039189545090025035,0.00934434147400609,0.039189545090025035,0.00934434147400609,5.439189545090026,0.09171138128934775,5.400000000000001,0.08236703981534166,0.0,0.0,Vmag_get_voltage_magnitude_series__angle_get_voltage_angle_series,true,SG,Ybus EMT reconstruction using exact complex bus-voltage phasors when available; otherwise diagnostic fallback
0.96,0.039008804207944614,0.009330549664501087,0.039008804207944614,0.009330549664501087,0.039008804207944614,0.009330549664501087,5.439008804207946,0.09169758947984274,5.400000000000001,0.08236703981534166,0.0,0.0,Vmag_get_voltage_magnitude_series__angle_get_voltage_angle_series,true,SG,Ybus EMT reconstruction using exact complex bus-voltage phasors when available; otherwise diagnostic fallback
0.97,0.038851104906213685,0.009317362830406406,0.038851104906213685,0.009317362830406406,0.038851104906213685,0.009317362830406406,5.438851104906215,0.09168440264574806,5.400000000000001,0.08236703981534166,0.0,0.0,Vmag_get_voltage_magnitude_series__angle_get_voltage_angle_series,true,SG,Ybus EMT reconstruction using exact complex bus-voltage phasors when available; otherwise diagnostic fallback
0.98,0.03871619967418738,0.009304726220880188,0.03871619967418738,0.009304726220880188,0.03871619967418738,0.009304726220880188,5.438716199674189,0.09167176603622185,5.400000000000001,0.08236703981534166,0.0,0.0,Vmag_get_voltage_magnitude_series__angle_get_voltage_angle_series,true,SG,Ybus EMT reconstruction using exact complex bus-voltage phasors when available; otherwise diagnostic fallback
0.99,0.038603719705499806,0.00929258817567502,0.038603719705499806,0.00929258817567502,0.038603719705499806,0.00929258817567502,5.438603719705501,0.09165962799101668,5.400000000000001,0.08236703981534166,0.0,0.0,Vmag_get_voltage_magnitude_series__angle_get_voltage_angle_series,true,SG,Ybus EMT reconstruction using exact complex bus-voltage phasors when available; otherwise diagnostic fallback
1.0,0.038513180841266426,0.009280900053526664,0.038513180841266426,0.009280900053526664,0.038513180841266426,0.009280900053526664,5.438513180841268,0.09164793986886832,5.400000000000001,0.08236703981534166,0.0,0.0,Vmag_get_voltage_magnitude_series__angle_get_voltage_angle_series,true,SG,Ybus EMT reconstruction using exact complex bus-voltage phasors when available; otherwise diagnostic fallback
1.01,0.03844399015928435,0.009269616075490261,0.03844399015928435,0.009269616075490261,0.03844399015928435,0.009269616075490261,5.438443990159286,0.09163665589083192,5.400000000000001,0.08236703981534166,0.0,0.0,Vmag_get_voltage_magnitude_series__angle_get_voltage_angle_series,true,SG,Ybus EMT reconstruction using exact complex bus-voltage phasors when available; otherwise diagnostic fallback
1.02,0.03839545295005742,0.009258693143733954,0.03839545295005742,0.009258693143733954,0.03839545295005742,0.009258693143733954,5.438395452950059,0.09162573295907561,5.400000000000001,0.08236703981534166,0.0,0.0,Vmag_get_voltage_magnitude_series__angle_get_voltage_angle_series,true,SG,Ybus EMT reconstruction using exact complex bus-voltage phasors when available; otherwise diagnostic fallback
1.03,0.038366780473337414,0.009248090598368508,0.038366780473337414,0.009248090598368508,0.038366780473337414,0.009248090598368508,5.438366780473339,0.09161513041371017,5.400000000000001,0.08236703981534166,0.0,0.0,Vmag_get_voltage_magnitude_series__angle_get_voltage_angle_series,true,SG,Ybus EMT reconstruction using exact complex bus-voltage phasors when available; otherwise diagnostic fallback
1.04,0.0383570977973422,0.009237769984838495,0.0383570977973422,0.009237769984838495,0.0383570977973422,0.009237769984838495,5.438357097797343,0.09160480980018015,5.400000000000001,0.08236703981534166,0.0,0.0,Vmag_get_voltage_magnitude_series__angle_get_voltage_angle_series,true,SG,Ybus EMT reconstruction using exact complex bus-voltage phasors when available; otherwise diagnostic fallback
1.05,0.03836545227166788,0.00922769480334873,0.03836545227166788,0.00922769480334873,0.03836545227166788,0.00922769480334873,5.438365452271669,0.09159473461869039,5.400000000000001,0.08236703981534166,0.0,0.0,Vmag_get_voltage_magnitude_series__angle_get_voltage_angle_series,true,SG,Ybus EMT reconstruction using exact complex bus-voltage phasors when available; otherwise diagnostic fallback
1.06,0.038390822157022164,0.009217830208855804,0.038390822157022164,0.009217830208855804,0.038390822157022164,0.009217830208855804,5.438390822157023,0.09158487002419746,5.400000000000001,0.08236703981534166,0.0,0.0,Vmag_get_voltage_magnitude_series__angle_get_voltage_angle_series,true,SG,Ybus EMT reconstruction using exact complex bus-voltage phasors when available; otherwise diagnostic fallback
1.07,0.038432125419832985,0.009208142751489623,0.038432125419832985,0.009208142751489623,0.038432125419832985,0.009208142751489623,5.438432125419834,0.09157518256683128,5.400000000000001,0.08236703981534166,0.0,0.0,Vmag_get_voltage_magnitude_series__angle_get_voltage_angle_series,true,SG,Ybus EMT reconstruction using exact complex bus-voltage phasors when available; otherwise diagnostic fallback
1.08,0.038488228775870326,0.009198600104327936,0.038488228775870326,0.009198600104327936,0.038488228775870326,0.009198600104327936,5.438488228775872,0.0915656399196696,5.400000000000001,0.08236703981534166,0.0,0.0,Vmag_get_voltage_magnitude_series__angle_get_voltage_angle_series,true,SG,Ybus EMT reconstruction using exact complex bus-voltage phasors when available; otherwise diagnostic fallback
1.09,0.03855795666397466,0.00918917082026749,0.03855795666397466,0.00918917082026749,0.03855795666397466,0.00918917082026749,5.438557956663976,0.09155621063560915,5.400000000000001,0.08236703981534166,0.0,0.0,Vmag_get_voltage_magnitude_series__angle_get_voltage_angle_series,true,SG,Ybus EMT reconstruction using exact complex bus-voltage phasors when available; otherwise diagnostic fallback
1.1,0.03864010032864851,0.009179824097378053,0.03864010032864851,0.009179824097378053,0.03864010032864851,0.009179824097378053,5.43864010032865,0.09154686391271971,5.400000000000001,0.08236703981534166,0.0,0.0,Vmag_get_voltage_magnitude_series__angle_get_voltage_angle_series,true,SG,Ybus EMT reconstruction using exact complex bus-voltage phasors when available; otherwise diagnostic fallback
1.11,0.038733426740868104,0.00917052955715092,0.038733426740868104,0.00917052955715092,0.038733426740868104,0.00917052955715092,5.438733426740869,0.09153756937249258,5.400000000000001,0.08236703981534166,0.0,0.0,Vmag_get_voltage_magnitude_series__angle_get_voltage_angle_series,true,SG,Ybus EMT reconstruction using exact complex bus-voltage phasors when available; otherwise diagnostic fallback
1.12,0.038836687422179494,0.009161257060293693,0.038836687422179494,0.009161257060293693,0.038836687422179494,0.009161257060293693,5.438836687422181,0.09152829687563535,5.400000000000001,0.08236703981534166,0.0,0.0,Vmag_get_voltage_magnitude_series__angle_get_voltage_angle_series,true,SG,Ybus EMT reconstruction using exact complex bus-voltage phasors when available; otherwise diagnostic fallback
1.13,0.03894862702941282,0.009151976557656094,0.03894862702941282,0.009151976557656094,0.03894862702941282,0.009151976557656094,5.438948627029414,0.09151901637299775,5.400000000000001,0.08236703981534166,0.0,0.0,Vmag_get_voltage_magnitude_series__angle_get_voltage_angle_series,true,SG,Ybus EMT reconstruction using exact complex bus-voltage phasors when available; otherwise diagnostic fallback
1.14,0.039067991732226304,0.009142657955703237,0.039067991732226304,0.009142657955703237,0.039067991732226304,0.009142657955703237,5.4390679917322275,0.0915096977710449,5.400000000000001,0.08236703981534166,0.0,0.0,Vmag_get_voltage_magnitude_series__angle_get_voltage_angle_series,true,SG,Ybus EMT reconstruction using exact complex bus-voltage phasors when available; otherwise diagnostic fallback
1.15,0.039193537248299215,0.009133271016977806,0.039193537248299215,0.009133271016977806,0.039193537248299215,0.009133271016977806,5.4391935372483005,0.09150031083231946,5.400000000000001,0.08236703981534166,0.0,0.0,Vmag_get_voltage_magnitude_series__angle_get_voltage_angle_series,true,SG,Ybus EMT reconstruction using exact complex bus-voltage phasors when available; otherwise diagnostic fallback
1.16,0.03932403651183236,0.009123785287845076,0.03932403651183236,0.009123785287845076,0.03932403651183236,0.009123785287845076,5.439324036511834,0.09149082510318673,5.400000000000001,0.08236703981534166,0.0,0.0,Vmag_get_voltage_magnitude_series__angle_get_voltage_angle_series,true,SG,Ybus EMT reconstruction using exact complex bus-voltage phasors when available; otherwise diagnostic fallback
1.17,0.039458286968102385,0.009114170058427074,0.039458286968102385,0.009114170058427074,0.039458286968102385,0.009114170058427074,5.439458286968104,0.09148120987376873,5.400000000000001,0.08236703981534166,0.0,0.0,Vmag_get_voltage_magnitude_series__angle_get_voltage_angle_series,true,SG,Ybus EMT reconstruction using exact complex bus-voltage phasors when available; otherwise diagnostic fallback
1.18,0.03959511736776555,0.009104394370748281,0.03959511736776555,0.009104394370748281,0.03959511736776555,0.009104394370748281,5.439595117367767,0.09147143418608994,5.400000000000001,0.08236703981534166,0.0,0.0,Vmag_get_voltage_magnitude_series__angle_get_voltage_angle_series,true,SG,Ybus EMT reconstruction using exact complex bus-voltage phasors when available; otherwise diagnostic fallback
1.19,0.0397333941843252,0.009094427021394513,0.0397333941843252,0.009094427021394513,0.0397333941843252,0.009094427021394513,5.439733394184326,0.09146146683673617,5.400000000000001,0.08236703981534166,0.0,0.0,Vmag_get_voltage_magnitude_series__angle_get_voltage_angle_series,true,SG,Ybus EMT reconstruction using exact complex bus-voltage phasors when available; otherwise diagnostic fallback
1.2,0.03987202741554974,0.009084236592437178,0.03987202741554974,0.009084236592437178,0.03987202741554974,0.009084236592437178,5.439872027415551,0.09145127640777884,5.400000000000001,0.08236703981534166,0.0,0.0,Vmag_get_voltage_magnitude_series__angle_get_voltage_angle_series,true,SG,Ybus EMT reconstruction using exact complex bus-voltage phasors when available; otherwise diagnostic fallback
1.21,0.04000997595670697,0.009073791529727426,0.04000997595670697,0.009073791529727426,0.04000997595670697,0.009073791529727426,5.440009975956708,0.09144083134506908,5.400000000000001,0.08236703981534166,0.0,0.0,Vmag_get_voltage_magnitude_series__angle_get_voltage_angle_series,true,SG,Ybus EMT reconstruction using exact complex bus-voltage phasors when available; otherwise diagnostic fallback
1.22,0.040146252278063344,0.00906306024432224,0.040146252278063344,0.00906306024432224,0.040146252278063344,0.00906306024432224,5.440146252278065,0.0914301000596639,5.400000000000001,0.08236703981534166,0.0,0.0,Vmag_get_voltage_magnitude_series__angle_get_voltage_angle_series,true,SG,Ybus EMT reconstruction using exact complex bus-voltage phasors when available; otherwise diagnostic fallback
1.23,0.040279926745452777,0.009052011206344801,0.040279926745452777,0.009052011206344801,0.040279926745452777,0.009052011206344801,5.440279926745454,0.09141905102168646,5.400000000000001,0.08236703981534166,0.0,0.0,Vmag_get_voltage_magnitude_series__angle_get_voltage_angle_series,true,SG,Ybus EMT reconstruction using exact complex bus-voltage phasors when available; otherwise diagnostic fallback
1.24,0.04041013117970493,0.009040613048096335,0.04041013117970493,0.009040613048096335,0.04041013117970493,0.009040613048096335,5.440410131179706,0.091407652863438,5.400000000000001,0.08236703981534166,0.0,0.0,Vmag_get_voltage_magnitude_series__angle_get_voltage_angle_series,true,SG,Ybus EMT reconstruction using exact complex bus-voltage phasors when available; otherwise diagnostic fallback
1.25,0.040536061983011074,0.00902883471759064,0.040536061983011074,0.00902883471759064,0.040536061983011074,0.00902883471759064,5.440536061983012,0.0913958745329323,5.400000000000001,0.08236703981534166,0.0,0.0,Vmag_get_voltage_magnitude_series__angle_get_voltage_angle_series,true,SG,Ybus EMT reconstruction using exact complex bus-voltage phasors when available; otherwise diagnostic fallback
1.26,0.04065698250137828,0.009016645641620746,0.04065698250137828,0.009016645641620746,0.04065698250137828,0.009016645641620746,5.4406569825013795,0.0913836854569624,5.400000000000001,0.08236703981534166,0.0,0.0,Vmag_get_voltage_magnitude_series__angle_get_voltage_angle_series,true,SG,Ybus EMT reconstruction using exact complex bus-voltage phasors when available; otherwise diagnostic fallback
1.27,0.04077222503947464,0.009004015855084146,0.04077222503947464,0.009004015855084146,0.04077222503947464,0.009004015855084146,5.440772225039476,0.0913710556704258,5.400000000000001,0.08236703981534166,0.0,0.0,Vmag_get_voltage_magnitude_series__angle_get_voltage_angle_series,true,SG,Ybus EMT reconstruction using exact complex bus-voltage phasors when available; otherwise diagnostic fallback
1.28,0.04088119219416342,0.008990916171871977,0.04088119219416342,0.008990916171871977,0.04088119219416342,0.008990916171871977,5.440881192194165,0.09135795598721363,5.400000000000001,0.08236703981534166,0.0,0.0,Vmag_get_voltage_magnitude_series__angle_get_voltage_angle_series,true,SG,Ybus EMT reconstruction using exact complex bus-voltage phasors when available; otherwise diagnostic fallback
1.29,0.04098335760870153,0.00897731833715587,0.04098335760870153,0.00897731833715587,0.04098335760870153,0.00897731833715587,5.440983357608703,0.09134435815249753,5.400000000000001,0.08236703981534166,0.0,0.0,Vmag_get_voltage_magnitude_series__angle_get_voltage_angle_series,true,SG,Ybus EMT reconstruction using exact complex bus-voltage phasors when available; otherwise diagnostic fallback
1.3,0.04107826623564925,0.008963195216750375,0.04107826623564925,0.008963195216750375,0.04107826623564925,0.008963195216750375,5.4410782662356505,0.09133023503209203,5.400000000000001,0.08236703981534166,0.0,0.0,Vmag_get_voltage_magnitude_series__angle_get_voltage_angle_series,true,SG,Ybus EMT reconstruction using exact complex bus-voltage phasors when available; otherwise diagnostic fallback
1.31,0.04116553408875134,0.008948520954951578,0.04116553408875134,0.008948520954951578,0.04116553408875134,0.008948520954951578,5.441165534088753,0.09131556077029324,5.400000000000001,0.08236703981534166,0.0,0.0,Vmag_get_voltage_magnitude_series__angle_get_voltage_angle_series,true,SG,Ybus EMT reconstruction using exact complex bus-voltage phasors when available; otherwise diagnostic fallback
1.32,0.04124484753945801,0.008933271122041786,0.04124484753945801,0.008933271122041786,0.04124484753945801,0.008933271122041786,5.441244847539459,0.09130031093738344,5.400000000000001,0.08236703981534166,0.0,0.0,Vmag_get_voltage_magnitude_series__angle_get_voltage_angle_series,true,SG,Ybus EMT reconstruction using exact complex bus-voltage phasors when available; otherwise diagnostic fallback
1.33,0.04131596203377352,0.008917422878521819,0.04131596203377352,0.008917422878521819,0.04131596203377352,0.008917422878521819,5.441315962033775,0.09128446269386348,5.400000000000001,0.08236703981534166,0.0,0.0,Vmag_get_voltage_magnitude_series__angle_get_voltage_angle_series,true,SG,Ybus EMT reconstruction using exact complex bus-voltage phasors when available; otherwise diagnostic fallback
1.34,0.04137870050730719,0.008900955131678434,0.04137870050730719,0.008900955131678434,0.04137870050730719,0.008900955131678434,5.441378700507308,0.09126799494702009,5.400000000000001,0.08236703981534166,0.0,0.0,Vmag_get_voltage_magnitude_series__angle_get_voltage_angle_series,true,SG,Ybus EMT reconstruction using exact complex bus-voltage phasors when available; otherwise diagnostic fallback
1.35,0.04143295129221336,0.008883848678395867,0.04143295129221336,0.008883848678395867,0.04143295129221336,0.008883848678395867,5.441432951292215,0.09125088849373753,5.400000000000001,0.08236703981534166,0.0,0.0,Vmag_get_voltage_magnitude_series__angle_get_voltage_angle_series,true,SG,Ybus EMT reconstruction using exact complex bus-voltage phasors when available; otherwise diagnostic fallback
1.36,0.04147866574720105,0.008866086338542023,0.04147866574720105,0.008866086338542023,0.04147866574720105,0.008866086338542023,5.441478665747202,0.09123312615388368,5.400000000000001,0.08236703981534166,0.0,0.0,Vmag_get_voltage_magnitude_series__angle_get_voltage_angle_series,true,SG,Ybus EMT reconstruction using exact complex bus-voltage phasors when available; otherwise diagnostic fallback
1.37,0.041515855454795414,0.008847653055546134,0.041515855454795414,0.008847653055546134,0.041515855454795414,0.008847653055546134,5.441515855454797,0.09121469287088779,5.400000000000001,0.08236703981534166,0.0,0.0,Vmag_get_voltage_magnitude_series__angle_get_voltage_angle_series,true,SG,Ybus EMT reconstruction using exact complex bus-voltage phasors when available; otherwise diagnostic fallback
1.38,0.04154458915808146,0.008828536033398837,0.04154458915808146,0.008828536033398837,0.04154458915808146,0.008828536033398837,5.441544589158083,0.0911955758487405,5.400000000000001,0.08236703981534166,0.0,0.0,Vmag_get_voltage_magnitude_series__angle_get_voltage_angle_series,true,SG,Ybus EMT reconstruction using exact complex bus-voltage phasors when available; otherwise diagnostic fallback
1.39,0.041564989485514126,0.008808724822200853,0.041564989485514126,0.008808724822200853,0.041564989485514126,0.008808724822200853,5.441564989485515,0.09117576463754251,5.400000000000001,0.08236703981534166,0.0,0.0,Vmag_get_voltage_magnitude_series__angle_get_voltage_angle_series,true,SG,Ybus EMT reconstruction using exact complex bus-voltage phasors when available; otherwise diagnostic fallback
1.4,0.0415772293285217,0.008788211398506496,0.0415772293285217,0.008788211398506496,0.0415772293285217,0.008788211398506496,5.441577229328523,0.09115525121384815,5.400000000000001,0.08236703981534166,0.0,0.0,Vmag_get_voltage_magnitude_series__angle_get_voltage_angle_series,true,SG,Ybus EMT reconstruction using exact complex bus-voltage phasors when available; otherwise diagnostic fallback
1.41,0.04158152817145844,0.008766990233906147,0.04158152817145844,0.008766990233906147,0.04158152817145844,0.008766990233906147,5.44158152817146,0.0911340300492478,5.400000000000001,0.08236703981534166,0.0,0.0,Vmag_get_voltage_magnitude_series__angle_get_voltage_angle_series,true,SG,Ybus EMT reconstruction using exact complex bus-voltage phasors when available; otherwise diagnostic fallback
1.42,0.04157814810803462,0.00874505834408179,0.04157814810803462,0.00874505834408179,0.04157814810803462,0.00874505834408179,5.441578148108036,0.09111209815942345,5.400000000000001,0.08236703981534166,0.0,0.0,Vmag_get_voltage_magnitude_series__angle_get_voltage_angle_series,true,SG,Ybus EMT reconstruction using exact complex bus-voltage phasors when available; otherwise diagnostic fallback
1.43,0.04156738986400299,0.00872241533114293,0.04156738986400299,0.00872241533114293,0.04156738986400299,0.00872241533114293,5.441567389864004,0.09108945514648459,5.400000000000001,0.08236703981534166,0.0,0.0,Vmag_get_voltage_magnitude_series__angle_get_voltage_angle_series,true,SG,Ybus EMT reconstruction using exact complex bus-voltage phasors when available; otherwise diagnostic fallback
1.44,0.04154958870218106,0.008699063401354956,0.04154958870218106,0.008699063401354956,0.04154958870218106,0.008699063401354956,5.441549588702182,0.09106610321669661,5.400000000000001,0.08236703981534166,0.0,0.0,Vmag_get_voltage_magnitude_series__angle_get_voltage_angle_series,true,SG,Ybus EMT reconstruction using exact complex bus-voltage phasors when available; otherwise diagnostic fallback
1.45,0.0415251102437475,0.008675007361289677,0.0415251102437475,0.008675007361289677,0.0415251102437475,0.008675007361289677,5.441525110243749,0.09104204717663134,5.400000000000001,0.08236703981534166,0.0,0.0,Vmag_get_voltage_magnitude_series__angle_get_voltage_angle_series,true,SG,Ybus EMT reconstruction using exact complex bus-voltage phasors when available; otherwise diagnostic fallback
1.46,0.041494346315085195,0.008650254610958474,0.041494346315085195,0.008650254610958474,0.041494346315085195,0.008650254610958474,5.441494346315086,0.09101729442630013,5.400000000000001,0.08236703981534166,0.0,0.0,Vmag_get_voltage_magnitude_series__angle_get_voltage_angle_series,true,SG,Ybus EMT reconstruction using exact complex bus-voltage phasors when available; otherwise diagnostic fallback
1.47,0.04145771077525229,0.008624815113286055,0.04145771077525229,0.008624815113286055,0.04145771077525229,0.008624815113286055,5.4414577107752535,0.09099185492862771,5.400000000000001,0.08236703981534166,0.0,0.0,Vmag_get_voltage_magnitude_series__angle_get_voltage_angle_series,true,SG,Ybus EMT reconstruction using exact complex bus-voltage phasors when available; otherwise diagnostic fallback
1.48,0.041415635432791476,0.00859870134903018,0.041415635432791476,0.00859870134903018,0.041415635432791476,0.00859870134903018,5.441415635432793,0.09096574116437184,5.400000000000001,0.08236703981534166,0.0,0.0,Vmag_get_voltage_magnitude_series__angle_get_voltage_angle_series,true,SG,Ybus EMT reconstruction using exact complex bus-voltage phasors when available; otherwise diagnostic fallback
1.49,0.041368566015167474,0.008571928251204675,0.041368566015167474,0.008571928251204675,0.041368566015167474,0.008571928251204675,5.441368566015169,0.09093896806654633,5.400000000000001,0.08236703981534166,0.0,0.0,Vmag_get_voltage_magnitude_series__angle_get_voltage_angle_series,true,SG,Ybus EMT reconstruction using exact complex bus-voltage phasors when available; otherwise diagnostic fallback
1.5,0.041316958229693945,0.008544513124882136,0.041316958229693945,0.008544513124882136,0.041316958229693945,0.008544513124882136,5.441316958229695,0.0909115529402238,5.400000000000001,0.08236703981534166,0.0,0.0,Vmag_get_voltage_magnitude_series__angle_get_voltage_angle_series,true,SG,Ybus EMT reconstruction using exact complex bus-voltage phasors when available; otherwise diagnostic fallback
1.51,0.041261273964391165,0.00851647556246582,0.041261273964391165,0.00851647556246582,0.041261273964391165,0.00851647556246582,5.441261273964392,0.09088351537780748,5.400000000000001,0.08236703981534166,0.0,0.0,Vmag_get_voltage_magnitude_series__angle_get_voltage_angle_series,true,SG,Ybus EMT reconstruction using exact complex bus-voltage phasors when available; otherwise diagnostic fallback
1.52,0.04120197764151978,0.00848783733608216,0.04120197764151978,0.00848783733608216,0.04120197764151978,0.00848783733608216,5.441201977641521,0.09085487715142382,5.400000000000001,0.08236703981534166,0.0,0.0,Vmag_get_voltage_magnitude_series__angle_get_voltage_angle_series,true,SG,Ybus EMT reconstruction using exact complex bus-voltage phasors when available; otherwise diagnostic fallback
1.53,0.04113953274536808,0.008458622270594462,0.04113953274536808,0.008458622270594462,0.04113953274536808,0.008458622270594462,5.441139532745369,0.09082566208593612,5.400000000000001,0.08236703981534166,0.0,0.0,Vmag_get_voltage_magnitude_series__angle_get_voltage_angle_series,true,SG,Ybus EMT reconstruction using exact complex bus-voltage phasors when available; otherwise diagnostic fallback
1.54,0.04107439851984562,0.008428856116161176,0.04107439851984562,0.008428856116161176,0.04107439851984562,0.008428856116161176,5.441074398519847,0.09079589593150283,5.400000000000001,0.08236703981534166,0.0,0.0,Vmag_get_voltage_magnitude_series__angle_get_voltage_angle_series,true,SG,Ybus EMT reconstruction using exact complex bus-voltage phasors when available; otherwise diagnostic fallback
1.55,0.041007026876028085,0.008398566403363117,0.041007026876028085,0.008398566403363117,0.041007026876028085,0.008398566403363117,5.441007026876029,0.09076560621870478,5.400000000000001,0.08236703981534166,0.0,0.0,Vmag_get_voltage_magnitude_series__angle_get_voltage_angle_series,true,SG,Ybus EMT reconstruction using exact complex bus-voltage phasors when available; otherwise diagnostic fallback
1.56,0.04093785951084161,0.0083677822928514,0.04093785951084161,0.0083677822928514,0.04093785951084161,0.0083677822928514,5.440937859510843,0.09073482210819306,5.400000000000001,0.08236703981534166,0.0,0.0,Vmag_get_voltage_magnitude_series__angle_get_voltage_angle_series,true,SG,Ybus EMT reconstruction using exact complex bus-voltage phasors when available; otherwise diagnostic fallback
1.57,0.040867325290134815,0.008336534407434981,0.040867325290134815,0.008336534407434981,0.040867325290134815,0.008336534407434981,5.440867325290136,0.09070357422277664,5.400000000000001,0.08236703981534166,0.0,0.0,Vmag_get_voltage_magnitude_series__angle_get_voltage_angle_series,true,SG,Ybus EMT reconstruction using exact complex bus-voltage phasors when available; otherwise diagnostic fallback
1.58,0.04079583780952056,0.008304854662525729,0.04079583780952056,0.008304854662525729,0.04079583780952056,0.008304854662525729,5.440795837809522,0.09067189447786739,5.400000000000001,0.08236703981534166,0.0,0.0,Vmag_get_voltage_magnitude_series__angle_get_voltage_angle_series,true,SG,Ybus EMT reconstruction using exact complex bus-voltage phasors when available; otherwise diagnostic fallback
1.59,0.040723793236223216,0.008272776087580036,0.040723793236223216,0.008272776087580036,0.040723793236223216,0.008272776087580036,5.4407237932362245,0.0906398159029217,5.400000000000001,0.08236703981534166,0.0,0.0,Vmag_get_voltage_magnitude_series__angle_get_voltage_angle_series,true,SG,Ybus EMT reconstruction using exact complex bus-voltage phasors when available; otherwise diagnostic fallback
1.6,0.040651568388531345,0.008240332649296467,0.040651568388531345,0.008240332649296467,0.040651568388531345,0.008240332649296467,5.440651568388533,0.09060737246463813,5.400000000000001,0.08236703981534166,0.0,0.0,Vmag_get_voltage_magnitude_series__angle_get_voltage_angle_series,true,SG,Ybus EMT reconstruction using exact complex bus-voltage phasors when available; otherwise diagnostic fallback
1.61,0.040579519046413104,0.008207559062724967,0.040579519046413104,0.008207559062724967,0.040579519046413104,0.008207559062724967,5.440579519046414,0.09057459887806663,5.400000000000001,0.08236703981534166,0.0,0.0,Vmag_get_voltage_magnitude_series__angle_get_voltage_angle_series,true,SG,Ybus EMT reconstruction using exact complex bus-voltage phasors when available; otherwise diagnostic fallback
1.62,0.04050797855905053,0.008174490599305084,0.04050797855905053,0.008174490599305084,0.04050797855905053,0.008174490599305084,5.440507978559052,0.09054153041464674,5.400000000000001,0.08236703981534166,0.0,0.0,Vmag_get_voltage_magnitude_series__angle_get_voltage_angle_series,true,SG,Ybus EMT reconstruction using exact complex bus-voltage phasors when available; otherwise diagnostic fallback
1.63,0.040437256630421636,0.008141162901469157,0.040437256630421636,0.008141162901469157,0.040437256630421636,0.008141162901469157,5.440437256630423,0.09050820271681081,5.400000000000001,0.08236703981534166,0.0,0.0,Vmag_get_voltage_magnitude_series__angle_get_voltage_angle_series,true,SG,Ybus EMT reconstruction using exact complex bus-voltage phasors when available; otherwise diagnostic fallback
1.64,0.04036763839823809,0.00810761179729469,0.04036763839823809,0.00810761179729469,0.04036763839823809,0.00810761179729469,5.440367638398239,0.09047465161263635,5.400000000000001,0.08236703981534166,0.0,0.0,Vmag_get_voltage_magnitude_series__angle_get_voltage_angle_series,true,SG,Ybus EMT reconstruction using exact complex bus-voltage phasors when available; otherwise diagnostic fallback
1.65,0.04029938372444786,0.008073873112415253,0.04029938372444786,0.008073873112415253,0.04029938372444786,0.008073873112415253,5.440299383724449,0.09044091292775691,5.400000000000001,0.08236703981534166,0.0,0.0,Vmag_get_voltage_magnitude_series__angle_get_voltage_angle_series,true,SG,Ybus EMT reconstruction using exact complex bus-voltage phasors when available; otherwise diagnostic fallback
1.66,0.040232726748980596,0.008039982484602248,0.040232726748980596,0.008039982484602248,0.040232726748980596,0.008039982484602248,5.440232726748982,0.0904070222999439,5.400000000000001,0.08236703981534166,0.0,0.0,Vmag_get_voltage_magnitude_series__angle_get_voltage_angle_series,true,SG,Ybus EMT reconstruction using exact complex bus-voltage phasors when available; otherwise diagnostic fallback
1.67,0.04016787560719148,0.008005975186968106,0.04016787560719148,0.008005975186968106,0.04016787560719148,0.008005975186968106,5.440167875607193,0.09037301500230976,5.400000000000001,0.08236703981534166,0.0,0.0,Vmag_get_voltage_magnitude_series__angle_get_voltage_angle_series,true,SG,Ybus EMT reconstruction using exact complex bus-voltage phasors when available; otherwise diagnostic fallback
1.68,0.040105012413299335,0.007971885959976333,0.040105012413299335,0.007971885959976333,0.040105012413299335,0.007971885959976333,5.440105012413301,0.09033892577531799,5.400000000000001,0.08236703981534166,0.0,0.0,Vmag_get_voltage_magnitude_series__angle_get_voltage_angle_series,true,SG,Ybus EMT reconstruction using exact complex bus-voltage phasors when available; otherwise diagnostic fallback
1.69,0.04004429340032001,0.00793774884675924,0.04004429340032001,0.00793774884675924,0.04004429340032001,0.00793774884675924,5.440044293400321,0.0903047886621009,5.400000000000001,0.08236703981534166,0.0,0.0,Vmag_get_voltage_magnitude_series__angle_get_voltage_angle_series,true,SG,Ybus EMT reconstruction using exact complex bus-voltage phasors when available; otherwise diagnostic fallback
1.7,0.03998584930500737,0.007903597030624376,0.03998584930500737,0.007903597030624376,0.03998584930500737,0.007903597030624376,5.439985849305009,0.09027063684596603,5.400000000000001,0.08236703981534166,0.0,0.0,Vmag_get_voltage_magnitude_series__angle_get_voltage_angle_series,true,SG,Ybus EMT reconstruction using exact complex bus-voltage phasors when available; otherwise diagnostic fallback
1.71,0.03992978587162099,0.007869462693744445,0.03992978587162099,0.007869462693744445,0.03992978587162099,0.007869462693744445,5.439929785871622,0.0902365025090861,5.400000000000001,0.08236703981534166,0.0,0.0,Vmag_get_voltage_magnitude_series__angle_get_voltage_angle_series,true,SG,Ybus EMT reconstruction using exact complex bus-voltage phasors when available; otherwise diagnostic fallback
1.72,0.03987618452764252,0.0078353768773467,0.03987618452764252,0.0078353768773467,0.03987618452764252,0.0078353768773467,5.439876184527644,0.09020241669268836,5.400000000000001,0.08236703981534166,0.0,0.0,Vmag_get_voltage_magnitude_series__angle_get_voltage_angle_series,true,SG,Ybus EMT reconstruction using exact complex bus-voltage phasors when available; otherwise diagnostic fallback
1.73,0.039825103251940774,0.007801369360684096,0.039825103251940774,0.007801369360684096,0.039825103251940774,0.007801369360684096,5.439825103251942,0.09016840917602575,5.400000000000001,0.08236703981534166,0.0,0.0,Vmag_get_voltage_magnitude_series__angle_get_voltage_angle_series,true,SG,Ybus EMT reconstruction using exact complex bus-voltage phasors when available; otherwise diagnostic fallback
1.74,0.03977657750857411,0.007767468543133371,0.03977657750857411,0.007767468543133371,0.03977657750857411,0.007767468543133371,5.439776577508575,0.09013450835847503,5.400000000000001,0.08236703981534166,0.0,0.0,Vmag_get_voltage_magnitude_series__angle_get_voltage_angle_series,true,SG,Ybus EMT reconstruction using exact complex bus-voltage phasors when available; otherwise diagnostic fallback
1.75,0.03973062137170391,0.007733701340362886,0.03973062137170391,0.007733701340362886,0.03973062137170391,0.007733701340362886,5.439730621371705,0.09010074115570454,5.400000000000001,0.08236703981534166,0.0,0.0,Vmag_get_voltage_magnitude_series__angle_get_voltage_angle_series,true,SG,Ybus EMT reconstruction using exact complex bus-voltage phasors when available; otherwise diagnostic fallback
1.76,0.039687228693179755,0.0077000931002132456,0.039687228693179755,0.0077000931002132456,0.039687228693179755,0.0077000931002132456,5.439687228693181,0.0900671329155549,5.400000000000001,0.08236703981534166,0.0,0.0,Vmag_get_voltage_magnitude_series__angle_get_voltage_angle_series,true,SG,Ybus EMT reconstruction using exact complex bus-voltage phasors when available; otherwise diagnostic fallback
1.77,0.03964637437803464,0.007666667522507664,0.03964637437803464,0.007666667522507664,0.03964637437803464,0.007666667522507664,5.439646374378036,0.09003370733784932,5.400000000000001,0.08236703981534166,0.0,0.0,Vmag_get_voltage_magnitude_series__angle_get_voltage_angle_series,true,SG,Ybus EMT reconstruction using exact complex bus-voltage phasors when available; otherwise diagnostic fallback
1.78,0.03960801576404016,0.007633446599440874,0.03960801576404016,0.007633446599440874,0.03960801576404016,0.007633446599440874,5.439608015764041,0.09000048641478253,5.400000000000001,0.08236703981534166,0.0,0.0,Vmag_get_voltage_magnitude_series__angle_get_voltage_angle_series,true,SG,Ybus EMT reconstruction using exact complex bus-voltage phasors when available; otherwise diagnostic fallback
1.79,0.03957209401175721,0.007600450561506822,0.03957209401175721,0.007600450561506822,0.03957209401175721,0.007600450561506822,5.4395720940117585,0.08996749037684848,5.400000000000001,0.08236703981534166,0.0,0.0,Vmag_get_voltage_magnitude_series__angle_get_voltage_angle_series,true,SG,Ybus EMT reconstruction using exact complex bus-voltage phasors when available; otherwise diagnostic fallback
1.8,0.03953853558137066,0.0075676978437095865,0.03953853558137066,0.0075676978437095865,0.03953853558137066,0.0075676978437095865,5.439538535581372,0.08993473765905124,5.400000000000001,0.08236703981534166,0.0,0.0,Vmag_get_voltage_magnitude_series__angle_get_voltage_angle_series,true,SG,Ybus EMT reconstruction using exact complex bus-voltage phasors when available; otherwise diagnostic fallback
1.81,0.03950725370475183,0.0075352050606457555,0.03950725370475183,0.0075352050606457555,0.03950725370475183,0.0075352050606457555,5.439507253704753,0.08990224487598741,5.400000000000001,0.08236703981534166,0.0,0.0,Vmag_get_voltage_magnitude_series__angle_get_voltage_angle_series,true,SG,Ybus EMT reconstruction using exact complex bus-voltage phasors when available; otherwise diagnostic fallback
1.82,0.03947814991145204,0.0075029869980755,0.03947814991145204,0.0075029869980755,0.03947814991145204,0.0075029869980755,5.439478149911453,0.08987002681341716,5.400000000000001,0.08236703981534166,0.0,0.0,Vmag_get_voltage_magnitude_series__angle_get_voltage_angle_series,true,SG,Ybus EMT reconstruction using exact complex bus-voltage phasors when available; otherwise diagnostic fallback
1.83,0.0394511155287427,0.007471056611215943,0.0394511155287427,0.007471056611215943,0.0394511155287427,0.007471056611215943,5.439451115528744,0.0898380964265576,5.400000000000001,0.08236703981534166,0.0,0.0,Vmag_get_voltage_magnitude_series__angle_get_voltage_angle_series,true,SG,Ybus EMT reconstruction using exact complex bus-voltage phasors when available; otherwise diagnostic fallback
1.84,0.0394260331938705,0.00743942503956152,0.0394260331938705,0.00743942503956152,0.0394260331938705,0.00743942503956152,5.439426033193872,0.08980646485490318,5.400000000000001,0.08236703981534166,0.0,0.0,Vmag_get_voltage_magnitude_series__angle_get_voltage_angle_series,true,SG,Ybus EMT reconstruction using exact complex bus-voltage phasors when available; otherwise diagnostic fallback
1.85,0.03940277833536232,0.0074081016326239535,0.03940277833536232,0.0074081016326239535,0.03940277833536232,0.0074081016326239535,5.439402778335364,0.08977514144796561,5.400000000000001,0.08236703981534166,0.0,0.0,Vmag_get_voltage_magnitude_series__angle_get_voltage_angle_series,true,SG,Ybus EMT reconstruction using exact complex bus-voltage phasors when available; otherwise diagnostic fallback
1.86,0.03938122063648919,0.007377093986274952,0.03938122063648919,0.007377093986274952,0.03938122063648919,0.007377093986274952,5.43938122063649,0.08974413380161661,5.400000000000001,0.08236703981534166,0.0,0.0,Vmag_get_voltage_magnitude_series__angle_get_voltage_angle_series,true,SG,Ybus EMT reconstruction using exact complex bus-voltage phasors when available; otherwise diagnostic fallback
1.87,0.0393612254495288,0.007346407988425119,0.0393612254495288,0.007346407988425119,0.0393612254495288,0.007346407988425119,5.43936122544953,0.08971344780376678,5.400000000000001,0.08236703981534166,0.0,0.0,Vmag_get_voltage_magnitude_series__angle_get_voltage_angle_series,true,SG,Ybus EMT reconstruction using exact complex bus-voltage phasors when available; otherwise diagnostic fallback
1.88,0.03934265517152191,0.007316047873556886,0.03934265517152191,0.007316047873556886,0.03934265517152191,0.007316047873556886,5.439342655171523,0.08968308768889854,5.400000000000001,0.08236703981534166,0.0,0.0,Vmag_get_voltage_magnitude_series__angle_get_voltage_angle_series,true,SG,Ybus EMT reconstruction using exact complex bus-voltage phasors when available; otherwise diagnostic fallback
1.89,0.03932537055312135,0.007286016286872088,0.03932537055312135,0.007286016286872088,0.03932537055312135,0.007286016286872088,5.439325370553123,0.08965305610221375,5.400000000000001,0.08236703981534166,0.0,0.0,Vmag_get_voltage_magnitude_series__angle_get_voltage_angle_series,true,SG,Ybus EMT reconstruction using exact complex bus-voltage phasors when available; otherwise diagnostic fallback
1.9,0.03930923195001501,0.007256314361640426,0.03930923195001501,0.007256314361640426,0.03930923195001501,0.007256314361640426,5.439309231950016,0.08962335417698208,5.400000000000001,0.08236703981534166,0.0,0.0,Vmag_get_voltage_magnitude_series__angle_get_voltage_angle_series,true,SG,Ybus EMT reconstruction using exact complex bus-voltage phasors when available; otherwise diagnostic fallback
1.91,0.03929410050683835,0.007226941793674557,0.03929410050683835,0.007226941793674557,0.03929410050683835,0.007226941793674557,5.43929410050684,0.08959398160901622,5.400000000000001,0.08236703981534166,0.0,0.0,Vmag_get_voltage_magnitude_series__angle_get_voltage_angle_series,true,SG,Ybus EMT reconstruction using exact complex bus-voltage phasors when available; otherwise diagnostic fallback
1.92,0.03927983926396372,0.007197896926865899,0.03927983926396372,0.007197896926865899,0.03927983926396372,0.007197896926865899,5.439279839263965,0.08956493674220756,5.400000000000001,0.08236703981534166,0.0,0.0,Vmag_get_voltage_magnitude_series__angle_get_voltage_angle_series,true,SG,Ybus EMT reconstruction using exact complex bus-voltage phasors when available; otherwise diagnostic fallback
1.93,0.03926631418314397,0.007169176843859648,0.03926631418314397,0.007169176843859648,0.03926631418314397,0.007169176843859648,5.439266314183145,0.0895362166592013,5.400000000000001,0.08236703981534166,0.0,0.0,Vmag_get_voltage_magnitude_series__angle_get_voltage_angle_series,true,SG,Ybus EMT reconstruction using exact complex bus-voltage phasors when available; otherwise diagnostic fallback
1.94,0.03925339508190007,0.007140777467082637,0.03925339508190007,0.007140777467082637,0.03925339508190007,0.007140777467082637,5.439253395081901,0.0895078172824243,5.400000000000001,0.08236703981534166,0.0,0.0,Vmag_get_voltage_magnitude_series__angle_get_voltage_angle_series,true,SG,Ybus EMT reconstruction using exact complex bus-voltage phasors when available; otherwise diagnostic fallback
1.95,0.03924095650201398,0.007112693651089463,0.03924095650201398,0.007112693651089463,0.03924095650201398,0.007112693651089463,5.439240956502015,0.08947973346643112,5.400000000000001,0.08236703981534166,0.0,0.0,Vmag_get_voltage_magnitude_series__angle_get_voltage_angle_series,true,SG,Ybus EMT reconstruction using exact complex bus-voltage phasors when available; otherwise diagnostic fallback
1.96,0.03922887847564471,0.007084919285791247,0.03922887847564471,0.007084919285791247,0.03922887847564471,0.007084919285791247,5.439228878475646,0.0894519591011329,5.400000000000001,0.08236703981534166,0.0,0.0,Vmag_get_voltage_magnitude_series__angle_get_voltage_angle_series,true,SG,Ybus EMT reconstruction using exact complex bus-voltage phasors when available; otherwise diagnostic fallback
1.97,0.03921704719772734,0.007057447399858585,0.03921704719772734,0.007057447399858585,0.03921704719772734,0.007057447399858585,5.439217047197729,0.08942448721520024,5.400000000000001,0.08236703981534166,0.0,0.0,Vmag_get_voltage_magnitude_series__angle_get_voltage_angle_series,true,SG,Ybus EMT reconstruction using exact complex bus-voltage phasors when available; otherwise diagnostic fallback
1.98,0.03920535562303584,0.007030270265547478,0.03920535562303584,0.007030270265547478,0.03920535562303584,0.007030270265547478,5.439205355623037,0.08939731008088914,5.400000000000001,0.08236703981534166,0.0,0.0,Vmag_get_voltage_magnitude_series__angle_get_voltage_angle_series,true,SG,Ybus EMT reconstruction using exact complex bus-voltage phasors when available; otherwise diagnostic fallback
1.99,0.03919370395967725,0.007003379503482621,0.03919370395967725,0.007003379503482621,0.03919370395967725,0.007003379503482621,5.4391937039596785,0.08937041931882428,5.400000000000001,0.08236703981534166,0.0,0.0,Vmag_get_voltage_magnitude_series__angle_get_voltage_angle_series,true,SG,Ybus EMT reconstruction using exact complex bus-voltage phasors when available; otherwise diagnostic fallback
2.0,0.039182000089656555,0.006976766184032757,0.039182000089656555,0.006976766184032757,0.039182000089656555,0.006976766184032757,5.439182000089658,0.08934380599937441,5.400000000000001,0.08236703981534166,0.0,0.0,Vmag_get_voltage_magnitude_series__angle_get_voltage_angle_series,true,SG,Ybus EMT reconstruction using exact complex bus-voltage phasors when available; otherwise diagnostic fallback
2.01,0.039170159886008804,0.006950420930906365,0.039170159886008804,0.006950420930906365,0.039170159886008804,0.006950420930906365,5.43917015988601,0.08931746074624802,5.400000000000001,0.08236703981534166,0.0,0.0,Vmag_get_voltage_magnitude_series__angle_get_voltage_angle_series,true,SG,Ybus EMT reconstruction using exact complex bus-voltage phasors when available; otherwise diagnostic fallback
2.02,0.03915810745766812,0.00692433402108894,0.03915810745766812,0.00692433402108894,0.03915810745766812,0.00692433402108894,5.439158107457669,0.0892913738364306,5.400000000000001,0.08236703981534166,0.0,0.0,Vmag_get_voltage_magnitude_series__angle_get_voltage_angle_series,true,SG,Ybus EMT reconstruction using exact complex bus-voltage phasors when available; otherwise diagnostic fallback
2.03,0.03914577530793384,0.006898495483456224,0.03914577530793384,0.006898495483456224,0.03914577530793384,0.006898495483456224,5.439145775307935,0.08926553529879788,5.400000000000001,0.08236703981534166,0.0,0.0,Vmag_get_voltage_magnitude_series__angle_get_voltage_angle_series,true,SG,Ybus EMT reconstruction using exact complex bus-voltage phasors when available; otherwise diagnostic fallback
2.04,0.039133104414218245,0.006872895190891071,0.039133104414218245,0.006872895190891071,0.039133104414218245,0.006872895190891071,5.4391331044142195,0.08923993500623273,5.400000000000001,0.08236703981534166,0.0,0.0,Vmag_get_voltage_magnitude_series__angle_get_voltage_angle_series,true,SG,Ybus EMT reconstruction using exact complex bus-voltage phasors when available; otherwise diagnostic fallback
2.05,0.039120044242848984,0.006847522950847895,0.039120044242848984,0.006847522950847895,0.039120044242848984,0.006847522950847895,5.43912004424285,0.08921456276618955,5.400000000000001,0.08236703981534166,0.0,0.0,Vmag_get_voltage_magnitude_series__angle_get_voltage_angle_series,true,SG,Ybus EMT reconstruction using exact complex bus-voltage phasors when available; otherwise diagnostic fallback
2.06,0.039106552670499894,0.006822368592232064,0.039106552670499894,0.006822368592232064,0.039106552670499894,0.006822368592232064,5.439106552670501,0.08918940840757372,5.400000000000001,0.08236703981534166,0.0,0.0,Vmag_get_voltage_magnitude_series__angle_get_voltage_angle_series,true,SG,Ybus EMT reconstruction using exact complex bus-voltage phasors when available; otherwise diagnostic fallback
2.07,0.03909259586985492,0.006797422045770385,0.03909259586985492,0.006797422045770385,0.03909259586985492,0.006797422045770385,5.439092595869856,0.08916446186111204,5.400000000000001,0.08236703981534166,0.0,0.0,Vmag_get_voltage_magnitude_series__angle_get_voltage_angle_series,true,SG,Ybus EMT reconstruction using exact complex bus-voltage phasors when available; otherwise diagnostic fallback
2.08,0.03907814810729171,0.006772673419632391,0.03907814810729171,0.006772673419632391,0.03907814810729171,0.006772673419632391,5.439078148107293,0.08913971323497405,5.400000000000001,0.08236703981534166,0.0,0.0,Vmag_get_voltage_magnitude_series__angle_get_voltage_angle_series,true,SG,Ybus EMT reconstruction using exact complex bus-voltage phasors when available; otherwise diagnostic fallback
2.09,0.039063191508248885,0.006748113069476536,0.039063191508248885,0.006748113069476536,0.039063191508248885,0.006748113069476536,5.43906319150825,0.0891151528848182,5.400000000000001,0.08236703981534166,0.0,0.0,Vmag_get_voltage_magnitude_series__angle_get_voltage_angle_series,true,SG,Ybus EMT reconstruction using exact complex bus-voltage phasors when available; otherwise diagnostic fallback
2.1,0.039047715744477074,0.006723731663207166,0.039047715744477074,0.006723731663207166,0.039047715744477074,0.006723731663207166,5.439047715744478,0.08909077147854882,5.400000000000001,0.08236703981534166,0.0,0.0,Vmag_get_voltage_magnitude_series__angle_get_voltage_angle_series,true,SG,Ybus EMT reconstruction using exact complex bus-voltage phasors when available; otherwise diagnostic fallback
2.11,0.03903171770387104,0.006699520239726309,0.03903171770387104,0.006699520239726309,0.03903171770387104,0.006699520239726309,5.439031717703872,0.08906656005506797,5.400000000000001,0.08236703981534166,0.0,0.0,Vmag_get_voltage_magnitude_series__angle_get_voltage_angle_series,true,SG,Ybus EMT reconstruction using exact complex bus-voltage phasors when available; otherwise diagnostic fallback
2.12,0.039015201097766905,0.006675470261250371,0.039015201097766905,0.006675470261250371,0.039015201097766905,0.006675470261250371,5.439015201097768,0.08904251007659203,5.400000000000001,0.08236703981534166,0.0,0.0,Vmag_get_voltage_magnitude_series__angle_get_voltage_angle_series,true,SG,Ybus EMT reconstruction using exact complex bus-voltage phasors when available; otherwise diagnostic fallback
2.13,0.03899817604511746,0.0066515736581861384,0.03899817604511746,0.0066515736581861384,0.03899817604511746,0.0066515736581861384,5.438998176045119,0.0890186134735278,5.400000000000001,0.08236703981534166,0.0,0.0,Vmag_get_voltage_magnitude_series__angle_get_voltage_angle_series,true,SG,Ybus EMT reconstruction using exact complex bus-voltage phasors when available; otherwise diagnostic fallback
2.14,0.03898065862651734,0.006627822870125755,0.03898065862651734,0.006627822870125755,0.03898065862651734,0.006627822870125755,5.438980658626519,0.08899486268546741,5.400000000000001,0.08236703981534166,0.0,0.0,Vmag_get_voltage_magnitude_series__angle_get_voltage_angle_series,true,SG,Ybus EMT reconstruction using exact complex bus-voltage phasors when available; otherwise diagnostic fallback
2.15,0.03896267040277035,0.006604210879200045,0.03896267040277035,0.006604210879200045,0.03896267040277035,0.006604210879200045,5.438962670402772,0.0889712506945417,5.400000000000001,0.08236703981534166,0.0,0.0,Vmag_get_voltage_magnitude_series__angle_get_voltage_angle_series,true,SG,Ybus EMT reconstruction using exact complex bus-voltage phasors when available; otherwise diagnostic fallback
2.16,0.03894423792985702,0.006580731237370352,0.03894423792985702,0.006580731237370352,0.03894423792985702,0.006580731237370352,5.438944237929858,0.08894777105271201,5.400000000000001,0.08236703981534166,0.0,0.0,Vmag_get_voltage_magnitude_series__angle_get_voltage_angle_series,true,SG,Ybus EMT reconstruction using exact complex bus-voltage phasors when available; otherwise diagnostic fallback
2.17,0.038925392248884805,0.006557378086606169,0.038925392248884805,0.006557378086606169,0.038925392248884805,0.006557378086606169,5.438925392248886,0.08892441790194783,5.400000000000001,0.08236703981534166,0.0,0.0,Vmag_get_voltage_magnitude_series__angle_get_voltage_angle_series,true,SG,Ybus EMT reconstruction using exact complex bus-voltage phasors when available; otherwise diagnostic fallback
2.18,0.03890616837117644,0.006534146174936084,0.03890616837117644,0.006534146174936084,0.03890616837117644,0.006534146174936084,5.438906168371178,0.08890118599027774,5.400000000000001,0.08236703981534166,0.0,0.0,Vmag_get_voltage_magnitude_series__angle_get_voltage_angle_series,true,SG,Ybus EMT reconstruction using exact complex bus-voltage phasors when available; otherwise diagnostic fallback
2.19,0.03888660475405903,0.006511030865528622,0.03888660475405903,0.006511030865528622,0.03888660475405903,0.006511030865528622,5.43888660475406,0.08887807068087028,5.400000000000001,0.08236703981534166,0.0,0.0,Vmag_get_voltage_magnitude_series__angle_get_voltage_angle_series,true,SG,Ybus EMT reconstruction using exact complex bus-voltage phasors when available; otherwise diagnostic fallback
2.2,0.03886674278421598,0.006488028141280799,0.03886674278421598,0.006488028141280799,0.03886674278421598,0.006488028141280799,5.438866742784217,0.08885506795662246,5.400000000000001,0.08236703981534166,0.0,0.0,Vmag_get_voltage_magnitude_series__angle_get_voltage_angle_series,true,SG,Ybus EMT reconstruction using exact complex bus-voltage phasors when available; otherwise diagnostic fallback
2.21,0.03884662625911606,0.006465134601629119,0.03884662625911606,0.006465134601629119,0.03884662625911606,0.006465134601629119,5.438846626259117,0.08883217441697078,5.400000000000001,0.08236703981534166,0.0,0.0,Vmag_get_voltage_magnitude_series__angle_get_voltage_angle_series,true,SG,Ybus EMT reconstruction using exact complex bus-voltage phasors when available; otherwise diagnostic fallback
2.22,0.038826300879966524,0.006442347456897646,0.038826300879966524,0.006442347456897646,0.038826300879966524,0.006442347456897646,5.438826300879968,0.0888093872722393,5.400000000000001,0.08236703981534166,0.0,0.0,Vmag_get_voltage_magnitude_series__angle_get_voltage_angle_series,true,SG,Ybus EMT reconstruction using exact complex bus-voltage phasors when available; otherwise diagnostic fallback
2.23,0.038805813750790286,0.00641966451720255,0.038805813750790286,0.00641966451720255,0.038805813750790286,0.00641966451720255,5.4388058137507915,0.08878670433254421,5.400000000000001,0.08236703981534166,0.0,0.0,Vmag_get_voltage_magnitude_series__angle_get_voltage_angle_series,true,SG,Ybus EMT reconstruction using exact complex bus-voltage phasors when available; otherwise diagnostic fallback
2.24,0.03878521289966841,0.0063970841770668585,0.03878521289966841,0.0063970841770668585,0.03878521289966841,0.0063970841770668585,5.43878521289967,0.08876412399240852,5.400000000000001,0.08236703981534166,0.0,0.0,Vmag_get_voltage_magnitude_series__angle_get_voltage_angle_series,true,SG,Ybus EMT reconstruction using exact complex bus-voltage phasors when available; otherwise diagnostic fallback
2.25,0.03876454681605601,0.006374605394609767,0.03876454681605601,0.006374605394609767,0.03876454681605601,0.006374605394609767,5.438764546816057,0.08874164520995143,5.400000000000001,0.08236703981534166,0.0,0.0,Vmag_get_voltage_magnitude_series__angle_get_voltage_angle_series,true,SG,Ybus EMT reconstruction using exact complex bus-voltage phasors when available; otherwise diagnostic fallback
2.26,0.038743864007540374,0.00635222766903254,0.038743864007540374,0.00635222766903254,0.038743864007540374,0.00635222766903254,5.438743864007542,0.0887192674843742,5.400000000000001,0.08236703981534166,0.0,0.0,Vmag_get_voltage_magnitude_series__angle_get_voltage_angle_series,true,SG,Ybus EMT reconstruction using exact complex bus-voltage phasors when available; otherwise diagnostic fallback
2.27,0.03872321257902289,0.006329951013511748,0.03872321257902289,0.006329951013511748,0.03872321257902289,0.006329951013511748,5.438723212579024,0.0886969908288534,5.400000000000001,0.08236703981534166,0.0,0.0,Vmag_get_voltage_magnitude_series__angle_get_voltage_angle_series,true,SG,Ybus EMT reconstruction using exact complex bus-voltage phasors when available; otherwise diagnostic fallback
2.28,0.03870263984183442,0.006307775926368442,0.03870263984183442,0.006307775926368442,0.03870263984183442,0.006307775926368442,5.438702639841836,0.0886748157417101,5.400000000000001,0.08236703981534166,0.0,0.0,Vmag_get_voltage_magnitude_series__angle_get_voltage_angle_series,true,SG,Ybus EMT reconstruction using exact complex bus-voltage phasors when available; otherwise diagnostic fallback
2.29,0.038682191946275424,0.006285703359027006,0.038682191946275424,0.006285703359027006,0.038682191946275424,0.006285703359027006,5.438682191946277,0.08865274317436866,5.400000000000001,0.08236703981534166,0.0,0.0,Vmag_get_voltage_magnitude_series__angle_get_voltage_angle_series,true,SG,Ybus EMT reconstruction using exact complex bus-voltage phasors when available; otherwise diagnostic fallback
2.3,0.03866191354751258,0.006263734680747479,0.03866191354751258,0.006263734680747479,0.03866191354751258,0.006263734680747479,5.438661913547514,0.08863077449608914,5.400000000000001,0.08236703981534166,0.0,0.0,Vmag_get_voltage_magnitude_series__angle_get_voltage_angle_series,true,SG,Ybus EMT reconstruction using exact complex bus-voltage phasors when available; otherwise diagnostic fallback
2.31,0.038641847495709314,0.006241871643942187,0.038641847495709314,0.006241871643942187,0.038641847495709314,0.006241871643942187,5.438641847495711,0.08860891145928385,5.400000000000001,0.08236703981534166,0.0,0.0,Vmag_get_voltage_magnitude_series__angle_get_voltage_angle_series,true,SG,Ybus EMT reconstruction using exact complex bus-voltage phasors when available; otherwise diagnostic fallback
2.32,0.038622034561139884,0.006220116347144922,0.038622034561139884,0.006220116347144922,0.038622034561139884,0.006220116347144922,5.438622034561141,0.08858715616248658,5.400000000000001,0.08236703981534166,0.0,0.0,Vmag_get_voltage_magnitude_series__angle_get_voltage_angle_series,true,SG,Ybus EMT reconstruction using exact complex bus-voltage phasors when available; otherwise diagnostic fallback
2.33,0.03860251319048302,0.006198471196738331,0.03860251319048302,0.006198471196738331,0.03860251319048302,0.006198471196738331,5.438602513190484,0.08856551101207999,5.400000000000001,0.08236703981534166,0.0,0.0,Vmag_get_voltage_magnitude_series__angle_get_voltage_angle_series,true,SG,Ybus EMT reconstruction using exact complex bus-voltage phasors when available; otherwise diagnostic fallback
2.34,0.03858331929657499,0.00617693886763182,0.03858331929657499,0.00617693886763182,0.03858331929657499,0.00617693886763182,5.438583319296576,0.08854397868297348,5.400000000000001,0.08236703981534166,0.0,0.0,Vmag_get_voltage_magnitude_series__angle_get_voltage_angle_series,true,SG,Ybus EMT reconstruction using exact complex bus-voltage phasors when available; otherwise diagnostic fallback
2.35,0.038564486075060245,0.006155522264989055,0.038564486075060245,0.006155522264989055,0.038564486075060245,0.006155522264989055,5.4385644860750615,0.08852256208033071,5.400000000000001,0.08236703981534166,0.0,0.0,Vmag_get_voltage_magnitude_series__angle_get_voltage_angle_series,true,SG,Ybus EMT reconstruction using exact complex bus-voltage phasors when available; otherwise diagnostic fallback
2.36,0.03854604385676197,0.006134224485745965,0.03854604385676197,0.006134224485745965,0.03854604385676197,0.006134224485745965,5.438546043856763,0.08850126430108762,5.400000000000001,0.08236703981534166,0.0,0.0,Vmag_get_voltage_magnitude_series__angle_get_voltage_angle_series,true,SG,Ybus EMT reconstruction using exact complex bus-voltage phasors when available; otherwise diagnostic fallback
2.37,0.03852801999084576,0.006113048780223229,0.03852801999084576,0.006113048780223229,0.03852801999084576,0.006113048780223229,5.438528019990847,0.08848008859556489,5.400000000000001,0.08236703981534166,0.0,0.0,Vmag_get_voltage_magnitude_series__angle_get_voltage_angle_series,true,SG,Ybus EMT reconstruction using exact complex bus-voltage phasors when available; otherwise diagnostic fallback
2.38,0.03851043875861038,0.006091998513979235,0.03851043875861038,0.006091998513979235,0.03851043875861038,0.006091998513979235,5.438510438758612,0.0884590383293209,5.400000000000001,0.08236703981534166,0.0,0.0,Vmag_get_voltage_magnitude_series__angle_get_voltage_angle_series,true,SG,Ybus EMT reconstruction using exact complex bus-voltage phasors when available; otherwise diagnostic fallback
2.39,0.038493321315803186,0.006071077131196256,0.038493321315803186,0.006071077131196256,0.038493321315803186,0.006071077131196256,5.438493321315804,0.08843811694653791,5.400000000000001,0.08236703981534166,0.0,0.0,Vmag_get_voltage_magnitude_series__angle_get_voltage_angle_series,true,SG,Ybus EMT reconstruction using exact complex bus-voltage phasors when available; otherwise diagnostic fallback
2.4,0.03847668566307938,0.006050288120114877,0.03847668566307938,0.006050288120114877,0.03847668566307938,0.006050288120114877,5.438476685663081,0.08841732793545654,5.400000000000001,0.08236703981534166,0.0,0.0,Vmag_get_voltage_magnitude_series__angle_get_voltage_angle_series,true,SG,Ybus EMT reconstruction using exact complex bus-voltage phasors when available; otherwise diagnostic fallback
2.41,0.038460546647090865,0.006029634978721554,0.038460546647090865,0.006029634978721554,0.038460546647090865,0.006029634978721554,5.438460546647092,0.08839667479406321,5.400000000000001,0.08236703981534166,0.0,0.0,Vmag_get_voltage_magnitude_series__angle_get_voltage_angle_series,true,SG,Ybus EMT reconstruction using exact complex bus-voltage phasors when available; otherwise diagnostic fallback
2.42,0.03844491598158495,0.006009121182681487,0.03844491598158495,0.006009121182681487,0.03844491598158495,0.006009121182681487,5.438444915981586,0.08837616099802315,5.400000000000001,0.08236703981534166,0.0,0.0,Vmag_get_voltage_magnitude_series__angle_get_voltage_angle_series,true,SG,Ybus EMT reconstruction using exact complex bus-voltage phasors when available; otherwise diagnostic fallback
2.43,0.03842980230081405,0.005988750154362288,0.03842980230081405,0.005988750154362288,0.03842980230081405,0.005988750154362288,5.438429802300815,0.08835578996970395,5.400000000000001,0.08236703981534166,0.0,0.0,Vmag_get_voltage_magnitude_series__angle_get_voltage_angle_series,true,SG,Ybus EMT reconstruction using exact complex bus-voltage phasors when available; otherwise diagnostic fallback
2.44,0.038415211228148394,0.005968525235533706,0.038415211228148394,0.005968525235533706,0.038415211228148394,0.005968525235533706,5.43841521122815,0.08833556505087536,5.400000000000001,0.08236703981534166,0.0,0.0,Vmag_get_voltage_magnitude_series__angle_get_voltage_angle_series,true,SG,Ybus EMT reconstruction using exact complex bus-voltage phasors when available; otherwise diagnostic fallback
2.45,0.038401145467366504,0.005948449660632793,0.038401145467366504,0.005948449660632793,0.038401145467366504,0.005948449660632793,5.438401145467368,0.08831548947597445,5.400000000000001,0.08236703981534166,0.0,0.0,Vmag_get_voltage_magnitude_series__angle_get_voltage_angle_series,true,SG,Ybus EMT reconstruction using exact complex bus-voltage phasors when available; otherwise diagnostic fallback
2.46,0.03838760491870907,0.0059285265330446535,0.03838760491870907,0.0059285265330446535,0.03838760491870907,0.0059285265330446535,5.43838760491871,0.08829556634838631,5.400000000000001,0.08236703981534166,0.0,0.0,Vmag_get_voltage_magnitude_series__angle_get_voltage_angle_series,true,SG,Ybus EMT reconstruction using exact complex bus-voltage phasors when available; otherwise diagnostic fallback
2.47,0.038374586802919275,0.005908758803517933,0.038374586802919275,0.005908758803517933,0.038374586802919275,0.005908758803517933,5.4383745868029205,0.08827579861885959,5.400000000000001,0.08236703981534166,0.0,0.0,Vmag_get_voltage_magnitude_series__angle_get_voltage_angle_series,true,SG,Ybus EMT reconstruction using exact complex bus-voltage phasors when available; otherwise diagnostic fallback
2.48,0.03836208580892997,0.005889149250768,0.03836208580892997,0.005889149250768,0.03836208580892997,0.005889149250768,5.438362085808931,0.08825618906610966,5.400000000000001,0.08236703981534166,0.0,0.0,Vmag_get_voltage_magnitude_series__angle_get_voltage_angle_series,true,SG,Ybus EMT reconstruction using exact complex bus-voltage phasors when available; otherwise diagnostic fallback
2.49,0.03835009424803637,0.005869700464883221,0.03835009424803637,0.005869700464883221,0.03835009424803637,0.005869700464883221,5.438350094248038,0.08823674028022488,5.400000000000001,0.08236703981534166,0.0,0.0,Vmag_get_voltage_magnitude_series__angle_get_voltage_angle_series,true,SG,Ybus EMT reconstruction using exact complex bus-voltage phasors when available; otherwise diagnostic fallback
2.5,0.03833860222552765,0.005850414833437734,0.03833860222552765,0.005850414833437734,0.03833860222552765,0.005850414833437734,5.438338602225529,0.08821745464877939,5.400000000000001,0.08236703981534166,0.0,0.0,Vmag_get_voltage_magnitude_series__angle_get_voltage_angle_series,true,SG,Ybus EMT reconstruction using exact complex bus-voltage phasors when available; otherwise diagnostic fallback
2.51,0.03832759781649919,0.0058312945287267715,0.03832759781649919,0.0058312945287267715,0.03832759781649919,0.0058312945287267715,5.4383275978165,0.08819833434406843,5.400000000000001,0.08236703981534166,0.0,0.0,Vmag_get_voltage_magnitude_series__angle_get_voltage_angle_series,true,SG,Ybus EMT reconstruction using exact complex bus-voltage phasors when available; otherwise diagnostic fallback
2.52,0.03831706725318629,0.005812341498463103,0.03831706725318629,0.005812341498463103,0.03831706725318629,0.005812341498463103,5.4383170672531875,0.08817938131380476,5.400000000000001,0.08236703981534166,0.0,0.0,Vmag_get_voltage_magnitude_series__angle_get_voltage_angle_series,true,SG,Ybus EMT reconstruction using exact complex bus-voltage phasors when available; otherwise diagnostic fallback
2.53,0.03830699511410529,0.005793557459008891,0.03830699511410529,0.005793557459008891,0.03830699511410529,0.005793557459008891,5.4383069951141065,0.08816059727435055,5.400000000000001,0.08236703981534166,0.0,0.0,Vmag_get_voltage_magnitude_series__angle_get_voltage_angle_series,true,SG,Ybus EMT reconstruction using exact complex bus-voltage phasors when available; otherwise diagnostic fallback
2.54,0.03829736452111998,0.00577494389029698,0.03829736452111998,0.00577494389029698,0.03829736452111998,0.00577494389029698,5.438297364521121,0.08814198370563864,5.400000000000001,0.08236703981534166,0.0,0.0,Vmag_get_voltage_magnitude_series__angle_get_voltage_angle_series,true,SG,Ybus EMT reconstruction using exact complex bus-voltage phasors when available; otherwise diagnostic fallback
2.55,0.03828815733506996,0.0057565020326248995,0.03828815733506996,0.0057565020326248995,0.03828815733506996,0.0057565020326248995,5.438288157335071,0.08812354184796656,5.400000000000001,0.08236703981534166,0.0,0.0,Vmag_get_voltage_magnitude_series__angle_get_voltage_angle_series,true,SG,Ybus EMT reconstruction using exact complex bus-voltage phasors when available; otherwise diagnostic fallback
2.56,0.03827935435362395,0.005738232886335459,0.03827935435362395,0.005738232886335459,0.03827935435362395,0.005738232886335459,5.438279354353625,0.08810527270167712,5.400000000000001,0.08236703981534166,0.0,0.0,Vmag_get_voltage_magnitude_series__angle_get_voltage_angle_series,true,SG,Ybus EMT reconstruction using exact complex bus-voltage phasors when available; otherwise diagnostic fallback
2.57,0.038270935506597326,0.005720137212927634,0.038270935506597326,0.005720137212927634,0.038270935506597326,0.005720137212927634,5.438270935506599,0.08808717702826929,5.400000000000001,0.08236703981534166,0.0,0.0,Vmag_get_voltage_magnitude_series__angle_get_voltage_angle_series,true,SG,Ybus EMT reconstruction using exact complex bus-voltage phasors when available; otherwise diagnostic fallback
2.58,0.03826288004980949,0.005702215538629041,0.03826288004980949,0.005702215538629041,0.03826288004980949,0.005702215538629041,5.438262880049811,0.0880692553539707,5.400000000000001,0.08236703981534166,0.0,0.0,Vmag_get_voltage_magnitude_series__angle_get_voltage_angle_series,true,SG,Ybus EMT reconstruction using exact complex bus-voltage phasors when available; otherwise diagnostic fallback
2.59,0.03825516675339369,0.005684468159195877,0.03825516675339369,0.005684468159195877,0.03825516675339369,0.005684468159195877,5.438255166753395,0.08805150797453754,5.400000000000001,0.08236703981534166,0.0,0.0,Vmag_get_voltage_magnitude_series__angle_get_voltage_angle_series,true,SG,Ybus EMT reconstruction using exact complex bus-voltage phasors when available; otherwise diagnostic fallback
2.6,0.038247774086141995,0.005666895145584494,0.038247774086141995,0.005666895145584494,0.038247774086141995,0.005666895145584494,5.438247774086143,0.08803393496092615,5.400000000000001,0.08236703981534166,0.0,0.0,Vmag_get_voltage_magnitude_series__angle_get_voltage_angle_series,true,SG,Ybus EMT reconstruction using exact complex bus-voltage phasors when available; otherwise diagnostic fallback
2.61,0.03824068039115858,0.005649496352654548,0.03824068039115858,0.005649496352654548,0.03824068039115858,0.005649496352654548,5.43824068039116,0.0880165361679962,5.400000000000001,0.08236703981534166,0.0,0.0,Vmag_get_voltage_magnitude_series__angle_get_voltage_angle_series,true,SG,Ybus EMT reconstruction using exact complex bus-voltage phasors when available; otherwise diagnostic fallback
2.62,0.03823386405435958,0.0056322714286825,0.03823386405435958,0.0056322714286825,0.03823386405435958,0.0056322714286825,5.438233864054361,0.08799931124402416,5.400000000000001,0.08236703981534166,0.0,0.0,Vmag_get_voltage_magnitude_series__angle_get_voltage_angle_series,true,SG,Ybus EMT reconstruction using exact complex bus-voltage phasors when available; otherwise diagnostic fallback
2.63,0.038227303665666845,0.005615219825089834,0.038227303665666845,0.005615219825089834,0.038227303665666845,0.005615219825089834,5.438227303665668,0.08798225964043149,5.400000000000001,0.08236703981534166,0.0,0.0,Vmag_get_voltage_magnitude_series__angle_get_voltage_angle_series,true,SG,Ybus EMT reconstruction using exact complex bus-voltage phasors when available; otherwise diagnostic fallback
2.64,0.03822097816895553,0.005598340807824287,0.03822097816895553,0.005598340807824287,0.03822097816895553,0.005598340807824287,5.438220978168957,0.08796538062316595,5.400000000000001,0.08236703981534166,0.0,0.0,Vmag_get_voltage_magnitude_series__angle_get_voltage_angle_series,true,SG,Ybus EMT reconstruction using exact complex bus-voltage phasors when available; otherwise diagnostic fallback
2.65,0.038214867001155284,0.005581633469932457,0.038214867001155284,0.005581633469932457,0.038214867001155284,0.005581633469932457,5.4382148670011565,0.08794867328527411,5.400000000000001,0.08236703981534166,0.0,0.0,Vmag_get_voltage_magnitude_series__angle_get_voltage_angle_series,true,SG,Ybus EMT reconstruction using exact complex bus-voltage phasors when available; otherwise diagnostic fallback
2.66,0.0382089502221481,0.0055650967443394705,0.0382089502221481,0.0055650967443394705,0.0382089502221481,0.0055650967443394705,5.438208950222149,0.08793213655968113,5.400000000000001,0.08236703981534166,0.0,0.0,Vmag_get_voltage_magnitude_series__angle_get_voltage_angle_series,true,SG,Ybus EMT reconstruction using exact complex bus-voltage phasors when available; otherwise diagnostic fallback
2.67,0.038203208631624186,0.005548729417489073,0.038203208631624186,0.005548729417489073,0.038203208631624186,0.005548729417489073,5.438203208631625,0.08791576923283073,5.400000000000001,0.08236703981534166,0.0,0.0,Vmag_get_voltage_magnitude_series__angle_get_voltage_angle_series,true,SG,Ybus EMT reconstruction using exact complex bus-voltage phasors when available; otherwise diagnostic fallback
2.68,0.03819762387562875,0.0055325301427874285,0.03819762387562875,0.0055325301427874285,0.03819762387562875,0.0055325301427874285,5.43819762387563,0.08789956995812909,5.400000000000001,0.08236703981534166,0.0,0.0,Vmag_get_voltage_magnitude_series__angle_get_voltage_angle_series,true,SG,Ybus EMT reconstruction using exact complex bus-voltage phasors when available; otherwise diagnostic fallback
2.69,0.03819217853876733,0.00551649745509164,0.03819217853876733,0.00551649745509164,0.03819217853876733,0.00551649745509164,5.438192178538769,0.0878835372704333,5.400000000000001,0.08236703981534166,0.0,0.0,Vmag_get_voltage_magnitude_series__angle_get_voltage_angle_series,true,SG,Ybus EMT reconstruction using exact complex bus-voltage phasors when available; otherwise diagnostic fallback
2.7,0.03818685622596618,0.005500629784851996,0.03818685622596618,0.005500629784851996,0.03818685622596618,0.005500629784851996,5.438186856225967,0.08786766960019365,5.400000000000001,0.08236703981534166,0.0,0.0,Vmag_get_voltage_magnitude_series__angle_get_voltage_angle_series,true,SG,Ybus EMT reconstruction using exact complex bus-voltage phasors when available; otherwise diagnostic fallback
2.71,0.03818164163175464,0.005484925472631352,0.03818164163175464,0.005484925472631352,0.03818164163175464,0.005484925472631352,5.438181641631756,0.08785196528797301,5.400000000000001,0.08236703981534166,0.0,0.0,Vmag_get_voltage_magnitude_series__angle_get_voltage_angle_series,true,SG,Ybus EMT reconstruction using exact complex bus-voltage phasors when available; otherwise diagnostic fallback
2.72,0.03817652059605425,0.005469382782767429,0.03817652059605425,0.005469382782767429,0.03817652059605425,0.005469382782767429,5.4381765205960555,0.08783642259810909,5.400000000000001,0.08236703981534166,0.0,0.0,Vmag_get_voltage_magnitude_series__angle_get_voltage_angle_series,true,SG,Ybus EMT reconstruction using exact complex bus-voltage phasors when available; otherwise diagnostic fallback
2.73,0.038171480149845394,0.005453999917673147,0.038171480149845394,0.005453999917673147,0.038171480149845394,0.005453999917673147,5.438171480149847,0.0878210397330148,5.400000000000001,0.08236703981534166,0.0,0.0,Vmag_get_voltage_magnitude_series__angle_get_voltage_angle_series,true,SG,Ybus EMT reconstruction using exact complex bus-voltage phasors when available; otherwise diagnostic fallback
2.74,0.03816650854605541,0.005438775031262888,0.03816650854605541,0.005438775031262888,0.03816650854605541,0.005438775031262888,5.438166508546057,0.08780581484660455,5.400000000000001,0.08236703981534166,0.0,0.0,Vmag_get_voltage_magnitude_series__angle_get_voltage_angle_series,true,SG,Ybus EMT reconstruction using exact complex bus-voltage phasors when available; otherwise diagnostic fallback
2.75,0.038161595282206306,0.005423706242207005,0.038161595282206306,0.005423706242207005,0.038161595282206306,0.005423706242207005,5.4381615952822075,0.08779074605754866,5.400000000000001,0.08236703981534166,0.0,0.0,Vmag_get_voltage_magnitude_series__angle_get_voltage_angle_series,true,SG,Ybus EMT reconstruction using exact complex bus-voltage phasors when available; otherwise diagnostic fallback
2.76,0.038156731109213915,0.005408791646493327,0.038156731109213915,0.005408791646493327,0.038156731109213915,0.005408791646493327,5.438156731109215,0.08777583146183499,5.400000000000001,0.08236703981534166,0.0,0.0,Vmag_get_voltage_magnitude_series__angle_get_voltage_angle_series,true,SG,Ybus EMT reconstruction using exact complex bus-voltage phasors when available; otherwise diagnostic fallback
2.77,0.038151908031987425,0.005394029329331973,0.038151908031987425,0.005394029329331973,0.038151908031987425,0.005394029329331973,5.438151908031989,0.08776106914467363,5.400000000000001,0.08236703981534166,0.0,0.0,Vmag_get_voltage_magnitude_series__angle_get_voltage_angle_series,true,SG,Ybus EMT reconstruction using exact complex bus-voltage phasors when available; otherwise diagnostic fallback
2.78,0.038147119296422005,0.005379417376692008,0.038147119296422005,0.005379417376692008,0.038147119296422005,0.005379417376692008,5.438147119296423,0.08774645719203367,5.400000000000001,0.08236703981534166,0.0,0.0,Vmag_get_voltage_magnitude_series__angle_get_voltage_angle_series,true,SG,Ybus EMT reconstruction using exact complex bus-voltage phasors when available; otherwise diagnostic fallback
2.79,0.03814235937022392,0.0053649538860015555,0.03814235937022392,0.0053649538860015555,0.03814235937022392,0.0053649538860015555,5.438142359370225,0.08773199370134321,5.400000000000001,0.08236703981534166,0.0,0.0,Vmag_get_voltage_magnitude_series__angle_get_voltage_angle_series,true,SG,Ybus EMT reconstruction using exact complex bus-voltage phasors when available; otherwise diagnostic fallback
2.8,0.03813762391404385,0.005350636975791412,0.03813762391404385,0.005350636975791412,0.03813762391404385,0.005350636975791412,5.438137623914045,0.08771767679113307,5.400000000000001,0.08236703981534166,0.0,0.0,Vmag_get_voltage_magnitude_series__angle_get_voltage_angle_series,true,SG,Ybus EMT reconstruction using exact complex bus-voltage phasors when available; otherwise diagnostic fallback
2.81,0.038132909742333077,0.005336464794876039,0.038132909742333077,0.005336464794876039,0.038132909742333077,0.005336464794876039,5.438132909742334,0.0877035046102177,5.400000000000001,0.08236703981534166,0.0,0.0,Vmag_get_voltage_magnitude_series__angle_get_voltage_angle_series,true,SG,Ybus EMT reconstruction using exact complex bus-voltage phasors when available; otherwise diagnostic fallback
2.82,0.03812821477894257,0.005322435530523806,0.03812821477894257,0.005322435530523806,0.03812821477894257,0.005322435530523806,5.438128214778944,0.08768947534586546,5.400000000000001,0.08236703981534166,0.0,0.0,Vmag_get_voltage_magnitude_series__angle_get_voltage_angle_series,true,SG,Ybus EMT reconstruction using exact complex bus-voltage phasors when available; otherwise diagnostic fallback
2.83,0.03812353800539814,0.00530854741602893,0.03812353800539814,0.00530854741602893,0.03812353800539814,0.00530854741602893,5.438123538005399,0.08767558723137059,5.400000000000001,0.08236703981534166,0.0,0.0,Vmag_get_voltage_magnitude_series__angle_get_voltage_angle_series,true,SG,Ybus EMT reconstruction using exact complex bus-voltage phasors when available; otherwise diagnostic fallback
2.84,0.038118879402013306,0.005294798736734885,0.038118879402013306,0.005294798736734885,0.038118879402013306,0.005294798736734885,5.4381188794020145,0.08766183855207654,5.400000000000001,0.08236703981534166,0.0,0.0,Vmag_get_voltage_magnitude_series__angle_get_voltage_angle_series,true,SG,Ybus EMT reconstruction using exact complex bus-voltage phasors when available; otherwise diagnostic fallback
2.85,0.03811423988550633,0.005281187836157719,0.03811423988550633,0.005281187836157719,0.03811423988550633,0.005281187836157719,5.438114239885508,0.08764822765149938,5.400000000000001,0.08236703981534166,0.0,0.0,Vmag_get_voltage_magnitude_series__angle_get_voltage_angle_series,true,SG,Ybus EMT reconstruction using exact complex bus-voltage phasors when available; otherwise diagnostic fallback
2.86,0.03810962124051098,0.005267713120256312,0.03810962124051098,0.005267713120256312,0.03810962124051098,0.005267713120256312,5.438109621240512,0.08763475293559797,5.400000000000001,0.08236703981534166,0.0,0.0,Vmag_get_voltage_magnitude_series__angle_get_voltage_angle_series,true,SG,Ybus EMT reconstruction using exact complex bus-voltage phasors when available; otherwise diagnostic fallback
2.87,0.0381050260482807,0.005254373061585826,0.0381050260482807,0.005254373061585826,0.0381050260482807,0.005254373061585826,5.438105026048282,0.08762141287692748,5.400000000000001,0.08236703981534166,0.0,0.0,Vmag_get_voltage_magnitude_series__angle_get_voltage_angle_series,true,SG,Ybus EMT reconstruction using exact complex bus-voltage phasors when available; otherwise diagnostic fallback
2.88,0.03810045761217751,0.005241166202199388,0.03810045761217751,0.005241166202199388,0.03810045761217751,0.005241166202199388,5.438100457612179,0.08760820601754105,5.400000000000001,0.08236703981534166,0.0,0.0,Vmag_get_voltage_magnitude_series__angle_get_voltage_angle_series,true,SG,Ybus EMT reconstruction using exact complex bus-voltage phasors when available; otherwise diagnostic fallback
2.89,0.038095919881064866,0.005228091155904169,0.038095919881064866,0.005228091155904169,0.038095919881064866,0.005228091155904169,5.438095919881066,0.08759513097124583,5.400000000000001,0.08236703981534166,0.0,0.0,Vmag_get_voltage_magnitude_series__angle_get_voltage_angle_series,true,SG,Ybus EMT reconstruction using exact complex bus-voltage phasors when available; otherwise diagnostic fallback
2.9,0.03809141737139843,0.005215146609431676,0.03809141737139843,0.005215146609431676,0.03809141737139843,0.005215146609431676,5.4380914173714,0.08758218642477333,5.400000000000001,0.08236703981534166,0.0,0.0,Vmag_get_voltage_magnitude_series__angle_get_voltage_angle_series,true,SG,Ybus EMT reconstruction using exact complex bus-voltage phasors when available; otherwise diagnostic fallback
2.91,0.03808695508742854,0.005202331323361231,0.03808695508742854,0.005202331323361231,0.03808695508742854,0.005202331323361231,5.43808695508743,0.08756937113870289,5.400000000000001,0.08236703981534166,0.0,0.0,Vmag_get_voltage_magnitude_series__angle_get_voltage_angle_series,true,SG,Ybus EMT reconstruction using exact complex bus-voltage phasors when available; otherwise diagnostic fallback
2.92,0.03808253844303344,0.005189644132025051,0.03808253844303344,0.005189644132025051,0.03808253844303344,0.005189644132025051,5.438082538443035,0.08755668394736671,5.400000000000001,0.08236703981534166,0.0,0.0,Vmag_get_voltage_magnitude_series__angle_get_voltage_angle_series,true,SG,Ybus EMT reconstruction using exact complex bus-voltage phasors when available; otherwise diagnostic fallback
2.93,0.038078173183137665,0.0051770839425167026,0.038078173183137665,0.0051770839425167026,0.038078173183137665,0.0051770839425167026,5.438078173183139,0.08754412375785836,5.400000000000001,0.08236703981534166,0.0,0.0,Vmag_get_voltage_magnitude_series__angle_get_voltage_angle_series,true,SG,Ybus EMT reconstruction using exact complex bus-voltage phasors when available; otherwise diagnostic fallback
2.94,0.03807386530664303,0.005164649733402249,0.03807386530664303,0.005164649733402249,0.03807386530664303,0.005164649733402249,5.438073865306644,0.08753168954874391,5.400000000000001,0.08236703981534166,0.0,0.0,Vmag_get_voltage_magnitude_series__angle_get_voltage_angle_series,true,SG,Ybus EMT reconstruction using exact complex bus-voltage phasors when available; otherwise diagnostic fallback
2.95,0.03806962099032152,0.005152340553008838,0.03806962099032152,0.005152340553008838,0.03806962099032152,0.005152340553008838,5.438069620990323,0.0875193803683505,5.400000000000001,0.08236703981534166,0.0,0.0,Vmag_get_voltage_magnitude_series__angle_get_voltage_angle_series,true,SG,Ybus EMT reconstruction using exact complex bus-voltage phasors when available; otherwise diagnostic fallback
2.96,0.0380654465161685,0.0051401555167142066,0.0380654465161685,0.0051401555167142066,0.0380654465161685,0.0051401555167142066,5.43806544651617,0.08750719533205586,5.400000000000001,0.08236703981534166,0.0,0.0,Vmag_get_voltage_magnitude_series__angle_get_voltage_angle_series,true,SG,Ybus EMT reconstruction using exact complex bus-voltage phasors when available; otherwise diagnostic fallback
2.97,0.03806134820120555,0.005128093804090517,0.03806134820120555,0.005128093804090517,0.03806134820120555,0.005128093804090517,5.438061348201207,0.08749513361943217,5.400000000000001,0.08236703981534166,0.0,0.0,Vmag_get_voltage_magnitude_series__angle_get_voltage_angle_series,true,SG,Ybus EMT reconstruction using exact complex bus-voltage phasors when available; otherwise diagnostic fallback
2.98,0.03805733233031816,0.005116154655416816,0.03805733233031816,0.005116154655416816,0.03805733233031816,0.005116154655416816,5.438057332330319,0.08748319447075847,5.400000000000001,0.08236703981534166,0.0,0.0,Vmag_get_voltage_magnitude_series__angle_get_voltage_angle_series,true,SG,Ybus EMT reconstruction using exact complex bus-voltage phasors when available; otherwise diagnostic fallback
2.99,0.03805340509228916,0.0051043373681706194,0.03805340509228916,0.0051043373681706194,0.03805340509228916,0.0051043373681706194,5.43805340509229,0.08747137718351228,5.400000000000001,0.08236703981534166,0.0,0.0,Vmag_get_voltage_magnitude_series__angle_get_voltage_angle_series,true,SG,Ybus EMT reconstruction using exact complex bus-voltage phasors when available; otherwise diagnostic fallback
3.0,0.03804957252083074,0.005092641292903655,0.03804957252083074,0.005092641292903655,0.03804957252083074,0.005092641292903655,5.438049572520832,0.08745968110824531,5.400000000000001,0.08236703981534166,0.0,0.0,Vmag_get_voltage_magnitude_series__angle_get_voltage_angle_series,true,SG,Ybus EMT reconstruction using exact complex bus-voltage phasors when available; otherwise diagnostic fallback
3.01,0.03804584043935666,0.0050810658290424415,0.03804584043935666,0.0050810658290424415,0.03804584043935666,0.0050810658290424415,5.438045840439358,0.0874481056443841,5.400000000000001,0.08236703981534166,0.0,0.0,Vmag_get_voltage_magnitude_series__angle_get_voltage_angle_series,true,SG,Ybus EMT reconstruction using exact complex bus-voltage phasors when available; otherwise diagnostic fallback
3.02,0.03804221441006295,0.005069610420320392,0.03804221441006295,0.005069610420320392,0.03804221441006295,0.005069610420320392,5.438042214410064,0.08743665023566205,5.400000000000001,0.08236703981534166,0.0,0.0,Vmag_get_voltage_magnitude_series__angle_get_voltage_angle_series,true,SG,Ybus EMT reconstruction using exact complex bus-voltage phasors when available; otherwise diagnostic fallback
3.03,0.03803869968835816,0.00505827455029606,0.03803869968835816,0.00505827455029606,0.03803869968835816,0.00505827455029606,5.438038699688359,0.08742531436563772,5.400000000000001,0.08236703981534166,0.0,0.0,Vmag_get_voltage_magnitude_series__angle_get_voltage_angle_series,true,SG,Ybus EMT reconstruction using exact complex bus-voltage phasors when available; otherwise diagnostic fallback
3.04,0.0380353011815302,0.005047057737521565,0.0380353011815302,0.005047057737521565,0.0380353011815302,0.005047057737521565,5.4380353011815314,0.08741409755286322,5.400000000000001,0.08236703981534166,0.0,0.0,Vmag_get_voltage_magnitude_series__angle_get_voltage_angle_series,true,SG,Ybus EMT reconstruction using exact complex bus-voltage phasors when available; otherwise diagnostic fallback
3.05,0.038032023412869265,0.0050359595311242344,0.038032023412869265,0.0050359595311242344,0.038032023412869265,0.0050359595311242344,5.4380320234128705,0.08740299934646589,5.400000000000001,0.08236703981534166,0.0,0.0,Vmag_get_voltage_magnitude_series__angle_get_voltage_angle_series,true,SG,Ybus EMT reconstruction using exact complex bus-voltage phasors when available; otherwise diagnostic fallback
3.06,0.03802887049080894,0.0050249795056656055,0.03802887049080894,0.0050249795056656055,0.03802887049080894,0.0050249795056656055,5.43802887049081,0.08739201932100726,5.400000000000001,0.08236703981534166,0.0,0.0,Vmag_get_voltage_magnitude_series__angle_get_voltage_angle_series,true,SG,Ybus EMT reconstruction using exact complex bus-voltage phasors when available; otherwise diagnostic fallback
3.07,0.03802584608302073,0.005014117256745498,0.03802584608302073,0.005014117256745498,0.03802584608302073,0.005014117256745498,5.438025846083022,0.08738115707208716,5.400000000000001,0.08236703981534166,0.0,0.0,Vmag_get_voltage_magnitude_series__angle_get_voltage_angle_series,true,SG,Ybus EMT reconstruction using exact complex bus-voltage phasors when available; otherwise diagnostic fallback
3.08,0.03802295339532158,0.005003372396382266,0.03802295339532158,0.005003372396382266,0.03802295339532158,0.005003372396382266,5.438022953395323,0.08737041221172392,5.400000000000001,0.08236703981534166,0.0,0.0,Vmag_get_voltage_magnitude_series__angle_get_voltage_angle_series,true,SG,Ybus EMT reconstruction using exact complex bus-voltage phasors when available; otherwise diagnostic fallback
3.09,0.038020195156144965,0.0049927445484522215,0.038020195156144965,0.0049927445484522215,0.038020195156144965,0.0049927445484522215,5.438020195156146,0.08735978436379388,5.400000000000001,0.08236703981534166,0.0,0.0,Vmag_get_voltage_magnitude_series__angle_get_voltage_angle_series,true,SG,Ybus EMT reconstruction using exact complex bus-voltage phasors when available; otherwise diagnostic fallback
3.1,0.03801757360542535,0.004982233344542841,0.03801757360542535,0.004982233344542841,0.03801757360542535,0.004982233344542841,5.438017573605427,0.0873492731598845,5.400000000000001,0.08236703981534166,0.0,0.0,Vmag_get_voltage_magnitude_series__angle_get_voltage_angle_series,true,SG,Ybus EMT reconstruction using exact complex bus-voltage phasors when available; otherwise diagnostic fallback
3.11,0.03801509048850704,0.004971838419664976,0.03801509048850704,0.004971838419664976,0.03801509048850704,0.004971838419664976,5.438015090488508,0.08733887823500663,5.400000000000001,0.08236703981534166,0.0,0.0,Vmag_get_voltage_magnitude_series__angle_get_voltage_angle_series,true,SG,Ybus EMT reconstruction using exact complex bus-voltage phasors when available; otherwise diagnostic fallback
3.12,0.03801274705419466,0.00496155940830878,0.03801274705419466,0.00496155940830878,0.03801274705419466,0.00496155940830878,5.438012747054196,0.08732859922365044,5.400000000000001,0.08236703981534166,0.0,0.0,Vmag_get_voltage_magnitude_series__angle_get_voltage_angle_series,true,SG,Ybus EMT reconstruction using exact complex bus-voltage phasors when available; otherwise diagnostic fallback
3.13,0.03801054405774451,0.0049513959412802455,0.03801054405774451,0.0049513959412802455,0.03801054405774451,0.0049513959412802455,5.438010544057746,0.0873184357566219,5.400000000000001,0.08236703981534166,0.0,0.0,Vmag_get_voltage_magnitude_series__angle_get_voltage_angle_series,true,SG,Ybus EMT reconstruction using exact complex bus-voltage phasors when available; otherwise diagnostic fallback
3.14,0.0380084817678048,0.004941347641741478,0.0380084817678048,0.004941347641741478,0.0380084817678048,0.004941347641741478,5.438008481767806,0.08730838745708314,5.400000000000001,0.08236703981534166,0.0,0.0,Vmag_get_voltage_magnitude_series__angle_get_voltage_angle_series,true,SG,Ybus EMT reconstruction using exact complex bus-voltage phasors when available; otherwise diagnostic fallback
3.15,0.03800655997661195,0.004931414122238631,0.03800655997661195,0.004931414122238631,0.03800655997661195,0.004931414122238631,5.438006559976613,0.08729845393758029,5.400000000000001,0.08236703981534166,0.0,0.0,Vmag_get_voltage_magnitude_series__angle_get_voltage_angle_series,true,SG,Ybus EMT reconstruction using exact complex bus-voltage phasors when available; otherwise diagnostic fallback
3.16,0.038004778015059415,0.004921594982115307,0.038004778015059415,0.004921594982115307,0.038004778015059415,0.004921594982115307,5.438004778015061,0.08728863479745697,5.400000000000001,0.08236703981534166,0.0,0.0,Vmag_get_voltage_magnitude_series__angle_get_voltage_angle_series,true,SG,Ybus EMT reconstruction using exact complex bus-voltage phasors when available; otherwise diagnostic fallback
3.17,0.038003134769573066,0.004911889804755987,0.038003134769573066,0.004911889804755987,0.038003134769573066,0.004911889804755987,5.438003134769574,0.08727892962009764,5.400000000000001,0.08236703981534166,0.0,0.0,Vmag_get_voltage_magnitude_series__angle_get_voltage_angle_series,true,SG,Ybus EMT reconstruction using exact complex bus-voltage phasors when available; otherwise diagnostic fallback
3.18,0.03800162870352075,0.004902298155440299,0.03800162870352075,0.004902298155440299,0.03800162870352075,0.004902298155440299,5.438001628703522,0.08726933797078196,5.400000000000001,0.08236703981534166,0.0,0.0,Vmag_get_voltage_magnitude_series__angle_get_voltage_angle_series,true,SG,Ybus EMT reconstruction using exact complex bus-voltage phasors when available; otherwise diagnostic fallback
3.19,0.0380002578802765,0.004892819579386476,0.0380002578802765,0.004892819579386476,0.0380002578802765,0.004892819579386476,5.438000257880278,0.08725985939472813,5.400000000000001,0.08236703981534166,0.0,0.0,Vmag_get_voltage_magnitude_series__angle_get_voltage_angle_series,true,SG,Ybus EMT reconstruction using exact complex bus-voltage phasors when available; otherwise diagnostic fallback
3.2,0.037999019988877336,0.004883453600258325,0.037999019988877336,0.004883453600258325,0.037999019988877336,0.004883453600258325,5.437999019988879,0.08725049341559998,5.400000000000001,0.08236703981534166,0.0,0.0,Vmag_get_voltage_magnitude_series__angle_get_voltage_angle_series,true,SG,Ybus EMT reconstruction using exact complex bus-voltage phasors when available; otherwise diagnostic fallback
3.21,0.03799791237204264,0.00487419971883285,0.03799791237204264,0.00487419971883285,0.03799791237204264,0.00487419971883285,5.437997912372044,0.08724123953417451,5.400000000000001,0.08236703981534166,0.0,0.0,Vmag_get_voltage_magnitude_series__angle_get_voltage_angle_series,true,SG,Ybus EMT reconstruction using exact complex bus-voltage phasors when available; otherwise diagnostic fallback
3.22,0.03799693205564214,0.004865057411876039,0.03799693205564214,0.004865057411876039,0.03799693205564214,0.004865057411876039,5.437996932055643,0.0872320972272177,5.400000000000001,0.08236703981534166,0.0,0.0,Vmag_get_voltage_magnitude_series__angle_get_voltage_angle_series,true,SG,Ybus EMT reconstruction using exact complex bus-voltage phasors when available; otherwise diagnostic fallback
3.23,0.03799607577969866,0.004856026131622837,0.03799607577969866,0.004856026131622837,0.03799607577969866,0.004856026131622837,5.4379960757797,0.0872230659469645,5.400000000000001,0.08236703981534166,0.0,0.0,Vmag_get_voltage_magnitude_series__angle_get_voltage_angle_series,true,SG,Ybus EMT reconstruction using exact complex bus-voltage phasors when available; otherwise diagnostic fallback
3.24,0.03799534003038563,0.004847105305219923,0.03799534003038563,0.004847105305219923,0.03799534003038563,0.004847105305219923,5.437995340030387,0.08721414512056158,5.400000000000001,0.08236703981534166,0.0,0.0,Vmag_get_voltage_magnitude_series__angle_get_voltage_angle_series,true,SG,Ybus EMT reconstruction using exact complex bus-voltage phasors when available; otherwise diagnostic fallback
3.25,0.037994721072649895,0.004838294334672422,0.037994721072649895,0.004838294334672422,0.037994721072649895,0.004838294334672422,5.437994721072651,0.08720533415001408,5.400000000000001,0.08236703981534166,0.0,0.0,Vmag_get_voltage_magnitude_series__angle_get_voltage_angle_series,true,SG,Ybus EMT reconstruction using exact complex bus-voltage phasors when available; otherwise diagnostic fallback
3.26,0.03799421498362765,0.004829592596903964,0.03799421498362765,0.004829592596903964,0.03799421498362765,0.004829592596903964,5.437994214983629,0.08719663241224562,5.400000000000001,0.08236703981534166,0.0,0.0,Vmag_get_voltage_magnitude_series__angle_get_voltage_angle_series,true,SG,Ybus EMT reconstruction using exact complex bus-voltage phasors when available; otherwise diagnostic fallback
3.27,0.037993817685828546,0.00482099944420733,0.037993817685828546,0.00482099944420733,0.037993817685828546,0.00482099944420733,5.43799381768583,0.08718803925954899,5.400000000000001,0.08236703981534166,0.0,0.0,Vmag_get_voltage_magnitude_series__angle_get_voltage_angle_series,true,SG,Ybus EMT reconstruction using exact complex bus-voltage phasors when available; otherwise diagnostic fallback
3.28,0.03799352498051434,0.004812514204440843,0.03799352498051434,0.004812514204440843,0.03799352498051434,0.004812514204440843,5.437993524980516,0.0871795540197825,5.400000000000001,0.08236703981534166,0.0,0.0,Vmag_get_voltage_magnitude_series__angle_get_voltage_angle_series,true,SG,Ybus EMT reconstruction using exact complex bus-voltage phasors when available; otherwise diagnostic fallback
3.29,0.0379933325801165,0.004804136182301244,0.0379933325801165,0.004804136182301244,0.0379933325801165,0.004804136182301244,5.437993332580118,0.0871711759976429,5.400000000000001,0.08236703981534166,0.0,0.0,Vmag_get_voltage_magnitude_series__angle_get_voltage_angle_series,true,SG,Ybus EMT reconstruction using exact complex bus-voltage phasors when available; otherwise diagnostic fallback
3.3,0.037993236140668074,0.004795864660087412,0.037993236140668074,0.004795864660087412,0.037993236140668074,0.004795864660087412,5.437993236140669,0.08716290447542907,5.400000000000001,0.08236703981534166,0.0,0.0,Vmag_get_voltage_magnitude_series__angle_get_voltage_angle_series,true,SG,Ybus EMT reconstruction using exact complex bus-voltage phasors when available; otherwise diagnostic fallback
3.31,0.03799323129275045,0.004787698898680803,0.03799323129275045,0.004787698898680803,0.03799323129275045,0.004787698898680803,5.437993231292752,0.08715473871402246,5.400000000000001,0.08236703981534166,0.0,0.0,Vmag_get_voltage_magnitude_series__angle_get_voltage_angle_series,true,SG,Ybus EMT reconstruction using exact complex bus-voltage phasors when available; otherwise diagnostic fallback
3.32,0.03799331367164793,0.004779638139023601,0.03799331367164793,0.004779638139023601,0.03799331367164793,0.004779638139023601,5.437993313671649,0.08714667795436526,5.400000000000001,0.08236703981534166,0.0,0.0,Vmag_get_voltage_magnitude_series__angle_get_voltage_angle_series,true,SG,Ybus EMT reconstruction using exact complex bus-voltage phasors when available; otherwise diagnostic fallback
3.33,0.037993478945831605,0.004771681603403022,0.037993478945831605,0.004771681603403022,0.037993478945831605,0.004771681603403022,5.437993478945833,0.08713872141874468,5.400000000000001,0.08236703981534166,0.0,0.0,Vmag_get_voltage_magnitude_series__angle_get_voltage_angle_series,true,SG,Ybus EMT reconstruction using exact complex bus-voltage phasors when available; otherwise diagnostic fallback
3.34,0.03799372284429037,0.004763828497089895,0.03799372284429037,0.004763828497089895,0.03799372284429037,0.004763828497089895,5.437993722844292,0.08713086831243155,5.400000000000001,0.08236703981534166,0.0,0.0,Vmag_get_voltage_magnitude_series__angle_get_voltage_angle_series,true,SG,Ybus EMT reconstruction using exact complex bus-voltage phasors when available; otherwise diagnostic fallback
3.35,0.037994041181792504,0.004756078009752085,0.037994041181792504,0.004756078009752085,0.037994041181792504,0.004756078009752085,5.437994041181794,0.08712311782509374,5.400000000000001,0.08236703981534166,0.0,0.0,Vmag_get_voltage_magnitude_series__angle_get_voltage_angle_series,true,SG,Ybus EMT reconstruction using exact complex bus-voltage phasors when available; otherwise diagnostic fallback
3.36,0.0379944298826711,0.004748429317319336,0.0379944298826711,0.004748429317319336,0.0379944298826711,0.004748429317319336,5.437994429882672,0.087115469132661,5.400000000000001,0.08236703981534166,0.0,0.0,Vmag_get_voltage_magnitude_series__angle_get_voltage_angle_series,true,SG,Ybus EMT reconstruction using exact complex bus-voltage phasors when available; otherwise diagnostic fallback
3.37,0.03799488500237658,0.0047408815835859874,0.03799488500237658,0.0047408815835859874,0.03799488500237658,0.0047408815835859874,5.437994885002378,0.08710792139892765,5.400000000000001,0.08236703981534166,0.0,0.0,Vmag_get_voltage_magnitude_series__angle_get_voltage_angle_series,true,SG,Ybus EMT reconstruction using exact complex bus-voltage phasors when available; otherwise diagnostic fallback
3.38,0.037995402747051266,0.004733433961890632,0.037995402747051266,0.004733433961890632,0.037995402747051266,0.004733433961890632,5.4379954027470525,0.08710047377723229,5.400000000000001,0.08236703981534166,0.0,0.0,Vmag_get_voltage_magnitude_series__angle_get_voltage_angle_series,true,SG,Ybus EMT reconstruction using exact complex bus-voltage phasors when available; otherwise diagnostic fallback
3.39,0.03799597949116773,0.004726085597122731,0.03799597949116773,0.004726085597122731,0.03799597949116773,0.004726085597122731,5.437995979491169,0.08709312541246439,5.400000000000001,0.08236703981534166,0.0,0.0,Vmag_get_voltage_magnitude_series__angle_get_voltage_angle_series,true,SG,Ybus EMT reconstruction using exact complex bus-voltage phasors when available; otherwise diagnostic fallback
3.4,0.03799661179275038,0.004718835627254947,0.03799661179275038,0.004718835627254947,0.03799661179275038,0.004718835627254947,5.437996611792752,0.0870858754425966,5.400000000000001,0.08236703981534166,0.0,0.0,Vmag_get_voltage_magnitude_series__angle_get_voltage_angle_series,true,SG,Ybus EMT reconstruction using exact complex bus-voltage phasors when available; otherwise diagnostic fallback
3.41,0.037997296406609316,0.004711683185013249,0.037997296406609316,0.004711683185013249,0.037997296406609316,0.004711683185013249,5.437997296406611,0.08707872300035491,5.400000000000001,0.08236703981534166,0.0,0.0,Vmag_get_voltage_magnitude_series__angle_get_voltage_angle_series,true,SG,Ybus EMT reconstruction using exact complex bus-voltage phasors when available; otherwise diagnostic fallback
3.42,0.03799803029508997,0.0047046273998513355,0.03799803029508997,0.0047046273998513355,0.03799803029508997,0.0047046273998513355,5.437998030295091,0.087071667215193,5.400000000000001,0.08236703981534166,0.0,0.0,Vmag_get_voltage_magnitude_series__angle_get_voltage_angle_series,true,SG,Ybus EMT reconstruction using exact complex bus-voltage phasors when available; otherwise diagnostic fallback
3.43,0.037998810636884706,0.00469766739938815,0.037998810636884706,0.00469766739938815,0.037998810636884706,0.00469766739938815,5.437998810636886,0.08706470721472981,5.400000000000001,0.08236703981534166,0.0,0.0,Vmag_get_voltage_magnitude_series__angle_get_voltage_angle_series,true,SG,Ybus EMT reconstruction using exact complex bus-voltage phasors when available; otherwise diagnostic fallback
3.44,0.03799963483346769,0.004690802311049014,0.03799963483346769,0.004690802311049014,0.03799963483346769,0.004690802311049014,5.437999634833469,0.08705784212639067,5.400000000000001,0.08236703981534166,0.0,0.0,Vmag_get_voltage_magnitude_series__angle_get_voltage_angle_series,true,SG,Ybus EMT reconstruction using exact complex bus-voltage phasors when available; otherwise diagnostic fallback
3.45,0.038000500513417634,0.004684031263615052,0.038000500513417634,0.004684031263615052,0.038000500513417634,0.004684031263615052,5.438000500513419,0.08705107107895671,5.400000000000001,0.08236703981534166,0.0,0.0,Vmag_get_voltage_magnitude_series__angle_get_voltage_angle_series,true,SG,Ybus EMT reconstruction using exact complex bus-voltage phasors when available; otherwise diagnostic fallback
3.46,0.03800140553499798,0.00467735338855324,0.03800140553499798,0.00467735338855324,0.03800140553499798,0.00467735338855324,5.438001405534999,0.0870443932038949,5.400000000000001,0.08236703981534166,0.0,0.0,Vmag_get_voltage_magnitude_series__angle_get_voltage_angle_series,true,SG,Ybus EMT reconstruction using exact complex bus-voltage phasors when available; otherwise diagnostic fallback
3.47,0.03800234798583091,0.004670767821508326,0.03800234798583091,0.004670767821508326,0.03800234798583091,0.004670767821508326,5.438002347985832,0.08703780763684998,5.400000000000001,0.08236703981534166,0.0,0.0,Vmag_get_voltage_magnitude_series__angle_get_voltage_angle_series,true,SG,Ybus EMT reconstruction using exact complex bus-voltage phasors when available; otherwise diagnostic fallback
3.48,0.03800332618184932,0.004664273703470001,0.03800332618184932,0.004664273703470001,0.03800332618184932,0.004664273703470001,5.438003326181851,0.08703131351881166,5.400000000000001,0.08236703981534166,0.0,0.0,Vmag_get_voltage_magnitude_series__angle_get_voltage_angle_series,true,SG,Ybus EMT reconstruction using exact complex bus-voltage phasors when available; otherwise diagnostic fallback
3.49,0.03800433866335595,0.004657870181912438,0.03800433866335595,0.004657870181912438,0.03800433866335595,0.004657870181912438,5.438004338663357,0.0870249099972541,5.400000000000001,0.08236703981534166,0.0,0.0,Vmag_get_voltage_magnitude_series__angle_get_voltage_angle_series,true,SG,Ybus EMT reconstruction using exact complex bus-voltage phasors when available; otherwise diagnostic fallback
3.5,0.03800538418999899,0.004651556411771951,0.03800538418999899,0.004651556411771951,0.03800538418999899,0.004651556411771951,5.43800538419,0.08701859622711361,5.400000000000001,0.08236703981534166,0.0,0.0,Vmag_get_voltage_magnitude_series__angle_get_voltage_angle_series,true,SG,Ybus EMT reconstruction using exact complex bus-voltage phasors when available; otherwise diagnostic fallback
3.51,0.03800646173400679,0.004645331556515919,0.03800646173400679,0.004645331556515919,0.03800646173400679,0.004645331556515919,5.438006461734008,0.08701237137185758,5.400000000000001,0.08236703981534166,0.0,0.0,Vmag_get_voltage_magnitude_series__angle_get_voltage_angle_series,true,SG,Ybus EMT reconstruction using exact complex bus-voltage phasors when available; otherwise diagnostic fallback
3.52,0.03800757047171288,0.004639194788802814,0.03800757047171288,0.004639194788802814,0.03800757047171288,0.004639194788802814,5.438007570471714,0.08700623460414447,5.400000000000001,0.08236703981534166,0.0,0.0,Vmag_get_voltage_magnitude_series__angle_get_voltage_angle_series,true,SG,Ybus EMT reconstruction using exact complex bus-voltage phasors when available; otherwise diagnostic fallback
3.53,0.038008709774270955,0.004633145291314866,0.038008709774270955,0.004633145291314866,0.038008709774270955,0.004633145291314866,5.438008709774272,0.08700018510665652,5.400000000000001,0.08236703981534166,0.0,0.0,Vmag_get_voltage_magnitude_series__angle_get_voltage_angle_series,true,SG,Ybus EMT reconstruction using exact complex bus-voltage phasors when available; otherwise diagnostic fallback
3.54,0.038009879196522434,0.004627182257231466,0.038009879196522434,0.004627182257231466,0.038009879196522434,0.004627182257231466,5.438009879196524,0.08699422207257312,5.400000000000001,0.08236703981534166,0.0,0.0,Vmag_get_voltage_magnitude_series__angle_get_voltage_angle_series,true,SG,Ybus EMT reconstruction using exact complex bus-voltage phasors when available; otherwise diagnostic fallback
3.55,0.03801107846532137,0.004621304890742306,0.03801107846532137,0.004621304890742306,0.03801107846532137,0.004621304890742306,5.438011078465323,0.08698834470608396,5.400000000000001,0.08236703981534166,0.0,0.0,Vmag_get_voltage_magnitude_series__angle_get_voltage_angle_series,true,SG,Ybus EMT reconstruction using exact complex bus-voltage phasors when available; otherwise diagnostic fallback
3.56,0.03801230746682638,0.004615512407433187,0.03801230746682638,0.004615512407433187,0.03801230746682638,0.004615512407433187,5.438012307466828,0.08698255222277484,5.400000000000001,0.08236703981534166,0.0,0.0,Vmag_get_voltage_magnitude_series__angle_get_voltage_angle_series,true,SG,Ybus EMT reconstruction using exact complex bus-voltage phasors when available; otherwise diagnostic fallback
3.57,0.0380135662328529,0.004609804034480747,0.0380135662328529,0.004609804034480747,0.0380135662328529,0.004609804034480747,5.438013566232854,0.0869768438498224,5.400000000000001,0.08236703981534166,0.0,0.0,Vmag_get_voltage_magnitude_series__angle_get_voltage_angle_series,true,SG,Ybus EMT reconstruction using exact complex bus-voltage phasors when available; otherwise diagnostic fallback
3.58,0.038014854926915476,0.004604179010790466,0.038014854926915476,0.004604179010790466,0.038014854926915476,0.004604179010790466,5.438014854926917,0.08697121882613212,5.400000000000001,0.08236703981534166,0.0,0.0,Vmag_get_voltage_magnitude_series__angle_get_voltage_angle_series,true,SG,Ybus EMT reconstruction using exact complex bus-voltage phasors when available; otherwise diagnostic fallback
3.59,0.03801617382963052,0.004598636587167193,0.03801617382963052,0.004598636587167193,0.03801617382963052,0.004598636587167193,5.438016173829632,0.08696567640250885,5.400000000000001,0.08236703981534166,0.0,0.0,Vmag_get_voltage_magnitude_series__angle_get_voltage_angle_series,true,SG,Ybus EMT reconstruction using exact complex bus-voltage phasors when available; otherwise diagnostic fallback
3.6,0.038017523323823355,0.004593176026171708,0.038017523323823355,0.004593176026171708,0.038017523323823355,0.004593176026171708,5.438017523323825,0.08696021584151337,5.400000000000001,0.08236703981534166,0.0,0.0,Vmag_get_voltage_magnitude_series__angle_get_voltage_angle_series,true,SG,Ybus EMT reconstruction using exact complex bus-voltage phasors when available; otherwise diagnostic fallback
3.61,0.03801890387946738,0.004587796602042005,0.03801890387946738,0.004587796602042005,0.03801890387946738,0.004587796602042005,5.438018903879469,0.08695483641738366,5.400000000000001,0.08236703981534166,0.0,0.0,Vmag_get_voltage_magnitude_series__angle_get_voltage_angle_series,true,SG,Ybus EMT reconstruction using exact complex bus-voltage phasors when available; otherwise diagnostic fallback
3.62,0.038020316038724467,0.004582497600352009,0.038020316038724467,0.004582497600352009,0.038020316038724467,0.004582497600352009,5.438020316038726,0.08694953741569367,5.400000000000001,0.08236703981534166,0.0,0.0,Vmag_get_voltage_magnitude_series__angle_get_voltage_angle_series,true,SG,Ybus EMT reconstruction using exact complex bus-voltage phasors when available; otherwise diagnostic fallback
3.63,0.038021760400822835,0.0045772783180138,0.038021760400822835,0.0045772783180138,0.038021760400822835,0.0045772783180138,5.438021760400824,0.08694431813335546,5.400000000000001,0.08236703981534166,0.0,0.0,Vmag_get_voltage_magnitude_series__angle_get_voltage_angle_series,true,SG,Ybus EMT reconstruction using exact complex bus-voltage phasors when available; otherwise diagnostic fallback
3.64,0.03802323760736126,0.004572138062601705,0.03802323760736126,0.004572138062601705,0.03802323760736126,0.004572138062601705,5.4380232376073625,0.08693917787794336,5.400000000000001,0.08236703981534166,0.0,0.0,Vmag_get_voltage_magnitude_series__angle_get_voltage_angle_series,true,SG,Ybus EMT reconstruction using exact complex bus-voltage phasors when available; otherwise diagnostic fallback
3.65,0.03802474832791525,0.004567076152220073,0.03802474832791525,0.004567076152220073,0.03802474832791525,0.004567076152220073,5.4380247483279165,0.08693411596756173,5.400000000000001,0.08236703981534166,0.0,0.0,Vmag_get_voltage_magnitude_series__angle_get_voltage_angle_series,true,SG,Ybus EMT reconstruction using exact complex bus-voltage phasors when available; otherwise diagnostic fallback
3.66,0.038026293245976284,0.004562091914841582,0.038026293245976284,0.004562091914841582,0.038026293245976284,0.004562091914841582,5.4380262932459775,0.08692913173018324,5.400000000000001,0.08236703981534166,0.0,0.0,Vmag_get_voltage_magnitude_series__angle_get_voltage_angle_series,true,SG,Ybus EMT reconstruction using exact complex bus-voltage phasors when available; otherwise diagnostic fallback
3.67,0.03802787304563626,0.004557184687875804,0.03802787304563626,0.004557184687875804,0.03802787304563626,0.004557184687875804,5.4380278730456375,0.08692422450321746,5.400000000000001,0.08236703981534166,0.0,0.0,Vmag_get_voltage_magnitude_series__angle_get_voltage_angle_series,true,SG,Ybus EMT reconstruction using exact complex bus-voltage phasors when available; otherwise diagnostic fallback
3.68,0.0380294883985961,0.004552353817772525,0.0380294883985961,0.004552353817772525,0.0380294883985961,0.004552353817772525,5.438029488398597,0.08691939363311418,5.400000000000001,0.08236703981534166,0.0,0.0,Vmag_get_voltage_magnitude_series__angle_get_voltage_angle_series,true,SG,Ybus EMT reconstruction using exact complex bus-voltage phasors when available; otherwise diagnostic fallback
3.69,0.038031139952206416,0.004547598659275343,0.038031139952206416,0.004547598659275343,0.038031139952206416,0.004547598659275343,5.438031139952208,0.086914638474617,5.400000000000001,0.08236703981534166,0.0,0.0,Vmag_get_voltage_magnitude_series__angle_get_voltage_angle_series,true,SG,Ybus EMT reconstruction using exact complex bus-voltage phasors when available; otherwise diagnostic fallback
3.7,0.03803282831823118,0.004542918574803934,0.03803282831823118,0.004542918574803934,0.03803282831823118,0.004542918574803934,5.438032828318232,0.08690995839014559,5.400000000000001,0.08236703981534166,0.0,0.0,Vmag_get_voltage_magnitude_series__angle_get_voltage_angle_series,true,SG,Ybus EMT reconstruction using exact complex bus-voltage phasors when available; otherwise diagnostic fallback
3.71,0.03803455406221268,0.004538312934034727,0.03803455406221268,0.004538312934034727,0.03803455406221268,0.004538312934034727,5.438034554062214,0.08690535274937639,5.400000000000001,0.08236703981534166,0.0,0.0,Vmag_get_voltage_magnitude_series__angle_get_voltage_angle_series,true,SG,Ybus EMT reconstruction using exact complex bus-voltage phasors when available; otherwise diagnostic fallback
3.72,0.038036317694082555,0.004533781113159718,0.038036317694082555,0.004533781113159718,0.038036317694082555,0.004533781113159718,5.438036317694084,0.08690082092850138,5.400000000000001,0.08236703981534166,0.0,0.0,Vmag_get_voltage_magnitude_series__angle_get_voltage_angle_series,true,SG,Ybus EMT reconstruction using exact complex bus-voltage phasors when available; otherwise diagnostic fallback
3.73,0.038038119659505654,0.004529322494419841,0.038038119659505654,0.004529322494419841,0.038038119659505654,0.004529322494419841,5.438038119659507,0.0868963623097615,5.400000000000001,0.08236703981534166,0.0,0.0,Vmag_get_voltage_magnitude_series__angle_get_voltage_angle_series,true,SG,Ybus EMT reconstruction using exact complex bus-voltage phasors when available; otherwise diagnostic fallback
3.74,0.03803996033232426,0.00452493646528529,0.03803996033232426,0.00452493646528529,0.03803996033232426,0.00452493646528529,5.4380399603323255,0.08689197628062695,5.400000000000001,0.08236703981534166,0.0,0.0,Vmag_get_voltage_magnitude_series__angle_get_voltage_angle_series,true,SG,Ybus EMT reconstruction using exact complex bus-voltage phasors when available; otherwise diagnostic fallback
3.75,0.038041840007791095,0.00452062241799267,0.038041840007791095,0.00452062241799267,0.038041840007791095,0.00452062241799267,5.438041840007792,0.08688766223333433,5.400000000000001,0.08236703981534166,0.0,0.0,Vmag_get_voltage_magnitude_series__angle_get_voltage_angle_series,true,SG,Ybus EMT reconstruction using exact complex bus-voltage phasors when available; otherwise diagnostic fallback
3.76,0.038043758897144286,0.004516379749041399,0.038043758897144286,0.004516379749041399,0.038043758897144286,0.004516379749041399,5.4380437588971455,0.08688341956438306,5.400000000000001,0.08236703981534166,0.0,0.0,Vmag_get_voltage_magnitude_series__angle_get_voltage_angle_series,true,SG,Ybus EMT reconstruction using exact complex bus-voltage phasors when available; otherwise diagnostic fallback
3.77,0.03804571712285654,0.004512207858577422,0.03804571712285654,0.004512207858577422,0.03804571712285654,0.004512207858577422,5.438045717122858,0.08687924767391908,5.400000000000001,0.08236703981534166,0.0,0.0,Vmag_get_voltage_magnitude_series__angle_get_voltage_angle_series,true,SG,Ybus EMT reconstruction using exact complex bus-voltage phasors when available; otherwise diagnostic fallback
3.78,0.03804771471524315,0.004508106149716196,0.03804771471524315,0.004508106149716196,0.03804771471524315,0.004508106149716196,5.438047714715244,0.08687514596505785,5.400000000000001,0.08236703981534166,0.0,0.0,Vmag_get_voltage_magnitude_series__angle_get_voltage_angle_series,true,SG,Ybus EMT reconstruction using exact complex bus-voltage phasors when available; otherwise diagnostic fallback
3.79,0.038049751609732674,0.00450407402834907,0.038049751609732674,0.00450407402834907,0.038049751609732674,0.00450407402834907,5.438049751609734,0.08687111384369073,5.400000000000001,0.08236703981534166,0.0,0.0,Vmag_get_voltage_magnitude_series__angle_get_voltage_angle_series,true,SG,Ybus EMT reconstruction using exact complex bus-voltage phasors when available; otherwise diagnostic fallback
3.8,0.03805182764537918,0.004500110902403542,0.03805182764537918,0.004500110902403542,0.03805182764537918,0.004500110902403542,5.43805182764538,0.0868671507177452,5.400000000000001,0.08236703981534166,0.0,0.0,Vmag_get_voltage_magnitude_series__angle_get_voltage_angle_series,true,SG,Ybus EMT reconstruction using exact complex bus-voltage phasors when available; otherwise diagnostic fallback
3.81,0.038053942564082455,0.004496216181648749,0.038053942564082455,0.004496216181648749,0.038053942564082455,0.004496216181648749,5.438053942564084,0.08686325599699041,5.400000000000001,0.08236703981534166,0.0,0.0,Vmag_get_voltage_magnitude_series__angle_get_voltage_angle_series,true,SG,Ybus EMT reconstruction using exact complex bus-voltage phasors when available; otherwise diagnostic fallback
3.82,0.038056096011074736,0.00449238927717166,0.038056096011074736,0.00449238927717166,0.038056096011074736,0.00449238927717166,5.438056096011076,0.08685942909251332,5.400000000000001,0.08236703981534166,0.0,0.0,Vmag_get_voltage_magnitude_series__angle_get_voltage_angle_series,true,SG,Ybus EMT reconstruction using exact complex bus-voltage phasors when available; otherwise diagnostic fallback
3.83,0.03805828753583462,0.004488629600939875,0.03805828753583462,0.004488629600939875,0.03805828753583462,0.004488629600939875,5.438058287535836,0.08685566941628153,5.400000000000001,0.08236703981534166,0.0,0.0,Vmag_get_voltage_magnitude_series__angle_get_voltage_angle_series,true,SG,Ybus EMT reconstruction using exact complex bus-voltage phasors when available; otherwise diagnostic fallback
3.84,0.03806051659422138,0.004484936565906983,0.03806051659422138,0.004484936565906983,0.03806051659422138,0.004484936565906983,5.438060516594223,0.08685197638124864,5.400000000000001,0.08236703981534166,0.0,0.0,Vmag_get_voltage_magnitude_series__angle_get_voltage_angle_series,true,SG,Ybus EMT reconstruction using exact complex bus-voltage phasors when available; otherwise diagnostic fallback
3.85,0.03806278255112616,0.004481309585201543,0.03806278255112616,0.004481309585201543,0.03806278255112616,0.004481309585201543,5.438062782551127,0.0868483494005432,5.400000000000001,0.08236703981534166,0.0,0.0,Vmag_get_voltage_magnitude_series__angle_get_voltage_angle_series,true,SG,Ybus EMT reconstruction using exact complex bus-voltage phasors when available; otherwise diagnostic fallback
3.86,0.038065084683927,0.004477748072374665,0.038065084683927,0.004477748072374665,0.038065084683927,0.004477748072374665,5.438065084683928,0.08684478788771632,5.400000000000001,0.08236703981534166,0.0,0.0,Vmag_get_voltage_magnitude_series__angle_get_voltage_angle_series,true,SG,Ybus EMT reconstruction using exact complex bus-voltage phasors when available; otherwise diagnostic fallback
3.87,0.03806742218666326,0.0044742514409228384,0.03806742218666326,0.0044742514409228384,0.03806742218666326,0.0044742514409228384,5.4380674221866645,0.0868412912562645,5.400000000000001,0.08236703981534166,0.0,0.0,Vmag_get_voltage_magnitude_series__angle_get_voltage_angle_series,true,SG,Ybus EMT reconstruction using exact complex bus-voltage phasors when available; otherwise diagnostic fallback
3.88,0.03806979417466749,0.004470819104385515,0.03806979417466749,0.004470819104385515,0.03806979417466749,0.004470819104385515,5.438069794174669,0.08683785891972717,5.400000000000001,0.08236703981534166,0.0,0.0,Vmag_get_voltage_magnitude_series__angle_get_voltage_angle_series,true,SG,Ybus EMT reconstruction using exact complex bus-voltage phasors when available; otherwise diagnostic fallback
3.89,0.03807219968979769,0.00446745047612207,0.03807219968979769,0.00446745047612207,0.03807219968979769,0.00446745047612207,5.438072199689799,0.08683449029146373,5.400000000000001,0.08236703981534166,0.0,0.0,Vmag_get_voltage_magnitude_series__angle_get_voltage_angle_series,true,SG,Ybus EMT reconstruction using exact complex bus-voltage phasors when available; otherwise diagnostic fallback
3.9,0.03807463770619357,0.004464144969330008,0.03807463770619357,0.004464144969330008,0.03807463770619357,0.004464144969330008,5.438074637706195,0.08683118478467167,5.400000000000001,0.08236703981534166,0.0,0.0,Vmag_get_voltage_magnitude_series__angle_get_voltage_angle_series,true,SG,Ybus EMT reconstruction using exact complex bus-voltage phasors when available; otherwise diagnostic fallback
3.91,0.03807710713620782,0.004460901996985678,0.03807710713620782,0.004460901996985678,0.03807710713620782,0.004460901996985678,5.438077107136209,0.08682794181232734,5.400000000000001,0.08236703981534166,0.0,0.0,Vmag_get_voltage_magnitude_series__angle_get_voltage_angle_series,true,SG,Ybus EMT reconstruction using exact complex bus-voltage phasors when available; otherwise diagnostic fallback
3.92,0.03807960683695644,0.004457720972043555,0.03807960683695644,0.004457720972043555,0.03807960683695644,0.004457720972043555,5.438079606836958,0.08682476078738521,5.400000000000001,0.08236703981534166,0.0,0.0,Vmag_get_voltage_magnitude_series__angle_get_voltage_angle_series,true,SG,Ybus EMT reconstruction using exact complex bus-voltage phasors when available; otherwise diagnostic fallback
3.93,0.03808213561683438,0.004454601307241179,0.03808213561683438,0.004454601307241179,0.03808213561683438,0.004454601307241179,5.438082135616836,0.08682164112258284,5.400000000000001,0.08236703981534166,0.0,0.0,Vmag_get_voltage_magnitude_series__angle_get_voltage_angle_series,true,SG,Ybus EMT reconstruction using exact complex bus-voltage phasors when available; otherwise diagnostic fallback
3.94,0.03808469224243449,0.004451542415425114,0.03808469224243449,0.004451542415425114,0.03808469224243449,0.004451542415425114,5.438084692242436,0.08681858223076677,5.400000000000001,0.08236703981534166,0.0,0.0,Vmag_get_voltage_magnitude_series__angle_get_voltage_angle_series,true,SG,Ybus EMT reconstruction using exact complex bus-voltage phasors when available; otherwise diagnostic fallback
3.95,0.03808727544533497,0.004448543709664188,0.03808727544533497,0.004448543709664188,0.03808727544533497,0.004448543709664188,5.438087275445336,0.08681558352500585,5.400000000000001,0.08236703981534166,0.0,0.0,Vmag_get_voltage_magnitude_series__angle_get_voltage_angle_series,true,SG,Ybus EMT reconstruction using exact complex bus-voltage phasors when available; otherwise diagnostic fallback
3.96,0.03808988392939128,0.004445604603284803,0.03808988392939128,0.004445604603284803,0.03808988392939128,0.004445604603284803,5.4380898839293925,0.08681264441862646,5.400000000000001,0.08236703981534166,0.0,0.0,Vmag_get_voltage_magnitude_series__angle_get_voltage_angle_series,true,SG,Ybus EMT reconstruction using exact complex bus-voltage phasors when available; otherwise diagnostic fallback
3.97,0.03809251637735489,0.004442724510163809,0.03809251637735489,0.004442724510163809,0.03809251637735489,0.004442724510163809,5.438092516377356,0.08680976432550547,5.400000000000001,0.08236703981534166,0.0,0.0,Vmag_get_voltage_magnitude_series__angle_get_voltage_angle_series,true,SG,Ybus EMT reconstruction using exact complex bus-voltage phasors when available; otherwise diagnostic fallback
3.98,0.03809517145809238,0.004439902844978971,0.03809517145809238,0.004439902844978971,0.03809517145809238,0.004439902844978971,5.438095171458094,0.08680694266032063,5.400000000000001,0.08236703981534166,0.0,0.0,Vmag_get_voltage_magnitude_series__angle_get_voltage_angle_series,true,SG,Ybus EMT reconstruction using exact complex bus-voltage phasors when available; otherwise diagnostic fallback
3.99,0.03809784783315262,0.004437139023388048,0.03809784783315262,0.004437139023388048,0.03809784783315262,0.004437139023388048,5.438097847833154,0.0868041788387297,5.400000000000001,0.08236703981534166,0.0,0.0,Vmag_get_voltage_magnitude_series__angle_get_voltage_angle_series,true,SG,Ybus EMT reconstruction using exact complex bus-voltage phasors when available; otherwise diagnostic fallback
4.0,0.0381005441635649,0.004434432462186555,0.0381005441635649,0.004434432462186555,0.0381005441635649,0.004434432462186555,5.438100544163566,0.08680147227752821,5.400000000000001,0.08236703981534166,0.0,0.0,Vmag_get_voltage_magnitude_series__angle_get_voltage_angle_series,true,SG,Ybus EMT reconstruction using exact complex bus-voltage phasors when available; otherwise diagnostic fallback
4.01,0.03810325911610324,0.004431782579725763,0.03810325911610324,0.004431782579725763,0.03810325911610324,0.004431782579725763,5.4381032591161045,0.08679882239506742,5.400000000000001,0.08236703981534166,0.0,0.0,Vmag_get_voltage_magnitude_series__angle_get_voltage_angle_series,true,SG,Ybus EMT reconstruction using exact complex bus-voltage phasors when available; otherwise diagnostic fallback
4.02,0.0381059913693953,0.0044291887961472876,0.0381059913693953,0.0044291887961472876,0.0381059913693953,0.0044291887961472876,5.4381059913693965,0.08679622861148895,5.400000000000001,0.08236703981534166,0.0,0.0,Vmag_get_voltage_magnitude_series__angle_get_voltage_angle_series,true,SG,Ybus EMT reconstruction using exact complex bus-voltage phasors when available; otherwise diagnostic fallback
4.03,0.03810873961975236,0.004426650533569276,0.03810873961975236,0.004426650533569276,0.03810873961975236,0.004426650533569276,5.438108739619754,0.08679369034891093,5.400000000000001,0.08236703981534166,0.0,0.0,Vmag_get_voltage_magnitude_series__angle_get_voltage_angle_series,true,SG,Ybus EMT reconstruction using exact complex bus-voltage phasors when available; otherwise diagnostic fallback
4.04,0.03811150258670892,0.004424167216452446,0.03811150258670892,0.004424167216452446,0.03811150258670892,0.004424167216452446,5.43811150258671,0.0867912070317941,5.400000000000001,0.08236703981534166,0.0,0.0,Vmag_get_voltage_magnitude_series__angle_get_voltage_angle_series,true,SG,Ybus EMT reconstruction using exact complex bus-voltage phasors when available; otherwise diagnostic fallback
4.05,0.03811427901786857,0.004421738271947917,0.03811427901786857,0.004421738271947917,0.03811427901786857,0.004421738271947917,5.43811427901787,0.08678877808728958,5.400000000000001,0.08236703981534166,0.0,0.0,Vmag_get_voltage_magnitude_series__angle_get_voltage_angle_series,true,SG,Ybus EMT reconstruction using exact complex bus-voltage phasors when available; otherwise diagnostic fallback
4.06,0.038117067693779205,0.004419363129960052,0.038117067693779205,0.004419363129960052,0.038117067693779205,0.004419363129960052,5.4381170676937804,0.08678640294530171,5.400000000000001,0.08236703981534166,0.0,0.0,Vmag_get_voltage_magnitude_series__angle_get_voltage_angle_series,true,SG,Ybus EMT reconstruction using exact complex bus-voltage phasors when available; otherwise diagnostic fallback
4.07,0.03811986743201601,0.004417041223672702,0.03811986743201601,0.004417041223672702,0.03811986743201601,0.004417041223672702,5.438119867432017,0.08678408103901436,5.400000000000001,0.08236703981534166,0.0,0.0,Vmag_get_voltage_magnitude_series__angle_get_voltage_angle_series,true,SG,Ybus EMT reconstruction using exact complex bus-voltage phasors when available; otherwise diagnostic fallback
4.08,0.03812267709109918,0.004414771989667332,0.03812267709109918,0.004414771989667332,0.03812267709109918,0.004414771989667332,5.4381226770911,0.08678181180500899,5.400000000000001,0.08236703981534166,0.0,0.0,Vmag_get_voltage_magnitude_series__angle_get_voltage_angle_series,true,SG,Ybus EMT reconstruction using exact complex bus-voltage phasors when available; otherwise diagnostic fallback
4.09,0.03812549557362921,0.004412554868216456,0.03812549557362921,0.004412554868216456,0.03812549557362921,0.004412554868216456,5.4381254955736305,0.08677959468355811,5.400000000000001,0.08236703981534166,0.0,0.0,Vmag_get_voltage_magnitude_series__angle_get_voltage_angle_series,true,SG,Ybus EMT reconstruction using exact complex bus-voltage phasors when available; otherwise diagnostic fallback
4.1,0.03812832182934933,0.004410389303583173,0.03812832182934933,0.004410389303583173,0.03812832182934933,0.004410389303583173,5.438128321829351,0.08677742911892483,5.400000000000001,0.08236703981534166,0.0,0.0,Vmag_get_voltage_magnitude_series__angle_get_voltage_angle_series,true,SG,Ybus EMT reconstruction using exact complex bus-voltage phasors when available; otherwise diagnostic fallback
4.11,0.03813115485729668,0.004408274744230667,0.03813115485729668,0.004408274744230667,0.03813115485729668,0.004408274744230667,5.438131154857298,0.08677531455957233,5.400000000000001,0.08236703981534166,0.0,0.0,Vmag_get_voltage_magnitude_series__angle_get_voltage_angle_series,true,SG,Ybus EMT reconstruction using exact complex bus-voltage phasors when available; otherwise diagnostic fallback
4.12,0.03813399370790993,0.004406210642990627,0.03813399370790993,0.004406210642990627,0.03813399370790993,0.004406210642990627,5.438133993707911,0.08677325045833229,5.400000000000001,0.08236703981534166,0.0,0.0,Vmag_get_voltage_magnitude_series__angle_get_voltage_angle_series,true,SG,Ybus EMT reconstruction using exact complex bus-voltage phasors when available; otherwise diagnostic fallback
4.13,0.03813683748430208,0.0044041964573870995,0.03813683748430208,0.0044041964573870995,0.03813683748430208,0.0044041964573870995,5.438136837484303,0.08677123627272876,5.400000000000001,0.08236703981534166,0.0,0.0,Vmag_get_voltage_magnitude_series__angle_get_voltage_angle_series,true,SG,Ybus EMT reconstruction using exact complex bus-voltage phasors when available; otherwise diagnostic fallback
4.14,0.03813968534334755,0.0044022316497385194,0.03813968534334755,0.0044022316497385194,0.03813968534334755,0.0044022316497385194,5.438139685343349,0.08676927146508018,5.400000000000001,0.08236703981534166,0.0,0.0,Vmag_get_voltage_magnitude_series__angle_get_voltage_angle_series,true,SG,Ybus EMT reconstruction using exact complex bus-voltage phasors when available; otherwise diagnostic fallback
4.15,0.038142536496114765,0.004400315687325351,0.038142536496114765,0.004400315687325351,0.038142536496114765,0.004400315687325351,5.438142536496116,0.08676735550266701,5.400000000000001,0.08236703981534166,0.0,0.0,Vmag_get_voltage_magnitude_series__angle_get_voltage_angle_series,true,SG,Ybus EMT reconstruction using exact complex bus-voltage phasors when available; otherwise diagnostic fallback
4.16,0.038145390207987795,0.004398448042657654,0.038145390207987795,0.004398448042657654,0.038145390207987795,0.004398448042657654,5.438145390207989,0.08676548785799931,5.400000000000001,0.08236703981534166,0.0,0.0,Vmag_get_voltage_magnitude_series__angle_get_voltage_angle_series,true,SG,Ybus EMT reconstruction using exact complex bus-voltage phasors when available; otherwise diagnostic fallback
4.17,0.038148245798410585,0.004396628193464203,0.038148245798410585,0.004396628193464203,0.038148245798410585,0.004396628193464203,5.438148245798412,0.08676366800880586,5.400000000000001,0.08236703981534166,0.0,0.0,Vmag_get_voltage_magnitude_series__angle_get_voltage_angle_series,true,SG,Ybus EMT reconstruction using exact complex bus-voltage phasors when available; otherwise diagnostic fallback
4.18,0.03815110263999966,0.0043948556228741165,0.03815110263999966,0.0043948556228741165,0.03815110263999966,0.0043948556228741165,5.438151102640001,0.08676189543821577,5.400000000000001,0.08236703981534166,0.0,0.0,Vmag_get_voltage_magnitude_series__angle_get_voltage_angle_series,true,SG,Ybus EMT reconstruction using exact complex bus-voltage phasors when available; otherwise diagnostic fallback
4.19,0.038153960157575106,0.0043931298195371005,0.038153960157575106,0.0043931298195371005,0.038153960157575106,0.0043931298195371005,5.438153960157576,0.08676016963487876,5.400000000000001,0.08236703981534166,0.0,0.0,Vmag_get_voltage_magnitude_series__angle_get_voltage_angle_series,true,SG,Ybus EMT reconstruction using exact complex bus-voltage phasors when available; otherwise diagnostic fallback
4.2,0.03815681782668712,0.004391450277642539,0.03815681782668712,0.004391450277642539,0.03815681782668712,0.004391450277642539,5.438156817826688,0.0867584900929842,5.400000000000001,0.08236703981534166,0.0,0.0,Vmag_get_voltage_magnitude_series__angle_get_voltage_angle_series,true,SG,Ybus EMT reconstruction using exact complex bus-voltage phasors when available; otherwise diagnostic fallback
4.21,0.03815967517184138,0.0043898164970295195,0.03815967517184138,0.0043898164970295195,0.03815967517184138,0.0043898164970295195,5.438159675171843,0.08675685631237118,5.400000000000001,0.08236703981534166,0.0,0.0,Vmag_get_voltage_magnitude_series__angle_get_voltage_angle_series,true,SG,Ybus EMT reconstruction using exact complex bus-voltage phasors when available; otherwise diagnostic fallback
4.22,0.03816253176441098,0.004388227983135096,0.03816253176441098,0.004388227983135096,0.03816253176441098,0.004388227983135096,5.438162531764412,0.08675526779847675,5.400000000000001,0.08236703981534166,0.0,0.0,Vmag_get_voltage_magnitude_series__angle_get_voltage_angle_series,true,SG,Ybus EMT reconstruction using exact complex bus-voltage phasors when available; otherwise diagnostic fallback
4.23,0.03816538722038931,0.0043866842471560474,0.03816538722038931,0.0043866842471560474,0.03816538722038931,0.0043866842471560474,5.438165387220391,0.0867537240624977,5.400000000000001,0.08236703981534166,0.0,0.0,Vmag_get_voltage_magnitude_series__angle_get_voltage_angle_series,true,SG,Ybus EMT reconstruction using exact complex bus-voltage phasors when available; otherwise diagnostic fallback
4.24,0.03816824119781792,0.004385184805866915,0.03816824119781792,0.004385184805866915,0.03816824119781792,0.004385184805866915,5.438168241197819,0.08675222462120857,5.400000000000001,0.08236703981534166,0.0,0.0,Vmag_get_voltage_magnitude_series__angle_get_voltage_angle_series,true,SG,Ybus EMT reconstruction using exact complex bus-voltage phasors when available; otherwise diagnostic fallback
4.25,0.03817109339404556,0.004383729181690832,0.03817109339404556,0.004383729181690832,0.03817109339404556,0.004383729181690832,5.438171093394047,0.08675076899703249,5.400000000000001,0.08236703981534166,0.0,0.0,Vmag_get_voltage_magnitude_series__angle_get_voltage_angle_series,true,SG,Ybus EMT reconstruction using exact complex bus-voltage phasors when available; otherwise diagnostic fallback
4.26,0.03817394354281056,0.004382316902703742,0.03817394354281056,0.004382316902703742,0.03817394354281056,0.004382316902703742,5.438173943542812,0.0867493567180454,5.400000000000001,0.08236703981534166,0.0,0.0,Vmag_get_voltage_magnitude_series__angle_get_voltage_angle_series,true,SG,Ybus EMT reconstruction using exact complex bus-voltage phasors when available; otherwise diagnostic fallback
4.27,0.03817679141125563,0.00438094750246365,0.03817679141125563,0.00438094750246365,0.03817679141125563,0.00438094750246365,5.438176791411257,0.08674798731780531,5.400000000000001,0.08236703981534166,0.0,0.0,Vmag_get_voltage_magnitude_series__angle_get_voltage_angle_series,true,SG,Ybus EMT reconstruction using exact complex bus-voltage phasors when available; otherwise diagnostic fallback
4.28,0.03817963679671621,0.004379620520062577,0.03817963679671621,0.004379620520062577,0.03817963679671621,0.004379620520062577,5.4381796367967175,0.08674666033540424,5.400000000000001,0.08236703981534166,0.0,0.0,Vmag_get_voltage_magnitude_series__angle_get_voltage_angle_series,true,SG,Ybus EMT reconstruction using exact complex bus-voltage phasors when available; otherwise diagnostic fallback
4.29,0.03818247952353815,0.004378335499951258,0.03818247952353815,0.004378335499951258,0.03818247952353815,0.004378335499951258,5.438182479523539,0.08674537531529292,5.400000000000001,0.08236703981534166,0.0,0.0,Vmag_get_voltage_magnitude_series__angle_get_voltage_angle_series,true,SG,Ybus EMT reconstruction using exact complex bus-voltage phasors when available; otherwise diagnostic fallback
4.3,0.038185319439905996,0.0043770919918693085,0.038185319439905996,0.0043770919918693085,0.038185319439905996,0.0043770919918693085,5.438185319439907,0.08674413180721097,5.400000000000001,0.08236703981534166,0.0,0.0,Vmag_get_voltage_magnitude_series__angle_get_voltage_angle_series,true,SG,Ybus EMT reconstruction using exact complex bus-voltage phasors when available; otherwise diagnostic fallback
4.31,0.038188156414481256,0.004375889550754186,0.038188156414481256,0.004375889550754186,0.038188156414481256,0.004375889550754186,5.4381881564144825,0.08674292936609584,5.400000000000001,0.08236703981534166,0.0,0.0,Vmag_get_voltage_magnitude_series__angle_get_voltage_angle_series,true,SG,Ybus EMT reconstruction using exact complex bus-voltage phasors when available; otherwise diagnostic fallback
4.32,0.038190990333204056,0.004374727736631168,0.038190990333204056,0.004374727736631168,0.038190990333204056,0.004374727736631168,5.438190990333205,0.08674176755197283,5.400000000000001,0.08236703981534166,0.0,0.0,Vmag_get_voltage_magnitude_series__angle_get_voltage_angle_series,true,SG,Ybus EMT reconstruction using exact complex bus-voltage phasors when available; otherwise diagnostic fallback
4.33,0.03819382109616587,0.004373606114416173,0.03819382109616587,0.004373606114416173,0.03819382109616587,0.004373606114416173,5.438193821096167,0.08674064592975783,5.400000000000001,0.08236703981534166,0.0,0.0,Vmag_get_voltage_magnitude_series__angle_get_voltage_angle_series,true,SG,Ybus EMT reconstruction using exact complex bus-voltage phasors when available; otherwise diagnostic fallback
4.34,0.03819664861434191,0.0043725242539031095,0.03819664861434191,0.0043725242539031095,0.03819664861434191,0.0043725242539031095,5.438196648614343,0.08673956406924477,5.400000000000001,0.08236703981534166,0.0,0.0,Vmag_get_voltage_magnitude_series__angle_get_voltage_angle_series,true,SG,Ybus EMT reconstruction using exact complex bus-voltage phasors when available; otherwise diagnostic fallback
4.35,0.038199472806735635,0.004371481729503968,0.038199472806735635,0.004371481729503968,0.038199472806735635,0.004371481729503968,5.438199472806737,0.08673852154484563,5.400000000000001,0.08236703981534166,0.0,0.0,Vmag_get_voltage_magnitude_series__angle_get_voltage_angle_series,true,SG,Ybus EMT reconstruction using exact complex bus-voltage phasors when available; otherwise diagnostic fallback
4.36,0.03820229359735361,0.00437047812013891,0.03820229359735361,0.00437047812013891,0.03820229359735361,0.00437047812013891,5.438202293597355,0.08673751793548057,5.400000000000001,0.08236703981534166,0.0,0.0,Vmag_get_voltage_magnitude_series__angle_get_voltage_angle_series,true,SG,Ybus EMT reconstruction using exact complex bus-voltage phasors when available; otherwise diagnostic fallback
4.37,0.03820511091242995,0.00436951300921995,0.03820511091242995,0.00436951300921995,0.03820511091242995,0.00436951300921995,5.438205110912431,0.08673655282456161,5.400000000000001,0.08236703981534166,0.0,0.0,Vmag_get_voltage_magnitude_series__angle_get_voltage_angle_series,true,SG,Ybus EMT reconstruction using exact complex bus-voltage phasors when available; otherwise diagnostic fallback
4.38,0.03820792467789236,0.0043685859843434205,0.03820792467789236,0.0043685859843434205,0.03820792467789236,0.0043685859843434205,5.438207924677894,0.08673562579968508,5.400000000000001,0.08236703981534166,0.0,0.0,Vmag_get_voltage_magnitude_series__angle_get_voltage_angle_series,true,SG,Ybus EMT reconstruction using exact complex bus-voltage phasors when available; otherwise diagnostic fallback
4.39,0.03821073481681747,0.004367696637095686,0.03821073481681747,0.004367696637095686,0.03821073481681747,0.004367696637095686,5.438210734816819,0.08673473645243734,5.400000000000001,0.08236703981534166,0.0,0.0,Vmag_get_voltage_magnitude_series__angle_get_voltage_angle_series,true,SG,Ybus EMT reconstruction using exact complex bus-voltage phasors when available; otherwise diagnostic fallback
4.4,0.038213541247245075,0.00436684456308245,0.038213541247245075,0.00436684456308245,0.038213541247245075,0.00436684456308245,5.438213541247246,0.08673388437842411,5.400000000000001,0.08236703981534166,0.0,0.0,Vmag_get_voltage_magnitude_series__angle_get_voltage_angle_series,true,SG,Ybus EMT reconstruction using exact complex bus-voltage phasors when available; otherwise diagnostic fallback
4.41,0.038216343879987846,0.0043660293617605594,0.038216343879987846,0.0043660293617605594,0.038216343879987846,0.0043660293617605594,5.438216343879989,0.08673306917710222,5.400000000000001,0.08236703981534166,0.0,0.0,Vmag_get_voltage_magnitude_series__angle_get_voltage_angle_series,true,SG,Ybus EMT reconstruction using exact complex bus-voltage phasors when available; otherwise diagnostic fallback
4.42,0.03821914261689763,0.004365250636120921,0.03821914261689763,0.004365250636120921,0.03821914261689763,0.004365250636120921,5.438219142616899,0.08673229045146258,5.400000000000001,0.08236703981534166,0.0,0.0,Vmag_get_voltage_magnitude_series__angle_get_voltage_angle_series,true,SG,Ybus EMT reconstruction using exact complex bus-voltage phasors when available; otherwise diagnostic fallback
4.43,0.038221937349035784,0.0043645079927882025,0.038221937349035784,0.0043645079927882025,0.038221937349035784,0.0043645079927882025,5.438221937349037,0.08673154780812986,5.400000000000001,0.08236703981534166,0.0,0.0,Vmag_get_voltage_magnitude_series__angle_get_voltage_angle_series,true,SG,Ybus EMT reconstruction using exact complex bus-voltage phasors when available; otherwise diagnostic fallback
4.44,0.038224727955412874,0.004363801041624371,0.038224727955412874,0.004363801041624371,0.038224727955412874,0.004363801041624371,5.438224727955414,0.08673084085696603,5.400000000000001,0.08236703981534166,0.0,0.0,Vmag_get_voltage_magnitude_series__angle_get_voltage_angle_series,true,SG,Ybus EMT reconstruction using exact complex bus-voltage phasors when available; otherwise diagnostic fallback
4.45,0.03822751430162974,0.004363129395844378,0.03822751430162974,0.004363129395844378,0.03822751430162974,0.004363129395844378,5.438227514301631,0.08673016921118604,5.400000000000001,0.08236703981534166,0.0,0.0,Vmag_get_voltage_magnitude_series__angle_get_voltage_angle_series,true,SG,Ybus EMT reconstruction using exact complex bus-voltage phasors when available; otherwise diagnostic fallback
4.46,0.03823029623886587,0.004362492671765805,0.03823029623886587,0.004362492671765805,0.03823029623886587,0.004362492671765805,5.438230296238867,0.08672953248710746,5.400000000000001,0.08236703981534166,0.0,0.0,Vmag_get_voltage_magnitude_series__angle_get_voltage_angle_series,true,SG,Ybus EMT reconstruction using exact complex bus-voltage phasors when available; otherwise diagnostic fallback
4.47,0.038233073603139545,0.004361890488717823,0.038233073603139545,0.004361890488717823,0.038233073603139545,0.004361890488717823,5.438233073603141,0.08672893030405948,5.400000000000001,0.08236703981534166,0.0,0.0,Vmag_get_voltage_magnitude_series__angle_get_voltage_angle_series,true,SG,Ybus EMT reconstruction using exact complex bus-voltage phasors when available; otherwise diagnostic fallback
4.48,0.03823584621466658,0.004361322468883433,0.03823584621466658,0.004361322468883433,0.03823584621466658,0.004361322468883433,5.438235846214668,0.08672836228422509,5.400000000000001,0.08236703981534166,0.0,0.0,Vmag_get_voltage_magnitude_series__angle_get_voltage_angle_series,true,SG,Ybus EMT reconstruction using exact complex bus-voltage phasors when available; otherwise diagnostic fallback
4.49,0.038238613877495276,0.00436078823736008,0.038238613877495276,0.00436078823736008,0.038238613877495276,0.00436078823736008,5.4382386138774965,0.08672782805270174,5.400000000000001,0.08236703981534166,0.0,0.0,Vmag_get_voltage_magnitude_series__angle_get_voltage_angle_series,true,SG,Ybus EMT reconstruction using exact complex bus-voltage phasors when available; otherwise diagnostic fallback
4.5,0.03824137637936342,0.004360287421848352,0.03824137637936342,0.004360287421848352,0.03824137637936342,0.004360287421848352,5.438241376379365,0.08672732723719001,5.400000000000001,0.08236703981534166,0.0,0.0,Vmag_get_voltage_magnitude_series__angle_get_voltage_angle_series,true,SG,Ybus EMT reconstruction using exact complex bus-voltage phasors when available; otherwise diagnostic fallback
4.51,0.03824413349171163,0.0043598196526892785,0.03824413349171163,0.0043598196526892785,0.03824413349171163,0.0043598196526892785,5.438244133491713,0.08672685946803094,5.400000000000001,0.08236703981534166,0.0,0.0,Vmag_get_voltage_magnitude_series__angle_get_voltage_angle_series,true,SG,Ybus EMT reconstruction using exact complex bus-voltage phasors when available; otherwise diagnostic fallback
4.52,0.03824688496975437,0.004359384562887092,0.03824688496975437,0.004359384562887092,0.03824688496975437,0.004359384562887092,5.438246884969756,0.08672642437822875,5.400000000000001,0.08236703981534166,0.0,0.0,Vmag_get_voltage_magnitude_series__angle_get_voltage_angle_series,true,SG,Ybus EMT reconstruction using exact complex bus-voltage phasors when available; otherwise diagnostic fallback
4.53,0.03824963055312569,0.0043589817878305626,0.03824963055312569,0.0043589817878305626,0.03824963055312569,0.0043589817878305626,5.438249630553127,0.08672602160317222,5.400000000000001,0.08236703981534166,0.0,0.0,Vmag_get_voltage_magnitude_series__angle_get_voltage_angle_series,true,SG,Ybus EMT reconstruction using exact complex bus-voltage phasors when available; otherwise diagnostic fallback
4.54,0.03825236996616965,0.00435861096534218,0.03825236996616965,0.00435861096534218,0.03825236996616965,0.00435861096534218,5.438252369966171,0.08672565078068384,5.400000000000001,0.08236703981534166,0.0,0.0,Vmag_get_voltage_magnitude_series__angle_get_voltage_angle_series,true,SG,Ybus EMT reconstruction using exact complex bus-voltage phasors when available; otherwise diagnostic fallback
4.55,0.03825510291875123,0.004358271735678154,0.03825510291875123,0.004358271735678154,0.03825510291875123,0.004358271735678154,5.4382551029187525,0.08672531155101981,5.400000000000001,0.08236703981534166,0.0,0.0,Vmag_get_voltage_magnitude_series__angle_get_voltage_angle_series,true,SG,Ybus EMT reconstruction using exact complex bus-voltage phasors when available; otherwise diagnostic fallback
4.56,0.038257829107020136,0.004357963741426163,0.038257829107020136,0.004357963741426163,0.038257829107020136,0.004357963741426163,5.438257829107021,0.08672500355676782,5.400000000000001,0.08236703981534166,0.0,0.0,Vmag_get_voltage_magnitude_series__angle_get_voltage_angle_series,true,SG,Ybus EMT reconstruction using exact complex bus-voltage phasors when available; otherwise diagnostic fallback
4.57,0.03826054821442515,0.00435768662746816,0.03826054821442515,0.00435768662746816,0.03826054821442515,0.00435768662746816,5.438260548214426,0.08672472644280982,5.400000000000001,0.08236703981534166,0.0,0.0,Vmag_get_voltage_magnitude_series__angle_get_voltage_angle_series,true,SG,Ybus EMT reconstruction using exact complex bus-voltage phasors when available; otherwise diagnostic fallback
4.58,0.03826325991275237,0.004357440041051208,0.03826325991275237,0.004357440041051208,0.03826325991275237,0.004357440041051208,5.438263259912754,0.08672447985639287,5.400000000000001,0.08236703981534166,0.0,0.0,Vmag_get_voltage_magnitude_series__angle_get_voltage_angle_series,true,SG,Ybus EMT reconstruction using exact complex bus-voltage phasors when available; otherwise diagnostic fallback
4.59,0.03826596386323722,0.004357223631597629,0.03826596386323722,0.004357223631597629,0.03826596386323722,0.004357223631597629,5.4382659638632385,0.08672426344693929,5.400000000000001,0.08236703981534166,0.0,0.0,Vmag_get_voltage_magnitude_series__angle_get_voltage_angle_series,true,SG,Ybus EMT reconstruction using exact complex bus-voltage phasors when available; otherwise diagnostic fallback
4.6,0.0382686597178612,0.004357037050888524,0.0382686597178612,0.004357037050888524,0.0382686597178612,0.004357037050888524,5.438268659717862,0.08672407686623018,5.400000000000001,0.08236703981534166,0.0,0.0,Vmag_get_voltage_magnitude_series__angle_get_voltage_angle_series,true,SG,Ybus EMT reconstruction using exact complex bus-voltage phasors when available; otherwise diagnostic fallback
4.61,0.0382713471206344,0.004356879952915449,0.0382713471206344,0.004356879952915449,0.0382713471206344,0.004356879952915449,5.438271347120636,0.08672391976825711,5.400000000000001,0.08236703981534166,0.0,0.0,Vmag_get_voltage_magnitude_series__angle_get_voltage_angle_series,true,SG,Ybus EMT reconstruction using exact complex bus-voltage phasors when available; otherwise diagnostic fallback
4.62,0.03827402570888516,0.004356751993957353,0.03827402570888516,0.004356751993957353,0.03827402570888516,0.004356751993957353,5.438274025708886,0.08672379180929901,5.400000000000001,0.08236703981534166,0.0,0.0,Vmag_get_voltage_magnitude_series__angle_get_voltage_angle_series,true,SG,Ybus EMT reconstruction using exact complex bus-voltage phasors when available; otherwise diagnostic fallback
4.63,0.0382766951147433,0.004356652832691266,0.0382766951147433,0.004356652832691266,0.0382766951147433,0.004356652832691266,5.4382766951147445,0.08672369264803292,5.400000000000001,0.08236703981534166,0.0,0.0,Vmag_get_voltage_magnitude_series__angle_get_voltage_angle_series,true,SG,Ybus EMT reconstruction using exact complex bus-voltage phasors when available; otherwise diagnostic fallback
4.64,0.03827935496650969,0.0043565821299003105,0.03827935496650969,0.0043565821299003105,0.03827935496650969,0.0043565821299003105,5.438279354966511,0.08672362194524197,5.400000000000001,0.08236703981534166,0.0,0.0,Vmag_get_voltage_magnitude_series__angle_get_voltage_angle_series,true,SG,Ybus EMT reconstruction using exact complex bus-voltage phasors when available; otherwise diagnostic fallback
4.65,0.03828200488999833,0.004356539548858174,0.03828200488999833,0.004356539548858174,0.03828200488999833,0.004356539548858174,5.43828200489,0.08672357936419983,5.400000000000001,0.08236703981534166,0.0,0.0,Vmag_get_voltage_magnitude_series__angle_get_voltage_angle_series,true,SG,Ybus EMT reconstruction using exact complex bus-voltage phasors when available; otherwise diagnostic fallback
4.66,0.0382846445100844,0.004356524755173008,0.0382846445100844,0.004356524755173008,0.0382846445100844,0.004356524755173008,5.438284644510086,0.08672356457051467,5.400000000000001,0.08236703981534166,0.0,0.0,Vmag_get_voltage_magnitude_series__angle_get_voltage_angle_series,true,SG,Ybus EMT reconstruction using exact complex bus-voltage phasors when available; otherwise diagnostic fallback
4.67,0.03828727345196814,0.004356537416756456,0.03828727345196814,0.004356537416756456,0.03828727345196814,0.004356537416756456,5.438287273451969,0.08672357723209811,5.400000000000001,0.08236703981534166,0.0,0.0,Vmag_get_voltage_magnitude_series__angle_get_voltage_angle_series,true,SG,Ybus EMT reconstruction using exact complex bus-voltage phasors when available; otherwise diagnostic fallback
4.68,0.038289891342647486,0.0043565772040811135,0.038289891342647486,0.0043565772040811135,0.038289891342647486,0.0043565772040811135,5.438289891342649,0.08672361701942277,5.400000000000001,0.08236703981534166,0.0,0.0,Vmag_get_voltage_magnitude_series__angle_get_voltage_angle_series,true,SG,Ybus EMT reconstruction using exact complex bus-voltage phasors when available; otherwise diagnostic fallback
4.69,0.03829249781214461,0.004356643789949488,0.03829249781214461,0.004356643789949488,0.03829249781214461,0.004356643789949488,5.438292497812146,0.08672368360529115,5.400000000000001,0.08236703981534166,0.0,0.0,Vmag_get_voltage_magnitude_series__angle_get_voltage_angle_series,true,SG,Ybus EMT reconstruction using exact complex bus-voltage phasors when available; otherwise diagnostic fallback
4.7,0.03829509249485685,0.0043567368497013925,0.03829509249485685,0.0043567368497013925,0.03829509249485685,0.0043567368497013925,5.438295092494858,0.08672377666504305,5.400000000000001,0.08236703981534166,0.0,0.0,Vmag_get_voltage_magnitude_series__angle_get_voltage_angle_series,true,SG,Ybus EMT reconstruction using exact complex bus-voltage phasors when available; otherwise diagnostic fallback
4.71,0.03829767503072379,0.004356856061282555,0.03829767503072379,0.004356856061282555,0.03829767503072379,0.004356856061282555,5.438297675030725,0.08672389587662421,5.400000000000001,0.08236703981534166,0.0,0.0,Vmag_get_voltage_magnitude_series__angle_get_voltage_angle_series,true,SG,Ybus EMT reconstruction using exact complex bus-voltage phasors when available; otherwise diagnostic fallback
4.72,0.0383002450663934,0.004357001105084413,0.0383002450663934,0.004357001105084413,0.0383002450663934,0.004357001105084413,5.438300245066395,0.08672404092042607,5.400000000000001,0.08236703981534166,0.0,0.0,Vmag_get_voltage_magnitude_series__angle_get_voltage_angle_series,true,SG,Ybus EMT reconstruction using exact complex bus-voltage phasors when available; otherwise diagnostic fallback
4.73,0.03830280225629856,0.004357171664236437,0.03830280225629856,0.004357171664236437,0.03830280225629856,0.004357171664236437,5.4383028022563,0.0867242114795781,5.400000000000001,0.08236703981534166,0.0,0.0,Vmag_get_voltage_magnitude_series__angle_get_voltage_angle_series,true,SG,Ybus EMT reconstruction using exact complex bus-voltage phasors when available; otherwise diagnostic fallback
4.74,0.03830534626363491,0.00435736742441295,0.03830534626363491,0.00435736742441295,0.03830534626363491,0.00435736742441295,5.438305346263636,0.08672440723975461,5.400000000000001,0.08236703981534166,0.0,0.0,Vmag_get_voltage_magnitude_series__angle_get_voltage_angle_series,true,SG,Ybus EMT reconstruction using exact complex bus-voltage phasors when available; otherwise diagnostic fallback
4.75,0.038307876761245474,0.004357588074152652,0.038307876761245474,0.004357588074152652,0.038307876761245474,0.004357588074152652,5.438307876761247,0.08672462788949431,5.400000000000001,0.08236703981534166,0.0,0.0,Vmag_get_voltage_magnitude_series__angle_get_voltage_angle_series,true,SG,Ybus EMT reconstruction using exact complex bus-voltage phasors when available; otherwise diagnostic fallback
4.76,0.03831039343247422,0.004357833304545089,0.03831039343247422,0.004357833304545089,0.03831039343247422,0.004357833304545089,5.4383103934324755,0.08672487311988675,5.400000000000001,0.08236703981534166,0.0,0.0,Vmag_get_voltage_magnitude_series__angle_get_voltage_angle_series,true,SG,Ybus EMT reconstruction using exact complex bus-voltage phasors when available; otherwise diagnostic fallback
4.77,0.0383128959718686,0.004358102809612241,0.0383128959718686,0.004358102809612241,0.0383128959718686,0.004358102809612241,5.43831289597187,0.0867251426249539,5.400000000000001,0.08236703981534166,0.0,0.0,Vmag_get_voltage_magnitude_series__angle_get_voltage_angle_series,true,SG,Ybus EMT reconstruction using exact complex bus-voltage phasors when available; otherwise diagnostic fallback
4.78,0.03831538408577728,0.004358396286049726,0.03831538408577728,0.004358396286049726,0.03831538408577728,0.004358396286049726,5.4383153840857785,0.08672543610139138,5.400000000000001,0.08236703981534166,0.0,0.0,Vmag_get_voltage_magnitude_series__angle_get_voltage_angle_series,true,SG,Ybus EMT reconstruction using exact complex bus-voltage phasors when available; otherwise diagnostic fallback
4.79,0.03831785749293193,0.004358713433498584,0.03831785749293193,0.004358713433498584,0.03831785749293193,0.004358713433498584,5.438317857492933,0.08672575324884024,5.400000000000001,0.08236703981534166,0.0,0.0,Vmag_get_voltage_magnitude_series__angle_get_voltage_angle_series,true,SG,Ybus EMT reconstruction using exact complex bus-voltage phasors when available; otherwise diagnostic fallback
4.8,0.038320315924750936,0.004359053954390735,0.038320315924750936,0.004359053954390735,0.038320315924750936,0.004359053954390735,5.438320315924752,0.08672609376973239,5.400000000000001,0.08236703981534166,0.0,0.0,Vmag_get_voltage_magnitude_series__angle_get_voltage_angle_series,true,SG,Ybus EMT reconstruction using exact complex bus-voltage phasors when available; otherwise diagnostic fallback
4.81,0.03832275912579508,0.004359417554161027,0.03832275912579508,0.004359417554161027,0.03832275912579508,0.004359417554161027,5.438322759125796,0.08672645736950269,5.400000000000001,0.08236703981534166,0.0,0.0,Vmag_get_voltage_magnitude_series__angle_get_voltage_angle_series,true,SG,Ybus EMT reconstruction using exact complex bus-voltage phasors when available; otherwise diagnostic fallback
4.82,0.03832518685393271,0.0043598039410592815,0.03832518685393271,0.0043598039410592815,0.03832518685393271,0.0043598039410592815,5.438325186853934,0.08672684375640094,5.400000000000001,0.08236703981534166,0.0,0.0,Vmag_get_voltage_magnitude_series__angle_get_voltage_angle_series,true,SG,Ybus EMT reconstruction using exact complex bus-voltage phasors when available; otherwise diagnostic fallback
4.83,0.03832759888048365,0.004360212826315157,0.03832759888048365,0.004360212826315157,0.03832759888048365,0.004360212826315157,5.438327598880485,0.08672725264165682,5.400000000000001,0.08236703981534166,0.0,0.0,Vmag_get_voltage_magnitude_series__angle_get_voltage_angle_series,true,SG,Ybus EMT reconstruction using exact complex bus-voltage phasors when available; otherwise diagnostic fallback
4.84,0.0383299949902316,0.004360643924190888,0.0383299949902316,0.004360643924190888,0.0383299949902316,0.004360643924190888,5.438329994990233,0.08672768373953255,5.400000000000001,0.08236703981534166,0.0,0.0,Vmag_get_voltage_magnitude_series__angle_get_voltage_angle_series,true,SG,Ybus EMT reconstruction using exact complex bus-voltage phasors when available; otherwise diagnostic fallback
4.85,0.038332374981463246,0.0043610969517777765,0.038332374981463246,0.0043610969517777765,0.038332374981463246,0.0043610969517777765,5.4383323749814645,0.08672813676711943,5.400000000000001,0.08236703981534166,0.0,0.0,Vmag_get_voltage_magnitude_series__angle_get_voltage_angle_series,true,SG,Ybus EMT reconstruction using exact complex bus-voltage phasors when available; otherwise diagnostic fallback
4.86,0.0383347386657551,0.004361571629280192,0.0383347386657551,0.004361571629280192,0.0383347386657551,0.004361571629280192,5.438334738665756,0.08672861144462185,5.400000000000001,0.08236703981534166,0.0,0.0,Vmag_get_voltage_magnitude_series__angle_get_voltage_angle_series,true,SG,Ybus EMT reconstruction using exact complex bus-voltage phasors when available; otherwise diagnostic fallback
4.87,0.038337085867763854,0.004362067679831272,0.038337085867763854,0.004362067679831272,0.038337085867763854,0.004362067679831272,5.438337085867765,0.08672910749517293,5.400000000000001,0.08236703981534166,0.0,0.0,Vmag_get_voltage_magnitude_series__angle_get_voltage_angle_series,true,SG,Ybus EMT reconstruction using exact complex bus-voltage phasors when available; otherwise diagnostic fallback
4.88,0.03833941642499994,0.004362584829591065,0.03833941642499994,0.004362584829591065,0.03833941642499994,0.004362584829591065,5.438339416425001,0.08672962464493272,5.400000000000001,0.08236703981534166,0.0,0.0,Vmag_get_voltage_magnitude_series__angle_get_voltage_angle_series,true,SG,Ybus EMT reconstruction using exact complex bus-voltage phasors when available; otherwise diagnostic fallback
4.89,0.03834173018743847,0.004363122807653053,0.03834173018743847,0.004363122807653053,0.03834173018743847,0.004363122807653053,5.43834173018744,0.08673016262299471,5.400000000000001,0.08236703981534166,0.0,0.0,Vmag_get_voltage_magnitude_series__angle_get_voltage_angle_series,true,SG,Ybus EMT reconstruction using exact complex bus-voltage phasors when available; otherwise diagnostic fallback
4.9,0.038344027017086724,0.00436368134611842,0.038344027017086724,0.00436368134611842,0.038344027017086724,0.00436368134611842,5.438344027017088,0.08673072116146008,5.400000000000001,0.08236703981534166,0.0,0.0,Vmag_get_voltage_magnitude_series__angle_get_voltage_angle_series,true,SG,Ybus EMT reconstruction using exact complex bus-voltage phasors when available; otherwise diagnostic fallback
4.91,0.038346306787561346,0.00436426018011371,0.038346306787561346,0.00436426018011371,0.038346306787561346,0.00436426018011371,5.438346306787563,0.08673129999545537,5.400000000000001,0.08236703981534166,0.0,0.0,Vmag_get_voltage_magnitude_series__angle_get_voltage_angle_series,true,SG,Ybus EMT reconstruction using exact complex bus-voltage phasors when available; otherwise diagnostic fallback
4.92,0.0383485693835226,0.004364859047657044,0.0383485693835226,0.004364859047657044,0.0383485693835226,0.004364859047657044,5.438348569383524,0.0867318988629987,5.400000000000001,0.08236703981534166,0.0,0.0,Vmag_get_voltage_magnitude_series__angle_get_voltage_angle_series,true,SG,Ybus EMT reconstruction using exact complex bus-voltage phasors when available; otherwise diagnostic fallback
4.93,0.03835081470011126,0.0043654776897206204,0.03835081470011126,0.0043654776897206204,0.03835081470011126,0.0043654776897206204,5.4383508147001125,0.08673251750506228,5.400000000000001,0.08236703981534166,0.0,0.0,Vmag_get_voltage_magnitude_series__angle_get_voltage_angle_series,true,SG,Ybus EMT reconstruction using exact complex bus-voltage phasors when available; otherwise diagnostic fallback
4.94,0.0383530426423766,0.004366115850245156,0.0383530426423766,0.004366115850245156,0.0383530426423766,0.004366115850245156,5.438353042642378,0.08673315566558681,5.400000000000001,0.08236703981534166,0.0,0.0,Vmag_get_voltage_magnitude_series__angle_get_voltage_angle_series,true,SG,Ybus EMT reconstruction using exact complex bus-voltage phasors when available; otherwise diagnostic fallback
4.95,0.03835525312461652,0.004366773276001212,0.03835525312461652,0.004366773276001212,0.03835525312461652,0.004366773276001212,5.438355253124618,0.08673381309134287,5.400000000000001,0.08236703981534166,0.0,0.0,Vmag_get_voltage_magnitude_series__angle_get_voltage_angle_series,true,SG,Ybus EMT reconstruction using exact complex bus-voltage phasors when available; otherwise diagnostic fallback
4.96,0.03835744606975666,0.004367449716717764,0.03835744606975666,0.004367449716717764,0.03835744606975666,0.004367449716717764,5.438357446069758,0.08673448953205942,5.400000000000001,0.08236703981534166,0.0,0.0,Vmag_get_voltage_magnitude_series__angle_get_voltage_angle_series,true,SG,Ybus EMT reconstruction using exact complex bus-voltage phasors when available; otherwise diagnostic fallback
4.97,0.03835962140865057,0.0043681449249016735,0.03835962140865057,0.0043681449249016735,0.03835962140865057,0.0043681449249016735,5.438359621408652,0.08673518474024333,5.400000000000001,0.08236703981534166,0.0,0.0,Vmag_get_voltage_magnitude_series__angle_get_voltage_angle_series,true,SG,Ybus EMT reconstruction using exact complex bus-voltage phasors when available; otherwise diagnostic fallback
4.98,0.03836177907933802,0.004368858655926289,0.03836177907933802,0.004368858655926289,0.03836177907933802,0.004368858655926289,5.438361779079339,0.08673589847126795,5.400000000000001,0.08236703981534166,0.0,0.0,Vmag_get_voltage_magnitude_series__angle_get_voltage_angle_series,true,SG,Ybus EMT reconstruction using exact complex bus-voltage phasors when available; otherwise diagnostic fallback
4.99,0.03836391902653524,0.004369590667986367,0.03836391902653524,0.004369590667986367,0.03836391902653524,0.004369590667986367,5.4383639190265365,0.08673663048332803,5.400000000000001,0.08236703981534166,0.0,0.0,Vmag_get_voltage_magnitude_series__angle_get_voltage_angle_series,true,SG,Ybus EMT reconstruction using exact complex bus-voltage phasors when available; otherwise diagnostic fallback
5.0,0.03836604120077247,0.0043703407218809165,0.03836604120077247,0.0043703407218809165,0.03836604120077247,0.0043703407218809165,5.438366041200774,0.08673738053722257,5.400000000000001,0.08236703981534166,0.0,0.0,Vmag_get_voltage_magnitude_series__angle_get_voltage_angle_series,true,SG,Ybus EMT reconstruction using exact complex bus-voltage phasors when available; otherwise diagnostic fallback
5.01,0.03836814555779888,0.004371108581240457,0.03836814555779888,0.004371108581240457,0.03836814555779888,0.004371108581240457,5.4383681455578,0.08673814839658212,5.400000000000001,0.08236703981534166,0.0,0.0,Vmag_get_voltage_magnitude_series__angle_get_voltage_angle_series,true,SG,Ybus EMT reconstruction using exact complex bus-voltage phasors when available; otherwise diagnostic fallback
5.02,0.038370232057900466,0.004371894012351607,0.038370232057900466,0.004371894012351607,0.038370232057900466,0.004371894012351607,5.438370232057902,0.08673893382769327,5.400000000000001,0.08236703981534166,0.0,0.0,Vmag_get_voltage_magnitude_series__angle_get_voltage_angle_series,true,SG,Ybus EMT reconstruction using exact complex bus-voltage phasors when available; otherwise diagnostic fallback
5.03,0.038372300665257875,0.004372696784164742,0.038372300665257875,0.004372696784164742,0.038372300665257875,0.004372696784164742,5.438372300665259,0.0867397365995064,5.400000000000001,0.08236703981534166,0.0,0.0,Vmag_get_voltage_magnitude_series__angle_get_voltage_angle_series,true,SG,Ybus EMT reconstruction using exact complex bus-voltage phasors when available; otherwise diagnostic fallback
5.04,0.03837435134736644,0.004373516668134569,0.03837435134736644,0.004373516668134569,0.03837435134736644,0.004373516668134569,5.438374351347368,0.08674055648347623,5.400000000000001,0.08236703981534166,0.0,0.0,Vmag_get_voltage_magnitude_series__angle_get_voltage_angle_series,true,SG,Ybus EMT reconstruction using exact complex bus-voltage phasors when available; otherwise diagnostic fallback
5.05,0.0383763840743212,0.004374353438370893,0.0383763840743212,0.004374353438370893,0.0383763840743212,0.004374353438370893,5.4383763840743224,0.08674139325371255,5.400000000000001,0.08236703981534166,0.0,0.0,Vmag_get_voltage_magnitude_series__angle_get_voltage_angle_series,true,SG,Ybus EMT reconstruction using exact complex bus-voltage phasors when available; otherwise diagnostic fallback
5.06,0.03837839881848204,0.004375206871416237,0.03837839881848204,0.004375206871416237,0.03837839881848204,0.004375206871416237,5.438378398818483,0.0867422466867579,5.400000000000001,0.08236703981534166,0.0,0.0,Vmag_get_voltage_magnitude_series__angle_get_voltage_angle_series,true,SG,Ybus EMT reconstruction using exact complex bus-voltage phasors when available; otherwise diagnostic fallback
5.07,0.03838039555367079,0.004376076746346214,0.03838039555367079,0.004376076746346214,0.03838039555367079,0.004376076746346214,5.438380395553672,0.08674311656168787,5.400000000000001,0.08236703981534166,0.0,0.0,Vmag_get_voltage_magnitude_series__angle_get_voltage_angle_series,true,SG,Ybus EMT reconstruction using exact complex bus-voltage phasors when available; otherwise diagnostic fallback
5.08,0.038382374254878115,0.004376962844652388,0.038382374254878115,0.004376962844652388,0.038382374254878115,0.004376962844652388,5.438382374254879,0.08674400265999405,5.400000000000001,0.08236703981534166,0.0,0.0,Vmag_get_voltage_magnitude_series__angle_get_voltage_angle_series,true,SG,Ybus EMT reconstruction using exact complex bus-voltage phasors when available; otherwise diagnostic fallback
5.09,0.038384334897690664,0.004377864950195431,0.038384334897690664,0.004377864950195431,0.038384334897690664,0.004377864950195431,5.438384334897692,0.08674490476553709,5.400000000000001,0.08236703981534166,0.0,0.0,Vmag_get_voltage_magnitude_series__angle_get_voltage_angle_series,true,SG,Ybus EMT reconstruction using exact complex bus-voltage phasors when available; otherwise diagnostic fallback
5.1,0.03838627745795886,0.004378782849188689,0.03838627745795886,0.004378782849188689,0.03838627745795886,0.004378782849188689,5.43838627745796,0.08674582266453035,5.400000000000001,0.08236703981534166,0.0,0.0,Vmag_get_voltage_magnitude_series__angle_get_voltage_angle_series,true,SG,Ybus EMT reconstruction using exact complex bus-voltage phasors when available; otherwise diagnostic fallback
5.11,0.03838820191141856,0.0043797163302052855,0.03838820191141856,0.0043797163302052855,0.03838820191141856,0.0043797163302052855,5.43838820191142,0.08674675614554694,5.400000000000001,0.08236703981534166,0.0,0.0,Vmag_get_voltage_magnitude_series__angle_get_voltage_angle_series,true,SG,Ybus EMT reconstruction using exact complex bus-voltage phasors when available; otherwise diagnostic fallback
5.12,0.03839010823331268,0.004380665183990273,0.03839010823331268,0.004380665183990273,0.03839010823331268,0.004380665183990273,5.438390108233314,0.08674770499933193,5.400000000000001,0.08236703981534166,0.0,0.0,Vmag_get_voltage_magnitude_series__angle_get_voltage_angle_series,true,SG,Ybus EMT reconstruction using exact complex bus-voltage phasors when available; otherwise diagnostic fallback
5.13,0.038391996398126516,0.004381629203617288,0.038391996398126516,0.004381629203617288,0.038391996398126516,0.004381629203617288,5.438391996398128,0.08674866901895895,5.400000000000001,0.08236703981534166,0.0,0.0,Vmag_get_voltage_magnitude_series__angle_get_voltage_angle_series,true,SG,Ybus EMT reconstruction using exact complex bus-voltage phasors when available; otherwise diagnostic fallback
5.14,0.03839386637943232,0.0043826081842888165,0.03839386637943232,0.0043826081842888165,0.03839386637943232,0.0043826081842888165,5.438393866379434,0.08674964799963047,5.400000000000001,0.08236703981534166,0.0,0.0,Vmag_get_voltage_magnitude_series__angle_get_voltage_angle_series,true,SG,Ybus EMT reconstruction using exact complex bus-voltage phasors when available; otherwise diagnostic fallback
5.15,0.03839571814959619,0.004383601923406255,0.03839571814959619,0.004383601923406255,0.03839571814959619,0.004383601923406255,5.438395718149597,0.08675064173874791,5.400000000000001,0.08236703981534166,0.0,0.0,Vmag_get_voltage_magnitude_series__angle_get_voltage_angle_series,true,SG,Ybus EMT reconstruction using exact complex bus-voltage phasors when available; otherwise diagnostic fallback
5.16,0.038397551679672404,0.004384610220508178,0.038397551679672404,0.004384610220508178,0.038397551679672404,0.004384610220508178,5.438397551679674,0.08675165003584984,5.400000000000001,0.08236703981534166,0.0,0.0,Vmag_get_voltage_magnitude_series__angle_get_voltage_angle_series,true,SG,Ybus EMT reconstruction using exact complex bus-voltage phasors when available; otherwise diagnostic fallback
5.17,0.03839936693931367,0.004385632877144885,0.03839936693931367,0.004385632877144885,0.03839936693931367,0.004385632877144885,5.438399366939315,0.08675267269248654,5.400000000000001,0.08236703981534166,0.0,0.0,Vmag_get_voltage_magnitude_series__angle_get_voltage_angle_series,true,SG,Ybus EMT reconstruction using exact complex bus-voltage phasors when available; otherwise diagnostic fallback
5.18,0.038401163896687684,0.004386669696910261,0.038401163896687684,0.004386669696910261,0.038401163896687684,0.004386669696910261,5.438401163896689,0.08675370951225192,5.400000000000001,0.08236703981534166,0.0,0.0,Vmag_get_voltage_magnitude_series__angle_get_voltage_angle_series,true,SG,Ybus EMT reconstruction using exact complex bus-voltage phasors when available; otherwise diagnostic fallback
5.19,0.03840294251844778,0.004387720485620528,0.03840294251844778,0.004387720485620528,0.03840294251844778,0.004387720485620528,5.438402942518449,0.08675476030096219,5.400000000000001,0.08236703981534166,0.0,0.0,Vmag_get_voltage_magnitude_series__angle_get_voltage_angle_series,true,SG,Ybus EMT reconstruction using exact complex bus-voltage phasors when available; otherwise diagnostic fallback
5.2,0.038404702769763155,0.004388785050871924,0.038404702769763155,0.004388785050871924,0.038404702769763155,0.004388785050871924,5.438404702769764,0.08675582486621358,5.400000000000001,0.08236703981534166,0.0,0.0,Vmag_get_voltage_magnitude_series__angle_get_voltage_angle_series,true,SG,Ybus EMT reconstruction using exact complex bus-voltage phasors when available; otherwise diagnostic fallback
5.21,0.03840644461437126,0.00438986320232182,0.03840644461437126,0.00438986320232182,0.03840644461437126,0.00438986320232182,5.4384064446143725,0.08675690301766348,5.400000000000001,0.08236703981534166,0.0,0.0,Vmag_get_voltage_magnitude_series__angle_get_voltage_angle_series,true,SG,Ybus EMT reconstruction using exact complex bus-voltage phasors when available; otherwise diagnostic fallback
5.22,0.03840816801467284,0.0043909547515632585,0.03840816801467284,0.0043909547515632585,0.03840816801467284,0.0043909547515632585,5.438408168014674,0.08675799456690492,5.400000000000001,0.08236703981534166,0.0,0.0,Vmag_get_voltage_magnitude_series__angle_get_voltage_angle_series,true,SG,Ybus EMT reconstruction using exact complex bus-voltage phasors when available; otherwise diagnostic fallback
5.23,0.038409872931804756,0.004392059512074442,0.038409872931804756,0.004392059512074442,0.038409872931804756,0.004392059512074442,5.438409872931806,0.0867590993274161,5.400000000000001,0.08236703981534166,0.0,0.0,Vmag_get_voltage_magnitude_series__angle_get_voltage_angle_series,true,SG,Ybus EMT reconstruction using exact complex bus-voltage phasors when available; otherwise diagnostic fallback
5.24,0.03841155932582385,0.004393177299322093,0.03841155932582385,0.004393177299322093,0.03841155932582385,0.004393177299322093,5.438411559325825,0.08676021711466375,5.400000000000001,0.08236703981534166,0.0,0.0,Vmag_get_voltage_magnitude_series__angle_get_voltage_angle_series,true,SG,Ybus EMT reconstruction using exact complex bus-voltage phasors when available; otherwise diagnostic fallback
5.25,0.038413227155881025,0.004394307930613239,0.038413227155881025,0.004394307930613239,0.038413227155881025,0.004394307930613239,5.438413227155882,0.0867613477459549,5.400000000000001,0.08236703981534166,0.0,0.0,Vmag_get_voltage_magnitude_series__angle_get_voltage_angle_series,true,SG,Ybus EMT reconstruction using exact complex bus-voltage phasors when available; otherwise diagnostic fallback
5.26,0.038414876380428176,0.004395451225035263,0.038414876380428176,0.004395451225035263,0.038414876380428176,0.004395451225035263,5.438414876380429,0.08676249104037692,5.400000000000001,0.08236703981534166,0.0,0.0,Vmag_get_voltage_magnitude_series__angle_get_voltage_angle_series,true,SG,Ybus EMT reconstruction using exact complex bus-voltage phasors when available; otherwise diagnostic fallback
5.27,0.03841650695729992,0.004396607003614328,0.03841650695729992,0.004396607003614328,0.03841650695729992,0.004396607003614328,5.438416506957301,0.08676364681895599,5.400000000000001,0.08236703981534166,0.0,0.0,Vmag_get_voltage_magnitude_series__angle_get_voltage_angle_series,true,SG,Ybus EMT reconstruction using exact complex bus-voltage phasors when available; otherwise diagnostic fallback
5.28,0.0384181188441417,0.004397775089157729,0.0384181188441417,0.004397775089157729,0.0384181188441417,0.004397775089157729,5.438418118844143,0.08676481490449939,5.400000000000001,0.08236703981534166,0.0,0.0,Vmag_get_voltage_magnitude_series__angle_get_voltage_angle_series,true,SG,Ybus EMT reconstruction using exact complex bus-voltage phasors when available; otherwise diagnostic fallback
5.29,0.03841971199850569,0.004398955306308516,0.03841971199850569,0.004398955306308516,0.03841971199850569,0.004398955306308516,5.438419711998507,0.08676599512165017,5.400000000000001,0.08236703981534166,0.0,0.0,Vmag_get_voltage_magnitude_series__angle_get_voltage_angle_series,true,SG,Ybus EMT reconstruction using exact complex bus-voltage phasors when available; otherwise diagnostic fallback
5.3,0.03842128637819098,0.004400147481480765,0.03842128637819098,0.004400147481480765,0.03842128637819098,0.004400147481480765,5.438421286378192,0.08676718729682242,5.400000000000001,0.08236703981534166,0.0,0.0,Vmag_get_voltage_magnitude_series__angle_get_voltage_angle_series,true,SG,Ybus EMT reconstruction using exact complex bus-voltage phasors when available; otherwise diagnostic fallback
5.31,0.03842284194136791,0.004401351442885226,0.03842284194136791,0.004401351442885226,0.03842284194136791,0.004401351442885226,5.438422841941369,0.08676839125822688,5.400000000000001,0.08236703981534166,0.0,0.0,Vmag_get_voltage_magnitude_series__angle_get_voltage_angle_series,true,SG,Ybus EMT reconstruction using exact complex bus-voltage phasors when available; otherwise diagnostic fallback
5.32,0.03842437864701065,0.004402567020491133,0.03842437864701065,0.004402567020491133,0.03842437864701065,0.004402567020491133,5.438424378647012,0.08676960683583279,5.400000000000001,0.08236703981534166,0.0,0.0,Vmag_get_voltage_magnitude_series__angle_get_voltage_angle_series,true,SG,Ybus EMT reconstruction using exact complex bus-voltage phasors when available; otherwise diagnostic fallback
5.33,0.03842589645509431,0.0044037940460534,0.03842589645509431,0.0044037940460534,0.03842589645509431,0.0044037940460534,5.4384258964550956,0.08677083386139506,5.400000000000001,0.08236703981534166,0.0,0.0,Vmag_get_voltage_magnitude_series__angle_get_voltage_angle_series,true,SG,Ybus EMT reconstruction using exact complex bus-voltage phasors when available; otherwise diagnostic fallback
5.34,0.03842739532678063,0.00440503235306855,0.03842739532678063,0.00440503235306855,0.03842739532678063,0.00440503235306855,5.438427395326782,0.08677207216841021,5.400000000000001,0.08236703981534166,0.0,0.0,Vmag_get_voltage_magnitude_series__angle_get_voltage_angle_series,true,SG,Ybus EMT reconstruction using exact complex bus-voltage phasors when available; otherwise diagnostic fallback
5.35,0.038428875224808756,0.004406281776766052,0.038428875224808756,0.004406281776766052,0.038428875224808756,0.004406281776766052,5.43842887522481,0.08677332159210771,5.400000000000001,0.08236703981534166,0.0,0.0,Vmag_get_voltage_magnitude_series__angle_get_voltage_angle_series,true,SG,Ybus EMT reconstruction using exact complex bus-voltage phasors when available; otherwise diagnostic fallback
5.36,0.03843033611370217,0.00440754215417738,0.03843033611370217,0.00440754215417738,0.03843033611370217,0.00440754215417738,5.438430336113703,0.08677458196951904,5.400000000000001,0.08236703981534166,0.0,0.0,Vmag_get_voltage_magnitude_series__angle_get_voltage_angle_series,true,SG,Ybus EMT reconstruction using exact complex bus-voltage phasors when available; otherwise diagnostic fallback
5.37,0.038431777959941016,0.004408813323941607,0.038431777959941016,0.004408813323941607,0.038431777959941016,0.004408813323941607,5.438431777959942,0.08677585313928327,5.400000000000001,0.08236703981534166,0.0,0.0,Vmag_get_voltage_magnitude_series__angle_get_voltage_angle_series,true,SG,Ybus EMT reconstruction using exact complex bus-voltage phasors when available; otherwise diagnostic fallback
5.38,0.03843320073229961,0.004410095126556435,0.03843320073229961,0.004410095126556435,0.03843320073229961,0.004410095126556435,5.438433200732301,0.0867771349418981,5.400000000000001,0.08236703981534166,0.0,0.0,Vmag_get_voltage_magnitude_series__angle_get_voltage_angle_series,true,SG,Ybus EMT reconstruction using exact complex bus-voltage phasors when available; otherwise diagnostic fallback
5.39,0.038434604402042716,0.0044113874041193935,0.038434604402042716,0.0044113874041193935,0.038434604402042716,0.0044113874041193935,5.438434604402044,0.08677842721946105,5.400000000000001,0.08236703981534166,0.0,0.0,Vmag_get_voltage_magnitude_series__angle_get_voltage_angle_series,true,SG,Ybus EMT reconstruction using exact complex bus-voltage phasors when available; otherwise diagnostic fallback
5.4,0.038435988943088084,0.004412690000492936,0.038435988943088084,0.004412690000492936,0.038435988943088084,0.004412690000492936,5.438435988943089,0.0867797298158346,5.400000000000001,0.08236703981534166,0.0,0.0,Vmag_get_voltage_magnitude_series__angle_get_voltage_angle_series,true,SG,Ybus EMT reconstruction using exact complex bus-voltage phasors when available; otherwise diagnostic fallback
5.41,0.03843735433224005,0.004414002761300662,0.03843735433224005,0.004414002761300662,0.03843735433224005,0.004414002761300662,5.438437354332241,0.08678104257664232,5.400000000000001,0.08236703981534166,0.0,0.0,Vmag_get_voltage_magnitude_series__angle_get_voltage_angle_series,true,SG,Ybus EMT reconstruction using exact complex bus-voltage phasors when available; otherwise diagnostic fallback
5.42,0.03843870054936982,0.00441532553375823,0.03843870054936982,0.00441532553375823,0.03843870054936982,0.00441532553375823,5.438438700549371,0.08678236534909989,5.400000000000001,0.08236703981534166,0.0,0.0,Vmag_get_voltage_magnitude_series__angle_get_voltage_angle_series,true,SG,Ybus EMT reconstruction using exact complex bus-voltage phasors when available; otherwise diagnostic fallback
5.43,0.03844002757754428,0.004416658166855991,0.03844002757754428,0.004416658166855991,0.03844002757754428,0.004416658166855991,5.4384400275775455,0.08678369798219765,5.400000000000001,0.08236703981534166,0.0,0.0,Vmag_get_voltage_magnitude_series__angle_get_voltage_angle_series,true,SG,Ybus EMT reconstruction using exact complex bus-voltage phasors when available; otherwise diagnostic fallback
5.44,0.038441335403240906,0.004418000511239639,0.038441335403240906,0.004418000511239639,0.038441335403240906,0.004418000511239639,5.438441335403242,0.0867850403265813,5.400000000000001,0.08236703981534166,0.0,0.0,Vmag_get_voltage_magnitude_series__angle_get_voltage_angle_series,true,SG,Ybus EMT reconstruction using exact complex bus-voltage phasors when available; otherwise diagnostic fallback
5.45,0.03844262401634868,0.004419352419215761,0.03844262401634868,0.004419352419215761,0.03844262401634868,0.004419352419215761,5.43844262401635,0.08678639223455742,5.400000000000001,0.08236703981534166,0.0,0.0,Vmag_get_voltage_magnitude_series__angle_get_voltage_angle_series,true,SG,Ybus EMT reconstruction using exact complex bus-voltage phasors when available; otherwise diagnostic fallback
5.46,0.038443893410406105,0.004420713744844318,0.038443893410406105,0.004420713744844318,0.038443893410406105,0.004420713744844318,5.438443893410407,0.08678775356018598,5.400000000000001,0.08236703981534166,0.0,0.0,Vmag_get_voltage_magnitude_series__angle_get_voltage_angle_series,true,SG,Ybus EMT reconstruction using exact complex bus-voltage phasors when available; otherwise diagnostic fallback
5.47,0.03844514358255946,0.004422084343729926,0.03844514358255946,0.004422084343729926,0.03844514358255946,0.004422084343729926,5.438445143582561,0.08678912415907158,5.400000000000001,0.08236703981534166,0.0,0.0,Vmag_get_voltage_magnitude_series__angle_get_voltage_angle_series,true,SG,Ybus EMT reconstruction using exact complex bus-voltage phasors when available; otherwise diagnostic fallback
5.48,0.038446374533736005,0.004423464073283756,0.038446374533736005,0.004423464073283756,0.038446374533736005,0.004423464073283756,5.438446374533737,0.08679050388862541,5.400000000000001,0.08236703981534166,0.0,0.0,Vmag_get_voltage_magnitude_series__angle_get_voltage_angle_series,true,SG,Ybus EMT reconstruction using exact complex bus-voltage phasors when available; otherwise diagnostic fallback
5.49,0.038447586268595124,0.0044248527924939385,0.038447586268595124,0.0044248527924939385,0.038447586268595124,0.0044248527924939385,5.438447586268596,0.0867918926078356,5.400000000000001,0.08236703981534166,0.0,0.0,Vmag_get_voltage_magnitude_series__angle_get_voltage_angle_series,true,SG,Ybus EMT reconstruction using exact complex bus-voltage phasors when available; otherwise diagnostic fallback
5.5,0.0384487787956278,0.004426250361988182,0.0384487787956278,0.004426250361988182,0.0384487787956278,0.004426250361988182,5.438448778795629,0.08679329017732984,5.400000000000001,0.08236703981534166,0.0,0.0,Vmag_get_voltage_magnitude_series__angle_get_voltage_angle_series,true,SG,Ybus EMT reconstruction using exact complex bus-voltage phasors when available; otherwise diagnostic fallback
5.51,0.03844995212705982,0.004427656644071409,0.03844995212705982,0.004427656644071409,0.03844995212705982,0.004427656644071409,5.438449952127061,0.08679469645941307,5.400000000000001,0.08236703981534166,0.0,0.0,Vmag_get_voltage_magnitude_series__angle_get_voltage_angle_series,true,SG,Ybus EMT reconstruction using exact complex bus-voltage phasors when available; otherwise diagnostic fallback
5.52,0.0384511062789743,0.004429071502642157,0.0384511062789743,0.004429071502642157,0.0384511062789743,0.004429071502642157,5.4384511062789755,0.08679611131798382,5.400000000000001,0.08236703981534166,0.0,0.0,Vmag_get_voltage_magnitude_series__angle_get_voltage_angle_series,true,SG,Ybus EMT reconstruction using exact complex bus-voltage phasors when available; otherwise diagnostic fallback
5.53,0.03845224127116875,0.0044304948032546365,0.03845224127116875,0.0044304948032546365,0.03845224127116875,0.0044304948032546365,5.43845224127117,0.0867975346185963,5.400000000000001,0.08236703981534166,0.0,0.0,Vmag_get_voltage_magnitude_series__angle_get_voltage_angle_series,true,SG,Ybus EMT reconstruction using exact complex bus-voltage phasors when available; otherwise diagnostic fallback
5.54,0.03845335712711595,0.004431926413121512,0.03845335712711595,0.004431926413121512,0.03845335712711595,0.004431926413121512,5.438453357127117,0.08679896622846317,5.400000000000001,0.08236703981534166,0.0,0.0,Vmag_get_voltage_magnitude_series__angle_get_voltage_angle_series,true,SG,Ybus EMT reconstruction using exact complex bus-voltage phasors when available; otherwise diagnostic fallback
5.55,0.03845445387398083,0.004433366200951916,0.03845445387398083,0.004433366200951916,0.03845445387398083,0.004433366200951916,5.438454453873982,0.08680040601629357,5.400000000000001,0.08236703981534166,0.0,0.0,Vmag_get_voltage_magnitude_series__angle_get_voltage_angle_series,true,SG,Ybus EMT reconstruction using exact complex bus-voltage phasors when available; otherwise diagnostic fallback
5.56,0.03845553154244907,0.004434814037109436,0.03845553154244907,0.004434814037109436,0.03845553154244907,0.004434814037109436,5.43845553154245,0.0868018538524511,5.400000000000001,0.08236703981534166,0.0,0.0,Vmag_get_voltage_magnitude_series__angle_get_voltage_angle_series,true,SG,Ybus EMT reconstruction using exact complex bus-voltage phasors when available; otherwise diagnostic fallback
5.57,0.0384565901666889,0.0044362697935339535,0.0384565901666889,0.0044362697935339535,0.0384565901666889,0.0044362697935339535,5.43845659016669,0.08680330960887561,5.400000000000001,0.08236703981534166,0.0,0.0,Vmag_get_voltage_magnitude_series__angle_get_voltage_angle_series,true,SG,Ybus EMT reconstruction using exact complex bus-voltage phasors when available; otherwise diagnostic fallback
5.58,0.03845762978424272,0.004437733343758521,0.03845762978424272,0.004437733343758521,0.03845762978424272,0.004437733343758521,5.438457629784244,0.08680477315910018,5.400000000000001,0.08236703981534166,0.0,0.0,Vmag_get_voltage_magnitude_series__angle_get_voltage_angle_series,true,SG,Ybus EMT reconstruction using exact complex bus-voltage phasors when available; otherwise diagnostic fallback
5.59,0.03845865043586105,0.004439204562778354,0.03845865043586105,0.004439204562778354,0.03845865043586105,0.004439204562778354,5.438458650435862,0.08680624437812001,5.400000000000001,0.08236703981534166,0.0,0.0,Vmag_get_voltage_magnitude_series__angle_get_voltage_angle_series,true,SG,Ybus EMT reconstruction using exact complex bus-voltage phasors when available; otherwise diagnostic fallback
5.6,0.03845965216543856,0.004440683327304851,0.03845965216543856,0.004440683327304851,0.03845965216543856,0.004440683327304851,5.43845965216544,0.08680772314264651,5.400000000000001,0.08236703981534166,0.0,0.0,Vmag_get_voltage_magnitude_series__angle_get_voltage_angle_series,true,SG,Ybus EMT reconstruction using exact complex bus-voltage phasors when available; otherwise diagnostic fallback
5.61,0.038460635019853306,0.004442169515419758,0.038460635019853306,0.004442169515419758,0.038460635019853306,0.004442169515419758,5.4384606350198545,0.08680920933076142,5.400000000000001,0.08236703981534166,0.0,0.0,Vmag_get_voltage_magnitude_series__angle_get_voltage_angle_series,true,SG,Ybus EMT reconstruction using exact complex bus-voltage phasors when available; otherwise diagnostic fallback
5.62,0.038461599048843276,0.0044436630067844485,0.038461599048843276,0.0044436630067844485,0.038461599048843276,0.0044436630067844485,5.4384615990488445,0.0868107028221261,5.400000000000001,0.08236703981534166,0.0,0.0,Vmag_get_voltage_magnitude_series__angle_get_voltage_angle_series,true,SG,Ybus EMT reconstruction using exact complex bus-voltage phasors when available; otherwise diagnostic fallback
5.63,0.038462544304835866,0.004445163682579523,0.038462544304835866,0.004445163682579523,0.038462544304835866,0.004445163682579523,5.438462544304837,0.08681220349792118,5.400000000000001,0.08236703981534166,0.0,0.0,Vmag_get_voltage_magnitude_series__angle_get_voltage_angle_series,true,SG,Ybus EMT reconstruction using exact complex bus-voltage phasors when available; otherwise diagnostic fallback
5.64,0.03846347084277024,0.0044466714254464135,0.03846347084277024,0.0044466714254464135,0.03846347084277024,0.0044466714254464135,5.4384634708427715,0.08681371124078807,5.400000000000001,0.08236703981534166,0.0,0.0,Vmag_get_voltage_magnitude_series__angle_get_voltage_angle_series,true,SG,Ybus EMT reconstruction using exact complex bus-voltage phasors when available; otherwise diagnostic fallback
5.65,0.038464378720059145,0.004448186119431874,0.038464378720059145,0.004448186119431874,0.038464378720059145,0.004448186119431874,5.43846437872006,0.08681522593477353,5.400000000000001,0.08236703981534166,0.0,0.0,Vmag_get_voltage_magnitude_series__angle_get_voltage_angle_series,true,SG,Ybus EMT reconstruction using exact complex bus-voltage phasors when available; otherwise diagnostic fallback
5.66,0.03846526799625671,0.004449707650221568,0.03846526799625671,0.004449707650221568,0.03846526799625671,0.004449707650221568,5.438465267996258,0.08681674746556323,5.400000000000001,0.08236703981534166,0.0,0.0,Vmag_get_voltage_magnitude_series__angle_get_voltage_angle_series,true,SG,Ybus EMT reconstruction using exact complex bus-voltage phasors when available; otherwise diagnostic fallback
5.67,0.038466138733063815,0.004451235904808115,0.038466138733063815,0.004451235904808115,0.038466138733063815,0.004451235904808115,5.438466138733065,0.08681827572014977,5.400000000000001,0.08236703981534166,0.0,0.0,Vmag_get_voltage_magnitude_series__angle_get_voltage_angle_series,true,SG,Ybus EMT reconstruction using exact complex bus-voltage phasors when available; otherwise diagnostic fallback
5.68,0.03846699099412465,0.0044527707715930065,0.03846699099412465,0.0044527707715930065,0.03846699099412465,0.0044527707715930065,5.438466990994126,0.08681981058693466,5.400000000000001,0.08236703981534166,0.0,0.0,Vmag_get_voltage_magnitude_series__angle_get_voltage_angle_series,true,SG,Ybus EMT reconstruction using exact complex bus-voltage phasors when available; otherwise diagnostic fallback
5.69,0.038467824844821585,0.004454312140442007,0.038467824844821585,0.004454312140442007,0.038467824844821585,0.004454312140442007,5.438467824844823,0.08682135195578367,5.400000000000001,0.08236703981534166,0.0,0.0,Vmag_get_voltage_magnitude_series__angle_get_voltage_angle_series,true,SG,Ybus EMT reconstruction using exact complex bus-voltage phasors when available; otherwise diagnostic fallback
5.7,0.038468640352189,0.004455859902612658,0.038468640352189,0.004455859902612658,0.038468640352189,0.004455859902612658,5.43846864035219,0.08682289971795432,5.400000000000001,0.08236703981534166,0.0,0.0,Vmag_get_voltage_magnitude_series__angle_get_voltage_angle_series,true,SG,Ybus EMT reconstruction using exact complex bus-voltage phasors when available; otherwise diagnostic fallback
5.71,0.038469437584749855,0.004457413950681555,0.038469437584749855,0.004457413950681555,0.038469437584749855,0.004457413950681555,5.438469437584751,0.08682445376602321,5.400000000000001,0.08236703981534166,0.0,0.0,Vmag_get_voltage_magnitude_series__angle_get_voltage_angle_series,true,SG,Ybus EMT reconstruction using exact complex bus-voltage phasors when available; otherwise diagnostic fallback
5.72,0.0384702166123434,0.0044589741786739134,0.0384702166123434,0.0044589741786739134,0.0384702166123434,0.0044589741786739134,5.438470216612345,0.08682601399401557,5.400000000000001,0.08236703981534166,0.0,0.0,Vmag_get_voltage_magnitude_series__angle_get_voltage_angle_series,true,SG,Ybus EMT reconstruction using exact complex bus-voltage phasors when available; otherwise diagnostic fallback
5.73,0.038470977506068316,0.0044605404818189864,0.038470977506068316,0.0044605404818189864,0.038470977506068316,0.0044605404818189864,5.43847097750607,0.08682758029716064,5.400000000000001,0.08236703981534166,0.0,0.0,Vmag_get_voltage_magnitude_series__angle_get_voltage_angle_series,true,SG,Ybus EMT reconstruction using exact complex bus-voltage phasors when available; otherwise diagnostic fallback
5.74,0.03847172033807755,0.004462112756823511,0.03847172033807755,0.004462112756823511,0.03847172033807755,0.004462112756823511,5.438471720338079,0.08682915257216517,5.400000000000001,0.08236703981534166,0.0,0.0,Vmag_get_voltage_magnitude_series__angle_get_voltage_angle_series,true,SG,Ybus EMT reconstruction using exact complex bus-voltage phasors when available; otherwise diagnostic fallback
5.75,0.03847244518153037,0.004463690901557182,0.03847244518153037,0.004463690901557182,0.03847244518153037,0.004463690901557182,5.438472445181532,0.08683073071689884,5.400000000000001,0.08236703981534166,0.0,0.0,Vmag_get_voltage_magnitude_series__angle_get_voltage_angle_series,true,SG,Ybus EMT reconstruction using exact complex bus-voltage phasors when available; otherwise diagnostic fallback
5.76,0.038473152110353404,0.004465274815337761,0.038473152110353404,0.004465274815337761,0.038473152110353404,0.004465274815337761,5.438473152110355,0.08683231463067942,5.400000000000001,0.08236703981534166,0.0,0.0,Vmag_get_voltage_magnitude_series__angle_get_voltage_angle_series,true,SG,Ybus EMT reconstruction using exact complex bus-voltage phasors when available; otherwise diagnostic fallback
5.77,0.03847384119935704,0.004466864398560033,0.03847384119935704,0.004466864398560033,0.03847384119935704,0.004466864398560033,5.438473841199358,0.08683390421390169,5.400000000000001,0.08236703981534166,0.0,0.0,Vmag_get_voltage_magnitude_series__angle_get_voltage_angle_series,true,SG,Ybus EMT reconstruction using exact complex bus-voltage phasors when available; otherwise diagnostic fallback
5.78,0.038474512523893445,0.004468459553020332,0.038474512523893445,0.004468459553020332,0.038474512523893445,0.004468459553020332,5.438474512523895,0.08683549936836199,5.400000000000001,0.08236703981534166,0.0,0.0,Vmag_get_voltage_magnitude_series__angle_get_voltage_angle_series,true,SG,Ybus EMT reconstruction using exact complex bus-voltage phasors when available; otherwise diagnostic fallback
5.79,0.038475166159956053,0.004470060181742896,0.038475166159956053,0.004470060181742896,0.038475166159956053,0.004470060181742896,5.438475166159957,0.08683709999708455,5.400000000000001,0.08236703981534166,0.0,0.0,Vmag_get_voltage_magnitude_series__angle_get_voltage_angle_series,true,SG,Ybus EMT reconstruction using exact complex bus-voltage phasors when available; otherwise diagnostic fallback
5.8,0.03847580218397617,0.004471666188894496,0.03847580218397617,0.004471666188894496,0.03847580218397617,0.004471666188894496,5.438475802183977,0.08683870600423615,5.400000000000001,0.08236703981534166,0.0,0.0,Vmag_get_voltage_magnitude_series__angle_get_voltage_angle_series,true,SG,Ybus EMT reconstruction using exact complex bus-voltage phasors when available; otherwise diagnostic fallback
5.81,0.038476420672896694,0.004473277479907112,0.038476420672896694,0.004473277479907112,0.038476420672896694,0.004473277479907112,5.438476420672898,0.08684031729524877,5.400000000000001,0.08236703981534166,0.0,0.0,Vmag_get_voltage_magnitude_series__angle_get_voltage_angle_series,true,SG,Ybus EMT reconstruction using exact complex bus-voltage phasors when available; otherwise diagnostic fallback
5.82,0.038477021703930525,0.004474893961366022,0.038477021703930525,0.004474893961366022,0.038477021703930525,0.004474893961366022,5.438477021703932,0.08684193377670768,5.400000000000001,0.08236703981534166,0.0,0.0,Vmag_get_voltage_magnitude_series__angle_get_voltage_angle_series,true,SG,Ybus EMT reconstruction using exact complex bus-voltage phasors when available; otherwise diagnostic fallback
5.83,0.038477605354667155,0.004476515541105508,0.038477605354667155,0.004476515541105508,0.038477605354667155,0.004476515541105508,5.438477605354668,0.08684355535644717,5.400000000000001,0.08236703981534166,0.0,0.0,Vmag_get_voltage_magnitude_series__angle_get_voltage_angle_series,true,SG,Ybus EMT reconstruction using exact complex bus-voltage phasors when available; otherwise diagnostic fallback
5.84,0.03847817170299894,0.004478142128012674,0.03847817170299894,0.004478142128012674,0.03847817170299894,0.004478142128012674,5.438478171703,0.08684518194335433,5.400000000000001,0.08236703981534166,0.0,0.0,Vmag_get_voltage_magnitude_series__angle_get_voltage_angle_series,true,SG,Ybus EMT reconstruction using exact complex bus-voltage phasors when available; otherwise diagnostic fallback
5.85,0.03847872082698878,0.0044797736321513515,0.03847872082698878,0.0044797736321513515,0.03847872082698878,0.0044797736321513515,5.43847872082699,0.08684681344749301,5.400000000000001,0.08236703981534166,0.0,0.0,Vmag_get_voltage_magnitude_series__angle_get_voltage_angle_series,true,SG,Ybus EMT reconstruction using exact complex bus-voltage phasors when available; otherwise diagnostic fallback
5.86,0.03847925280498821,0.004481409964772642,0.03847925280498821,0.004481409964772642,0.03847925280498821,0.004481409964772642,5.4384792528049894,0.0868484497801143,5.400000000000001,0.08236703981534166,0.0,0.0,Vmag_get_voltage_magnitude_series__angle_get_voltage_angle_series,true,SG,Ybus EMT reconstruction using exact complex bus-voltage phasors when available; otherwise diagnostic fallback
5.87,0.03847976771554329,0.004483051038188246,0.03847976771554329,0.004483051038188246,0.03847976771554329,0.004483051038188246,5.4384797677155445,0.0868500908535299,5.400000000000001,0.08236703981534166,0.0,0.0,Vmag_get_voltage_magnitude_series__angle_get_voltage_angle_series,true,SG,Ybus EMT reconstruction using exact complex bus-voltage phasors when available; otherwise diagnostic fallback
5.88,0.03848026563738305,0.004484696765838847,0.03848026563738305,0.004484696765838847,0.03848026563738305,0.004484696765838847,5.438480265637384,0.0868517365811805,5.400000000000001,0.08236703981534166,0.0,0.0,Vmag_get_voltage_magnitude_series__angle_get_voltage_angle_series,true,SG,Ybus EMT reconstruction using exact complex bus-voltage phasors when available; otherwise diagnostic fallback
5.89,0.038480746649491415,0.004486347062159335,0.038480746649491415,0.004486347062159335,0.038480746649491415,0.004486347062159335,5.438480746649493,0.086853386877501,5.400000000000001,0.08236703981534166,0.0,0.0,Vmag_get_voltage_magnitude_series__angle_get_voltage_angle_series,true,SG,Ybus EMT reconstruction using exact complex bus-voltage phasors when available; otherwise diagnostic fallback
5.9,0.03848121083096512,0.004488001842786082,0.03848121083096512,0.004488001842786082,0.03848121083096512,0.004488001842786082,5.438481210830966,0.08685504165812774,5.400000000000001,0.08236703981534166,0.0,0.0,Vmag_get_voltage_magnitude_series__angle_get_voltage_angle_series,true,SG,Ybus EMT reconstruction using exact complex bus-voltage phasors when available; otherwise diagnostic fallback
5.91,0.03848165826125438,0.004489661024362768,0.03848165826125438,0.004489661024362768,0.03848165826125438,0.004489661024362768,5.438481658261256,0.08685670083970443,5.400000000000001,0.08236703981534166,0.0,0.0,Vmag_get_voltage_magnitude_series__angle_get_voltage_angle_series,true,SG,Ybus EMT reconstruction using exact complex bus-voltage phasors when available; otherwise diagnostic fallback
5.92,0.038482089019932886,0.00449132452451928,0.038482089019932886,0.00449132452451928,0.038482089019932886,0.00449132452451928,5.438482089019934,0.08685836433986094,5.400000000000001,0.08236703981534166,0.0,0.0,Vmag_get_voltage_magnitude_series__angle_get_voltage_angle_series,true,SG,Ybus EMT reconstruction using exact complex bus-voltage phasors when available; otherwise diagnostic fallback
5.93,0.038482503186890504,0.004492992262039031,0.038482503186890504,0.004492992262039031,0.038482503186890504,0.004492992262039031,5.438482503186892,0.08686003207738069,5.400000000000001,0.08236703981534166,0.0,0.0,Vmag_get_voltage_magnitude_series__angle_get_voltage_angle_series,true,SG,Ybus EMT reconstruction using exact complex bus-voltage phasors when available; otherwise diagnostic fallback
5.94,0.03848290084229955,0.004494664156616146,0.03848290084229955,0.004494664156616146,0.03848290084229955,0.004494664156616146,5.438482900842301,0.0868617039719578,5.400000000000001,0.08236703981534166,0.0,0.0,Vmag_get_voltage_magnitude_series__angle_get_voltage_angle_series,true,SG,Ybus EMT reconstruction using exact complex bus-voltage phasors when available; otherwise diagnostic fallback
5.95,0.038483282066629876,0.004496340129023557,0.038483282066629876,0.004496340129023557,0.038483282066629876,0.004496340129023557,5.438483282066631,0.08686337994436522,5.400000000000001,0.08236703981534166,0.0,0.0,Vmag_get_voltage_magnitude_series__angle_get_voltage_angle_series,true,SG,Ybus EMT reconstruction using exact complex bus-voltage phasors when available; otherwise diagnostic fallback
5.96,0.03848364694074924,0.004498020100946021,0.03848364694074924,0.004498020100946021,0.03848364694074924,0.004498020100946021,5.4384836469407505,0.08686505991628768,5.400000000000001,0.08236703981534166,0.0,0.0,Vmag_get_voltage_magnitude_series__angle_get_voltage_angle_series,true,SG,Ybus EMT reconstruction using exact complex bus-voltage phasors when available; otherwise diagnostic fallback
5.97,0.03848399554588333,0.0044997039952126006,0.03848399554588333,0.0044997039952126006,0.03848399554588333,0.0044997039952126006,5.438483995545885,0.08686674381055426,5.400000000000001,0.08236703981534166,0.0,0.0,Vmag_get_voltage_magnitude_series__angle_get_voltage_angle_series,true,SG,Ybus EMT reconstruction using exact complex bus-voltage phasors when available; otherwise diagnostic fallback
5.98,0.03848432796370904,0.004501391735461602,0.03848432796370904,0.004501391735461602,0.03848432796370904,0.004501391735461602,5.43848432796371,0.08686843155080326,5.400000000000001,0.08236703981534166,0.0,0.0,Vmag_get_voltage_magnitude_series__angle_get_voltage_angle_series,true,SG,Ybus EMT reconstruction using exact complex bus-voltage phasors when available; otherwise diagnostic fallback
5.99,0.03848464427635623,0.00450308324635218,0.03848464427635623,0.00450308324635218,0.03848464427635623,0.00450308324635218,5.4384846442763575,0.08687012306169384,5.400000000000001,0.08236703981534166,0.0,0.0,Vmag_get_voltage_magnitude_series__angle_get_voltage_angle_series,true,SG,Ybus EMT reconstruction using exact complex bus-voltage phasors when available; otherwise diagnostic fallback
6.0,0.03848494456646456,0.004504778453560232,0.03848494456646456,0.004504778453560232,0.03848494456646456,0.004504778453560232,5.438484944566466,0.08687181826890189,5.400000000000001,0.08236703981534166,0.0,0.0,Vmag_get_voltage_magnitude_series__angle_get_voltage_angle_series,true,SG,Ybus EMT reconstruction using exact complex bus-voltage phasors when available; otherwise diagnostic fallback
6.01,0.03848522891723327,0.0045064772836744815,0.03848522891723327,0.0045064772836744815,0.03848522891723327,0.0045064772836744815,5.4384852289172345,0.08687351709901614,5.400000000000001,0.08236703981534166,0.0,0.0,Vmag_get_voltage_magnitude_series__angle_get_voltage_angle_series,true,SG,Ybus EMT reconstruction using exact complex bus-voltage phasors when available; otherwise diagnostic fallback
6.02,0.03848549741247709,0.004508179664157841,0.03848549741247709,0.004508179664157841,0.03848549741247709,0.004508179664157841,5.438485497412478,0.0868752194794995,5.400000000000001,0.08236703981534166,0.0,0.0,Vmag_get_voltage_magnitude_series__angle_get_voltage_angle_series,true,SG,Ybus EMT reconstruction using exact complex bus-voltage phasors when available; otherwise diagnostic fallback
6.03,0.038485750136585395,0.004509885523437784,0.038485750136585395,0.004509885523437784,0.038485750136585395,0.004509885523437784,5.438485750136587,0.08687692533877944,5.400000000000001,0.08236703981534166,0.0,0.0,Vmag_get_voltage_magnitude_series__angle_get_voltage_angle_series,true,SG,Ybus EMT reconstruction using exact complex bus-voltage phasors when available; otherwise diagnostic fallback
6.04,0.03848598717467144,0.00451159479093477,0.03848598717467144,0.00451159479093477,0.03848598717467144,0.00451159479093477,5.438485987174673,0.08687863460627643,5.400000000000001,0.08236703981534166,0.0,0.0,Vmag_get_voltage_magnitude_series__angle_get_voltage_angle_series,true,SG,Ybus EMT reconstruction using exact complex bus-voltage phasors when available; otherwise diagnostic fallback
6.05,0.03848620861252616,0.00451330739683331,0.03848620861252616,0.00451330739683331,0.03848620861252616,0.00451330739683331,5.438486208612527,0.08688034721217497,5.400000000000001,0.08236703981534166,0.0,0.0,Vmag_get_voltage_magnitude_series__angle_get_voltage_angle_series,true,SG,Ybus EMT reconstruction using exact complex bus-voltage phasors when available; otherwise diagnostic fallback
6.06,0.038486414536666125,0.004515023272315011,0.038486414536666125,0.004515023272315011,0.038486414536666125,0.004515023272315011,5.438486414536667,0.08688206308765667,5.400000000000001,0.08236703981534166,0.0,0.0,Vmag_get_voltage_magnitude_series__angle_get_voltage_angle_series,true,SG,Ybus EMT reconstruction using exact complex bus-voltage phasors when available; otherwise diagnostic fallback
6.07,0.03848660503441348,0.0045167423494476555,0.03848660503441348,0.0045167423494476555,0.03848660503441348,0.0045167423494476555,5.438486605034415,0.08688378216478931,5.400000000000001,0.08236703981534166,0.0,0.0,Vmag_get_voltage_magnitude_series__angle_get_voltage_angle_series,true,SG,Ybus EMT reconstruction using exact complex bus-voltage phasors when available; otherwise diagnostic fallback
6.08,0.03848678019387819,0.004518464561113156,0.03848678019387819,0.004518464561113156,0.03848678019387819,0.004518464561113156,5.438486780193879,0.08688550437645481,5.400000000000001,0.08236703981534166,0.0,0.0,Vmag_get_voltage_magnitude_series__angle_get_voltage_angle_series,true,SG,Ybus EMT reconstruction using exact complex bus-voltage phasors when available; otherwise diagnostic fallback
6.09,0.03848694010396336,0.004520189841111799,0.03848694010396336,0.004520189841111799,0.03848694010396336,0.004520189841111799,5.438486940103965,0.08688722965645346,5.400000000000001,0.08236703981534166,0.0,0.0,Vmag_get_voltage_magnitude_series__angle_get_voltage_angle_series,true,SG,Ybus EMT reconstruction using exact complex bus-voltage phasors when available; otherwise diagnostic fallback
6.1,0.03848708485448071,0.004521918124119728,0.03848708485448071,0.004521918124119728,0.03848708485448071,0.004521918124119728,5.438487084854482,0.08688895793946139,5.400000000000001,0.08236703981534166,0.0,0.0,Vmag_get_voltage_magnitude_series__angle_get_voltage_angle_series,true,SG,Ybus EMT reconstruction using exact complex bus-voltage phasors when available; otherwise diagnostic fallback
6.11,0.03848721453603243,0.004523649345612446,0.03848721453603243,0.004523649345612446,0.03848721453603243,0.004523649345612446,5.438487214536034,0.0868906891609541,5.400000000000001,0.08236703981534166,0.0,0.0,Vmag_get_voltage_magnitude_series__angle_get_voltage_angle_series,true,SG,Ybus EMT reconstruction using exact complex bus-voltage phasors when available; otherwise diagnostic fallback
6.12,0.038487329240190604,0.004525383441997266,0.038487329240190604,0.004525383441997266,0.038487329240190604,0.004525383441997266,5.438487329240192,0.08689242325733892,5.400000000000001,0.08236703981534166,0.0,0.0,Vmag_get_voltage_magnitude_series__angle_get_voltage_angle_series,true,SG,Ybus EMT reconstruction using exact complex bus-voltage phasors when available; otherwise diagnostic fallback
6.13,0.03848742905930358,0.004527120350429459,0.03848742905930358,0.004527120350429459,0.03848742905930358,0.004527120350429459,5.438487429059305,0.08689416016577112,5.400000000000001,0.08236703981534166,0.0,0.0,Vmag_get_voltage_magnitude_series__angle_get_voltage_angle_series,true,SG,Ybus EMT reconstruction using exact complex bus-voltage phasors when available; otherwise diagnostic fallback
6.14,0.03848751408670381,0.004528860008936819,0.03848751408670381,0.004528860008936819,0.03848751408670381,0.004528860008936819,5.438487514086705,0.08689589982427848,5.400000000000001,0.08236703981534166,0.0,0.0,Vmag_get_voltage_magnitude_series__angle_get_voltage_angle_series,true,SG,Ybus EMT reconstruction using exact complex bus-voltage phasors when available; otherwise diagnostic fallback
6.15,0.038487584416590614,0.0045306023563360664,0.038487584416590614,0.0045306023563360664,0.038487584416590614,0.0045306023563360664,5.438487584416592,0.08689764217167772,5.400000000000001,0.08236703981534166,0.0,0.0,Vmag_get_voltage_magnitude_series__angle_get_voltage_angle_series,true,SG,Ybus EMT reconstruction using exact complex bus-voltage phasors when available; otherwise diagnostic fallback
6.16,0.038487640144064805,0.004532347332301567,0.038487640144064805,0.004532347332301567,0.038487640144064805,0.004532347332301567,5.438487640144066,0.08689938714764323,5.400000000000001,0.08236703981534166,0.0,0.0,Vmag_get_voltage_magnitude_series__angle_get_voltage_angle_series,true,SG,Ybus EMT reconstruction using exact complex bus-voltage phasors when available; otherwise diagnostic fallback
6.17,0.038487681365132254,0.004534094877283956,0.038487681365132254,0.004534094877283956,0.038487681365132254,0.004534094877283956,5.4384876813651335,0.08690113469262561,5.400000000000001,0.08236703981534166,0.0,0.0,Vmag_get_voltage_magnitude_series__angle_get_voltage_angle_series,true,SG,Ybus EMT reconstruction using exact complex bus-voltage phasors when available; otherwise diagnostic fallback
6.18,0.038487708176654145,0.004535844932508137,0.038487708176654145,0.004535844932508137,0.038487708176654145,0.004535844932508137,5.438487708176655,0.0869028847478498,5.400000000000001,0.08236703981534166,0.0,0.0,Vmag_get_voltage_magnitude_series__angle_get_voltage_angle_series,true,SG,Ybus EMT reconstruction using exact complex bus-voltage phasors when available; otherwise diagnostic fallback
6.19,0.03848772067642603,0.0045375974400289065,0.03848772067642603,0.0045375974400289065,0.03848772067642603,0.0045375974400289065,5.438487720676427,0.08690463725537056,5.400000000000001,0.08236703981534166,0.0,0.0,Vmag_get_voltage_magnitude_series__angle_get_voltage_angle_series,true,SG,Ybus EMT reconstruction using exact complex bus-voltage phasors when available; otherwise diagnostic fallback
6.2,0.03848771896300551,0.004539352342597058,0.03848771896300551,0.004539352342597058,0.03848771896300551,0.004539352342597058,5.438487718963007,0.08690639215793872,5.400000000000001,0.08236703981534166,0.0,0.0,Vmag_get_voltage_magnitude_series__angle_get_voltage_angle_series,true,SG,Ybus EMT reconstruction using exact complex bus-voltage phasors when available; otherwise diagnostic fallback
6.21,0.03848770313588101,0.0045411095838149285,0.03848770313588101,0.0045411095838149285,0.03848770313588101,0.0045411095838149285,5.438487703135882,0.08690814939915659,5.400000000000001,0.08236703981534166,0.0,0.0,Vmag_get_voltage_magnitude_series__angle_get_voltage_angle_series,true,SG,Ybus EMT reconstruction using exact complex bus-voltage phasors when available; otherwise diagnostic fallback
6.22,0.0384876732952959,0.0045428691080510175,0.0384876732952959,0.0045428691080510175,0.0384876732952959,0.0045428691080510175,5.438487673295297,0.08690990892339268,5.400000000000001,0.08236703981534166,0.0,0.0,Vmag_get_voltage_magnitude_series__angle_get_voltage_angle_series,true,SG,Ybus EMT reconstruction using exact complex bus-voltage phasors when available; otherwise diagnostic fallback
6.23,0.03848762954231155,0.004544630860389254,0.03848762954231155,0.004544630860389254,0.03848762954231155,0.004544630860389254,5.438487629542313,0.08691167067573091,5.400000000000001,0.08236703981534166,0.0,0.0,Vmag_get_voltage_magnitude_series__angle_get_voltage_angle_series,true,SG,Ybus EMT reconstruction using exact complex bus-voltage phasors when available; otherwise diagnostic fallback
6.24,0.03848757197876029,0.004546394786586805,0.03848757197876029,0.004546394786586805,0.03848757197876029,0.004546394786586805,5.4384875719787615,0.08691343460192846,5.400000000000001,0.08236703981534166,0.0,0.0,Vmag_get_voltage_magnitude_series__angle_get_voltage_angle_series,true,SG,Ybus EMT reconstruction using exact complex bus-voltage phasors when available; otherwise diagnostic fallback
6.25,0.03848750070717877,0.004548160833272363,0.03848750070717877,0.004548160833272363,0.03848750070717877,0.004548160833272363,5.43848750070718,0.08691520064861402,5.400000000000001,0.08236703981534166,0.0,0.0,Vmag_get_voltage_magnitude_series__angle_get_voltage_angle_series,true,SG,Ybus EMT reconstruction using exact complex bus-voltage phasors when available; otherwise diagnostic fallback
6.26,0.03848741583081239,0.004549928947708892,0.03848741583081239,0.004549928947708892,0.03848741583081239,0.004549928947708892,5.438487415830814,0.08691696876305055,5.400000000000001,0.08236703981534166,0.0,0.0,Vmag_get_voltage_magnitude_series__angle_get_voltage_angle_series,true,SG,Ybus EMT reconstruction using exact complex bus-voltage phasors when available; otherwise diagnostic fallback
6.27,0.03848731745355405,0.004551699077894877,0.03848731745355405,0.004551699077894877,0.03848731745355405,0.004551699077894877,5.438487317453555,0.08691873889323654,5.400000000000001,0.08236703981534166,0.0,0.0,Vmag_get_voltage_magnitude_series__angle_get_voltage_angle_series,true,SG,Ybus EMT reconstruction using exact complex bus-voltage phasors when available; otherwise diagnostic fallback
6.28,0.03848720567999564,0.0045534711725155885,0.03848720567999564,0.0045534711725155885,0.03848720567999564,0.0045534711725155885,5.438487205679997,0.08692051098785725,5.400000000000001,0.08236703981534166,0.0,0.0,Vmag_get_voltage_magnitude_series__angle_get_voltage_angle_series,true,SG,Ybus EMT reconstruction using exact complex bus-voltage phasors when available; otherwise diagnostic fallback
6.29,0.038487080615205116,0.004555245180999701,0.038487080615205116,0.004555245180999701,0.038487080615205116,0.004555245180999701,5.438487080615206,0.08692228499634136,5.400000000000001,0.08236703981534166,0.0,0.0,Vmag_get_voltage_magnitude_series__angle_get_voltage_angle_series,true,SG,Ybus EMT reconstruction using exact complex bus-voltage phasors when available; otherwise diagnostic fallback
6.3,0.0384869423649139,0.004557021053445132,0.0384869423649139,0.004557021053445132,0.0384869423649139,0.004557021053445132,5.438486942364915,0.08692406086878679,5.400000000000001,0.08236703981534166,0.0,0.0,Vmag_get_voltage_magnitude_series__angle_get_voltage_angle_series,true,SG,Ybus EMT reconstruction using exact complex bus-voltage phasors when available; otherwise diagnostic fallback
6.31,0.03848679103527175,0.004558798740616599,0.03848679103527175,0.004558798740616599,0.03848679103527175,0.004558798740616599,5.438486791035273,0.08692583855595826,5.400000000000001,0.08236703981534166,0.0,0.0,Vmag_get_voltage_magnitude_series__angle_get_voltage_angle_series,true,SG,Ybus EMT reconstruction using exact complex bus-voltage phasors when available; otherwise diagnostic fallback
6.32,0.03848662673296399,0.004560578193973375,0.03848662673296399,0.004560578193973375,0.03848662673296399,0.004560578193973375,5.438486626732965,0.08692761800931503,5.400000000000001,0.08236703981534166,0.0,0.0,Vmag_get_voltage_magnitude_series__angle_get_voltage_angle_series,true,SG,Ybus EMT reconstruction using exact complex bus-voltage phasors when available; otherwise diagnostic fallback
6.33,0.03848644956509606,0.004562359365604118,0.03848644956509606,0.004562359365604118,0.03848644956509606,0.004562359365604118,5.438486449565097,0.08692939918094578,5.400000000000001,0.08236703981534166,0.0,0.0,Vmag_get_voltage_magnitude_series__angle_get_voltage_angle_series,true,SG,Ybus EMT reconstruction using exact complex bus-voltage phasors when available; otherwise diagnostic fallback
6.34,0.038486259639141096,0.004564142208299593,0.038486259639141096,0.004564142208299593,0.038486259639141096,0.004564142208299593,5.438486259639142,0.08693118202364125,5.400000000000001,0.08236703981534166,0.0,0.0,Vmag_get_voltage_magnitude_series__angle_get_voltage_angle_series,true,SG,Ybus EMT reconstruction using exact complex bus-voltage phasors when available; otherwise diagnostic fallback
6.35,0.03848605706294084,0.004565926675397791,0.03848605706294084,0.004565926675397791,0.03848605706294084,0.004565926675397791,5.438486057062942,0.08693296649073945,5.400000000000001,0.08236703981534166,0.0,0.0,Vmag_get_voltage_magnitude_series__angle_get_voltage_angle_series,true,SG,Ybus EMT reconstruction using exact complex bus-voltage phasors when available; otherwise diagnostic fallback
6.36,0.03848584194463456,0.004567712721013972,0.03848584194463456,0.004567712721013972,0.03848584194463456,0.004567712721013972,5.438485841944636,0.08693475253635563,5.400000000000001,0.08236703981534166,0.0,0.0,Vmag_get_voltage_magnitude_series__angle_get_voltage_angle_series,true,SG,Ybus EMT reconstruction using exact complex bus-voltage phasors when available; otherwise diagnostic fallback
6.37,0.03848561439266174,0.004569500299821061,0.03848561439266174,0.004569500299821061,0.03848561439266174,0.004569500299821061,5.438485614392663,0.08693654011516272,5.400000000000001,0.08236703981534166,0.0,0.0,Vmag_get_voltage_magnitude_series__angle_get_voltage_angle_series,true,SG,Ybus EMT reconstruction using exact complex bus-voltage phasors when available; otherwise diagnostic fallback
6.38,0.03848537451569012,0.004571289367015563,0.03848537451569012,0.004571289367015563,0.03848537451569012,0.004571289367015563,5.438485374515691,0.08693832918235722,5.400000000000001,0.08236703981534166,0.0,0.0,Vmag_get_voltage_magnitude_series__angle_get_voltage_angle_series,true,SG,Ybus EMT reconstruction using exact complex bus-voltage phasors when available; otherwise diagnostic fallback
6.39,0.03848512242253399,0.004573079878594566,0.03848512242253399,0.004573079878594566,0.03848512242253399,0.004573079878594566,5.438485122422535,0.08694011969393622,5.400000000000001,0.08236703981534166,0.0,0.0,Vmag_get_voltage_magnitude_series__angle_get_voltage_angle_series,true,SG,Ybus EMT reconstruction using exact complex bus-voltage phasors when available; otherwise diagnostic fallback
6.4,0.03848485822222347,0.004574871791001245,0.03848485822222347,0.004574871791001245,0.03848485822222347,0.004574871791001245,5.438484858222225,0.0869419116063429,5.400000000000001,0.08236703981534166,0.0,0.0,Vmag_get_voltage_magnitude_series__angle_get_voltage_angle_series,true,SG,Ybus EMT reconstruction using exact complex bus-voltage phasors when available; otherwise diagnostic fallback
6.41,0.03848458202394056,0.00457666506131349,0.03848458202394056,0.00457666506131349,0.03848458202394056,0.00457666506131349,5.438484582023942,0.08694370487665515,5.400000000000001,0.08236703981534166,0.0,0.0,Vmag_get_voltage_magnitude_series__angle_get_voltage_angle_series,true,SG,Ybus EMT reconstruction using exact complex bus-voltage phasors when available; otherwise diagnostic fallback
6.42,0.038484293936880576,0.0045784596472302486,0.038484293936880576,0.0045784596472302486,0.038484293936880576,0.0045784596472302486,5.438484293936882,0.0869454994625719,5.400000000000001,0.08236703981534166,0.0,0.0,Vmag_get_voltage_magnitude_series__angle_get_voltage_angle_series,true,SG,Ybus EMT reconstruction using exact complex bus-voltage phasors when available; otherwise diagnostic fallback
6.43,0.03848399407035874,0.004580255507002251,0.03848399407035874,0.004580255507002251,0.03848399407035874,0.004580255507002251,5.43848399407036,0.08694729532234391,5.400000000000001,0.08236703981534166,0.0,0.0,Vmag_get_voltage_magnitude_series__angle_get_voltage_angle_series,true,SG,Ybus EMT reconstruction using exact complex bus-voltage phasors when available; otherwise diagnostic fallback
6.44,0.038483682533691166,0.004582052599411024,0.038483682533691166,0.004582052599411024,0.038483682533691166,0.004582052599411024,5.438483682533692,0.08694909241475268,5.400000000000001,0.08236703981534166,0.0,0.0,Vmag_get_voltage_magnitude_series__angle_get_voltage_angle_series,true,SG,Ybus EMT reconstruction using exact complex bus-voltage phasors when available; otherwise diagnostic fallback
6.45,0.03848335943626857,0.00458385088381541,0.03848335943626857,0.00458385088381541,0.03848335943626857,0.00458385088381541,5.43848335943627,0.08695089069915707,5.400000000000001,0.08236703981534166,0.0,0.0,Vmag_get_voltage_magnitude_series__angle_get_voltage_angle_series,true,SG,Ybus EMT reconstruction using exact complex bus-voltage phasors when available; otherwise diagnostic fallback
6.46,0.03848302488736799,0.004585650320171442,0.03848302488736799,0.004585650320171442,0.03848302488736799,0.004585650320171442,5.438483024887369,0.0869526901355131,5.400000000000001,0.08236703981534166,0.0,0.0,Vmag_get_voltage_magnitude_series__angle_get_voltage_angle_series,true,SG,Ybus EMT reconstruction using exact complex bus-voltage phasors when available; otherwise diagnostic fallback
6.47,0.03848267899625313,0.004587450868897669,0.03848267899625313,0.004587450868897669,0.03848267899625313,0.004587450868897669,5.438482678996254,0.08695449068423933,5.400000000000001,0.08236703981534166,0.0,0.0,Vmag_get_voltage_magnitude_series__angle_get_voltage_angle_series,true,SG,Ybus EMT reconstruction using exact complex bus-voltage phasors when available; otherwise diagnostic fallback
6.48,0.03848232187216816,0.004589252490976747,0.03848232187216816,0.004589252490976747,0.03848232187216816,0.004589252490976747,5.438482321872169,0.0869562923063184,5.400000000000001,0.08236703981534166,0.0,0.0,Vmag_get_voltage_magnitude_series__angle_get_voltage_angle_series,true,SG,Ybus EMT reconstruction using exact complex bus-voltage phasors when available; otherwise diagnostic fallback
6.49,0.038481953624259546,0.004591055147944556,0.038481953624259546,0.004591055147944556,0.038481953624259546,0.004591055147944556,5.438481953624261,0.08695809496328621,5.400000000000001,0.08236703981534166,0.0,0.0,Vmag_get_voltage_magnitude_series__angle_get_voltage_angle_series,true,SG,Ybus EMT reconstruction using exact complex bus-voltage phasors when available; otherwise diagnostic fallback
6.5,0.03848157436153077,0.004592858801840793,0.03848157436153077,0.004592858801840793,0.03848157436153077,0.004592858801840793,5.438481574361532,0.08695989861718245,5.400000000000001,0.08236703981534166,0.0,0.0,Vmag_get_voltage_magnitude_series__angle_get_voltage_angle_series,true,SG,Ybus EMT reconstruction using exact complex bus-voltage phasors when available; otherwise diagnostic fallback
6.51,0.038481184192907136,0.004594663415167788,0.038481184192907136,0.004594663415167788,0.038481184192907136,0.004594663415167788,5.438481184192908,0.08696170323050945,5.400000000000001,0.08236703981534166,0.0,0.0,Vmag_get_voltage_magnitude_series__angle_get_voltage_angle_series,true,SG,Ybus EMT reconstruction using exact complex bus-voltage phasors when available; otherwise diagnostic fallback
6.52,0.03848078322717896,0.004596468950974875,0.03848078322717896,0.004596468950974875,0.03848078322717896,0.004596468950974875,5.43848078322718,0.08696350876631653,5.400000000000001,0.08236703981534166,0.0,0.0,Vmag_get_voltage_magnitude_series__angle_get_voltage_angle_series,true,SG,Ybus EMT reconstruction using exact complex bus-voltage phasors when available; otherwise diagnostic fallback
6.53,0.0384803715729527,0.0045982753727669134,0.0384803715729527,0.0045982753727669134,0.0384803715729527,0.0045982753727669134,5.438480371572954,0.08696531518810857,5.400000000000001,0.08236703981534166,0.0,0.0,Vmag_get_voltage_magnitude_series__angle_get_voltage_angle_series,true,SG,Ybus EMT reconstruction using exact complex bus-voltage phasors when available; otherwise diagnostic fallback
6.54,0.03847994933872023,0.004600082644619752,0.03847994933872023,0.004600082644619752,0.03847994933872023,0.004600082644619752,5.4384799493387215,0.08696712245996141,5.400000000000001,0.08236703981534166,0.0,0.0,Vmag_get_voltage_magnitude_series__angle_get_voltage_angle_series,true,SG,Ybus EMT reconstruction using exact complex bus-voltage phasors when available; otherwise diagnostic fallback
6.55,0.03847951663279403,0.004601890730922764,0.03847951663279403,0.004601890730922764,0.03847951663279403,0.004601890730922764,5.438479516632795,0.08696893054626442,5.400000000000001,0.08236703981534166,0.0,0.0,Vmag_get_voltage_magnitude_series__angle_get_voltage_angle_series,true,SG,Ybus EMT reconstruction using exact complex bus-voltage phasors when available; otherwise diagnostic fallback
6.56,0.03847907356332758,0.004603699596711586,0.03847907356332758,0.004603699596711586,0.03847907356332758,0.004603699596711586,5.438479073563329,0.08697073941205324,5.400000000000001,0.08236703981534166,0.0,0.0,Vmag_get_voltage_magnitude_series__angle_get_voltage_angle_series,true,SG,Ybus EMT reconstruction using exact complex bus-voltage phasors when available; otherwise diagnostic fallback
6.57,0.03847862023827453,0.004605509207433078,0.03847862023827453,0.004605509207433078,0.03847862023827453,0.004605509207433078,5.438478620238276,0.08697254902277474,5.400000000000001,0.08236703981534166,0.0,0.0,Vmag_get_voltage_magnitude_series__angle_get_voltage_angle_series,true,SG,Ybus EMT reconstruction using exact complex bus-voltage phasors when available; otherwise diagnostic fallback
6.58,0.03847815676544908,0.004607319528880605,0.03847815676544908,0.004607319528880605,0.03847815676544908,0.004607319528880605,5.43847815676545,0.08697435934422226,5.400000000000001,0.08236703981534166,0.0,0.0,Vmag_get_voltage_magnitude_series__angle_get_voltage_angle_series,true,SG,Ybus EMT reconstruction using exact complex bus-voltage phasors when available; otherwise diagnostic fallback
6.59,0.038477683252472694,0.004609130527453376,0.038477683252472694,0.004609130527453376,0.038477683252472694,0.004609130527453376,5.438477683252474,0.08697617034279503,5.400000000000001,0.08236703981534166,0.0,0.0,Vmag_get_voltage_magnitude_series__angle_get_voltage_angle_series,true,SG,Ybus EMT reconstruction using exact complex bus-voltage phasors when available; otherwise diagnostic fallback
6.6,0.038477199806718154,0.004610942169889332,0.038477199806718154,0.004610942169889332,0.038477199806718154,0.004610942169889332,5.438477199806719,0.08697798198523099,5.400000000000001,0.08236703981534166,0.0,0.0,Vmag_get_voltage_magnitude_series__angle_get_voltage_angle_series,true,SG,Ybus EMT reconstruction using exact complex bus-voltage phasors when available; otherwise diagnostic fallback
6.61,0.03847670653542501,0.0046127544234229045,0.03847670653542501,0.0046127544234229045,0.03847670653542501,0.0046127544234229045,5.438476706535426,0.08697979423876456,5.400000000000001,0.08236703981534166,0.0,0.0,Vmag_get_voltage_magnitude_series__angle_get_voltage_angle_series,true,SG,Ybus EMT reconstruction using exact complex bus-voltage phasors when available; otherwise diagnostic fallback
6.62,0.038476203545704024,0.004614567255613489,0.038476203545704024,0.004614567255613489,0.038476203545704024,0.004614567255613489,5.438476203545705,0.08698160707095515,5.400000000000001,0.08236703981534166,0.0,0.0,Vmag_get_voltage_magnitude_series__angle_get_voltage_angle_series,true,SG,Ybus EMT reconstruction using exact complex bus-voltage phasors when available; otherwise diagnostic fallback
6.63,0.03847569094434533,0.004616380634591688,0.03847569094434533,0.004616380634591688,0.03847569094434533,0.004616380634591688,5.438475690944347,0.08698342044993335,5.400000000000001,0.08236703981534166,0.0,0.0,Vmag_get_voltage_magnitude_series__angle_get_voltage_angle_series,true,SG,Ybus EMT reconstruction using exact complex bus-voltage phasors when available; otherwise diagnostic fallback
6.64,0.0384751688380538,0.004618194528812514,0.0384751688380538,0.004618194528812514,0.0384751688380538,0.004618194528812514,5.438475168838055,0.08698523434415417,5.400000000000001,0.08236703981534166,0.0,0.0,Vmag_get_voltage_magnitude_series__angle_get_voltage_angle_series,true,SG,Ybus EMT reconstruction using exact complex bus-voltage phasors when available; otherwise diagnostic fallback
6.65,0.03847463733333356,0.004620008907111894,0.03847463733333356,0.004620008907111894,0.03847463733333356,0.004620008907111894,5.438474637333335,0.08698704872245355,5.400000000000001,0.08236703981534166,0.0,0.0,Vmag_get_voltage_magnitude_series__angle_get_voltage_angle_series,true,SG,Ybus EMT reconstruction using exact complex bus-voltage phasors when available; otherwise diagnostic fallback
6.66,0.03847409653650402,0.004621823738866659,0.03847409653650402,0.004621823738866659,0.03847409653650402,0.004621823738866659,5.438474096536505,0.08698886355420832,5.400000000000001,0.08236703981534166,0.0,0.0,Vmag_get_voltage_magnitude_series__angle_get_voltage_angle_series,true,SG,Ybus EMT reconstruction using exact complex bus-voltage phasors when available; otherwise diagnostic fallback
6.67,0.03847354655369095,0.00462363899363194,0.03847354655369095,0.00462363899363194,0.03847354655369095,0.00462363899363194,5.438473546553692,0.0869906788089736,5.400000000000001,0.08236703981534166,0.0,0.0,Vmag_get_voltage_magnitude_series__angle_get_voltage_angle_series,true,SG,Ybus EMT reconstruction using exact complex bus-voltage phasors when available; otherwise diagnostic fallback
6.68,0.03847298749084427,0.004625454641573712,0.03847298749084427,0.004625454641573712,0.03847298749084427,0.004625454641573712,5.4384729874908455,0.08699249445691537,5.400000000000001,0.08236703981534166,0.0,0.0,Vmag_get_voltage_magnitude_series__angle_get_voltage_angle_series,true,SG,Ybus EMT reconstruction using exact complex bus-voltage phasors when available; otherwise diagnostic fallback
6.69,0.03847241945377711,0.004627270653101756,0.03847241945377711,0.004627270653101756,0.03847241945377711,0.004627270653101756,5.438472419453778,0.08699431046844341,5.400000000000001,0.08236703981534166,0.0,0.0,Vmag_get_voltage_magnitude_series__angle_get_voltage_angle_series,true,SG,Ybus EMT reconstruction using exact complex bus-voltage phasors when available; otherwise diagnostic fallback
6.7,0.03847184254808589,0.004629086999072829,0.03847184254808589,0.004629086999072829,0.03847184254808589,0.004629086999072829,5.438471842548087,0.08699612681441449,5.400000000000001,0.08236703981534166,0.0,0.0,Vmag_get_voltage_magnitude_series__angle_get_voltage_angle_series,true,SG,Ybus EMT reconstruction using exact complex bus-voltage phasors when available; otherwise diagnostic fallback
6.71,0.038471256879234694,0.0046309036506680945,0.038471256879234694,0.0046309036506680945,0.038471256879234694,0.0046309036506680945,5.438471256879236,0.08699794346600975,5.400000000000001,0.08236703981534166,0.0,0.0,Vmag_get_voltage_magnitude_series__angle_get_voltage_angle_series,true,SG,Ybus EMT reconstruction using exact complex bus-voltage phasors when available; otherwise diagnostic fallback
6.72,0.038470662552523294,0.004632720579475502,0.038470662552523294,0.004632720579475502,0.038470662552523294,0.004632720579475502,5.4384706625525245,0.08699976039481716,5.400000000000001,0.08236703981534166,0.0,0.0,Vmag_get_voltage_magnitude_series__angle_get_voltage_angle_series,true,SG,Ybus EMT reconstruction using exact complex bus-voltage phasors when available; otherwise diagnostic fallback
6.73,0.038470059673027635,0.004634537757399748,0.038470059673027635,0.004634537757399748,0.038470059673027635,0.004634537757399748,5.438470059673029,0.0870015775727414,5.400000000000001,0.08236703981534166,0.0,0.0,Vmag_get_voltage_magnitude_series__angle_get_voltage_angle_series,true,SG,Ybus EMT reconstruction using exact complex bus-voltage phasors when available; otherwise diagnostic fallback
6.74,0.03846944834574373,0.004636355156772298,0.03846944834574373,0.004636355156772298,0.03846944834574373,0.004636355156772298,5.438469448345745,0.08700339497211396,5.400000000000001,0.08236703981534166,0.0,0.0,Vmag_get_voltage_magnitude_series__angle_get_voltage_angle_series,true,SG,Ybus EMT reconstruction using exact complex bus-voltage phasors when available; otherwise diagnostic fallback
6.75,0.03846882867542778,0.004638172750236369,0.03846882867542778,0.004638172750236369,0.03846882867542778,0.004638172750236369,5.438468828675429,0.08700521256557803,5.400000000000001,0.08236703981534166,0.0,0.0,Vmag_get_voltage_magnitude_series__angle_get_voltage_angle_series,true,SG,Ybus EMT reconstruction using exact complex bus-voltage phasors when available; otherwise diagnostic fallback
6.76,0.03846820076674273,0.004639990510745262,0.03846820076674273,0.004639990510745262,0.03846820076674273,0.004639990510745262,5.438468200766744,0.08700703032608692,5.400000000000001,0.08236703981534166,0.0,0.0,Vmag_get_voltage_magnitude_series__angle_get_voltage_angle_series,true,SG,Ybus EMT reconstruction using exact complex bus-voltage phasors when available; otherwise diagnostic fallback
6.77,0.03846756472413926,0.004641808411682824,0.03846756472413926,0.004641808411682824,0.03846756472413926,0.004641808411682824,5.4384675647241405,0.08700884822702448,5.400000000000001,0.08236703981534166,0.0,0.0,Vmag_get_voltage_magnitude_series__angle_get_voltage_angle_series,true,SG,Ybus EMT reconstruction using exact complex bus-voltage phasors when available; otherwise diagnostic fallback
6.78,0.03846692065196322,0.004643626426648395,0.03846692065196322,0.004643626426648395,0.03846692065196322,0.004643626426648395,5.4384669206519645,0.08701066624199005,5.400000000000001,0.08236703981534166,0.0,0.0,Vmag_get_voltage_magnitude_series__angle_get_voltage_angle_series,true,SG,Ybus EMT reconstruction using exact complex bus-voltage phasors when available; otherwise diagnostic fallback
6.79,0.03846626865431535,0.004645444529640441,0.03846626865431535,0.004645444529640441,0.03846626865431535,0.004645444529640441,5.438466268654317,0.0870124843449821,5.400000000000001,0.08236703981534166,0.0,0.0,Vmag_get_voltage_magnitude_series__angle_get_voltage_angle_series,true,SG,Ybus EMT reconstruction using exact complex bus-voltage phasors when available; otherwise diagnostic fallback
6.8,0.03846560883521022,0.004647262695000154,0.03846560883521022,0.004647262695000154,0.03846560883521022,0.004647262695000154,5.4384656088352115,0.08701430251034181,5.400000000000001,0.08236703981534166,0.0,0.0,Vmag_get_voltage_magnitude_series__angle_get_voltage_angle_series,true,SG,Ybus EMT reconstruction using exact complex bus-voltage phasors when available; otherwise diagnostic fallback
6.81,0.03846494129845279,0.004649080897353164,0.03846494129845279,0.004649080897353164,0.03846494129845279,0.004649080897353164,5.438464941298454,0.08701612071269482,5.400000000000001,0.08236703981534166,0.0,0.0,Vmag_get_voltage_magnitude_series__angle_get_voltage_angle_series,true,SG,Ybus EMT reconstruction using exact complex bus-voltage phasors when available; otherwise diagnostic fallback
6.82,0.03846426614769083,0.00465089911163441,0.03846426614769083,0.00465089911163441,0.03846426614769083,0.00465089911163441,5.438464266147692,0.08701793892697607,5.400000000000001,0.08236703981534166,0.0,0.0,Vmag_get_voltage_magnitude_series__angle_get_voltage_angle_series,true,SG,Ybus EMT reconstruction using exact complex bus-voltage phasors when available; otherwise diagnostic fallback
6.83,0.03846358348635803,0.004652717313115562,0.03846358348635803,0.004652717313115562,0.03846358348635803,0.004652717313115562,5.438463583486359,0.08701975712845722,5.400000000000001,0.08236703981534166,0.0,0.0,Vmag_get_voltage_magnitude_series__angle_get_voltage_angle_series,true,SG,Ybus EMT reconstruction using exact complex bus-voltage phasors when available; otherwise diagnostic fallback
6.84,0.03846289341776643,0.004654535477365274,0.03846289341776643,0.004654535477365274,0.03846289341776643,0.004654535477365274,5.438462893417768,0.08702157529270693,5.400000000000001,0.08236703981534166,0.0,0.0,Vmag_get_voltage_magnitude_series__angle_get_voltage_angle_series,true,SG,Ybus EMT reconstruction using exact complex bus-voltage phasors when available; otherwise diagnostic fallback
6.85,0.038462196045009556,0.004656353580223982,0.038462196045009556,0.004656353580223982,0.038462196045009556,0.004656353580223982,5.438462196045011,0.08702339339556564,5.400000000000001,0.08236703981534166,0.0,0.0,Vmag_get_voltage_magnitude_series__angle_get_voltage_angle_series,true,SG,Ybus EMT reconstruction using exact complex bus-voltage phasors when available; otherwise diagnostic fallback
6.86,0.038461491470969555,0.004658171597843541,0.038461491470969555,0.004658171597843541,0.038461491470969555,0.004658171597843541,5.438461491470971,0.0870252114131852,5.400000000000001,0.08236703981534166,0.0,0.0,Vmag_get_voltage_magnitude_series__angle_get_voltage_angle_series,true,SG,Ybus EMT reconstruction using exact complex bus-voltage phasors when available; otherwise diagnostic fallback
6.87,0.03846077979836693,0.004659989506677675,0.03846077979836693,0.004659989506677675,0.03846077979836693,0.004659989506677675,5.438460779798368,0.08702702932201933,5.400000000000001,0.08236703981534166,0.0,0.0,Vmag_get_voltage_magnitude_series__angle_get_voltage_angle_series,true,SG,Ybus EMT reconstruction using exact complex bus-voltage phasors when available; otherwise diagnostic fallback
6.88,0.03846006112966194,0.004661807283482755,0.03846006112966194,0.004661807283482755,0.03846006112966194,0.004661807283482755,5.438460061129663,0.08702884709882441,5.400000000000001,0.08236703981534166,0.0,0.0,Vmag_get_voltage_magnitude_series__angle_get_voltage_angle_series,true,SG,Ybus EMT reconstruction using exact complex bus-voltage phasors when available; otherwise diagnostic fallback
6.89,0.03845933556716208,0.004663624905204555,0.03845933556716208,0.004663624905204555,0.03845933556716208,0.004663624905204555,5.438459335567163,0.08703066472054621,5.400000000000001,0.08236703981534166,0.0,0.0,Vmag_get_voltage_magnitude_series__angle_get_voltage_angle_series,true,SG,Ybus EMT reconstruction using exact complex bus-voltage phasors when available; otherwise diagnostic fallback
6.9,0.03845860321288974,0.004665442349183979,0.03845860321288974,0.004665442349183979,0.03845860321288974,0.004665442349183979,5.438458603212891,0.08703248216452564,5.400000000000001,0.08236703981534166,0.0,0.0,Vmag_get_voltage_magnitude_series__angle_get_voltage_angle_series,true,SG,Ybus EMT reconstruction using exact complex bus-voltage phasors when available; otherwise diagnostic fallback
6.91,0.03845786416867192,0.00466725959290315,0.03845786416867192,0.00466725959290315,0.03845786416867192,0.00466725959290315,5.438457864168673,0.08703429940824481,5.400000000000001,0.08236703981534166,0.0,0.0,Vmag_get_voltage_magnitude_series__angle_get_voltage_angle_series,true,SG,Ybus EMT reconstruction using exact complex bus-voltage phasors when available; otherwise diagnostic fallback
6.92,0.03845711853606382,0.004669076614252976,0.03845711853606382,0.004669076614252976,0.03845711853606382,0.004669076614252976,5.438457118536065,0.08703611642959463,5.400000000000001,0.08236703981534166,0.0,0.0,Vmag_get_voltage_magnitude_series__angle_get_voltage_angle_series,true,SG,Ybus EMT reconstruction using exact complex bus-voltage phasors when available; otherwise diagnostic fallback
6.93,0.03845636641636485,0.00467089339130855,0.03845636641636485,0.00467089339130855,0.03845636641636485,0.00467089339130855,5.438456366416366,0.08703793320665021,5.400000000000001,0.08236703981534166,0.0,0.0,Vmag_get_voltage_magnitude_series__angle_get_voltage_angle_series,true,SG,Ybus EMT reconstruction using exact complex bus-voltage phasors when available; otherwise diagnostic fallback
6.94,0.03845560791064884,0.0046727099023617935,0.03845560791064884,0.0046727099023617935,0.03845560791064884,0.0046727099023617935,5.43845560791065,0.08703974971770345,5.400000000000001,0.08236703981534166,0.0,0.0,Vmag_get_voltage_magnitude_series__angle_get_voltage_angle_series,true,SG,Ybus EMT reconstruction using exact complex bus-voltage phasors when available; otherwise diagnostic fallback
6.95,0.038454843119679616,0.0046745261260128235,0.038454843119679616,0.0046745261260128235,0.038454843119679616,0.0046745261260128235,5.438454843119681,0.08704156594135448,5.400000000000001,0.08236703981534166,0.0,0.0,Vmag_get_voltage_magnitude_series__angle_get_voltage_angle_series,true,SG,Ybus EMT reconstruction using exact complex bus-voltage phasors when available; otherwise diagnostic fallback
6.96,0.03845407214394214,0.004676342041107562,0.03845407214394214,0.004676342041107562,0.03845407214394214,0.004676342041107562,5.438454072143943,0.08704338185644922,5.400000000000001,0.08236703981534166,0.0,0.0,Vmag_get_voltage_magnitude_series__angle_get_voltage_angle_series,true,SG,Ybus EMT reconstruction using exact complex bus-voltage phasors when available; otherwise diagnostic fallback
6.97,0.03845329508362383,0.004678157626707535,0.03845329508362383,0.004678157626707535,0.03845329508362383,0.004678157626707535,5.438453295083625,0.0870451974420492,5.400000000000001,0.08236703981534166,0.0,0.0,Vmag_get_voltage_magnitude_series__angle_get_voltage_angle_series,true,SG,Ybus EMT reconstruction using exact complex bus-voltage phasors when available; otherwise diagnostic fallback
6.98,0.03845251203860123,0.004679972862157156,0.03845251203860123,0.004679972862157156,0.03845251203860123,0.004679972862157156,5.4384525120386025,0.08704701267749881,5.400000000000001,0.08236703981534166,0.0,0.0,Vmag_get_voltage_magnitude_series__angle_get_voltage_angle_series,true,SG,Ybus EMT reconstruction using exact complex bus-voltage phasors when available; otherwise diagnostic fallback
6.99,0.03845172310843736,0.004681787726990683,0.03845172310843736,0.004681787726990683,0.03845172310843736,0.004681787726990683,5.438451723108439,0.08704882754233234,5.400000000000001,0.08236703981534166,0.0,0.0,Vmag_get_voltage_magnitude_series__angle_get_voltage_angle_series,true,SG,Ybus EMT reconstruction using exact complex bus-voltage phasors when available; otherwise diagnostic fallback
7.0,0.038450928392361305,0.004683602200956538,0.038450928392361305,0.004683602200956538,0.038450928392361305,0.004683602200956538,5.4384509283923625,0.0870506420162982,5.400000000000001,0.08236703981534166,0.0,0.0,Vmag_get_voltage_magnitude_series__angle_get_voltage_angle_series,true,SG,Ybus EMT reconstruction using exact complex bus-voltage phasors when available; otherwise diagnostic fallback
7.01,0.038450127989269944,0.004685416264098907,0.038450127989269944,0.004685416264098907,0.038450127989269944,0.004685416264098907,5.438450127989271,0.08705245607944057,5.400000000000001,0.08236703981534166,0.0,0.0,Vmag_get_voltage_magnitude_series__angle_get_voltage_angle_series,true,SG,Ybus EMT reconstruction using exact complex bus-voltage phasors when available; otherwise diagnostic fallback
7.02,0.0384493219976596,0.004687229896630507,0.0384493219976596,0.004687229896630507,0.0384493219976596,0.004687229896630507,5.438449321997661,0.08705426971197217,5.400000000000001,0.08236703981534166,0.0,0.0,Vmag_get_voltage_magnitude_series__angle_get_voltage_angle_series,true,SG,Ybus EMT reconstruction using exact complex bus-voltage phasors when available; otherwise diagnostic fallback
7.03,0.03844851051574594,0.004689043078961785,0.03844851051574594,0.004689043078961785,0.03844851051574594,0.004689043078961785,5.438448510515747,0.08705608289430344,5.400000000000001,0.08236703981534166,0.0,0.0,Vmag_get_voltage_magnitude_series__angle_get_voltage_angle_series,true,SG,Ybus EMT reconstruction using exact complex bus-voltage phasors when available; otherwise diagnostic fallback
7.04,0.038447693641306735,0.004690855791800619,0.038447693641306735,0.004690855791800619,0.038447693641306735,0.004690855791800619,5.438447693641308,0.08705789560714228,5.400000000000001,0.08236703981534166,0.0,0.0,Vmag_get_voltage_magnitude_series__angle_get_voltage_angle_series,true,SG,Ybus EMT reconstruction using exact complex bus-voltage phasors when available; otherwise diagnostic fallback
7.05,0.03844687147178494,0.0046926680159473655,0.03844687147178494,0.0046926680159473655,0.03844687147178494,0.0046926680159473655,5.438446871471786,0.08705970783128902,5.400000000000001,0.08236703981534166,0.0,0.0,Vmag_get_voltage_magnitude_series__angle_get_voltage_angle_series,true,SG,Ybus EMT reconstruction using exact complex bus-voltage phasors when available; otherwise diagnostic fallback
7.06,0.038446044104166965,0.004694479732514578,0.038446044104166965,0.004694479732514578,0.038446044104166965,0.004694479732514578,5.438446044104168,0.08706151954785624,5.400000000000001,0.08236703981534166,0.0,0.0,Vmag_get_voltage_magnitude_series__angle_get_voltage_angle_series,true,SG,Ybus EMT reconstruction using exact complex bus-voltage phasors when available; otherwise diagnostic fallback
7.07,0.0384452116350662,0.004696290922735047,0.0384452116350662,0.004696290922735047,0.0384452116350662,0.004696290922735047,5.4384452116350674,0.0870633307380767,5.400000000000001,0.08236703981534166,0.0,0.0,Vmag_get_voltage_magnitude_series__angle_get_voltage_angle_series,true,SG,Ybus EMT reconstruction using exact complex bus-voltage phasors when available; otherwise diagnostic fallback
7.08,0.038444374160693684,0.004698101568084034,0.038444374160693684,0.004698101568084034,0.038444374160693684,0.004698101568084034,5.438444374160695,0.08706514138342569,5.400000000000001,0.08236703981534166,0.0,0.0,Vmag_get_voltage_magnitude_series__angle_get_voltage_angle_series,true,SG,Ybus EMT reconstruction using exact complex bus-voltage phasors when available; otherwise diagnostic fallback
7.09,0.03844353177682436,0.004699911650198674,0.03844353177682436,0.004699911650198674,0.03844353177682436,0.004699911650198674,5.438443531776826,0.08706695146554033,5.400000000000001,0.08236703981534166,0.0,0.0,Vmag_get_voltage_magnitude_series__angle_get_voltage_angle_series,true,SG,Ybus EMT reconstruction using exact complex bus-voltage phasors when available; otherwise diagnostic fallback
7.1,0.03844268457877753,0.00470172115093781,0.03844268457877753,0.00470172115093781,0.03844268457877753,0.00470172115093781,5.438442684578779,0.08706876096627947,5.400000000000001,0.08236703981534166,0.0,0.0,Vmag_get_voltage_magnitude_series__angle_get_voltage_angle_series,true,SG,Ybus EMT reconstruction using exact complex bus-voltage phasors when available; otherwise diagnostic fallback
7.11,0.038441832661499475,0.004703530052311611,0.038441832661499475,0.004703530052311611,0.038441832661499475,0.004703530052311611,5.438441832661501,0.08707056986765327,5.400000000000001,0.08236703981534166,0.0,0.0,Vmag_get_voltage_magnitude_series__angle_get_voltage_angle_series,true,SG,Ybus EMT reconstruction using exact complex bus-voltage phasors when available; otherwise diagnostic fallback
7.12,0.0384409761194231,0.004705338336519205,0.0384409761194231,0.004705338336519205,0.0384409761194231,0.004705338336519205,5.438440976119424,0.08707237815186086,5.400000000000001,0.08236703981534166,0.0,0.0,Vmag_get_voltage_magnitude_series__angle_get_voltage_angle_series,true,SG,Ybus EMT reconstruction using exact complex bus-voltage phasors when available; otherwise diagnostic fallback
7.13,0.038440115046557644,0.0047071459859522324,0.038440115046557644,0.0047071459859522324,0.038440115046557644,0.0047071459859522324,5.438440115046559,0.08707418580129389,5.400000000000001,0.08236703981534166,0.0,0.0,Vmag_get_voltage_magnitude_series__angle_get_voltage_angle_series,true,SG,Ybus EMT reconstruction using exact complex bus-voltage phasors when available; otherwise diagnostic fallback
7.14,0.03843924953644251,0.004708952983137782,0.03843924953644251,0.004708952983137782,0.03843924953644251,0.004708952983137782,5.438439249536444,0.08707599279847944,5.400000000000001,0.08236703981534166,0.0,0.0,Vmag_get_voltage_magnitude_series__angle_get_voltage_angle_series,true,SG,Ybus EMT reconstruction using exact complex bus-voltage phasors when available; otherwise diagnostic fallback
7.15,0.038438379682145474,0.004710759310826762,0.038438379682145474,0.004710759310826762,0.038438379682145474,0.004710759310826762,5.438438379682147,0.08707779912616842,5.400000000000001,0.08236703981534166,0.0,0.0,Vmag_get_voltage_magnitude_series__angle_get_voltage_angle_series,true,SG,Ybus EMT reconstruction using exact complex bus-voltage phasors when available; otherwise diagnostic fallback
7.16,0.03843750557624137,0.004712564951878551,0.03843750557624137,0.004712564951878551,0.03843750557624137,0.004712564951878551,5.438437505576243,0.08707960476722021,5.400000000000001,0.08236703981534166,0.0,0.0,Vmag_get_voltage_magnitude_series__angle_get_voltage_angle_series,true,SG,Ybus EMT reconstruction using exact complex bus-voltage phasors when available; otherwise diagnostic fallback
7.17,0.03843662731087871,0.0047143698893717945,0.03843662731087871,0.0047143698893717945,0.03843662731087871,0.0047143698893717945,5.43843662731088,0.08708140970471345,5.400000000000001,0.08236703981534166,0.0,0.0,Vmag_get_voltage_magnitude_series__angle_get_voltage_angle_series,true,SG,Ybus EMT reconstruction using exact complex bus-voltage phasors when available; otherwise diagnostic fallback
7.18,0.03843574497766422,0.0047161741064457585,0.03843574497766422,0.0047161741064457585,0.03843574497766422,0.0047161741064457585,5.4384357449776655,0.08708321392178742,5.400000000000001,0.08236703981534166,0.0,0.0,Vmag_get_voltage_magnitude_series__angle_get_voltage_angle_series,true,SG,Ybus EMT reconstruction using exact complex bus-voltage phasors when available; otherwise diagnostic fallback
7.19,0.03843485866775875,0.004717977586500721,0.03843485866775875,0.004717977586500721,0.03843485866775875,0.004717977586500721,5.43843485866776,0.08708501740184238,5.400000000000001,0.08236703981534166,0.0,0.0,Vmag_get_voltage_magnitude_series__angle_get_voltage_angle_series,true,SG,Ybus EMT reconstruction using exact complex bus-voltage phasors when available; otherwise diagnostic fallback
7.2,0.038433968471772495,0.004719780313080291,0.038433968471772495,0.004719780313080291,0.038433968471772495,0.004719780313080291,5.438433968471774,0.08708682012842195,5.400000000000001,0.08236703981534166,0.0,0.0,Vmag_get_voltage_magnitude_series__angle_get_voltage_angle_series,true,SG,Ybus EMT reconstruction using exact complex bus-voltage phasors when available; otherwise diagnostic fallback
7.21,0.038433074479895524,0.0047215822697794785,0.038433074479895524,0.0047215822697794785,0.038433074479895524,0.0047215822697794785,5.438433074479897,0.08708862208512114,5.400000000000001,0.08236703981534166,0.0,0.0,Vmag_get_voltage_magnitude_series__angle_get_voltage_angle_series,true,SG,Ybus EMT reconstruction using exact complex bus-voltage phasors when available; otherwise diagnostic fallback
7.22,0.03843217678173261,0.004723383440403239,0.03843217678173261,0.004723383440403239,0.03843217678173261,0.004723383440403239,5.438432176781734,0.0870904232557449,5.400000000000001,0.08236703981534166,0.0,0.0,Vmag_get_voltage_magnitude_series__angle_get_voltage_angle_series,true,SG,Ybus EMT reconstruction using exact complex bus-voltage phasors when available; otherwise diagnostic fallback
7.23,0.03843127546644176,0.004725183808945821,0.03843127546644176,0.004725183808945821,0.03843127546644176,0.004725183808945821,5.438431275466443,0.08709222362428748,5.400000000000001,0.08236703981534166,0.0,0.0,Vmag_get_voltage_magnitude_series__angle_get_voltage_angle_series,true,SG,Ybus EMT reconstruction using exact complex bus-voltage phasors when available; otherwise diagnostic fallback
7.24,0.03843037062267296,0.004726983359450321,0.03843037062267296,0.004726983359450321,0.03843037062267296,0.004726983359450321,5.438430370622674,0.08709402317479198,5.400000000000001,0.08236703981534166,0.0,0.0,Vmag_get_voltage_magnitude_series__angle_get_voltage_angle_series,true,SG,Ybus EMT reconstruction using exact complex bus-voltage phasors when available; otherwise diagnostic fallback
7.25,0.038429462338553044,0.0047287820761490185,0.038429462338553044,0.0047287820761490185,0.038429462338553044,0.0047287820761490185,5.438429462338554,0.08709582189149068,5.400000000000001,0.08236703981534166,0.0,0.0,Vmag_get_voltage_magnitude_series__angle_get_voltage_angle_series,true,SG,Ybus EMT reconstruction using exact complex bus-voltage phasors when available; otherwise diagnostic fallback
7.26,0.03842855070167417,0.004730579943339586,0.03842855070167417,0.004730579943339586,0.03842855070167417,0.004730579943339586,5.438428550701675,0.08709761975868124,5.400000000000001,0.08236703981534166,0.0,0.0,Vmag_get_voltage_magnitude_series__angle_get_voltage_angle_series,true,SG,Ybus EMT reconstruction using exact complex bus-voltage phasors when available; otherwise diagnostic fallback
7.27,0.03842763579914088,0.004732376945537964,0.03842763579914088,0.004732376945537964,0.03842763579914088,0.004732376945537964,5.438427635799142,0.08709941676087962,5.400000000000001,0.08236703981534166,0.0,0.0,Vmag_get_voltage_magnitude_series__angle_get_voltage_angle_series,true,SG,Ybus EMT reconstruction using exact complex bus-voltage phasors when available; otherwise diagnostic fallback
7.28,0.0384267177175488,0.0047341730673396976,0.0384267177175488,0.0047341730673396976,0.0384267177175488,0.0047341730673396976,5.43842671771755,0.08710121288268136,5.400000000000001,0.08236703981534166,0.0,0.0,Vmag_get_voltage_magnitude_series__angle_get_voltage_angle_series,true,SG,Ybus EMT reconstruction using exact complex bus-voltage phasors when available; otherwise diagnostic fallback
7.29,0.03842579654298284,0.004735968293453241,0.03842579654298284,0.004735968293453241,0.03842579654298284,0.004735968293453241,5.438425796542984,0.0871030081087949,5.400000000000001,0.08236703981534166,0.0,0.0,Vmag_get_voltage_magnitude_series__angle_get_voltage_angle_series,true,SG,Ybus EMT reconstruction using exact complex bus-voltage phasors when available; otherwise diagnostic fallback
7.3,0.038424872360953266,0.004737762608736595,0.038424872360953266,0.004737762608736595,0.038424872360953266,0.004737762608736595,5.4384248723609545,0.08710480242407825,5.400000000000001,0.08236703981534166,0.0,0.0,Vmag_get_voltage_magnitude_series__angle_get_voltage_angle_series,true,SG,Ybus EMT reconstruction using exact complex bus-voltage phasors when available; otherwise diagnostic fallback
7.31,0.0384239452565156,0.004739555998131695,0.0384239452565156,0.004739555998131695,0.0384239452565156,0.004739555998131695,5.438423945256517,0.08710659581347335,5.400000000000001,0.08236703981534166,0.0,0.0,Vmag_get_voltage_magnitude_series__angle_get_voltage_angle_series,true,SG,Ybus EMT reconstruction using exact complex bus-voltage phasors when available; otherwise diagnostic fallback
7.32,0.038423015314192455,0.004741348446726135,0.038423015314192455,0.004741348446726135,0.038423015314192455,0.004741348446726135,5.438423015314194,0.08710838826206779,5.400000000000001,0.08236703981534166,0.0,0.0,Vmag_get_voltage_magnitude_series__angle_get_voltage_angle_series,true,SG,Ybus EMT reconstruction using exact complex bus-voltage phasors when available; otherwise diagnostic fallback
7.33,0.038422082617951325,0.004743139939676455,0.038422082617951325,0.004743139939676455,0.038422082617951325,0.004743139939676455,5.438422082617953,0.08711017975501811,5.400000000000001,0.08236703981534166,0.0,0.0,Vmag_get_voltage_magnitude_series__angle_get_voltage_angle_series,true,SG,Ybus EMT reconstruction using exact complex bus-voltage phasors when available; otherwise diagnostic fallback
7.34,0.03842114725133605,0.004744930462304953,0.03842114725133605,0.004744930462304953,0.03842114725133605,0.004744930462304953,5.438421147251337,0.08711197027764661,5.400000000000001,0.08236703981534166,0.0,0.0,Vmag_get_voltage_magnitude_series__angle_get_voltage_angle_series,true,SG,Ybus EMT reconstruction using exact complex bus-voltage phasors when available; otherwise diagnostic fallback
7.35,0.038420209297207464,0.004746720000013749,0.038420209297207464,0.004746720000013749,0.038420209297207464,0.004746720000013749,5.438420209297209,0.08711375981535541,5.400000000000001,0.08236703981534166,0.0,0.0,Vmag_get_voltage_magnitude_series__angle_get_voltage_angle_series,true,SG,Ybus EMT reconstruction using exact complex bus-voltage phasors when available; otherwise diagnostic fallback
7.36,0.038419268838063125,0.004748508538278351,0.038419268838063125,0.004748508538278351,0.038419268838063125,0.004748508538278351,5.438419268838064,0.08711554835362001,5.400000000000001,0.08236703981534166,0.0,0.0,Vmag_get_voltage_magnitude_series__angle_get_voltage_angle_series,true,SG,Ybus EMT reconstruction using exact complex bus-voltage phasors when available; otherwise diagnostic fallback
7.37,0.03841832595580286,0.004750296062705384,0.03841832595580286,0.004750296062705384,0.03841832595580286,0.004750296062705384,5.438418325955804,0.08711733587804704,5.400000000000001,0.08236703981534166,0.0,0.0,Vmag_get_voltage_magnitude_series__angle_get_voltage_angle_series,true,SG,Ybus EMT reconstruction using exact complex bus-voltage phasors when available; otherwise diagnostic fallback
7.38,0.03841738073181844,0.004752082559014381,0.03841738073181844,0.004752082559014381,0.03841738073181844,0.004752082559014381,5.43841738073182,0.08711912237435604,5.400000000000001,0.08236703981534166,0.0,0.0,Vmag_get_voltage_magnitude_series__angle_get_voltage_angle_series,true,SG,Ybus EMT reconstruction using exact complex bus-voltage phasors when available; otherwise diagnostic fallback
7.39,0.038416433246976744,0.004753868012981832,0.038416433246976744,0.004753868012981832,0.038416433246976744,0.004753868012981832,5.438416433246978,0.08712090782832349,5.400000000000001,0.08236703981534166,0.0,0.0,Vmag_get_voltage_magnitude_series__angle_get_voltage_angle_series,true,SG,Ybus EMT reconstruction using exact complex bus-voltage phasors when available; otherwise diagnostic fallback
7.4,0.03841548358164637,0.00475565241049003,0.03841548358164637,0.00475565241049003,0.03841548358164637,0.00475565241049003,5.438415483581648,0.08712269222583169,5.400000000000001,0.08236703981534166,0.0,0.0,Vmag_get_voltage_magnitude_series__angle_get_voltage_angle_series,true,SG,Ybus EMT reconstruction using exact complex bus-voltage phasors when available; otherwise diagnostic fallback
7.41,0.03841453181565413,0.004757435737548721,0.03841453181565413,0.004757435737548721,0.03841453181565413,0.004757435737548721,5.438414531815655,0.08712447555289038,5.400000000000001,0.08236703981534166,0.0,0.0,Vmag_get_voltage_magnitude_series__angle_get_voltage_angle_series,true,SG,Ybus EMT reconstruction using exact complex bus-voltage phasors when available; otherwise diagnostic fallback
7.42,0.038413578028300144,0.004759217980195296,0.038413578028300144,0.004759217980195296,0.038413578028300144,0.004759217980195296,5.438413578028301,0.08712625779553695,5.400000000000001,0.08236703981534166,0.0,0.0,Vmag_get_voltage_magnitude_series__angle_get_voltage_angle_series,true,SG,Ybus EMT reconstruction using exact complex bus-voltage phasors when available; otherwise diagnostic fallback
7.43,0.03841262229838627,0.0047609991246246874,0.03841262229838627,0.0047609991246246874,0.03841262229838627,0.0047609991246246874,5.4384126222983875,0.08712803893996635,5.400000000000001,0.08236703981534166,0.0,0.0,Vmag_get_voltage_magnitude_series__angle_get_voltage_angle_series,true,SG,Ybus EMT reconstruction using exact complex bus-voltage phasors when available; otherwise diagnostic fallback
7.44,0.03841166470416635,0.004762779157049812,0.03841166470416635,0.004762779157049812,0.03841166470416635,0.004762779157049812,5.438411664704168,0.08712981897239147,5.400000000000001,0.08236703981534166,0.0,0.0,Vmag_get_voltage_magnitude_series__angle_get_voltage_angle_series,true,SG,Ybus EMT reconstruction using exact complex bus-voltage phasors when available; otherwise diagnostic fallback
7.45,0.038410705323371985,0.004764558063796942,0.038410705323371985,0.004764558063796942,0.038410705323371985,0.004764558063796942,5.438410705323373,0.0871315978791386,5.400000000000001,0.08236703981534166,0.0,0.0,Vmag_get_voltage_magnitude_series__angle_get_voltage_angle_series,true,SG,Ybus EMT reconstruction using exact complex bus-voltage phasors when available; otherwise diagnostic fallback
7.46,0.038409744233262266,0.004766335831257074,0.038409744233262266,0.004766335831257074,0.038409744233262266,0.004766335831257074,5.4384097442332635,0.08713337564659873,5.400000000000001,0.08236703981534166,0.0,0.0,Vmag_get_voltage_magnitude_series__angle_get_voltage_angle_series,true,SG,Ybus EMT reconstruction using exact complex bus-voltage phasors when available; otherwise diagnostic fallback
7.47,0.0384087815105012,0.004768112445941108,0.0384087815105012,0.004768112445941108,0.0384087815105012,0.004768112445941108,5.438408781510502,0.08713515226128277,5.400000000000001,0.08236703981534166,0.0,0.0,Vmag_get_voltage_magnitude_series__angle_get_voltage_angle_series,true,SG,Ybus EMT reconstruction using exact complex bus-voltage phasors when available; otherwise diagnostic fallback
7.48,0.03840781723129005,0.004769887894386482,0.03840781723129005,0.004769887894386482,0.03840781723129005,0.004769887894386482,5.438407817231291,0.08713692770972814,5.400000000000001,0.08236703981534166,0.0,0.0,Vmag_get_voltage_magnitude_series__angle_get_voltage_angle_series,true,SG,Ybus EMT reconstruction using exact complex bus-voltage phasors when available; otherwise diagnostic fallback
7.49,0.0384068514712288,0.004771662163194468,0.0384068514712288,0.004771662163194468,0.0384068514712288,0.004771662163194468,5.43840685147123,0.08713870197853613,5.400000000000001,0.08236703981534166,0.0,0.0,Vmag_get_voltage_magnitude_series__angle_get_voltage_angle_series,true,SG,Ybus EMT reconstruction using exact complex bus-voltage phasors when available; otherwise diagnostic fallback
7.5,0.03840588430546976,0.004773435239134649,0.03840588430546976,0.004773435239134649,0.03840588430546976,0.004773435239134649,5.438405884305471,0.08714047505447631,5.400000000000001,0.08236703981534166,0.0,0.0,Vmag_get_voltage_magnitude_series__angle_get_voltage_angle_series,true,SG,Ybus EMT reconstruction using exact complex bus-voltage phasors when available; otherwise diagnostic fallback
7.51,0.0384049158085773,0.004775207108906887,0.0384049158085773,0.004775207108906887,0.0384049158085773,0.004775207108906887,5.4384049158085785,0.08714224692424855,5.400000000000001,0.08236703981534166,0.0,0.0,Vmag_get_voltage_magnitude_series__angle_get_voltage_angle_series,true,SG,Ybus EMT reconstruction using exact complex bus-voltage phasors when available; otherwise diagnostic fallback
7.52,0.03840394605463349,0.004776977759419321,0.03840394605463349,0.004776977759419321,0.03840394605463349,0.004776977759419321,5.438403946054635,0.08714401757476098,5.400000000000001,0.08236703981534166,0.0,0.0,Vmag_get_voltage_magnitude_series__angle_get_voltage_angle_series,true,SG,Ybus EMT reconstruction using exact complex bus-voltage phasors when available; otherwise diagnostic fallback
7.53,0.038402975117168836,0.004778747177507481,0.038402975117168836,0.004778747177507481,0.038402975117168836,0.004778747177507481,5.43840297511717,0.08714578699284914,5.400000000000001,0.08236703981534166,0.0,0.0,Vmag_get_voltage_magnitude_series__angle_get_voltage_angle_series,true,SG,Ybus EMT reconstruction using exact complex bus-voltage phasors when available; otherwise diagnostic fallback
7.54,0.03840200306918451,0.004780515350196524,0.03840200306918451,0.004780515350196524,0.03840200306918451,0.004780515350196524,5.438402003069186,0.08714755516553818,5.400000000000001,0.08236703981534166,0.0,0.0,Vmag_get_voltage_magnitude_series__angle_get_voltage_angle_series,true,SG,Ybus EMT reconstruction using exact complex bus-voltage phasors when available; otherwise diagnostic fallback
7.55,0.03840102998314521,0.0047822822644799645,0.03840102998314521,0.0047822822644799645,0.03840102998314521,0.0047822822644799645,5.4384010299831465,0.08714932207982162,5.400000000000001,0.08236703981534166,0.0,0.0,Vmag_get_voltage_magnitude_series__angle_get_voltage_angle_series,true,SG,Ybus EMT reconstruction using exact complex bus-voltage phasors when available; otherwise diagnostic fallback
7.56,0.038400055930977395,0.004784047907467226,0.038400055930977395,0.004784047907467226,0.038400055930977395,0.004784047907467226,5.438400055930979,0.08715108772280888,5.400000000000001,0.08236703981534166,0.0,0.0,Vmag_get_voltage_magnitude_series__angle_get_voltage_angle_series,true,SG,Ybus EMT reconstruction using exact complex bus-voltage phasors when available; otherwise diagnostic fallback
7.57,0.038399080984125256,0.004785812266250078,0.038399080984125256,0.004785812266250078,0.038399080984125256,0.004785812266250078,5.4383990809841265,0.08715285208159174,5.400000000000001,0.08236703981534166,0.0,0.0,Vmag_get_voltage_magnitude_series__angle_get_voltage_angle_series,true,SG,Ybus EMT reconstruction using exact complex bus-voltage phasors when available; otherwise diagnostic fallback
7.58,0.038398105213388156,0.004787575328137006,0.038398105213388156,0.004787575328137006,0.038398105213388156,0.004787575328137006,5.438398105213389,0.08715461514347866,5.400000000000001,0.08236703981534166,0.0,0.0,Vmag_get_voltage_magnitude_series__angle_get_voltage_angle_series,true,SG,Ybus EMT reconstruction using exact complex bus-voltage phasors when available; otherwise diagnostic fallback
7.59,0.03839712868912759,0.004789337080332023,0.03839712868912759,0.004789337080332023,0.03839712868912759,0.004789337080332023,5.438397128689129,0.08715637689567368,5.400000000000001,0.08236703981534166,0.0,0.0,Vmag_get_voltage_magnitude_series__angle_get_voltage_angle_series,true,SG,Ybus EMT reconstruction using exact complex bus-voltage phasors when available; otherwise diagnostic fallback
7.6,0.038396151481119745,0.0047910975101365105,0.038396151481119745,0.0047910975101365105,0.038396151481119745,0.0047910975101365105,5.438396151481121,0.08715813732547817,5.400000000000001,0.08236703981534166,0.0,0.0,Vmag_get_voltage_magnitude_series__angle_get_voltage_angle_series,true,SG,Ybus EMT reconstruction using exact complex bus-voltage phasors when available; otherwise diagnostic fallback
7.61,0.03839517365862566,0.0047928566049378896,0.03839517365862566,0.0047928566049378896,0.03839517365862566,0.0047928566049378896,5.438395173658627,0.08715989642027955,5.400000000000001,0.08236703981534166,0.0,0.0,Vmag_get_voltage_magnitude_series__angle_get_voltage_angle_series,true,SG,Ybus EMT reconstruction using exact complex bus-voltage phasors when available; otherwise diagnostic fallback
7.62,0.03839419529031041,0.004794614352153226,0.03839419529031041,0.004794614352153226,0.03839419529031041,0.004794614352153226,5.438394195290312,0.08716165416749488,5.400000000000001,0.08236703981534166,0.0,0.0,Vmag_get_voltage_magnitude_series__angle_get_voltage_angle_series,true,SG,Ybus EMT reconstruction using exact complex bus-voltage phasors when available; otherwise diagnostic fallback
7.63,0.03839321644435234,0.004796370739242328,0.03839321644435234,0.004796370739242328,0.03839321644435234,0.004796370739242328,5.438393216444354,0.08716341055458399,5.400000000000001,0.08236703981534166,0.0,0.0,Vmag_get_voltage_magnitude_series__angle_get_voltage_angle_series,true,SG,Ybus EMT reconstruction using exact complex bus-voltage phasors when available; otherwise diagnostic fallback
7.64,0.03839223718836582,0.004798125753702975,0.03839223718836582,0.004798125753702975,0.03839223718836582,0.004798125753702975,5.438392237188367,0.08716516556904463,5.400000000000001,0.08236703981534166,0.0,0.0,Vmag_get_voltage_magnitude_series__angle_get_voltage_angle_series,true,SG,Ybus EMT reconstruction using exact complex bus-voltage phasors when available; otherwise diagnostic fallback
7.65,0.0383912575893941,0.004799879383086014,0.0383912575893941,0.004799879383086014,0.0383912575893941,0.004799879383086014,5.438391257589395,0.08716691919842767,5.400000000000001,0.08236703981534166,0.0,0.0,Vmag_get_voltage_magnitude_series__angle_get_voltage_angle_series,true,SG,Ybus EMT reconstruction using exact complex bus-voltage phasors when available; otherwise diagnostic fallback
7.66,0.038390277713925336,0.004801631615037993,0.038390277713925336,0.004801631615037993,0.038390277713925336,0.004801631615037993,5.438390277713927,0.08716867143037965,5.400000000000001,0.08236703981534166,0.0,0.0,Vmag_get_voltage_magnitude_series__angle_get_voltage_angle_series,true,SG,Ybus EMT reconstruction using exact complex bus-voltage phasors when available; otherwise diagnostic fallback
7.67,0.03838929762795562,0.004803382437153503,0.03838929762795562,0.004803382437153503,0.03838929762795562,0.004803382437153503,5.438389297627957,0.08717042225249516,5.400000000000001,0.08236703981534166,0.0,0.0,Vmag_get_voltage_magnitude_series__angle_get_voltage_angle_series,true,SG,Ybus EMT reconstruction using exact complex bus-voltage phasors when available; otherwise diagnostic fallback
7.68,0.03838831739685844,0.00480513183716802,0.03838831739685844,0.00480513183716802,0.03838831739685844,0.00480513183716802,5.43838831739686,0.08717217165250968,5.400000000000001,0.08236703981534166,0.0,0.0,Vmag_get_voltage_magnitude_series__angle_get_voltage_angle_series,true,SG,Ybus EMT reconstruction using exact complex bus-voltage phasors when available; otherwise diagnostic fallback
7.69,0.03838733708548414,0.0048068798027436355,0.03838733708548414,0.0048068798027436355,0.03838733708548414,0.0048068798027436355,5.438387337085485,0.0871739196180853,5.400000000000001,0.08236703981534166,0.0,0.0,Vmag_get_voltage_magnitude_series__angle_get_voltage_angle_series,true,SG,Ybus EMT reconstruction using exact complex bus-voltage phasors when available; otherwise diagnostic fallback
7.7,0.03838635675814572,0.0048086263216353675,0.03838635675814572,0.0048086263216353675,0.03838635675814572,0.0048086263216353675,5.438386356758147,0.08717566613697703,5.400000000000001,0.08236703981534166,0.0,0.0,Vmag_get_voltage_magnitude_series__angle_get_voltage_angle_series,true,SG,Ybus EMT reconstruction using exact complex bus-voltage phasors when available; otherwise diagnostic fallback
7.71,0.03838537647855844,0.004810371381689715,0.03838537647855844,0.004810371381689715,0.03838537647855844,0.004810371381689715,5.43838537647856,0.08717741119703137,5.400000000000001,0.08236703981534166,0.0,0.0,Vmag_get_voltage_magnitude_series__angle_get_voltage_angle_series,true,SG,Ybus EMT reconstruction using exact complex bus-voltage phasors when available; otherwise diagnostic fallback
7.72,0.03838439630990109,0.004812114970749848,0.03838439630990109,0.004812114970749848,0.03838439630990109,0.004812114970749848,5.438384396309902,0.0871791547860915,5.400000000000001,0.08236703981534166,0.0,0.0,Vmag_get_voltage_magnitude_series__angle_get_voltage_angle_series,true,SG,Ybus EMT reconstruction using exact complex bus-voltage phasors when available; otherwise diagnostic fallback
7.73,0.03838341631481157,0.004813857076613637,0.03838341631481157,0.004813857076613637,0.03838341631481157,0.004813857076613637,5.438383416314813,0.0871808968919553,5.400000000000001,0.08236703981534166,0.0,0.0,Vmag_get_voltage_magnitude_series__angle_get_voltage_angle_series,true,SG,Ybus EMT reconstruction using exact complex bus-voltage phasors when available; otherwise diagnostic fallback
7.74,0.038382436555305155,0.004815597687252593,0.038382436555305155,0.004815597687252593,0.038382436555305155,0.004815597687252593,5.438382436555306,0.08718263750259425,5.400000000000001,0.08236703981534166,0.0,0.0,Vmag_get_voltage_magnitude_series__angle_get_voltage_angle_series,true,SG,Ybus EMT reconstruction using exact complex bus-voltage phasors when available; otherwise diagnostic fallback
7.75,0.03838145709292462,0.004817336790539417,0.03838145709292462,0.004817336790539417,0.03838145709292462,0.004817336790539417,5.438381457092926,0.08718437660588108,5.400000000000001,0.08236703981534166,0.0,0.0,Vmag_get_voltage_magnitude_series__angle_get_voltage_angle_series,true,SG,Ybus EMT reconstruction using exact complex bus-voltage phasors when available; otherwise diagnostic fallback
7.76,0.038380477988550155,0.0048190743744637166,0.038380477988550155,0.0048190743744637166,0.038380477988550155,0.0048190743744637166,5.438380477988551,0.08718611418980537,5.400000000000001,0.08236703981534166,0.0,0.0,Vmag_get_voltage_magnitude_series__angle_get_voltage_angle_series,true,SG,Ybus EMT reconstruction using exact complex bus-voltage phasors when available; otherwise diagnostic fallback
7.77,0.038379499302590325,0.0048208104270145435,0.038379499302590325,0.0048208104270145435,0.038379499302590325,0.0048208104270145435,5.438379499302592,0.0871878502423562,5.400000000000001,0.08236703981534166,0.0,0.0,Vmag_get_voltage_magnitude_series__angle_get_voltage_angle_series,true,SG,Ybus EMT reconstruction using exact complex bus-voltage phasors when available; otherwise diagnostic fallback
7.78,0.03837852109481421,0.004822544936201156,0.03837852109481421,0.004822544936201156,0.03837852109481421,0.004822544936201156,5.4383785210948155,0.08718958475154281,5.400000000000001,0.08236703981534166,0.0,0.0,Vmag_get_voltage_magnitude_series__angle_get_voltage_angle_series,true,SG,Ybus EMT reconstruction using exact complex bus-voltage phasors when available; otherwise diagnostic fallback
7.79,0.03837754342449884,0.004824277890063344,0.03837754342449884,0.004824277890063344,0.03837754342449884,0.004824277890063344,5.4383775434245,0.087191317705405,5.400000000000001,0.08236703981534166,0.0,0.0,Vmag_get_voltage_magnitude_series__angle_get_voltage_angle_series,true,SG,Ybus EMT reconstruction using exact complex bus-voltage phasors when available; otherwise diagnostic fallback
7.8,0.03837656635030218,0.004826009276683529,0.03837656635030218,0.004826009276683529,0.03837656635030218,0.004826009276683529,5.438376566350303,0.08719304909202519,5.400000000000001,0.08236703981534166,0.0,0.0,Vmag_get_voltage_magnitude_series__angle_get_voltage_angle_series,true,SG,Ybus EMT reconstruction using exact complex bus-voltage phasors when available; otherwise diagnostic fallback
7.81,0.038375589930330634,0.004827739084115379,0.038375589930330634,0.004827739084115379,0.038375589930330634,0.004827739084115379,5.438375589930332,0.08719477889945704,5.400000000000001,0.08236703981534166,0.0,0.0,Vmag_get_voltage_magnitude_series__angle_get_voltage_angle_series,true,SG,Ybus EMT reconstruction using exact complex bus-voltage phasors when available; otherwise diagnostic fallback
7.82,0.03837461422212307,0.004829467300552337,0.03837461422212307,0.004829467300552337,0.03837461422212307,0.004829467300552337,5.438374614222124,0.087196507115894,5.400000000000001,0.08236703981534166,0.0,0.0,Vmag_get_voltage_magnitude_series__angle_get_voltage_angle_series,true,SG,Ybus EMT reconstruction using exact complex bus-voltage phasors when available; otherwise diagnostic fallback
7.83,0.038373639282641925,0.004831193914076493,0.038373639282641925,0.004831193914076493,0.038373639282641925,0.004831193914076493,5.438373639282643,0.08719823372941815,5.400000000000001,0.08236703981534166,0.0,0.0,Vmag_get_voltage_magnitude_series__angle_get_voltage_angle_series,true,SG,Ybus EMT reconstruction using exact complex bus-voltage phasors when available; otherwise diagnostic fallback
7.84,0.03837266516833182,0.0048329189128392125,0.03837266516833182,0.0048329189128392125,0.03837266516833182,0.0048329189128392125,5.438372665168333,0.08719995872818087,5.400000000000001,0.08236703981534166,0.0,0.0,Vmag_get_voltage_magnitude_series__angle_get_voltage_angle_series,true,SG,Ybus EMT reconstruction using exact complex bus-voltage phasors when available; otherwise diagnostic fallback
7.85,0.038371691935019214,0.00483464228508157,0.038371691935019214,0.00483464228508157,0.038371691935019214,0.00483464228508157,5.4383716919350205,0.08720168210042323,5.400000000000001,0.08236703981534166,0.0,0.0,Vmag_get_voltage_magnitude_series__angle_get_voltage_angle_series,true,SG,Ybus EMT reconstruction using exact complex bus-voltage phasors when available; otherwise diagnostic fallback
7.86,0.03837071963799321,0.004836364018922734,0.03837071963799321,0.004836364018922734,0.03837071963799321,0.004836364018922734,5.4383707196379945,0.08720340383426439,5.400000000000001,0.08236703981534166,0.0,0.0,Vmag_get_voltage_magnitude_series__angle_get_voltage_angle_series,true,SG,Ybus EMT reconstruction using exact complex bus-voltage phasors when available; otherwise diagnostic fallback
7.87,0.03836974833196827,0.004838084102645301,0.03836974833196827,0.004838084102645301,0.03836974833196827,0.004838084102645301,5.4383697483319695,0.08720512391798696,5.400000000000001,0.08236703981534166,0.0,0.0,Vmag_get_voltage_magnitude_series__angle_get_voltage_angle_series,true,SG,Ybus EMT reconstruction using exact complex bus-voltage phasors when available; otherwise diagnostic fallback
7.88,0.038368778071103726,0.004839802524465364,0.038368778071103726,0.004839802524465364,0.038368778071103726,0.004839802524465364,5.438368778071105,0.08720684233980702,5.400000000000001,0.08236703981534166,0.0,0.0,Vmag_get_voltage_magnitude_series__angle_get_voltage_angle_series,true,SG,Ybus EMT reconstruction using exact complex bus-voltage phasors when available; otherwise diagnostic fallback
7.89,0.038367808908981615,0.004841519272647421,0.038367808908981615,0.004841519272647421,0.038367808908981615,0.004841519272647421,5.438367808908983,0.08720855908798908,5.400000000000001,0.08236703981534166,0.0,0.0,Vmag_get_voltage_magnitude_series__angle_get_voltage_angle_series,true,SG,Ybus EMT reconstruction using exact complex bus-voltage phasors when available; otherwise diagnostic fallback
7.9,0.038366840898646615,0.0048432343354364304,0.038366840898646615,0.0048432343354364304,0.038366840898646615,0.0048432343354364304,5.438366840898648,0.08721027415077809,5.400000000000001,0.08236703981534166,0.0,0.0,Vmag_get_voltage_magnitude_series__angle_get_voltage_angle_series,true,SG,Ybus EMT reconstruction using exact complex bus-voltage phasors when available; otherwise diagnostic fallback
7.91,0.0383658740925652,0.004844947701124869,0.0383658740925652,0.004844947701124869,0.0383658740925652,0.004844947701124869,5.438365874092566,0.08721198751646653,5.400000000000001,0.08236703981534166,0.0,0.0,Vmag_get_voltage_magnitude_series__angle_get_voltage_angle_series,true,SG,Ybus EMT reconstruction using exact complex bus-voltage phasors when available; otherwise diagnostic fallback
7.92,0.0383649085426212,0.004846659358018535,0.0383649085426212,0.004846659358018535,0.0383649085426212,0.004846659358018535,5.4383649085426224,0.08721369917336019,5.400000000000001,0.08236703981534166,0.0,0.0,Vmag_get_voltage_magnitude_series__angle_get_voltage_angle_series,true,SG,Ybus EMT reconstruction using exact complex bus-voltage phasors when available; otherwise diagnostic fallback
7.93,0.038363944300174424,0.0048483692944255585,0.038363944300174424,0.0048483692944255585,0.038363944300174424,0.0048483692944255585,5.438363944300176,0.08721540910976722,5.400000000000001,0.08236703981534166,0.0,0.0,Vmag_get_voltage_magnitude_series__angle_get_voltage_angle_series,true,SG,Ybus EMT reconstruction using exact complex bus-voltage phasors when available; otherwise diagnostic fallback
7.94,0.03836298141600736,0.004850077498665617,0.03836298141600736,0.004850077498665617,0.03836298141600736,0.004850077498665617,5.438362981416009,0.08721711731400728,5.400000000000001,0.08236703981534166,0.0,0.0,Vmag_get_voltage_magnitude_series__angle_get_voltage_angle_series,true,SG,Ybus EMT reconstruction using exact complex bus-voltage phasors when available; otherwise diagnostic fallback
7.95,0.038362019940354486,0.004851783959094025,0.038362019940354486,0.004851783959094025,0.038362019940354486,0.004851783959094025,5.438362019940356,0.08721882377443568,5.400000000000001,0.08236703981534166,0.0,0.0,Vmag_get_voltage_magnitude_series__angle_get_voltage_angle_series,true,SG,Ybus EMT reconstruction using exact complex bus-voltage phasors when available; otherwise diagnostic fallback
7.96,0.038361059922897844,0.004853488664025796,0.038361059922897844,0.004853488664025796,0.038361059922897844,0.004853488664025796,5.438361059922899,0.08722052847936745,5.400000000000001,0.08236703981534166,0.0,0.0,Vmag_get_voltage_magnitude_series__angle_get_voltage_angle_series,true,SG,Ybus EMT reconstruction using exact complex bus-voltage phasors when available; otherwise diagnostic fallback
7.97,0.038360101412742154,0.004855191601843001,0.038360101412742154,0.004855191601843001,0.038360101412742154,0.004855191601843001,5.438360101412743,0.08722223141718466,5.400000000000001,0.08236703981534166,0.0,0.0,Vmag_get_voltage_magnitude_series__angle_get_voltage_angle_series,true,SG,Ybus EMT reconstruction using exact complex bus-voltage phasors when available; otherwise diagnostic fallback
7.98,0.03835914445845745,0.0048568927609335955,0.03835914445845745,0.0048568927609335955,0.03835914445845745,0.0048568927609335955,5.438359144458459,0.08722393257627525,5.400000000000001,0.08236703981534166,0.0,0.0,Vmag_get_voltage_magnitude_series__angle_get_voltage_angle_series,true,SG,Ybus EMT reconstruction using exact complex bus-voltage phasors when available; otherwise diagnostic fallback
7.99,0.03835818910805422,0.00485859212965134,0.03835818910805422,0.00485859212965134,0.03835818910805422,0.00485859212965134,5.4383581891080555,0.087225631944993,5.400000000000001,0.08236703981534166,0.0,0.0,Vmag_get_voltage_magnitude_series__angle_get_voltage_angle_series,true,SG,Ybus EMT reconstruction using exact complex bus-voltage phasors when available; otherwise diagnostic fallback
8.0,0.038357235409010926,0.004860289696363762,0.038357235409010926,0.004860289696363762,0.038357235409010926,0.004860289696363762,5.438357235409012,0.08722732951170542,5.400000000000001,0.08236703981534166,0.0,0.0,Vmag_get_voltage_magnitude_series__angle_get_voltage_angle_series,true,SG,Ybus EMT reconstruction using exact complex bus-voltage phasors when available; otherwise diagnostic fallback
8.01,0.03835628340825803,0.004861985449491457,0.03835628340825803,0.004861985449491457,0.03835628340825803,0.004861985449491457,5.438356283408259,0.08722902526483312,5.400000000000001,0.08236703981534166,0.0,0.0,Vmag_get_voltage_magnitude_series__angle_get_voltage_angle_series,true,SG,Ybus EMT reconstruction using exact complex bus-voltage phasors when available; otherwise diagnostic fallback
8.02,0.03835533315213269,0.004863679377431596,0.03835533315213269,0.004863679377431596,0.03835533315213269,0.004863679377431596,5.438355333152134,0.08723071919277325,5.400000000000001,0.08236703981534166,0.0,0.0,Vmag_get_voltage_magnitude_series__angle_get_voltage_angle_series,true,SG,Ybus EMT reconstruction using exact complex bus-voltage phasors when available; otherwise diagnostic fallback
8.03,0.038354384686474674,0.004865371468603663,0.038354384686474674,0.004865371468603663,0.038354384686474674,0.004865371468603663,5.438354384686476,0.08723241128394532,5.400000000000001,0.08236703981534166,0.0,0.0,Vmag_get_voltage_magnitude_series__angle_get_voltage_angle_series,true,SG,Ybus EMT reconstruction using exact complex bus-voltage phasors when available; otherwise diagnostic fallback
8.04,0.038353438056554445,0.004867061711414711,0.038353438056554445,0.004867061711414711,0.038353438056554445,0.004867061711414711,5.438353438056556,0.08723410152675637,5.400000000000001,0.08236703981534166,0.0,0.0,Vmag_get_voltage_magnitude_series__angle_get_voltage_angle_series,true,SG,Ybus EMT reconstruction using exact complex bus-voltage phasors when available; otherwise diagnostic fallback
8.05,0.03835249330711932,0.004868750094312757,0.03835249330711932,0.004868750094312757,0.03835249330711932,0.004868750094312757,5.438352493307121,0.08723578990965442,5.400000000000001,0.08236703981534166,0.0,0.0,Vmag_get_voltage_magnitude_series__angle_get_voltage_angle_series,true,SG,Ybus EMT reconstruction using exact complex bus-voltage phasors when available; otherwise diagnostic fallback
8.06,0.038351550482351726,0.004870436605708295,0.038351550482351726,0.004870436605708295,0.038351550482351726,0.004870436605708295,5.438351550482353,0.08723747642104995,5.400000000000001,0.08236703981534166,0.0,0.0,Vmag_get_voltage_magnitude_series__angle_get_voltage_angle_series,true,SG,Ybus EMT reconstruction using exact complex bus-voltage phasors when available; otherwise diagnostic fallback
8.07,0.03835060962592074,0.004872121234025473,0.03835060962592074,0.004872121234025473,0.03835060962592074,0.004872121234025473,5.438350609625922,0.08723916104936713,5.400000000000001,0.08236703981534166,0.0,0.0,Vmag_get_voltage_magnitude_series__angle_get_voltage_angle_series,true,SG,Ybus EMT reconstruction using exact complex bus-voltage phasors when available; otherwise diagnostic fallback
8.08,0.038349670780944756,0.004873803967723411,0.038349670780944756,0.004873803967723411,0.038349670780944756,0.004873803967723411,5.438349670780946,0.08724084378306507,5.400000000000001,0.08236703981534166,0.0,0.0,Vmag_get_voltage_magnitude_series__angle_get_voltage_angle_series,true,SG,Ybus EMT reconstruction using exact complex bus-voltage phasors when available; otherwise diagnostic fallback
8.09,0.03834873399001726,0.004875484795220042,0.03834873399001726,0.004875484795220042,0.03834873399001726,0.004875484795220042,5.4383487339900185,0.0872425246105617,5.400000000000001,0.08236703981534166,0.0,0.0,Vmag_get_voltage_magnitude_series__angle_get_voltage_angle_series,true,SG,Ybus EMT reconstruction using exact complex bus-voltage phasors when available; otherwise diagnostic fallback
8.1,0.03834779929519261,0.004877163705022447,0.03834779929519261,0.004877163705022447,0.03834779929519261,0.004877163705022447,5.438347799295194,0.0872442035203641,5.400000000000001,0.08236703981534166,0.0,0.0,Vmag_get_voltage_magnitude_series__angle_get_voltage_angle_series,true,SG,Ybus EMT reconstruction using exact complex bus-voltage phasors when available; otherwise diagnostic fallback
8.11,0.03834686673796117,0.004878840685519581,0.03834686673796117,0.004878840685519581,0.03834686673796117,0.004878840685519581,5.438346866737962,0.08724588050086124,5.400000000000001,0.08236703981534166,0.0,0.0,Vmag_get_voltage_magnitude_series__angle_get_voltage_angle_series,true,SG,Ybus EMT reconstruction using exact complex bus-voltage phasors when available; otherwise diagnostic fallback
8.12,0.03834593635938699,0.0048805157252010956,0.03834593635938699,0.0048805157252010956,0.03834593635938699,0.0048805157252010956,5.438345936359388,0.08724755554054275,5.400000000000001,0.08236703981534166,0.0,0.0,Vmag_get_voltage_magnitude_series__angle_get_voltage_angle_series,true,SG,Ybus EMT reconstruction using exact complex bus-voltage phasors when available; otherwise diagnostic fallback
8.13,0.03834500819987596,0.004882188812538768,0.03834500819987596,0.004882188812538768,0.03834500819987596,0.004882188812538768,5.438345008199877,0.08724922862788043,5.400000000000001,0.08236703981534166,0.0,0.0,Vmag_get_voltage_magnitude_series__angle_get_voltage_angle_series,true,SG,Ybus EMT reconstruction using exact complex bus-voltage phasors when available; otherwise diagnostic fallback
8.14,0.0383440822993828,0.004883859935961077,0.0383440822993828,0.004883859935961077,0.0383440822993828,0.004883859935961077,5.438344082299384,0.08725089975130274,5.400000000000001,0.08236703981534166,0.0,0.0,Vmag_get_voltage_magnitude_series__angle_get_voltage_angle_series,true,SG,Ybus EMT reconstruction using exact complex bus-voltage phasors when available; otherwise diagnostic fallback
8.15,0.03834315869732574,0.004885529083946016,0.03834315869732574,0.004885529083946016,0.03834315869732574,0.004885529083946016,5.438343158697327,0.08725256889928767,5.400000000000001,0.08236703981534166,0.0,0.0,Vmag_get_voltage_magnitude_series__angle_get_voltage_angle_series,true,SG,Ybus EMT reconstruction using exact complex bus-voltage phasors when available; otherwise diagnostic fallback
8.16,0.03834223743259546,0.004887196244987568,0.03834223743259546,0.004887196244987568,0.03834223743259546,0.004887196244987568,5.438342237432597,0.08725423606032923,5.400000000000001,0.08236703981534166,0.0,0.0,Vmag_get_voltage_magnitude_series__angle_get_voltage_angle_series,true,SG,Ybus EMT reconstruction using exact complex bus-voltage phasors when available; otherwise diagnostic fallback
8.17,0.03834131854355771,0.0048888614075112136,0.03834131854355771,0.0048888614075112136,0.03834131854355771,0.0048888614075112136,5.438341318543559,0.08725590122285287,5.400000000000001,0.08236703981534166,0.0,0.0,Vmag_get_voltage_magnitude_series__angle_get_voltage_angle_series,true,SG,Ybus EMT reconstruction using exact complex bus-voltage phasors when available; otherwise diagnostic fallback
8.18,0.03834040206809952,0.004890524560065557,0.03834040206809952,0.004890524560065557,0.03834040206809952,0.004890524560065557,5.438340402068101,0.08725756437540721,5.400000000000001,0.08236703981534166,0.0,0.0,Vmag_get_voltage_magnitude_series__angle_get_voltage_angle_series,true,SG,Ybus EMT reconstruction using exact complex bus-voltage phasors when available; otherwise diagnostic fallback
8.19,0.03833948804351728,0.004892185691022566,0.03833948804351728,0.004892185691022566,0.03833948804351728,0.004892185691022566,5.4383394880435185,0.08725922550636422,5.400000000000001,0.08236703981534166,0.0,0.0,Vmag_get_voltage_magnitude_series__angle_get_voltage_angle_series,true,SG,Ybus EMT reconstruction using exact complex bus-voltage phasors when available; otherwise diagnostic fallback
8.2,0.038338576506651734,0.004893844788986135,0.038338576506651734,0.004893844788986135,0.038338576506651734,0.004893844788986135,5.438338576506653,0.08726088460432779,5.400000000000001,0.08236703981534166,0.0,0.0,Vmag_get_voltage_magnitude_series__angle_get_voltage_angle_series,true,SG,Ybus EMT reconstruction using exact complex bus-voltage phasors when available; otherwise diagnostic fallback
8.21,0.038337667493810734,0.004895501842284378,0.038337667493810734,0.004895501842284378,0.038337667493810734,0.004895501842284378,5.438337667493812,0.08726254165762604,5.400000000000001,0.08236703981534166,0.0,0.0,Vmag_get_voltage_magnitude_series__angle_get_voltage_angle_series,true,SG,Ybus EMT reconstruction using exact complex bus-voltage phasors when available; otherwise diagnostic fallback
8.22,0.038336761040810075,0.0048971568395462794,0.038336761040810075,0.0048971568395462794,0.038336761040810075,0.0048971568395462794,5.438336761040811,0.08726419665488794,5.400000000000001,0.08236703981534166,0.0,0.0,Vmag_get_voltage_magnitude_series__angle_get_voltage_angle_series,true,SG,Ybus EMT reconstruction using exact complex bus-voltage phasors when available; otherwise diagnostic fallback
8.23,0.03833585718290067,0.004898809769116941,0.03833585718290067,0.004898809769116941,0.03833585718290067,0.004898809769116941,5.438335857182902,0.0872658495844586,5.400000000000001,0.08236703981534166,0.0,0.0,Vmag_get_voltage_magnitude_series__angle_get_voltage_angle_series,true,SG,Ybus EMT reconstruction using exact complex bus-voltage phasors when available; otherwise diagnostic fallback
8.24,0.03833495595489378,0.0049004606195997,0.03833495595489378,0.0049004606195997,0.03833495595489378,0.0049004606195997,5.438334955954895,0.08726750043494136,5.400000000000001,0.08236703981534166,0.0,0.0,Vmag_get_voltage_magnitude_series__angle_get_voltage_angle_series,true,SG,Ybus EMT reconstruction using exact complex bus-voltage phasors when available; otherwise diagnostic fallback
8.25,0.038334057391044674,0.0049021093793713,0.038334057391044674,0.0049021093793713,0.038334057391044674,0.0049021093793713,5.438334057391046,0.08726914919471296,5.400000000000001,0.08236703981534166,0.0,0.0,Vmag_get_voltage_magnitude_series__angle_get_voltage_angle_series,true,SG,Ybus EMT reconstruction using exact complex bus-voltage phasors when available; otherwise diagnostic fallback
8.26,0.038333161525126336,0.004903756037027418,0.038333161525126336,0.004903756037027418,0.038333161525126336,0.004903756037027418,5.438333161525128,0.08727079585236908,5.400000000000001,0.08236703981534166,0.0,0.0,Vmag_get_voltage_magnitude_series__angle_get_voltage_angle_series,true,SG,Ybus EMT reconstruction using exact complex bus-voltage phasors when available; otherwise diagnostic fallback
8.27,0.03833226839040549,0.004905400580968111,0.03833226839040549,0.004905400580968111,0.03833226839040549,0.004905400580968111,5.438332268390407,0.08727244039630977,5.400000000000001,0.08236703981534166,0.0,0.0,Vmag_get_voltage_magnitude_series__angle_get_voltage_angle_series,true,SG,Ybus EMT reconstruction using exact complex bus-voltage phasors when available; otherwise diagnostic fallback
8.28,0.03833137801966835,0.00490704299970901,0.03833137801966835,0.00490704299970901,0.03833137801966835,0.00490704299970901,5.43833137801967,0.08727408281505067,5.400000000000001,0.08236703981534166,0.0,0.0,Vmag_get_voltage_magnitude_series__angle_get_voltage_angle_series,true,SG,Ybus EMT reconstruction using exact complex bus-voltage phasors when available; otherwise diagnostic fallback
8.29,0.03833049044514425,0.004908683281739101,0.03833049044514425,0.004908683281739101,0.03833049044514425,0.004908683281739101,5.4383304904451455,0.08727572309708076,5.400000000000001,0.08236703981534166,0.0,0.0,Vmag_get_voltage_magnitude_series__angle_get_voltage_angle_series,true,SG,Ybus EMT reconstruction using exact complex bus-voltage phasors when available; otherwise diagnostic fallback
8.3,0.038329605698659286,0.004910321415554142,0.038329605698659286,0.004910321415554142,0.038329605698659286,0.004910321415554142,5.4383296056986605,0.0872773612308958,5.400000000000001,0.08236703981534166,0.0,0.0,Vmag_get_voltage_magnitude_series__angle_get_voltage_angle_series,true,SG,Ybus EMT reconstruction using exact complex bus-voltage phasors when available; otherwise diagnostic fallback
8.31,0.038328723811464016,0.004911957389590715,0.038328723811464016,0.004911957389590715,0.038328723811464016,0.004911957389590715,5.438328723811465,0.08727899720493237,5.400000000000001,0.08236703981534166,0.0,0.0,Vmag_get_voltage_magnitude_series__angle_get_voltage_angle_series,true,SG,Ybus EMT reconstruction using exact complex bus-voltage phasors when available; otherwise diagnostic fallback
8.32,0.0383278448143054,0.00491359119241519,0.0383278448143054,0.00491359119241519,0.0383278448143054,0.00491359119241519,5.438327844814307,0.08728063100775685,5.400000000000001,0.08236703981534166,0.0,0.0,Vmag_get_voltage_magnitude_series__angle_get_voltage_angle_series,true,SG,Ybus EMT reconstruction using exact complex bus-voltage phasors when available; otherwise diagnostic fallback
8.33,0.038326968737518285,0.004915222812469255,0.038326968737518285,0.004915222812469255,0.038326968737518285,0.004915222812469255,5.4383269687375195,0.08728226262781091,5.400000000000001,0.08236703981534166,0.0,0.0,Vmag_get_voltage_magnitude_series__angle_get_voltage_angle_series,true,SG,Ybus EMT reconstruction using exact complex bus-voltage phasors when available; otherwise diagnostic fallback
8.34,0.03832609561089573,0.004916852238281422,0.03832609561089573,0.004916852238281422,0.03832609561089573,0.004916852238281422,5.438326095610897,0.08728389205362308,5.400000000000001,0.08236703981534166,0.0,0.0,Vmag_get_voltage_magnitude_series__angle_get_voltage_angle_series,true,SG,Ybus EMT reconstruction using exact complex bus-voltage phasors when available; otherwise diagnostic fallback
8.35,0.0383252254637485,0.004918479458263958,0.0383252254637485,0.004918479458263958,0.0383252254637485,0.004918479458263958,5.43832522546375,0.08728551927360562,5.400000000000001,0.08236703981534166,0.0,0.0,Vmag_get_voltage_magnitude_series__angle_get_voltage_angle_series,true,SG,Ybus EMT reconstruction using exact complex bus-voltage phasors when available; otherwise diagnostic fallback
8.36,0.038324358324886454,0.00492010446099822,0.038324358324886454,0.00492010446099822,0.038324358324886454,0.00492010446099822,5.438324358324888,0.08728714427633988,5.400000000000001,0.08236703981534166,0.0,0.0,Vmag_get_voltage_magnitude_series__angle_get_voltage_angle_series,true,SG,Ybus EMT reconstruction using exact complex bus-voltage phasors when available; otherwise diagnostic fallback
8.37,0.03832349422268688,0.004921727234975637,0.03832349422268688,0.004921727234975637,0.03832349422268688,0.004921727234975637,5.438323494222688,0.0872887670503173,5.400000000000001,0.08236703981534166,0.0,0.0,Vmag_get_voltage_magnitude_series__angle_get_voltage_angle_series,true,SG,Ybus EMT reconstruction using exact complex bus-voltage phasors when available; otherwise diagnostic fallback
8.38,0.03832263318499152,0.0049233477686309035,0.03832263318499152,0.0049233477686309035,0.03832263318499152,0.0049233477686309035,5.438322633184993,0.08729038758397256,5.400000000000001,0.08236703981534166,0.0,0.0,Vmag_get_voltage_magnitude_series__angle_get_voltage_angle_series,true,SG,Ybus EMT reconstruction using exact complex bus-voltage phasors when available; otherwise diagnostic fallback
8.39,0.03832177523916336,0.004924966050515511,0.03832177523916336,0.004924966050515511,0.03832177523916336,0.004924966050515511,5.438321775239165,0.08729200586585717,5.400000000000001,0.08236703981534166,0.0,0.0,Vmag_get_voltage_magnitude_series__angle_get_voltage_angle_series,true,SG,Ybus EMT reconstruction using exact complex bus-voltage phasors when available; otherwise diagnostic fallback
8.4,0.038320920412161286,0.0049265820690819195,0.038320920412161286,0.0049265820690819195,0.038320920412161286,0.0049265820690819195,5.4383209204121625,0.08729362188442358,5.400000000000001,0.08236703981534166,0.0,0.0,Vmag_get_voltage_magnitude_series__angle_get_voltage_angle_series,true,SG,Ybus EMT reconstruction using exact complex bus-voltage phasors when available; otherwise diagnostic fallback
8.41,0.03832006873039617,0.004928195812843983,0.03832006873039617,0.004928195812843983,0.03832006873039617,0.004928195812843983,5.438320068730397,0.08729523562818564,5.400000000000001,0.08236703981534166,0.0,0.0,Vmag_get_voltage_magnitude_series__angle_get_voltage_angle_series,true,SG,Ybus EMT reconstruction using exact complex bus-voltage phasors when available; otherwise diagnostic fallback
8.42,0.03831922021981171,0.0049298072703382045,0.03831922021981171,0.0049298072703382045,0.03831922021981171,0.0049298072703382045,5.438319220219813,0.08729684708567986,5.400000000000001,0.08236703981534166,0.0,0.0,Vmag_get_voltage_magnitude_series__angle_get_voltage_angle_series,true,SG,Ybus EMT reconstruction using exact complex bus-voltage phasors when available; otherwise diagnostic fallback
8.43,0.03831837490593326,0.0049314164300455765,0.03831837490593326,0.0049314164300455765,0.03831837490593326,0.0049314164300455765,5.4383183749059345,0.08729845624538723,5.400000000000001,0.08236703981534166,0.0,0.0,Vmag_get_voltage_magnitude_series__angle_get_voltage_angle_series,true,SG,Ybus EMT reconstruction using exact complex bus-voltage phasors when available; otherwise diagnostic fallback
8.44,0.03831753281373729,0.004933023280439208,0.03831753281373729,0.004933023280439208,0.03831753281373729,0.004933023280439208,5.4383175328137385,0.08730006309578087,5.400000000000001,0.08236703981534166,0.0,0.0,Vmag_get_voltage_magnitude_series__angle_get_voltage_angle_series,true,SG,Ybus EMT reconstruction using exact complex bus-voltage phasors when available; otherwise diagnostic fallback
8.45,0.03831669396777926,0.004934627810066594,0.03831669396777926,0.004934627810066594,0.03831669396777926,0.004934627810066594,5.4383166939677805,0.08730166762540825,5.400000000000001,0.08236703981534166,0.0,0.0,Vmag_get_voltage_magnitude_series__angle_get_voltage_angle_series,true,SG,Ybus EMT reconstruction using exact complex bus-voltage phasors when available; otherwise diagnostic fallback
8.46,0.03831585839215634,0.004936230007410614,0.03831585839215634,0.004936230007410614,0.03831585839215634,0.004936230007410614,5.438315858392158,0.08730326982275227,5.400000000000001,0.08236703981534166,0.0,0.0,Vmag_get_voltage_magnitude_series__angle_get_voltage_angle_series,true,SG,Ybus EMT reconstruction using exact complex bus-voltage phasors when available; otherwise diagnostic fallback
8.47,0.03831502611051807,0.004937829861015763,0.03831502611051807,0.004937829861015763,0.03831502611051807,0.004937829861015763,5.438315026110519,0.08730486967635742,5.400000000000001,0.08236703981534166,0.0,0.0,Vmag_get_voltage_magnitude_series__angle_get_voltage_angle_series,true,SG,Ybus EMT reconstruction using exact complex bus-voltage phasors when available; otherwise diagnostic fallback
8.48,0.038314197146015694,0.004939427359374249,0.038314197146015694,0.004939427359374249,0.038314197146015694,0.004939427359374249,5.438314197146017,0.08730646717471591,5.400000000000001,0.08236703981534166,0.0,0.0,Vmag_get_voltage_magnitude_series__angle_get_voltage_angle_series,true,SG,Ybus EMT reconstruction using exact complex bus-voltage phasors when available; otherwise diagnostic fallback
8.49,0.03831337152133418,0.0049410224909886,0.03831337152133418,0.0049410224909886,0.03831337152133418,0.0049410224909886,5.438313371521335,0.08730806230633026,5.400000000000001,0.08236703981534166,0.0,0.0,Vmag_get_voltage_magnitude_series__angle_get_voltage_angle_series,true,SG,Ybus EMT reconstruction using exact complex bus-voltage phasors when available; otherwise diagnostic fallback
8.5,0.03831254925876326,0.004942615244392989,0.03831254925876326,0.004942615244392989,0.03831254925876326,0.004942615244392989,5.4383125492587645,0.08730965505973465,5.400000000000001,0.08236703981534166,0.0,0.0,Vmag_get_voltage_magnitude_series__angle_get_voltage_angle_series,true,SG,Ybus EMT reconstruction using exact complex bus-voltage phasors when available; otherwise diagnostic fallback
8.51,0.03831173038010238,0.004944205608113039,0.03831173038010238,0.004944205608113039,0.03831173038010238,0.004944205608113039,5.438311730380104,0.0873112454234547,5.400000000000001,0.08236703981534166,0.0,0.0,Vmag_get_voltage_magnitude_series__angle_get_voltage_angle_series,true,SG,Ybus EMT reconstruction using exact complex bus-voltage phasors when available; otherwise diagnostic fallback
8.52,0.03831091490665717,0.004945793570662271,0.03831091490665717,0.004945793570662271,0.03831091490665717,0.004945793570662271,5.438310914906658,0.08731283338600393,5.400000000000001,0.08236703981534166,0.0,0.0,Vmag_get_voltage_magnitude_series__angle_get_voltage_angle_series,true,SG,Ybus EMT reconstruction using exact complex bus-voltage phasors when available; otherwise diagnostic fallback
8.53,0.03831010285939396,0.004947379120601836,0.03831010285939396,0.004947379120601836,0.03831010285939396,0.004947379120601836,5.438310102859395,0.0873144189359435,5.400000000000001,0.08236703981534166,0.0,0.0,Vmag_get_voltage_magnitude_series__angle_get_voltage_angle_series,true,SG,Ybus EMT reconstruction using exact complex bus-voltage phasors when available; otherwise diagnostic fallback
8.54,0.03830929425874974,0.004948962246444921,0.03830929425874974,0.004948962246444921,0.03830929425874974,0.004948962246444921,5.438309294258751,0.08731600206178658,5.400000000000001,0.08236703981534166,0.0,0.0,Vmag_get_voltage_magnitude_series__angle_get_voltage_angle_series,true,SG,Ybus EMT reconstruction using exact complex bus-voltage phasors when available; otherwise diagnostic fallback
8.55,0.038308489124712075,0.004950542936715263,0.038308489124712075,0.004950542936715263,0.038308489124712075,0.004950542936715263,5.438308489124713,0.08731758275205692,5.400000000000001,0.08236703981534166,0.0,0.0,Vmag_get_voltage_magnitude_series__angle_get_voltage_angle_series,true,SG,Ybus EMT reconstruction using exact complex bus-voltage phasors when available; otherwise diagnostic fallback
8.56,0.03830768747688129,0.004952121179991553,0.03830768747688129,0.004952121179991553,0.03830768747688129,0.004952121179991553,5.4383076874768825,0.08731916099533321,5.400000000000001,0.08236703981534166,0.0,0.0,Vmag_get_voltage_magnitude_series__angle_get_voltage_angle_series,true,SG,Ybus EMT reconstruction using exact complex bus-voltage phasors when available; otherwise diagnostic fallback
8.57,0.038306889334371874,0.004953696964828058,0.038306889334371874,0.004953696964828058,0.038306889334371874,0.004953696964828058,5.438306889334373,0.08732073678016972,5.400000000000001,0.08236703981534166,0.0,0.0,Vmag_get_voltage_magnitude_series__angle_get_voltage_angle_series,true,SG,Ybus EMT reconstruction using exact complex bus-voltage phasors when available; otherwise diagnostic fallback
8.58,0.03830609471589952,0.004955270279710988,0.03830609471589952,0.004955270279710988,0.03830609471589952,0.004955270279710988,5.438306094715901,0.08732231009505265,5.400000000000001,0.08236703981534166,0.0,0.0,Vmag_get_voltage_magnitude_series__angle_get_voltage_angle_series,true,SG,Ybus EMT reconstruction using exact complex bus-voltage phasors when available; otherwise diagnostic fallback
8.59,0.03830530363973228,0.00495684111327277,0.03830530363973228,0.00495684111327277,0.03830530363973228,0.00495684111327277,5.4383053036397335,0.08732388092861443,5.400000000000001,0.08236703981534166,0.0,0.0,Vmag_get_voltage_magnitude_series__angle_get_voltage_angle_series,true,SG,Ybus EMT reconstruction using exact complex bus-voltage phasors when available; otherwise diagnostic fallback
8.6,0.038304516123706556,0.004958409454064006,0.038304516123706556,0.004958409454064006,0.038304516123706556,0.004958409454064006,5.438304516123708,0.08732544926940566,5.400000000000001,0.08236703981534166,0.0,0.0,Vmag_get_voltage_magnitude_series__angle_get_voltage_angle_series,true,SG,Ybus EMT reconstruction using exact complex bus-voltage phasors when available; otherwise diagnostic fallback
8.61,0.03830373218524219,0.004959975290582563,0.03830373218524219,0.004959975290582563,0.03830373218524219,0.004959975290582563,5.438303732185243,0.08732701510592422,5.400000000000001,0.08236703981534166,0.0,0.0,Vmag_get_voltage_magnitude_series__angle_get_voltage_angle_series,true,SG,Ybus EMT reconstruction using exact complex bus-voltage phasors when available; otherwise diagnostic fallback
8.62,0.03830295184129362,0.004961538611542915,0.03830295184129362,0.004961538611542915,0.03830295184129362,0.004961538611542915,5.438302951841295,0.08732857842688457,5.400000000000001,0.08236703981534166,0.0,0.0,Vmag_get_voltage_magnitude_series__angle_get_voltage_angle_series,true,SG,Ybus EMT reconstruction using exact complex bus-voltage phasors when available; otherwise diagnostic fallback
8.63,0.038302175108454684,0.004963099405418725,0.038302175108454684,0.004963099405418725,0.038302175108454684,0.004963099405418725,5.438302175108456,0.08733013922076038,5.400000000000001,0.08236703981534166,0.0,0.0,Vmag_get_voltage_magnitude_series__angle_get_voltage_angle_series,true,SG,Ybus EMT reconstruction using exact complex bus-voltage phasors when available; otherwise diagnostic fallback
8.64,0.0383014020028396,0.004964657660837202,0.0383014020028396,0.004964657660837202,0.0383014020028396,0.004964657660837202,5.438301402002841,0.08733169747617886,5.400000000000001,0.08236703981534166,0.0,0.0,Vmag_get_voltage_magnitude_series__angle_get_voltage_angle_series,true,SG,Ybus EMT reconstruction using exact complex bus-voltage phasors when available; otherwise diagnostic fallback
8.65,0.03830063254020111,0.004966213366401462,0.03830063254020111,0.004966213366401462,0.03830063254020111,0.004966213366401462,5.438300632540202,0.08733325318174312,5.400000000000001,0.08236703981534166,0.0,0.0,Vmag_get_voltage_magnitude_series__angle_get_voltage_angle_series,true,SG,Ybus EMT reconstruction using exact complex bus-voltage phasors when available; otherwise diagnostic fallback
8.66,0.03829986673587005,0.004967766510721394,0.03829986673587005,0.004967766510721394,0.03829986673587005,0.004967766510721394,5.438299866735871,0.08733480632606305,5.400000000000001,0.08236703981534166,0.0,0.0,Vmag_get_voltage_magnitude_series__angle_get_voltage_angle_series,true,SG,Ybus EMT reconstruction using exact complex bus-voltage phasors when available; otherwise diagnostic fallback
8.67,0.03829910460471009,0.004969317082415103,0.03829910460471009,0.004969317082415103,0.03829910460471009,0.004969317082415103,5.438299104604711,0.08733635689775676,5.400000000000001,0.08236703981534166,0.0,0.0,Vmag_get_voltage_magnitude_series__angle_get_voltage_angle_series,true,SG,Ybus EMT reconstruction using exact complex bus-voltage phasors when available; otherwise diagnostic fallback
8.68,0.03829834616124472,0.004970865070109243,0.03829834616124472,0.004970865070109243,0.03829834616124472,0.004970865070109243,5.438298346161246,0.0873379048854509,5.400000000000001,0.08236703981534166,0.0,0.0,Vmag_get_voltage_magnitude_series__angle_get_voltage_angle_series,true,SG,Ybus EMT reconstruction using exact complex bus-voltage phasors when available; otherwise diagnostic fallback
8.69,0.038297591419554244,0.004972410462400156,0.038297591419554244,0.004972410462400156,0.038297591419554244,0.004972410462400156,5.4382975914195555,0.08733945027774181,5.400000000000001,0.08236703981534166,0.0,0.0,Vmag_get_voltage_magnitude_series__angle_get_voltage_angle_series,true,SG,Ybus EMT reconstruction using exact complex bus-voltage phasors when available; otherwise diagnostic fallback
8.7,0.038296840393305054,0.004973953248002871,0.038296840393305054,0.004973953248002871,0.038296840393305054,0.004973953248002871,5.438296840393306,0.08734099306334453,5.400000000000001,0.08236703981534166,0.0,0.0,Vmag_get_voltage_magnitude_series__angle_get_voltage_angle_series,true,SG,Ybus EMT reconstruction using exact complex bus-voltage phasors when available; otherwise diagnostic fallback
8.71,0.0382960930958518,0.004975493415502963,0.0382960930958518,0.004975493415502963,0.0382960930958518,0.004975493415502963,5.438296093095853,0.08734253323084462,5.400000000000001,0.08236703981534166,0.0,0.0,Vmag_get_voltage_magnitude_series__angle_get_voltage_angle_series,true,SG,Ybus EMT reconstruction using exact complex bus-voltage phasors when available; otherwise diagnostic fallback
8.72,0.03829534954003577,0.0049770309536142365,0.03829534954003577,0.0049770309536142365,0.03829534954003577,0.0049770309536142365,5.438295349540037,0.0873440707689559,5.400000000000001,0.08236703981534166,0.0,0.0,Vmag_get_voltage_magnitude_series__angle_get_voltage_angle_series,true,SG,Ybus EMT reconstruction using exact complex bus-voltage phasors when available; otherwise diagnostic fallback
8.73,0.03829460973834564,0.004978565850988992,0.03829460973834564,0.004978565850988992,0.03829460973834564,0.004978565850988992,5.438294609738347,0.08734560566633065,5.400000000000001,0.08236703981534166,0.0,0.0,Vmag_get_voltage_magnitude_series__angle_get_voltage_angle_series,true,SG,Ybus EMT reconstruction using exact complex bus-voltage phasors when available; otherwise diagnostic fallback
8.74,0.03829387370290682,0.004980098096308727,0.03829387370290682,0.004980098096308727,0.03829387370290682,0.004980098096308727,5.438293873702908,0.08734713791165039,5.400000000000001,0.08236703981534166,0.0,0.0,Vmag_get_voltage_magnitude_series__angle_get_voltage_angle_series,true,SG,Ybus EMT reconstruction using exact complex bus-voltage phasors when available; otherwise diagnostic fallback
8.75,0.03829314144543439,0.004981627678281697,0.03829314144543439,0.004981627678281697,0.03829314144543439,0.004981627678281697,5.438293141445436,0.08734866749362336,5.400000000000001,0.08236703981534166,0.0,0.0,Vmag_get_voltage_magnitude_series__angle_get_voltage_angle_series,true,SG,Ybus EMT reconstruction using exact complex bus-voltage phasors when available; otherwise diagnostic fallback
8.76,0.03829241297723396,0.004983154585595395,0.03829241297723396,0.004983154585595395,0.03829241297723396,0.004983154585595395,5.438292412977235,0.08735019440093705,5.400000000000001,0.08236703981534166,0.0,0.0,Vmag_get_voltage_magnitude_series__angle_get_voltage_angle_series,true,SG,Ybus EMT reconstruction using exact complex bus-voltage phasors when available; otherwise diagnostic fallback
8.77,0.03829168830926566,0.004984678807046561,0.03829168830926566,0.004984678807046561,0.03829168830926566,0.004984678807046561,5.438291688309267,0.08735171862238822,5.400000000000001,0.08236703981534166,0.0,0.0,Vmag_get_voltage_magnitude_series__angle_get_voltage_angle_series,true,SG,Ybus EMT reconstruction using exact complex bus-voltage phasors when available; otherwise diagnostic fallback
8.78,0.038290967452088154,0.004986200331284607,0.038290967452088154,0.004986200331284607,0.038290967452088154,0.004986200331284607,5.438290967452089,0.08735324014662627,5.400000000000001,0.08236703981534166,0.0,0.0,Vmag_get_voltage_magnitude_series__angle_get_voltage_angle_series,true,SG,Ybus EMT reconstruction using exact complex bus-voltage phasors when available; otherwise diagnostic fallback
8.79,0.03829025041590217,0.004987719147113379,0.03829025041590217,0.004987719147113379,0.03829025041590217,0.004987719147113379,5.438290250415903,0.08735475896245504,5.400000000000001,0.08236703981534166,0.0,0.0,Vmag_get_voltage_magnitude_series__angle_get_voltage_angle_series,true,SG,Ybus EMT reconstruction using exact complex bus-voltage phasors when available; otherwise diagnostic fallback
8.8,0.03828953721050876,0.0049892352432870934,0.03828953721050876,0.0049892352432870934,0.03828953721050876,0.0049892352432870934,5.43828953721051,0.08735627505862875,5.400000000000001,0.08236703981534166,0.0,0.0,Vmag_get_voltage_magnitude_series__angle_get_voltage_angle_series,true,SG,Ybus EMT reconstruction using exact complex bus-voltage phasors when available; otherwise diagnostic fallback
8.81,0.03828882784533505,0.004990748608567741,0.03828882784533505,0.004990748608567741,0.03828882784533505,0.004990748608567741,5.438288827845336,0.0873577884239094,5.400000000000001,0.08236703981534166,0.0,0.0,Vmag_get_voltage_magnitude_series__angle_get_voltage_angle_series,true,SG,Ybus EMT reconstruction using exact complex bus-voltage phasors when available; otherwise diagnostic fallback
8.82,0.03828812232949286,0.0049922592317701575,0.03828812232949286,0.0049922592317701575,0.03828812232949286,0.0049922592317701575,5.438288122329494,0.08735929904711182,5.400000000000001,0.08236703981534166,0.0,0.0,Vmag_get_voltage_magnitude_series__angle_get_voltage_angle_series,true,SG,Ybus EMT reconstruction using exact complex bus-voltage phasors when available; otherwise diagnostic fallback
8.83,0.03828742067164104,0.004993767101676538,0.03828742067164104,0.004993767101676538,0.03828742067164104,0.004993767101676538,5.438287420671642,0.0873608069170182,5.400000000000001,0.08236703981534166,0.0,0.0,Vmag_get_voltage_magnitude_series__angle_get_voltage_angle_series,true,SG,Ybus EMT reconstruction using exact complex bus-voltage phasors when available; otherwise diagnostic fallback
8.84,0.038286722880163104,0.0049952722071405775,0.038286722880163104,0.0049952722071405775,0.038286722880163104,0.0049952722071405775,5.438286722880164,0.08736231202248224,5.400000000000001,0.08236703981534166,0.0,0.0,Vmag_get_voltage_magnitude_series__angle_get_voltage_angle_series,true,SG,Ybus EMT reconstruction using exact complex bus-voltage phasors when available; otherwise diagnostic fallback
8.85,0.0382860289630127,0.004996774536976334,0.0382860289630127,0.004996774536976334,0.0382860289630127,0.004996774536976334,5.438286028963014,0.08736381435231799,5.400000000000001,0.08236703981534166,0.0,0.0,Vmag_get_voltage_magnitude_series__angle_get_voltage_angle_series,true,SG,Ybus EMT reconstruction using exact complex bus-voltage phasors when available; otherwise diagnostic fallback
8.86,0.03828533892782726,0.004998274080081355,0.03828533892782726,0.004998274080081355,0.03828533892782726,0.004998274080081355,5.4382853389278285,0.08736531389542301,5.400000000000001,0.08236703981534166,0.0,0.0,Vmag_get_voltage_magnitude_series__angle_get_voltage_angle_series,true,SG,Ybus EMT reconstruction using exact complex bus-voltage phasors when available; otherwise diagnostic fallback
8.87,0.03828465278185256,0.004999770825286132,0.03828465278185256,0.004999770825286132,0.03828465278185256,0.004999770825286132,5.438284652781854,0.08736681064062779,5.400000000000001,0.08236703981534166,0.0,0.0,Vmag_get_voltage_magnitude_series__angle_get_voltage_angle_series,true,SG,Ybus EMT reconstruction using exact complex bus-voltage phasors when available; otherwise diagnostic fallback
8.88,0.03828397053200128,0.005001264761495872,0.03828397053200128,0.005001264761495872,0.03828397053200128,0.005001264761495872,5.4382839705320025,0.08736830457683753,5.400000000000001,0.08236703981534166,0.0,0.0,Vmag_get_voltage_magnitude_series__angle_get_voltage_angle_series,true,SG,Ybus EMT reconstruction using exact complex bus-voltage phasors when available; otherwise diagnostic fallback
8.89,0.03828329218485038,0.005002755877690945,0.03828329218485038,0.005002755877690945,0.03828329218485038,0.005002755877690945,5.438283292184852,0.0873697956930326,5.400000000000001,0.08236703981534166,0.0,0.0,Vmag_get_voltage_magnitude_series__angle_get_voltage_angle_series,true,SG,Ybus EMT reconstruction using exact complex bus-voltage phasors when available; otherwise diagnostic fallback
8.9,0.03828261774663044,0.005004244162691074,0.03828261774663044,0.005004244162691074,0.03828261774663044,0.005004244162691074,5.438282617746632,0.08737128397803273,5.400000000000001,0.08236703981534166,0.0,0.0,Vmag_get_voltage_magnitude_series__angle_get_voltage_angle_series,true,SG,Ybus EMT reconstruction using exact complex bus-voltage phasors when available; otherwise diagnostic fallback
8.91,0.0382819472231839,0.005005729605541909,0.0382819472231839,0.005005729605541909,0.0382819472231839,0.005005729605541909,5.438281947223185,0.08737276942088357,5.400000000000001,0.08236703981534166,0.0,0.0,Vmag_get_voltage_magnitude_series__angle_get_voltage_angle_series,true,SG,Ybus EMT reconstruction using exact complex bus-voltage phasors when available; otherwise diagnostic fallback
8.92,0.038281280620085845,0.005007212195147326,0.038281280620085845,0.005007212195147326,0.038281280620085845,0.005007212195147326,5.438281280620087,0.08737425201048898,5.400000000000001,0.08236703981534166,0.0,0.0,Vmag_get_voltage_magnitude_series__angle_get_voltage_angle_series,true,SG,Ybus EMT reconstruction using exact complex bus-voltage phasors when available; otherwise diagnostic fallback
8.93,0.038280617942483275,0.0050086919205567515,0.038280617942483275,0.0050086919205567515,0.038280617942483275,0.0050086919205567515,5.4382806179424845,0.08737573173589841,5.400000000000001,0.08236703981534166,0.0,0.0,Vmag_get_voltage_magnitude_series__angle_get_voltage_angle_series,true,SG,Ybus EMT reconstruction using exact complex bus-voltage phasors when available; otherwise diagnostic fallback
8.94,0.038279959195273605,0.005010168770730794,0.038279959195273605,0.005010168770730794,0.038279959195273605,0.005010168770730794,5.438279959195275,0.08737720858607245,5.400000000000001,0.08236703981534166,0.0,0.0,Vmag_get_voltage_magnitude_series__angle_get_voltage_angle_series,true,SG,Ybus EMT reconstruction using exact complex bus-voltage phasors when available; otherwise diagnostic fallback
8.95,0.03827930438294658,0.00501164273473631,0.03827930438294658,0.00501164273473631,0.03827930438294658,0.00501164273473631,5.438279304382948,0.08737868255007797,5.400000000000001,0.08236703981534166,0.0,0.0,Vmag_get_voltage_magnitude_series__angle_get_voltage_angle_series,true,SG,Ybus EMT reconstruction using exact complex bus-voltage phasors when available; otherwise diagnostic fallback
8.96,0.03827865350970061,0.005013113801621172,0.03827865350970061,0.005013113801621172,0.03827865350970061,0.005013113801621172,5.438278653509702,0.08738015361696283,5.400000000000001,0.08236703981534166,0.0,0.0,Vmag_get_voltage_magnitude_series__angle_get_voltage_angle_series,true,SG,Ybus EMT reconstruction using exact complex bus-voltage phasors when available; otherwise diagnostic fallback
8.97,0.038278006579432144,0.005014581960489428,0.038278006579432144,0.005014581960489428,0.038278006579432144,0.005014581960489428,5.438278006579433,0.08738162177583109,5.400000000000001,0.08236703981534166,0.0,0.0,Vmag_get_voltage_magnitude_series__angle_get_voltage_angle_series,true,SG,Ybus EMT reconstruction using exact complex bus-voltage phasors when available; otherwise diagnostic fallback
8.98,0.038277363595672576,0.005016047200396501,0.038277363595672576,0.005016047200396501,0.038277363595672576,0.005016047200396501,5.438277363595674,0.08738308701573816,5.400000000000001,0.08236703981534166,0.0,0.0,Vmag_get_voltage_magnitude_series__angle_get_voltage_angle_series,true,SG,Ybus EMT reconstruction using exact complex bus-voltage phasors when available; otherwise diagnostic fallback
8.99,0.03827672456161668,0.005017509510492846,0.03827672456161668,0.005017509510492846,0.03827672456161668,0.005017509510492846,5.438276724561618,0.0873845493258345,5.400000000000001,0.08236703981534166,0.0,0.0,Vmag_get_voltage_magnitude_series__angle_get_voltage_angle_series,true,SG,Ybus EMT reconstruction using exact complex bus-voltage phasors when available; otherwise diagnostic fallback
9.0,0.03827608948021233,0.0050189688799413545,0.03827608948021233,0.0050189688799413545,0.03827608948021233,0.0050189688799413545,5.438276089480214,0.08738600869528301,5.400000000000001,0.08236703981534166,0.0,0.0,Vmag_get_voltage_magnitude_series__angle_get_voltage_angle_series,true,SG,Ybus EMT reconstruction using exact complex bus-voltage phasors when available; otherwise diagnostic fallback
9.01,0.038275458354028125,0.005020425297899589,0.038275458354028125,0.005020425297899589,0.038275458354028125,0.005020425297899589,5.438275458354029,0.08738746511324125,5.400000000000001,0.08236703981534166,0.0,0.0,Vmag_get_voltage_magnitude_series__angle_get_voltage_angle_series,true,SG,Ybus EMT reconstruction using exact complex bus-voltage phasors when available; otherwise diagnostic fallback
9.02,0.038274831185310276,0.005021878753569631,0.038274831185310276,0.005021878753569631,0.038274831185310276,0.005021878753569631,5.4382748311853115,0.08738891856891129,5.400000000000001,0.08236703981534166,0.0,0.0,Vmag_get_voltage_magnitude_series__angle_get_voltage_angle_series,true,SG,Ybus EMT reconstruction using exact complex bus-voltage phasors when available; otherwise diagnostic fallback
9.03,0.03827420797604386,0.0050233292361958615,0.03827420797604386,0.0050233292361958615,0.03827420797604386,0.0050233292361958615,5.438274207976045,0.08739036905153752,5.400000000000001,0.08236703981534166,0.0,0.0,Vmag_get_voltage_magnitude_series__angle_get_voltage_angle_series,true,SG,Ybus EMT reconstruction using exact complex bus-voltage phasors when available; otherwise diagnostic fallback
9.04,0.03827358872789066,0.005024776734989911,0.03827358872789066,0.005024776734989911,0.03827358872789066,0.005024776734989911,5.438273588727892,0.08739181655033157,5.400000000000001,0.08236703981534166,0.0,0.0,Vmag_get_voltage_magnitude_series__angle_get_voltage_angle_series,true,SG,Ybus EMT reconstruction using exact complex bus-voltage phasors when available; otherwise diagnostic fallback
9.05,0.03827297344216607,0.005026221239311068,0.03827297344216607,0.005026221239311068,0.03827297344216607,0.005026221239311068,5.438272973442167,0.08739326105465273,5.400000000000001,0.08236703981534166,0.0,0.0,Vmag_get_voltage_magnitude_series__angle_get_voltage_angle_series,true,SG,Ybus EMT reconstruction using exact complex bus-voltage phasors when available; otherwise diagnostic fallback
9.06,0.03827236211995455,0.005027662738385952,0.03827236211995455,0.005027662738385952,0.03827236211995455,0.005027662738385952,5.438272362119956,0.08739470255372761,5.400000000000001,0.08236703981534166,0.0,0.0,Vmag_get_voltage_magnitude_series__angle_get_voltage_angle_series,true,SG,Ybus EMT reconstruction using exact complex bus-voltage phasors when available; otherwise diagnostic fallback
9.07,0.03827175476199418,0.005029101221593946,0.03827175476199418,0.005029101221593946,0.03827175476199418,0.005029101221593946,5.438271754761995,0.0873961410369356,5.400000000000001,0.08236703981534166,0.0,0.0,Vmag_get_voltage_magnitude_series__angle_get_voltage_angle_series,true,SG,Ybus EMT reconstruction using exact complex bus-voltage phasors when available; otherwise diagnostic fallback
9.08,0.03827115136870329,0.005030536678318875,0.03827115136870329,0.005030536678318875,0.03827115136870329,0.005030536678318875,5.4382711513687045,0.08739757649366053,5.400000000000001,0.08236703981534166,0.0,0.0,Vmag_get_voltage_magnitude_series__angle_get_voltage_angle_series,true,SG,Ybus EMT reconstruction using exact complex bus-voltage phasors when available; otherwise diagnostic fallback
9.09,0.038270551940272846,0.005031969097898936,0.038270551940272846,0.005031969097898936,0.038270551940272846,0.005031969097898936,5.438270551940274,0.0873990089132406,5.400000000000001,0.08236703981534166,0.0,0.0,Vmag_get_voltage_magnitude_series__angle_get_voltage_angle_series,true,SG,Ybus EMT reconstruction using exact complex bus-voltage phasors when available; otherwise diagnostic fallback
9.1,0.03826995647654119,0.005033398469800221,0.03826995647654119,0.005033398469800221,0.03826995647654119,0.005033398469800221,5.438269956476542,0.08740043828514188,5.400000000000001,0.08236703981534166,0.0,0.0,Vmag_get_voltage_magnitude_series__angle_get_voltage_angle_series,true,SG,Ybus EMT reconstruction using exact complex bus-voltage phasors when available; otherwise diagnostic fallback
9.11,0.038269364977097986,0.005034824783437641,0.038269364977097986,0.005034824783437641,0.038269364977097986,0.005034824783437641,5.438269364977099,0.0874018645987793,5.400000000000001,0.08236703981534166,0.0,0.0,Vmag_get_voltage_magnitude_series__angle_get_voltage_angle_series,true,SG,Ybus EMT reconstruction using exact complex bus-voltage phasors when available; otherwise diagnostic fallback
9.12,0.038268777441202495,0.005036248028375212,0.038268777441202495,0.005036248028375212,0.038268777441202495,0.005036248028375212,5.438268777441204,0.08740328784371687,5.400000000000001,0.08236703981534166,0.0,0.0,Vmag_get_voltage_magnitude_series__angle_get_voltage_angle_series,true,SG,Ybus EMT reconstruction using exact complex bus-voltage phasors when available; otherwise diagnostic fallback
9.13,0.03826819386791236,0.005037668194050604,0.03826819386791236,0.005037668194050604,0.03826819386791236,0.005037668194050604,5.438268193867914,0.08740470800939226,5.400000000000001,0.08236703981534166,0.0,0.0,Vmag_get_voltage_magnitude_series__angle_get_voltage_angle_series,true,SG,Ybus EMT reconstruction using exact complex bus-voltage phasors when available; otherwise diagnostic fallback
9.14,0.03826761425590597,0.005039085270045818,0.03826761425590597,0.005039085270045818,0.03826761425590597,0.005039085270045818,5.438267614255907,0.08740612508538748,5.400000000000001,0.08236703981534166,0.0,0.0,Vmag_get_voltage_magnitude_series__angle_get_voltage_angle_series,true,SG,Ybus EMT reconstruction using exact complex bus-voltage phasors when available; otherwise diagnostic fallback
9.15,0.03826703860364855,0.00504049924595118,0.03826703860364855,0.00504049924595118,0.03826703860364855,0.00504049924595118,5.43826703860365,0.08740753906129284,5.400000000000001,0.08236703981534166,0.0,0.0,Vmag_get_voltage_magnitude_series__angle_get_voltage_angle_series,true,SG,Ybus EMT reconstruction using exact complex bus-voltage phasors when available; otherwise diagnostic fallback
9.16,0.03826646690930424,0.005041910111374337,0.03826646690930424,0.005041910111374337,0.03826646690930424,0.005041910111374337,5.4382664669093055,0.087408949926716,5.400000000000001,0.08236703981534166,0.0,0.0,Vmag_get_voltage_magnitude_series__angle_get_voltage_angle_series,true,SG,Ybus EMT reconstruction using exact complex bus-voltage phasors when available; otherwise diagnostic fallback
9.17,0.03826589917077783,0.005043317855946472,0.03826589917077783,0.005043317855946472,0.03826589917077783,0.005043317855946472,5.438265899170779,0.08741035767128813,5.400000000000001,0.08236703981534166,0.0,0.0,Vmag_get_voltage_magnitude_series__angle_get_voltage_angle_series,true,SG,Ybus EMT reconstruction using exact complex bus-voltage phasors when available; otherwise diagnostic fallback
9.18,0.03826533538566235,0.005044722469383811,0.03826533538566235,0.005044722469383811,0.03826533538566235,0.005044722469383811,5.438265335385664,0.08741176228472547,5.400000000000001,0.08236703981534166,0.0,0.0,Vmag_get_voltage_magnitude_series__angle_get_voltage_angle_series,true,SG,Ybus EMT reconstruction using exact complex bus-voltage phasors when available; otherwise diagnostic fallback
9.19,0.03826477555137142,0.005046123941388259,0.03826477555137142,0.005046123941388259,0.03826477555137142,0.005046123941388259,5.438264775551373,0.08741316375672992,5.400000000000001,0.08236703981534166,0.0,0.0,Vmag_get_voltage_magnitude_series__angle_get_voltage_angle_series,true,SG,Ybus EMT reconstruction using exact complex bus-voltage phasors when available; otherwise diagnostic fallback
9.2,0.038264219664974064,0.00504752226173244,0.038264219664974064,0.00504752226173244,0.038264219664974064,0.00504752226173244,5.438264219664975,0.0874145620770741,5.400000000000001,0.08236703981534166,0.0,0.0,Vmag_get_voltage_magnitude_series__angle_get_voltage_angle_series,true,SG,Ybus EMT reconstruction using exact complex bus-voltage phasors when available; otherwise diagnostic fallback
9.21,0.03826366772331724,0.005048917420184651,0.03826366772331724,0.005048917420184651,0.03826366772331724,0.005048917420184651,5.4382636677233185,0.08741595723552631,5.400000000000001,0.08236703981534166,0.0,0.0,Vmag_get_voltage_magnitude_series__angle_get_voltage_angle_series,true,SG,Ybus EMT reconstruction using exact complex bus-voltage phasors when available; otherwise diagnostic fallback
9.22,0.038263119722977024,0.005050309406556375,0.038263119722977024,0.005050309406556375,0.038263119722977024,0.005050309406556375,5.438263119722978,0.08741734922189803,5.400000000000001,0.08236703981534166,0.0,0.0,Vmag_get_voltage_magnitude_series__angle_get_voltage_angle_series,true,SG,Ybus EMT reconstruction using exact complex bus-voltage phasors when available; otherwise diagnostic fallback
9.23,0.038262575660286124,0.0050516982107431385,0.038262575660286124,0.0050516982107431385,0.038262575660286124,0.0050516982107431385,5.438262575660287,0.0874187380260848,5.400000000000001,0.08236703981534166,0.0,0.0,Vmag_get_voltage_magnitude_series__angle_get_voltage_angle_series,true,SG,Ybus EMT reconstruction using exact complex bus-voltage phasors when available; otherwise diagnostic fallback
9.24,0.038262035531309024,0.005053083822649684,0.038262035531309024,0.005053083822649684,0.038262035531309024,0.005053083822649684,5.43826203553131,0.08742012363799134,5.400000000000001,0.08236703981534166,0.0,0.0,Vmag_get_voltage_magnitude_series__angle_get_voltage_angle_series,true,SG,Ybus EMT reconstruction using exact complex bus-voltage phasors when available; otherwise diagnostic fallback
9.25,0.03826149933187306,0.005054466232188637,0.03826149933187306,0.005054466232188637,0.03826149933187306,0.005054466232188637,5.438261499331874,0.0874215060475303,5.400000000000001,0.08236703981534166,0.0,0.0,Vmag_get_voltage_magnitude_series__angle_get_voltage_angle_series,true,SG,Ybus EMT reconstruction using exact complex bus-voltage phasors when available; otherwise diagnostic fallback
9.26,0.03826096705753468,0.005055845429396744,0.03826096705753468,0.005055845429396744,0.03826096705753468,0.005055845429396744,5.438260967057536,0.0874228852447384,5.400000000000001,0.08236703981534166,0.0,0.0,Vmag_get_voltage_magnitude_series__angle_get_voltage_angle_series,true,SG,Ybus EMT reconstruction using exact complex bus-voltage phasors when available; otherwise diagnostic fallback
9.27,0.03826043870363538,0.005057221404196621,0.03826043870363538,0.005057221404196621,0.03826043870363538,0.005057221404196621,5.438260438703637,0.08742426121953828,5.400000000000001,0.08236703981534166,0.0,0.0,Vmag_get_voltage_magnitude_series__angle_get_voltage_angle_series,true,SG,Ybus EMT reconstruction using exact complex bus-voltage phasors when available; otherwise diagnostic fallback
9.28,0.03825991426524222,0.005058594146738926,0.03825991426524222,0.005058594146738926,0.03825991426524222,0.005058594146738926,5.4382599142652435,0.08742563396208058,5.400000000000001,0.08236703981534166,0.0,0.0,Vmag_get_voltage_magnitude_series__angle_get_voltage_angle_series,true,SG,Ybus EMT reconstruction using exact complex bus-voltage phasors when available; otherwise diagnostic fallback
9.29,0.038259393737227754,0.00505996364708361,0.038259393737227754,0.00505996364708361,0.038259393737227754,0.00505996364708361,5.438259393737229,0.08742700346242527,5.400000000000001,0.08236703981534166,0.0,0.0,Vmag_get_voltage_magnitude_series__angle_get_voltage_angle_series,true,SG,Ybus EMT reconstruction using exact complex bus-voltage phasors when available; otherwise diagnostic fallback
9.3,0.038258877114177636,0.005061329895391209,0.038258877114177636,0.005061329895391209,0.038258877114177636,0.005061329895391209,5.438258877114179,0.08742836971073287,5.400000000000001,0.08236703981534166,0.0,0.0,Vmag_get_voltage_magnitude_series__angle_get_voltage_angle_series,true,SG,Ybus EMT reconstruction using exact complex bus-voltage phasors when available; otherwise diagnostic fallback
9.31,0.03825836439049901,0.005062692881822595,0.03825836439049901,0.005062692881822595,0.03825836439049901,0.005062692881822595,5.4382583643905,0.08742973269716425,5.400000000000001,0.08236703981534166,0.0,0.0,Vmag_get_voltage_magnitude_series__angle_get_voltage_angle_series,true,SG,Ybus EMT reconstruction using exact complex bus-voltage phasors when available; otherwise diagnostic fallback
9.32,0.03825785556031036,0.005064052596623125,0.03825785556031036,0.005064052596623125,0.03825785556031036,0.005064052596623125,5.438257855560312,0.08743109241196478,5.400000000000001,0.08236703981534166,0.0,0.0,Vmag_get_voltage_magnitude_series__angle_get_voltage_angle_series,true,SG,Ybus EMT reconstruction using exact complex bus-voltage phasors when available; otherwise diagnostic fallback
9.33,0.038257350617560526,0.0050654090300426,0.038257350617560526,0.0050654090300426,0.038257350617560526,0.0050654090300426,5.438257350617562,0.08743244884538426,5.400000000000001,0.08236703981534166,0.0,0.0,Vmag_get_voltage_magnitude_series__angle_get_voltage_angle_series,true,SG,Ybus EMT reconstruction using exact complex bus-voltage phasors when available; otherwise diagnostic fallback
9.34,0.03825684955590081,0.005066762172387551,0.03825684955590081,0.005066762172387551,0.03825684955590081,0.005066762172387551,5.438256849555902,0.08743380198772921,5.400000000000001,0.08236703981534166,0.0,0.0,Vmag_get_voltage_magnitude_series__angle_get_voltage_angle_series,true,SG,Ybus EMT reconstruction using exact complex bus-voltage phasors when available; otherwise diagnostic fallback
9.35,0.03825635236880043,0.005068112014039339,0.03825635236880043,0.005068112014039339,0.03825635236880043,0.005068112014039339,5.438256352368802,0.087435151829381,5.400000000000001,0.08236703981534166,0.0,0.0,Vmag_get_voltage_magnitude_series__angle_get_voltage_angle_series,true,SG,Ybus EMT reconstruction using exact complex bus-voltage phasors when available; otherwise diagnostic fallback
9.36,0.03825585904951989,0.00506945854537999,0.03825585904951989,0.00506945854537999,0.03825585904951989,0.00506945854537999,5.438255859049521,0.08743649836072165,5.400000000000001,0.08236703981534166,0.0,0.0,Vmag_get_voltage_magnitude_series__angle_get_voltage_angle_series,true,SG,Ybus EMT reconstruction using exact complex bus-voltage phasors when available; otherwise diagnostic fallback
9.37,0.03825536959110121,0.005070801756846266,0.03825536959110121,0.005070801756846266,0.03825536959110121,0.005070801756846266,5.4382553695911025,0.08743784157218792,5.400000000000001,0.08236703981534166,0.0,0.0,Vmag_get_voltage_magnitude_series__angle_get_voltage_angle_series,true,SG,Ybus EMT reconstruction using exact complex bus-voltage phasors when available; otherwise diagnostic fallback
9.38,0.03825488398632615,0.005072141638957417,0.03825488398632615,0.005072141638957417,0.03825488398632615,0.005072141638957417,5.438254883986327,0.08743918145429908,5.400000000000001,0.08236703981534166,0.0,0.0,Vmag_get_voltage_magnitude_series__angle_get_voltage_angle_series,true,SG,Ybus EMT reconstruction using exact complex bus-voltage phasors when available; otherwise diagnostic fallback
9.39,0.03825440222783705,0.005073478182228142,0.03825440222783705,0.005073478182228142,0.03825440222783705,0.005073478182228142,5.438254402227838,0.0874405179975698,5.400000000000001,0.08236703981534166,0.0,0.0,Vmag_get_voltage_magnitude_series__angle_get_voltage_angle_series,true,SG,Ybus EMT reconstruction using exact complex bus-voltage phasors when available; otherwise diagnostic fallback
9.4,0.0382539243080009,0.00507481137725152,0.0382539243080009,0.00507481137725152,0.0382539243080009,0.00507481137725152,5.438253924308002,0.08744185119259318,5.400000000000001,0.08236703981534166,0.0,0.0,Vmag_get_voltage_magnitude_series__angle_get_voltage_angle_series,true,SG,Ybus EMT reconstruction using exact complex bus-voltage phasors when available; otherwise diagnostic fallback
9.41,0.038253450219017715,0.005076141214656271,0.038253450219017715,0.005076141214656271,0.038253450219017715,0.005076141214656271,5.438253450219019,0.08744318102999793,5.400000000000001,0.08236703981534166,0.0,0.0,Vmag_get_voltage_magnitude_series__angle_get_voltage_angle_series,true,SG,Ybus EMT reconstruction using exact complex bus-voltage phasors when available; otherwise diagnostic fallback
9.42,0.038252979952869914,0.005077467685118964,0.038252979952869914,0.005077467685118964,0.038252979952869914,0.005077467685118964,5.438252979952871,0.08744450750046062,5.400000000000001,0.08236703981534166,0.0,0.0,Vmag_get_voltage_magnitude_series__angle_get_voltage_angle_series,true,SG,Ybus EMT reconstruction using exact complex bus-voltage phasors when available; otherwise diagnostic fallback
9.43,0.038252513501332075,0.005078790779376119,0.038252513501332075,0.005078790779376119,0.038252513501332075,0.005078790779376119,5.438252513501333,0.08744583059471778,5.400000000000001,0.08236703981534166,0.0,0.0,Vmag_get_voltage_magnitude_series__angle_get_voltage_angle_series,true,SG,Ybus EMT reconstruction using exact complex bus-voltage phasors when available; otherwise diagnostic fallback
9.44,0.0382520508559514,0.005080110488203005,0.0382520508559514,0.005080110488203005,0.0382520508559514,0.005080110488203005,5.438252050855953,0.08744715030354466,5.400000000000001,0.08236703981534166,0.0,0.0,Vmag_get_voltage_magnitude_series__angle_get_voltage_angle_series,true,SG,Ybus EMT reconstruction using exact complex bus-voltage phasors when available; otherwise diagnostic fallback
9.45,0.03825159200815165,0.005081426802404865,0.03825159200815165,0.005081426802404865,0.03825159200815165,0.005081426802404865,5.438251592008153,0.08744846661774652,5.400000000000001,0.08236703981534166,0.0,0.0,Vmag_get_voltage_magnitude_series__angle_get_voltage_angle_series,true,SG,Ybus EMT reconstruction using exact complex bus-voltage phasors when available; otherwise diagnostic fallback
9.46,0.03825113694911675,0.005082739712858331,0.03825113694911675,0.005082739712858331,0.03825113694911675,0.005082739712858331,5.438251136949118,0.08744977952819999,5.400000000000001,0.08236703981534166,0.0,0.0,Vmag_get_voltage_magnitude_series__angle_get_voltage_angle_series,true,SG,Ybus EMT reconstruction using exact complex bus-voltage phasors when available; otherwise diagnostic fallback
9.47,0.03825068566982459,0.005084049210537955,0.03825068566982459,0.005084049210537955,0.03825068566982459,0.005084049210537955,5.438250685669826,0.08745108902587961,5.400000000000001,0.08236703981534166,0.0,0.0,Vmag_get_voltage_magnitude_series__angle_get_voltage_angle_series,true,SG,Ybus EMT reconstruction using exact complex bus-voltage phasors when available; otherwise diagnostic fallback
9.48,0.03825023816111095,0.00508535528637144,0.03825023816111095,0.00508535528637144,0.03825023816111095,0.00508535528637144,5.438250238161112,0.0874523951017131,5.400000000000001,0.08236703981534166,0.0,0.0,Vmag_get_voltage_magnitude_series__angle_get_voltage_angle_series,true,SG,Ybus EMT reconstruction using exact complex bus-voltage phasors when available; otherwise diagnostic fallback
9.49,0.03824979441355136,0.005086657931391958,0.03824979441355136,0.005086657931391958,0.03824979441355136,0.005086657931391958,5.438249794413553,0.08745369774673362,5.400000000000001,0.08236703981534166,0.0,0.0,Vmag_get_voltage_magnitude_series__angle_get_voltage_angle_series,true,SG,Ybus EMT reconstruction using exact complex bus-voltage phasors when available; otherwise diagnostic fallback
9.5,0.03824935441761834,0.005087957136700405,0.03824935441761834,0.005087957136700405,0.03824935441761834,0.005087957136700405,5.43824935441762,0.08745499695204206,5.400000000000001,0.08236703981534166,0.0,0.0,Vmag_get_voltage_magnitude_series__angle_get_voltage_angle_series,true,SG,Ybus EMT reconstruction using exact complex bus-voltage phasors when available; otherwise diagnostic fallback
9.51,0.03824891816355169,0.005089252893424434,0.03824891816355169,0.005089252893424434,0.03824891816355169,0.005089252893424434,5.438248918163553,0.08745629270876609,5.400000000000001,0.08236703981534166,0.0,0.0,Vmag_get_voltage_magnitude_series__angle_get_voltage_angle_series,true,SG,Ybus EMT reconstruction using exact complex bus-voltage phasors when available; otherwise diagnostic fallback
9.52,0.03824848564143224,0.00509054519274843,0.03824848564143224,0.00509054519274843,0.03824848564143224,0.00509054519274843,5.4382484856414335,0.08745758500809009,5.400000000000001,0.08236703981534166,0.0,0.0,Vmag_get_voltage_magnitude_series__angle_get_voltage_angle_series,true,SG,Ybus EMT reconstruction using exact complex bus-voltage phasors when available; otherwise diagnostic fallback
9.53,0.038248056841150735,0.00509183402592539,0.038248056841150735,0.00509183402592539,0.038248056841150735,0.00509183402592539,5.438248056841152,0.08745887384126705,5.400000000000001,0.08236703981534166,0.0,0.0,Vmag_get_voltage_magnitude_series__angle_get_voltage_angle_series,true,SG,Ybus EMT reconstruction using exact complex bus-voltage phasors when available; otherwise diagnostic fallback
9.54,0.03824763175245316,0.005093119384248501,0.03824763175245316,0.005093119384248501,0.03824763175245316,0.005093119384248501,5.438247631752454,0.08746015919959016,5.400000000000001,0.08236703981534166,0.0,0.0,Vmag_get_voltage_magnitude_series__angle_get_voltage_angle_series,true,SG,Ybus EMT reconstruction using exact complex bus-voltage phasors when available; otherwise diagnostic fallback
9.55,0.03824721036489365,0.005094401259029602,0.03824721036489365,0.005094401259029602,0.03824721036489365,0.005094401259029602,5.438247210364895,0.08746144107437126,5.400000000000001,0.08236703981534166,0.0,0.0,Vmag_get_voltage_magnitude_series__angle_get_voltage_angle_series,true,SG,Ybus EMT reconstruction using exact complex bus-voltage phasors when available; otherwise diagnostic fallback
9.56,0.038246792667854024,0.005095679641682893,0.038246792667854024,0.005095679641682893,0.038246792667854024,0.005095679641682893,5.438246792667855,0.08746271945702455,5.400000000000001,0.08236703981534166,0.0,0.0,Vmag_get_voltage_magnitude_series__angle_get_voltage_angle_series,true,SG,Ybus EMT reconstruction using exact complex bus-voltage phasors when available; otherwise diagnostic fallback
9.57,0.03824637865054914,0.005096954523710395,0.03824637865054914,0.005096954523710395,0.03824637865054914,0.005096954523710395,5.43824637865055,0.08746399433905205,5.400000000000001,0.08236703981534166,0.0,0.0,Vmag_get_voltage_magnitude_series__angle_get_voltage_angle_series,true,SG,Ybus EMT reconstruction using exact complex bus-voltage phasors when available; otherwise diagnostic fallback
9.58,0.03824596830205085,0.005098225896637221,0.03824596830205085,0.005098225896637221,0.03824596830205085,0.005098225896637221,5.438245968302052,0.08746526571197888,5.400000000000001,0.08236703981534166,0.0,0.0,Vmag_get_voltage_magnitude_series__angle_get_voltage_angle_series,true,SG,Ybus EMT reconstruction using exact complex bus-voltage phasors when available; otherwise diagnostic fallback
9.59,0.03824556161124271,0.005099493751975714,0.03824556161124271,0.005099493751975714,0.03824556161124271,0.005099493751975714,5.438245561611244,0.08746653356731737,5.400000000000001,0.08236703981534166,0.0,0.0,Vmag_get_voltage_magnitude_series__angle_get_voltage_angle_series,true,SG,Ybus EMT reconstruction using exact complex bus-voltage phasors when available; otherwise diagnostic fallback
9.6,0.03824515856685551,0.005100758081399537,0.03824515856685551,0.005100758081399537,0.03824515856685551,0.005100758081399537,5.438245158566857,0.0874677978967412,5.400000000000001,0.08236703981534166,0.0,0.0,Vmag_get_voltage_magnitude_series__angle_get_voltage_angle_series,true,SG,Ybus EMT reconstruction using exact complex bus-voltage phasors when available; otherwise diagnostic fallback
9.61,0.03824475915747705,0.005102018876589787,0.03824475915747705,0.005102018876589787,0.03824475915747705,0.005102018876589787,5.438244759157478,0.08746905869193145,5.400000000000001,0.08236703981534166,0.0,0.0,Vmag_get_voltage_magnitude_series__angle_get_voltage_angle_series,true,SG,Ybus EMT reconstruction using exact complex bus-voltage phasors when available; otherwise diagnostic fallback
9.62,0.0382443633715317,0.005103276129313605,0.0382443633715317,0.005103276129313605,0.0382443633715317,0.005103276129313605,5.438244363371533,0.08747031594465526,5.400000000000001,0.08236703981534166,0.0,0.0,Vmag_get_voltage_magnitude_series__angle_get_voltage_angle_series,true,SG,Ybus EMT reconstruction using exact complex bus-voltage phasors when available; otherwise diagnostic fallback
9.63,0.03824397119730083,0.005104529831306492,0.03824397119730083,0.005104529831306492,0.03824397119730083,0.005104529831306492,5.438243971197302,0.08747156964664815,5.400000000000001,0.08236703981534166,0.0,0.0,Vmag_get_voltage_magnitude_series__angle_get_voltage_angle_series,true,SG,Ybus EMT reconstruction using exact complex bus-voltage phasors when available; otherwise diagnostic fallback
9.64,0.038243582622881966,0.0051057799745413135,0.038243582622881966,0.0051057799745413135,0.038243582622881966,0.0051057799745413135,5.438243582622883,0.08747281978988297,5.400000000000001,0.08236703981534166,0.0,0.0,Vmag_get_voltage_magnitude_series__angle_get_voltage_angle_series,true,SG,Ybus EMT reconstruction using exact complex bus-voltage phasors when available; otherwise diagnostic fallback
9.65,0.03824319763630779,0.005107026550803639,0.03824319763630779,0.005107026550803639,0.03824319763630779,0.005107026550803639,5.438243197636309,0.0874740663661453,5.400000000000001,0.08236703981534166,0.0,0.0,Vmag_get_voltage_magnitude_series__angle_get_voltage_angle_series,true,SG,Ybus EMT reconstruction using exact complex bus-voltage phasors when available; otherwise diagnostic fallback
9.66,0.03824281622535963,0.005108269552220546,0.03824281622535963,0.005108269552220546,0.03824281622535963,0.005108269552220546,5.438242816225361,0.0874753093675622,5.400000000000001,0.08236703981534166,0.0,0.0,Vmag_get_voltage_magnitude_series__angle_get_voltage_angle_series,true,SG,Ybus EMT reconstruction using exact complex bus-voltage phasors when available; otherwise diagnostic fallback
9.67,0.038242438377738,0.005109508970757015,0.038242438377738,0.005109508970757015,0.038242438377738,0.005109508970757015,5.438242438377739,0.08747654878609867,5.400000000000001,0.08236703981534166,0.0,0.0,Vmag_get_voltage_magnitude_series__angle_get_voltage_angle_series,true,SG,Ybus EMT reconstruction using exact complex bus-voltage phasors when available; otherwise diagnostic fallback
9.68,0.03824206408100839,0.005110744798529687,0.03824206408100839,0.005110744798529687,0.03824206408100839,0.005110744798529687,5.43824206408101,0.08747778461387135,5.400000000000001,0.08236703981534166,0.0,0.0,Vmag_get_voltage_magnitude_series__angle_get_voltage_angle_series,true,SG,Ybus EMT reconstruction using exact complex bus-voltage phasors when available; otherwise diagnostic fallback
9.69,0.03824169332255689,0.005111977027739356,0.03824169332255689,0.005111977027739356,0.03824169332255689,0.005111977027739356,5.438241693322558,0.08747901684308101,5.400000000000001,0.08236703981534166,0.0,0.0,Vmag_get_voltage_magnitude_series__angle_get_voltage_angle_series,true,SG,Ybus EMT reconstruction using exact complex bus-voltage phasors when available; otherwise diagnostic fallback
9.7,0.038241326089709204,0.005113205650568053,0.038241326089709204,0.005113205650568053,0.038241326089709204,0.005113205650568053,5.4382413260897104,0.08748024546590971,5.400000000000001,0.08236703981534166,0.0,0.0,Vmag_get_voltage_magnitude_series__angle_get_voltage_angle_series,true,SG,Ybus EMT reconstruction using exact complex bus-voltage phasors when available; otherwise diagnostic fallback
9.71,0.03824096236955299,0.005114430659348246,0.03824096236955299,0.005114430659348246,0.03824096236955299,0.005114430659348246,5.438240962369554,0.0874814704746899,5.400000000000001,0.08236703981534166,0.0,0.0,Vmag_get_voltage_magnitude_series__angle_get_voltage_angle_series,true,SG,Ybus EMT reconstruction using exact complex bus-voltage phasors when available; otherwise diagnostic fallback
9.72,0.03824060214914837,0.005115652046416286,0.03824060214914837,0.005115652046416286,0.03824060214914837,0.005115652046416286,5.43824060214915,0.08748269186175794,5.400000000000001,0.08236703981534166,0.0,0.0,Vmag_get_voltage_magnitude_series__angle_get_voltage_angle_series,true,SG,Ybus EMT reconstruction using exact complex bus-voltage phasors when available; otherwise diagnostic fallback
9.73,0.03824024541533522,0.0051168698042058924,0.03824024541533522,0.0051168698042058924,0.03824024541533522,0.0051168698042058924,5.4382402454153365,0.08748390961954755,5.400000000000001,0.08236703981534166,0.0,0.0,Vmag_get_voltage_magnitude_series__angle_get_voltage_angle_series,true,SG,Ybus EMT reconstruction using exact complex bus-voltage phasors when available; otherwise diagnostic fallback
9.74,0.03823989215491963,0.005118083925182648,0.03823989215491963,0.005118083925182648,0.03823989215491963,0.005118083925182648,5.438239892154921,0.0874851237405243,5.400000000000001,0.08236703981534166,0.0,0.0,Vmag_get_voltage_magnitude_series__angle_get_voltage_angle_series,true,SG,Ybus EMT reconstruction using exact complex bus-voltage phasors when available; otherwise diagnostic fallback
9.75,0.03823954235449456,0.005119294401903063,0.03823954235449456,0.005119294401903063,0.03823954235449456,0.005119294401903063,5.438239542354496,0.08748633421724472,5.400000000000001,0.08236703981534166,0.0,0.0,Vmag_get_voltage_magnitude_series__angle_get_voltage_angle_series,true,SG,Ybus EMT reconstruction using exact complex bus-voltage phasors when available; otherwise diagnostic fallback
9.76,0.038239196000588116,0.005120501226995144,0.038239196000588116,0.005120501226995144,0.038239196000588116,0.005120501226995144,5.438239196000589,0.0874875410423368,5.400000000000001,0.08236703981534166,0.0,0.0,Vmag_get_voltage_magnitude_series__angle_get_voltage_angle_series,true,SG,Ybus EMT reconstruction using exact complex bus-voltage phasors when available; otherwise diagnostic fallback
9.77,0.038238853079612056,0.00512170439309545,0.038238853079612056,0.00512170439309545,0.038238853079612056,0.00512170439309545,5.438238853079613,0.08748874420843711,5.400000000000001,0.08236703981534166,0.0,0.0,Vmag_get_voltage_magnitude_series__angle_get_voltage_angle_series,true,SG,Ybus EMT reconstruction using exact complex bus-voltage phasors when available; otherwise diagnostic fallback
9.78,0.038238513577799615,0.00512290389296155,0.038238513577799615,0.00512290389296155,0.038238513577799615,0.00512290389296155,5.438238513577801,0.08748994370830321,5.400000000000001,0.08236703981534166,0.0,0.0,Vmag_get_voltage_magnitude_series__angle_get_voltage_angle_series,true,SG,Ybus EMT reconstruction using exact complex bus-voltage phasors when available; otherwise diagnostic fallback
9.79,0.03823817748136804,0.005124099719463926,0.03823817748136804,0.005124099719463926,0.03823817748136804,0.005124099719463926,5.438238177481369,0.08749113953480558,5.400000000000001,0.08236703981534166,0.0,0.0,Vmag_get_voltage_magnitude_series__angle_get_voltage_angle_series,true,SG,Ybus EMT reconstruction using exact complex bus-voltage phasors when available; otherwise diagnostic fallback
9.8,0.03823784477633385,0.005125291865351045,0.03823784477633385,0.005125291865351045,0.03823784477633385,0.005125291865351045,5.438237844776335,0.0874923316806927,5.400000000000001,0.08236703981534166,0.0,0.0,Vmag_get_voltage_magnitude_series__angle_get_voltage_angle_series,true,SG,Ybus EMT reconstruction using exact complex bus-voltage phasors when available; otherwise diagnostic fallback
9.81,0.03823751544865228,0.005126480323725202,0.03823751544865228,0.005126480323725202,0.03823751544865228,0.005126480323725202,5.4382375154486535,0.08749352013906686,5.400000000000001,0.08236703981534166,0.0,0.0,Vmag_get_voltage_magnitude_series__angle_get_voltage_angle_series,true,SG,Ybus EMT reconstruction using exact complex bus-voltage phasors when available; otherwise diagnostic fallback
9.82,0.03823718948413379,0.005127665087474642,0.03823718948413379,0.005127665087474642,0.03823718948413379,0.005127665087474642,5.438237189484135,0.0874947049028163,5.400000000000001,0.08236703981534166,0.0,0.0,Vmag_get_voltage_magnitude_series__angle_get_voltage_angle_series,true,SG,Ybus EMT reconstruction using exact complex bus-voltage phasors when available; otherwise diagnostic fallback
9.83,0.03823686686851069,0.005128846149706878,0.03823686686851069,0.005128846149706878,0.03823686686851069,0.005128846149706878,5.438236866868512,0.08749588596504854,5.400000000000001,0.08236703981534166,0.0,0.0,Vmag_get_voltage_magnitude_series__angle_get_voltage_angle_series,true,SG,Ybus EMT reconstruction using exact complex bus-voltage phasors when available; otherwise diagnostic fallback
9.84,0.03823654758741668,0.005130023503611136,0.03823654758741668,0.005130023503611136,0.03823654758741668,0.005130023503611136,5.438236547587418,0.0874970633189528,5.400000000000001,0.08236703981534166,0.0,0.0,Vmag_get_voltage_magnitude_series__angle_get_voltage_angle_series,true,SG,Ybus EMT reconstruction using exact complex bus-voltage phasors when available; otherwise diagnostic fallback
9.85,0.03823623162634071,0.005131197142349331,0.03823623162634071,0.005131197142349331,0.03823623162634071,0.005131197142349331,5.438236231626342,0.08749823695769099,5.400000000000001,0.08236703981534166,0.0,0.0,Vmag_get_voltage_magnitude_series__angle_get_voltage_angle_series,true,SG,Ybus EMT reconstruction using exact complex bus-voltage phasors when available; otherwise diagnostic fallback
9.86,0.03823591897072731,0.005132367059215603,0.03823591897072731,0.005132367059215603,0.03823591897072731,0.005132367059215603,5.4382359189707286,0.08749940687455726,5.400000000000001,0.08236703981534166,0.0,0.0,Vmag_get_voltage_magnitude_series__angle_get_voltage_angle_series,true,SG,Ybus EMT reconstruction using exact complex bus-voltage phasors when available; otherwise diagnostic fallback
9.87,0.03823560960590111,0.005133533247584587,0.03823560960590111,0.005133533247584587,0.03823560960590111,0.005133533247584587,5.438235609605902,0.08750057306292625,5.400000000000001,0.08236703981534166,0.0,0.0,Vmag_get_voltage_magnitude_series__angle_get_voltage_angle_series,true,SG,Ybus EMT reconstruction using exact complex bus-voltage phasors when available; otherwise diagnostic fallback
9.88,0.038235303517046404,0.00513469570082814,0.038235303517046404,0.00513469570082814,0.038235303517046404,0.00513469570082814,5.438235303517048,0.0875017355161698,5.400000000000001,0.08236703981534166,0.0,0.0,Vmag_get_voltage_magnitude_series__angle_get_voltage_angle_series,true,SG,Ybus EMT reconstruction using exact complex bus-voltage phasors when available; otherwise diagnostic fallback
9.89,0.03823500068935193,0.0051358544125130745,0.03823500068935193,0.0051358544125130745,0.03823500068935193,0.0051358544125130745,5.438235000689353,0.08750289422785473,5.400000000000001,0.08236703981534166,0.0,0.0,Vmag_get_voltage_magnitude_series__angle_get_voltage_angle_series,true,SG,Ybus EMT reconstruction using exact complex bus-voltage phasors when available; otherwise diagnostic fallback
9.9,0.03823470110781457,0.005137009376136037,0.03823470110781457,0.005137009376136037,0.03823470110781457,0.005137009376136037,5.438234701107816,0.0875040491914777,5.400000000000001,0.08236703981534166,0.0,0.0,Vmag_get_voltage_magnitude_series__angle_get_voltage_angle_series,true,SG,Ybus EMT reconstruction using exact complex bus-voltage phasors when available; otherwise diagnostic fallback
9.91,0.03823440475740192,0.005138160585386853,0.03823440475740192,0.005138160585386853,0.03823440475740192,0.005138160585386853,5.438234404757403,0.08750520040072851,5.400000000000001,0.08236703981534166,0.0,0.0,Vmag_get_voltage_magnitude_series__angle_get_voltage_angle_series,true,SG,Ybus EMT reconstruction using exact complex bus-voltage phasors when available; otherwise diagnostic fallback
9.92,0.03823411162296164,0.0051393080339147135,0.03823411162296164,0.0051393080339147135,0.03823411162296164,0.0051393080339147135,5.438234111622963,0.08750634784925637,5.400000000000001,0.08236703981534166,0.0,0.0,Vmag_get_voltage_magnitude_series__angle_get_voltage_angle_series,true,SG,Ybus EMT reconstruction using exact complex bus-voltage phasors when available; otherwise diagnostic fallback
9.93,0.038233821689299674,0.005140451715558103,0.038233821689299674,0.005140451715558103,0.038233821689299674,0.005140451715558103,5.438233821689301,0.08750749153089976,5.400000000000001,0.08236703981534166,0.0,0.0,Vmag_get_voltage_magnitude_series__angle_get_voltage_angle_series,true,SG,Ybus EMT reconstruction using exact complex bus-voltage phasors when available; otherwise diagnostic fallback
9.94,0.038233534941096714,0.005141591624101105,0.038233534941096714,0.005141591624101105,0.038233534941096714,0.005141591624101105,5.438233534941098,0.08750863143944276,5.400000000000001,0.08236703981534166,0.0,0.0,Vmag_get_voltage_magnitude_series__angle_get_voltage_angle_series,true,SG,Ybus EMT reconstruction using exact complex bus-voltage phasors when available; otherwise diagnostic fallback
9.95,0.03823325136294642,0.005142727753502552,0.03823325136294642,0.005142727753502552,0.03823325136294642,0.005142727753502552,5.438233251362948,0.08750976756884421,5.400000000000001,0.08236703981534166,0.0,0.0,Vmag_get_voltage_magnitude_series__angle_get_voltage_angle_series,true,SG,Ybus EMT reconstruction using exact complex bus-voltage phasors when available; otherwise diagnostic fallback
9.96,0.03823297093940514,0.005143860097713726,0.03823297093940514,0.005143860097713726,0.03823297093940514,0.005143860097713726,5.438232970939406,0.08751089991305538,5.400000000000001,0.08236703981534166,0.0,0.0,Vmag_get_voltage_magnitude_series__angle_get_voltage_angle_series,true,SG,Ybus EMT reconstruction using exact complex bus-voltage phasors when available; otherwise diagnostic fallback
9.97,0.03823269365492088,0.0051449886508674325,0.03823269365492088,0.0051449886508674325,0.03823269365492088,0.0051449886508674325,5.438232693654922,0.08751202846620909,5.400000000000001,0.08236703981534166,0.0,0.0,Vmag_get_voltage_magnitude_series__angle_get_voltage_angle_series,true,SG,Ybus EMT reconstruction using exact complex bus-voltage phasors when available; otherwise diagnostic fallback
9.98,0.03823241949390521,0.0051461134070425185,0.03823241949390521,0.0051461134070425185,0.03823241949390521,0.0051461134070425185,5.4382324194939065,0.08751315322238418,5.400000000000001,0.08236703981534166,0.0,0.0,Vmag_get_voltage_magnitude_series__angle_get_voltage_angle_series,true,SG,Ybus EMT reconstruction using exact complex bus-voltage phasors when available; otherwise diagnostic fallback
9.99,0.03823214844062317,0.00514723436050335,0.03823214844062317,0.00514723436050335,0.03823214844062317,0.00514723436050335,5.438232148440624,0.08751427417584501,5.400000000000001,0.08236703981534166,0.0,0.0,Vmag_get_voltage_magnitude_series__angle_get_voltage_angle_series,true,SG,Ybus EMT reconstruction using exact complex bus-voltage phasors when available; otherwise diagnostic fallback
10.0,0.03823188047563253,0.0051483515101135024,0.03823188047563253,0.0051483515101135024,0.03823188047563253,0.0051483515101135024,5.438231880475634,0.08751539132545516,5.400000000000001,0.08236703981534166,0.0,0.0,Vmag_get_voltage_magnitude_series__angle_get_voltage_angle_series,true,SG,Ybus EMT reconstruction using exact complex bus-voltage phasors when available; otherwise diagnostic fallback
