t_s,delta_p_pu,delta_q_pu,delta_p_network_pu,delta_q_network_pu,delta_p_with_load_pu,delta_q_with_load_pu,p_network_abs_pu,q_network_abs_pu,p_network_ref_pu,q_network_ref_pu,delta_p_load_pu,delta_q_load_pu,angle_source,angle_is_exact_bus_voltage,asset_type,source
0.0,-0.00029664226075887257,-0.0011664458761200258,-0.00029664226075887257,-0.0011664458761200258,-0.00029664226075887257,-0.0011664458761200258,-2.7850868017802846,-1.0404595732102535,-2.7847901595195257,-1.0392931273341335,0.0,0.0,Vmag_get_voltage_magnitude_series__angle_get_voltage_angle_series,true,Unknown,Ybus EMT reconstruction using exact complex bus-voltage phasors when available; otherwise diagnostic fallback
0.01,-0.0002966422607584285,-0.0011664458761220242,-0.0002966422607584285,-0.0011664458761220242,-0.0002966422607584285,-0.0011664458761220242,-2.785086801780284,-1.0404595732102555,-2.7847901595195257,-1.0392931273341335,0.0,0.0,Vmag_get_voltage_magnitude_series__angle_get_voltage_angle_series,true,Unknown,Ybus EMT reconstruction using exact complex bus-voltage phasors when available; otherwise diagnostic fallback
0.02,-0.00029664226075487576,-0.0011664458761195817,-0.00029664226075487576,-0.0011664458761195817,-0.00029664226075487576,-0.0011664458761195817,-2.7850868017802806,-1.040459573210253,-2.7847901595195257,-1.0392931273341335,0.0,0.0,Vmag_get_voltage_magnitude_series__angle_get_voltage_angle_series,true,Unknown,Ybus EMT reconstruction using exact complex bus-voltage phasors when available; otherwise diagnostic fallback
0.03,-0.000296642260761093,-0.0011664458761198038,-0.000296642260761093,-0.0011664458761198038,-0.000296642260761093,-0.0011664458761198038,-2.785086801780287,-1.0404595732102533,-2.7847901595195257,-1.0392931273341335,0.0,0.0,Vmag_get_voltage_magnitude_series__angle_get_voltage_angle_series,true,Unknown,Ybus EMT reconstruction using exact complex bus-voltage phasors when available; otherwise diagnostic fallback
0.04,-0.0002966422607575403,-0.0011664458761198038,-0.0002966422607575403,-0.0011664458761198038,-0.0002966422607575403,-0.0011664458761198038,-2.7850868017802832,-1.0404595732102533,-2.7847901595195257,-1.0392931273341335,0.0,0.0,Vmag_get_voltage_magnitude_series__angle_get_voltage_angle_series,true,Unknown,Ybus EMT reconstruction using exact complex bus-voltage phasors when available; otherwise diagnostic fallback
0.05,-0.00029664226075487576,-0.0011664458760902718,-0.00029664226075487576,-0.0011664458760902718,-0.00029664226075487576,-0.0011664458760902718,-2.7850868017802806,-1.0404595732102238,-2.7847901595195257,-1.0392931273341335,0.0,0.0,Vmag_get_voltage_magnitude_series__angle_get_voltage_angle_series,true,Unknown,Ybus EMT reconstruction using exact complex bus-voltage phasors when available; otherwise diagnostic fallback
0.06,-0.0002966422607619812,-0.0011664458761195817,-0.0002966422607619812,-0.0011664458761195817,-0.0002966422607619812,-0.0011664458761195817,-2.7850868017802877,-1.040459573210253,-2.7847901595195257,-1.0392931273341335,0.0,0.0,Vmag_get_voltage_magnitude_series__angle_get_voltage_angle_series,true,Unknown,Ybus EMT reconstruction using exact complex bus-voltage phasors when available; otherwise diagnostic fallback
0.07,-0.00029664226075620803,-0.001166445876090938,-0.00029664226075620803,-0.001166445876090938,-0.00029664226075620803,-0.001166445876090938,-2.785086801780282,-1.0404595732102244,-2.7847901595195257,-1.0392931273341335,0.0,0.0,Vmag_get_voltage_magnitude_series__angle_get_voltage_angle_series,true,Unknown,Ybus EMT reconstruction using exact complex bus-voltage phasors when available; otherwise diagnostic fallback
0.08,-0.00029664226075887257,-0.001166445876090938,-0.00029664226075887257,-0.001166445876090938,-0.00029664226075887257,-0.001166445876090938,-2.7850868017802846,-1.0404595732102244,-2.7847901595195257,-1.0392931273341335,0.0,0.0,Vmag_get_voltage_magnitude_series__angle_get_voltage_angle_series,true,Unknown,Ybus EMT reconstruction using exact complex bus-voltage phasors when available; otherwise diagnostic fallback
0.09,-0.0002966422607566521,-0.0011664458761193597,-0.0002966422607566521,-0.0011664458761193597,-0.0002966422607566521,-0.0011664458761193597,-2.7850868017802823,-1.0404595732102528,-2.7847901595195257,-1.0392931273341335,0.0,0.0,Vmag_get_voltage_magnitude_series__angle_get_voltage_angle_series,true,Unknown,Ybus EMT reconstruction using exact complex bus-voltage phasors when available; otherwise diagnostic fallback
0.1,-0.00029664226076331346,-0.0011664458761191376,-0.00029664226076331346,-0.0011664458761191376,-0.00029664226076331346,-0.0011664458761191376,-2.785086801780289,-1.0404595732102526,-2.7847901595195257,-1.0392931273341335,0.0,0.0,Vmag_get_voltage_magnitude_series__angle_get_voltage_angle_series,true,Unknown,Ybus EMT reconstruction using exact complex bus-voltage phasors when available; otherwise diagnostic fallback
0.11,0.01647562395282831,0.0056033306700080665,0.01647562395282831,0.0056033306700080665,0.01647562395282831,0.0056033306700080665,-2.7683145355666974,-1.0336897966641254,-2.7847901595195257,-1.0392931273341335,0.0,0.0,Vmag_get_voltage_magnitude_series__angle_get_voltage_angle_series,true,Unknown,Ybus EMT reconstruction using exact complex bus-voltage phasors when available; otherwise diagnostic fallback
0.12,0.018973286261076527,0.006496118863908773,0.018973286261076527,0.006496118863908773,0.018973286261076527,0.006496118863908773,-2.765816873258449,-1.0327970084702247,-2.7847901595195257,-1.0392931273341335,0.0,0.0,Vmag_get_voltage_magnitude_series__angle_get_voltage_angle_series,true,Unknown,Ybus EMT reconstruction using exact complex bus-voltage phasors when available; otherwise diagnostic fallback
0.13,0.019427462069904422,0.0062327402259210185,0.019427462069904422,0.0062327402259210185,0.019427462069904422,0.0062327402259210185,-2.7653626974496213,-1.0330603871082125,-2.7847901595195257,-1.0392931273341335,0.0,0.0,Vmag_get_voltage_magnitude_series__angle_get_voltage_angle_series,true,Unknown,Ybus EMT reconstruction using exact complex bus-voltage phasors when available; otherwise diagnostic fallback
0.14,0.019163545578916086,0.006454970546104777,0.019163545578916086,0.006454970546104777,0.019163545578916086,0.006454970546104777,-2.7656266139406096,-1.0328381567880287,-2.7847901595195257,-1.0392931273341335,0.0,0.0,Vmag_get_voltage_magnitude_series__angle_get_voltage_angle_series,true,Unknown,Ybus EMT reconstruction using exact complex bus-voltage phasors when available; otherwise diagnostic fallback
0.15,0.018759680613621654,0.006251667653781379,0.018759680613621654,0.006251667653781379,0.018759680613621654,0.006251667653781379,-2.766030478905904,-1.033041459680352,-2.7847901595195257,-1.0392931273341335,0.0,0.0,Vmag_get_voltage_magnitude_series__angle_get_voltage_angle_series,true,Unknown,Ybus EMT reconstruction using exact complex bus-voltage phasors when available; otherwise diagnostic fallback
0.16,0.01848772316113445,0.006142731721554329,0.01848772316113445,0.006142731721554329,0.01848772316113445,0.006142731721554329,-2.7663024363583912,-1.0331503956125792,-2.7847901595195257,-1.0392931273341335,0.0,0.0,Vmag_get_voltage_magnitude_series__angle_get_voltage_angle_series,true,Unknown,Ybus EMT reconstruction using exact complex bus-voltage phasors when available; otherwise diagnostic fallback
0.17,0.0182094818883618,0.006037219337968303,0.0182094818883618,0.006037219337968303,0.0182094818883618,0.006037219337968303,-2.766580677631164,-1.0332559079961652,-2.7847901595195257,-1.0392931273341335,0.0,0.0,Vmag_get_voltage_magnitude_series__angle_get_voltage_angle_series,true,Unknown,Ybus EMT reconstruction using exact complex bus-voltage phasors when available; otherwise diagnostic fallback
0.18,0.017977221325691684,0.0059701849797431095,0.017977221325691684,0.0059701849797431095,0.017977221325691684,0.0059701849797431095,-2.766812938193834,-1.0333229423543904,-2.7847901595195257,-1.0392931273341335,0.0,0.0,Vmag_get_voltage_magnitude_series__angle_get_voltage_angle_series,true,Unknown,Ybus EMT reconstruction using exact complex bus-voltage phasors when available; otherwise diagnostic fallback
0.19,0.017792218151647887,0.005918430769025651,0.017792218151647887,0.005918430769025651,0.017792218151647887,0.005918430769025651,-2.766997941367878,-1.0333746965651078,-2.7847901595195257,-1.0392931273341335,0.0,0.0,Vmag_get_voltage_magnitude_series__angle_get_voltage_angle_series,true,Unknown,Ybus EMT reconstruction using exact complex bus-voltage phasors when available; otherwise diagnostic fallback
0.2,0.0176585478089053,0.0058886085552447565,0.0176585478089053,0.0058886085552447565,0.0176585478089053,0.0058886085552447565,-2.7671316117106204,-1.0334045187788887,-2.7847901595195257,-1.0392931273341335,0.0,0.0,Vmag_get_voltage_magnitude_series__angle_get_voltage_angle_series,true,Unknown,Ybus EMT reconstruction using exact complex bus-voltage phasors when available; otherwise diagnostic fallback
0.21,0.017565607371190062,0.00587423237410456,0.017565607371190062,0.00587423237410456,0.017565607371190062,0.00587423237410456,-2.7672245521483356,-1.033418894960029,-2.7847901595195257,-1.0392931273341335,0.0,0.0,Vmag_get_voltage_magnitude_series__angle_get_voltage_angle_series,true,Unknown,Ybus EMT reconstruction using exact complex bus-voltage phasors when available; otherwise diagnostic fallback
0.22,0.017506111499101973,0.005873035064916765,0.017506111499101973,0.005873035064916765,0.017506111499101973,0.005873035064916765,-2.7672840480204237,-1.0334200922692167,-2.7847901595195257,-1.0392931273341335,0.0,0.0,Vmag_get_voltage_magnitude_series__angle_get_voltage_angle_series,true,Unknown,Ybus EMT reconstruction using exact complex bus-voltage phasors when available; otherwise diagnostic fallback
0.23,0.017472467375585943,0.0058812521052853395,0.017472467375585943,0.0058812521052853395,0.017472467375585943,0.0058812521052853395,-2.7673176921439397,-1.0334118752288481,-2.7847901595195257,-1.0392931273341335,0.0,0.0,Vmag_get_voltage_magnitude_series__angle_get_voltage_angle_series,true,Unknown,Ybus EMT reconstruction using exact complex bus-voltage phasors when available; otherwise diagnostic fallback
0.24,0.01745822602592817,0.0058963883830609465,0.01745822602592817,0.0058963883830609465,0.01745822602592817,0.0058963883830609465,-2.7673319334935975,-1.0333967389510725,-2.7847901595195257,-1.0392931273341335,0.0,0.0,Vmag_get_voltage_magnitude_series__angle_get_voltage_angle_series,true,Unknown,Ybus EMT reconstruction using exact complex bus-voltage phasors when available; otherwise diagnostic fallback
0.25,0.01745756613348748,0.005915986824699182,0.01745756613348748,0.005915986824699182,0.01745756613348748,0.005915986824699182,-2.767332593386038,-1.0333771405094343,-2.7847901595195257,-1.0392931273341335,0.0,0.0,Vmag_get_voltage_magnitude_series__angle_get_voltage_angle_series,true,Unknown,Ybus EMT reconstruction using exact complex bus-voltage phasors when available; otherwise diagnostic fallback
0.26,0.017465644746442077,0.005938126631104934,0.017465644746442077,0.005938126631104934,0.017465644746442077,0.005938126631104934,-2.7673245147730836,-1.0333550007030285,-2.7847901595195257,-1.0392931273341335,0.0,0.0,Vmag_get_voltage_magnitude_series__angle_get_voltage_angle_series,true,Unknown,Ybus EMT reconstruction using exact complex bus-voltage phasors when available; otherwise diagnostic fallback
0.27,0.01747836609203457,0.00596115843593803,0.01747836609203457,0.00596115843593803,0.01747836609203457,0.00596115843593803,-2.767311793427491,-1.0333319688981955,-2.7847901595195257,-1.0392931273341335,0.0,0.0,Vmag_get_voltage_magnitude_series__angle_get_voltage_angle_series,true,Unknown,Ybus EMT reconstruction using exact complex bus-voltage phasors when available; otherwise diagnostic fallback
0.28,0.01749238402269837,0.0059837805221572005,0.01749238402269837,0.0059837805221572005,0.01749238402269837,0.0059837805221572005,-2.7672977754968273,-1.0333093468119763,-2.7847901595195257,-1.0392931273341335,0.0,0.0,Vmag_get_voltage_magnitude_series__angle_get_voltage_angle_series,true,Unknown,Ybus EMT reconstruction using exact complex bus-voltage phasors when available; otherwise diagnostic fallback
0.29,0.017504949218312582,0.006004934704124665,0.017504949218312582,0.006004934704124665,0.017504949218312582,0.006004934704124665,-2.767285210301213,-1.0332881926300088,-2.7847901595195257,-1.0392931273341335,0.0,0.0,Vmag_get_voltage_magnitude_series__angle_get_voltage_angle_series,true,Unknown,Ybus EMT reconstruction using exact complex bus-voltage phasors when available; otherwise diagnostic fallback
0.3,0.017513828655942643,0.006023792086548019,0.017513828655942643,0.006023792086548019,0.017513828655942643,0.006023792086548019,-2.767276330863583,-1.0332693352475855,-2.7847901595195257,-1.0392931273341335,0.0,0.0,Vmag_get_voltage_magnitude_series__angle_get_voltage_angle_series,true,Unknown,Ybus EMT reconstruction using exact complex bus-voltage phasors when available; otherwise diagnostic fallback
0.31,0.017517199229882596,0.006039693516338485,0.017517199229882596,0.006039693516338485,0.017517199229882596,0.006039693516338485,-2.767272960289643,-1.033253433817795,-2.7847901595195257,-1.0392931273341335,0.0,0.0,Vmag_get_voltage_magnitude_series__angle_get_voltage_angle_series,true,Unknown,Ybus EMT reconstruction using exact complex bus-voltage phasors when available; otherwise diagnostic fallback
0.32,0.01751356083865563,0.0060521206074606315,0.01751356083865563,0.0060521206074606315,0.01751356083865563,0.0060521206074606315,-2.76727659868087,-1.0332410067266729,-2.7847901595195257,-1.0392931273341335,0.0,0.0,Vmag_get_voltage_magnitude_series__angle_get_voltage_angle_series,true,Unknown,Ybus EMT reconstruction using exact complex bus-voltage phasors when available; otherwise diagnostic fallback
0.33,0.01750166781720308,0.00606066186636145,0.01750166781720308,0.00606066186636145,0.01750166781720308,0.00606066186636145,-2.7672884917023226,-1.033232465467772,-2.7847901595195257,-1.0392931273341335,0.0,0.0,Vmag_get_voltage_magnitude_series__angle_get_voltage_angle_series,true,Unknown,Ybus EMT reconstruction using exact complex bus-voltage phasors when available; otherwise diagnostic fallback
0.34,0.01748047087710658,0.006064987930084698,0.01748047087710658,0.006064987930084698,0.01748047087710658,0.006064987930084698,-2.767309688642419,-1.0332281394040488,-2.7847901595195257,-1.0392931273341335,0.0,0.0,Vmag_get_voltage_magnitude_series__angle_get_voltage_angle_series,true,Unknown,Ybus EMT reconstruction using exact complex bus-voltage phasors when available; otherwise diagnostic fallback
0.35,0.01744908097931841,0.0060648354530097315,0.01744908097931841,0.0060648354530097315,0.01744908097931841,0.0060648354530097315,-2.7673410785402073,-1.0332282918811238,-2.7847901595195257,-1.0392931273341335,0.0,0.0,Vmag_get_voltage_magnitude_series__angle_get_voltage_angle_series,true,Unknown,Ybus EMT reconstruction using exact complex bus-voltage phasors when available; otherwise diagnostic fallback
0.36,0.0174067445100321,0.006059992602099884,0.0174067445100321,0.006059992602099884,0.0174067445100321,0.006059992602099884,-2.7673834150094936,-1.0332331347320336,-2.7847901595195257,-1.0392931273341335,0.0,0.0,Vmag_get_voltage_magnitude_series__angle_get_voltage_angle_series,true,Unknown,Ybus EMT reconstruction using exact complex bus-voltage phasors when available; otherwise diagnostic fallback
0.37,0.01735282808286831,0.006050293113987859,0.01735282808286831,0.006050293113987859,0.01735282808286831,0.006050293113987859,-2.7674373314366574,-1.0332428342201456,-2.7847901595195257,-1.0392931273341335,0.0,0.0,Vmag_get_voltage_magnitude_series__angle_get_voltage_angle_series,true,Unknown,Ybus EMT reconstruction using exact complex bus-voltage phasors when available; otherwise diagnostic fallback
0.38,0.01728681698530732,0.006035610793349466,0.01728681698530732,0.006035610793349466,0.01728681698530732,0.006035610793349466,-2.7675033425342184,-1.033257516540784,-2.7847901595195257,-1.0392931273341335,0.0,0.0,Vmag_get_voltage_magnitude_series__angle_get_voltage_angle_series,true,Unknown,Ybus EMT reconstruction using exact complex bus-voltage phasors when available; otherwise diagnostic fallback
0.39,0.01720831011944446,0.006015856236434303,0.01720831011944446,0.006015856236434303,0.01720831011944446,0.006015856236434303,-2.7675818494000812,-1.0332772710976992,-2.7847901595195257,-1.0392931273341335,0.0,0.0,Vmag_get_voltage_magnitude_series__angle_get_voltage_angle_series,true,Unknown,Ybus EMT reconstruction using exact complex bus-voltage phasors when available; otherwise diagnostic fallback
0.4,0.01711702519914393,0.005990979117608708,0.01711702519914393,0.005990979117608708,0.01711702519914393,0.005990979117608708,-2.7676731343203818,-1.0333021482165248,-2.7847901595195257,-1.0392931273341335,0.0,0.0,Vmag_get_voltage_magnitude_series__angle_get_voltage_angle_series,true,Unknown,Ybus EMT reconstruction using exact complex bus-voltage phasors when available; otherwise diagnostic fallback
0.41,0.017012798705491328,0.005960962451119212,0.017012798705491328,0.005960962451119212,0.017012798705491328,0.005960962451119212,-2.7677773608140344,-1.0333321648830143,-2.7847901595195257,-1.0392931273341335,0.0,0.0,Vmag_get_voltage_magnitude_series__angle_get_voltage_angle_series,true,Unknown,Ybus EMT reconstruction using exact complex bus-voltage phasors when available; otherwise diagnostic fallback
0.42,0.016895585779051814,0.005925826860591288,0.016895585779051814,0.005925826860591288,0.016895585779051814,0.005925826860591288,-2.767894573740474,-1.0333673004735422,-2.7847901595195257,-1.0392931273341335,0.0,0.0,Vmag_get_voltage_magnitude_series__angle_get_voltage_angle_series,true,Unknown,Ybus EMT reconstruction using exact complex bus-voltage phasors when available; otherwise diagnostic fallback
0.43,0.01676546103639298,0.005885627169397445,0.01676546103639298,0.005885627169397445,0.01676546103639298,0.005885627169397445,-2.7680246984831327,-1.033407500164736,-2.7847901595195257,-1.0392931273341335,0.0,0.0,Vmag_get_voltage_magnitude_series__angle_get_voltage_angle_series,true,Unknown,Ybus EMT reconstruction using exact complex bus-voltage phasors when available; otherwise diagnostic fallback
0.44,0.01662261057185166,0.005840451046323691,0.01662261057185166,0.005840451046323691,0.01662261057185166,0.005840451046323691,-2.768167548947674,-1.0334526762878098,-2.7847901595195257,-1.0392931273341335,0.0,0.0,Vmag_get_voltage_magnitude_series__angle_get_voltage_angle_series,true,Unknown,Ybus EMT reconstruction using exact complex bus-voltage phasors when available; otherwise diagnostic fallback
0.45,0.01646732984786059,0.005790418962946742,0.01646732984786059,0.005790418962946742,0.01646732984786059,0.005790418962946742,-2.768322829671665,-1.0335027083711867,-2.7847901595195257,-1.0392931273341335,0.0,0.0,Vmag_get_voltage_magnitude_series__angle_get_voltage_angle_series,true,Unknown,Ybus EMT reconstruction using exact complex bus-voltage phasors when available; otherwise diagnostic fallback
0.46,0.01630001348416954,0.005735679771406099,0.01630001348416954,0.005735679771406099,0.01630001348416954,0.005735679771406099,-2.768490146035356,-1.0335574475627274,-2.7847901595195257,-1.0392931273341335,0.0,0.0,Vmag_get_voltage_magnitude_series__angle_get_voltage_angle_series,true,Unknown,Ybus EMT reconstruction using exact complex bus-voltage phasors when available; otherwise diagnostic fallback
0.47,0.016121146556065558,0.005676410786090047,0.016121146556065558,0.005676410786090047,0.016121146556065558,0.005676410786090047,-2.76866901296346,-1.0336167165480434,-2.7847901595195257,-1.0392931273341335,0.0,0.0,Vmag_get_voltage_magnitude_series__angle_get_voltage_angle_series,true,Unknown,Ybus EMT reconstruction using exact complex bus-voltage phasors when available; otherwise diagnostic fallback
0.48,0.015931295630652542,0.005612813551585827,0.015931295630652542,0.005612813551585827,0.015931295630652542,0.005612813551585827,-2.768858863888873,-1.0336803137825477,-2.7847901595195257,-1.0392931273341335,0.0,0.0,Vmag_get_voltage_magnitude_series__angle_get_voltage_angle_series,true,Unknown,Ybus EMT reconstruction using exact complex bus-voltage phasors when available; otherwise diagnostic fallback
0.49,0.015731097276974637,0.005545112139645703,0.015731097276974637,0.005545112139645703,0.015731097276974637,0.005545112139645703,-2.769059062242551,-1.0337480151944878,-2.7847901595195257,-1.0392931273341335,0.0,0.0,Vmag_get_voltage_magnitude_series__angle_get_voltage_angle_series,true,Unknown,Ybus EMT reconstruction using exact complex bus-voltage phasors when available; otherwise diagnostic fallback
0.5,0.015521249529763637,0.005473550726600829,0.015521249529763637,0.005473550726600829,0.015521249529763637,0.005473550726600829,-2.769268909989762,-1.0338195766075327,-2.7847901595195257,-1.0392931273341335,0.0,0.0,Vmag_get_voltage_magnitude_series__angle_get_voltage_angle_series,true,Unknown,Ybus EMT reconstruction using exact complex bus-voltage phasors when available; otherwise diagnostic fallback
0.51,0.015302501073298114,0.005398390597487923,0.015302501073298114,0.005398390597487923,0.015302501073298114,0.005398390597487923,-2.7694876584462276,-1.0338947367366456,-2.7847901595195257,-1.0392931273341335,0.0,0.0,Vmag_get_voltage_magnitude_series__angle_get_voltage_angle_series,true,Unknown,Ybus EMT reconstruction using exact complex bus-voltage phasors when available; otherwise diagnostic fallback
0.52,0.015075642633168407,0.005319908892411407,0.015075642633168407,0.005319908892411407,0.015075642633168407,0.005319908892411407,-2.7697145168863573,-1.033973218441722,-2.7847901595195257,-1.0392931273341335,0.0,0.0,Vmag_get_voltage_magnitude_series__angle_get_voltage_angle_series,true,Unknown,Ybus EMT reconstruction using exact complex bus-voltage phasors when available; otherwise diagnostic fallback
0.53,0.014841498460022695,0.005238395145589658,0.014841498460022695,0.005238395145589658,0.014841498460022695,0.005238395145589658,-2.769948661059503,-1.0340547321885438,-2.7847901595195257,-1.0392931273341335,0.0,0.0,Vmag_get_voltage_magnitude_series__angle_get_voltage_angle_series,true,Unknown,Ybus EMT reconstruction using exact complex bus-voltage phasors when available; otherwise diagnostic fallback
0.54,0.014600917825852822,0.005154150016042358,0.014600917825852822,0.005154150016042358,0.014600917825852822,0.005154150016042358,-2.770189241693673,-1.0341389773180911,-2.7847901595195257,-1.0392931273341335,0.0,0.0,Vmag_get_voltage_magnitude_series__angle_get_voltage_angle_series,true,Unknown,Ybus EMT reconstruction using exact complex bus-voltage phasors when available; otherwise diagnostic fallback
0.55,0.014354768497117476,0.005067483039388865,0.014354768497117476,0.005067483039388865,0.014354768497117476,0.005067483039388865,-2.770435391022408,-1.0342256442947446,-2.7847901595195257,-1.0392931273341335,0.0,0.0,Vmag_get_voltage_magnitude_series__angle_get_voltage_angle_series,true,Unknown,Ybus EMT reconstruction using exact complex bus-voltage phasors when available; otherwise diagnostic fallback
0.56,0.014103928805214494,0.004978709977900397,0.014103928805214494,0.004978709977900397,0.014103928805214494,0.004978709977900397,-2.770686230714311,-1.034314417356233,-2.7847901595195257,-1.0392931273341335,0.0,0.0,Vmag_get_voltage_magnitude_series__angle_get_voltage_angle_series,true,Unknown,Ybus EMT reconstruction using exact complex bus-voltage phasors when available; otherwise diagnostic fallback
0.57,0.013849282202639479,0.004888151857232348,0.013849282202639479,0.004888151857232348,0.013849282202639479,0.004888151857232348,-2.770940877316886,-1.0344049754769011,-2.7847901595195257,-1.0392931273341335,0.0,0.0,Vmag_get_voltage_magnitude_series__angle_get_voltage_angle_series,true,Unknown,Ybus EMT reconstruction using exact complex bus-voltage phasors when available; otherwise diagnostic fallback
0.58,0.01359171092561473,0.004796131774817747,0.01359171092561473,0.004796131774817747,0.01359171092561473,0.004796131774817747,-2.771198448593911,-1.0344969955593157,-2.7847901595195257,-1.0392931273341335,0.0,0.0,Vmag_get_voltage_magnitude_series__angle_get_voltage_angle_series,true,Unknown,Ybus EMT reconstruction using exact complex bus-voltage phasors when available; otherwise diagnostic fallback
0.59,0.013332090200947722,0.004702973903357277,0.013332090200947722,0.004702973903357277,0.013332090200947722,0.004702973903357277,-2.771458069318578,-1.0345901534307762,-2.7847901595195257,-1.0392931273341335,0.0,0.0,Vmag_get_voltage_magnitude_series__angle_get_voltage_angle_series,true,Unknown,Ybus EMT reconstruction using exact complex bus-voltage phasors when available; otherwise diagnostic fallback
0.6,0.013071283841882497,0.004609001041336436,0.013071283841882497,0.004609001041336436,0.013071283841882497,0.004609001041336436,-2.771718875677643,-1.034684126292797,-2.7847901595195257,-1.0392931273341335,0.0,0.0,Vmag_get_voltage_magnitude_series__angle_get_voltage_angle_series,true,Unknown,Ybus EMT reconstruction using exact complex bus-voltage phasors when available; otherwise diagnostic fallback
0.61,0.01281013863034941,0.004514532668306481,0.01281013863034941,0.004514532668306481,0.01281013863034941,0.004514532668306481,-2.7719800208891763,-1.034778594665827,-2.7847901595195257,-1.0392931273341335,0.0,0.0,Vmag_get_voltage_magnitude_series__angle_get_voltage_angle_series,true,Unknown,Ybus EMT reconstruction using exact complex bus-voltage phasors when available; otherwise diagnostic fallback
0.62,0.012549480695161819,0.0044198836383810836,0.012549480695161819,0.0044198836383810836,0.012549480695161819,0.0044198836383810836,-2.772240678824364,-1.0348732436957524,-2.7847901595195257,-1.0392931273341335,0.0,0.0,Vmag_get_voltage_magnitude_series__angle_get_voltage_angle_series,true,Unknown,Ybus EMT reconstruction using exact complex bus-voltage phasors when available; otherwise diagnostic fallback
0.63,0.012290110967389634,0.004325361770348701,0.012290110967389634,0.004325361770348701,0.012290110967389634,0.004325361770348701,-2.772500048552136,-1.0349677655637848,-2.7847901595195257,-1.0392931273341335,0.0,0.0,Vmag_get_voltage_magnitude_series__angle_get_voltage_angle_series,true,Unknown,Ybus EMT reconstruction using exact complex bus-voltage phasors when available; otherwise diagnostic fallback
0.64,0.012032801609215493,0.004231266769596509,0.012032801609215493,0.004231266769596509,0.012032801609215493,0.004231266769596509,-2.77275735791031,-1.035061860564537,-2.7847901595195257,-1.0392931273341335,0.0,0.0,Vmag_get_voltage_magnitude_series__angle_get_voltage_angle_series,true,Unknown,Ybus EMT reconstruction using exact complex bus-voltage phasors when available; otherwise diagnostic fallback
0.65,0.011778292927095535,0.004137888300793424,0.011778292927095535,0.004137888300793424,0.011778292927095535,0.004137888300793424,-2.77301186659243,-1.03515523903334,-2.7847901595195257,-1.0392931273341335,0.0,0.0,Vmag_get_voltage_magnitude_series__angle_get_voltage_angle_series,true,Unknown,Ybus EMT reconstruction using exact complex bus-voltage phasors when available; otherwise diagnostic fallback
0.66,0.01152729000084074,0.004045504745165296,0.01152729000084074,0.004045504745165296,0.01152729000084074,0.004045504745165296,-2.773262869518685,-1.0352476225889682,-2.7847901595195257,-1.0392931273341335,0.0,0.0,Vmag_get_voltage_magnitude_series__angle_get_voltage_angle_series,true,Unknown,Ybus EMT reconstruction using exact complex bus-voltage phasors when available; otherwise diagnostic fallback
0.67,0.011280460389709202,0.00395438190725339,0.011280460389709202,0.00395438190725339,0.011280460389709202,0.00395438190725339,-2.7735096991298165,-1.03533874542688,-2.7847901595195257,-1.0392931273341335,0.0,0.0,Vmag_get_voltage_magnitude_series__angle_get_voltage_angle_series,true,Unknown,Ybus EMT reconstruction using exact complex bus-voltage phasors when available; otherwise diagnostic fallback
0.68,0.01103843156470763,0.003864771728994132,0.01103843156470763,0.003864771728994132,0.01103843156470763,0.003864771728994132,-2.773751727954818,-1.0354283556051394,-2.7847901595195257,-1.0392931273341335,0.0,0.0,Vmag_get_voltage_magnitude_series__angle_get_voltage_angle_series,true,Unknown,Ybus EMT reconstruction using exact complex bus-voltage phasors when available; otherwise diagnostic fallback
0.69,0.010801788996495976,0.0037769114014472027,0.010801788996495976,0.0037769114014472027,0.010801788996495976,0.0037769114014472027,-2.7739883705230297,-1.0355162159326863,-2.7847901595195257,-1.0392931273341335,0.0,0.0,Vmag_get_voltage_magnitude_series__angle_get_voltage_angle_series,true,Unknown,Ybus EMT reconstruction using exact complex bus-voltage phasors when available; otherwise diagnostic fallback
0.7,0.01057107452456485,0.0036910223101795925,0.01057107452456485,0.0036910223101795925,0.01057107452456485,0.0036910223101795925,-2.774219084994961,-1.035602105023954,-2.7847901595195257,-1.0392931273341335,0.0,0.0,Vmag_get_voltage_magnitude_series__angle_get_voltage_angle_series,true,Unknown,Ybus EMT reconstruction using exact complex bus-voltage phasors when available; otherwise diagnostic fallback
0.71,0.010346784732725212,0.0036073093802266865,0.010346784732725212,0.0036073093802266865,0.010346784732725212,0.0036073093802266865,-2.7744433747868005,-1.0356858179539068,-2.7847901595195257,-1.0392931273341335,0.0,0.0,Vmag_get_voltage_magnitude_series__angle_get_voltage_angle_series,true,Unknown,Ybus EMT reconstruction using exact complex bus-voltage phasors when available; otherwise diagnostic fallback
0.72,0.010129370144574601,0.003525960425397212,0.010129370144574601,0.003525960425397212,0.010129370144574601,0.003525960425397212,-2.774660789374951,-1.0357671669087363,-2.7847901595195257,-1.0392931273341335,0.0,0.0,Vmag_get_voltage_magnitude_series__angle_get_voltage_angle_series,true,Unknown,Ybus EMT reconstruction using exact complex bus-voltage phasors when available; otherwise diagnostic fallback
0.73,0.009919234115584263,0.0034471455480189483,0.009919234115584263,0.0034471455480189483,0.009919234115584263,0.0034471455480189483,-2.7748709254039414,-1.0358459817861145,-2.7847901595195257,-1.0392931273341335,0.0,0.0,Vmag_get_voltage_magnitude_series__angle_get_voltage_angle_series,true,Unknown,Ybus EMT reconstruction using exact complex bus-voltage phasors when available; otherwise diagnostic fallback
0.74,0.009716732413326046,0.0033710169730865047,0.009716732413326046,0.0033710169730865047,0.009716732413326046,0.0033710169730865047,-2.7750734271061996,-1.035922110361047,-2.7847901595195257,-1.0392931273341335,0.0,0.0,Vmag_get_voltage_magnitude_series__angle_get_voltage_angle_series,true,Unknown,Ybus EMT reconstruction using exact complex bus-voltage phasors when available; otherwise diagnostic fallback
0.75,0.009522172985878985,0.003297708566172508,0.009522172985878985,0.003297708566172508,0.009522172985878985,0.003297708566172508,-2.7752679865336467,-1.035995418767961,-2.7847901595195257,-1.0392931273341335,0.0,0.0,Vmag_get_voltage_magnitude_series__angle_get_voltage_angle_series,true,Unknown,Ybus EMT reconstruction using exact complex bus-voltage phasors when available; otherwise diagnostic fallback
0.76,0.009335815809807357,0.0032273359190240214,0.009335815809807357,0.0032273359190240214,0.009335815809807357,0.0032273359190240214,-2.7754543437097183,-1.0360657914151095,-2.7847901595195257,-1.0392931273341335,0.0,0.0,Vmag_get_voltage_magnitude_series__angle_get_voltage_angle_series,true,Unknown,Ybus EMT reconstruction using exact complex bus-voltage phasors when available; otherwise diagnostic fallback
0.77,0.009157873353855095,0.0031599962879884647,0.009157873353855095,0.0031599962879884647,0.009157873353855095,0.0031599962879884647,-2.7756322861656706,-1.036133131046145,-2.7847901595195257,-1.0392931273341335,0.0,0.0,Vmag_get_voltage_magnitude_series__angle_get_voltage_angle_series,true,Unknown,Ybus EMT reconstruction using exact complex bus-voltage phasors when available; otherwise diagnostic fallback
0.78,0.00898851090875974,0.003095768652490616,0.00898851090875974,0.003095768652490616,0.00898851090875974,0.003095768652490616,-2.775801648610766,-1.0361973586816429,-2.7847901595195257,-1.0392931273341335,0.0,0.0,Vmag_get_voltage_magnitude_series__angle_get_voltage_angle_series,true,Unknown,Ybus EMT reconstruction using exact complex bus-voltage phasors when available; otherwise diagnostic fallback
0.79,0.008827847574625292,0.003034714159217078,0.008827847574625292,0.003034714159217078,0.008827847574625292,0.003034714159217078,-2.7759623119449004,-1.0362584131749164,-2.7847901595195257,-1.0392931273341335,0.0,0.0,Vmag_get_voltage_magnitude_series__angle_get_voltage_angle_series,true,Unknown,Ybus EMT reconstruction using exact complex bus-voltage phasors when available; otherwise diagnostic fallback
0.8,0.008675957222682218,0.002976876222430924,0.008675957222682218,0.002976876222430924,0.008675957222682218,0.002976876222430924,-2.7761142022968435,-1.0363162511117026,-2.7847901595195257,-1.0392931273341335,0.0,0.0,Vmag_get_voltage_magnitude_series__angle_get_voltage_angle_series,true,Unknown,Ybus EMT reconstruction using exact complex bus-voltage phasors when available; otherwise diagnostic fallback
0.81,0.008532869723770542,0.002922281189231546,0.008532869723770542,0.002922281189231546,0.008532869723770542,0.002922281189231546,-2.776257289795755,-1.036370846144902,-2.7847901595195257,-1.0392931273341335,0.0,0.0,Vmag_get_voltage_magnitude_series__angle_get_voltage_angle_series,true,Unknown,Ybus EMT reconstruction using exact complex bus-voltage phasors when available; otherwise diagnostic fallback
0.82,0.008398572730900167,0.0028709388162637683,0.008398572730900167,0.0028709388162637683,0.008398572730900167,0.0028709388162637683,-2.7763915867886255,-1.0364221885178697,-2.7847901595195257,-1.0392931273341335,0.0,0.0,Vmag_get_voltage_magnitude_series__angle_get_voltage_angle_series,true,Unknown,Ybus EMT reconstruction using exact complex bus-voltage phasors when available; otherwise diagnostic fallback
0.83,0.008273013088194947,0.0028228428520729043,0.008273013088194947,0.0028228428520729043,0.008273013088194947,0.0028228428520729043,-2.7765171464313307,-1.0364702844820606,-2.7847901595195257,-1.0392931273341335,0.0,0.0,Vmag_get_voltage_magnitude_series__angle_get_voltage_angle_series,true,Unknown,Ybus EMT reconstruction using exact complex bus-voltage phasors when available; otherwise diagnostic fallback
0.84,0.008156099059722255,0.002777971898687559,0.008156099059722255,0.002777971898687559,0.008156099059722255,0.002777971898687559,-2.7766340604598034,-1.036515155435446,-2.7847901595195257,-1.0392931273341335,0.0,0.0,Vmag_get_voltage_magnitude_series__angle_get_voltage_angle_series,true,Unknown,Ybus EMT reconstruction using exact complex bus-voltage phasors when available; otherwise diagnostic fallback
0.85,0.008047702340974183,0.002736290014005327,0.008047702340974183,0.002736290014005327,0.008047702340974183,0.002736290014005327,-2.7767424571785515,-1.0365568373201282,-2.7847901595195257,-1.0392931273341335,0.0,0.0,Vmag_get_voltage_magnitude_series__angle_get_voltage_angle_series,true,Unknown,Ybus EMT reconstruction using exact complex bus-voltage phasors when available; otherwise diagnostic fallback
0.86,0.007947660310864357,0.0026977477787988313,0.007947660310864357,0.0026977477787988313,0.007947660310864357,0.0026977477787988313,-2.7768424992086613,-1.0365953795553347,-2.7847901595195257,-1.0392931273341335,0.0,0.0,Vmag_get_voltage_magnitude_series__angle_get_voltage_angle_series,true,Unknown,Ybus EMT reconstruction using exact complex bus-voltage phasors when available; otherwise diagnostic fallback
0.87,0.007855778617825049,0.002662283012523803,0.007855778617825049,0.002662283012523803,0.007855778617825049,0.002662283012523803,-2.7769343809017006,-1.0366308443216097,-2.7847901595195257,-1.0392931273341335,0.0,0.0,Vmag_get_voltage_magnitude_series__angle_get_voltage_angle_series,true,Unknown,Ybus EMT reconstruction using exact complex bus-voltage phasors when available; otherwise diagnostic fallback
0.88,0.007771833468042999,0.002629821798920018,0.007771833468042999,0.002629821798920018,0.007771833468042999,0.002629821798920018,-2.7770183260514827,-1.0366633055352135,-2.7847901595195257,-1.0392931273341335,0.0,0.0,Vmag_get_voltage_magnitude_series__angle_get_voltage_angle_series,true,Unknown,Ybus EMT reconstruction using exact complex bus-voltage phasors when available; otherwise diagnostic fallback
0.89,0.007695574505708791,0.0026002795205006812,0.007695574505708791,0.0026002795205006812,0.007695574505708791,0.0026002795205006812,-2.777094585013817,-1.0366928478136328,-2.7847901595195257,-1.0392931273341335,0.0,0.0,Vmag_get_voltage_magnitude_series__angle_get_voltage_angle_series,true,Unknown,Ybus EMT reconstruction using exact complex bus-voltage phasors when available; otherwise diagnostic fallback
0.9,0.007626727291824231,0.002573561682813086,0.007626727291824231,0.002573561682813086,0.007626727291824231,0.002573561682813086,-2.7771634322277015,-1.0367195656513204,-2.7847901595195257,-1.0392931273341335,0.0,0.0,Vmag_get_voltage_magnitude_series__angle_get_voltage_angle_series,true,Unknown,Ybus EMT reconstruction using exact complex bus-voltage phasors when available; otherwise diagnostic fallback
0.91,0.007564996107525701,0.0025495651491678206,0.007564996107525701,0.0025495651491678206,0.007564996107525701,0.0025495651491678206,-2.777225163412,-1.0367435621849657,-2.7847901595195257,-1.0392931273341335,0.0,0.0,Vmag_get_voltage_magnitude_series__angle_get_voltage_angle_series,true,Unknown,Ybus EMT reconstruction using exact complex bus-voltage phasors when available; otherwise diagnostic fallback
0.92,0.007510066731171161,0.002528178977916573,0.007510066731171161,0.002528178977916573,0.007510066731171161,0.002528178977916573,-2.7772800927883545,-1.036764948356217,-2.7847901595195257,-1.0392931273341335,0.0,0.0,Vmag_get_voltage_magnitude_series__angle_get_voltage_angle_series,true,Unknown,Ybus EMT reconstruction using exact complex bus-voltage phasors when available; otherwise diagnostic fallback
0.93,0.0074616089470378455,0.002509285500287728,0.0074616089470378455,0.002509285500287728,0.0074616089470378455,0.002509285500287728,-2.777328550572488,-1.0367838418338458,-2.7847901595195257,-1.0392931273341335,0.0,0.0,Vmag_get_voltage_magnitude_series__angle_get_voltage_angle_series,true,Unknown,Ybus EMT reconstruction using exact complex bus-voltage phasors when available; otherwise diagnostic fallback
0.94,0.007419279519184752,0.002492761381822417,0.007419279519184752,0.002492761381822417,0.007419279519184752,0.002492761381822417,-2.777370880000341,-1.036800365952311,-2.7847901595195257,-1.0392931273341335,0.0,0.0,Vmag_get_voltage_magnitude_series__angle_get_voltage_angle_series,true,Unknown,Ybus EMT reconstruction using exact complex bus-voltage phasors when available; otherwise diagnostic fallback
0.95,0.007382724563998355,0.002478478472523804,0.007382724563998355,0.002478478472523804,0.007382724563998355,0.002478478472523804,-2.7774074349555273,-1.0368146488616097,-2.7847901595195257,-1.0392931273341335,0.0,0.0,Vmag_get_voltage_magnitude_series__angle_get_voltage_angle_series,true,Unknown,Ybus EMT reconstruction using exact complex bus-voltage phasors when available; otherwise diagnostic fallback
0.96,0.007351582212667296,0.0024663049325361897,0.007351582212667296,0.0024663049325361897,0.007351582212667296,0.0024663049325361897,-2.7774385773068584,-1.0368268224015973,-2.7847901595195257,-1.0392931273341335,0.0,0.0,Vmag_get_voltage_magnitude_series__angle_get_voltage_angle_series,true,Unknown,Ybus EMT reconstruction using exact complex bus-voltage phasors when available; otherwise diagnostic fallback
0.97,0.007325485105295293,0.002456106002801217,0.007325485105295293,0.002456106002801217,0.007325485105295293,0.002456106002801217,-2.7774646744142304,-1.0368370213313323,-2.7847901595195257,-1.0392931273341335,0.0,0.0,Vmag_get_voltage_magnitude_series__angle_get_voltage_angle_series,true,Unknown,Ybus EMT reconstruction using exact complex bus-voltage phasors when available; otherwise diagnostic fallback
0.98,0.007304062652337073,0.0024477450112070365,0.007304062652337073,0.0024477450112070365,0.007304062652337073,0.0024477450112070365,-2.7774860968671886,-1.0368453823229264,-2.7847901595195257,-1.0392931273341335,0.0,0.0,Vmag_get_voltage_magnitude_series__angle_get_voltage_angle_series,true,Unknown,Ybus EMT reconstruction using exact complex bus-voltage phasors when available; otherwise diagnostic fallback
0.99,0.0072869434312266,0.002441084216189715,0.0072869434312266,0.002441084216189715,0.0072869434312266,0.002441084216189715,-2.777503216088299,-1.0368520431179438,-2.7847901595195257,-1.0392931273341335,0.0,0.0,Vmag_get_voltage_magnitude_series__angle_get_voltage_angle_series,true,Unknown,Ybus EMT reconstruction using exact complex bus-voltage phasors when available; otherwise diagnostic fallback
1.0,0.007273757164521388,0.0024359855564066724,0.007273757164521388,0.0024359855564066724,0.007273757164521388,0.0024359855564066724,-2.7775164023550043,-1.0368571417777268,-2.7847901595195257,-1.0392931273341335,0.0,0.0,Vmag_get_voltage_magnitude_series__angle_get_voltage_angle_series,true,Unknown,Ybus EMT reconstruction using exact complex bus-voltage phasors when available; otherwise diagnostic fallback
1.01,0.007264136834124191,0.002432311532744258,0.007264136834124191,0.002432311532744258,0.007264136834124191,0.002432311532744258,-2.7775260226854015,-1.0368608158013892,-2.7847901595195257,-1.0392931273341335,0.0,0.0,Vmag_get_voltage_magnitude_series__angle_get_voltage_angle_series,true,Unknown,Ybus EMT reconstruction using exact complex bus-voltage phasors when available; otherwise diagnostic fallback
1.02,0.007257720521312905,0.0024299258202633567,0.007257720521312905,0.0024299258202633567,0.007257720521312905,0.0024299258202633567,-2.777532438998213,-1.0368632015138701,-2.7847901595195257,-1.0392931273341335,0.0,0.0,Vmag_get_voltage_magnitude_series__angle_get_voltage_angle_series,true,Unknown,Ybus EMT reconstruction using exact complex bus-voltage phasors when available; otherwise diagnostic fallback
1.03,0.007254153085513693,0.002428694049143809,0.007254153085513693,0.002428694049143809,0.007254153085513693,0.002428694049143809,-2.777536006434012,-1.0368644332849897,-2.7847901595195257,-1.0392931273341335,0.0,0.0,Vmag_get_voltage_magnitude_series__angle_get_voltage_angle_series,true,Unknown,Ybus EMT reconstruction using exact complex bus-voltage phasors when available; otherwise diagnostic fallback
1.04,0.0072530878451377845,0.0024284843767496955,0.0072530878451377845,0.0024284843767496955,0.0072530878451377845,0.0024284843767496955,-2.777537071674388,-1.0368646429573838,-2.7847901595195257,-1.0392931273341335,0.0,0.0,Vmag_get_voltage_magnitude_series__angle_get_voltage_angle_series,true,Unknown,Ybus EMT reconstruction using exact complex bus-voltage phasors when available; otherwise diagnostic fallback
1.05,0.0072541879201160064,0.0024291680680463834,0.0072541879201160064,0.0024291680680463834,0.0072541879201160064,0.0024291680680463834,-2.7775359715994097,-1.036863959266087,-2.7847901595195257,-1.0392931273341335,0.0,0.0,Vmag_get_voltage_magnitude_series__angle_get_voltage_angle_series,true,Unknown,Ybus EMT reconstruction using exact complex bus-voltage phasors when available; otherwise diagnostic fallback
1.06,0.007257127625165616,0.0024306200669019784,0.007257127625165616,0.0024306200669019784,0.007257127625165616,0.0024306200669019784,-2.77753303189436,-1.0368625072672315,-2.7847901595195257,-1.0392931273341335,0.0,0.0,Vmag_get_voltage_magnitude_series__angle_get_voltage_angle_series,true,Unknown,Ybus EMT reconstruction using exact complex bus-voltage phasors when available; otherwise diagnostic fallback
1.07,0.007261593589924065,0.0024327194229090132,0.007261593589924065,0.0024327194229090132,0.007261593589924065,0.0024327194229090132,-2.7775285659296016,-1.0368604079112245,-2.7847901595195257,-1.0392931273341335,0.0,0.0,Vmag_get_voltage_magnitude_series__angle_get_voltage_angle_series,true,Unknown,Ybus EMT reconstruction using exact complex bus-voltage phasors when available; otherwise diagnostic fallback
1.08,0.007267285773682186,0.002435349781050311,0.007267285773682186,0.002435349781050311,0.007267285773682186,0.002435349781050311,-2.7775228737458435,-1.0368577775530832,-2.7847901595195257,-1.0392931273341335,0.0,0.0,Vmag_get_voltage_magnitude_series__angle_get_voltage_angle_series,true,Unknown,Ybus EMT reconstruction using exact complex bus-voltage phasors when available; otherwise diagnostic fallback
1.09,0.0072739184273094,0.002438399715855466,0.0072739184273094,0.002438399715855466,0.0072739184273094,0.002438399715855466,-2.7775162410922163,-1.036854727618278,-2.7847901595195257,-1.0392931273341335,0.0,0.0,Vmag_get_voltage_magnitude_series__angle_get_voltage_angle_series,true,Unknown,Ybus EMT reconstruction using exact complex bus-voltage phasors when available; otherwise diagnostic fallback
1.1,0.007281220749059791,0.0024417630866810924,0.007281220749059791,0.0024417630866810924,0.007281220749059791,0.0024417630866810924,-2.777508938770466,-1.0368513642474524,-2.7847901595195257,-1.0392931273341335,0.0,0.0,Vmag_get_voltage_magnitude_series__angle_get_voltage_angle_series,true,Unknown,Ybus EMT reconstruction using exact complex bus-voltage phasors when available; otherwise diagnostic fallback
1.11,0.007288937620600233,0.002445339348247755,0.007288937620600233,0.002445339348247755,0.007288937620600233,0.002445339348247755,-2.7775012218989255,-1.0368477879858857,-2.7847901595195257,-1.0392931273341335,0.0,0.0,Vmag_get_voltage_magnitude_series__angle_get_voltage_angle_series,true,Unknown,Ybus EMT reconstruction using exact complex bus-voltage phasors when available; otherwise diagnostic fallback
1.12,0.007296830063569626,0.002449033729394978,0.007296830063569626,0.002449033729394978,0.007296830063569626,0.002449033729394978,-2.777493329455956,-1.0368440936047385,-2.7847901595195257,-1.0392931273341335,0.0,0.0,Vmag_get_voltage_magnitude_series__angle_get_voltage_angle_series,true,Unknown,Ybus EMT reconstruction using exact complex bus-voltage phasors when available; otherwise diagnostic fallback
1.13,0.007304675630597224,0.0024527575167982985,0.007304675630597224,0.0024527575167982985,0.007304675630597224,0.0024527575167982985,-2.7774854838889285,-1.0368403698173352,-2.7847901595195257,-1.0392931273341335,0.0,0.0,Vmag_get_voltage_magnitude_series__angle_get_voltage_angle_series,true,Unknown,Ybus EMT reconstruction using exact complex bus-voltage phasors when available; otherwise diagnostic fallback
1.14,0.007312268728988158,0.002456428135588107,0.007312268728988158,0.002456428135588107,0.007312268728988158,0.002456428135588107,-2.7774778907905375,-1.0368366991985454,-2.7847901595195257,-1.0392931273341335,0.0,0.0,Vmag_get_voltage_magnitude_series__angle_get_voltage_angle_series,true,Unknown,Ybus EMT reconstruction using exact complex bus-voltage phasors when available; otherwise diagnostic fallback
1.15,0.007319420729247739,0.0024599692931259742,0.007319420729247739,0.0024599692931259742,0.007319420729247739,0.0024599692931259742,-2.777470738790278,-1.0368331580410075,-2.7847901595195257,-1.0392931273341335,0.0,0.0,Vmag_get_voltage_magnitude_series__angle_get_voltage_angle_series,true,Unknown,Ybus EMT reconstruction using exact complex bus-voltage phasors when available; otherwise diagnostic fallback
1.16,0.007325960110158736,0.0024633110707898975,0.007325960110158736,0.0024633110707898975,0.007325960110158736,0.0024633110707898975,-2.777464199409367,-1.0368298162633436,-2.7847901595195257,-1.0392931273341335,0.0,0.0,Vmag_get_voltage_magnitude_series__angle_get_voltage_angle_series,true,Unknown,Ybus EMT reconstruction using exact complex bus-voltage phasors when available; otherwise diagnostic fallback
1.17,0.007331732357913623,0.002466389901217836,0.007331732357913623,0.002466389901217836,0.007331732357913623,0.002466389901217836,-2.777458427161612,-1.0368267374329156,-2.7847901595195257,-1.0392931273341335,0.0,0.0,Vmag_get_voltage_magnitude_series__angle_get_voltage_angle_series,true,Unknown,Ybus EMT reconstruction using exact complex bus-voltage phasors when available; otherwise diagnostic fallback
1.18,0.00733659988542934,0.002469148639469676,0.00733659988542934,0.002469148639469676,0.00733659988542934,0.002469148639469676,-2.7774535596340963,-1.0368239786946638,-2.7847901595195257,-1.0392931273341335,0.0,0.0,Vmag_get_voltage_magnitude_series__angle_get_voltage_angle_series,true,Unknown,Ybus EMT reconstruction using exact complex bus-voltage phasors when available; otherwise diagnostic fallback
1.19,0.0073404418506513025,0.002471536458804824,0.0073404418506513025,0.002471536458804824,0.0073404418506513025,0.002471536458804824,-2.7774497176688744,-1.0368215908753287,-2.7847901595195257,-1.0392931273341335,0.0,0.0,Vmag_get_voltage_magnitude_series__angle_get_voltage_angle_series,true,Unknown,Ybus EMT reconstruction using exact complex bus-voltage phasors when available; otherwise diagnostic fallback
1.2,0.007343153756708798,0.0024735088062184385,0.007343153756708798,0.0024735088062184385,0.007343153756708798,0.0024735088062184385,-2.777447005762817,-1.036819618527915,-2.7847901595195257,-1.0392931273341335,0.0,0.0,Vmag_get_voltage_magnitude_series__angle_get_voltage_angle_series,true,Unknown,Ybus EMT reconstruction using exact complex bus-voltage phasors when available; otherwise diagnostic fallback
1.21,0.007344647244369007,0.0024750273247058363,0.007344647244369007,0.0024750273247058363,0.007344647244369007,0.0024750273247058363,-2.7774455122751567,-1.0368181000094276,-2.7847901595195257,-1.0392931273341335,0.0,0.0,Vmag_get_voltage_magnitude_series__angle_get_voltage_angle_series,true,Unknown,Ybus EMT reconstruction using exact complex bus-voltage phasors when available; otherwise diagnostic fallback
1.22,0.007344849524121511,0.0024760596566812954,0.007344849524121511,0.0024760596566812954,0.007344849524121511,0.0024760596566812954,-2.777445309995404,-1.0368170676774522,-2.7847901595195257,-1.0392931273341335,0.0,0.0,Vmag_get_voltage_magnitude_series__angle_get_voltage_angle_series,true,Unknown,Ybus EMT reconstruction using exact complex bus-voltage phasors when available; otherwise diagnostic fallback
1.23,0.007343702933687357,0.0024765793735859187,0.007343702933687357,0.0024765793735859187,0.007343702933687357,0.0024765793735859187,-2.7774464565858383,-1.0368165479605476,-2.7847901595195257,-1.0392931273341335,0.0,0.0,Vmag_get_voltage_magnitude_series__angle_get_voltage_angle_series,true,Unknown,Ybus EMT reconstruction using exact complex bus-voltage phasors when available; otherwise diagnostic fallback
1.24,0.007341164380216814,0.002476565688011245,0.007341164380216814,0.002476565688011245,0.007341164380216814,0.002476565688011245,-2.777448995139309,-1.0368165616461222,-2.7847901595195257,-1.0392931273341335,0.0,0.0,Vmag_get_voltage_magnitude_series__angle_get_voltage_angle_series,true,Unknown,Ybus EMT reconstruction using exact complex bus-voltage phasors when available; otherwise diagnostic fallback
1.25,0.007337204688738108,0.0024760033317028363,0.007337204688738108,0.0024760033317028363,0.007337204688738108,0.0024760033317028363,-2.7774529548307876,-1.0368171240024306,-2.7847901595195257,-1.0392931273341335,0.0,0.0,Vmag_get_voltage_magnitude_series__angle_get_voltage_angle_series,true,Unknown,Ybus EMT reconstruction using exact complex bus-voltage phasors when available; otherwise diagnostic fallback
1.26,0.007331808001995732,0.002474882292178071,0.007331808001995732,0.002474882292178071,0.007331808001995732,0.002474882292178071,-2.77745835151753,-1.0368182450419554,-2.7847901595195257,-1.0392931273341335,0.0,0.0,Vmag_get_voltage_magnitude_series__angle_get_voltage_angle_series,true,Unknown,Ybus EMT reconstruction using exact complex bus-voltage phasors when available; otherwise diagnostic fallback
1.27,0.007324970995160829,0.002473197534863969,0.007324970995160829,0.002473197534863969,0.007324970995160829,0.002473197534863969,-2.777465188524365,-1.0368199297992695,-2.7847901595195257,-1.0392931273341335,0.0,0.0,Vmag_get_voltage_magnitude_series__angle_get_voltage_angle_series,true,Unknown,Ybus EMT reconstruction using exact complex bus-voltage phasors when available; otherwise diagnostic fallback
1.28,0.007316702213810977,0.00247094881994836,0.007316702213810977,0.00247094881994836,0.007316702213810977,0.00247094881994836,-2.7774734573057147,-1.0368221785141851,-2.7847901595195257,-1.0392931273341335,0.0,0.0,Vmag_get_voltage_magnitude_series__angle_get_voltage_angle_series,true,Unknown,Ybus EMT reconstruction using exact complex bus-voltage phasors when available; otherwise diagnostic fallback
1.29,0.0073070212623962405,0.0024681403198951735,0.0073070212623962405,0.0024681403198951735,0.0073070212623962405,0.0024681403198951735,-2.7774831382571294,-1.0368249870142383,-2.7847901595195257,-1.0392931273341335,0.0,0.0,Vmag_get_voltage_magnitude_series__angle_get_voltage_angle_series,true,Unknown,Ybus EMT reconstruction using exact complex bus-voltage phasors when available; otherwise diagnostic fallback
1.3,0.007295957988899815,0.0024647804173993926,0.007295957988899815,0.0024647804173993926,0.007295957988899815,0.0024647804173993926,-2.777494201530626,-1.036828346916734,-2.7847901595195257,-1.0392931273341335,0.0,0.0,Vmag_get_voltage_magnitude_series__angle_get_voltage_angle_series,true,Unknown,Ybus EMT reconstruction using exact complex bus-voltage phasors when available; otherwise diagnostic fallback
1.31,0.007283551756200879,0.002460881361064704,0.007283551756200879,0.002460881361064704,0.007283551756200879,0.002460881361064704,-2.777506607763325,-1.0368322459730688,-2.7847901595195257,-1.0392931273341335,0.0,0.0,Vmag_get_voltage_magnitude_series__angle_get_voltage_angle_series,true,Unknown,Ybus EMT reconstruction using exact complex bus-voltage phasors when available; otherwise diagnostic fallback
1.32,0.007269850492296559,0.00245645894876545,0.007269850492296559,0.00245645894876545,0.007269850492296559,0.00245645894876545,-2.777520309027229,-1.036836668385368,-2.7847901595195257,-1.0392931273341335,0.0,0.0,Vmag_get_voltage_magnitude_series__angle_get_voltage_angle_series,true,Unknown,Ybus EMT reconstruction using exact complex bus-voltage phasors when available; otherwise diagnostic fallback
1.33,0.007254909962479239,0.002451532264069689,0.007254909962479239,0.002451532264069689,0.007254909962479239,0.002451532264069689,-2.7775352495570464,-1.0368415950700638,-2.7847901595195257,-1.0392931273341335,0.0,0.0,Vmag_get_voltage_magnitude_series__angle_get_voltage_angle_series,true,Unknown,Ybus EMT reconstruction using exact complex bus-voltage phasors when available; otherwise diagnostic fallback
1.34,0.007238792874588285,0.0024461232854875448,0.007238792874588285,0.0024461232854875448,0.007238792874588285,0.0024461232854875448,-2.7775513666449374,-1.036847004048646,-2.7847901595195257,-1.0392931273341335,0.0,0.0,Vmag_get_voltage_magnitude_series__angle_get_voltage_angle_series,true,Unknown,Ybus EMT reconstruction using exact complex bus-voltage phasors when available; otherwise diagnostic fallback
1.35,0.007221568045846727,0.002440256646639938,0.007221568045846727,0.002440256646639938,0.007221568045846727,0.002440256646639938,-2.777568591473679,-1.0368528706874935,-2.7847901595195257,-1.0392931273341335,0.0,0.0,Vmag_get_voltage_magnitude_series__angle_get_voltage_angle_series,true,Unknown,Ybus EMT reconstruction using exact complex bus-voltage phasors when available; otherwise diagnostic fallback
1.36,0.007203309616182985,0.0024339592620616912,0.007203309616182985,0.0024339592620616912,0.007203309616182985,0.0024339592620616912,-2.7775868499033427,-1.0368591680720718,-2.7847901595195257,-1.0392931273341335,0.0,0.0,Vmag_get_voltage_magnitude_series__angle_get_voltage_angle_series,true,Unknown,Ybus EMT reconstruction using exact complex bus-voltage phasors when available; otherwise diagnostic fallback
1.37,0.007184096164817078,0.002427260034436385,0.007184096164817078,0.002427260034436385,0.007184096164817078,0.002427260034436385,-2.7776060633547086,-1.036865867299697,-2.7847901595195257,-1.0392931273341335,0.0,0.0,Vmag_get_voltage_magnitude_series__angle_get_voltage_angle_series,true,Unknown,Ybus EMT reconstruction using exact complex bus-voltage phasors when available; otherwise diagnostic fallback
1.38,0.007164009976001751,0.0024201895559847753,0.007164009976001751,0.0024201895559847753,0.007164009976001751,0.0024201895559847753,-2.777626149543524,-1.0368729377781487,-2.7847901595195257,-1.0392931273341335,0.0,0.0,Vmag_get_voltage_magnitude_series__angle_get_voltage_angle_series,true,Unknown,Ybus EMT reconstruction using exact complex bus-voltage phasors when available; otherwise diagnostic fallback
1.39,0.007143136217317547,0.002412779769457307,0.007143136217317547,0.002412779769457307,0.007143136217317547,0.002412779769457307,-2.777647023302208,-1.0368803475646762,-2.7847901595195257,-1.0392931273341335,0.0,0.0,Vmag_get_voltage_magnitude_series__angle_get_voltage_angle_series,true,Unknown,Ybus EMT reconstruction using exact complex bus-voltage phasors when available; otherwise diagnostic fallback
1.4,0.00712156220103255,0.002405063719071787,0.00712156220103255,0.002405063719071787,0.00712156220103255,0.002405063719071787,-2.777668597318493,-1.0368880636150617,-2.7847901595195257,-1.0392931273341335,0.0,0.0,Vmag_get_voltage_magnitude_series__angle_get_voltage_angle_series,true,Unknown,Ybus EMT reconstruction using exact complex bus-voltage phasors when available; otherwise diagnostic fallback
1.41,0.007099376663284751,0.0023970752244124593,0.007099376663284751,0.0023970752244124593,0.007099376663284751,0.0023970752244124593,-2.777690782856241,-1.036896052109721,-2.7847901595195257,-1.0392931273341335,0.0,0.0,Vmag_get_voltage_magnitude_series__angle_get_voltage_angle_series,true,Unknown,Ybus EMT reconstruction using exact complex bus-voltage phasors when available; otherwise diagnostic fallback
1.42,0.0070766690404378,0.0023888486220802196,0.0070766690404378,0.0023888486220802196,0.0070766690404378,0.0023888486220802196,-2.777713490479088,-1.0369042787120533,-2.7847901595195257,-1.0392931273341335,0.0,0.0,Vmag_get_voltage_magnitude_series__angle_get_voltage_angle_series,true,Unknown,Ybus EMT reconstruction using exact complex bus-voltage phasors when available; otherwise diagnostic fallback
1.43,0.00705352884666377,0.002380418503654891,0.00705352884666377,0.002380418503654891,0.00705352884666377,0.002380418503654891,-2.777736630672862,-1.0369127088304786,-2.7847901595195257,-1.0392931273341335,0.0,0.0,Vmag_get_voltage_magnitude_series__angle_get_voltage_angle_series,true,Unknown,Ybus EMT reconstruction using exact complex bus-voltage phasors when available; otherwise diagnostic fallback
1.44,0.007030045011599206,0.0023718194493507205,0.007030045011599206,0.0023718194493507205,0.007030045011599206,0.0023718194493507205,-2.7777601145079265,-1.0369213078847828,-2.7847901595195257,-1.0392931273341335,0.0,0.0,Vmag_get_voltage_magnitude_series__angle_get_voltage_angle_series,true,Unknown,Ybus EMT reconstruction using exact complex bus-voltage phasors when available; otherwise diagnostic fallback
1.45,0.007006305309480876,0.002363085810759724,0.007006305309480876,0.002363085810759724,0.007006305309480876,0.002363085810759724,-2.777783854210045,-1.0369300415233738,-2.7847901595195257,-1.0392931273341335,0.0,0.0,Vmag_get_voltage_magnitude_series__angle_get_voltage_angle_series,true,Unknown,Ybus EMT reconstruction using exact complex bus-voltage phasors when available; otherwise diagnostic fallback
1.46,0.0069823958104078265,0.0023542514636456513,0.0069823958104078265,0.0023542514636456513,0.0069823958104078265,0.0023542514636456513,-2.777807763709118,-1.0369388758704878,-2.7847901595195257,-1.0392931273341335,0.0,0.0,Vmag_get_voltage_magnitude_series__angle_get_voltage_angle_series,true,Unknown,Ybus EMT reconstruction using exact complex bus-voltage phasors when available; otherwise diagnostic fallback
1.47,0.006958400360601136,0.002345349616542869,0.006958400360601136,0.002345349616542869,0.006958400360601136,0.002345349616542869,-2.7778317591589246,-1.0369477777175906,-2.7847901595195257,-1.0392931273341335,0.0,0.0,Vmag_get_voltage_magnitude_series__angle_get_voltage_angle_series,true,Unknown,Ybus EMT reconstruction using exact complex bus-voltage phasors when available; otherwise diagnostic fallback
1.48,0.006934400144332553,0.0023364126217793046,0.006934400144332553,0.0023364126217793046,0.006934400144332553,0.0023364126217793046,-2.777855759375193,-1.0369567147123542,-2.7847901595195257,-1.0392931273341335,0.0,0.0,Vmag_get_voltage_magnitude_series__angle_get_voltage_angle_series,true,Unknown,Ybus EMT reconstruction using exact complex bus-voltage phasors when available; otherwise diagnostic fallback
1.49,0.006910473218841862,0.0023274717620407337,0.006910473218841862,0.0023274717620407337,0.006910473218841862,0.0023274717620407337,-2.777879686300684,-1.0369656555720927,-2.7847901595195257,-1.0392931273341335,0.0,0.0,Vmag_get_voltage_magnitude_series__angle_get_voltage_angle_series,true,Unknown,Ybus EMT reconstruction using exact complex bus-voltage phasors when available; otherwise diagnostic fallback
1.5,0.006886694176764241,0.0023185571517552184,0.006886694176764241,0.0023185571517552184,0.006886694176764241,0.0023185571517552184,-2.7779034653427614,-1.0369745701823783,-2.7847901595195257,-1.0392931273341335,0.0,0.0,Vmag_get_voltage_magnitude_series__angle_get_voltage_angle_series,true,Unknown,Ybus EMT reconstruction using exact complex bus-voltage phasors when available; otherwise diagnostic fallback
1.51,0.006863133793155285,0.0023096975289276234,0.006863133793155285,0.0023096975289276234,0.006863133793155285,0.0023096975289276234,-2.7779270257263704,-1.0369834298052059,-2.7847901595195257,-1.0392931273341335,0.0,0.0,Vmag_get_voltage_magnitude_series__angle_get_voltage_angle_series,true,Unknown,Ybus EMT reconstruction using exact complex bus-voltage phasors when available; otherwise diagnostic fallback
1.52,0.006839858723279857,0.002300920172585874,0.006839858723279857,0.002300920172585874,0.006839858723279857,0.002300920172585874,-2.777950300796246,-1.0369922071615476,-2.7847901595195257,-1.0392931273341335,0.0,0.0,Vmag_get_voltage_magnitude_series__angle_get_voltage_angle_series,true,Unknown,Ybus EMT reconstruction using exact complex bus-voltage phasors when available; otherwise diagnostic fallback
1.53,0.00681693128069627,0.002292250770072002,0.00681693128069627,0.002292250770072002,0.00681693128069627,0.002292250770072002,-2.7779732282388294,-1.0370008765640615,-2.7847901595195257,-1.0392931273341335,0.0,0.0,Vmag_get_voltage_magnitude_series__angle_get_voltage_angle_series,true,Unknown,Ybus EMT reconstruction using exact complex bus-voltage phasors when available; otherwise diagnostic fallback
1.54,0.006794409196552387,0.0022837133213342575,0.006794409196552387,0.0022837133213342575,0.006794409196552387,0.0022837133213342575,-2.7779957503229733,-1.0370094140127992,-2.7847901595195257,-1.0392931273341335,0.0,0.0,Vmag_get_voltage_magnitude_series__angle_get_voltage_angle_series,true,Unknown,Ybus EMT reconstruction using exact complex bus-voltage phasors when available; otherwise diagnostic fallback
1.55,0.006772345478952779,0.0022753300823898925,0.006772345478952779,0.0022753300823898925,0.006772345478952779,0.0022753300823898925,-2.778017814040573,-1.0370177972517436,-2.7847901595195257,-1.0392931273341335,0.0,0.0,Vmag_get_voltage_magnitude_series__angle_get_voltage_angle_series,true,Unknown,Ybus EMT reconstruction using exact complex bus-voltage phasors when available; otherwise diagnostic fallback
1.56,0.006750788281585152,0.002267121458997101,0.006750788281585152,0.002267121458997101,0.006750788281585152,0.002267121458997101,-2.7780393712379405,-1.0370260058751364,-2.7847901595195257,-1.0392931273341335,0.0,0.0,Vmag_get_voltage_magnitude_series__angle_get_voltage_angle_series,true,Unknown,Ybus EMT reconstruction using exact complex bus-voltage phasors when available; otherwise diagnostic fallback
1.57,0.006729780798815366,0.0022591060072614244,0.006729780798815366,0.0022591060072614244,0.006729780798815366,0.0022591060072614244,-2.7780603787207103,-1.037034021326872,-2.7847901595195257,-1.0392931273341335,0.0,0.0,Vmag_get_voltage_magnitude_series__angle_get_voltage_angle_series,true,Unknown,Ybus EMT reconstruction using exact complex bus-voltage phasors when available; otherwise diagnostic fallback
1.58,0.006709361248846246,0.002251300368588227,0.006709361248846246,0.002251300368588227,0.006709361248846246,0.002251300368588227,-2.7780807982706794,-1.0370418269655453,-2.7847901595195257,-1.0392931273341335,0.0,0.0,Vmag_get_voltage_magnitude_series__angle_get_voltage_angle_series,true,Unknown,Ybus EMT reconstruction using exact complex bus-voltage phasors when available; otherwise diagnostic fallback
1.59,0.006689562815660022,0.002243719250771159,0.006689562815660022,0.002243719250771159,0.006689562815660022,0.002243719250771159,-2.7781005967038657,-1.0370494080833623,-2.7847901595195257,-1.0392931273341335,0.0,0.0,Vmag_get_voltage_magnitude_series__angle_get_voltage_angle_series,true,Unknown,Ybus EMT reconstruction using exact complex bus-voltage phasors when available; otherwise diagnostic fallback
1.6,0.006670413713486756,0.0022363754484115983,0.006670413713486756,0.0022363754484115983,0.006670413713486756,0.0022363754484115983,-2.778119745806039,-1.0370567518857219,-2.7847901595195257,-1.0392931273341335,0.0,0.0,Vmag_get_voltage_magnitude_series__angle_get_voltage_angle_series,true,Unknown,Ybus EMT reconstruction using exact complex bus-voltage phasors when available; otherwise diagnostic fallback
1.61,0.006651937205296665,0.002229279811112761,0.006651937205296665,0.002229279811112761,0.006651937205296665,0.002229279811112761,-2.778138222314229,-1.0370638475230207,-2.7847901595195257,-1.0392931273341335,0.0,0.0,Vmag_get_voltage_magnitude_series__angle_get_voltage_angle_series,true,Unknown,Ybus EMT reconstruction using exact complex bus-voltage phasors when available; otherwise diagnostic fallback
1.62,0.006634151690267043,0.0022224413029048318,0.006634151690267043,0.0022224413029048318,0.006634151690267043,0.0022224413029048318,-2.7781560078292586,-1.0370706860312287,-2.7847901595195257,-1.0392931273341335,0.0,0.0,Vmag_get_voltage_magnitude_series__angle_get_voltage_angle_series,true,Unknown,Ybus EMT reconstruction using exact complex bus-voltage phasors when available; otherwise diagnostic fallback
1.63,0.006617070831970828,0.0022158670021359406,0.006617070831970828,0.0022158670021359406,0.006617070831970828,0.0022158670021359406,-2.778173088687555,-1.0370772603319975,-2.7847901595195257,-1.0392931273341335,0.0,0.0,Vmag_get_voltage_magnitude_series__angle_get_voltage_angle_series,true,Unknown,Ybus EMT reconstruction using exact complex bus-voltage phasors when available; otherwise diagnostic fallback
1.64,0.006600703657686502,0.0022095621557935985,0.006600703657686502,0.0022095621557935985,0.006600703657686502,0.0022095621557935985,-2.778189455861839,-1.0370835651783399,-2.7847901595195257,-1.0392931273341335,0.0,0.0,Vmag_get_voltage_magnitude_series__angle_get_voltage_angle_series,true,Unknown,Ybus EMT reconstruction using exact complex bus-voltage phasors when available; otherwise diagnostic fallback
1.65,0.006585054754842723,0.002203530244250018,0.006585054754842723,0.002203530244250018,0.006585054754842723,0.002203530244250018,-2.778205104764683,-1.0370895970898835,-2.7847901595195257,-1.0392931273341335,0.0,0.0,Vmag_get_voltage_magnitude_series__angle_get_voltage_angle_series,true,Unknown,Ybus EMT reconstruction using exact complex bus-voltage phasors when available; otherwise diagnostic fallback
1.66,0.006570124421828805,0.0021977730033084786,0.006570124421828805,0.0021977730033084786,0.006570124421828805,0.0021977730033084786,-2.778220035097697,-1.037095354330825,-2.7847901595195257,-1.0392931273341335,0.0,0.0,Vmag_get_voltage_magnitude_series__angle_get_voltage_angle_series,true,Unknown,Ybus EMT reconstruction using exact complex bus-voltage phasors when available; otherwise diagnostic fallback
1.67,0.006555908878707939,0.002192290544278608,0.006555908878707939,0.002192290544278608,0.006555908878707939,0.002192290544278608,-2.7782342506408177,-1.0371008367898549,-2.7847901595195257,-1.0392931273341335,0.0,0.0,Vmag_get_voltage_magnitude_series__angle_get_voltage_angle_series,true,Unknown,Ybus EMT reconstruction using exact complex bus-voltage phasors when available; otherwise diagnostic fallback
1.68,0.006542400492719036,0.0021870813898690056,0.006542400492719036,0.0021870813898690056,0.006542400492719036,0.0021870813898690056,-2.7782477590268067,-1.0371060459442645,-2.7847901595195257,-1.0392931273341335,0.0,0.0,Vmag_get_voltage_magnitude_series__angle_get_voltage_angle_series,true,Unknown,Ybus EMT reconstruction using exact complex bus-voltage phasors when available; otherwise diagnostic fallback
1.69,0.006529587978257645,0.00218214257295557,0.006529587978257645,0.00218214257295557,0.006529587978257645,0.00218214257295557,-2.778260571541268,-1.037110984761178,-2.7847901595195257,-1.0392931273341335,0.0,0.0,Vmag_get_voltage_magnitude_series__angle_get_voltage_angle_series,true,Unknown,Ybus EMT reconstruction using exact complex bus-voltage phasors when available; otherwise diagnostic fallback
1.7,0.006517456685147582,0.002177469733109616,0.006517456685147582,0.002177469733109616,0.006517456685147582,0.002177469733109616,-2.778272702834378,-1.0371156576010239,-2.7847901595195257,-1.0392931273341335,0.0,0.0,Vmag_get_voltage_magnitude_series__angle_get_voltage_angle_series,true,Unknown,Ybus EMT reconstruction using exact complex bus-voltage phasors when available; otherwise diagnostic fallback
1.71,0.006505988814559327,0.0021730571909706065,0.006505988814559327,0.0021730571909706065,0.006505988814559327,0.0021730571909706065,-2.7782841707049664,-1.0371200701431629,-2.7847901595195257,-1.0392931273341335,0.0,0.0,Vmag_get_voltage_magnitude_series__angle_get_voltage_angle_series,true,Unknown,Ybus EMT reconstruction using exact complex bus-voltage phasors when available; otherwise diagnostic fallback
1.72,0.006495163698970519,0.002168898070480596,0.006495163698970519,0.002168898070480596,0.006495163698970519,0.002168898070480596,-2.778294995820555,-1.0371242292636529,-2.7847901595195257,-1.0392931273341335,0.0,0.0,Vmag_get_voltage_magnitude_series__angle_get_voltage_angle_series,true,Unknown,Ybus EMT reconstruction using exact complex bus-voltage phasors when available; otherwise diagnostic fallback
1.73,0.006484958075466896,0.0021649843759941056,0.006484958075466896,0.0021649843759941056,0.006484958075466896,0.0021649843759941056,-2.778305201444059,-1.0371281429581394,-2.7847901595195257,-1.0392931273341335,0.0,0.0,Vmag_get_voltage_magnitude_series__angle_get_voltage_angle_series,true,Unknown,Ybus EMT reconstruction using exact complex bus-voltage phasors when available; otherwise diagnostic fallback
1.74,0.0064753463448159465,0.002161307115177369,0.0064753463448159465,0.002161307115177369,0.0064753463448159465,0.002161307115177369,-2.7783148131747097,-1.0371318202189561,-2.7847901595195257,-1.0392931273341335,0.0,0.0,Vmag_get_voltage_magnitude_series__angle_get_voltage_angle_series,true,Unknown,Ybus EMT reconstruction using exact complex bus-voltage phasors when available; otherwise diagnostic fallback
1.75,0.006466300866406982,0.0021578563980242382,0.006466300866406982,0.0021578563980242382,0.006466300866406982,0.0021578563980242382,-2.7783238586531187,-1.0371352709361092,-2.7847901595195257,-1.0392931273341335,0.0,0.0,Vmag_get_voltage_magnitude_series__angle_get_voltage_angle_series,true,Unknown,Ybus EMT reconstruction using exact complex bus-voltage phasors when available; otherwise diagnostic fallback
1.76,0.006457792217186231,0.0021546215389596224,0.006457792217186231,0.0021546215389596224,0.006457792217186231,0.0021546215389596224,-2.7783323673023395,-1.0371385057951739,-2.7847901595195257,-1.0392931273341335,0.0,0.0,Vmag_get_voltage_magnitude_series__angle_get_voltage_angle_series,true,Unknown,Ybus EMT reconstruction using exact complex bus-voltage phasors when available; otherwise diagnostic fallback
1.77,0.006449789481344226,0.0021515911752356676,0.006449789481344226,0.0021515911752356676,0.006449789481344226,0.0021515911752356676,-2.7783403700381815,-1.0371415361588978,-2.7847901595195257,-1.0392931273341335,0.0,0.0,Vmag_get_voltage_magnitude_series__angle_get_voltage_angle_series,true,Unknown,Ybus EMT reconstruction using exact complex bus-voltage phasors when available; otherwise diagnostic fallback
1.78,0.0064422605199028204,0.002148753360774025,0.0064422605199028204,0.002148753360774025,0.0064422605199028204,0.002148753360774025,-2.778347898999623,-1.0371443739733595,-2.7847901595195257,-1.0392931273341335,0.0,0.0,Vmag_get_voltage_magnitude_series__angle_get_voltage_angle_series,true,Unknown,Ybus EMT reconstruction using exact complex bus-voltage phasors when available; otherwise diagnostic fallback
1.79,0.006435172233587139,0.002146095685195526,0.006435172233587139,0.002146095685195526,0.006435172233587139,0.002146095685195526,-2.7783549872859385,-1.037147031648938,-2.7847901595195257,-1.0392931273341335,0.0,0.0,Vmag_get_voltage_magnitude_series__angle_get_voltage_angle_series,true,Unknown,Ybus EMT reconstruction using exact complex bus-voltage phasors when available; otherwise diagnostic fallback
1.8,0.006428490838453982,0.0021436053686456624,0.006428490838453982,0.0021436053686456624,0.006428490838453982,0.0021436053686456624,-2.7783616686810717,-1.0371495219654878,-2.7847901595195257,-1.0392931273341335,0.0,0.0,Vmag_get_voltage_magnitude_series__angle_get_voltage_angle_series,true,Unknown,Ybus EMT reconstruction using exact complex bus-voltage phasors when available; otherwise diagnostic fallback
1.81,0.006422182107624241,0.002141269364469567,0.006422182107624241,0.002141269364469567,0.006422182107624241,0.002141269364469567,-2.7783679774119014,-1.037151857969664,-2.7847901595195257,-1.0392931273341335,0.0,0.0,Vmag_get_voltage_magnitude_series__angle_get_voltage_angle_series,true,Unknown,Ybus EMT reconstruction using exact complex bus-voltage phasors when available; otherwise diagnostic fallback
1.82,0.006416211631918856,0.002139074467044866,0.006416211631918856,0.002139074467044866,0.006416211631918856,0.002139074467044866,-2.778373947887607,-1.0371540528670886,-2.7847901595195257,-1.0392931273341335,0.0,0.0,Vmag_get_voltage_magnitude_series__angle_get_voltage_angle_series,true,Unknown,Ybus EMT reconstruction using exact complex bus-voltage phasors when available; otherwise diagnostic fallback
1.83,0.006410545048906258,0.002137007394972912,0.006410545048906258,0.002137007394972912,0.006410545048906258,0.002137007394972912,-2.7783796144706194,-1.0371561199391606,-2.7847901595195257,-1.0392931273341335,0.0,0.0,Vmag_get_voltage_magnitude_series__angle_get_voltage_angle_series,true,Unknown,Ybus EMT reconstruction using exact complex bus-voltage phasors when available; otherwise diagnostic fallback
1.84,0.006405148270202776,0.002135054894690125,0.006405148270202776,0.002135054894690125,0.006405148270202776,0.002135054894690125,-2.778385011249323,-1.0371580724394434,-2.7847901595195257,-1.0392931273341335,0.0,0.0,Vmag_get_voltage_magnitude_series__angle_get_voltage_angle_series,true,Unknown,Ybus EMT reconstruction using exact complex bus-voltage phasors when available; otherwise diagnostic fallback
1.85,0.006399987705416166,0.0021332038201655745,0.006399987705416166,0.0021332038201655745,0.006399987705416166,0.0021332038201655745,-2.7783901718141095,-1.037159923513968,-2.7847901595195257,-1.0392931273341335,0.0,0.0,Vmag_get_voltage_magnitude_series__angle_get_voltage_angle_series,true,Unknown,Ybus EMT reconstruction using exact complex bus-voltage phasors when available; otherwise diagnostic fallback
1.86,0.0063950304492133014,0.0021314412193986776,0.0063950304492133014,0.0021314412193986776,0.0063950304492133014,0.0021314412193986776,-2.7783951290703124,-1.0371616861147348,-2.7847901595195257,-1.0392931273341335,0.0,0.0,Vmag_get_voltage_magnitude_series__angle_get_voltage_angle_series,true,Unknown,Ybus EMT reconstruction using exact complex bus-voltage phasors when available; otherwise diagnostic fallback
1.87,0.006390244485566132,0.002129754417176777,0.006390244485566132,0.002129754417176777,0.006390244485566132,0.002129754417176777,-2.7783999150339596,-1.0371633729169567,-2.7847901595195257,-1.0392931273341335,0.0,0.0,Vmag_get_voltage_magnitude_series__angle_get_voltage_angle_series,true,Unknown,Ybus EMT reconstruction using exact complex bus-voltage phasors when available; otherwise diagnostic fallback
1.88,0.006385598852449714,0.002128131075375128,0.006385598852449714,0.002128131075375128,0.006385598852449714,0.002128131075375128,-2.778404560667076,-1.0371649962587584,-2.7847901595195257,-1.0392931273341335,0.0,0.0,Vmag_get_voltage_magnitude_series__angle_get_voltage_angle_series,true,Unknown,Ybus EMT reconstruction using exact complex bus-voltage phasors when available; otherwise diagnostic fallback
1.89,0.006381063804414833,0.0021265592777139908,0.006381063804414833,0.0021265592777139908,0.006381063804414833,0.0021265592777139908,-2.778409095715111,-1.0371665680564195,-2.7847901595195257,-1.0392931273341335,0.0,0.0,Vmag_get_voltage_magnitude_series__angle_get_voltage_angle_series,true,Unknown,Ybus EMT reconstruction using exact complex bus-voltage phasors when available; otherwise diagnostic fallback
1.9,0.006376610962200324,0.0021250275774438165,0.006376610962200324,0.0021250275774438165,0.006376610962200324,0.0021250275774438165,-2.7784135485573254,-1.0371680997566897,-2.7847901595195257,-1.0392931273341335,0.0,0.0,Vmag_get_voltage_magnitude_series__angle_get_voltage_angle_series,true,Unknown,Ybus EMT reconstruction using exact complex bus-voltage phasors when available; otherwise diagnostic fallback
1.91,0.006372213432353391,0.002123525059257947,0.006372213432353391,0.002123525059257947,0.006372213432353391,0.002123525059257947,-2.7784179460871723,-1.0371696022748755,-2.7847901595195257,-1.0392931273341335,0.0,0.0,Vmag_get_voltage_magnitude_series__angle_get_voltage_angle_series,true,Unknown,Ybus EMT reconstruction using exact complex bus-voltage phasors when available; otherwise diagnostic fallback
1.92,0.006367845934454497,0.002122041391935836,0.006367845934454497,0.002122041391935836,0.006367845934454497,0.002122041391935836,-2.778422313585071,-1.0371710859421976,-2.7847901595195257,-1.0392931273341335,0.0,0.0,Vmag_get_voltage_magnitude_series__angle_get_voltage_angle_series,true,Unknown,Ybus EMT reconstruction using exact complex bus-voltage phasors when available; otherwise diagnostic fallback
1.93,0.0063634848872724525,0.002120566864009188,0.0063634848872724525,0.002120566864009188,0.0063634848872724525,0.002120566864009188,-2.7784266746322532,-1.0371725604701243,-2.7847901595195257,-1.0392931273341335,0.0,0.0,Vmag_get_voltage_magnitude_series__angle_get_voltage_angle_series,true,Unknown,Ybus EMT reconstruction using exact complex bus-voltage phasors when available; otherwise diagnostic fallback
1.94,0.006359108498186661,0.0021190924323373217,0.006359108498186661,0.0021190924323373217,0.006359108498186661,0.0021190924323373217,-2.778431051021339,-1.0371740349017962,-2.7847901595195257,-1.0392931273341335,0.0,0.0,Vmag_get_voltage_magnitude_series__angle_get_voltage_angle_series,true,Unknown,Ybus EMT reconstruction using exact complex bus-voltage phasors when available; otherwise diagnostic fallback
1.95,0.006354696833912765,0.0021176097440136488,0.006354696833912765,0.0021176097440136488,0.006354696833912765,0.0021176097440136488,-2.778435462685613,-1.0371755175901198,-2.7847901595195257,-1.0392931273341335,0.0,0.0,Vmag_get_voltage_magnitude_series__angle_get_voltage_angle_series,true,Unknown,Ybus EMT reconstruction using exact complex bus-voltage phasors when available; otherwise diagnostic fallback
1.96,0.006350231856461885,0.0021161111664218524,0.006350231856461885,0.0021161111664218524,0.006350231856461885,0.0021161111664218524,-2.778439927663064,-1.0371770161677116,-2.7847901595195257,-1.0392931273341335,0.0,0.0,Vmag_get_voltage_magnitude_series__angle_get_voltage_angle_series,true,Unknown,Ybus EMT reconstruction using exact complex bus-voltage phasors when available; otherwise diagnostic fallback
1.97,0.006345697482964319,0.002114589809842027,0.006345697482964319,0.002114589809842027,0.006345697482964319,0.002114589809842027,-2.7784444620365614,-1.0371785375242915,-2.7847901595195257,-1.0392931273341335,0.0,0.0,Vmag_get_voltage_magnitude_series__angle_get_voltage_angle_series,true,Unknown,Ybus EMT reconstruction using exact complex bus-voltage phasors when available; otherwise diagnostic fallback
1.98,0.006341079588290555,0.0021130395326187656,0.006341079588290555,0.0021130395326187656,0.006341079588290555,0.0021130395326187656,-2.778449079931235,-1.0371800878015147,-2.7847901595195257,-1.0392931273341335,0.0,0.0,Vmag_get_voltage_magnitude_series__angle_get_voltage_angle_series,true,Unknown,Ybus EMT reconstruction using exact complex bus-voltage phasors when available; otherwise diagnostic fallback
1.99,0.006336366021432838,0.002111454961632342,0.006336366021432838,0.002111454961632342,0.006336366021432838,0.002111454961632342,-2.778453793498093,-1.0371816723725011,-2.7847901595195257,-1.0392931273341335,0.0,0.0,Vmag_get_voltage_magnitude_series__angle_get_voltage_angle_series,true,Unknown,Ybus EMT reconstruction using exact complex bus-voltage phasors when available; otherwise diagnostic fallback
2.0,0.006331546602227789,0.0021098314796696993,0.006331546602227789,0.0021098314796696993,0.006331546602227789,0.0021098314796696993,-2.778458612917298,-1.0371832958544638,-2.7847901595195257,-1.0392931273341335,0.0,0.0,Vmag_get_voltage_magnitude_series__angle_get_voltage_angle_series,true,Unknown,Ybus EMT reconstruction using exact complex bus-voltage phasors when available; otherwise diagnostic fallback
2.01,0.006326613091017563,0.0021081652363725834,0.006326613091017563,0.0021081652363725834,0.006326613091017563,0.0021081652363725834,-2.778463546428508,-1.037184962097761,-2.7847901595195257,-1.0392931273341335,0.0,0.0,Vmag_get_voltage_magnitude_series__angle_get_voltage_angle_series,true,Unknown,Ybus EMT reconstruction using exact complex bus-voltage phasors when available; otherwise diagnostic fallback
2.02,0.006321559174101932,0.0021064531335655,0.006321559174101932,0.0021064531335655,0.006321559174101932,0.0021064531335655,-2.7784686003454238,-1.037186674200568,-2.7847901595195257,-1.0392931273341335,0.0,0.0,Vmag_get_voltage_magnitude_series__angle_get_voltage_angle_series,true,Unknown,Ybus EMT reconstruction using exact complex bus-voltage phasors when available; otherwise diagnostic fallback
2.03,0.0063163804026387105,0.0021046928094312634,0.0063163804026387105,0.0021046928094312634,0.0063163804026387105,0.0021046928094312634,-2.778473779116887,-1.0371884345247022,-2.7847901595195257,-1.0392931273341335,0.0,0.0,Vmag_get_voltage_magnitude_series__angle_get_voltage_angle_series,true,Unknown,Ybus EMT reconstruction using exact complex bus-voltage phasors when available; otherwise diagnostic fallback
2.04,0.006311074152637097,0.0021028826325735217,0.006311074152637097,0.0021028826325735217,0.006311074152637097,0.0021028826325735217,-2.7784790853668886,-1.03719024470156,-2.7847901595195257,-1.0392931273341335,0.0,0.0,Vmag_get_voltage_magnitude_series__angle_get_voltage_angle_series,true,Unknown,Ybus EMT reconstruction using exact complex bus-voltage phasors when available; otherwise diagnostic fallback
2.05,0.006305639553787934,0.002101021665234626,0.006305639553787934,0.002101021665234626,0.006305639553787934,0.002101021665234626,-2.7784845199657378,-1.0371921056688989,-2.7847901595195257,-1.0392931273341335,0.0,0.0,Vmag_get_voltage_magnitude_series__angle_get_voltage_angle_series,true,Unknown,Ybus EMT reconstruction using exact complex bus-voltage phasors when available; otherwise diagnostic fallback
2.06,0.0063000774133183945,0.002099109651340525,0.0063000774133183945,0.002099109651340525,0.0063000774133183945,0.002099109651340525,-2.7784900821062073,-1.037194017682793,-2.7847901595195257,-1.0392931273341335,0.0,0.0,Vmag_get_voltage_magnitude_series__angle_get_voltage_angle_series,true,Unknown,Ybus EMT reconstruction using exact complex bus-voltage phasors when available; otherwise diagnostic fallback
2.07,0.006294390146166062,0.002097146980033049,0.006294390146166062,0.002097146980033049,0.006294390146166062,0.002097146980033049,-2.7784957693733596,-1.0371959803541004,-2.7847901595195257,-1.0392931273341335,0.0,0.0,Vmag_get_voltage_magnitude_series__angle_get_voltage_angle_series,true,Unknown,Ybus EMT reconstruction using exact complex bus-voltage phasors when available; otherwise diagnostic fallback
2.08,0.006288581667525772,0.002095134653276487,0.006288581667525772,0.002095134653276487,0.006288581667525772,0.002095134653276487,-2.778501577852,-1.037197992680857,-2.7847901595195257,-1.0392931273341335,0.0,0.0,Vmag_get_voltage_magnitude_series__angle_get_voltage_angle_series,true,Unknown,Ybus EMT reconstruction using exact complex bus-voltage phasors when available; otherwise diagnostic fallback
2.09,0.0062826573125014384,0.0020930742568281424,0.0062826573125014384,0.0020930742568281424,0.0062826573125014384,0.0020930742568281424,-2.7785075022070242,-1.0372000530773053,-2.7847901595195257,-1.0392931273341335,0.0,0.0,Vmag_get_voltage_magnitude_series__angle_get_voltage_angle_series,true,Unknown,Ybus EMT reconstruction using exact complex bus-voltage phasors when available; otherwise diagnostic fallback
2.1,0.0062766237256788315,0.0020909679125742375,0.0062766237256788315,0.0020909679125742375,0.0062766237256788315,0.0020909679125742375,-2.778513535793847,-1.0372021594215592,-2.7847901595195257,-1.0392931273341335,0.0,0.0,Vmag_get_voltage_magnitude_series__angle_get_voltage_angle_series,true,Unknown,Ybus EMT reconstruction using exact complex bus-voltage phasors when available; otherwise diagnostic fallback
2.11,0.006270488754913206,0.0020888182495721885,0.006270488754913206,0.0020888182495721885,0.006270488754913206,0.0020888182495721885,-2.7785196707646125,-1.0372043090845613,-2.7847901595195257,-1.0392931273341335,0.0,0.0,Vmag_get_voltage_magnitude_series__angle_get_voltage_angle_series,true,Unknown,Ybus EMT reconstruction using exact complex bus-voltage phasors when available; otherwise diagnostic fallback
2.12,0.006264261346946132,0.0020866283539968666,0.006264261346946132,0.0020866283539968666,0.006264261346946132,0.0020866283539968666,-2.7785258981725796,-1.0372064989801366,-2.7847901595195257,-1.0392931273341335,0.0,0.0,Vmag_get_voltage_magnitude_series__angle_get_voltage_angle_series,true,Unknown,Ybus EMT reconstruction using exact complex bus-voltage phasors when available; otherwise diagnostic fallback
2.13,0.006257951422808272,0.002084401728863705,0.006257951422808272,0.002084401728863705,0.006257951422808272,0.002084401728863705,-2.7785322080967174,-1.0372087256052698,-2.7847901595195257,-1.0392931273341335,0.0,0.0,Vmag_get_voltage_magnitude_series__angle_get_voltage_angle_series,true,Unknown,Ybus EMT reconstruction using exact complex bus-voltage phasors when available; otherwise diagnostic fallback
2.14,0.006251569774011756,0.0020821422525429956,0.006251569774011756,0.0020821422525429956,0.006251569774011756,0.0020821422525429956,-2.778538589745514,-1.0372109850815905,-2.7847901595195257,-1.0392931273341335,0.0,0.0,Vmag_get_voltage_magnitude_series__angle_get_voltage_angle_series,true,Unknown,Ybus EMT reconstruction using exact complex bus-voltage phasors when available; otherwise diagnostic fallback
2.15,0.006245127937839268,0.002079854126417091,0.006245127937839268,0.002079854126417091,0.006245127937839268,0.002079854126417091,-2.7785450315816864,-1.0372132732077164,-2.7847901595195257,-1.0392931273341335,0.0,0.0,Vmag_get_voltage_magnitude_series__angle_get_voltage_angle_series,true,Unknown,Ybus EMT reconstruction using exact complex bus-voltage phasors when available; otherwise diagnostic fallback
2.16,0.006238638082108672,0.0020775418389535893,0.006238638082108672,0.0020775418389535893,0.006238638082108672,0.0020775418389535893,-2.778551521437417,-1.03721558549518,-2.7847901595195257,-1.0392931273341335,0.0,0.0,Vmag_get_voltage_magnitude_series__angle_get_voltage_angle_series,true,Unknown,Ybus EMT reconstruction using exact complex bus-voltage phasors when available; otherwise diagnostic fallback
2.17,0.006232112891253916,0.0020752101125269817,0.006232112891253916,0.0020752101125269817,0.006232112891253916,0.0020752101125269817,-2.7785580466282718,-1.0372179172216065,-2.7847901595195257,-1.0392931273341335,0.0,0.0,Vmag_get_voltage_magnitude_series__angle_get_voltage_angle_series,true,Unknown,Ybus EMT reconstruction using exact complex bus-voltage phasors when available; otherwise diagnostic fallback
2.18,0.006225565444815118,0.00207286386113692,0.006225565444815118,0.00207286386113692,0.006225565444815118,0.00207286386113692,-2.7785645940747106,-1.0372202634729966,-2.7847901595195257,-1.0392931273341335,0.0,0.0,Vmag_get_voltage_magnitude_series__angle_get_voltage_angle_series,true,Unknown,Ybus EMT reconstruction using exact complex bus-voltage phasors when available; otherwise diagnostic fallback
2.19,0.006219009111452234,0.0020705081466461106,0.006219009111452234,0.0020705081466461106,0.006219009111452234,0.0020705081466461106,-2.7785711504080735,-1.0372226191874874,-2.7847901595195257,-1.0392931273341335,0.0,0.0,Vmag_get_voltage_magnitude_series__angle_get_voltage_angle_series,true,Unknown,Ybus EMT reconstruction using exact complex bus-voltage phasors when available; otherwise diagnostic fallback
2.2,0.006212457431779228,0.002068148131948666,0.006212457431779228,0.002068148131948666,0.006212457431779228,0.002068148131948666,-2.7785777020877465,-1.0372249792021848,-2.7847901595195257,-1.0392931273341335,0.0,0.0,Vmag_get_voltage_magnitude_series__angle_get_voltage_angle_series,true,Unknown,Ybus EMT reconstruction using exact complex bus-voltage phasors when available; otherwise diagnostic fallback
2.21,0.006205924013791719,0.0020657890424014003,0.006205924013791719,0.0020657890424014003,0.006205924013791719,0.0020657890424014003,-2.778584235505734,-1.037227338291732,-2.7847901595195257,-1.0392931273341335,0.0,0.0,Vmag_get_voltage_magnitude_series__angle_get_voltage_angle_series,true,Unknown,Ybus EMT reconstruction using exact complex bus-voltage phasors when available; otherwise diagnostic fallback
2.22,0.006199422429697954,0.002063436119021489,0.006199422429697954,0.002063436119021489,0.006199422429697954,0.002063436119021489,-2.7785907370898277,-1.037229691215112,-2.7847901595195257,-1.0392931273341335,0.0,0.0,Vmag_get_voltage_magnitude_series__angle_get_voltage_angle_series,true,Unknown,Ybus EMT reconstruction using exact complex bus-voltage phasors when available; otherwise diagnostic fallback
2.23,0.006192966114208609,0.0020610945834489414,0.006192966114208609,0.0020610945834489414,0.006192966114208609,0.0020610945834489414,-2.778597193405317,-1.0372320327506845,-2.7847901595195257,-1.0392931273341335,0.0,0.0,Vmag_get_voltage_magnitude_series__angle_get_voltage_angle_series,true,Unknown,Ybus EMT reconstruction using exact complex bus-voltage phasors when available; otherwise diagnostic fallback
2.24,0.00618656827434183,0.002058769597722332,0.00618656827434183,0.002058769597722332,0.00618656827434183,0.002058769597722332,-2.778603591245184,-1.0372343577364111,-2.7847901595195257,-1.0392931273341335,0.0,0.0,Vmag_get_voltage_magnitude_series__angle_get_voltage_angle_series,true,Unknown,Ybus EMT reconstruction using exact complex bus-voltage phasors when available; otherwise diagnostic fallback
2.25,0.006180241796242658,0.002056466226749931,0.006180241796242658,0.002056466226749931,0.006180241796242658,0.002056466226749931,-2.778609917723283,-1.0372366611073836,-2.7847901595195257,-1.0392931273341335,0.0,0.0,Vmag_get_voltage_magnitude_series__angle_get_voltage_angle_series,true,Unknown,Ybus EMT reconstruction using exact complex bus-voltage phasors when available; otherwise diagnostic fallback
2.26,0.006173999166200428,0.002054189408482454,0.006173999166200428,0.002054189408482454,0.006173999166200428,0.002054189408482454,-2.7786161603533253,-1.037238937925651,-2.7847901595195257,-1.0392931273341335,0.0,0.0,Vmag_get_voltage_magnitude_series__angle_get_voltage_angle_series,true,Unknown,Ybus EMT reconstruction using exact complex bus-voltage phasors when available; otherwise diagnostic fallback
2.27,0.006167852392327422,0.0020519439170239018,0.006167852392327422,0.0020519439170239018,0.006167852392327422,0.0020519439170239018,-2.7786223071271983,-1.0372411834171096,-2.7847901595195257,-1.0392931273341335,0.0,0.0,Vmag_get_voltage_magnitude_series__angle_get_voltage_angle_series,true,Unknown,Ybus EMT reconstruction using exact complex bus-voltage phasors when available; otherwise diagnostic fallback
2.28,0.006161812932738986,0.002049734338253062,0.006161812932738986,0.002049734338253062,0.006161812932738986,0.002049734338253062,-2.7786283465867867,-1.0372433929958804,-2.7847901595195257,-1.0392931273341335,0.0,0.0,Vmag_get_voltage_magnitude_series__angle_get_voltage_angle_series,true,Unknown,Ybus EMT reconstruction using exact complex bus-voltage phasors when available; otherwise diagnostic fallback
2.29,0.006155891636408839,0.0020475650399320866,0.006155891636408839,0.0020475650399320866,0.006155891636408839,0.0020475650399320866,-2.778634267883117,-1.0372455622942014,-2.7847901595195257,-1.0392931273341335,0.0,0.0,Vmag_get_voltage_magnitude_series__angle_get_voltage_angle_series,true,Unknown,Ybus EMT reconstruction using exact complex bus-voltage phasors when available; otherwise diagnostic fallback
2.3,0.006150098680800742,0.002045440148042088,0.006150098680800742,0.002045440148042088,0.006150098680800742,0.002045440148042088,-2.778640060838725,-1.0372476871860914,-2.7847901595195257,-1.0392931273341335,0.0,0.0,Vmag_get_voltage_magnitude_series__angle_get_voltage_angle_series,true,Unknown,Ybus EMT reconstruction using exact complex bus-voltage phasors when available; otherwise diagnostic fallback
2.31,0.006144443526633125,0.002043363528881459,0.006144443526633125,0.002043363528881459,0.006144443526633125,0.002043363528881459,-2.7786457159928926,-1.037249763805252,-2.7847901595195257,-1.0392931273341335,0.0,0.0,Vmag_get_voltage_magnitude_series__angle_get_voltage_angle_series,true,Unknown,Ybus EMT reconstruction using exact complex bus-voltage phasors when available; otherwise diagnostic fallback
2.32,0.006138934873212154,0.0020413387634166114,0.006138934873212154,0.0020413387634166114,0.006138934873212154,0.0020413387634166114,-2.7786512246463135,-1.0372517885707169,-2.7847901595195257,-1.0392931273341335,0.0,0.0,Vmag_get_voltage_magnitude_series__angle_get_voltage_angle_series,true,Unknown,Ybus EMT reconstruction using exact complex bus-voltage phasors when available; otherwise diagnostic fallback
2.33,0.006133580621808132,0.0020393691385414137,0.006133580621808132,0.0020393691385414137,0.006133580621808132,0.0020393691385414137,-2.7786565788977176,-1.037253758195592,-2.7847901595195257,-1.0392931273341335,0.0,0.0,Vmag_get_voltage_magnitude_series__angle_get_voltage_angle_series,true,Unknown,Ybus EMT reconstruction using exact complex bus-voltage phasors when available; otherwise diagnostic fallback
2.34,0.0061283878504023725,0.0020374576301849245,0.0061283878504023725,0.0020374576301849245,0.0061283878504023725,0.0020374576301849245,-2.7786617716691233,-1.0372556697039486,-2.7847901595195257,-1.0392931273341335,0.0,0.0,Vmag_get_voltage_magnitude_series__angle_get_voltage_angle_series,true,Unknown,Ybus EMT reconstruction using exact complex bus-voltage phasors when available; otherwise diagnostic fallback
2.35,0.006123362786294884,0.002035606892159203,0.006123362786294884,0.002035606892159203,0.006123362786294884,0.002035606892159203,-2.778666796733231,-1.0372575204419743,-2.7847901595195257,-1.0392931273341335,0.0,0.0,Vmag_get_voltage_magnitude_series__angle_get_voltage_angle_series,true,Unknown,Ybus EMT reconstruction using exact complex bus-voltage phasors when available; otherwise diagnostic fallback
2.36,0.0061185107971044594,0.002033819251836766,0.0061185107971044594,0.002033819251836766,0.0061185107971044594,0.002033819251836766,-2.7786716487224212,-1.0372593080822967,-2.7847901595195257,-1.0392931273341335,0.0,0.0,Vmag_get_voltage_magnitude_series__angle_get_voltage_angle_series,true,Unknown,Ybus EMT reconstruction using exact complex bus-voltage phasors when available; otherwise diagnostic fallback
2.37,0.006113836378373261,0.0020320967002551704,0.006113836378373261,0.0020320967002551704,0.006113836378373261,0.0020320967002551704,-2.7786763231411524,-1.0372610306338783,-2.7847901595195257,-1.0392931273341335,0.0,0.0,Vmag_get_voltage_magnitude_series__angle_get_voltage_angle_series,true,Unknown,Ybus EMT reconstruction using exact complex bus-voltage phasors when available; otherwise diagnostic fallback
2.38,0.006109343151622149,0.0020304408944407104,0.006109343151622149,0.0020304408944407104,0.006109343151622149,0.0020304408944407104,-2.7786808163679035,-1.0372626864396928,-2.7847901595195257,-1.0392931273341335,0.0,0.0,Vmag_get_voltage_magnitude_series__angle_get_voltage_angle_series,true,Unknown,Ybus EMT reconstruction using exact complex bus-voltage phasors when available; otherwise diagnostic fallback
2.39,0.006105033872596088,0.002028853153406951,0.006105033872596088,0.002028853153406951,0.006105033872596088,0.002028853153406951,-2.7786851256469296,-1.0372642741807265,-2.7847901595195257,-1.0392931273341335,0.0,0.0,Vmag_get_voltage_magnitude_series__angle_get_voltage_angle_series,true,Unknown,Ybus EMT reconstruction using exact complex bus-voltage phasors when available; otherwise diagnostic fallback
2.4,0.0061009104350078225,0.002027334461659036,0.0061009104350078225,0.002027334461659036,0.0061009104350078225,0.002027334461659036,-2.778689249084518,-1.0372657928724744,-2.7847901595195257,-1.0392931273341335,0.0,0.0,Vmag_get_voltage_magnitude_series__angle_get_voltage_angle_series,true,Unknown,Ybus EMT reconstruction using exact complex bus-voltage phasors when available; otherwise diagnostic fallback
2.41,0.006096973892164126,0.0020258854757324585,0.006096973892164126,0.0020258854757324585,0.006096973892164126,0.0020258854757324585,-2.7786931856273616,-1.037267241858401,-2.7847901595195257,-1.0392931273341335,0.0,0.0,Vmag_get_voltage_magnitude_series__angle_get_voltage_angle_series,true,Unknown,Ybus EMT reconstruction using exact complex bus-voltage phasors when available; otherwise diagnostic fallback
2.42,0.006093224473641801,0.0020245065256967454,0.006093224473641801,0.0020245065256967454,0.006093224473641801,0.0020245065256967454,-2.778696935045884,-1.0372686208084367,-2.7847901595195257,-1.0392931273341335,0.0,0.0,Vmag_get_voltage_magnitude_series__angle_get_voltage_angle_series,true,Unknown,Ybus EMT reconstruction using exact complex bus-voltage phasors when available; otherwise diagnostic fallback
2.43,0.006089661612874053,0.0020231976303424215,0.006089661612874053,0.0020231976303424215,0.006089661612874053,0.0020231976303424215,-2.7787004979066516,-1.037269929703791,-2.7847901595195257,-1.0392931273341335,0.0,0.0,Vmag_get_voltage_magnitude_series__angle_get_voltage_angle_series,true,Unknown,Ybus EMT reconstruction using exact complex bus-voltage phasors when available; otherwise diagnostic fallback
2.44,0.00608628397829758,0.0020219585022174247,0.00608628397829758,0.0020219585022174247,0.00608628397829758,0.0020219585022174247,-2.778703875541228,-1.037271168831916,-2.7847901595195257,-1.0392931273341335,0.0,0.0,Vmag_get_voltage_magnitude_series__angle_get_voltage_angle_series,true,Unknown,Ybus EMT reconstruction using exact complex bus-voltage phasors when available; otherwise diagnostic fallback
2.45,0.006083089503934325,0.0020207885620562305,0.006083089503934325,0.0020207885620562305,0.006083089503934325,0.0020207885620562305,-2.7787070700155914,-1.0372723387720773,-2.7847901595195257,-1.0392931273341335,0.0,0.0,Vmag_get_voltage_magnitude_series__angle_get_voltage_angle_series,true,Unknown,Ybus EMT reconstruction using exact complex bus-voltage phasors when available; otherwise diagnostic fallback
2.46,0.006080075433149368,0.002019686953652622,0.006080075433149368,0.002019686953652622,0.006080075433149368,0.002019686953652622,-2.7787100840863763,-1.0372734403804809,-2.7847901595195257,-1.0392931273341335,0.0,0.0,Vmag_get_voltage_magnitude_series__angle_get_voltage_angle_series,true,Unknown,Ybus EMT reconstruction using exact complex bus-voltage phasors when available; otherwise diagnostic fallback
2.47,0.006077238354861514,0.0020186525557301938,0.006077238354861514,0.0020186525557301938,0.006077238354861514,0.0020186525557301938,-2.778712921164664,-1.0372744747784033,-2.7847901595195257,-1.0392931273341335,0.0,0.0,Vmag_get_voltage_magnitude_series__angle_get_voltage_angle_series,true,Unknown,Ybus EMT reconstruction using exact complex bus-voltage phasors when available; otherwise diagnostic fallback
2.48,0.006074574250219289,0.0020176840022056997,0.006074574250219289,0.0020176840022056997,0.006074574250219289,0.0020176840022056997,-2.7787155852693064,-1.0372754433319278,-2.7847901595195257,-1.0392931273341335,0.0,0.0,Vmag_get_voltage_magnitude_series__angle_get_voltage_angle_series,true,Unknown,Ybus EMT reconstruction using exact complex bus-voltage phasors when available; otherwise diagnostic fallback
2.49,0.006072078539586023,0.0020167796959436046,0.006072078539586023,0.0020167796959436046,0.006072078539586023,0.0020167796959436046,-2.7787180809799397,-1.0372763476381899,-2.7847901595195257,-1.0392931273341335,0.0,0.0,Vmag_get_voltage_magnitude_series__angle_get_voltage_angle_series,true,Unknown,Ybus EMT reconstruction using exact complex bus-voltage phasors when available; otherwise diagnostic fallback
2.5,0.006069746129264253,0.0020159378296553676,0.006069746129264253,0.0020159378296553676,0.006069746129264253,0.0020159378296553676,-2.7787204133902614,-1.0372771895044781,-2.7847901595195257,-1.0392931273341335,0.0,0.0,Vmag_get_voltage_magnitude_series__angle_get_voltage_angle_series,true,Unknown,Ybus EMT reconstruction using exact complex bus-voltage phasors when available; otherwise diagnostic fallback
2.51,0.006067571464226429,0.002015156404207241,0.006067571464226429,0.002015156404207241,0.006067571464226429,0.002015156404207241,-2.7787225880552993,-1.0372779709299262,-2.7847901595195257,-1.0392931273341335,0.0,0.0,Vmag_get_voltage_magnitude_series__angle_get_voltage_angle_series,true,Unknown,Ybus EMT reconstruction using exact complex bus-voltage phasors when available; otherwise diagnostic fallback
2.52,0.006065548576769331,0.002014433246783076,0.006065548576769331,0.002014433246783076,0.006065548576769331,0.002014433246783076,-2.7787246109427564,-1.0372786940873504,-2.7847901595195257,-1.0392931273341335,0.0,0.0,Vmag_get_voltage_magnitude_series__angle_get_voltage_angle_series,true,Unknown,Ybus EMT reconstruction using exact complex bus-voltage phasors when available; otherwise diagnostic fallback
2.53,0.006063671141164129,0.002013766033955644,0.006063671141164129,0.002013766033955644,0.006063671141164129,0.002013766033955644,-2.7787264883783616,-1.0372793613001778,-2.7847901595195257,-1.0392931273341335,0.0,0.0,Vmag_get_voltage_magnitude_series__angle_get_voltage_angle_series,true,Unknown,Ybus EMT reconstruction using exact complex bus-voltage phasors when available; otherwise diagnostic fallback
2.54,0.006061932524807467,0.0020131523083131153,0.006061932524807467,0.0020131523083131153,0.006061932524807467,0.0020131523083131153,-2.778728226994718,-1.0372799750258204,-2.7847901595195257,-1.0392931273341335,0.0,0.0,Vmag_get_voltage_magnitude_series__angle_get_voltage_angle_series,true,Unknown,Ybus EMT reconstruction using exact complex bus-voltage phasors when available; otherwise diagnostic fallback
2.55,0.006060325840158143,0.0020125895017735207,0.006060325840158143,0.0020125895017735207,0.006060325840158143,0.0020125895017735207,-2.7787298336793675,-1.03728053783236,-2.7847901595195257,-1.0392931273341335,0.0,0.0,Vmag_get_voltage_magnitude_series__angle_get_voltage_angle_series,true,Unknown,Ybus EMT reconstruction using exact complex bus-voltage phasors when available; otherwise diagnostic fallback
2.56,0.006058843999198871,0.0020120749542700267,0.006058843999198871,0.0020120749542700267,0.006058843999198871,0.0020120749542700267,-2.778731315520327,-1.0372810523798635,-2.7847901595195257,-1.0392931273341335,0.0,0.0,Vmag_get_voltage_magnitude_series__angle_get_voltage_angle_series,true,Unknown,Ybus EMT reconstruction using exact complex bus-voltage phasors when available; otherwise diagnostic fallback
2.57,0.006057479761415685,0.002011605933733618,0.006057479761415685,0.002011605933733618,0.006057479761415685,0.002011605933733618,-2.77873267975811,-1.0372815214003999,-2.7847901595195257,-1.0392931273341335,0.0,0.0,Vmag_get_voltage_magnitude_series__angle_get_voltage_angle_series,true,Unknown,Ybus EMT reconstruction using exact complex bus-voltage phasors when available; otherwise diagnostic fallback
2.58,0.006056225786881697,0.0020111796573292207,0.006056225786881697,0.0020111796573292207,0.006056225786881697,0.0020111796573292207,-2.778733933732644,-1.0372819476768043,-2.7847901595195257,-1.0392931273341335,0.0,0.0,Vmag_get_voltage_magnitude_series__angle_get_voltage_angle_series,true,Unknown,Ybus EMT reconstruction using exact complex bus-voltage phasors when available; otherwise diagnostic fallback
2.59,0.0060550746836294245,0.0020107933083663987,0.0060550746836294245,0.0020107933083663987,0.0060550746836294245,0.0020107933083663987,-2.7787350848358963,-1.037282334025767,-2.7847901595195257,-1.0392931273341335,0.0,0.0,Vmag_get_voltage_magnitude_series__angle_get_voltage_angle_series,true,Unknown,Ybus EMT reconstruction using exact complex bus-voltage phasors when available; otherwise diagnostic fallback
2.6,0.00605401905489833,0.002010444057314098,0.00605401905489833,0.002010444057314098,0.00605401905489833,0.002010444057314098,-2.7787361404646274,-1.0372826832768194,-2.7847901595195257,-1.0392931273341335,0.0,0.0,Vmag_get_voltage_magnitude_series__angle_get_voltage_angle_series,true,Unknown,Ybus EMT reconstruction using exact complex bus-voltage phasors when available; otherwise diagnostic fallback
2.61,0.006053051545487964,0.0020101290785488057,0.006053051545487964,0.0020101290785488057,0.006053051545487964,0.0020101290785488057,-2.7787371079740377,-1.0372829982555847,-2.7847901595195257,-1.0392931273341335,0.0,0.0,Vmag_get_voltage_magnitude_series__angle_get_voltage_angle_series,true,Unknown,Ybus EMT reconstruction using exact complex bus-voltage phasors when available; otherwise diagnostic fallback
2.62,0.0060521648825071495,0.0020098455671837545,0.0060521648825071495,0.0020098455671837545,0.0060521648825071495,0.0020098455671837545,-2.7787379946370185,-1.0372832817669497,-2.7847901595195257,-1.0392931273341335,0.0,0.0,Vmag_get_voltage_magnitude_series__angle_get_voltage_angle_series,true,Unknown,Ybus EMT reconstruction using exact complex bus-voltage phasors when available; otherwise diagnostic fallback
2.63,0.00605135191869044,0.0020095907570742977,0.00605135191869044,0.0020095907570742977,0.00605135191869044,0.0020095907570742977,-2.7787388076008352,-1.0372835365770592,-2.7847901595195257,-1.0392931273341335,0.0,0.0,Vmag_get_voltage_magnitude_series__angle_get_voltage_angle_series,true,Unknown,Ybus EMT reconstruction using exact complex bus-voltage phasors when available; otherwise diagnostic fallback
2.64,0.006050605668654008,0.0020093619339451863,0.006050605668654008,0.0020093619339451863,0.006050605668654008,0.0020093619339451863,-2.7787395538508717,-1.0372837654001883,-2.7847901595195257,-1.0392931273341335,0.0,0.0,Vmag_get_voltage_magnitude_series__angle_get_voltage_angle_series,true,Unknown,Ybus EMT reconstruction using exact complex bus-voltage phasors when available; otherwise diagnostic fallback
2.65,0.0060499193441772015,0.0020091564521709238,0.0060499193441772015,0.0020091564521709238,0.0060499193441772015,0.0020091564521709238,-2.7787402401753485,-1.0372839708819626,-2.7847901595195257,-1.0392931273341335,0.0,0.0,Vmag_get_voltage_magnitude_series__angle_get_voltage_angle_series,true,Unknown,Ybus EMT reconstruction using exact complex bus-voltage phasors when available; otherwise diagnostic fallback
2.66,0.006049286388249531,0.002008971745725674,0.006049286388249531,0.002008971745725674,0.006049286388249531,0.002008971745725674,-2.778740873131276,-1.0372841555884078,-2.7847901595195257,-1.0392931273341335,0.0,0.0,Vmag_get_voltage_magnitude_series__angle_get_voltage_angle_series,true,Unknown,Ybus EMT reconstruction using exact complex bus-voltage phasors when available; otherwise diagnostic fallback
2.67,0.0060487005020570805,0.0020088053417059992,0.0060487005020570805,0.0020088053417059992,0.0060487005020570805,0.0020088053417059992,-2.7787414590174686,-1.0372843219924275,-2.7847901595195257,-1.0392931273341335,0.0,0.0,Vmag_get_voltage_magnitude_series__angle_get_voltage_angle_series,true,Unknown,Ybus EMT reconstruction using exact complex bus-voltage phasors when available; otherwise diagnostic fallback
2.68,0.006048155673691991,0.0020086548715168018,0.006048155673691991,0.0020086548715168018,0.006048155673691991,0.0020086548715168018,-2.7787420038458337,-1.0372844724626167,-2.7847901595195257,-1.0392931273341335,0.0,0.0,Vmag_get_voltage_magnitude_series__angle_get_voltage_angle_series,true,Unknown,Ybus EMT reconstruction using exact complex bus-voltage phasors when available; otherwise diagnostic fallback
2.69,0.006047646199577095,0.0020085180789044532,0.006047646199577095,0.0020085180789044532,0.006047646199577095,0.0020085180789044532,-2.7787425133199486,-1.037284609255229,-2.7847901595195257,-1.0392931273341335,0.0,0.0,Vmag_get_voltage_magnitude_series__angle_get_voltage_angle_series,true,Unknown,Ybus EMT reconstruction using exact complex bus-voltage phasors when available; otherwise diagnostic fallback
2.7,0.006047166705205331,0.0020083928307323973,0.006047166705205331,0.0020083928307323973,0.006047166705205331,0.0020083928307323973,-2.7787429928143204,-1.037284734503401,-2.7847901595195257,-1.0392931273341335,0.0,0.0,Vmag_get_voltage_magnitude_series__angle_get_voltage_angle_series,true,Unknown,Ybus EMT reconstruction using exact complex bus-voltage phasors when available; otherwise diagnostic fallback
2.71,0.006046712162782075,0.0020082771225402585,0.006046712162782075,0.0020082771225402585,0.006046712162782075,0.0020082771225402585,-2.7787434473567436,-1.0372848502115932,-2.7847901595195257,-1.0392931273341335,0.0,0.0,Vmag_get_voltage_magnitude_series__angle_get_voltage_angle_series,true,Unknown,Ybus EMT reconstruction using exact complex bus-voltage phasors when available; otherwise diagnostic fallback
2.72,0.006046277902668873,0.002008169085436773,0.006046277902668873,0.002008169085436773,0.006046277902668873,0.002008169085436773,-2.778743881616857,-1.0372849582486967,-2.7847901595195257,-1.0392931273341335,0.0,0.0,Vmag_get_voltage_magnitude_series__angle_get_voltage_angle_series,true,Unknown,Ybus EMT reconstruction using exact complex bus-voltage phasors when available; otherwise diagnostic fallback
2.73,0.0060458596268815334,0.0020080669908510984,0.0060458596268815334,0.0020080669908510984,0.0060458596268815334,0.0020080669908510984,-2.778744299892644,-1.0372850603432824,-2.7847901595195257,-1.0392931273341335,0.0,0.0,Vmag_get_voltage_magnitude_series__angle_get_voltage_angle_series,true,Unknown,Ybus EMT reconstruction using exact complex bus-voltage phasors when available; otherwise diagnostic fallback
2.74,0.006045453414286861,0.002007969253608355,0.006045453414286861,0.002007969253608355,0.006045453414286861,0.002007969253608355,-2.778744706105239,-1.0372851580805251,-2.7847901595195257,-1.0392931273341335,0.0,0.0,Vmag_get_voltage_magnitude_series__angle_get_voltage_angle_series,true,Unknown,Ybus EMT reconstruction using exact complex bus-voltage phasors when available; otherwise diagnostic fallback
2.75,0.006045055726174198,0.002007874435903778,0.006045055726174198,0.002007874435903778,0.006045055726174198,0.002007874435903778,-2.7787451037933515,-1.0372852528982297,-2.7847901595195257,-1.0392931273341335,0.0,0.0,Vmag_get_voltage_magnitude_series__angle_get_voltage_angle_series,true,Unknown,Ybus EMT reconstruction using exact complex bus-voltage phasors when available; otherwise diagnostic fallback
2.76,0.0060446634080308925,0.0020077812462406808,0.0060446634080308925,0.0020077812462406808,0.0060446634080308925,0.0020077812462406808,-2.778745496111495,-1.0372853460878928,-2.7847901595195257,-1.0392931273341335,0.0,0.0,Vmag_get_voltage_magnitude_series__angle_get_voltage_angle_series,true,Unknown,Ybus EMT reconstruction using exact complex bus-voltage phasors when available; otherwise diagnostic fallback
2.77,0.006044273687358714,0.0020076885421311808,0.006044273687358714,0.0020076885421311808,0.006044273687358714,0.0020076885421311808,-2.778745885832167,-1.0372854387920023,-2.7847901595195257,-1.0392931273341335,0.0,0.0,Vmag_get_voltage_magnitude_series__angle_get_voltage_angle_series,true,Unknown,Ybus EMT reconstruction using exact complex bus-voltage phasors when available; otherwise diagnostic fallback
2.78,0.006043884171720748,0.0020075953277682856,0.006043884171720748,0.0020075953277682856,0.006043884171720748,0.0020075953277682856,-2.778746275347805,-1.0372855320063652,-2.7847901595195257,-1.0392931273341335,0.0,0.0,Vmag_get_voltage_magnitude_series__angle_get_voltage_angle_series,true,Unknown,Ybus EMT reconstruction using exact complex bus-voltage phasors when available; otherwise diagnostic fallback
2.79,0.006043492840225095,0.0020075007522735167,0.006043492840225095,0.0020075007522735167,0.006043492840225095,0.0020075007522735167,-2.7787466666793006,-1.03728562658186,-2.7847901595195257,-1.0392931273341335,0.0,0.0,Vmag_get_voltage_magnitude_series__angle_get_voltage_angle_series,true,Unknown,Ybus EMT reconstruction using exact complex bus-voltage phasors when available; otherwise diagnostic fallback
2.8,0.006043098036948802,0.002007404107981836,0.006043098036948802,0.002007404107981836,0.006043098036948802,0.002007404107981836,-2.778747061482577,-1.0372857232261516,-2.7847901595195257,-1.0392931273341335,0.0,0.0,Vmag_get_voltage_magnitude_series__angle_get_voltage_angle_series,true,Unknown,Ybus EMT reconstruction using exact complex bus-voltage phasors when available; otherwise diagnostic fallback
2.81,0.006042698458918583,0.0020073048250417447,0.006042698458918583,0.0020073048250417447,0.006042698458918583,0.0020073048250417447,-2.778747461060607,-1.0372858225090917,-2.7847901595195257,-1.0392931273341335,0.0,0.0,Vmag_get_voltage_magnitude_series__angle_get_voltage_angle_series,true,Unknown,Ybus EMT reconstruction using exact complex bus-voltage phasors when available; otherwise diagnostic fallback
2.82,0.006042293143256217,0.002007202468764513,0.006042293143256217,0.002007202468764513,0.006042293143256217,0.002007202468764513,-2.7787478663762695,-1.037285924865369,-2.7847901595195257,-1.0392931273341335,0.0,0.0,Vmag_get_voltage_magnitude_series__angle_get_voltage_angle_series,true,Unknown,Ybus EMT reconstruction using exact complex bus-voltage phasors when available; otherwise diagnostic fallback
2.83,0.0060418814540152965,0.0020070967332386225,0.0060418814540152965,0.0020070967332386225,0.0060418814540152965,0.0020070967332386225,-2.7787482780655104,-1.0372860306008949,-2.7847901595195257,-1.0392931273341335,0.0,0.0,Vmag_get_voltage_magnitude_series__angle_get_voltage_angle_series,true,Unknown,Ybus EMT reconstruction using exact complex bus-voltage phasors when available; otherwise diagnostic fallback
2.84,0.006041463063410024,0.0020069874353871864,0.006041463063410024,0.0020069874353871864,0.006041463063410024,0.0020069874353871864,-2.7787486964561157,-1.0372861398987463,-2.7847901595195257,-1.0392931273341335,0.0,0.0,Vmag_get_voltage_magnitude_series__angle_get_voltage_angle_series,true,Unknown,Ybus EMT reconstruction using exact complex bus-voltage phasors when available; otherwise diagnostic fallback
2.85,0.006041037936473259,0.0020068745095487284,0.006041037936473259,0.0020068745095487284,0.006041037936473259,0.0020068745095487284,-2.7787491215830524,-1.0372862528245848,-2.7847901595195257,-1.0392931273341335,0.0,0.0,Vmag_get_voltage_magnitude_series__angle_get_voltage_angle_series,true,Unknown,Ybus EMT reconstruction using exact complex bus-voltage phasors when available; otherwise diagnostic fallback
2.86,0.006040606310929508,0.002006757998790798,0.006040606310929508,0.002006757998790798,0.006040606310929508,0.002006757998790798,-2.778749553208596,-1.0372863693353427,-2.7847901595195257,-1.0392931273341335,0.0,0.0,Vmag_get_voltage_magnitude_series__angle_get_voltage_angle_series,true,Unknown,Ybus EMT reconstruction using exact complex bus-voltage phasors when available; otherwise diagnostic fallback
2.87,0.006040168676959556,0.0020066380491101654,0.006040168676959556,0.0020066380491101654,0.006040168676959556,0.0020066380491101654,-2.778749990842566,-1.0372864892850233,-2.7847901595195257,-1.0392931273341335,0.0,0.0,Vmag_get_voltage_magnitude_series__angle_get_voltage_angle_series,true,Unknown,Ybus EMT reconstruction using exact complex bus-voltage phasors when available; otherwise diagnostic fallback
2.88,0.006039725757341685,0.0020065149002479465,0.006039725757341685,0.0020065149002479465,0.006039725757341685,0.0020065149002479465,-2.778750433762184,-1.0372866124338855,-2.7847901595195257,-1.0392931273341335,0.0,0.0,Vmag_get_voltage_magnitude_series__angle_get_voltage_angle_series,true,Unknown,Ybus EMT reconstruction using exact complex bus-voltage phasors when available; otherwise diagnostic fallback
2.89,0.0060392784845650915,0.0020063888782864137,0.0060392784845650915,0.0020063888782864137,0.0060392784845650915,0.0020063888782864137,-2.7787508810349606,-1.037286738455847,-2.7847901595195257,-1.0392931273341335,0.0,0.0,Vmag_get_voltage_magnitude_series__angle_get_voltage_angle_series,true,Unknown,Ybus EMT reconstruction using exact complex bus-voltage phasors when available; otherwise diagnostic fallback
2.9,0.006038827980017647,0.0020062603868178375,0.006038827980017647,0.0020062603868178375,0.006038827980017647,0.0020062603868178375,-2.778751331539508,-1.0372868669473156,-2.7847901595195257,-1.0392931273341335,0.0,0.0,Vmag_get_voltage_magnitude_series__angle_get_voltage_angle_series,true,Unknown,Ybus EMT reconstruction using exact complex bus-voltage phasors when available; otherwise diagnostic fallback
2.91,0.006038375530865725,0.002006129898641351,0.006038375530865725,0.002006129898641351,0.006038375530865725,0.002006129898641351,-2.77875178398866,-1.0372869974354921,-2.7847901595195257,-1.0392931273341335,0.0,0.0,Vmag_get_voltage_magnitude_series__angle_get_voltage_angle_series,true,Unknown,Ybus EMT reconstruction using exact complex bus-voltage phasors when available; otherwise diagnostic fallback
2.92,0.006037922567672105,0.002005997946968874,0.006037922567672105,0.002005997946968874,0.006037922567672105,0.002005997946968874,-2.7787522369518536,-1.0372871293871646,-2.7847901595195257,-1.0392931273341335,0.0,0.0,Vmag_get_voltage_magnitude_series__angle_get_voltage_angle_series,true,Unknown,Ybus EMT reconstruction using exact complex bus-voltage phasors when available; otherwise diagnostic fallback
2.93,0.006037470642525022,0.0020058651168881614,0.006037470642525022,0.0020058651168881614,0.006037470642525022,0.0020058651168881614,-2.7787526888770007,-1.0372872622172453,-2.7847901595195257,-1.0392931273341335,0.0,0.0,Vmag_get_voltage_magnitude_series__angle_get_voltage_angle_series,true,Unknown,Ybus EMT reconstruction using exact complex bus-voltage phasors when available; otherwise diagnostic fallback
2.94,0.006037021405887799,0.00200573203641774,0.006037021405887799,0.00200573203641774,0.006037021405887799,0.00200573203641774,-2.778753138113638,-1.0372873952977157,-2.7847901595195257,-1.0392931273341335,0.0,0.0,Vmag_get_voltage_magnitude_series__angle_get_voltage_angle_series,true,Unknown,Ybus EMT reconstruction using exact complex bus-voltage phasors when available; otherwise diagnostic fallback
2.95,0.006036576585874975,0.002005599368553712,0.006036576585874975,0.002005599368553712,0.006036576585874975,0.002005599368553712,-2.7787535829336507,-1.0372875279655798,-2.7847901595195257,-1.0392931273341335,0.0,0.0,Vmag_get_voltage_magnitude_series__angle_get_voltage_angle_series,true,Unknown,Ybus EMT reconstruction using exact complex bus-voltage phasors when available; otherwise diagnostic fallback
2.96,0.006036137965955035,0.0020054678023726513,0.006036137965955035,0.0020054678023726513,0.006036137965955035,0.0020054678023726513,-2.7787540215535707,-1.0372876595317608,-2.7847901595195257,-1.0392931273341335,0.0,0.0,Vmag_get_voltage_magnitude_series__angle_get_voltage_angle_series,true,Unknown,Ybus EMT reconstruction using exact complex bus-voltage phasors when available; otherwise diagnostic fallback
2.97,0.006035707364794085,0.0020053380450526515,0.006035707364794085,0.0020053380450526515,0.006035707364794085,0.0020053380450526515,-2.7787544521547316,-1.0372877892890808,-2.7847901595195257,-1.0392931273341335,0.0,0.0,Vmag_get_voltage_magnitude_series__angle_get_voltage_angle_series,true,Unknown,Ybus EMT reconstruction using exact complex bus-voltage phasors when available; otherwise diagnostic fallback
2.98,0.006035286616381974,0.0020052108143155944,0.006035286616381974,0.0020052108143155944,0.006035286616381974,0.0020052108143155944,-2.7787548729031437,-1.0372879165198179,-2.7847901595195257,-1.0392931273341335,0.0,0.0,Vmag_get_voltage_magnitude_series__angle_get_voltage_angle_series,true,Unknown,Ybus EMT reconstruction using exact complex bus-voltage phasors when available; otherwise diagnostic fallback
2.99,0.006034877550553208,0.002005086830445979,0.006034877550553208,0.002005086830445979,0.006034877550553208,0.002005086830445979,-2.7787552819689725,-1.0372880405036875,-2.7847901595195257,-1.0392931273341335,0.0,0.0,Vmag_get_voltage_magnitude_series__angle_get_voltage_angle_series,true,Unknown,Ybus EMT reconstruction using exact complex bus-voltage phasors when available; otherwise diagnostic fallback
3.0,0.006034481975683459,0.002004966809453723,0.006034481975683459,0.002004966809453723,0.006034481975683459,0.002004966809453723,-2.7787556775438422,-1.0372881605246798,-2.7847901595195257,-1.0392931273341335,0.0,0.0,Vmag_get_voltage_magnitude_series__angle_get_voltage_angle_series,true,Unknown,Ybus EMT reconstruction using exact complex bus-voltage phasors when available; otherwise diagnostic fallback
3.01,0.006034101660854496,0.0020048514559076747,0.006034101660854496,0.0020048514559076747,0.006034101660854496,0.0020048514559076747,-2.778756057858671,-1.0372882758782258,-2.7847901595195257,-1.0392931273341335,0.0,0.0,Vmag_get_voltage_magnitude_series__angle_get_voltage_angle_series,true,Unknown,Ybus EMT reconstruction using exact complex bus-voltage phasors when available; otherwise diagnostic fallback
3.02,0.006033738320874171,0.0020047414572399447,0.006033738320874171,0.0020047414572399447,0.006033738320874171,0.0020047414572399447,-2.7787564211986515,-1.0372883858768935,-2.7847901595195257,-1.0392931273341335,0.0,0.0,Vmag_get_voltage_magnitude_series__angle_get_voltage_angle_series,true,Unknown,Ybus EMT reconstruction using exact complex bus-voltage phasors when available; otherwise diagnostic fallback
3.03,0.006033393601183157,0.002004637476910265,0.006033393601183157,0.002004637476910265,0.006033393601183157,0.002004637476910265,-2.7787567659183425,-1.0372884898572232,-2.7847901595195257,-1.0392931273341335,0.0,0.0,Vmag_get_voltage_magnitude_series__angle_get_voltage_angle_series,true,Unknown,Ybus EMT reconstruction using exact complex bus-voltage phasors when available; otherwise diagnostic fallback
3.04,0.006033069064414143,0.002004540149601164,0.006033069064414143,0.002004540149601164,0.006033069064414143,0.002004540149601164,-2.7787570904551115,-1.0372885871845323,-2.7847901595195257,-1.0392931273341335,0.0,0.0,Vmag_get_voltage_magnitude_series__angle_get_voltage_angle_series,true,Unknown,Ybus EMT reconstruction using exact complex bus-voltage phasors when available; otherwise diagnostic fallback
3.05,0.006032766179117299,0.002004450076585229,0.006032766179117299,0.002004450076585229,0.006032766179117299,0.002004450076585229,-2.7787573933404084,-1.0372886772575483,-2.7847901595195257,-1.0392931273341335,0.0,0.0,Vmag_get_voltage_magnitude_series__angle_get_voltage_angle_series,true,Unknown,Ybus EMT reconstruction using exact complex bus-voltage phasors when available; otherwise diagnostic fallback
3.06,0.006032486308120255,0.0020043678202652515,0.006032486308120255,0.0020043678202652515,0.006032486308120255,0.0020043678202652515,-2.7787576732114054,-1.0372887595138682,-2.7847901595195257,-1.0392931273341335,0.0,0.0,Vmag_get_voltage_magnitude_series__angle_get_voltage_angle_series,true,Unknown,Ybus EMT reconstruction using exact complex bus-voltage phasors when available; otherwise diagnostic fallback
3.07,0.0060322306999340825,0.0020042939014048855,0.0060322306999340825,0.0020042939014048855,0.0060322306999340825,0.0020042939014048855,-2.7787579288195916,-1.0372888334327286,-2.7847901595195257,-1.0392931273341335,0.0,0.0,Vmag_get_voltage_magnitude_series__angle_get_voltage_angle_series,true,Unknown,Ybus EMT reconstruction using exact complex bus-voltage phasors when available; otherwise diagnostic fallback
3.08,0.006032000480449717,0.002004228794888263,0.006032000480449717,0.002004228794888263,0.006032000480449717,0.002004228794888263,-2.778758159039076,-1.0372888985392452,-2.7847901595195257,-1.0392931273341335,0.0,0.0,Vmag_get_voltage_magnitude_series__angle_get_voltage_angle_series,true,Unknown,Ybus EMT reconstruction using exact complex bus-voltage phasors when available; otherwise diagnostic fallback
3.09,0.006031796646436494,0.0020041729275761533,0.006031796646436494,0.0020041729275761533,0.006031796646436494,0.0020041729275761533,-2.778758362873089,-1.0372889544065573,-2.7847901595195257,-1.0392931273341335,0.0,0.0,Vmag_get_voltage_magnitude_series__angle_get_voltage_angle_series,true,Unknown,Ybus EMT reconstruction using exact complex bus-voltage phasors when available; otherwise diagnostic fallback
3.1,0.006031620060473308,0.002004126675135831,0.006031620060473308,0.002004126675135831,0.006031620060473308,0.002004126675135831,-2.7787585394590524,-1.0372890006589977,-2.7847901595195257,-1.0392931273341335,0.0,0.0,Vmag_get_voltage_magnitude_series__angle_get_voltage_angle_series,true,Unknown,Ybus EMT reconstruction using exact complex bus-voltage phasors when available; otherwise diagnostic fallback
3.11,0.006031471446490855,0.0020040903613185446,0.006031471446490855,0.0020040903613185446,0.006031471446490855,0.0020040903613185446,-2.778758688073035,-1.037289036972815,-2.7847901595195257,-1.0392931273341335,0.0,0.0,Vmag_get_voltage_magnitude_series__angle_get_voltage_angle_series,true,Unknown,Ybus EMT reconstruction using exact complex bus-voltage phasors when available; otherwise diagnostic fallback
3.12,0.006031351387993489,0.0020040642559480126,0.006031351387993489,0.0020040642559480126,0.006031351387993489,0.0020040642559480126,-2.778758808131532,-1.0372890630781855,-2.7847901595195257,-1.0392931273341335,0.0,0.0,Vmag_get_voltage_magnitude_series__angle_get_voltage_angle_series,true,Unknown,Ybus EMT reconstruction using exact complex bus-voltage phasors when available; otherwise diagnostic fallback
3.13,0.006031260325908061,0.0020040485739218905,0.006031260325908061,0.0020040485739218905,0.006031260325908061,0.0020040485739218905,-2.7787588991936176,-1.0372890787602116,-2.7847901595195257,-1.0392931273341335,0.0,0.0,Vmag_get_voltage_magnitude_series__angle_get_voltage_angle_series,true,Unknown,Ybus EMT reconstruction using exact complex bus-voltage phasors when available; otherwise diagnostic fallback
3.14,0.00603119855867007,0.002004043475347883,0.00603119855867007,0.002004043475347883,0.00603119855867007,0.002004043475347883,-2.7787589609608556,-1.0372890838587856,-2.7847901595195257,-1.0392931273341335,0.0,0.0,Vmag_get_voltage_magnitude_series__angle_get_voltage_angle_series,true,Unknown,Ybus EMT reconstruction using exact complex bus-voltage phasors when available; otherwise diagnostic fallback
3.15,0.006031166243580355,0.002004049065747804,0.006031166243580355,0.002004049065747804,0.006031166243580355,0.002004049065747804,-2.7787589932759453,-1.0372890782683857,-2.7847901595195257,-1.0392931273341335,0.0,0.0,Vmag_get_voltage_magnitude_series__angle_get_voltage_angle_series,true,Unknown,Ybus EMT reconstruction using exact complex bus-voltage phasors when available; otherwise diagnostic fallback
3.16,0.006031163398141803,0.002004065396242538,0.006031163398141803,0.002004065396242538,0.006031163398141803,0.002004065396242538,-2.778758996121384,-1.037289061937891,-2.7847901595195257,-1.0392931273341335,0.0,0.0,Vmag_get_voltage_magnitude_series__angle_get_voltage_angle_series,true,Unknown,Ybus EMT reconstruction using exact complex bus-voltage phasors when available; otherwise diagnostic fallback
3.17,0.006031189903840328,0.002004092464657603,0.006031189903840328,0.002004092464657603,0.006031189903840328,0.002004092464657603,-2.7787589696156854,-1.0372890348694759,-2.7847901595195257,-1.0392931273341335,0.0,0.0,Vmag_get_voltage_magnitude_series__angle_get_voltage_angle_series,true,Unknown,Ybus EMT reconstruction using exact complex bus-voltage phasors when available; otherwise diagnostic fallback
3.18,0.006031245509661609,0.0020041302167763675,0.006031245509661609,0.0020041302167763675,0.006031245509661609,0.0020041302167763675,-2.778758914009864,-1.0372889971173571,-2.7847901595195257,-1.0392931273341335,0.0,0.0,Vmag_get_voltage_magnitude_series__angle_get_voltage_angle_series,true,Unknown,Ybus EMT reconstruction using exact complex bus-voltage phasors when available; otherwise diagnostic fallback
3.19,0.006031329837314914,0.0020041785481839103,0.006031329837314914,0.0020041785481839103,0.006031329837314914,0.0020041785481839103,-2.7787588296822108,-1.0372889487859496,-2.7847901595195257,-1.0392931273341335,0.0,0.0,Vmag_get_voltage_magnitude_series__angle_get_voltage_angle_series,true,Unknown,Ybus EMT reconstruction using exact complex bus-voltage phasors when available; otherwise diagnostic fallback
3.2,0.0060314423869671785,0.00200423730633692,0.0060314423869671785,0.00200423730633692,0.0060314423869671785,0.00200423730633692,-2.7787587171325585,-1.0372888900277966,-2.7847901595195257,-1.0392931273341335,0.0,0.0,Vmag_get_voltage_magnitude_series__angle_get_voltage_angle_series,true,Unknown,Ybus EMT reconstruction using exact complex bus-voltage phasors when available; otherwise diagnostic fallback
3.21,0.006031582543110758,0.0020043062925345634,0.006031582543110758,0.0020043062925345634,0.006031582543110758,0.0020043062925345634,-2.778758576976415,-1.037288821041599,-2.7847901595195257,-1.0392931273341335,0.0,0.0,Vmag_get_voltage_magnitude_series__angle_get_voltage_angle_series,true,Unknown,Ybus EMT reconstruction using exact complex bus-voltage phasors when available; otherwise diagnostic fallback
3.22,0.006031749582537493,0.002004385265188535,0.006031749582537493,0.002004385265188535,0.006031749582537493,0.002004385265188535,-2.778758409936988,-1.037288742068945,-2.7847901595195257,-1.0392931273341335,0.0,0.0,Vmag_get_voltage_magnitude_series__angle_get_voltage_angle_series,true,Unknown,Ybus EMT reconstruction using exact complex bus-voltage phasors when available; otherwise diagnostic fallback
3.23,0.006031942681013813,0.00200447394140002,0.006031942681013813,0.00200447394140002,0.006031942681013813,0.00200447394140002,-2.778758216838512,-1.0372886533927335,-2.7847901595195257,-1.0392931273341335,0.0,0.0,Vmag_get_voltage_magnitude_series__angle_get_voltage_angle_series,true,Unknown,Ybus EMT reconstruction using exact complex bus-voltage phasors when available; otherwise diagnostic fallback
3.24,0.006032160921896512,0.00200457200147075,0.006032160921896512,0.00200457200147075,0.006032160921896512,0.00200457200147075,-2.778757998597629,-1.0372885553326627,-2.7847901595195257,-1.0392931273341335,0.0,0.0,Vmag_get_voltage_magnitude_series__angle_get_voltage_angle_series,true,Unknown,Ybus EMT reconstruction using exact complex bus-voltage phasors when available; otherwise diagnostic fallback
3.25,0.006032403304465639,0.002004679090822581,0.006032403304465639,0.002004679090822581,0.006032403304465639,0.002004679090822581,-2.77875775621506,-1.037288448243311,-2.7847901595195257,-1.0392931273341335,0.0,0.0,Vmag_get_voltage_magnitude_series__angle_get_voltage_angle_series,true,Unknown,Ybus EMT reconstruction using exact complex bus-voltage phasors when available; otherwise diagnostic fallback
3.26,0.006032668752396386,0.0020047948240338176,0.006032668752396386,0.0020047948240338176,0.006032668752396386,0.0020047948240338176,-2.7787574907671293,-1.0372883325100997,-2.7847901595195257,-1.0392931273341335,0.0,0.0,Vmag_get_voltage_magnitude_series__angle_get_voltage_angle_series,true,Unknown,Ybus EMT reconstruction using exact complex bus-voltage phasors when available; otherwise diagnostic fallback
3.27,0.006032956123147137,0.002004918787813059,0.006032956123147137,0.002004918787813059,0.006032956123147137,0.002004918787813059,-2.7787572033963786,-1.0372882085463204,-2.7847901595195257,-1.0392931273341335,0.0,0.0,Vmag_get_voltage_magnitude_series__angle_get_voltage_angle_series,true,Unknown,Ybus EMT reconstruction using exact complex bus-voltage phasors when available; otherwise diagnostic fallback
3.28,0.006033264216624534,0.0020050505446607136,0.006033264216624534,0.0020050505446607136,0.006033264216624534,0.0020050505446607136,-2.778756895302901,-1.0372880767894728,-2.7847901595195257,-1.0392931273341335,0.0,0.0,Vmag_get_voltage_magnitude_series__angle_get_voltage_angle_series,true,Unknown,Ybus EMT reconstruction using exact complex bus-voltage phasors when available; otherwise diagnostic fallback
3.29,0.006033591784601278,0.0020051896363868504,0.006033591784601278,0.0020051896363868504,0.006033591784601278,0.0020051896363868504,-2.7787565677349244,-1.0372879376977466,-2.7847901595195257,-1.0392931273341335,0.0,0.0,Vmag_get_voltage_magnitude_series__angle_get_voltage_angle_series,true,Unknown,Ybus EMT reconstruction using exact complex bus-voltage phasors when available; otherwise diagnostic fallback
3.3,0.0060339375397142625,0.002005335587577317,0.0060339375397142625,0.002005335587577317,0.0060339375397142625,0.002005335587577317,-2.7787562219798114,-1.0372877917465562,-2.7847901595195257,-1.0392931273341335,0.0,0.0,Vmag_get_voltage_magnitude_series__angle_get_voltage_angle_series,true,Unknown,Ybus EMT reconstruction using exact complex bus-voltage phasors when available; otherwise diagnostic fallback
3.31,0.006034300164527995,0.0020054879089352884,0.006034300164527995,0.0020054879089352884,0.006034300164527995,0.0020054879089352884,-2.7787558593549977,-1.0372876394251982,-2.7847901595195257,-1.0392931273341335,0.0,0.0,Vmag_get_voltage_magnitude_series__angle_get_voltage_angle_series,true,Unknown,Ybus EMT reconstruction using exact complex bus-voltage phasors when available; otherwise diagnostic fallback
3.32,0.00603467832052873,0.0020056461011610516,0.00603467832052873,0.0020056461011610516,0.00603467832052873,0.0020056461011610516,-2.778755481198997,-1.0372874812329724,-2.7847901595195257,-1.0392931273341335,0.0,0.0,Vmag_get_voltage_magnitude_series__angle_get_voltage_angle_series,true,Unknown,Ybus EMT reconstruction using exact complex bus-voltage phasors when available; otherwise diagnostic fallback
3.33,0.006035070656610575,0.0020058096578232654,0.006035070656610575,0.0020058096578232654,0.006035070656610575,0.0020058096578232654,-2.778755088862915,-1.0372873176763102,-2.7847901595195257,-1.0392931273341335,0.0,0.0,Vmag_get_voltage_magnitude_series__angle_get_voltage_angle_series,true,Unknown,Ybus EMT reconstruction using exact complex bus-voltage phasors when available; otherwise diagnostic fallback
3.34,0.006035475817779634,0.002005978069068437,0.006035475817779634,0.002005978069068437,0.006035475817779634,0.002005978069068437,-2.778754683701746,-1.037287149265065,-2.7847901595195257,-1.0392931273341335,0.0,0.0,Vmag_get_voltage_magnitude_series__angle_get_voltage_angle_series,true,Unknown,Ybus EMT reconstruction using exact complex bus-voltage phasors when available; otherwise diagnostic fallback
3.35,0.00603589245294156,0.002006150824272579,0.00603589245294156,0.002006150824272579,0.00603589245294156,0.002006150824272579,-2.778754267066584,-1.037286976509861,-2.7847901595195257,-1.0392931273341335,0.0,0.0,Vmag_get_voltage_magnitude_series__angle_get_voltage_angle_series,true,Unknown,Ybus EMT reconstruction using exact complex bus-voltage phasors when available; otherwise diagnostic fallback
3.36,0.006036319222835651,0.00200632741579021,0.006036319222835651,0.00200632741579021,0.006036319222835651,0.00200632741579021,-2.77875384029669,-1.0372867999183433,-2.7847901595195257,-1.0392931273341335,0.0,0.0,Vmag_get_voltage_magnitude_series__angle_get_voltage_angle_series,true,Unknown,Ybus EMT reconstruction using exact complex bus-voltage phasors when available; otherwise diagnostic fallback
3.37,0.006036754807374756,0.002006507341422381,0.006036754807374756,0.002006507341422381,0.006036754807374756,0.002006507341422381,-2.778753404712151,-1.037286619992711,-2.7847901595195257,-1.0392931273341335,0.0,0.0,Vmag_get_voltage_magnitude_series__angle_get_voltage_angle_series,true,Unknown,Ybus EMT reconstruction using exact complex bus-voltage phasors when available; otherwise diagnostic fallback
3.38,0.006037197912304393,0.0020066901071758014,0.006037197912304393,0.0020066901071758014,0.006037197912304393,0.0020066901071758014,-2.7787529616072213,-1.0372864372269577,-2.7847901595195257,-1.0392931273341335,0.0,0.0,Vmag_get_voltage_magnitude_series__angle_get_voltage_angle_series,true,Unknown,Ybus EMT reconstruction using exact complex bus-voltage phasors when available; otherwise diagnostic fallback
3.39,0.0060376472758436606,0.0020068752299202686,0.0060376472758436606,0.0020068752299202686,0.0060376472758436606,0.0020068752299202686,-2.778752512243682,-1.0372862521042132,-2.7847901595195257,-1.0392931273341335,0.0,0.0,Vmag_get_voltage_magnitude_series__angle_get_voltage_angle_series,true,Unknown,Ybus EMT reconstruction using exact complex bus-voltage phasors when available; otherwise diagnostic fallback
3.4,0.006038101674419316,0.0020070622396097804,0.006038101674419316,0.0020070622396097804,0.006038101674419316,0.0020070622396097804,-2.7787520578451064,-1.0372860650945237,-2.7847901595195257,-1.0392931273341335,0.0,0.0,Vmag_get_voltage_magnitude_series__angle_get_voltage_angle_series,true,Unknown,Ybus EMT reconstruction using exact complex bus-voltage phasors when available; otherwise diagnostic fallback
3.41,0.006038559928011278,0.002007250681740347,0.006038559928011278,0.002007250681740347,0.006038559928011278,0.002007250681740347,-2.7787515995915144,-1.0372858766523931,-2.7847901595195257,-1.0392931273341335,0.0,0.0,Vmag_get_voltage_magnitude_series__angle_get_voltage_angle_series,true,Unknown,Ybus EMT reconstruction using exact complex bus-voltage phasors when available; otherwise diagnostic fallback
3.42,0.00603902090510644,0.0020074401189700275,0.00603902090510644,0.0020074401189700275,0.00603902090510644,0.0020074401189700275,-2.7787511386144192,-1.0372856872151635,-2.7847901595195257,-1.0392931273341335,0.0,0.0,Vmag_get_voltage_magnitude_series__angle_get_voltage_angle_series,true,Unknown,Ybus EMT reconstruction using exact complex bus-voltage phasors when available; otherwise diagnostic fallback
3.43,0.006039483526726563,0.0020076301331886093,0.006039483526726563,0.0020076301331886093,0.006039483526726563,0.0020076301331886093,-2.778750675992799,-1.0372854972009449,-2.7847901595195257,-1.0392931273341335,0.0,0.0,Vmag_get_voltage_magnitude_series__angle_get_voltage_angle_series,true,Unknown,Ybus EMT reconstruction using exact complex bus-voltage phasors when available; otherwise diagnostic fallback
3.44,0.006039946770470372,0.002007820326894727,0.006039946770470372,0.002007820326894727,0.006039946770470372,0.002007820326894727,-2.7787502127490553,-1.0372853070072388,-2.7847901595195257,-1.0392931273341335,0.0,0.0,Vmag_get_voltage_magnitude_series__angle_get_voltage_angle_series,true,Unknown,Ybus EMT reconstruction using exact complex bus-voltage phasors when available; otherwise diagnostic fallback
3.45,0.006040409673158109,0.0020080103242754443,0.006040409673158109,0.0020080103242754443,0.006040409673158109,0.0020080103242754443,-2.7787497498463676,-1.037285117009858,-2.7847901595195257,-1.0392931273341335,0.0,0.0,Vmag_get_voltage_magnitude_series__angle_get_voltage_angle_series,true,Unknown,Ybus EMT reconstruction using exact complex bus-voltage phasors when available; otherwise diagnostic fallback
3.46,0.006040871333754971,0.0020081997729415324,0.006040871333754971,0.0020081997729415324,0.006040871333754971,0.0020081997729415324,-2.7787492881857707,-1.037284927561192,-2.7847901595195257,-1.0392931273341335,0.0,0.0,Vmag_get_voltage_magnitude_series__angle_get_voltage_angle_series,true,Unknown,Ybus EMT reconstruction using exact complex bus-voltage phasors when available; otherwise diagnostic fallback
3.47,0.006041330915349974,0.0020083883441761596,0.006041330915349974,0.0020083883441761596,0.006041330915349974,0.0020083883441761596,-2.7787488286041757,-1.0372847389899573,-2.7847901595195257,-1.0392931273341335,0.0,0.0,Vmag_get_voltage_magnitude_series__angle_get_voltage_angle_series,true,Unknown,Ybus EMT reconstruction using exact complex bus-voltage phasors when available; otherwise diagnostic fallback
3.48,0.00604178764633545,0.0020085757341370414,0.00604178764633545,0.0020085757341370414,0.00604178764633545,0.0020085757341370414,-2.7787483718731902,-1.0372845515999964,-2.7847901595195257,-1.0392931273341335,0.0,0.0,Vmag_get_voltage_magnitude_series__angle_get_voltage_angle_series,true,Unknown,Ybus EMT reconstruction using exact complex bus-voltage phasors when available; otherwise diagnostic fallback
3.49,0.006042240821712674,0.0020087616637014527,0.006042240821712674,0.0020087616637014527,0.006042240821712674,0.0020087616637014527,-2.778747918697813,-1.037284365670432,-2.7847901595195257,-1.0392931273341335,0.0,0.0,Vmag_get_voltage_magnitude_series__angle_get_voltage_angle_series,true,Unknown,Ybus EMT reconstruction using exact complex bus-voltage phasors when available; otherwise diagnostic fallback
3.5,0.006042689803211765,0.002008945879271584,0.006042689803211765,0.002008945879271584,0.006042689803211765,0.002008945879271584,-2.778747469716314,-1.037284181454862,-2.7847901595195257,-1.0392931273341335,0.0,0.0,Vmag_get_voltage_magnitude_series__angle_get_voltage_angle_series,true,Unknown,Ybus EMT reconstruction using exact complex bus-voltage phasors when available; otherwise diagnostic fallback
3.51,0.006043134019305452,0.0020091281530603133,0.006043134019305452,0.0020091281530603133,0.006043134019305452,0.0020091281530603133,-2.7787470255002202,-1.0372839991810732,-2.7847901595195257,-1.0392931273341335,0.0,0.0,Vmag_get_voltage_magnitude_series__angle_get_voltage_angle_series,true,Unknown,Ybus EMT reconstruction using exact complex bus-voltage phasors when available; otherwise diagnostic fallback
3.52,0.006043572964715693,0.0020093082819707675,0.006043572964715693,0.0020093082819707675,0.006043572964715693,0.0020093082819707675,-2.77874658655481,-1.0372838190521627,-2.7847901595195257,-1.0392931273341335,0.0,0.0,Vmag_get_voltage_magnitude_series__angle_get_voltage_angle_series,true,Unknown,Ybus EMT reconstruction using exact complex bus-voltage phasors when available; otherwise diagnostic fallback
3.53,0.006044006199330543,0.0020094860884596333,0.006044006199330543,0.0020094860884596333,0.006044006199330543,0.0020094860884596333,-2.778746153320195,-1.0372836412456738,-2.7847901595195257,-1.0392931273341335,0.0,0.0,Vmag_get_voltage_magnitude_series__angle_get_voltage_angle_series,true,Unknown,Ybus EMT reconstruction using exact complex bus-voltage phasors when available; otherwise diagnostic fallback
3.54,0.006044433346801714,0.0020096614191786877,0.006044433346801714,0.0020096614191786877,0.006044433346801714,0.0020096614191786877,-2.778745726172724,-1.0372834659149548,-2.7847901595195257,-1.0392931273341335,0.0,0.0,Vmag_get_voltage_magnitude_series__angle_get_voltage_angle_series,true,Unknown,Ybus EMT reconstruction using exact complex bus-voltage phasors when available; otherwise diagnostic fallback
3.55,0.006044854092775331,0.00200983414503364,0.006044854092775331,0.00200983414503364,0.006044854092775331,0.00200983414503364,-2.7787453054267504,-1.0372832931890998,-2.7847901595195257,-1.0392931273341335,0.0,0.0,Vmag_get_voltage_magnitude_series__angle_get_voltage_angle_series,true,Unknown,Ybus EMT reconstruction using exact complex bus-voltage phasors when available; otherwise diagnostic fallback
3.56,0.006045268182861552,0.0020100041603103858,0.006045268182861552,0.0020100041603103858,0.006045268182861552,0.0020100041603103858,-2.778744891336664,-1.037283123173823,-2.7847901595195257,-1.0392931273341335,0.0,0.0,Vmag_get_voltage_magnitude_series__angle_get_voltage_angle_series,true,Unknown,Ybus EMT reconstruction using exact complex bus-voltage phasors when available; otherwise diagnostic fallback
3.57,0.006045675419827923,0.002010171381352732,0.006045675419827923,0.002010171381352732,0.006045675419827923,0.002010171381352732,-2.7787444840996978,-1.0372829559527807,-2.7847901595195257,-1.0392931273341335,0.0,0.0,Vmag_get_voltage_magnitude_series__angle_get_voltage_angle_series,true,Unknown,Ybus EMT reconstruction using exact complex bus-voltage phasors when available; otherwise diagnostic fallback
3.58,0.006046075661251482,0.002010335745948888,0.006046075661251482,0.002010335745948888,0.006046075661251482,0.002010335745948888,-2.778744083858274,-1.0372827915881846,-2.7847901595195257,-1.0392931273341335,0.0,0.0,Vmag_get_voltage_magnitude_series__angle_get_voltage_angle_series,true,Unknown,Ybus EMT reconstruction using exact complex bus-voltage phasors when available; otherwise diagnostic fallback
3.59,0.006046468816240047,0.002010497212373785,0.006046468816240047,0.002010497212373785,0.006046468816240047,0.002010497212373785,-2.7787436907032856,-1.0372826301217597,-2.7847901595195257,-1.0392931273341335,0.0,0.0,Vmag_get_voltage_magnitude_series__angle_get_voltage_angle_series,true,Unknown,Ybus EMT reconstruction using exact complex bus-voltage phasors when available; otherwise diagnostic fallback
3.6,0.006046854842267191,0.002010655757853863,0.006046854842267191,0.002010655757853863,0.006046854842267191,0.002010655757853863,-2.7787433046772585,-1.0372824715762796,-2.7847901595195257,-1.0392931273341335,0.0,0.0,Vmag_get_voltage_magnitude_series__angle_get_voltage_angle_series,true,Unknown,Ybus EMT reconstruction using exact complex bus-voltage phasors when available; otherwise diagnostic fallback
3.61,0.006047233741929059,0.002010811377477051,0.006047233741929059,0.002010811377477051,0.006047233741929059,0.002010811377477051,-2.7787429257775966,-1.0372823159566564,-2.7847901595195257,-1.0392931273341335,0.0,0.0,Vmag_get_voltage_magnitude_series__angle_get_voltage_angle_series,true,Unknown,Ybus EMT reconstruction using exact complex bus-voltage phasors when available; otherwise diagnostic fallback
3.62,0.0060476055591425215,0.0020109640830154873,0.0060476055591425215,0.0020109640830154873,0.0060476055591425215,0.0020109640830154873,-2.778742553960383,-1.037282163251118,-2.7847901595195257,-1.0392931273341335,0.0,0.0,Vmag_get_voltage_magnitude_series__angle_get_voltage_angle_series,true,Unknown,Ybus EMT reconstruction using exact complex bus-voltage phasors when available; otherwise diagnostic fallback
3.63,0.006047970375657741,0.0020111139012906065,0.006047970375657741,0.0020111139012906065,0.006047970375657741,0.0020111139012906065,-2.778742189143868,-1.0372820134328429,-2.7847901595195257,-1.0392931273341335,0.0,0.0,Vmag_get_voltage_magnitude_series__angle_get_voltage_angle_series,true,Unknown,Ybus EMT reconstruction using exact complex bus-voltage phasors when available; otherwise diagnostic fallback
3.64,0.006048328307258988,0.0020112608727034242,0.006048328307258988,0.0020112608727034242,0.006048328307258988,0.0020112608727034242,-2.7787418312122667,-1.03728186646143,-2.7847901595195257,-1.0392931273341335,0.0,0.0,Vmag_get_voltage_magnitude_series__angle_get_voltage_angle_series,true,Unknown,Ybus EMT reconstruction using exact complex bus-voltage phasors when available; otherwise diagnostic fallback
3.65,0.006048679499962795,0.0020114050502662018,0.006048679499962795,0.0020114050502662018,0.006048679499962795,0.0020114050502662018,-2.778741480019563,-1.0372817222838673,-2.7847901595195257,-1.0392931273341335,0.0,0.0,Vmag_get_voltage_magnitude_series__angle_get_voltage_angle_series,true,Unknown,Ybus EMT reconstruction using exact complex bus-voltage phasors when available; otherwise diagnostic fallback
3.66,0.006049024126316471,0.0020115464976504516,0.006049024126316471,0.0020115464976504516,0.006049024126316471,0.0020115464976504516,-2.778741135393209,-1.037281580836483,-2.7847901595195257,-1.0392931273341335,0.0,0.0,Vmag_get_voltage_magnitude_series__angle_get_voltage_angle_series,true,Unknown,Ybus EMT reconstruction using exact complex bus-voltage phasors when available; otherwise diagnostic fallback
3.67,0.006049362381427503,0.002011685288074494,0.006049362381427503,0.002011685288074494,0.006049362381427503,0.002011685288074494,-2.778740797138098,-1.037281442046059,-2.7847901595195257,-1.0392931273341335,0.0,0.0,Vmag_get_voltage_magnitude_series__angle_get_voltage_angle_series,true,Unknown,Ybus EMT reconstruction using exact complex bus-voltage phasors when available; otherwise diagnostic fallback
3.68,0.006049694479358436,0.002011821502535982,0.006049694479358436,0.002011821502535982,0.006049694479358436,0.002011821502535982,-2.7787404650401673,-1.0372813058315975,-2.7847901595195257,-1.0392931273341335,0.0,0.0,Vmag_get_voltage_magnitude_series__angle_get_voltage_angle_series,true,Unknown,Ybus EMT reconstruction using exact complex bus-voltage phasors when available; otherwise diagnostic fallback
3.69,0.006050020649397858,0.0020119552288710985,0.006050020649397858,0.0020119552288710985,0.006050020649397858,0.0020119552288710985,-2.778740138870128,-1.0372811721052624,-2.7847901595195257,-1.0392931273341335,0.0,0.0,Vmag_get_voltage_magnitude_series__angle_get_voltage_angle_series,true,Unknown,Ybus EMT reconstruction using exact complex bus-voltage phasors when available; otherwise diagnostic fallback
3.7,0.00605034113248859,0.0020120865598205473,0.00605034113248859,0.0020120865598205473,0.00605034113248859,0.0020120865598205473,-2.778739818387037,-1.037281040774313,-2.7847901595195257,-1.0392931273341335,0.0,0.0,Vmag_get_voltage_magnitude_series__angle_get_voltage_angle_series,true,Unknown,Ybus EMT reconstruction using exact complex bus-voltage phasors when available; otherwise diagnostic fallback
3.71,0.006050656177722491,0.0020122155920765383,0.006050656177722491,0.0020122155920765383,0.006050656177722491,0.0020122155920765383,-2.778739503341803,-1.037280911742057,-2.7847901595195257,-1.0392931273341335,0.0,0.0,Vmag_get_voltage_magnitude_series__angle_get_voltage_angle_series,true,Unknown,Ybus EMT reconstruction using exact complex bus-voltage phasors when available; otherwise diagnostic fallback
3.72,0.006050966039024441,0.002012342424828173,0.006050966039024441,0.002012342424828173,0.006050966039024441,0.002012342424828173,-2.7787391934805012,-1.0372807849093053,-2.7847901595195257,-1.0392931273341335,0.0,0.0,Vmag_get_voltage_magnitude_series__angle_get_voltage_angle_series,true,Unknown,Ybus EMT reconstruction using exact complex bus-voltage phasors when available; otherwise diagnostic fallback
3.73,0.006051270971973555,0.00201246715862613,0.006051270971973555,0.00201246715862613,0.006051270971973555,0.00201246715862613,-2.778738888547552,-1.0372806601755074,-2.7847901595195257,-1.0392931273341335,0.0,0.0,Vmag_get_voltage_magnitude_series__angle_get_voltage_angle_series,true,Unknown,Ybus EMT reconstruction using exact complex bus-voltage phasors when available; otherwise diagnostic fallback
3.74,0.006051571230816677,0.0020125898939256093,0.006051571230816677,0.0020125898939256093,0.006051571230816677,0.0020125898939256093,-2.778738588288709,-1.0372805374402079,-2.7847901595195257,-1.0392931273341335,0.0,0.0,Vmag_get_voltage_magnitude_series__angle_get_voltage_angle_series,true,Unknown,Ybus EMT reconstruction using exact complex bus-voltage phasors when available; otherwise diagnostic fallback
3.75,0.006051867065577365,0.0020127107302625458,0.006051867065577365,0.0020127107302625458,0.006051867065577365,0.0020127107302625458,-2.7787382924539483,-1.037280416603871,-2.7847901595195257,-1.0392931273341335,0.0,0.0,Vmag_get_voltage_magnitude_series__angle_get_voltage_angle_series,true,Unknown,Ybus EMT reconstruction using exact complex bus-voltage phasors when available; otherwise diagnostic fallback
3.76,0.006052158719512146,0.002012829765039248,0.006052158719512146,0.002012829765039248,0.006052158719512146,0.002012829765039248,-2.7787380008000135,-1.0372802975690942,-2.7847901595195257,-1.0392931273341335,0.0,0.0,Vmag_get_voltage_magnitude_series__angle_get_voltage_angle_series,true,Unknown,Ybus EMT reconstruction using exact complex bus-voltage phasors when available; otherwise diagnostic fallback
3.77,0.006052446426667135,0.002012947092779882,0.006052446426667135,0.002012947092779882,0.006052446426667135,0.002012947092779882,-2.7787377130928586,-1.0372801802413536,-2.7847901595195257,-1.0392931273341335,0.0,0.0,Vmag_get_voltage_magnitude_series__angle_get_voltage_angle_series,true,Unknown,Ybus EMT reconstruction using exact complex bus-voltage phasors when available; otherwise diagnostic fallback
3.78,0.006052730409640716,0.002013062804049559,0.006052730409640716,0.002013062804049559,0.006052730409640716,0.002013062804049559,-2.778737429109885,-1.037280064530084,-2.7847901595195257,-1.0392931273341335,0.0,0.0,Vmag_get_voltage_magnitude_series__angle_get_voltage_angle_series,true,Unknown,Ybus EMT reconstruction using exact complex bus-voltage phasors when available; otherwise diagnostic fallback
3.79,0.006053010877663301,0.002013176984640541,0.006053010877663301,0.002013176984640541,0.006053010877663301,0.002013176984640541,-2.7787371486418624,-1.037279950349493,-2.7847901595195257,-1.0392931273341335,0.0,0.0,Vmag_get_voltage_magnitude_series__angle_get_voltage_angle_series,true,Unknown,Ybus EMT reconstruction using exact complex bus-voltage phasors when available; otherwise diagnostic fallback
3.8,0.006053288024767234,0.002013289714771105,0.006053288024767234,0.002013289714771105,0.006053288024767234,0.002013289714771105,-2.7787368714947585,-1.0372798376193624,-2.7847901595195257,-1.0392931273341335,0.0,0.0,Vmag_get_voltage_magnitude_series__angle_get_voltage_angle_series,true,Unknown,Ybus EMT reconstruction using exact complex bus-voltage phasors when available; otherwise diagnostic fallback
3.81,0.006053562028409232,0.0020134010690782134,0.006053562028409232,0.0020134010690782134,0.006053562028409232,0.0020134010690782134,-2.7787365974911165,-1.0372797262650553,-2.7847901595195257,-1.0392931273341335,0.0,0.0,Vmag_get_voltage_magnitude_series__angle_get_voltage_angle_series,true,Unknown,Ybus EMT reconstruction using exact complex bus-voltage phasors when available; otherwise diagnostic fallback
3.82,0.006053833047987567,0.0020135111149297558,0.006053833047987567,0.0020135111149297558,0.006053833047987567,0.0020135111149297558,-2.778736326471538,-1.0372796162192037,-2.7847901595195257,-1.0392931273341335,0.0,0.0,Vmag_get_voltage_magnitude_series__angle_get_voltage_angle_series,true,Unknown,Ybus EMT reconstruction using exact complex bus-voltage phasors when available; otherwise diagnostic fallback
3.83,0.006054101223917918,0.002013619913221243,0.006054101223917918,0.002013619913221243,0.006054101223917918,0.002013619913221243,-2.7787360582956078,-1.0372795074209122,-2.7847901595195257,-1.0392931273341335,0.0,0.0,Vmag_get_voltage_magnitude_series__angle_get_voltage_angle_series,true,Unknown,Ybus EMT reconstruction using exact complex bus-voltage phasors when available; otherwise diagnostic fallback
3.84,0.006054366676718992,0.0020137275172309455,0.006054366676718992,0.0020137275172309455,0.006054366676718992,0.0020137275172309455,-2.7787357928428067,-1.0372793998169025,-2.7847901595195257,-1.0392931273341335,0.0,0.0,Vmag_get_voltage_magnitude_series__angle_get_voltage_angle_series,true,Unknown,Ybus EMT reconstruction using exact complex bus-voltage phasors when available; otherwise diagnostic fallback
3.85,0.006054629506429432,0.00201383397228061,0.006054629506429432,0.00201383397228061,0.006054629506429432,0.00201383397228061,-2.7787355300130963,-1.0372792933618529,-2.7847901595195257,-1.0392931273341335,0.0,0.0,Vmag_get_voltage_magnitude_series__angle_get_voltage_angle_series,true,Unknown,Ybus EMT reconstruction using exact complex bus-voltage phasors when available; otherwise diagnostic fallback
3.86,0.006054889792144635,0.0020139393163849384,0.006054889792144635,0.0020139393163849384,0.006054889792144635,0.0020139393163849384,-2.778735269727381,-1.0372791880177485,-2.7847901595195257,-1.0392931273341335,0.0,0.0,Vmag_get_voltage_magnitude_series__angle_get_voltage_angle_series,true,Unknown,Ybus EMT reconstruction using exact complex bus-voltage phasors when available; otherwise diagnostic fallback
3.87,0.006055147591823573,0.0020140435789350875,0.006055147591823573,0.0020140435789350875,0.006055147591823573,0.0020140435789350875,-2.778735011927702,-1.0372790837551984,-2.7847901595195257,-1.0392931273341335,0.0,0.0,Vmag_get_voltage_magnitude_series__angle_get_voltage_angle_series,true,Unknown,Ybus EMT reconstruction using exact complex bus-voltage phasors when available; otherwise diagnostic fallback
3.88,0.006055402942302113,0.002014146781415649,0.006055402942302113,0.002014146781415649,0.006055402942302113,0.002014146781415649,-2.7787347565772236,-1.0372789805527178,-2.7847901595195257,-1.0392931273341335,0.0,0.0,Vmag_get_voltage_magnitude_series__angle_get_voltage_angle_series,true,Unknown,Ybus EMT reconstruction using exact complex bus-voltage phasors when available; otherwise diagnostic fallback
3.89,0.0060556558593711785,0.002014248937403762,0.0060556558593711785,0.002014248937403762,0.0060556558593711785,0.002014248937403762,-2.7787345036601545,-1.0372788783967297,-2.7847901595195257,-1.0392931273341335,0.0,0.0,Vmag_get_voltage_magnitude_series__angle_get_voltage_angle_series,true,Unknown,Ybus EMT reconstruction using exact complex bus-voltage phasors when available; otherwise diagnostic fallback
3.9,0.006055906338285233,0.002014350052546021,0.006055906338285233,0.002014350052546021,0.006055906338285233,0.002014350052546021,-2.7787342531812405,-1.0372787772815875,-2.7847901595195257,-1.0392931273341335,0.0,0.0,Vmag_get_voltage_magnitude_series__angle_get_voltage_angle_series,true,Unknown,Ybus EMT reconstruction using exact complex bus-voltage phasors when available; otherwise diagnostic fallback
3.91,0.006056154354056709,0.0020144501243226642,0.006056154354056709,0.0020144501243226642,0.006056154354056709,0.0020144501243226642,-2.778734005165469,-1.0372786772098108,-2.7847901595195257,-1.0392931273341335,0.0,0.0,Vmag_get_voltage_magnitude_series__angle_get_voltage_angle_series,true,Unknown,Ybus EMT reconstruction using exact complex bus-voltage phasors when available; otherwise diagnostic fallback
3.92,0.006056399862272244,0.0020145491430736406,0.006056399862272244,0.0020145491430736406,0.006056399862272244,0.0020145491430736406,-2.7787337596572534,-1.0372785781910598,-2.7847901595195257,-1.0392931273341335,0.0,0.0,Vmag_get_voltage_magnitude_series__angle_get_voltage_angle_series,true,Unknown,Ybus EMT reconstruction using exact complex bus-voltage phasors when available; otherwise diagnostic fallback
3.93,0.006056642799800116,0.0020146470915047843,0.006056642799800116,0.0020146470915047843,0.006056642799800116,0.0020146470915047843,-2.7787335167197256,-1.0372784802426287,-2.7847901595195257,-1.0392931273341335,0.0,0.0,Vmag_get_voltage_magnitude_series__angle_get_voltage_angle_series,true,Unknown,Ybus EMT reconstruction using exact complex bus-voltage phasors when available; otherwise diagnostic fallback
3.94,0.006056883085750808,0.0020147439454956118,0.006056883085750808,0.0020147439454956118,0.006056883085750808,0.0020147439454956118,-2.778733276433775,-1.0372783833886379,-2.7847901595195257,-1.0392931273341335,0.0,0.0,Vmag_get_voltage_magnitude_series__angle_get_voltage_angle_series,true,Unknown,Ybus EMT reconstruction using exact complex bus-voltage phasors when available; otherwise diagnostic fallback
3.95,0.006057120622414036,0.0020148396742578623,0.006057120622414036,0.0020148396742578623,0.006057120622414036,0.0020148396742578623,-2.7787330388971117,-1.0372782876598756,-2.7847901595195257,-1.0392931273341335,0.0,0.0,Vmag_get_voltage_magnitude_series__angle_get_voltage_angle_series,true,Unknown,Ybus EMT reconstruction using exact complex bus-voltage phasors when available; otherwise diagnostic fallback
3.96,0.006057355296588796,0.002014934240914368,0.006057355296588796,0.002014934240914368,0.006057355296588796,0.002014934240914368,-2.778732804222937,-1.0372781930932191,-2.7847901595195257,-1.0392931273341335,0.0,0.0,Vmag_get_voltage_magnitude_series__angle_get_voltage_angle_series,true,Unknown,Ybus EMT reconstruction using exact complex bus-voltage phasors when available; otherwise diagnostic fallback
3.97,0.00605758698044534,0.002015027602487507,0.00605758698044534,0.002015027602487507,0.00605758698044534,0.002015027602487507,-2.7787325725390803,-1.037278099731646,-2.7847901595195257,-1.0392931273341335,0.0,0.0,Vmag_get_voltage_magnitude_series__angle_get_voltage_angle_series,true,Unknown,Ybus EMT reconstruction using exact complex bus-voltage phasors when available; otherwise diagnostic fallback
3.98,0.006057815533072386,0.0020151197109488095,0.006057815533072386,0.0020151197109488095,0.006057815533072386,0.0020151197109488095,-2.7787323439864533,-1.0372780076231847,-2.7847901595195257,-1.0392931273341335,0.0,0.0,Vmag_get_voltage_magnitude_series__angle_get_voltage_angle_series,true,Unknown,Ybus EMT reconstruction using exact complex bus-voltage phasors when available; otherwise diagnostic fallback
3.99,0.006058040801719677,0.0020152105133874887,0.006058040801719677,0.0020152105133874887,0.006058040801719677,0.0020152105133874887,-2.778732118717806,-1.037277916820746,-2.7847901595195257,-1.0392931273341335,0.0,0.0,Vmag_get_voltage_magnitude_series__angle_get_voltage_angle_series,true,Unknown,Ybus EMT reconstruction using exact complex bus-voltage phasors when available; otherwise diagnostic fallback
4.0,0.00605826262314757,0.002015299952557781,0.00605826262314757,0.002015299952557781,0.00605826262314757,0.002015299952557781,-2.778731896896378,-1.0372778273815757,-2.7847901595195257,-1.0392931273341335,0.0,0.0,Vmag_get_voltage_magnitude_series__angle_get_voltage_angle_series,true,Unknown,Ybus EMT reconstruction using exact complex bus-voltage phasors when available; otherwise diagnostic fallback
4.01,0.00605848082498861,0.002015387967414073,0.00605848082498861,0.002015387967414073,0.00605848082498861,0.002015387967414073,-2.778731678694537,-1.0372777393667194,-2.7847901595195257,-1.0392931273341335,0.0,0.0,Vmag_get_voltage_magnitude_series__angle_get_voltage_angle_series,true,Unknown,Ybus EMT reconstruction using exact complex bus-voltage phasors when available; otherwise diagnostic fallback
4.02,0.006058695227233901,0.002015474493804126,0.006058695227233901,0.002015474493804126,0.006058695227233901,0.002015474493804126,-2.778731464292292,-1.0372776528403294,-2.7847901595195257,-1.0392931273341335,0.0,0.0,Vmag_get_voltage_magnitude_series__angle_get_voltage_angle_series,true,Unknown,Ybus EMT reconstruction using exact complex bus-voltage phasors when available; otherwise diagnostic fallback
4.03,0.006058905643557377,0.0020155594645105968,0.006058905643557377,0.0020155594645105968,0.006058905643557377,0.0020155594645105968,-2.7787312538759683,-1.0372775678696229,-2.7847901595195257,-1.0392931273341335,0.0,0.0,Vmag_get_voltage_magnitude_series__angle_get_voltage_angle_series,true,Unknown,Ybus EMT reconstruction using exact complex bus-voltage phasors when available; otherwise diagnostic fallback
4.04,0.006059111882791068,0.002015642810543561,0.006059111882791068,0.002015642810543561,0.006059111882791068,0.002015642810543561,-2.7787310476367346,-1.03727748452359,-2.7847901595195257,-1.0392931273341335,0.0,0.0,Vmag_get_voltage_magnitude_series__angle_get_voltage_angle_series,true,Unknown,Ybus EMT reconstruction using exact complex bus-voltage phasors when available; otherwise diagnostic fallback
4.05,0.0060593137502458205,0.0020157244609393388,0.0060593137502458205,0.0020157244609393388,0.0060593137502458205,0.0020157244609393388,-2.77873084576928,-1.0372774028731941,-2.7847901595195257,-1.0392931273341335,0.0,0.0,Vmag_get_voltage_magnitude_series__angle_get_voltage_angle_series,true,Unknown,Ybus EMT reconstruction using exact complex bus-voltage phasors when available; otherwise diagnostic fallback
4.06,0.006059511049115063,0.002015804343727279,0.006059511049115063,0.002015804343727279,0.006059511049115063,0.002015804343727279,-2.7787306484704106,-1.0372773229904062,-2.7847901595195257,-1.0392931273341335,0.0,0.0,Vmag_get_voltage_magnitude_series__angle_get_voltage_angle_series,true,Unknown,Ybus EMT reconstruction using exact complex bus-voltage phasors when available; otherwise diagnostic fallback
4.07,0.006059703581787534,0.002015882386263934,0.006059703581787534,0.002015882386263934,0.006059703581787534,0.002015882386263934,-2.778730455937738,-1.0372772449478695,-2.7847901595195257,-1.0392931273341335,0.0,0.0,Vmag_get_voltage_magnitude_series__angle_get_voltage_angle_series,true,Unknown,Ybus EMT reconstruction using exact complex bus-voltage phasors when available; otherwise diagnostic fallback
4.08,0.006059891151067198,0.0020159585158385784,0.006059891151067198,0.0020159585158385784,0.006059891151067198,0.0020159585158385784,-2.7787302683684585,-1.037277168818295,-2.7847901595195257,-1.0392931273341335,0.0,0.0,Vmag_get_voltage_magnitude_series__angle_get_voltage_angle_series,true,Unknown,Ybus EMT reconstruction using exact complex bus-voltage phasors when available; otherwise diagnostic fallback
4.09,0.006060073561442447,0.002016032659898803,0.006060073561442447,0.002016032659898803,0.006060073561442447,0.002016032659898803,-2.7787300859580832,-1.0372770946742347,-2.7847901595195257,-1.0392931273341335,0.0,0.0,Vmag_get_voltage_magnitude_series__angle_get_voltage_angle_series,true,Unknown,Ybus EMT reconstruction using exact complex bus-voltage phasors when available; otherwise diagnostic fallback
4.1,0.00606025062024429,0.002016104746942915,0.00606025062024429,0.002016104746942915,0.00606025062024429,0.002016104746942915,-2.7787299088992814,-1.0372770225871906,-2.7847901595195257,-1.0392931273341335,0.0,0.0,Vmag_get_voltage_magnitude_series__angle_get_voltage_angle_series,true,Unknown,Ybus EMT reconstruction using exact complex bus-voltage phasors when available; otherwise diagnostic fallback
4.11,0.006060422138648214,0.0020161747064919577,0.006060422138648214,0.0020161747064919577,0.006060422138648214,0.0020161747064919577,-2.7787297373808775,-1.0372769526276415,-2.7847901595195257,-1.0392931273341335,0.0,0.0,Vmag_get_voltage_magnitude_series__angle_get_voltage_angle_series,true,Unknown,Ybus EMT reconstruction using exact complex bus-voltage phasors when available; otherwise diagnostic fallback
4.12,0.006060587932801287,0.002016242469707441,0.006060587932801287,0.002016242469707441,0.006060587932801287,0.002016242469707441,-2.7787295715867244,-1.037276884864426,-2.7847901595195257,-1.0392931273341335,0.0,0.0,Vmag_get_voltage_magnitude_series__angle_get_voltage_angle_series,true,Unknown,Ybus EMT reconstruction using exact complex bus-voltage phasors when available; otherwise diagnostic fallback
4.13,0.006060747824740087,0.0020163079696620123,0.006060747824740087,0.0020163079696620123,0.006060747824740087,0.0020163079696620123,-2.7787294116947856,-1.0372768193644715,-2.7847901595195257,-1.0392931273341335,0.0,0.0,Vmag_get_voltage_magnitude_series__angle_get_voltage_angle_series,true,Unknown,Ybus EMT reconstruction using exact complex bus-voltage phasors when available; otherwise diagnostic fallback
4.14,0.0060609016430923646,0.002016371141936313,0.0060609016430923646,0.002016371141936313,0.0060609016430923646,0.002016371141936313,-2.7787292578764333,-1.0372767561921972,-2.7847901595195257,-1.0392931273341335,0.0,0.0,Vmag_get_voltage_magnitude_series__angle_get_voltage_angle_series,true,Unknown,Ybus EMT reconstruction using exact complex bus-voltage phasors when available; otherwise diagnostic fallback
4.15,0.006061049224122428,0.0020164319246389617,0.006061049224122428,0.0020164319246389617,0.006061049224122428,0.0020164319246389617,-2.7787291102954033,-1.0372766954094945,-2.7847901595195257,-1.0392931273341335,0.0,0.0,Vmag_get_voltage_magnitude_series__angle_get_voltage_angle_series,true,Unknown,Ybus EMT reconstruction using exact complex bus-voltage phasors when available; otherwise diagnostic fallback
4.16,0.006061190412157913,0.0020164902588617473,0.006061190412157913,0.0020164902588617473,0.006061190412157913,0.0020164902588617473,-2.7787289691073678,-1.0372766370752717,-2.7847901595195257,-1.0392931273341335,0.0,0.0,Vmag_get_voltage_magnitude_series__angle_get_voltage_angle_series,true,Unknown,Ybus EMT reconstruction using exact complex bus-voltage phasors when available; otherwise diagnostic fallback
4.17,0.006061325060346068,0.002016546088550175,0.006061325060346068,0.002016546088550175,0.006061325060346068,0.002016546088550175,-2.7787288344591796,-1.0372765812455833,-2.7847901595195257,-1.0392931273341335,0.0,0.0,Vmag_get_voltage_magnitude_series__angle_get_voltage_angle_series,true,Unknown,Ybus EMT reconstruction using exact complex bus-voltage phasors when available; otherwise diagnostic fallback
4.18,0.006061453031140029,0.002016599361553073,0.006061453031140029,0.002016599361553073,0.006061453031140029,0.002016599361553073,-2.7787287064883857,-1.0372765279725804,-2.7847901595195257,-1.0392931273341335,0.0,0.0,Vmag_get_voltage_magnitude_series__angle_get_voltage_angle_series,true,Unknown,Ybus EMT reconstruction using exact complex bus-voltage phasors when available; otherwise diagnostic fallback
4.19,0.006061574196707387,0.002016650028875855,0.006061574196707387,0.002016650028875855,0.006061574196707387,0.002016650028875855,-2.7787285853228183,-1.0372764773052576,-2.7847901595195257,-1.0392931273341335,0.0,0.0,Vmag_get_voltage_magnitude_series__angle_get_voltage_angle_series,true,Unknown,Ybus EMT reconstruction using exact complex bus-voltage phasors when available; otherwise diagnostic fallback
4.2,0.006061688439262358,0.0020166980453635297,0.006061688439262358,0.0020166980453635297,0.006061688439262358,0.0020166980453635297,-2.7787284710802633,-1.03727642928877,-2.7847901595195257,-1.0392931273341335,0.0,0.0,Vmag_get_voltage_magnitude_series__angle_get_voltage_angle_series,true,Unknown,Ybus EMT reconstruction using exact complex bus-voltage phasors when available; otherwise diagnostic fallback
4.21,0.006061795651382873,0.0020167433696614,0.006061795651382873,0.0020167433696614,0.006061795651382873,0.0020167433696614,-2.778728363868143,-1.037276383964472,-2.7847901595195257,-1.0392931273341335,0.0,0.0,Vmag_get_voltage_magnitude_series__angle_get_voltage_angle_series,true,Unknown,Ybus EMT reconstruction using exact complex bus-voltage phasors when available; otherwise diagnostic fallback
4.22,0.006061895736112266,0.00201678596430499,0.006061895736112266,0.00201678596430499,0.006061895736112266,0.00201678596430499,-2.7787282637834134,-1.0372763413698285,-2.7847901595195257,-1.0392931273341335,0.0,0.0,Vmag_get_voltage_magnitude_series__angle_get_voltage_angle_series,true,Unknown,Ybus EMT reconstruction using exact complex bus-voltage phasors when available; otherwise diagnostic fallback
4.23,0.006061988607140467,0.00201682579587259,0.006061988607140467,0.00201682579587259,0.006061988607140467,0.00201682579587259,-2.778728170912385,-1.037276301538261,-2.7847901595195257,-1.0392931273341335,0.0,0.0,Vmag_get_voltage_magnitude_series__angle_get_voltage_angle_series,true,Unknown,Ybus EMT reconstruction using exact complex bus-voltage phasors when available; otherwise diagnostic fallback
4.24,0.0060620741887627005,0.0020168628347188022,0.0060620741887627005,0.0020168628347188022,0.0060620741887627005,0.0020168628347188022,-2.778728085330763,-1.0372762644994147,-2.7847901595195257,-1.0392931273341335,0.0,0.0,Vmag_get_voltage_magnitude_series__angle_get_voltage_angle_series,true,Unknown,Ybus EMT reconstruction using exact complex bus-voltage phasors when available; otherwise diagnostic fallback
4.25,0.006062152415866606,0.002016897055635347,0.006062152415866606,0.002016897055635347,0.006062152415866606,0.002016897055635347,-2.778728007103659,-1.0372762302784981,-2.7847901595195257,-1.0392931273341335,0.0,0.0,Vmag_get_voltage_magnitude_series__angle_get_voltage_angle_series,true,Unknown,Ybus EMT reconstruction using exact complex bus-voltage phasors when available; otherwise diagnostic fallback
4.26,0.006062223233811004,0.0020169284367768103,0.006062223233811004,0.0020169284367768103,0.006062223233811004,0.0020169284367768103,-2.7787279362857147,-1.0372761988973567,-2.7847901595195257,-1.0392931273341335,0.0,0.0,Vmag_get_voltage_magnitude_series__angle_get_voltage_angle_series,true,Unknown,Ybus EMT reconstruction using exact complex bus-voltage phasors when available; otherwise diagnostic fallback
4.27,0.0060622865982531415,0.002016956960657401,0.0060622865982531415,0.002016956960657401,0.0060622865982531415,0.002016956960657401,-2.7787278729212725,-1.037276170373476,-2.7847901595195257,-1.0392931273341335,0.0,0.0,Vmag_get_voltage_magnitude_series__angle_get_voltage_angle_series,true,Unknown,Ybus EMT reconstruction using exact complex bus-voltage phasors when available; otherwise diagnostic fallback
4.28,0.006062342474907112,0.0020169826135165714,0.006062342474907112,0.0020169826135165714,0.006062342474907112,0.0020169826135165714,-2.7787278170446186,-1.037276144720617,-2.7847901595195257,-1.0392931273341335,0.0,0.0,Vmag_get_voltage_magnitude_series__angle_get_voltage_angle_series,true,Unknown,Ybus EMT reconstruction using exact complex bus-voltage phasors when available; otherwise diagnostic fallback
4.29,0.006062390839226328,0.0020170053850809833,0.006062390839226328,0.0020170053850809833,0.006062390839226328,0.0020170053850809833,-2.7787277686802994,-1.0372761219490525,-2.7847901595195257,-1.0392931273341335,0.0,0.0,Vmag_get_voltage_magnitude_series__angle_get_voltage_angle_series,true,Unknown,Ybus EMT reconstruction using exact complex bus-voltage phasors when available; otherwise diagnostic fallback
4.3,0.00606243167611753,0.0020170252690008272,0.00606243167611753,0.0020170252690008272,0.00606243167611753,0.0020170252690008272,-2.778727727843408,-1.0372761020651327,-2.7847901595195257,-1.0392931273341335,0.0,0.0,Vmag_get_voltage_magnitude_series__angle_get_voltage_angle_series,true,Unknown,Ybus EMT reconstruction using exact complex bus-voltage phasors when available; otherwise diagnostic fallback
4.31,0.006062464979518012,0.0020170422622847184,0.006062464979518012,0.0020170422622847184,0.006062464979518012,0.0020170422622847184,-2.7787276945400077,-1.0372760850718488,-2.7847901595195257,-1.0392931273341335,0.0,0.0,Vmag_get_voltage_magnitude_series__angle_get_voltage_angle_series,true,Unknown,Ybus EMT reconstruction using exact complex bus-voltage phasors when available; otherwise diagnostic fallback
4.32,0.006062490751975513,0.002017056365187564,0.006062490751975513,0.002017056365187564,0.006062490751975513,0.002017056365187564,-2.77872766876755,-1.037276070968946,-2.7847901595195257,-1.0392931273341335,0.0,0.0,Vmag_get_voltage_magnitude_series__angle_get_voltage_angle_series,true,Unknown,Ybus EMT reconstruction using exact complex bus-voltage phasors when available; otherwise diagnostic fallback
4.33,0.0060625090042081275,0.0020170675813404593,0.0060625090042081275,0.0020170675813404593,0.0060625090042081275,0.0020170675813404593,-2.7787276505153176,-1.037276059752793,-2.7847901595195257,-1.0392931273341335,0.0,0.0,Vmag_get_voltage_magnitude_series__angle_get_voltage_angle_series,true,Unknown,Ybus EMT reconstruction using exact complex bus-voltage phasors when available; otherwise diagnostic fallback
4.34,0.006062519754613582,0.0020170759171793673,0.006062519754613582,0.0020170759171793673,0.006062519754613582,0.0020170759171793673,-2.778727639764912,-1.0372760514169541,-2.7847901595195257,-1.0392931273341335,0.0,0.0,Vmag_get_voltage_magnitude_series__angle_get_voltage_angle_series,true,Unknown,Ybus EMT reconstruction using exact complex bus-voltage phasors when available; otherwise diagnostic fallback
4.35,0.006062523028742994,0.0020170813818725097,0.006062523028742994,0.0020170813818725097,0.006062523028742994,0.0020170813818725097,-2.7787276364907827,-1.037276045952261,-2.7847901595195257,-1.0392931273341335,0.0,0.0,Vmag_get_voltage_magnitude_series__angle_get_voltage_angle_series,true,Unknown,Ybus EMT reconstruction using exact complex bus-voltage phasors when available; otherwise diagnostic fallback
4.36,0.006062518858784394,0.0020170839873772106,0.006062518858784394,0.0020170839873772106,0.006062518858784394,0.0020170839873772106,-2.7787276406607413,-1.0372760433467563,-2.7847901595195257,-1.0392931273341335,0.0,0.0,Vmag_get_voltage_magnitude_series__angle_get_voltage_angle_series,true,Unknown,Ybus EMT reconstruction using exact complex bus-voltage phasors when available; otherwise diagnostic fallback
4.37,0.00606250728307689,0.002017083748075743,0.00606250728307689,0.002017083748075743,0.00606250728307689,0.002017083748075743,-2.778727652236449,-1.0372760435860577,-2.7847901595195257,-1.0392931273341335,0.0,0.0,Vmag_get_voltage_magnitude_series__angle_get_voltage_angle_series,true,Unknown,Ybus EMT reconstruction using exact complex bus-voltage phasors when available; otherwise diagnostic fallback
4.38,0.006062488345464523,0.002017080680279504,0.006062488345464523,0.002017080680279504,0.006062488345464523,0.002017080680279504,-2.778727671174061,-1.037276046653854,-2.7847901595195257,-1.0392931273341335,0.0,0.0,Vmag_get_voltage_magnitude_series__angle_get_voltage_angle_series,true,Unknown,Ybus EMT reconstruction using exact complex bus-voltage phasors when available; otherwise diagnostic fallback
4.39,0.006062462094827303,0.0020170748025853946,0.006062462094827303,0.0020170748025853946,0.006062462094827303,0.0020170748025853946,-2.7787276974246984,-1.037276052531548,-2.7847901595195257,-1.0392931273341335,0.0,0.0,Vmag_get_voltage_magnitude_series__angle_get_voltage_angle_series,true,Unknown,Ybus EMT reconstruction using exact complex bus-voltage phasors when available; otherwise diagnostic fallback
4.4,0.006062428584487023,0.0020170661352234553,0.006062428584487023,0.0020170661352234553,0.006062428584487023,0.0020170661352234553,-2.7787277309350387,-1.03727606119891,-2.7847901595195257,-1.0392931273341335,0.0,0.0,Vmag_get_voltage_magnitude_series__angle_get_voltage_angle_series,true,Unknown,Ybus EMT reconstruction using exact complex bus-voltage phasors when available; otherwise diagnostic fallback
4.41,0.006062387871677455,0.0020170546999851435,0.006062387871677455,0.0020170546999851435,0.006062387871677455,0.0020170546999851435,-2.7787277716478482,-1.0372760726341483,-2.7847901595195257,-1.0392931273341335,0.0,0.0,Vmag_get_voltage_magnitude_series__angle_get_voltage_angle_series,true,Unknown,Ybus EMT reconstruction using exact complex bus-voltage phasors when available; otherwise diagnostic fallback
4.42,0.00606234001704653,0.0020170405202184494,0.00606234001704653,0.0020170405202184494,0.00606234001704653,0.0020170405202184494,-2.778727819502479,-1.037276086813915,-2.7847901595195257,-1.0392931273341335,0.0,0.0,Vmag_get_voltage_magnitude_series__angle_get_voltage_angle_series,true,Unknown,Ybus EMT reconstruction using exact complex bus-voltage phasors when available; otherwise diagnostic fallback
4.43,0.00606228508402662,0.002017023620176195,0.00606228508402662,0.002017023620176195,0.00606228508402662,0.002017023620176195,-2.778727874435499,-1.0372761037139573,-2.7847901595195257,-1.0392931273341335,0.0,0.0,Vmag_get_voltage_magnitude_series__angle_get_voltage_angle_series,true,Unknown,Ybus EMT reconstruction using exact complex bus-voltage phasors when available; otherwise diagnostic fallback
4.44,0.0060622231384601655,0.002017004025311131,0.0060622231384601655,0.002017004025311131,0.0060622231384601655,0.002017004025311131,-2.7787279363810655,-1.0372761233088224,-2.7847901595195257,-1.0392931273341335,0.0,0.0,Vmag_get_voltage_magnitude_series__angle_get_voltage_angle_series,true,Unknown,Ybus EMT reconstruction using exact complex bus-voltage phasors when available; otherwise diagnostic fallback
4.45,0.006062154247975293,0.0020169817618509445,0.006062154247975293,0.0020169817618509445,0.006062154247975293,0.0020169817618509445,-2.7787280052715504,-1.0372761455722825,-2.7847901595195257,-1.0392931273341335,0.0,0.0,Vmag_get_voltage_magnitude_series__angle_get_voltage_angle_series,true,Unknown,Ybus EMT reconstruction using exact complex bus-voltage phasors when available; otherwise diagnostic fallback
4.46,0.00606207848164475,0.0020169568564643026,0.00606207848164475,0.0020169568564643026,0.00606207848164475,0.0020169568564643026,-2.778728081037881,-1.0372761704776692,-2.7847901595195257,-1.0392931273341335,0.0,0.0,Vmag_get_voltage_magnitude_series__angle_get_voltage_angle_series,true,Unknown,Ybus EMT reconstruction using exact complex bus-voltage phasors when available; otherwise diagnostic fallback
4.47,0.006061995909421913,0.0020169293363876406,0.006061995909421913,0.0020169293363876406,0.006061995909421913,0.0020169293363876406,-2.7787281636101038,-1.0372761979977458,-2.7847901595195257,-1.0392931273341335,0.0,0.0,Vmag_get_voltage_magnitude_series__angle_get_voltage_angle_series,true,Unknown,Ybus EMT reconstruction using exact complex bus-voltage phasors when available; otherwise diagnostic fallback
4.48,0.006061906601833478,0.002016899229135838,0.006061906601833478,0.002016899229135838,0.006061906601833478,0.002016899229135838,-2.778728252917692,-1.0372762281049976,-2.7847901595195257,-1.0392931273341335,0.0,0.0,Vmag_get_voltage_magnitude_series__angle_get_voltage_angle_series,true,Unknown,Ybus EMT reconstruction using exact complex bus-voltage phasors when available; otherwise diagnostic fallback
4.49,0.006061810629491404,0.0020168665623385706,0.006061810629491404,0.0020168665623385706,0.006061810629491404,0.0020168665623385706,-2.7787283488900343,-1.037276260771795,-2.7847901595195257,-1.0392931273341335,0.0,0.0,Vmag_get_voltage_magnitude_series__angle_get_voltage_angle_series,true,Unknown,Ybus EMT reconstruction using exact complex bus-voltage phasors when available; otherwise diagnostic fallback
4.5,0.006061708062799376,0.0020168313636772517,0.006061708062799376,0.0020168313636772517,0.006061708062799376,0.0020168313636772517,-2.7787284514567263,-1.0372762959704562,-2.7847901595195257,-1.0392931273341335,0.0,0.0,Vmag_get_voltage_magnitude_series__angle_get_voltage_angle_series,true,Unknown,Ybus EMT reconstruction using exact complex bus-voltage phasors when available; otherwise diagnostic fallback
4.51,0.006061598971525584,0.002016793660402305,0.006061598971525584,0.002016793660402305,0.006061598971525584,0.002016793660402305,-2.778728560548,-1.0372763336737312,-2.7847901595195257,-1.0392931273341335,0.0,0.0,Vmag_get_voltage_magnitude_series__angle_get_voltage_angle_series,true,Unknown,Ybus EMT reconstruction using exact complex bus-voltage phasors when available; otherwise diagnostic fallback
4.52,0.006061483424661507,0.002016753479812561,0.006061483424661507,0.002016753479812561,0.006061483424661507,0.002016753479812561,-2.778728676094864,-1.037276373854321,-2.7847901595195257,-1.0392931273341335,0.0,0.0,Vmag_get_voltage_magnitude_series__angle_get_voltage_angle_series,true,Unknown,Ybus EMT reconstruction using exact complex bus-voltage phasors when available; otherwise diagnostic fallback
4.53,0.006061361489965833,0.002016710848715464,0.006061361489965833,0.002016710848715464,0.006061361489965833,0.002016710848715464,-2.77872879802956,-1.037276416485418,-2.7847901595195257,-1.0392931273341335,0.0,0.0,Vmag_get_voltage_magnitude_series__angle_get_voltage_angle_series,true,Unknown,Ybus EMT reconstruction using exact complex bus-voltage phasors when available; otherwise diagnostic fallback
4.54,0.00606123323386365,0.0020166657933020637,0.00606123323386365,0.0020166657933020637,0.00606123323386365,0.0020166657933020637,-2.778728926285662,-1.0372764615408314,-2.7847901595195257,-1.0392931273341335,0.0,0.0,Vmag_get_voltage_magnitude_series__angle_get_voltage_angle_series,true,Unknown,Ybus EMT reconstruction using exact complex bus-voltage phasors when available; otherwise diagnostic fallback
4.55,0.006061098721142244,0.0020166183393397485,0.006061098721142244,0.0020166183393397485,0.006061098721142244,0.0020166183393397485,-2.7787290607983834,-1.0372765089947937,-2.7847901595195257,-1.0392931273341335,0.0,0.0,Vmag_get_voltage_magnitude_series__angle_get_voltage_angle_series,true,Unknown,Ybus EMT reconstruction using exact complex bus-voltage phasors when available; otherwise diagnostic fallback
4.56,0.0060609580148587305,0.0020165685120336896,0.0060609580148587305,0.0020165685120336896,0.0060609580148587305,0.0020165685120336896,-2.778729201504667,-1.0372765588220998,-2.7847901595195257,-1.0392931273341335,0.0,0.0,Vmag_get_voltage_magnitude_series__angle_get_voltage_angle_series,true,Unknown,Ybus EMT reconstruction using exact complex bus-voltage phasors when available; otherwise diagnostic fallback
4.57,0.006060811176104242,0.002016516335711538,0.006060811176104242,0.002016516335711538,0.006060811176104242,0.002016516335711538,-2.7787293483434214,-1.037276610998422,-2.7847901595195257,-1.0392931273341335,0.0,0.0,Vmag_get_voltage_magnitude_series__angle_get_voltage_angle_series,true,Unknown,Ybus EMT reconstruction using exact complex bus-voltage phasors when available; otherwise diagnostic fallback
4.58,0.00606065826398039,0.0020164618338938123,0.00606065826398039,0.0020164618338938123,0.00606065826398039,0.0020164618338938123,-2.7787295012555453,-1.0372766655002397,-2.7847901595195257,-1.0392931273341335,0.0,0.0,Vmag_get_voltage_magnitude_series__angle_get_voltage_angle_series,true,Unknown,Ybus EMT reconstruction using exact complex bus-voltage phasors when available; otherwise diagnostic fallback
4.59,0.0060604993354296255,0.002016405029753976,0.0060604993354296255,0.002016405029753976,0.0060604993354296255,0.002016405029753976,-2.778729660184096,-1.0372767223043795,-2.7847901595195257,-1.0392931273341335,0.0,0.0,Vmag_get_voltage_magnitude_series__angle_get_voltage_angle_series,true,Unknown,Ybus EMT reconstruction using exact complex bus-voltage phasors when available; otherwise diagnostic fallback
4.6,0.00606033444521259,0.0020163459450344146,0.00606033444521259,0.0020163459450344146,0.00606033444521259,0.0020163459450344146,-2.778729825074313,-1.037276781389099,-2.7847901595195257,-1.0392931273341335,0.0,0.0,Vmag_get_voltage_magnitude_series__angle_get_voltage_angle_series,true,Unknown,Ybus EMT reconstruction using exact complex bus-voltage phasors when available; otherwise diagnostic fallback
4.61,0.00606016364588946,0.0020162846009341706,0.00606016364588946,0.0020162846009341706,0.00606016364588946,0.0020162846009341706,-2.7787299958736362,-1.0372768427331993,-2.7847901595195257,-1.0392931273341335,0.0,0.0,Vmag_get_voltage_magnitude_series__angle_get_voltage_angle_series,true,Unknown,Ybus EMT reconstruction using exact complex bus-voltage phasors when available; otherwise diagnostic fallback
4.62,0.006059986987783539,0.0020162210180252327,0.006059986987783539,0.0020162210180252327,0.006059986987783539,0.0020162210180252327,-2.778730172531742,-1.0372769063161082,-2.7847901595195257,-1.0392931273341335,0.0,0.0,Vmag_get_voltage_magnitude_series__angle_get_voltage_angle_series,true,Unknown,Ybus EMT reconstruction using exact complex bus-voltage phasors when available; otherwise diagnostic fallback
4.63,0.00605980451899546,0.0020161552156212625,0.00605980451899546,0.0020161552156212625,0.00605980451899546,0.0020161552156212625,-2.7787303550005302,-1.0372769721185122,-2.7847901595195257,-1.0392931273341335,0.0,0.0,Vmag_get_voltage_magnitude_series__angle_get_voltage_angle_series,true,Unknown,Ybus EMT reconstruction using exact complex bus-voltage phasors when available; otherwise diagnostic fallback
4.64,0.006059616285501335,0.0020160872125405405,0.006059616285501335,0.0020160872125405405,0.006059616285501335,0.0020160872125405405,-2.7787305432340244,-1.037277040121593,-2.7847901595195257,-1.0392931273341335,0.0,0.0,Vmag_get_voltage_magnitude_series__angle_get_voltage_angle_series,true,Unknown,Ybus EMT reconstruction using exact complex bus-voltage phasors when available; otherwise diagnostic fallback
4.65,0.006059422331124775,0.002016017026577943,0.006059422331124775,0.002016017026577943,0.006059422331124775,0.002016017026577943,-2.778730737188401,-1.0372771103075555,-2.7847901595195257,-1.0392931273341335,0.0,0.0,Vmag_get_voltage_magnitude_series__angle_get_voltage_angle_series,true,Unknown,Ybus EMT reconstruction using exact complex bus-voltage phasors when available; otherwise diagnostic fallback
4.66,0.006059222697655464,0.002015944674730541,0.006059222697655464,0.002015944674730541,0.006059222697655464,0.002015944674730541,-2.7787309368218702,-1.037277182659403,-2.7847901595195257,-1.0392931273341335,0.0,0.0,Vmag_get_voltage_magnitude_series__angle_get_voltage_angle_series,true,Unknown,Ybus EMT reconstruction using exact complex bus-voltage phasors when available; otherwise diagnostic fallback
4.67,0.006059017424977942,0.0020158701733798967,0.006059017424977942,0.0020158701733798967,0.006059017424977942,0.0020158701733798967,-2.7787311420945477,-1.0372772571607536,-2.7847901595195257,-1.0392931273341335,0.0,0.0,Vmag_get_voltage_magnitude_series__angle_get_voltage_angle_series,true,Unknown,Ybus EMT reconstruction using exact complex bus-voltage phasors when available; otherwise diagnostic fallback
4.68,0.006058806551114682,0.002015793538070243,0.006058806551114682,0.002015793538070243,0.006058806551114682,0.002015793538070243,-2.778731352968411,-1.0372773337960632,-2.7847901595195257,-1.0392931273341335,0.0,0.0,Vmag_get_voltage_magnitude_series__angle_get_voltage_angle_series,true,Unknown,Ybus EMT reconstruction using exact complex bus-voltage phasors when available; otherwise diagnostic fallback
4.69,0.006058590112392626,0.002015714783607292,0.006058590112392626,0.002015714783607292,0.006058590112392626,0.002015714783607292,-2.778731569407133,-1.0372774125505262,-2.7847901595195257,-1.0392931273341335,0.0,0.0,Vmag_get_voltage_magnitude_series__angle_get_voltage_angle_series,true,Unknown,Ybus EMT reconstruction using exact complex bus-voltage phasors when available; otherwise diagnostic fallback
4.7,0.006058368143584403,0.0020156339244021826,0.006058368143584403,0.0020156339244021826,0.006058368143584403,0.0020156339244021826,-2.7787317913759413,-1.0372774934097313,-2.7847901595195257,-1.0392931273341335,0.0,0.0,Vmag_get_voltage_magnitude_series__angle_get_voltage_angle_series,true,Unknown,Ybus EMT reconstruction using exact complex bus-voltage phasors when available; otherwise diagnostic fallback
4.71,0.006058140678012247,0.002015550974094449,0.006058140678012247,0.002015550974094449,0.006058140678012247,0.002015550974094449,-2.7787320188415134,-1.037277576360039,-2.7847901595195257,-1.0392931273341335,0.0,0.0,Vmag_get_voltage_magnitude_series__angle_get_voltage_angle_series,true,Unknown,Ybus EMT reconstruction using exact complex bus-voltage phasors when available; otherwise diagnostic fallback
4.72,0.006057907747738511,0.002015465945734096,0.006057907747738511,0.002015465945734096,0.006057907747738511,0.002015465945734096,-2.778732251771787,-1.0372776613883994,-2.7847901595195257,-1.0392931273341335,0.0,0.0,Vmag_get_voltage_magnitude_series__angle_get_voltage_angle_series,true,Unknown,Ybus EMT reconstruction using exact complex bus-voltage phasors when available; otherwise diagnostic fallback
4.73,0.006057669383705111,0.0020153788521977134,0.006057669383705111,0.0020153788521977134,0.006057669383705111,0.0020153788521977134,-2.7787324901358206,-1.0372777484819358,-2.7847901595195257,-1.0392931273341335,0.0,0.0,Vmag_get_voltage_magnitude_series__angle_get_voltage_angle_series,true,Unknown,Ybus EMT reconstruction using exact complex bus-voltage phasors when available; otherwise diagnostic fallback
4.74,0.006057425615887624,0.0020152897055925045,0.006057425615887624,0.0020152897055925045,0.006057425615887624,0.0020152897055925045,-2.778732733903638,-1.037277837628541,-2.7847901595195257,-1.0392931273341335,0.0,0.0,Vmag_get_voltage_magnitude_series__angle_get_voltage_angle_series,true,Unknown,Ybus EMT reconstruction using exact complex bus-voltage phasors when available; otherwise diagnostic fallback
4.75,0.006057176473461823,0.002015198517957284,0.006057176473461823,0.002015198517957284,0.006057176473461823,0.002015198517957284,-2.778732983046064,-1.0372779288161762,-2.7847901595195257,-1.0392931273341335,0.0,0.0,Vmag_get_voltage_magnitude_series__angle_get_voltage_angle_series,true,Unknown,Ybus EMT reconstruction using exact complex bus-voltage phasors when available; otherwise diagnostic fallback
4.76,0.006056921985024832,0.0020151053008603537,0.006056921985024832,0.0020151053008603537,0.006056921985024832,0.0020151053008603537,-2.778733237534501,-1.0372780220332731,-2.7847901595195257,-1.0392931273341335,0.0,0.0,Vmag_get_voltage_magnitude_series__angle_get_voltage_angle_series,true,Unknown,Ybus EMT reconstruction using exact complex bus-voltage phasors when available; otherwise diagnostic fallback
4.77,0.00605666217866796,0.0020150100657458925,0.00605666217866796,0.0020150100657458925,0.00605666217866796,0.0020150100657458925,-2.7787334973408577,-1.0372781172683876,-2.7847901595195257,-1.0392931273341335,0.0,0.0,Vmag_get_voltage_magnitude_series__angle_get_voltage_angle_series,true,Unknown,Ybus EMT reconstruction using exact complex bus-voltage phasors when available; otherwise diagnostic fallback
4.78,0.006056397082181864,0.0020149128238844405,0.006056397082181864,0.0020149128238844405,0.006056397082181864,0.0020149128238844405,-2.778733762437344,-1.037278214510249,-2.7847901595195257,-1.0392931273341335,0.0,0.0,Vmag_get_voltage_magnitude_series__angle_get_voltage_angle_series,true,Unknown,Ybus EMT reconstruction using exact complex bus-voltage phasors when available; otherwise diagnostic fallback
4.79,0.00605612672323641,0.0020148135864301864,0.00605612672323641,0.0020148135864301864,0.00605612672323641,0.0020148135864301864,-2.7787340327962893,-1.0372783137477033,-2.7847901595195257,-1.0392931273341335,0.0,0.0,Vmag_get_voltage_magnitude_series__angle_get_voltage_angle_series,true,Unknown,Ybus EMT reconstruction using exact complex bus-voltage phasors when available; otherwise diagnostic fallback
4.8,0.006055851129500578,0.0020147123644156384,0.006055851129500578,0.0020147123644156384,0.006055851129500578,0.0020147123644156384,-2.778734308390025,-1.0372784149697178,-2.7847901595195257,-1.0392931273341335,0.0,0.0,Vmag_get_voltage_magnitude_series__angle_get_voltage_angle_series,true,Unknown,Ybus EMT reconstruction using exact complex bus-voltage phasors when available; otherwise diagnostic fallback
4.81,0.0060555703288454055,0.0020146091690367296,0.0060555703288454055,0.0020146091690367296,0.0060555703288454055,0.0020146091690367296,-2.7787345891906803,-1.0372785181650968,-2.7847901595195257,-1.0392931273341335,0.0,0.0,Vmag_get_voltage_magnitude_series__angle_get_voltage_angle_series,true,Unknown,Ybus EMT reconstruction using exact complex bus-voltage phasors when available; otherwise diagnostic fallback
4.82,0.006055284349410606,0.0020145040115748802,0.006055284349410606,0.0020145040115748802,0.006055284349410606,0.0020145040115748802,-2.778734875170115,-1.0372786233225586,-2.7847901595195257,-1.0392931273341335,0.0,0.0,Vmag_get_voltage_magnitude_series__angle_get_voltage_angle_series,true,Unknown,Ybus EMT reconstruction using exact complex bus-voltage phasors when available; otherwise diagnostic fallback
4.83,0.006054993219794191,0.002014396903124771,0.006054993219794191,0.002014396903124771,0.006054993219794191,0.002014396903124771,-2.7787351662997315,-1.0372787304310087,-2.7847901595195257,-1.0392931273341335,0.0,0.0,Vmag_get_voltage_magnitude_series__angle_get_voltage_angle_series,true,Unknown,Ybus EMT reconstruction using exact complex bus-voltage phasors when available; otherwise diagnostic fallback
4.84,0.006054696969177709,0.0020142878553170984,0.006054696969177709,0.0020142878553170984,0.006054696969177709,0.0020142878553170984,-2.778735462550348,-1.0372788394788164,-2.7847901595195257,-1.0392931273341335,0.0,0.0,Vmag_get_voltage_magnitude_series__angle_get_voltage_angle_series,true,Unknown,Ybus EMT reconstruction using exact complex bus-voltage phasors when available; otherwise diagnostic fallback
4.85,0.006054395627403508,0.002014176879813201,0.006054395627403508,0.002014176879813201,0.006054395627403508,0.002014176879813201,-2.778735763892122,-1.0372789504543203,-2.7847901595195257,-1.0392931273341335,0.0,0.0,Vmag_get_voltage_magnitude_series__angle_get_voltage_angle_series,true,Unknown,Ybus EMT reconstruction using exact complex bus-voltage phasors when available; otherwise diagnostic fallback
4.86,0.006054089225155046,0.0020140639885641853,0.006054089225155046,0.0020140639885641853,0.006054089225155046,0.0020140639885641853,-2.7787360702943706,-1.0372790633455693,-2.7847901595195257,-1.0392931273341335,0.0,0.0,Vmag_get_voltage_magnitude_series__angle_get_voltage_angle_series,true,Unknown,Ybus EMT reconstruction using exact complex bus-voltage phasors when available; otherwise diagnostic fallback
4.87,0.006053777794003068,0.0020139491938560017,0.006053777794003068,0.0020139491938560017,0.006053777794003068,0.0020139491938560017,-2.7787363817255226,-1.0372791781402775,-2.7847901595195257,-1.0392931273341335,0.0,0.0,Vmag_get_voltage_magnitude_series__angle_get_voltage_angle_series,true,Unknown,Ybus EMT reconstruction using exact complex bus-voltage phasors when available; otherwise diagnostic fallback
4.88,0.006053461366489987,0.0020138325082221797,0.006053461366489987,0.0020138325082221797,0.006053461366489987,0.0020138325082221797,-2.7787366981530357,-1.0372792948259113,-2.7847901595195257,-1.0392931273341335,0.0,0.0,Vmag_get_voltage_magnitude_series__angle_get_voltage_angle_series,true,Unknown,Ybus EMT reconstruction using exact complex bus-voltage phasors when available; otherwise diagnostic fallback
4.89,0.006053139976251121,0.002013713944742701,0.006053139976251121,0.002013713944742701,0.006053139976251121,0.002013713944742701,-2.7787370195432746,-1.0372794133893908,-2.7847901595195257,-1.0392931273341335,0.0,0.0,Vmag_get_voltage_magnitude_series__angle_get_voltage_angle_series,true,Unknown,Ybus EMT reconstruction using exact complex bus-voltage phasors when available; otherwise diagnostic fallback
4.9,0.0060528136580444425,0.0020135935165599417,0.0060528136580444425,0.0020135935165599417,0.0060528136580444425,0.0020135935165599417,-2.7787373458614812,-1.0372795338175735,-2.7847901595195257,-1.0392931273341335,0.0,0.0,Vmag_get_voltage_magnitude_series__angle_get_voltage_angle_series,true,Unknown,Ybus EMT reconstruction using exact complex bus-voltage phasors when available; otherwise diagnostic fallback
4.91,0.006052482447856722,0.002013471237813258,0.006052482447856722,0.002013471237813258,0.006052482447856722,0.002013471237813258,-2.778737677071669,-1.0372796560963202,-2.7847901595195257,-1.0392931273341335,0.0,0.0,Vmag_get_voltage_magnitude_series__angle_get_voltage_angle_series,true,Unknown,Ybus EMT reconstruction using exact complex bus-voltage phasors when available; otherwise diagnostic fallback
4.92,0.006052146382886203,0.0020133471224290655,0.006052146382886203,0.0020133471224290655,0.006052146382886203,0.0020133471224290655,-2.7787380131366395,-1.0372797802117044,-2.7847901595195257,-1.0392931273341335,0.0,0.0,Vmag_get_voltage_magnitude_series__angle_get_voltage_angle_series,true,Unknown,Ybus EMT reconstruction using exact complex bus-voltage phasors when available; otherwise diagnostic fallback
4.93,0.006051805501642971,0.0020132211851071613,0.006051805501642971,0.0020132211851071613,0.006051805501642971,0.0020132211851071613,-2.7787383540178827,-1.0372799061490263,-2.7847901595195257,-1.0392931273341335,0.0,0.0,Vmag_get_voltage_magnitude_series__angle_get_voltage_angle_series,true,Unknown,Ybus EMT reconstruction using exact complex bus-voltage phasors when available; otherwise diagnostic fallback
4.94,0.0060514598439187495,0.0020130934411017876,0.0060514598439187495,0.0020130934411017876,0.0060514598439187495,0.0020130934411017876,-2.778738699675607,-1.0372800338930317,-2.7847901595195257,-1.0392931273341335,0.0,0.0,Vmag_get_voltage_magnitude_series__angle_get_voltage_angle_series,true,Unknown,Ybus EMT reconstruction using exact complex bus-voltage phasors when available; otherwise diagnostic fallback
4.95,0.006051109450873948,0.002012963905963616,0.006051109450873948,0.002012963905963616,0.006051109450873948,0.002012963905963616,-2.7787390500686517,-1.0372801634281699,-2.7847901595195257,-1.0392931273341335,0.0,0.0,Vmag_get_voltage_magnitude_series__angle_get_voltage_angle_series,true,Unknown,Ybus EMT reconstruction using exact complex bus-voltage phasors when available; otherwise diagnostic fallback
4.96,0.006050754364993249,0.0020128325959323234,0.006050754364993249,0.0020128325959323234,0.006050754364993249,0.0020128325959323234,-2.7787394051545324,-1.0372802947382012,-2.7847901595195257,-1.0392931273341335,0.0,0.0,Vmag_get_voltage_magnitude_series__angle_get_voltage_angle_series,true,Unknown,Ybus EMT reconstruction using exact complex bus-voltage phasors when available; otherwise diagnostic fallback
4.97,0.00605039463008028,0.002012699527438322,0.00605039463008028,0.002012699527438322,0.00605039463008028,0.002012699527438322,-2.7787397648894454,-1.0372804278066952,-2.7847901595195257,-1.0392931273341335,0.0,0.0,Vmag_get_voltage_magnitude_series__angle_get_voltage_angle_series,true,Unknown,Ybus EMT reconstruction using exact complex bus-voltage phasors when available; otherwise diagnostic fallback
4.98,0.006050030291295361,0.0020125647177295924,0.006050030291295361,0.0020125647177295924,0.006050030291295361,0.0020125647177295924,-2.7787401292282303,-1.037280562616404,-2.7847901595195257,-1.0392931273341335,0.0,0.0,Vmag_get_voltage_magnitude_series__angle_get_voltage_angle_series,true,Unknown,Ybus EMT reconstruction using exact complex bus-voltage phasors when available; otherwise diagnostic fallback
4.99,0.006049661395102213,0.002012428184249959,0.006049661395102213,0.002012428184249959,0.006049661395102213,0.002012428184249959,-2.7787404981244235,-1.0372806991498835,-2.7847901595195257,-1.0392931273341335,0.0,0.0,Vmag_get_voltage_magnitude_series__angle_get_voltage_angle_series,true,Unknown,Ybus EMT reconstruction using exact complex bus-voltage phasors when available; otherwise diagnostic fallback
5.0,0.006049287989260854,0.002012289945183099,0.006049287989260854,0.002012289945183099,0.006049287989260854,0.002012289945183099,-2.778740871530265,-1.0372808373889504,-2.7847901595195257,-1.0392931273341335,0.0,0.0,Vmag_get_voltage_magnitude_series__angle_get_voltage_angle_series,true,Unknown,Ybus EMT reconstruction using exact complex bus-voltage phasors when available; otherwise diagnostic fallback
5.01,0.006048910122771645,0.0020121500190024566,0.006048910122771645,0.0020121500190024566,0.006048910122771645,0.0020121500190024566,-2.778741249396754,-1.037280977315131,-2.7847901595195257,-1.0392931273341335,0.0,0.0,Vmag_get_voltage_magnitude_series__angle_get_voltage_angle_series,true,Unknown,Ybus EMT reconstruction using exact complex bus-voltage phasors when available; otherwise diagnostic fallback
5.02,0.006048527845873952,0.0020120084245645042,0.006048527845873952,0.0020120084245645042,0.006048527845873952,0.0020120084245645042,-2.7787416316736517,-1.037281118909569,-2.7847901595195257,-1.0392931273341335,0.0,0.0,Vmag_get_voltage_magnitude_series__angle_get_voltage_angle_series,true,Unknown,Ybus EMT reconstruction using exact complex bus-voltage phasors when available; otherwise diagnostic fallback
5.03,0.006048141209957336,0.002011865181358541,0.006048141209957336,0.002011865181358541,0.006048141209957336,0.002011865181358541,-2.7787420183095684,-1.037281262152775,-2.7847901595195257,-1.0392931273341335,0.0,0.0,Vmag_get_voltage_magnitude_series__angle_get_voltage_angle_series,true,Unknown,Ybus EMT reconstruction using exact complex bus-voltage phasors when available; otherwise diagnostic fallback
5.04,0.006047750267562879,0.0020117203091660762,0.006047750267562879,0.0020117203091660762,0.006047750267562879,0.0020117203091660762,-2.778742409251963,-1.0372814070249674,-2.7847901595195257,-1.0392931273341335,0.0,0.0,Vmag_get_voltage_magnitude_series__angle_get_voltage_angle_series,true,Unknown,Ybus EMT reconstruction using exact complex bus-voltage phasors when available; otherwise diagnostic fallback
5.05,0.006047355072281935,0.002011573828375912,0.006047355072281935,0.002011573828375912,0.006047355072281935,0.002011573828375912,-2.7787428044472438,-1.0372815535057576,-2.7847901595195257,-1.0392931273341335,0.0,0.0,Vmag_get_voltage_magnitude_series__angle_get_voltage_angle_series,true,Unknown,Ybus EMT reconstruction using exact complex bus-voltage phasors when available; otherwise diagnostic fallback
5.06,0.0060469556787170475,0.0020114257594436857,0.0060469556787170475,0.0020114257594436857,0.0060469556787170475,0.0020114257594436857,-2.7787432038408086,-1.0372817015746898,-2.7847901595195257,-1.0392931273341335,0.0,0.0,Vmag_get_voltage_magnitude_series__angle_get_voltage_angle_series,true,Unknown,Ybus EMT reconstruction using exact complex bus-voltage phasors when available; otherwise diagnostic fallback
5.07,0.006046552142454864,0.002011276123356387,0.006046552142454864,0.002011276123356387,0.006046552142454864,0.002011276123356387,-2.778743607377071,-1.037281851210777,-2.7847901595195257,-1.0392931273341335,0.0,0.0,Vmag_get_voltage_magnitude_series__angle_get_voltage_angle_series,true,Unknown,Ybus EMT reconstruction using exact complex bus-voltage phasors when available; otherwise diagnostic fallback
5.08,0.0060461445199373465,0.0020111249415040167,0.0060461445199373465,0.0020111249415040167,0.0060461445199373465,0.0020111249415040167,-2.7787440149995883,-1.0372820023926295,-2.7847901595195257,-1.0392931273341335,0.0,0.0,Vmag_get_voltage_magnitude_series__angle_get_voltage_angle_series,true,Unknown,Ybus EMT reconstruction using exact complex bus-voltage phasors when available; otherwise diagnostic fallback
5.09,0.006045732868427134,0.0020109722354237913,0.006045732868427134,0.0020109722354237913,0.006045732868427134,0.0020109722354237913,-2.7787444266510986,-1.0372821550987097,-2.7847901595195257,-1.0392931273341335,0.0,0.0,Vmag_get_voltage_magnitude_series__angle_get_voltage_angle_series,true,Unknown,Ybus EMT reconstruction using exact complex bus-voltage phasors when available; otherwise diagnostic fallback
5.1,0.0060453172459644655,0.002010818027033512,0.0060453172459644655,0.002010818027033512,0.0060453172459644655,0.002010818027033512,-2.778744842273561,-1.0372823093071,-2.7847901595195257,-1.0392931273341335,0.0,0.0,Vmag_get_voltage_magnitude_series__angle_get_voltage_angle_series,true,Unknown,Ybus EMT reconstruction using exact complex bus-voltage phasors when available; otherwise diagnostic fallback
5.11,0.0060448977112503854,0.002010662338498559,0.0060448977112503854,0.002010662338498559,0.0060448977112503854,0.002010662338498559,-2.7787452618082753,-1.037282464995635,-2.7847901595195257,-1.0392931273341335,0.0,0.0,Vmag_get_voltage_magnitude_series__angle_get_voltage_angle_series,true,Unknown,Ybus EMT reconstruction using exact complex bus-voltage phasors when available; otherwise diagnostic fallback
5.12,0.00604447432362587,0.0020105051923657857,0.00604447432362587,0.0020105051923657857,0.00604447432362587,0.0020105051923657857,-2.7787456851959,-1.0372826221417677,-2.7847901595195257,-1.0392931273341335,0.0,0.0,Vmag_get_voltage_magnitude_series__angle_get_voltage_angle_series,true,Unknown,Ybus EMT reconstruction using exact complex bus-voltage phasors when available; otherwise diagnostic fallback
5.13,0.006044047142953257,0.0020103466110958923,0.006044047142953257,0.0020103466110958923,0.006044047142953257,0.0020103466110958923,-2.7787461123765724,-1.0372827807230376,-2.7847901595195257,-1.0392931273341335,0.0,0.0,Vmag_get_voltage_magnitude_series__angle_get_voltage_angle_series,true,Unknown,Ybus EMT reconstruction using exact complex bus-voltage phasors when available; otherwise diagnostic fallback
5.14,0.006043616229560289,0.0020101866175288308,0.006043616229560289,0.0020101866175288308,0.006043616229560289,0.0020101866175288308,-2.7787465432899654,-1.0372829407166047,-2.7847901595195257,-1.0392931273341335,0.0,0.0,Vmag_get_voltage_magnitude_series__angle_get_voltage_angle_series,true,Unknown,Ybus EMT reconstruction using exact complex bus-voltage phasors when available; otherwise diagnostic fallback
5.15,0.006043181644229012,0.0020100252347143854,0.006043181644229012,0.0020100252347143854,0.006043181644229012,0.0020100252347143854,-2.7787469778752967,-1.037283102099419,-2.7847901595195257,-1.0392931273341335,0.0,0.0,Vmag_get_voltage_magnitude_series__angle_get_voltage_angle_series,true,Unknown,Ybus EMT reconstruction using exact complex bus-voltage phasors when available; otherwise diagnostic fallback
5.16,0.006042743448060772,0.002009862485743419,0.006042743448060772,0.002009862485743419,0.006042743448060772,0.002009862485743419,-2.778747416071465,-1.03728326484839,-2.7847901595195257,-1.0392931273341335,0.0,0.0,Vmag_get_voltage_magnitude_series__angle_get_voltage_angle_series,true,Unknown,Ybus EMT reconstruction using exact complex bus-voltage phasors when available; otherwise diagnostic fallback
5.17,0.006042301702397612,0.002009698393743653,0.006042301702397612,0.002009698393743653,0.006042301702397612,0.002009698393743653,-2.778747857817128,-1.0372834289403898,-2.7847901595195257,-1.0392931273341335,0.0,0.0,Vmag_get_voltage_magnitude_series__angle_get_voltage_angle_series,true,Unknown,Ybus EMT reconstruction using exact complex bus-voltage phasors when available; otherwise diagnostic fallback
5.18,0.006041856468841367,0.0020095329821649965,0.006041856468841367,0.0020095329821649965,0.006041856468841367,0.0020095329821649965,-2.7787483030506843,-1.0372835943519685,-2.7847901595195257,-1.0392931273341335,0.0,0.0,Vmag_get_voltage_magnitude_series__angle_get_voltage_angle_series,true,Unknown,Ybus EMT reconstruction using exact complex bus-voltage phasors when available; otherwise diagnostic fallback
5.19,0.006041407809119992,0.002009366274283053,0.006041407809119992,0.002009366274283053,0.006041407809119992,0.002009366274283053,-2.7787487517104057,-1.0372837610598504,-2.7847901595195257,-1.0392931273341335,0.0,0.0,Vmag_get_voltage_magnitude_series__angle_get_voltage_angle_series,true,Unknown,Ybus EMT reconstruction using exact complex bus-voltage phasors when available; otherwise diagnostic fallback
5.2,0.006040955785062252,0.002009198293564607,0.006040955785062252,0.002009198293564607,0.006040955785062252,0.002009198293564607,-2.7787492037344634,-1.0372839290405689,-2.7847901595195257,-1.0392931273341335,0.0,0.0,Vmag_get_voltage_magnitude_series__angle_get_voltage_angle_series,true,Unknown,Ybus EMT reconstruction using exact complex bus-voltage phasors when available; otherwise diagnostic fallback
5.21,0.0060405004585031286,0.0020090290633716368,0.0060405004585031286,0.0020090290633716368,0.0060405004585031286,0.0020090290633716368,-2.7787496590610226,-1.0372840982707618,-2.7847901595195257,-1.0392931273341335,0.0,0.0,Vmag_get_voltage_magnitude_series__angle_get_voltage_angle_series,true,Unknown,Ybus EMT reconstruction using exact complex bus-voltage phasors when available; otherwise diagnostic fallback
5.22,0.00604004189131091,0.0020088586071733694,0.00604004189131091,0.0020088586071733694,0.00604004189131091,0.0020088586071733694,-2.7787501176282148,-1.0372842687269601,-2.7847901595195257,-1.0392931273341335,0.0,0.0,Vmag_get_voltage_magnitude_series__angle_get_voltage_angle_series,true,Unknown,Ybus EMT reconstruction using exact complex bus-voltage phasors when available; otherwise diagnostic fallback
5.23,0.006039580145252632,0.002008686948478333,0.006039580145252632,0.002008686948478333,0.006039580145252632,0.002008686948478333,-2.778750579374273,-1.0372844403856551,-2.7847901595195257,-1.0392931273341335,0.0,0.0,Vmag_get_voltage_magnitude_series__angle_get_voltage_angle_series,true,Unknown,Ybus EMT reconstruction using exact complex bus-voltage phasors when available; otherwise diagnostic fallback
5.24,0.006039115281990526,0.0020085141105843363,0.006039115281990526,0.0020085141105843363,0.006039115281990526,0.0020085141105843363,-2.778751044237535,-1.0372846132235491,-2.7847901595195257,-1.0392931273341335,0.0,0.0,Vmag_get_voltage_magnitude_series__angle_get_voltage_angle_series,true,Unknown,Ybus EMT reconstruction using exact complex bus-voltage phasors when available; otherwise diagnostic fallback
5.25,0.006038647363041161,0.0020083401168777826,0.006038647363041161,0.0020083401168777826,0.006038647363041161,0.0020083401168777826,-2.7787515121564845,-1.0372847872172557,-2.7847901595195257,-1.0392931273341335,0.0,0.0,Vmag_get_voltage_magnitude_series__angle_get_voltage_angle_series,true,Unknown,Ybus EMT reconstruction using exact complex bus-voltage phasors when available; otherwise diagnostic fallback
5.26,0.006038176449684407,0.002008164990589645,0.006038176449684407,0.002008164990589645,0.006038176449684407,0.002008164990589645,-2.7787519830698413,-1.0372849623435438,-2.7847901595195257,-1.0392931273341335,0.0,0.0,Vmag_get_voltage_magnitude_series__angle_get_voltage_angle_series,true,Unknown,Ybus EMT reconstruction using exact complex bus-voltage phasors when available; otherwise diagnostic fallback
5.27,0.006037702603013173,0.0020079887548449804,0.006037702603013173,0.0020079887548449804,0.006037702603013173,0.0020079887548449804,-2.7787524569165125,-1.0372851385792885,-2.7847901595195257,-1.0392931273341335,0.0,0.0,Vmag_get_voltage_magnitude_series__angle_get_voltage_angle_series,true,Unknown,Ybus EMT reconstruction using exact complex bus-voltage phasors when available; otherwise diagnostic fallback
5.28,0.0060372258838317094,0.002007811432878537,0.0060372258838317094,0.002007811432878537,0.0060372258838317094,0.002007811432878537,-2.778752933635694,-1.037285315901255,-2.7847901595195257,-1.0392931273341335,0.0,0.0,Vmag_get_voltage_magnitude_series__angle_get_voltage_angle_series,true,Unknown,Ybus EMT reconstruction using exact complex bus-voltage phasors when available; otherwise diagnostic fallback
5.29,0.006036746352652944,0.002007633047504287,0.006036746352652944,0.002007633047504287,0.006036746352652944,0.002007633047504287,-2.7787534131668727,-1.0372854942866292,-2.7847901595195257,-1.0392931273341335,0.0,0.0,Vmag_get_voltage_magnitude_series__angle_get_voltage_angle_series,true,Unknown,Ybus EMT reconstruction using exact complex bus-voltage phasors when available; otherwise diagnostic fallback
5.3,0.006036264069661179,0.002007453621616362,0.006036264069661179,0.002007453621616362,0.006036264069661179,0.002007453621616362,-2.7787538954498645,-1.0372856737125171,-2.7847901595195257,-1.0392931273341335,0.0,0.0,Vmag_get_voltage_magnitude_series__angle_get_voltage_angle_series,true,Unknown,Ybus EMT reconstruction using exact complex bus-voltage phasors when available; otherwise diagnostic fallback
5.31,0.006035779094704541,0.002007273178060265,0.006035779094704541,0.002007273178060265,0.006035779094704541,0.002007273178060265,-2.778754380424821,-1.0372858541560732,-2.7847901595195257,-1.0392931273341335,0.0,0.0,Vmag_get_voltage_magnitude_series__angle_get_voltage_angle_series,true,Unknown,Ybus EMT reconstruction using exact complex bus-voltage phasors when available; otherwise diagnostic fallback
5.32,0.006035291487269667,0.0020070917393448795,0.006035291487269667,0.0020070917393448795,0.006035291487269667,0.0020070917393448795,-2.778754868032256,-1.0372860355947886,-2.7847901595195257,-1.0392931273341335,0.0,0.0,Vmag_get_voltage_magnitude_series__angle_get_voltage_angle_series,true,Unknown,Ybus EMT reconstruction using exact complex bus-voltage phasors when available; otherwise diagnostic fallback
5.33,0.006034801306450177,0.002006909327876061,0.006034801306450177,0.002006909327876061,0.006034801306450177,0.002006909327876061,-2.7787553582130755,-1.0372862180062574,-2.7847901595195257,-1.0392931273341335,0.0,0.0,Vmag_get_voltage_magnitude_series__angle_get_voltage_angle_series,true,Unknown,Ybus EMT reconstruction using exact complex bus-voltage phasors when available; otherwise diagnostic fallback
5.34,0.006034308610929351,0.0020067259660701,0.006034308610929351,0.0020067259660701,0.006034308610929351,0.0020067259660701,-2.7787558509085963,-1.0372864013680634,-2.7847901595195257,-1.0392931273341335,0.0,0.0,Vmag_get_voltage_magnitude_series__angle_get_voltage_angle_series,true,Unknown,Ybus EMT reconstruction using exact complex bus-voltage phasors when available; otherwise diagnostic fallback
5.35,0.006033813459015658,0.0020065416759214028,0.006033813459015658,0.0020065416759214028,0.006033813459015658,0.0020065416759214028,-2.77875634606051,-1.037286585658212,-2.7847901595195257,-1.0392931273341335,0.0,0.0,Vmag_get_voltage_magnitude_series__angle_get_voltage_angle_series,true,Unknown,Ybus EMT reconstruction using exact complex bus-voltage phasors when available; otherwise diagnostic fallback
5.36,0.0060333159086072286,0.002006356479698379,0.0060333159086072286,0.002006356479698379,0.0060333159086072286,0.002006356479698379,-2.7787568436109185,-1.037286770854435,-2.7847901595195257,-1.0392931273341335,0.0,0.0,Vmag_get_voltage_magnitude_series__angle_get_voltage_angle_series,true,Unknown,Ybus EMT reconstruction using exact complex bus-voltage phasors when available; otherwise diagnostic fallback
5.37,0.0060328160171225775,0.002006170398844098,0.0060328160171225775,0.002006170398844098,0.0060328160171225775,0.002006170398844098,-2.778757343502403,-1.0372869569352894,-2.7847901595195257,-1.0392931273341335,0.0,0.0,Vmag_get_voltage_magnitude_series__angle_get_voltage_angle_series,true,Unknown,Ybus EMT reconstruction using exact complex bus-voltage phasors when available; otherwise diagnostic fallback
5.38,0.006032313841625836,0.0020059834553580735,0.006032313841625836,0.0020059834553580735,0.006032313841625836,0.0020059834553580735,-2.7787578456779,-1.0372871438787754,-2.7847901595195257,-1.0392931273341335,0.0,0.0,Vmag_get_voltage_magnitude_series__angle_get_voltage_angle_series,true,Unknown,Ybus EMT reconstruction using exact complex bus-voltage phasors when available; otherwise diagnostic fallback
5.39,0.00603180943872772,0.0020057956706225344,0.00603180943872772,0.0020057956706225344,0.00603180943872772,0.0020057956706225344,-2.778758350080798,-1.037287331663511,-2.7847901595195257,-1.0392931273341335,0.0,0.0,Vmag_get_voltage_magnitude_series__angle_get_voltage_angle_series,true,Unknown,Ybus EMT reconstruction using exact complex bus-voltage phasors when available; otherwise diagnostic fallback
5.4,0.006031302864602406,0.002005607066000392,0.006031302864602406,0.002005607066000392,0.006031302864602406,0.002005607066000392,-2.7787588566549233,-1.037287520268133,-2.7847901595195257,-1.0392931273341335,0.0,0.0,Vmag_get_voltage_magnitude_series__angle_get_voltage_angle_series,true,Unknown,Ybus EMT reconstruction using exact complex bus-voltage phasors when available; otherwise diagnostic fallback
5.41,0.006030794175010623,0.002005417662663378,0.006030794175010623,0.002005417662663378,0.006030794175010623,0.002005417662663378,-2.778759365344515,-1.03728770967147,-2.7847901595195257,-1.0392931273341335,0.0,0.0,Vmag_get_voltage_magnitude_series__angle_get_voltage_angle_series,true,Unknown,Ybus EMT reconstruction using exact complex bus-voltage phasors when available; otherwise diagnostic fallback
5.42,0.006030283425288552,0.002005227481565619,0.006030283425288552,0.002005227481565619,0.006030283425288552,0.002005227481565619,-2.778759876094237,-1.0372878998525679,-2.7847901595195257,-1.0392931273341335,0.0,0.0,Vmag_get_voltage_magnitude_series__angle_get_voltage_angle_series,true,Unknown,Ybus EMT reconstruction using exact complex bus-voltage phasors when available; otherwise diagnostic fallback
5.43,0.006029770670378909,0.002005036543702321,0.006029770670378909,0.002005036543702321,0.006029770670378909,0.002005036543702321,-2.778760388849147,-1.0372880907904312,-2.7847901595195257,-1.0392931273341335,0.0,0.0,Vmag_get_voltage_magnitude_series__angle_get_voltage_angle_series,true,Unknown,Ybus EMT reconstruction using exact complex bus-voltage phasors when available; otherwise diagnostic fallback
5.44,0.006029255964801639,0.002004844869644584,0.006029255964801639,0.002004844869644584,0.006029255964801639,0.002004844869644584,-2.778760903554724,-1.037288282464489,-2.7847901595195257,-1.0392931273341335,0.0,0.0,Vmag_get_voltage_magnitude_series__angle_get_voltage_angle_series,true,Unknown,Ybus EMT reconstruction using exact complex bus-voltage phasors when available; otherwise diagnostic fallback
5.45,0.00602873936266235,0.0020046524800156895,0.00602873936266235,0.0020046524800156895,0.00602873936266235,0.0020046524800156895,-2.7787614201568633,-1.0372884748541178,-2.7847901595195257,-1.0392931273341335,0.0,0.0,Vmag_get_voltage_magnitude_series__angle_get_voltage_angle_series,true,Unknown,Ybus EMT reconstruction using exact complex bus-voltage phasors when available; otherwise diagnostic fallback
5.46,0.0060282209177242585,0.0020044593951542566,0.0060282209177242585,0.0020044593951542566,0.0060282209177242585,0.0020044593951542566,-2.7787619386018014,-1.0372886679389792,-2.7847901595195257,-1.0392931273341335,0.0,0.0,Vmag_get_voltage_magnitude_series__angle_get_voltage_angle_series,true,Unknown,Ybus EMT reconstruction using exact complex bus-voltage phasors when available; otherwise diagnostic fallback
5.47,0.006027700683325143,0.002004265635337843,0.006027700683325143,0.002004265635337843,0.006027700683325143,0.002004265635337843,-2.7787624588362005,-1.0372888616987956,-2.7847901595195257,-1.0392931273341335,0.0,0.0,Vmag_get_voltage_magnitude_series__angle_get_voltage_angle_series,true,Unknown,Ybus EMT reconstruction using exact complex bus-voltage phasors when available; otherwise diagnostic fallback
5.48,0.006027178712444847,0.0020040712206916833,0.006027178712444847,0.0020040712206916833,0.006027178712444847,0.0020040712206916833,-2.778762980807081,-1.0372890561134418,-2.7847901595195257,-1.0392931273341335,0.0,0.0,Vmag_get_voltage_magnitude_series__angle_get_voltage_angle_series,true,Unknown,Ybus EMT reconstruction using exact complex bus-voltage phasors when available; otherwise diagnostic fallback
5.49,0.006026655057697283,0.0020038761710423625,0.006026655057697283,0.0020038761710423625,0.006026655057697283,0.0020038761710423625,-2.7787635044618284,-1.0372892511630911,-2.7847901595195257,-1.0392931273341335,0.0,0.0,Vmag_get_voltage_magnitude_series__angle_get_voltage_angle_series,true,Unknown,Ybus EMT reconstruction using exact complex bus-voltage phasors when available; otherwise diagnostic fallback
5.5,0.0060261297713668505,0.0020036805063612384,0.0060261297713668505,0.0020036805063612384,0.0060261297713668505,0.0020036805063612384,-2.778764029748159,-1.0372894468277722,-2.7847901595195257,-1.0392931273341335,0.0,0.0,Vmag_get_voltage_magnitude_series__angle_get_voltage_angle_series,true,Unknown,Ybus EMT reconstruction using exact complex bus-voltage phasors when available; otherwise diagnostic fallback
5.51,0.00602560290536136,0.002003484246097864,0.00602560290536136,0.002003484246097864,0.00602560290536136,0.002003484246097864,-2.7787645566141643,-1.0372896430880356,-2.7847901595195257,-1.0392931273341335,0.0,0.0,Vmag_get_voltage_magnitude_series__angle_get_voltage_angle_series,true,Unknown,Ybus EMT reconstruction using exact complex bus-voltage phasors when available; otherwise diagnostic fallback
5.52,0.00602507451132972,0.0020032874100941456,0.00602507451132972,0.0020032874100941456,0.00602507451132972,0.0020032874100941456,-2.778765085008196,-1.0372898399240393,-2.7847901595195257,-1.0392931273341335,0.0,0.0,Vmag_get_voltage_magnitude_series__angle_get_voltage_angle_series,true,Unknown,Ybus EMT reconstruction using exact complex bus-voltage phasors when available; otherwise diagnostic fallback
5.53,0.00602454464050739,0.00200309001750254,0.00602454464050739,0.00200309001750254,0.00602454464050739,0.00200309001750254,-2.7787656148790183,-1.037290037316631,-2.7847901595195257,-1.0392931273341335,0.0,0.0,Vmag_get_voltage_magnitude_series__angle_get_voltage_angle_series,true,Unknown,Ybus EMT reconstruction using exact complex bus-voltage phasors when available; otherwise diagnostic fallback
5.54,0.006024013343889134,0.0020028920877264156,0.006024013343889134,0.0020028920877264156,0.006024013343889134,0.0020028920877264156,-2.7787661461756366,-1.037290235246407,-2.7847901595195257,-1.0392931273341335,0.0,0.0,Vmag_get_voltage_magnitude_series__angle_get_voltage_angle_series,true,Unknown,Ybus EMT reconstruction using exact complex bus-voltage phasors when available; otherwise diagnostic fallback
5.55,0.0060234806721308765,0.002002693639907571,0.0060234806721308765,0.002002693639907571,0.0060234806721308765,0.002002693639907571,-2.778766678847395,-1.037290433694226,-2.7847901595195257,-1.0392931273341335,0.0,0.0,Vmag_get_voltage_magnitude_series__angle_get_voltage_angle_series,true,Unknown,Ybus EMT reconstruction using exact complex bus-voltage phasors when available; otherwise diagnostic fallback
5.56,0.006022946675649177,0.002002494693131629,0.006022946675649177,0.002002494693131629,0.006022946675649177,0.002002494693131629,-2.7787672128438765,-1.0372906326410019,-2.7847901595195257,-1.0392931273341335,0.0,0.0,Vmag_get_voltage_magnitude_series__angle_get_voltage_angle_series,true,Unknown,Ybus EMT reconstruction using exact complex bus-voltage phasors when available; otherwise diagnostic fallback
5.57,0.00602241140453863,0.0020022952663534266,0.00602241140453863,0.0020022952663534266,0.00602241140453863,0.0020022952663534266,-2.778767748114987,-1.03729083206778,-2.7847901595195257,-1.0392931273341335,0.0,0.0,Vmag_get_voltage_magnitude_series__angle_get_voltage_angle_series,true,Unknown,Ybus EMT reconstruction using exact complex bus-voltage phasors when available; otherwise diagnostic fallback
5.58,0.006021874908639813,0.0020020953783970175,0.006021874908639813,0.0020020953783970175,0.006021874908639813,0.0020020953783970175,-2.778768284610886,-1.0372910319557365,-2.7847901595195257,-1.0392931273341335,0.0,0.0,Vmag_get_voltage_magnitude_series__angle_get_voltage_angle_series,true,Unknown,Ybus EMT reconstruction using exact complex bus-voltage phasors when available; otherwise diagnostic fallback
5.59,0.006021337237515301,0.002001895047946345,0.006021337237515301,0.002001895047946345,0.006021337237515301,0.002001895047946345,-2.7787688222820104,-1.0372912322861871,-2.7847901595195257,-1.0392931273341335,0.0,0.0,Vmag_get_voltage_magnitude_series__angle_get_voltage_angle_series,true,Unknown,Ybus EMT reconstruction using exact complex bus-voltage phasors when available; otherwise diagnostic fallback
5.6,0.0060207984404843096,0.0020016942936325055,0.0060207984404843096,0.0020016942936325055,0.0060207984404843096,0.0020016942936325055,-2.7787693610790414,-1.037291433040501,-2.7847901595195257,-1.0392931273341335,0.0,0.0,Vmag_get_voltage_magnitude_series__angle_get_voltage_angle_series,true,Unknown,Ybus EMT reconstruction using exact complex bus-voltage phasors when available; otherwise diagnostic fallback
5.61,0.006020258566637793,0.002001493133990895,0.006020258566637793,0.002001493133990895,0.006020258566637793,0.002001493133990895,-2.778769900952888,-1.0372916342001426,-2.7847901595195257,-1.0392931273341335,0.0,0.0,Vmag_get_voltage_magnitude_series__angle_get_voltage_angle_series,true,Unknown,Ybus EMT reconstruction using exact complex bus-voltage phasors when available; otherwise diagnostic fallback
5.62,0.006019717664779822,0.002001291587506726,0.006019717664779822,0.002001291587506726,0.006019717664779822,0.002001291587506726,-2.778770441854746,-1.0372918357466268,-2.7847901595195257,-1.0392931273341335,0.0,0.0,Vmag_get_voltage_magnitude_series__angle_get_voltage_angle_series,true,Unknown,Ybus EMT reconstruction using exact complex bus-voltage phasors when available; otherwise diagnostic fallback
5.63,0.006019175783505748,0.002001089672317269,0.006019175783505748,0.002001089672317269,0.006019175783505748,0.002001089672317269,-2.77877098373602,-1.0372920376618162,-2.7847901595195257,-1.0392931273341335,0.0,0.0,Vmag_get_voltage_magnitude_series__angle_get_voltage_angle_series,true,Unknown,Ybus EMT reconstruction using exact complex bus-voltage phasors when available; otherwise diagnostic fallback
5.64,0.006018632971153348,0.002000887406770291,0.006018632971153348,0.002000887406770291,0.006018632971153348,0.002000887406770291,-2.7787715265483723,-1.0372922399273632,-2.7847901595195257,-1.0392931273341335,0.0,0.0,Vmag_get_voltage_magnitude_series__angle_get_voltage_angle_series,true,Unknown,Ybus EMT reconstruction using exact complex bus-voltage phasors when available; otherwise diagnostic fallback
5.65,0.006018089275850791,0.0020006848091227436,0.006018089275850791,0.0020006848091227436,0.006018089275850791,0.0020006848091227436,-2.778772070243675,-1.0372924425250107,-2.7847901595195257,-1.0392931273341335,0.0,0.0,Vmag_get_voltage_magnitude_series__angle_get_voltage_angle_series,true,Unknown,Ybus EMT reconstruction using exact complex bus-voltage phasors when available; otherwise diagnostic fallback
5.66,0.006017544745485104,0.002000481897135309,0.006017544745485104,0.002000481897135309,0.006017544745485104,0.002000481897135309,-2.7787726147740406,-1.0372926454369982,-2.7847901595195257,-1.0392931273341335,0.0,0.0,Vmag_get_voltage_magnitude_series__angle_get_voltage_angle_series,true,Unknown,Ybus EMT reconstruction using exact complex bus-voltage phasors when available; otherwise diagnostic fallback
5.67,0.006016999427764347,0.002000278689028745,0.006016999427764347,0.002000278689028745,0.006016999427764347,0.002000278689028745,-2.7787731600917613,-1.0372928486451047,-2.7847901595195257,-1.0392931273341335,0.0,0.0,Vmag_get_voltage_magnitude_series__angle_get_voltage_angle_series,true,Unknown,Ybus EMT reconstruction using exact complex bus-voltage phasors when available; otherwise diagnostic fallback
5.68,0.0060164533700781675,0.0020000752024975643,0.0060164533700781675,0.0020000752024975643,0.0060164533700781675,0.0020000752024975643,-2.7787737061494475,-1.037293052131636,-2.7847901595195257,-1.0392931273341335,0.0,0.0,Vmag_get_voltage_magnitude_series__angle_get_voltage_angle_series,true,Unknown,Ybus EMT reconstruction using exact complex bus-voltage phasors when available; otherwise diagnostic fallback
5.69,0.006015906619658562,0.0019998714553401964,0.006015906619658562,0.0019998714553401964,0.006015906619658562,0.0019998714553401964,-2.778774252899867,-1.0372932558787933,-2.7847901595195257,-1.0392931273341335,0.0,0.0,Vmag_get_voltage_magnitude_series__angle_get_voltage_angle_series,true,Unknown,Ybus EMT reconstruction using exact complex bus-voltage phasors when available; otherwise diagnostic fallback
5.7,0.006015359223516814,0.0019996674652946744,0.006015359223516814,0.0019996674652946744,0.006015359223516814,0.0019996674652946744,-2.778774800296009,-1.0372934598688388,-2.7847901595195257,-1.0392931273341335,0.0,0.0,Vmag_get_voltage_magnitude_series__angle_get_voltage_angle_series,true,Unknown,Ybus EMT reconstruction using exact complex bus-voltage phasors when available; otherwise diagnostic fallback
5.71,0.006014811228418182,0.0019994632498876452,0.006014811228418182,0.0019994632498876452,0.006014811228418182,0.0019994632498876452,-2.7787753482911075,-1.0372936640842458,-2.7847901595195257,-1.0392931273341335,0.0,0.0,Vmag_get_voltage_magnitude_series__angle_get_voltage_angle_series,true,Unknown,Ybus EMT reconstruction using exact complex bus-voltage phasors when available; otherwise diagnostic fallback
5.72,0.006014262680913429,0.0019992588267434552,0.006014262680913429,0.0019992588267434552,0.006014262680913429,0.0019992588267434552,-2.7787758968386123,-1.03729386850739,-2.7847901595195257,-1.0392931273341335,0.0,0.0,Vmag_get_voltage_magnitude_series__angle_get_voltage_angle_series,true,Unknown,Ybus EMT reconstruction using exact complex bus-voltage phasors when available; otherwise diagnostic fallback
5.73,0.006013713627291306,0.001999054213144502,0.006013713627291306,0.001999054213144502,0.006013713627291306,0.001999054213144502,-2.7787764458922344,-1.037294073120989,-2.7847901595195257,-1.0392931273341335,0.0,0.0,Vmag_get_voltage_magnitude_series__angle_get_voltage_angle_series,true,Unknown,Ybus EMT reconstruction using exact complex bus-voltage phasors when available; otherwise diagnostic fallback
5.74,0.0060131641136766945,0.001998849426519289,0.0060131641136766945,0.001998849426519289,0.0060131641136766945,0.001998849426519289,-2.778776995405849,-1.0372942779076142,-2.7847901595195257,-1.0392931273341335,0.0,0.0,Vmag_get_voltage_magnitude_series__angle_get_voltage_angle_series,true,Unknown,Ybus EMT reconstruction using exact complex bus-voltage phasors when available; otherwise diagnostic fallback
5.75,0.006012614185905374,0.0019986444839859008,0.006012614185905374,0.0019986444839859008,0.006012614185905374,0.0019986444839859008,-2.7787775453336203,-1.0372944828501476,-2.7847901595195257,-1.0392931273341335,0.0,0.0,Vmag_get_voltage_magnitude_series__angle_get_voltage_angle_series,true,Unknown,Ybus EMT reconstruction using exact complex bus-voltage phasors when available; otherwise diagnostic fallback
5.76,0.006012063889572872,0.0019984394027587893,0.006012063889572872,0.0019984394027587893,0.006012063889572872,0.0019984394027587893,-2.778778095629953,-1.0372946879313747,-2.7847901595195257,-1.0392931273341335,0.0,0.0,Vmag_get_voltage_magnitude_series__angle_get_voltage_angle_series,true,Unknown,Ybus EMT reconstruction using exact complex bus-voltage phasors when available; otherwise diagnostic fallback
5.77,0.006011513270095747,0.0019982341998723285,0.006011513270095747,0.0019982341998723285,0.006011513270095747,0.0019982341998723285,-2.77877864624943,-1.0372948931342612,-2.7847901595195257,-1.0392931273341335,0.0,0.0,Vmag_get_voltage_magnitude_series__angle_get_voltage_angle_series,true,Unknown,Ybus EMT reconstruction using exact complex bus-voltage phasors when available; otherwise diagnostic fallback
5.78,0.006010962372553497,0.001998028892324255,0.006010962372553497,0.001998028892324255,0.006010962372553497,0.001998028892324255,-2.778779197146972,-1.0372950984418092,-2.7847901595195257,-1.0392931273341335,0.0,0.0,Vmag_get_voltage_magnitude_series__angle_get_voltage_angle_series,true,Unknown,Ybus EMT reconstruction using exact complex bus-voltage phasors when available; otherwise diagnostic fallback
5.79,0.006010411241859526,0.0019978234968924813,0.006010411241859526,0.0019978234968924813,0.006010411241859526,0.0019978234968924813,-2.778779748277666,-1.037295303837241,-2.7847901595195257,-1.0392931273341335,0.0,0.0,Vmag_get_voltage_magnitude_series__angle_get_voltage_angle_series,true,Unknown,Ybus EMT reconstruction using exact complex bus-voltage phasors when available; otherwise diagnostic fallback
5.8,0.006009859922630145,0.0019976180303207247,0.006009859922630145,0.0019976180303207247,0.006009859922630145,0.0019976180303207247,-2.7787802995968955,-1.0372955093038128,-2.7847901595195257,-1.0392931273341335,0.0,0.0,Vmag_get_voltage_magnitude_series__angle_get_voltage_angle_series,true,Unknown,Ybus EMT reconstruction using exact complex bus-voltage phasors when available; otherwise diagnostic fallback
5.81,0.006009308459222762,0.0019974125093804584,0.006009308459222762,0.0019974125093804584,0.006009308459222762,0.0019974125093804584,-2.778780851060303,-1.037295714824753,-2.7847901595195257,-1.0392931273341335,0.0,0.0,Vmag_get_voltage_magnitude_series__angle_get_voltage_angle_series,true,Unknown,Ybus EMT reconstruction using exact complex bus-voltage phasors when available; otherwise diagnostic fallback
5.82,0.006008756895740763,0.001997206950525632,0.006008756895740763,0.001997206950525632,0.006008756895740763,0.001997206950525632,-2.778781402623785,-1.0372959203836079,-2.7847901595195257,-1.0392931273341335,0.0,0.0,Vmag_get_voltage_magnitude_series__angle_get_voltage_angle_series,true,Unknown,Ybus EMT reconstruction using exact complex bus-voltage phasors when available; otherwise diagnostic fallback
5.83,0.006008205275992662,0.001997001370184881,0.006008205275992662,0.001997001370184881,0.006008205275992662,0.001997001370184881,-2.778781954243533,-1.0372961259639486,-2.7847901595195257,-1.0392931273341335,0.0,0.0,Vmag_get_voltage_magnitude_series__angle_get_voltage_angle_series,true,Unknown,Ybus EMT reconstruction using exact complex bus-voltage phasors when available; otherwise diagnostic fallback
5.84,0.006007653643550714,0.001996795784855454,0.006007653643550714,0.001996795784855454,0.006007653643550714,0.001996795784855454,-2.778782505875975,-1.037296331549278,-2.7847901595195257,-1.0392931273341335,0.0,0.0,Vmag_get_voltage_magnitude_series__angle_get_voltage_angle_series,true,Unknown,Ybus EMT reconstruction using exact complex bus-voltage phasors when available; otherwise diagnostic fallback
5.85,0.006007102041670098,0.0019965902106440225,0.006007102041670098,0.0019965902106440225,0.006007102041670098,0.0019965902106440225,-2.7787830574778556,-1.0372965371234895,-2.7847901595195257,-1.0392931273341335,0.0,0.0,Vmag_get_voltage_magnitude_series__angle_get_voltage_angle_series,true,Unknown,Ybus EMT reconstruction using exact complex bus-voltage phasors when available; otherwise diagnostic fallback
5.86,0.006006550513313336,0.0019963846636446014,0.006006550513313336,0.0019963846636446014,0.006006550513313336,0.0019963846636446014,-2.7787836090062124,-1.0372967426704889,-2.7847901595195257,-1.0392931273341335,0.0,0.0,Vmag_get_voltage_magnitude_series__angle_get_voltage_angle_series,true,Unknown,Ybus EMT reconstruction using exact complex bus-voltage phasors when available; otherwise diagnostic fallback
5.87,0.006005999101164949,0.001996179160026257,0.006005999101164949,0.001996179160026257,0.006005999101164949,0.001996179160026257,-2.7787841604183607,-1.0372969481741072,-2.7847901595195257,-1.0392931273341335,0.0,0.0,Vmag_get_voltage_magnitude_series__angle_get_voltage_angle_series,true,Unknown,Ybus EMT reconstruction using exact complex bus-voltage phasors when available; otherwise diagnostic fallback
5.88,0.006005447847607925,0.0019959737156429735,0.006005447847607925,0.0019959737156429735,0.006005447847607925,0.0019959737156429735,-2.7787847116719178,-1.0372971536184905,-2.7847901595195257,-1.0392931273341335,0.0,0.0,Vmag_get_voltage_magnitude_series__angle_get_voltage_angle_series,true,Unknown,Ybus EMT reconstruction using exact complex bus-voltage phasors when available; otherwise diagnostic fallback
5.89,0.006004896794701953,0.001995768346157556,0.006004896794701953,0.001995768346157556,0.006004896794701953,0.001995768346157556,-2.7787852627248237,-1.037297358987976,-2.7847901595195257,-1.0392931273341335,0.0,0.0,Vmag_get_voltage_magnitude_series__angle_get_voltage_angle_series,true,Unknown,Ybus EMT reconstruction using exact complex bus-voltage phasors when available; otherwise diagnostic fallback
5.9,0.006004345984219395,0.0019955630672989777,0.006004345984219395,0.0019955630672989777,0.006004345984219395,0.0019955630672989777,-2.7787858135353063,-1.0372975642668345,-2.7847901595195257,-1.0392931273341335,0.0,0.0,Vmag_get_voltage_magnitude_series__angle_get_voltage_angle_series,true,Unknown,Ybus EMT reconstruction using exact complex bus-voltage phasors when available; otherwise diagnostic fallback
5.91,0.006003795457586225,0.0019953578948272988,0.006003795457586225,0.0019953578948272988,0.006003795457586225,0.0019953578948272988,-2.7787863640619395,-1.0372977694393062,-2.7847901595195257,-1.0392931273341335,0.0,0.0,Vmag_get_voltage_magnitude_series__angle_get_voltage_angle_series,true,Unknown,Ybus EMT reconstruction using exact complex bus-voltage phasors when available; otherwise diagnostic fallback
5.92,0.00600324525592022,0.0019951528438628685,0.00600324525592022,0.0019951528438628685,0.00600324525592022,0.0019951528438628685,-2.7787869142636055,-1.0372979744902706,-2.7847901595195257,-1.0392931273341335,0.0,0.0,Vmag_get_voltage_magnitude_series__angle_get_voltage_angle_series,true,Unknown,Ybus EMT reconstruction using exact complex bus-voltage phasors when available; otherwise diagnostic fallback
5.93,0.006002695419982995,0.0019949479298708717,0.006002695419982995,0.0019949479298708717,0.006002695419982995,0.0019949479298708717,-2.7787874640995427,-1.0372981794042626,-2.7847901595195257,-1.0392931273341335,0.0,0.0,Vmag_get_voltage_magnitude_series__angle_get_voltage_angle_series,true,Unknown,Ybus EMT reconstruction using exact complex bus-voltage phasors when available; otherwise diagnostic fallback
5.94,0.0060021459902328544,0.0019947431679319116,0.0060021459902328544,0.0019947431679319116,0.0060021459902328544,0.0019947431679319116,-2.778788013529293,-1.0372983841662016,-2.7847901595195257,-1.0392931273341335,0.0,0.0,Vmag_get_voltage_magnitude_series__angle_get_voltage_angle_series,true,Unknown,Ybus EMT reconstruction using exact complex bus-voltage phasors when available; otherwise diagnostic fallback
5.95,0.006001597006769721,0.00199453857328602,0.006001597006769721,0.00199453857328602,0.006001597006769721,0.00199453857328602,-2.778788562512756,-1.0372985887608475,-2.7847901595195257,-1.0392931273341335,0.0,0.0,Vmag_get_voltage_magnitude_series__angle_get_voltage_angle_series,true,Unknown,Ybus EMT reconstruction using exact complex bus-voltage phasors when available; otherwise diagnostic fallback
5.96,0.006001048509336471,0.001994334160605682,0.006001048509336471,0.001994334160605682,0.006001048509336471,0.001994334160605682,-2.778789111010189,-1.0372987931735278,-2.7847901595195257,-1.0392931273341335,0.0,0.0,Vmag_get_voltage_magnitude_series__angle_get_voltage_angle_series,true,Unknown,Ybus EMT reconstruction using exact complex bus-voltage phasors when available; otherwise diagnostic fallback
5.97,0.0060005005373495734,0.001994129944826506,0.0060005005373495734,0.001994129944826506,0.0060005005373495734,0.001994129944826506,-2.778789658982176,-1.037298997389307,-2.7847901595195257,-1.0392931273341335,0.0,0.0,Vmag_get_voltage_magnitude_series__angle_get_voltage_angle_series,true,Unknown,Ybus EMT reconstruction using exact complex bus-voltage phasors when available; otherwise diagnostic fallback
5.98,0.005999953129856905,0.001993925940628305,0.005999953129856905,0.001993925940628305,0.005999953129856905,0.001993925940628305,-2.778790206389669,-1.0372992013935052,-2.7847901595195257,-1.0392931273341335,0.0,0.0,Vmag_get_voltage_magnitude_series__angle_get_voltage_angle_series,true,Unknown,Ybus EMT reconstruction using exact complex bus-voltage phasors when available; otherwise diagnostic fallback
5.99,0.005999406325529311,0.0019937221624211077,0.005999406325529311,0.0019937221624211077,0.005999406325529311,0.0019937221624211077,-2.7787907531939964,-1.0372994051717124,-2.7847901595195257,-1.0392931273341335,0.0,0.0,Vmag_get_voltage_magnitude_series__angle_get_voltage_angle_series,true,Unknown,Ybus EMT reconstruction using exact complex bus-voltage phasors when available; otherwise diagnostic fallback
6.0,0.005998860162696129,0.0019935186245934045,0.005998860162696129,0.0019935186245934045,0.005998860162696129,0.0019935186245934045,-2.7787912993568296,-1.03729960870954,-2.7847901595195257,-1.0392931273341335,0.0,0.0,Vmag_get_voltage_magnitude_series__angle_get_voltage_angle_series,true,Unknown,Ybus EMT reconstruction using exact complex bus-voltage phasors when available; otherwise diagnostic fallback
6.01,0.005998314679295014,0.001993315341471069,0.005998314679295014,0.001993315341471069,0.005998314679295014,0.001993315341471069,-2.7787918448402307,-1.0372998119926624,-2.7847901595195257,-1.0392931273341335,0.0,0.0,Vmag_get_voltage_magnitude_series__angle_get_voltage_angle_series,true,Unknown,Ybus EMT reconstruction using exact complex bus-voltage phasors when available; otherwise diagnostic fallback
6.02,0.0059977699129003526,0.001993112327162816,0.0059977699129003526,0.001993112327162816,0.0059977699129003526,0.001993112327162816,-2.7787923896066253,-1.0373000150069707,-2.7847901595195257,-1.0392931273341335,0.0,0.0,Vmag_get_voltage_magnitude_series__angle_get_voltage_angle_series,true,Unknown,Ybus EMT reconstruction using exact complex bus-voltage phasors when available; otherwise diagnostic fallback
6.03,0.005997225900724157,0.0019929095954904774,0.005997225900724157,0.0019929095954904774,0.005997225900724157,0.0019929095954904774,-2.7787929336188015,-1.037300217738643,-2.7847901595195257,-1.0392931273341335,0.0,0.0,Vmag_get_voltage_magnitude_series__angle_get_voltage_angle_series,true,Unknown,Ybus EMT reconstruction using exact complex bus-voltage phasors when available; otherwise diagnostic fallback
6.04,0.005996682679557885,0.0019927071603711433,0.005996682679557885,0.0019927071603711433,0.005996682679557885,0.0019927071603711433,-2.778793476839968,-1.0373004201737623,-2.7847901595195257,-1.0392931273341335,0.0,0.0,Vmag_get_voltage_magnitude_series__angle_get_voltage_angle_series,true,Unknown,Ybus EMT reconstruction using exact complex bus-voltage phasors when available; otherwise diagnostic fallback
6.05,0.0059961402858474955,0.0019925050354954177,0.0059961402858474955,0.0019925050354954177,0.0059961402858474955,0.0019925050354954177,-2.778794019233678,-1.037300622298638,-2.7847901595195257,-1.0392931273341335,0.0,0.0,Vmag_get_voltage_magnitude_series__angle_get_voltage_angle_series,true,Unknown,Ybus EMT reconstruction using exact complex bus-voltage phasors when available; otherwise diagnostic fallback
6.06,0.005995598755637044,0.001992303234344517,0.005995598755637044,0.001992303234344517,0.005995598755637044,0.001992303234344517,-2.7787945607638886,-1.037300824099789,-2.7847901595195257,-1.0392931273341335,0.0,0.0,Vmag_get_voltage_magnitude_series__angle_get_voltage_angle_series,true,Unknown,Ybus EMT reconstruction using exact complex bus-voltage phasors when available; otherwise diagnostic fallback
6.07,0.005995058124573127,0.001992101770306176,0.005995058124573127,0.001992101770306176,0.005995058124573127,0.001992101770306176,-2.7787951013949526,-1.0373010255638273,-2.7847901595195257,-1.0392931273341335,0.0,0.0,Vmag_get_voltage_magnitude_series__angle_get_voltage_angle_series,true,Unknown,Ybus EMT reconstruction using exact complex bus-voltage phasors when available; otherwise diagnostic fallback
6.08,0.005994518427912432,0.0019919006565887187,0.005994518427912432,0.0019919006565887187,0.005994518427912432,0.0019919006565887187,-2.7787956410916133,-1.0373012266775448,-2.7847901595195257,-1.0392931273341335,0.0,0.0,Vmag_get_voltage_magnitude_series__angle_get_voltage_angle_series,true,Unknown,Ybus EMT reconstruction using exact complex bus-voltage phasors when available; otherwise diagnostic fallback
6.09,0.005993979700545271,0.001991699906374711,0.005993979700545271,0.001991699906374711,0.005993979700545271,0.001991699906374711,-2.7787961798189804,-1.0373014274277588,-2.7847901595195257,-1.0392931273341335,0.0,0.0,Vmag_get_voltage_magnitude_series__angle_get_voltage_angle_series,true,Unknown,Ybus EMT reconstruction using exact complex bus-voltage phasors when available; otherwise diagnostic fallback
6.1,0.005993441976916092,0.0019914995323910833,0.005993441976916092,0.0019914995323910833,0.005993441976916092,0.0019914995323910833,-2.7787967175426096,-1.0373016278017424,-2.7847901595195257,-1.0392931273341335,0.0,0.0,Vmag_get_voltage_magnitude_series__angle_get_voltage_angle_series,true,Unknown,Ybus EMT reconstruction using exact complex bus-voltage phasors when available; otherwise diagnostic fallback
6.11,0.005992905291110073,0.0019912995476638606,0.005992905291110073,0.0019912995476638606,0.005992905291110073,0.0019912995476638606,-2.7787972542284156,-1.0373018277864696,-2.7847901595195257,-1.0392931273341335,0.0,0.0,Vmag_get_voltage_magnitude_series__angle_get_voltage_angle_series,true,Unknown,Ybus EMT reconstruction using exact complex bus-voltage phasors when available; otherwise diagnostic fallback
6.12,0.005992369676790066,0.0019910999647971828,0.005992369676790066,0.0019910999647971828,0.005992369676790066,0.0019910999647971828,-2.7787977898427356,-1.0373020273693363,-2.7847901595195257,-1.0392931273341335,0.0,0.0,Vmag_get_voltage_magnitude_series__angle_get_voltage_angle_series,true,Unknown,Ybus EMT reconstruction using exact complex bus-voltage phasors when available; otherwise diagnostic fallback
6.13,0.005991835167227233,0.0019909007960619007,0.005991835167227233,0.0019909007960619007,0.005991835167227233,0.0019909007960619007,-2.7787983243522985,-1.0373022265380716,-2.7847901595195257,-1.0392931273341335,0.0,0.0,Vmag_get_voltage_magnitude_series__angle_get_voltage_angle_series,true,Unknown,Ybus EMT reconstruction using exact complex bus-voltage phasors when available; otherwise diagnostic fallback
6.14,0.005991301795305937,0.0019907020540428366,0.005991301795305937,0.0019907020540428366,0.005991301795305937,0.0019907020540428366,-2.7787988577242198,-1.0373024252800906,-2.7847901595195257,-1.0392931273341335,0.0,0.0,Vmag_get_voltage_magnitude_series__angle_get_voltage_angle_series,true,Unknown,Ybus EMT reconstruction using exact complex bus-voltage phasors when available; otherwise diagnostic fallback
6.15,0.005990769593462897,0.0019905037507075285,0.005990769593462897,0.0019905037507075285,0.005990769593462897,0.0019905037507075285,-2.778799389926063,-1.037302623583426,-2.7847901595195257,-1.0392931273341335,0.0,0.0,Vmag_get_voltage_magnitude_series__angle_get_voltage_angle_series,true,Unknown,Ybus EMT reconstruction using exact complex bus-voltage phasors when available; otherwise diagnostic fallback
6.16,0.005990238593779562,0.0019903058981924904,0.005990238593779562,0.0019903058981924904,0.005990238593779562,0.0019903058981924904,-2.778799920925746,-1.037302821435941,-2.7847901595195257,-1.0392931273341335,0.0,0.0,Vmag_get_voltage_magnitude_series__angle_get_voltage_angle_series,true,Unknown,Ybus EMT reconstruction using exact complex bus-voltage phasors when available; otherwise diagnostic fallback
6.17,0.005989708827894624,0.001990108508428845,0.005989708827894624,0.001990108508428845,0.005989708827894624,0.001990108508428845,-2.778800450691631,-1.0373030188257046,-2.7847901595195257,-1.0392931273341335,0.0,0.0,Vmag_get_voltage_magnitude_series__angle_get_voltage_angle_series,true,Unknown,Ybus EMT reconstruction using exact complex bus-voltage phasors when available; otherwise diagnostic fallback
6.18,0.005989180327048871,0.0019899115929753464,0.005989180327048871,0.0019899115929753464,0.005989180327048871,0.0019899115929753464,-2.778800979192477,-1.0373032157411581,-2.7847901595195257,-1.0392931273341335,0.0,0.0,Vmag_get_voltage_magnitude_series__angle_get_voltage_angle_series,true,Unknown,Ybus EMT reconstruction using exact complex bus-voltage phasors when available; otherwise diagnostic fallback
6.19,0.005988653122115384,0.001989715163592809,0.005988653122115384,0.001989715163592809,0.005988653122115384,0.001989715163592809,-2.7788015063974103,-1.0373034121705407,-2.7847901595195257,-1.0392931273341335,0.0,0.0,Vmag_get_voltage_magnitude_series__angle_get_voltage_angle_series,true,Unknown,Ybus EMT reconstruction using exact complex bus-voltage phasors when available; otherwise diagnostic fallback
6.2,0.005988127243500507,0.001989519231492487,0.005988127243500507,0.001989519231492487,0.005988127243500507,0.001989519231492487,-2.778802032276025,-1.037303608102641,-2.7847901595195257,-1.0392931273341335,0.0,0.0,Vmag_get_voltage_magnitude_series__angle_get_voltage_angle_series,true,Unknown,Ybus EMT reconstruction using exact complex bus-voltage phasors when available; otherwise diagnostic fallback
6.21,0.005987602721253538,0.001989323808071486,0.005987602721253538,0.001989323808071486,0.005987602721253538,0.001989323808071486,-2.778802556798272,-1.037303803526062,-2.7847901595195257,-1.0392931273341335,0.0,0.0,Vmag_get_voltage_magnitude_series__angle_get_voltage_angle_series,true,Unknown,Ybus EMT reconstruction using exact complex bus-voltage phasors when available; otherwise diagnostic fallback
6.22,0.005987079584989452,0.001989128904446469,0.005987079584989452,0.001989128904446469,0.005987079584989452,0.001989128904446469,-2.7788030799345362,-1.037303998429687,-2.7847901595195257,-1.0392931273341335,0.0,0.0,Vmag_get_voltage_magnitude_series__angle_get_voltage_angle_series,true,Unknown,Ybus EMT reconstruction using exact complex bus-voltage phasors when available; otherwise diagnostic fallback
6.23,0.005986557863932873,0.0019889345315327045,0.005986557863932873,0.0019889345315327045,0.005986557863932873,0.0019889345315327045,-2.778803601655593,-1.0373041928026008,-2.7847901595195257,-1.0392931273341335,0.0,0.0,Vmag_get_voltage_magnitude_series__angle_get_voltage_angle_series,true,Unknown,Ybus EMT reconstruction using exact complex bus-voltage phasors when available; otherwise diagnostic fallback
6.24,0.005986037586907411,0.001988740700088254,0.005986037586907411,0.001988740700088254,0.005986037586907411,0.001988740700088254,-2.7788041219326183,-1.0373043866340452,-2.7847901595195257,-1.0392931273341335,0.0,0.0,Vmag_get_voltage_magnitude_series__angle_get_voltage_angle_series,true,Unknown,Ybus EMT reconstruction using exact complex bus-voltage phasors when available; otherwise diagnostic fallback
6.25,0.0059855187823245615,0.0019885474208569676,0.0059855187823245615,0.0019885474208569676,0.0059855187823245615,0.0019885474208569676,-2.778804640737201,-1.0373045799132765,-2.7847901595195257,-1.0392931273341335,0.0,0.0,Vmag_get_voltage_magnitude_series__angle_get_voltage_angle_series,true,Unknown,Ybus EMT reconstruction using exact complex bus-voltage phasors when available; otherwise diagnostic fallback
6.26,0.005985001478190366,0.0019883547042742755,0.005985001478190366,0.0019883547042742755,0.005985001478190366,0.0019883547042742755,-2.7788051580413353,-1.0373047726298592,-2.7847901595195257,-1.0392931273341335,0.0,0.0,Vmag_get_voltage_magnitude_series__angle_get_voltage_angle_series,true,Unknown,Ybus EMT reconstruction using exact complex bus-voltage phasors when available; otherwise diagnostic fallback
6.27,0.005984485702101416,0.0019881625605882025,0.005984485702101416,0.0019881625605882025,0.005984485702101416,0.0019881625605882025,-2.7788056738174243,-1.0373049647735453,-2.7847901595195257,-1.0392931273341335,0.0,0.0,Vmag_get_voltage_magnitude_series__angle_get_voltage_angle_series,true,Unknown,Ybus EMT reconstruction using exact complex bus-voltage phasors when available; otherwise diagnostic fallback
6.28,0.005983971481279493,0.001987971000241062,0.005983971481279493,0.001987971000241062,0.005983971481279493,0.001987971000241062,-2.778806188038246,-1.0373051563338924,-2.7847901595195257,-1.0392931273341335,0.0,0.0,Vmag_get_voltage_magnitude_series__angle_get_voltage_angle_series,true,Unknown,Ybus EMT reconstruction using exact complex bus-voltage phasors when available; otherwise diagnostic fallback
6.29,0.005983458842519163,0.001987780032995934,0.005983458842519163,0.001987780032995934,0.005983458842519163,0.001987780032995934,-2.7788067006770065,-1.0373053473011375,-2.7847901595195257,-1.0392931273341335,0.0,0.0,Vmag_get_voltage_magnitude_series__angle_get_voltage_angle_series,true,Unknown,Ybus EMT reconstruction using exact complex bus-voltage phasors when available; otherwise diagnostic fallback
6.3,0.005982947812262829,0.00198758966896051,0.005982947812262829,0.00198758966896051,0.005982947812262829,0.00198758966896051,-2.778807211707263,-1.037305537665173,-2.7847901595195257,-1.0392931273341335,0.0,0.0,Vmag_get_voltage_magnitude_series__angle_get_voltage_angle_series,true,Unknown,Ybus EMT reconstruction using exact complex bus-voltage phasors when available; otherwise diagnostic fallback
6.31,0.005982438416483493,0.0019873999178228186,0.005982438416483493,0.0019873999178228186,0.005982438416483493,0.0019873999178228186,-2.778807721103042,-1.0373057274163107,-2.7847901595195257,-1.0392931273341335,0.0,0.0,Vmag_get_voltage_magnitude_series__angle_get_voltage_angle_series,true,Unknown,Ybus EMT reconstruction using exact complex bus-voltage phasors when available; otherwise diagnostic fallback
6.32,0.00598193068081132,0.0019872107890404056,0.00598193068081132,0.0019872107890404056,0.00598193068081132,0.0019872107890404056,-2.7788082288387144,-1.037305916545093,-2.7847901595195257,-1.0392931273341335,0.0,0.0,Vmag_get_voltage_magnitude_series__angle_get_voltage_angle_series,true,Unknown,Ybus EMT reconstruction using exact complex bus-voltage phasors when available; otherwise diagnostic fallback
6.33,0.005981424630478571,0.0019870222922366843,0.005981424630478571,0.0019870222922366843,0.005981424630478571,0.0019870222922366843,-2.778808734889047,-1.0373061050418968,-2.7847901595195257,-1.0392931273341335,0.0,0.0,Vmag_get_voltage_magnitude_series__angle_get_voltage_angle_series,true,Unknown,Ybus EMT reconstruction using exact complex bus-voltage phasors when available; otherwise diagnostic fallback
6.34,0.0059809202903200465,0.001986834436628504,0.0059809202903200465,0.001986834436628504,0.0059809202903200465,0.001986834436628504,-2.7788092392292056,-1.037306292897505,-2.7847901595195257,-1.0392931273341335,0.0,0.0,Vmag_get_voltage_magnitude_series__angle_get_voltage_angle_series,true,Unknown,Ybus EMT reconstruction using exact complex bus-voltage phasors when available; otherwise diagnostic fallback
6.35,0.0059804176847495505,0.001986647231230876,0.0059804176847495505,0.001986647231230876,0.0059804176847495505,0.001986647231230876,-2.778809741834776,-1.0373064801029026,-2.7847901595195257,-1.0392931273341335,0.0,0.0,Vmag_get_voltage_magnitude_series__angle_get_voltage_angle_series,true,Unknown,Ybus EMT reconstruction using exact complex bus-voltage phasors when available; otherwise diagnostic fallback
6.36,0.0059799168378469325,0.00198646068526509,0.0059799168378469325,0.00198646068526509,0.0059799168378469325,0.00198646068526509,-2.7788102426816788,-1.0373066666488684,-2.7847901595195257,-1.0392931273341335,0.0,0.0,Vmag_get_voltage_magnitude_series__angle_get_voltage_angle_series,true,Unknown,Ybus EMT reconstruction using exact complex bus-voltage phasors when available; otherwise diagnostic fallback
6.37,0.005979417773257278,0.0019862748074099823,0.005979417773257278,0.0019862748074099823,0.005979417773257278,0.0019862748074099823,-2.7788107417462684,-1.0373068525267235,-2.7847901595195257,-1.0392931273341335,0.0,0.0,Vmag_get_voltage_magnitude_series__angle_get_voltage_angle_series,true,Unknown,Ybus EMT reconstruction using exact complex bus-voltage phasors when available; otherwise diagnostic fallback
6.38,0.005978920514280173,0.001986089606543562,0.005978920514280173,0.001986089606543562,0.005978920514280173,0.001986089606543562,-2.7788112390052455,-1.03730703772759,-2.7847901595195257,-1.0392931273341335,0.0,0.0,Vmag_get_voltage_magnitude_series__angle_get_voltage_angle_series,true,Unknown,Ybus EMT reconstruction using exact complex bus-voltage phasors when available; otherwise diagnostic fallback
6.39,0.005978425083783989,0.0019859050910717713,0.005978425083783989,0.0019859050910717713,0.005978425083783989,0.0019859050910717713,-2.7788117344357417,-1.0373072222430617,-2.7847901595195257,-1.0392931273341335,0.0,0.0,Vmag_get_voltage_magnitude_series__angle_get_voltage_angle_series,true,Unknown,Ybus EMT reconstruction using exact complex bus-voltage phasors when available; otherwise diagnostic fallback
6.4,0.0059779315042973735,0.0019857212695204574,0.0059779315042973735,0.0019857212695204574,0.0059779315042973735,0.0019857212695204574,-2.7788122280152283,-1.037307406064613,-2.7847901595195257,-1.0392931273341335,0.0,0.0,Vmag_get_voltage_magnitude_series__angle_get_voltage_angle_series,true,Unknown,Ybus EMT reconstruction using exact complex bus-voltage phasors when available; otherwise diagnostic fallback
6.41,0.005977439797970607,0.0019855381500506475,0.005977439797970607,0.0019855381500506475,0.005977439797970607,0.0019855381500506475,-2.778812719721555,-1.0373075891840828,-2.7847901595195257,-1.0392931273341335,0.0,0.0,Vmag_get_voltage_magnitude_series__angle_get_voltage_angle_series,true,Unknown,Ybus EMT reconstruction using exact complex bus-voltage phasors when available; otherwise diagnostic fallback
6.42,0.005976949986531643,0.0019853557407853994,0.005976949986531643,0.0019853557407853994,0.005976949986531643,0.0019853557407853994,-2.778813209532994,-1.037307771593348,-2.7847901595195257,-1.0392931273341335,0.0,0.0,Vmag_get_voltage_magnitude_series__angle_get_voltage_angle_series,true,Unknown,Ybus EMT reconstruction using exact complex bus-voltage phasors when available; otherwise diagnostic fallback
6.43,0.0059764620913953515,0.0019851740498342263,0.0059764620913953515,0.0019851740498342263,0.0059764620913953515,0.0019851740498342263,-2.7788136974281303,-1.0373079532842993,-2.7847901595195257,-1.0392931273341335,0.0,0.0,Vmag_get_voltage_magnitude_series__angle_get_voltage_angle_series,true,Unknown,Ybus EMT reconstruction using exact complex bus-voltage phasors when available; otherwise diagnostic fallback
6.44,0.0059759761335684836,0.0019849930850397435,0.0059759761335684836,0.0019849930850397435,0.0059759761335684836,0.0019849930850397435,-2.778814183385957,-1.0373081342490937,-2.7847901595195257,-1.0392931273341335,0.0,0.0,Vmag_get_voltage_magnitude_series__angle_get_voltage_angle_series,true,Unknown,Ybus EMT reconstruction using exact complex bus-voltage phasors when available; otherwise diagnostic fallback
6.45,0.0059754921336594435,0.0019848128539809995,0.0059754921336594435,0.0019848128539809995,0.0059754921336594435,0.0019848128539809995,-2.7788146673858662,-1.0373083144801525,-2.7847901595195257,-1.0392931273341335,0.0,0.0,Vmag_get_voltage_magnitude_series__angle_get_voltage_angle_series,true,Unknown,Ybus EMT reconstruction using exact complex bus-voltage phasors when available; otherwise diagnostic fallback
6.46,0.005975010111965773,0.0019846333642545844,0.005975010111965773,0.0019846333642545844,0.005975010111965773,0.0019846333642545844,-2.77881514940756,-1.037308493969879,-2.7847901595195257,-1.0392931273341335,0.0,0.0,Vmag_get_voltage_magnitude_series__angle_get_voltage_angle_series,true,Unknown,Ybus EMT reconstruction using exact complex bus-voltage phasors when available; otherwise diagnostic fallback
6.47,0.005974530088390662,0.0019844546233789284,0.005974530088390662,0.0019844546233789284,0.005974530088390662,0.0019844546233789284,-2.778815629431135,-1.0373086727107546,-2.7847901595195257,-1.0392931273341335,0.0,0.0,Vmag_get_voltage_magnitude_series__angle_get_voltage_angle_series,true,Unknown,Ybus EMT reconstruction using exact complex bus-voltage phasors when available; otherwise diagnostic fallback
6.48,0.005974052082464709,0.001984276638582916,0.005974052082464709,0.001984276638582916,0.005974052082464709,0.001984276638582916,-2.778816107437061,-1.0373088506955506,-2.7847901595195257,-1.0392931273341335,0.0,0.0,Vmag_get_voltage_magnitude_series__angle_get_voltage_angle_series,true,Unknown,Ybus EMT reconstruction using exact complex bus-voltage phasors when available; otherwise diagnostic fallback
6.49,0.005973576113383672,0.001984099417096763,0.005973576113383672,0.001984099417096763,0.005973576113383672,0.001984099417096763,-2.778816583406142,-1.0373090279170367,-2.7847901595195257,-1.0392931273341335,0.0,0.0,Vmag_get_voltage_magnitude_series__angle_get_voltage_angle_series,true,Unknown,Ybus EMT reconstruction using exact complex bus-voltage phasors when available; otherwise diagnostic fallback
6.5,0.005973102199943181,0.001983922965815621,0.005973102199943181,0.001983922965815621,0.005973102199943181,0.001983922965815621,-2.7788170573195825,-1.0373092043683179,-2.7847901595195257,-1.0392931273341335,0.0,0.0,Vmag_get_voltage_magnitude_series__angle_get_voltage_angle_series,true,Unknown,Ybus EMT reconstruction using exact complex bus-voltage phasors when available; otherwise diagnostic fallback
6.51,0.005972630360607134,0.0019837472917321186,0.005972630360607134,0.0019837472917321186,0.005972630360607134,0.0019837472917321186,-2.7788175291589186,-1.0373093800424014,-2.7847901595195257,-1.0392931273341335,0.0,0.0,Vmag_get_voltage_magnitude_series__angle_get_voltage_angle_series,true,Unknown,Ybus EMT reconstruction using exact complex bus-voltage phasors when available; otherwise diagnostic fallback
6.52,0.0059721606134792715,0.001983572401443201,0.0059721606134792715,0.001983572401443201,0.0059721606134792715,0.001983572401443201,-2.7788179989060464,-1.0373095549326903,-2.7847901595195257,-1.0392931273341335,0.0,0.0,Vmag_get_voltage_magnitude_series__angle_get_voltage_angle_series,true,Unknown,Ybus EMT reconstruction using exact complex bus-voltage phasors when available; otherwise diagnostic fallback
6.53,0.0059716929763262705,0.001983398301742989,0.0059716929763262705,0.001983398301742989,0.0059716929763262705,0.001983398301742989,-2.7788184665431994,-1.0373097290323905,-2.7847901595195257,-1.0392931273341335,0.0,0.0,Vmag_get_voltage_magnitude_series__angle_get_voltage_angle_series,true,Unknown,Ybus EMT reconstruction using exact complex bus-voltage phasors when available; otherwise diagnostic fallback
6.54,0.005971227466525786,0.001983224999065225,0.005971227466525786,0.001983224999065225,0.005971227466525786,0.001983224999065225,-2.778818932053,-1.0373099023350683,-2.7847901595195257,-1.0392931273341335,0.0,0.0,Vmag_get_voltage_magnitude_series__angle_get_voltage_angle_series,true,Unknown,Ybus EMT reconstruction using exact complex bus-voltage phasors when available; otherwise diagnostic fallback
6.55,0.005970764101126402,0.0019830524996939936,0.005970764101126402,0.0019830524996939936,0.005970764101126402,0.0019830524996939936,-2.7788193954183993,-1.0373100748344395,-2.7847901595195257,-1.0392931273341335,0.0,0.0,Vmag_get_voltage_magnitude_series__angle_get_voltage_angle_series,true,Unknown,Ybus EMT reconstruction using exact complex bus-voltage phasors when available; otherwise diagnostic fallback
6.56,0.005970302896848523,0.001982880809963339,0.005970302896848523,0.001982880809963339,0.005970302896848523,0.001982880809963339,-2.778819856622677,-1.0373102465241701,-2.7847901595195257,-1.0392931273341335,0.0,0.0,Vmag_get_voltage_magnitude_series__angle_get_voltage_angle_series,true,Unknown,Ybus EMT reconstruction using exact complex bus-voltage phasors when available; otherwise diagnostic fallback
6.57,0.005969843870010205,0.0019827099358094014,0.005969843870010205,0.0019827099358094014,0.005969843870010205,0.0019827099358094014,-2.7788203156495155,-1.037310417398324,-2.7847901595195257,-1.0392931273341335,0.0,0.0,Vmag_get_voltage_magnitude_series__angle_get_voltage_angle_series,true,Unknown,Ybus EMT reconstruction using exact complex bus-voltage phasors when available; otherwise diagnostic fallback
6.58,0.00596938703665062,0.00198253988333863,0.00596938703665062,0.00198253988333863,0.00596938703665062,0.00198253988333863,-2.778820772482875,-1.0373105874507949,-2.7847901595195257,-1.0392931273341335,0.0,0.0,Vmag_get_voltage_magnitude_series__angle_get_voltage_angle_series,true,Unknown,Ybus EMT reconstruction using exact complex bus-voltage phasors when available; otherwise diagnostic fallback
6.59,0.005968932412421246,0.0019823706583428358,0.005968932412421246,0.0019823706583428358,0.005968932412421246,0.0019823706583428358,-2.7788212271071044,-1.0373107566757906,-2.7847901595195257,-1.0392931273341335,0.0,0.0,Vmag_get_voltage_magnitude_series__angle_get_voltage_angle_series,true,Unknown,Ybus EMT reconstruction using exact complex bus-voltage phasors when available; otherwise diagnostic fallback
6.6,0.0059684800126627024,0.0019822022665081374,0.0059684800126627024,0.0019822022665081374,0.0059684800126627024,0.0019822022665081374,-2.778821679506863,-1.0373109250676253,-2.7847901595195257,-1.0392931273341335,0.0,0.0,Vmag_get_voltage_magnitude_series__angle_get_voltage_angle_series,true,Unknown,Ybus EMT reconstruction using exact complex bus-voltage phasors when available; otherwise diagnostic fallback
6.61,0.005968029852352341,0.0019820347133245875,0.005968029852352341,0.0019820347133245875,0.005968029852352341,0.0019820347133245875,-2.7788221296671733,-1.037311092620809,-2.7847901595195257,-1.0392931273341335,0.0,0.0,Vmag_get_voltage_magnitude_series__angle_get_voltage_angle_series,true,Unknown,Ybus EMT reconstruction using exact complex bus-voltage phasors when available; otherwise diagnostic fallback
6.62,0.0059675819461513235,0.0019818680043608428,0.0059675819461513235,0.0019818680043608428,0.0059675819461513235,0.0019818680043608428,-2.7788225775733744,-1.0373112593297726,-2.7847901595195257,-1.0392931273341335,0.0,0.0,Vmag_get_voltage_magnitude_series__angle_get_voltage_angle_series,true,Unknown,Ybus EMT reconstruction using exact complex bus-voltage phasors when available; otherwise diagnostic fallback
6.63,0.005967136308363763,0.001981702144991937,0.005967136308363763,0.001981702144991937,0.005967136308363763,0.001981702144991937,-2.778823023211162,-1.0373114251891415,-2.7847901595195257,-1.0392931273341335,0.0,0.0,Vmag_get_voltage_magnitude_series__angle_get_voltage_angle_series,true,Unknown,Ybus EMT reconstruction using exact complex bus-voltage phasors when available; otherwise diagnostic fallback
6.64,0.0059666929529931245,0.001981537140260725,0.0059666929529931245,0.001981537140260725,0.0059666929529931245,0.001981537140260725,-2.7788234665665326,-1.0373115901938728,-2.7847901595195257,-1.0392931273341335,0.0,0.0,Vmag_get_voltage_magnitude_series__angle_get_voltage_angle_series,true,Unknown,Ybus EMT reconstruction using exact complex bus-voltage phasors when available; otherwise diagnostic fallback
6.65,0.0059662518936858255,0.001981372995442099,0.0059662518936858255,0.001981372995442099,0.0059662518936858255,0.001981372995442099,-2.77882390762584,-1.0373117543386914,-2.7847901595195257,-1.0392931273341335,0.0,0.0,Vmag_get_voltage_magnitude_series__angle_get_voltage_angle_series,true,Unknown,Ybus EMT reconstruction using exact complex bus-voltage phasors when available; otherwise diagnostic fallback
6.66,0.005965813143777421,0.0019812097152709374,0.005965813143777421,0.0019812097152709374,0.005965813143777421,0.0019812097152709374,-2.7788243463757483,-1.0373119176188625,-2.7847901595195257,-1.0392931273341335,0.0,0.0,Vmag_get_voltage_magnitude_series__angle_get_voltage_angle_series,true,Unknown,Ybus EMT reconstruction using exact complex bus-voltage phasors when available; otherwise diagnostic fallback
6.67,0.005965376716230875,0.0019810473047461308,0.005965376716230875,0.0019810473047461308,0.005965376716230875,0.0019810473047461308,-2.778824782803295,-1.0373120800293874,-2.7847901595195257,-1.0392931273341335,0.0,0.0,Vmag_get_voltage_magnitude_series__angle_get_voltage_angle_series,true,Unknown,Ybus EMT reconstruction using exact complex bus-voltage phasors when available; otherwise diagnostic fallback
6.68,0.0059649426237489145,0.001980885768512408,0.0059649426237489145,0.001980885768512408,0.0059649426237489145,0.001980885768512408,-2.7788252168957768,-1.037312241565621,-2.7847901595195257,-1.0392931273341335,0.0,0.0,Vmag_get_voltage_magnitude_series__angle_get_voltage_angle_series,true,Unknown,Ybus EMT reconstruction using exact complex bus-voltage phasors when available; otherwise diagnostic fallback
6.69,0.0059645108786621215,0.0019807251111010338,0.0059645108786621215,0.0019807251111010338,0.0059645108786621215,0.0019807251111010338,-2.7788256486408636,-1.0373124022230324,-2.7847901595195257,-1.0392931273341335,0.0,0.0,Vmag_get_voltage_magnitude_series__angle_get_voltage_angle_series,true,Unknown,Ybus EMT reconstruction using exact complex bus-voltage phasors when available; otherwise diagnostic fallback
6.7,0.005964081493004869,0.0019805653370701393,0.005964081493004869,0.0019805653370701393,0.005964081493004869,0.0019805653370701393,-2.778826078026521,-1.0373125619970633,-2.7847901595195257,-1.0392931273341335,0.0,0.0,Vmag_get_voltage_magnitude_series__angle_get_voltage_angle_series,true,Unknown,Ybus EMT reconstruction using exact complex bus-voltage phasors when available; otherwise diagnostic fallback
6.71,0.005963654478479352,0.0019804064507786823,0.005963654478479352,0.0019804064507786823,0.005963654478479352,0.0019804064507786823,-2.7788265050410463,-1.0373127208833548,-2.7847901595195257,-1.0392931273341335,0.0,0.0,Vmag_get_voltage_magnitude_series__angle_get_voltage_angle_series,true,Unknown,Ybus EMT reconstruction using exact complex bus-voltage phasors when available; otherwise diagnostic fallback
6.72,0.005963229846459139,0.001980248456329381,0.005963229846459139,0.001980248456329381,0.005963229846459139,0.001980248456329381,-2.7788269296730665,-1.037312878877804,-2.7847901595195257,-1.0392931273341335,0.0,0.0,Vmag_get_voltage_magnitude_series__angle_get_voltage_angle_series,true,Unknown,Ybus EMT reconstruction using exact complex bus-voltage phasors when available; otherwise diagnostic fallback
6.73,0.0059628076080047165,0.001980091357917324,0.0059628076080047165,0.001980091357917324,0.0059628076080047165,0.001980091357917324,-2.778827351911521,-1.0373130359762162,-2.7847901595195257,-1.0392931273341335,0.0,0.0,Vmag_get_voltage_magnitude_series__angle_get_voltage_angle_series,true,Unknown,Ybus EMT reconstruction using exact complex bus-voltage phasors when available; otherwise diagnostic fallback
6.74,0.005962387773866151,0.0019799351595453096,0.005962387773866151,0.0019799351595453096,0.005962387773866151,0.0019799351595453096,-2.7788277717456595,-1.0373131921745882,-2.7847901595195257,-1.0392931273341335,0.0,0.0,Vmag_get_voltage_magnitude_series__angle_get_voltage_angle_series,true,Unknown,Ybus EMT reconstruction using exact complex bus-voltage phasors when available; otherwise diagnostic fallback
6.75,0.005961970354479984,0.001979779864987208,0.005961970354479984,0.001979779864987208,0.005961970354479984,0.001979779864987208,-2.7788281891650457,-1.0373133474691463,-2.7847901595195257,-1.0392931273341335,0.0,0.0,Vmag_get_voltage_magnitude_series__angle_get_voltage_angle_series,true,Unknown,Ybus EMT reconstruction using exact complex bus-voltage phasors when available; otherwise diagnostic fallback
6.76,0.005961555359967008,0.0019796254781443423,0.005961555359967008,0.0019796254781443423,0.005961555359967008,0.0019796254781443423,-2.7788286041595587,-1.0373135018559891,-2.7847901595195257,-1.0392931273341335,0.0,0.0,Vmag_get_voltage_magnitude_series__angle_get_voltage_angle_series,true,Unknown,Ybus EMT reconstruction using exact complex bus-voltage phasors when available; otherwise diagnostic fallback
6.77,0.005961142800118058,0.0019794720025538837,0.005961142800118058,0.0019794720025538837,0.005961142800118058,0.0019794720025538837,-2.7788290167194076,-1.0373136553315796,-2.7847901595195257,-1.0392931273341335,0.0,0.0,Vmag_get_voltage_magnitude_series__angle_get_voltage_angle_series,true,Unknown,Ybus EMT reconstruction using exact complex bus-voltage phasors when available; otherwise diagnostic fallback
6.78,0.005960732684441972,0.0019793194417871973,0.005960732684441972,0.0019793194417871973,0.005960732684441972,0.0019793194417871973,-2.7788294268350837,-1.0373138078923463,-2.7847901595195257,-1.0392931273341335,0.0,0.0,Vmag_get_voltage_magnitude_series__angle_get_voltage_angle_series,true,Unknown,Ybus EMT reconstruction using exact complex bus-voltage phasors when available; otherwise diagnostic fallback
6.79,0.00596032502210786,0.001979167799084136,0.00596032502210786,0.001979167799084136,0.00596032502210786,0.001979167799084136,-2.778829834497418,-1.0373139595350493,-2.7847901595195257,-1.0392931273341335,0.0,0.0,Vmag_get_voltage_magnitude_series__angle_get_voltage_angle_series,true,Unknown,Ybus EMT reconstruction using exact complex bus-voltage phasors when available; otherwise diagnostic fallback
6.8,0.005959919822013937,0.0019790170779558913,0.005959919822013937,0.0019790170779558913,0.005959919822013937,0.0019790170779558913,-2.7788302396975118,-1.0373141102561776,-2.7847901595195257,-1.0392931273341335,0.0,0.0,Vmag_get_voltage_magnitude_series__angle_get_voltage_angle_series,true,Unknown,Ybus EMT reconstruction using exact complex bus-voltage phasors when available; otherwise diagnostic fallback
6.81,0.0059595170927093655,0.0019788672814673447,0.0059595170927093655,0.0019788672814673447,0.0059595170927093655,0.0019788672814673447,-2.7788306424268163,-1.0373142600526661,-2.7847901595195257,-1.0392931273341335,0.0,0.0,Vmag_get_voltage_magnitude_series__angle_get_voltage_angle_series,true,Unknown,Ybus EMT reconstruction using exact complex bus-voltage phasors when available; otherwise diagnostic fallback
6.82,0.005959116842480849,0.0019787184126303092,0.005959116842480849,0.0019787184126303092,0.005959116842480849,0.0019787184126303092,-2.778831042677045,-1.0373144089215032,-2.7847901595195257,-1.0392931273341335,0.0,0.0,Vmag_get_voltage_magnitude_series__angle_get_voltage_angle_series,true,Unknown,Ybus EMT reconstruction using exact complex bus-voltage phasors when available; otherwise diagnostic fallback
6.83,0.00595871907928025,0.001978570474536534,0.00595871907928025,0.001978570474536534,0.00595871907928025,0.001978570474536534,-2.7788314404402454,-1.037314556859597,-2.7847901595195257,-1.0392931273341335,0.0,0.0,Vmag_get_voltage_magnitude_series__angle_get_voltage_angle_series,true,Unknown,Ybus EMT reconstruction using exact complex bus-voltage phasors when available; otherwise diagnostic fallback
6.84,0.005958323810767219,0.0019784234699413705,0.005958323810767219,0.0019784234699413705,0.005958323810767219,0.0019784234699413705,-2.7788318357087585,-1.0373147038641921,-2.7847901595195257,-1.0392931273341335,0.0,0.0,Vmag_get_voltage_magnitude_series__angle_get_voltage_angle_series,true,Unknown,Ybus EMT reconstruction using exact complex bus-voltage phasors when available; otherwise diagnostic fallback
6.85,0.0059579310443123035,0.0019782774015522087,0.0059579310443123035,0.0019782774015522087,0.0059579310443123035,0.0019782774015522087,-2.7788322284752134,-1.0373148499325813,-2.7847901595195257,-1.0392931273341335,0.0,0.0,Vmag_get_voltage_magnitude_series__angle_get_voltage_angle_series,true,Unknown,Ybus EMT reconstruction using exact complex bus-voltage phasors when available; otherwise diagnostic fallback
6.86,0.005957540786971638,0.0019781322718945837,0.005957540786971638,0.0019781322718945837,0.005957540786971638,0.0019781322718945837,-2.778832618732554,-1.037314995062239,-2.7847901595195257,-1.0392931273341335,0.0,0.0,Vmag_get_voltage_magnitude_series__angle_get_voltage_angle_series,true,Unknown,Ybus EMT reconstruction using exact complex bus-voltage phasors when available; otherwise diagnostic fallback
6.87,0.00595715304551625,0.001977988083648796,0.00595715304551625,0.001977988083648796,0.00595715304551625,0.001977988083648796,-2.7788330064740094,-1.0373151392504847,-2.7847901595195257,-1.0392931273341335,0.0,0.0,Vmag_get_voltage_magnitude_series__angle_get_voltage_angle_series,true,Unknown,Ybus EMT reconstruction using exact complex bus-voltage phasors when available; otherwise diagnostic fallback
6.88,0.005956767826412079,0.0019778448391309933,0.005956767826412079,0.0019778448391309933,0.005956767826412079,0.0019778448391309933,-2.7788333916931136,-1.0373152824950025,-2.7847901595195257,-1.0392931273341335,0.0,0.0,Vmag_get_voltage_magnitude_series__angle_get_voltage_angle_series,true,Unknown,Ybus EMT reconstruction using exact complex bus-voltage phasors when available; otherwise diagnostic fallback
6.89,0.005956385135839959,0.0019777025405574022,0.005956385135839959,0.0019777025405574022,0.005956385135839959,0.0019777025405574022,-2.7788337743836857,-1.037315424793576,-2.7847901595195257,-1.0392931273341335,0.0,0.0,Vmag_get_voltage_magnitude_series__angle_get_voltage_angle_series,true,Unknown,Ybus EMT reconstruction using exact complex bus-voltage phasors when available; otherwise diagnostic fallback
6.9,0.005956004979678298,0.0019775611901007295,0.005956004979678298,0.0019775611901007295,0.005956004979678298,0.0019775611901007295,-2.7788341545398474,-1.0373155661440328,-2.7847901595195257,-1.0392931273341335,0.0,0.0,Vmag_get_voltage_magnitude_series__angle_get_voltage_angle_series,true,Unknown,Ybus EMT reconstruction using exact complex bus-voltage phasors when available; otherwise diagnostic fallback
6.91,0.005955627363536831,0.0019774207899172502,0.005955627363536831,0.0019774207899172502,0.005955627363536831,0.0019774207899172502,-2.778834532155989,-1.0373157065442162,-2.7847901595195257,-1.0392931273341335,0.0,0.0,Vmag_get_voltage_magnitude_series__angle_get_voltage_angle_series,true,Unknown,Ybus EMT reconstruction using exact complex bus-voltage phasors when available; otherwise diagnostic fallback
6.92,0.005955252292709989,0.0019772813418545976,0.005955252292709989,0.0019772813418545976,0.005955252292709989,0.0019772813418545976,-2.7788349072268157,-1.0373158459922789,-2.7847901595195257,-1.0392931273341335,0.0,0.0,Vmag_get_voltage_magnitude_series__angle_get_voltage_angle_series,true,Unknown,Ybus EMT reconstruction using exact complex bus-voltage phasors when available; otherwise diagnostic fallback
6.93,0.0059548797722039915,0.0019771428478339015,0.0059548797722039915,0.0019771428478339015,0.0059548797722039915,0.0019771428478339015,-2.7788352797473217,-1.0373159844862996,-2.7847901595195257,-1.0392931273341335,0.0,0.0,Vmag_get_voltage_magnitude_series__angle_get_voltage_angle_series,true,Unknown,Ybus EMT reconstruction using exact complex bus-voltage phasors when available; otherwise diagnostic fallback
6.94,0.005954509806787467,0.001977005309552027,0.005954509806787467,0.001977005309552027,0.005954509806787467,0.001977005309552027,-2.778835649712738,-1.0373161220245815,-2.7847901595195257,-1.0392931273341335,0.0,0.0,Vmag_get_voltage_magnitude_series__angle_get_voltage_angle_series,true,Unknown,Ybus EMT reconstruction using exact complex bus-voltage phasors when available; otherwise diagnostic fallback
6.95,0.0059541424009097454,0.0019768687286909614,0.0059541424009097454,0.0019768687286909614,0.0059541424009097454,0.0019768687286909614,-2.778836017118616,-1.0373162586054425,-2.7847901595195257,-1.0392931273341335,0.0,0.0,Vmag_get_voltage_magnitude_series__angle_get_voltage_angle_series,true,Unknown,Ybus EMT reconstruction using exact complex bus-voltage phasors when available; otherwise diagnostic fallback
6.96,0.0059537775587141795,0.0019767331067654936,0.0059537775587141795,0.0019767331067654936,0.0059537775587141795,0.0019767331067654936,-2.7788363819608115,-1.037316394227368,-2.7847901595195257,-1.0392931273341335,0.0,0.0,Vmag_get_voltage_magnitude_series__angle_get_voltage_angle_series,true,Unknown,Ybus EMT reconstruction using exact complex bus-voltage phasors when available; otherwise diagnostic fallback
6.97,0.005953415284121633,0.001976598445101674,0.005953415284121633,0.001976598445101674,0.005953415284121633,0.001976598445101674,-2.778836744235404,-1.0373165288890318,-2.7847901595195257,-1.0392931273341335,0.0,0.0,Vmag_get_voltage_magnitude_series__angle_get_voltage_angle_series,true,Unknown,Ybus EMT reconstruction using exact complex bus-voltage phasors when available; otherwise diagnostic fallback
6.98,0.005953055580744326,0.0019764647450914996,0.005953055580744326,0.0019764647450914996,0.005953055580744326,0.0019764647450914996,-2.7788371039387814,-1.037316662589042,-2.7847901595195257,-1.0392931273341335,0.0,0.0,Vmag_get_voltage_magnitude_series__angle_get_voltage_angle_series,true,Unknown,Ybus EMT reconstruction using exact complex bus-voltage phasors when available; otherwise diagnostic fallback
6.99,0.005952698451904936,0.0019763320079033697,0.005952698451904936,0.0019763320079033697,0.005952698451904936,0.0019763320079033697,-2.7788374610676208,-1.0373167953262301,-2.7847901595195257,-1.0392931273341335,0.0,0.0,Vmag_get_voltage_magnitude_series__angle_get_voltage_angle_series,true,Unknown,Ybus EMT reconstruction using exact complex bus-voltage phasors when available; otherwise diagnostic fallback
7.0,0.005952343900693435,0.001976200234796943,0.005952343900693435,0.001976200234796943,0.005952343900693435,0.001976200234796943,-2.7788378156188323,-1.0373169270993365,-2.7847901595195257,-1.0392931273341335,0.0,0.0,Vmag_get_voltage_magnitude_series__angle_get_voltage_angle_series,true,Unknown,Ybus EMT reconstruction using exact complex bus-voltage phasors when available; otherwise diagnostic fallback
7.01,0.005951991929926237,0.0019760694266373058,0.005951991929926237,0.0019760694266373058,0.005951991929926237,0.0019760694266373058,-2.7788381675895995,-1.0373170579074962,-2.7847901595195257,-1.0392931273341335,0.0,0.0,Vmag_get_voltage_magnitude_series__angle_get_voltage_angle_series,true,Unknown,Ybus EMT reconstruction using exact complex bus-voltage phasors when available; otherwise diagnostic fallback
7.02,0.005951642542096014,0.0019759395844143324,0.005951642542096014,0.0019759395844143324,0.005951642542096014,0.0019759395844143324,-2.7788385169774297,-1.0373171877497191,-2.7847901595195257,-1.0392931273341335,0.0,0.0,Vmag_get_voltage_magnitude_series__angle_get_voltage_angle_series,true,Unknown,Ybus EMT reconstruction using exact complex bus-voltage phasors when available; otherwise diagnostic fallback
7.03,0.005951295739500484,0.0019758107088818644,0.005951295739500484,0.0019758107088818644,0.005951295739500484,0.0019758107088818644,-2.778838863780025,-1.0373173166252516,-2.7847901595195257,-1.0392931273341335,0.0,0.0,Vmag_get_voltage_magnitude_series__angle_get_voltage_angle_series,true,Unknown,Ybus EMT reconstruction using exact complex bus-voltage phasors when available; otherwise diagnostic fallback
7.04,0.005950951524121173,0.001975682800836376,0.005950951524121173,0.001975682800836376,0.005950951524121173,0.001975682800836376,-2.7788392079954045,-1.037317444533297,-2.7847901595195257,-1.0392931273341335,0.0,0.0,Vmag_get_voltage_magnitude_series__angle_get_voltage_angle_series,true,Unknown,Ybus EMT reconstruction using exact complex bus-voltage phasors when available; otherwise diagnostic fallback
7.05,0.00595060989771623,0.0019755558608685053,0.00595060989771623,0.0019755558608685053,0.00595060989771623,0.0019755558608685053,-2.7788395496218095,-1.037317571473265,-2.7847901595195257,-1.0392931273341335,0.0,0.0,Vmag_get_voltage_magnitude_series__angle_get_voltage_angle_series,true,Unknown,Ybus EMT reconstruction using exact complex bus-voltage phasors when available; otherwise diagnostic fallback
7.06,0.005950270861746265,0.001975429889377933,0.005950270861746265,0.001975429889377933,0.005950270861746265,0.001975429889377933,-2.7788398886577794,-1.0373176974447555,-2.7847901595195257,-1.0392931273341335,0.0,0.0,Vmag_get_voltage_magnitude_series__angle_get_voltage_angle_series,true,Unknown,Ybus EMT reconstruction using exact complex bus-voltage phasors when available; otherwise diagnostic fallback
7.07,0.0059499344174649416,0.0019753048869286527,0.0059499344174649416,0.0019753048869286527,0.0059499344174649416,0.0019753048869286527,-2.7788402251020607,-1.0373178224472048,-2.7847901595195257,-1.0392931273341335,0.0,0.0,Vmag_get_voltage_magnitude_series__angle_get_voltage_angle_series,true,Unknown,Ybus EMT reconstruction using exact complex bus-voltage phasors when available; otherwise diagnostic fallback
7.08,0.005949600565814173,0.0019751808537766813,0.005949600565814173,0.0019751808537766813,0.005949600565814173,0.0019751808537766813,-2.7788405589537115,-1.0373179464803568,-2.7847901595195257,-1.0392931273341335,0.0,0.0,Vmag_get_voltage_magnitude_series__angle_get_voltage_angle_series,true,Unknown,Ybus EMT reconstruction using exact complex bus-voltage phasors when available; otherwise diagnostic fallback
7.09,0.005949269307565785,0.0019750577902877264,0.005949269307565785,0.0019750577902877264,0.005949269307565785,0.0019750577902877264,-2.77884089021196,-1.0373180695438458,-2.7847901595195257,-1.0392931273341335,0.0,0.0,Vmag_get_voltage_magnitude_series__angle_get_voltage_angle_series,true,Unknown,Ybus EMT reconstruction using exact complex bus-voltage phasors when available; otherwise diagnostic fallback
7.1,0.005948940643141665,0.001974935696425595,0.005948940643141665,0.001974935696425595,0.005948940643141665,0.001974935696425595,-2.778841218876384,-1.0373181916377079,-2.7847901595195257,-1.0392931273341335,0.0,0.0,Vmag_get_voltage_magnitude_series__angle_get_voltage_angle_series,true,Unknown,Ybus EMT reconstruction using exact complex bus-voltage phasors when available; otherwise diagnostic fallback
7.11,0.0059486145727856155,0.0019748145723008648,0.0059486145727856155,0.0019748145723008648,0.0059486145727856155,0.0019748145723008648,-2.77884154494674,-1.0373183127618326,-2.7847901595195257,-1.0392931273341335,0.0,0.0,Vmag_get_voltage_magnitude_series__angle_get_voltage_angle_series,true,Unknown,Ybus EMT reconstruction using exact complex bus-voltage phasors when available; otherwise diagnostic fallback
7.12,0.005948291096467884,0.0019746944178702375,0.005948291096467884,0.0019746944178702375,0.005948291096467884,0.0019746944178702375,-2.778841868423058,-1.0373184329162632,-2.7847901595195257,-1.0392931273341335,0.0,0.0,Vmag_get_voltage_magnitude_series__angle_get_voltage_angle_series,true,Unknown,Ybus EMT reconstruction using exact complex bus-voltage phasors when available; otherwise diagnostic fallback
7.13,0.005947970213950438,0.00197457523300848,0.005947970213950438,0.00197457523300848,0.005947970213950438,0.00197457523300848,-2.7788421893055752,-1.037318552101125,-2.7847901595195257,-1.0392931273341335,0.0,0.0,Vmag_get_voltage_magnitude_series__angle_get_voltage_angle_series,true,Unknown,Ybus EMT reconstruction using exact complex bus-voltage phasors when available; otherwise diagnostic fallback
7.14,0.005947651924733233,0.0019744570175539433,0.005947651924733233,0.0019744570175539433,0.005947651924733233,0.0019744570175539433,-2.7788425075947925,-1.0373186703165795,-2.7847901595195257,-1.0392931273341335,0.0,0.0,Vmag_get_voltage_magnitude_series__angle_get_voltage_angle_series,true,Unknown,Ybus EMT reconstruction using exact complex bus-voltage phasors when available; otherwise diagnostic fallback
7.15,0.0059473362280524356,0.001974339771133815,0.0059473362280524356,0.001974339771133815,0.0059473362280524356,0.001974339771133815,-2.7788428232914733,-1.0373187875629997,-2.7847901595195257,-1.0392931273341335,0.0,0.0,Vmag_get_voltage_magnitude_series__angle_get_voltage_angle_series,true,Unknown,Ybus EMT reconstruction using exact complex bus-voltage phasors when available; otherwise diagnostic fallback
7.16,0.005947023122984341,0.001974223493378613,0.005947023122984341,0.001974223493378613,0.005947023122984341,0.001974223493378613,-2.7788431363965413,-1.0373189038407549,-2.7847901595195257,-1.0392931273341335,0.0,0.0,Vmag_get_voltage_magnitude_series__angle_get_voltage_angle_series,true,Unknown,Ybus EMT reconstruction using exact complex bus-voltage phasors when available; otherwise diagnostic fallback
7.17,0.005946712608302374,0.0019741081837634233,0.005946712608302374,0.0019741081837634233,0.005946712608302374,0.0019741081837634233,-2.7788434469112233,-1.03731901915037,-2.7847901595195257,-1.0392931273341335,0.0,0.0,Vmag_get_voltage_magnitude_series__angle_get_voltage_angle_series,true,Unknown,Ybus EMT reconstruction using exact complex bus-voltage phasors when available; otherwise diagnostic fallback
7.18,0.0059464046825734584,0.0019739938416762914,0.0059464046825734584,0.0019739938416762914,0.0059464046825734584,0.0019739938416762914,-2.7788437548369522,-1.0373191334924572,-2.7847901595195257,-1.0392931273341335,0.0,0.0,Vmag_get_voltage_magnitude_series__angle_get_voltage_angle_series,true,Unknown,Ybus EMT reconstruction using exact complex bus-voltage phasors when available; otherwise diagnostic fallback
7.19,0.0059460993441660115,0.001973880466573652,0.0059460993441660115,0.001973880466573652,0.0059460993441660115,0.001973880466573652,-2.7788440601753597,-1.0373192468675598,-2.7847901595195257,-1.0392931273341335,0.0,0.0,Vmag_get_voltage_magnitude_series__angle_get_voltage_angle_series,true,Unknown,Ybus EMT reconstruction using exact complex bus-voltage phasors when available; otherwise diagnostic fallback
7.2,0.005945796591191765,0.001973768057684122,0.005945796591191765,0.001973768057684122,0.005945796591191765,0.001973768057684122,-2.778844362928334,-1.0373193592764494,-2.7847901595195257,-1.0392931273341335,0.0,0.0,Vmag_get_voltage_magnitude_series__angle_get_voltage_angle_series,true,Unknown,Ybus EMT reconstruction using exact complex bus-voltage phasors when available; otherwise diagnostic fallback
7.21,0.005945496421589258,0.001973656614248087,0.005945496421589258,0.001973656614248087,0.005945496421589258,0.001973656614248087,-2.7788446630979364,-1.0373194707198854,-2.7847901595195257,-1.0392931273341335,0.0,0.0,Vmag_get_voltage_magnitude_series__angle_get_voltage_angle_series,true,Unknown,Ybus EMT reconstruction using exact complex bus-voltage phasors when available; otherwise diagnostic fallback
7.22,0.005945198832983056,0.001973546135126014,0.005945198832983056,0.001973546135126014,0.005945198832983056,0.001973546135126014,-2.7788449606865426,-1.0373195811990075,-2.7847901595195257,-1.0392931273341335,0.0,0.0,Vmag_get_voltage_magnitude_series__angle_get_voltage_angle_series,true,Unknown,Ybus EMT reconstruction using exact complex bus-voltage phasors when available; otherwise diagnostic fallback
7.23,0.0059449038228964746,0.0019734366196273445,0.0059449038228964746,0.0019734366196273445,0.0059449038228964746,0.0019734366196273445,-2.778845255696629,-1.0373196907145061,-2.7847901595195257,-1.0392931273341335,0.0,0.0,Vmag_get_voltage_magnitude_series__angle_get_voltage_angle_series,true,Unknown,Ybus EMT reconstruction using exact complex bus-voltage phasors when available; otherwise diagnostic fallback
7.24,0.005944611388582821,0.0019733280665639175,0.005944611388582821,0.0019733280665639175,0.005944611388582821,0.0019733280665639175,-2.778845548130943,-1.0373197992675696,-2.7847901595195257,-1.0392931273341335,0.0,0.0,Vmag_get_voltage_magnitude_series__angle_get_voltage_angle_series,true,Unknown,Ybus EMT reconstruction using exact complex bus-voltage phasors when available; otherwise diagnostic fallback
7.25,0.005944321527084462,0.001973220474730919,0.005944321527084462,0.001973220474730919,0.005944321527084462,0.001973220474730919,-2.7788458379924412,-1.0373199068594026,-2.7847901595195257,-1.0392931273341335,0.0,0.0,Vmag_get_voltage_magnitude_series__angle_get_voltage_angle_series,true,Unknown,Ybus EMT reconstruction using exact complex bus-voltage phasors when available; otherwise diagnostic fallback
7.26,0.005944034235239037,0.0019731138430041373,0.005944034235239037,0.0019731138430041373,0.005944034235239037,0.0019731138430041373,-2.7788461252842867,-1.0373200134911293,-2.7847901595195257,-1.0392931273341335,0.0,0.0,Vmag_get_voltage_magnitude_series__angle_get_voltage_angle_series,true,Unknown,Ybus EMT reconstruction using exact complex bus-voltage phasors when available; otherwise diagnostic fallback
7.27,0.005943749509706109,0.0019730081701803126,0.005943749509706109,0.0019730081701803126,0.005943749509706109,0.0019730081701803126,-2.7788464100098196,-1.0373201191639532,-2.7847901595195257,-1.0392931273341335,0.0,0.0,Vmag_get_voltage_magnitude_series__angle_get_voltage_angle_series,true,Unknown,Ybus EMT reconstruction using exact complex bus-voltage phasors when available; otherwise diagnostic fallback
7.28,0.005943467346906761,0.0019729034546740465,0.005943467346906761,0.0019729034546740465,0.005943467346906761,0.0019729034546740465,-2.778846692172619,-1.0373202238794594,-2.7847901595195257,-1.0392931273341335,0.0,0.0,Vmag_get_voltage_magnitude_series__angle_get_voltage_angle_series,true,Unknown,Ybus EMT reconstruction using exact complex bus-voltage phasors when available; otherwise diagnostic fallback
7.29,0.0059431877430733415,0.0019727996951446336,0.0059431877430733415,0.0019727996951446336,0.0059431877430733415,0.0019727996951446336,-2.7788469717764523,-1.0373203276389888,-2.7847901595195257,-1.0392931273341335,0.0,0.0,Vmag_get_voltage_magnitude_series__angle_get_voltage_angle_series,true,Unknown,Ybus EMT reconstruction using exact complex bus-voltage phasors when available; otherwise diagnostic fallback
7.3,0.00594291069428321,0.001972696890113701,0.00594291069428321,0.001972696890113701,0.00594291069428321,0.001972696890113701,-2.7788472488252425,-1.0373204304440198,-2.7847901595195257,-1.0392931273341335,0.0,0.0,Vmag_get_voltage_magnitude_series__angle_get_voltage_angle_series,true,Unknown,Ybus EMT reconstruction using exact complex bus-voltage phasors when available; otherwise diagnostic fallback
7.31,0.005942636196362372,0.001972595037951441,0.005942636196362372,0.001972595037951441,0.005942636196362372,0.001972595037951441,-2.7788475233231633,-1.037320532296182,-2.7847901595195257,-1.0392931273341335,0.0,0.0,Vmag_get_voltage_magnitude_series__angle_get_voltage_angle_series,true,Unknown,Ybus EMT reconstruction using exact complex bus-voltage phasors when available; otherwise diagnostic fallback
7.32,0.005942364244956533,0.0019724941370065086,0.005942364244956533,0.0019724941370065086,0.005942364244956533,0.0019724941370065086,-2.778847795274569,-1.037320633197127,-2.7847901595195257,-1.0392931273341335,0.0,0.0,Vmag_get_voltage_magnitude_series__angle_get_voltage_angle_series,true,Unknown,Ybus EMT reconstruction using exact complex bus-voltage phasors when available; otherwise diagnostic fallback
7.33,0.005942094835571066,0.001972394185611792,0.005942094835571066,0.001972394185611792,0.005942094835571066,0.001972394185611792,-2.7788480646839546,-1.0373207331485217,-2.7847901595195257,-1.0392931273341335,0.0,0.0,Vmag_get_voltage_magnitude_series__angle_get_voltage_angle_series,true,Unknown,Ybus EMT reconstruction using exact complex bus-voltage phasors when available; otherwise diagnostic fallback
7.34,0.0059418279634422255,0.001972295181761563,0.0059418279634422255,0.001972295181761563,0.0059418279634422255,0.001972295181761563,-2.7788483315560835,-1.037320832152372,-2.7847901595195257,-1.0392931273341335,0.0,0.0,Vmag_get_voltage_magnitude_series__angle_get_voltage_angle_series,true,Unknown,Ybus EMT reconstruction using exact complex bus-voltage phasors when available; otherwise diagnostic fallback
7.35,0.005941563623695689,0.00197219712383756,0.005941563623695689,0.00197219712383756,0.005941563623695689,0.00197219712383756,-2.77884859589583,-1.037320930210296,-2.7847901595195257,-1.0392931273341335,0.0,0.0,Vmag_get_voltage_magnitude_series__angle_get_voltage_angle_series,true,Unknown,Ybus EMT reconstruction using exact complex bus-voltage phasors when available; otherwise diagnostic fallback
7.36,0.005941301811246635,0.0019721000097692176,0.005941301811246635,0.0019721000097692176,0.005941301811246635,0.0019721000097692176,-2.778848857708279,-1.0373210273243643,-2.7847901595195257,-1.0392931273341335,0.0,0.0,Vmag_get_voltage_magnitude_series__angle_get_voltage_angle_series,true,Unknown,Ybus EMT reconstruction using exact complex bus-voltage phasors when available; otherwise diagnostic fallback
7.37,0.0059410425208410444,0.0019720038376049853,0.0059410425208410444,0.0019720038376049853,0.0059410425208410444,0.0019720038376049853,-2.7788491169986846,-1.0373211234965285,-2.7847901595195257,-1.0392931273341335,0.0,0.0,Vmag_get_voltage_magnitude_series__angle_get_voltage_angle_series,true,Unknown,Ybus EMT reconstruction using exact complex bus-voltage phasors when available; otherwise diagnostic fallback
7.38,0.005940785747011734,0.0019719086052008006,0.005940785747011734,0.0019719086052008006,0.005940785747011734,0.0019719086052008006,-2.778849373772514,-1.0373212187289327,-2.7847901595195257,-1.0392931273341335,0.0,0.0,Vmag_get_voltage_magnitude_series__angle_get_voltage_angle_series,true,Unknown,Ybus EMT reconstruction using exact complex bus-voltage phasors when available; otherwise diagnostic fallback
7.39,0.005940531484194267,0.001971814310593345,0.005940531484194267,0.001971814310593345,0.005940531484194267,0.001971814310593345,-2.7788496280353314,-1.0373213130235401,-2.7847901595195257,-1.0392931273341335,0.0,0.0,Vmag_get_voltage_magnitude_series__angle_get_voltage_angle_series,true,Unknown,Ybus EMT reconstruction using exact complex bus-voltage phasors when available; otherwise diagnostic fallback
7.4,0.005940279726557307,0.001971720951391198,0.005940279726557307,0.001971720951391198,0.005940279726557307,0.001971720951391198,-2.7788498797929684,-1.0373214063827423,-2.7847901595195257,-1.0392931273341335,0.0,0.0,Vmag_get_voltage_magnitude_series__angle_get_voltage_angle_series,true,Unknown,Ybus EMT reconstruction using exact complex bus-voltage phasors when available; otherwise diagnostic fallback
7.41,0.005940030468159385,0.001971628525382796,0.005940030468159385,0.001971628525382796,0.005940030468159385,0.001971628525382796,-2.7788501290513663,-1.0373214988087507,-2.7847901595195257,-1.0392931273341335,0.0,0.0,Vmag_get_voltage_magnitude_series__angle_get_voltage_angle_series,true,Unknown,Ybus EMT reconstruction using exact complex bus-voltage phasors when available; otherwise diagnostic fallback
7.42,0.005939783702902712,0.0019715370303257096,0.005939783702902712,0.0019715370303257096,0.005939783702902712,0.0019715370303257096,-2.778850375816623,-1.0373215903038078,-2.7847901595195257,-1.0392931273341335,0.0,0.0,Vmag_get_voltage_magnitude_series__angle_get_voltage_angle_series,true,Unknown,Ybus EMT reconstruction using exact complex bus-voltage phasors when available; otherwise diagnostic fallback
7.43,0.00593953942447456,0.0019714464637816675,0.00593953942447456,0.0019714464637816675,0.00593953942447456,0.0019714464637816675,-2.778850620095051,-1.0373216808703518,-2.7847901595195257,-1.0392931273341335,0.0,0.0,Vmag_get_voltage_magnitude_series__angle_get_voltage_angle_series,true,Unknown,Ybus EMT reconstruction using exact complex bus-voltage phasors when available; otherwise diagnostic fallback
7.44,0.005939297626447182,0.001971356823341708,0.005939297626447182,0.001971356823341708,0.005939297626447182,0.001971356823341708,-2.7788508618930785,-1.0373217705107918,-2.7847901595195257,-1.0392931273341335,0.0,0.0,Vmag_get_voltage_magnitude_series__angle_get_voltage_angle_series,true,Unknown,Ybus EMT reconstruction using exact complex bus-voltage phasors when available; otherwise diagnostic fallback
7.45,0.005939058302199651,0.0019712681064270043,0.005939058302199651,0.0019712681064270043,0.005939058302199651,0.0019712681064270043,-2.778851101217326,-1.0373218592277065,-2.7847901595195257,-1.0392931273341335,0.0,0.0,Vmag_get_voltage_magnitude_series__angle_get_voltage_angle_series,true,Unknown,Ybus EMT reconstruction using exact complex bus-voltage phasors when available; otherwise diagnostic fallback
7.46,0.005938821444969378,0.0019711803105397774,0.005938821444969378,0.0019711803105397774,0.005938821444969378,0.0019711803105397774,-2.7788513380745563,-1.0373219470235937,-2.7847901595195257,-1.0392931273341335,0.0,0.0,Vmag_get_voltage_magnitude_series__angle_get_voltage_angle_series,true,Unknown,Ybus EMT reconstruction using exact complex bus-voltage phasors when available; otherwise diagnostic fallback
7.47,0.00593858704783079,0.001971093433006832,0.00593858704783079,0.001971093433006832,0.00593858704783079,0.001971093433006832,-2.778851572471695,-1.0373220339011266,-2.7847901595195257,-1.0392931273341335,0.0,0.0,Vmag_get_voltage_magnitude_series__angle_get_voltage_angle_series,true,Unknown,Ybus EMT reconstruction using exact complex bus-voltage phasors when available; otherwise diagnostic fallback
7.48,0.00593835510370555,0.0019710074712429027,0.00593835510370555,0.0019710074712429027,0.00593835510370555,0.0019710074712429027,-2.77885180441582,-1.0373221198628906,-2.7847901595195257,-1.0392931273341335,0.0,0.0,Vmag_get_voltage_magnitude_series__angle_get_voltage_angle_series,true,Unknown,Ybus EMT reconstruction using exact complex bus-voltage phasors when available; otherwise diagnostic fallback
7.49,0.005938125605377209,0.0019709224223400934,0.005938125605377209,0.0019709224223400934,0.005938125605377209,0.0019709224223400934,-2.7788520339141485,-1.0373222049117934,-2.7847901595195257,-1.0392931273341335,0.0,0.0,Vmag_get_voltage_magnitude_series__angle_get_voltage_angle_series,true,Unknown,Ybus EMT reconstruction using exact complex bus-voltage phasors when available; otherwise diagnostic fallback
7.5,0.005937898545479214,0.0019708382837309024,0.005937898545479214,0.0019708382837309024,0.005937898545479214,0.0019708382837309024,-2.7788522609740465,-1.0373222890504026,-2.7847901595195257,-1.0392931273341335,0.0,0.0,Vmag_get_voltage_magnitude_series__angle_get_voltage_angle_series,true,Unknown,Ybus EMT reconstruction using exact complex bus-voltage phasors when available; otherwise diagnostic fallback
7.51,0.005937673916453168,0.0019707550524385997,0.005937673916453168,0.0019707550524385997,0.005937673916453168,0.0019707550524385997,-2.7788524856030725,-1.0373223722816949,-2.7847901595195257,-1.0392931273341335,0.0,0.0,Vmag_get_voltage_magnitude_series__angle_get_voltage_angle_series,true,Unknown,Ybus EMT reconstruction using exact complex bus-voltage phasors when available; otherwise diagnostic fallback
7.52,0.005937451710669617,0.0019706727255628387,0.005937451710669617,0.0019706727255628387,0.005937451710669617,0.0019706727255628387,-2.778852707808856,-1.0373224546085706,-2.7847901595195257,-1.0392931273341335,0.0,0.0,Vmag_get_voltage_magnitude_series__angle_get_voltage_angle_series,true,Unknown,Ybus EMT reconstruction using exact complex bus-voltage phasors when available; otherwise diagnostic fallback
7.53,0.005937231920306374,0.0019705913002261433,0.005937231920306374,0.0019705913002261433,0.005937231920306374,0.0019705913002261433,-2.7788529275992193,-1.0373225360339073,-2.7847901595195257,-1.0392931273341335,0.0,0.0,Vmag_get_voltage_magnitude_series__angle_get_voltage_angle_series,true,Unknown,Ybus EMT reconstruction using exact complex bus-voltage phasors when available; otherwise diagnostic fallback
7.54,0.005937014537398255,0.001970510773365408,0.005937014537398255,0.001970510773365408,0.005937014537398255,0.001970510773365408,-2.7788531449821274,-1.037322616560768,-2.7847901595195257,-1.0392931273341335,0.0,0.0,Vmag_get_voltage_magnitude_series__angle_get_voltage_angle_series,true,Unknown,Ybus EMT reconstruction using exact complex bus-voltage phasors when available; otherwise diagnostic fallback
7.55,0.005936799553852179,0.0019704311419113107,0.005936799553852179,0.0019704311419113107,0.005936799553852179,0.0019704311419113107,-2.7788533599656735,-1.0373226961922222,-2.7847901595195257,-1.0392931273341335,0.0,0.0,Vmag_get_voltage_magnitude_series__angle_get_voltage_angle_series,true,Unknown,Ybus EMT reconstruction using exact complex bus-voltage phasors when available; otherwise diagnostic fallback
7.56,0.005936586961461376,0.001970352402747233,0.005936586961461376,0.001970352402747233,0.005936586961461376,0.001970352402747233,-2.7788535725580643,-1.0373227749313862,-2.7847901595195257,-1.0392931273341335,0.0,0.0,Vmag_get_voltage_magnitude_series__angle_get_voltage_angle_series,true,Unknown,Ybus EMT reconstruction using exact complex bus-voltage phasors when available; otherwise diagnostic fallback
7.57,0.0059363767518667565,0.0019702745528049626,0.0059363767518667565,0.0019702745528049626,0.0059363767518667565,0.0019702745528049626,-2.778853782767659,-1.0373228527813285,-2.7847901595195257,-1.0392931273341335,0.0,0.0,Vmag_get_voltage_magnitude_series__angle_get_voltage_angle_series,true,Unknown,Ybus EMT reconstruction using exact complex bus-voltage phasors when available; otherwise diagnostic fallback
7.58,0.005936168916556905,0.0019701975888251066,0.005936168916556905,0.0019701975888251066,0.005936168916556905,0.0019701975888251066,-2.778853990602969,-1.0373229297453084,-2.7847901595195257,-1.0392931273341335,0.0,0.0,Vmag_get_voltage_magnitude_series__angle_get_voltage_angle_series,true,Unknown,Ybus EMT reconstruction using exact complex bus-voltage phasors when available; otherwise diagnostic fallback
7.59,0.005935963446913828,0.001970121507471667,0.005935963446913828,0.001970121507471667,0.005935963446913828,0.001970121507471667,-2.778854196072612,-1.0373230058266618,-2.7847901595195257,-1.0392931273341335,0.0,0.0,Vmag_get_voltage_magnitude_series__angle_get_voltage_angle_series,true,Unknown,Ybus EMT reconstruction using exact complex bus-voltage phasors when available; otherwise diagnostic fallback
7.6,0.005935760334197848,0.001970046305629136,0.005935760334197848,0.001970046305629136,0.005935760334197848,0.001970046305629136,-2.778854399185328,-1.0373230810285043,-2.7847901595195257,-1.0392931273341335,0.0,0.0,Vmag_get_voltage_magnitude_series__angle_get_voltage_angle_series,true,Unknown,Ybus EMT reconstruction using exact complex bus-voltage phasors when available; otherwise diagnostic fallback
7.61,0.005935559569528959,0.0019699719797521276,0.005935559569528959,0.0019699719797521276,0.005935559569528959,0.0019699719797521276,-2.7788545999499967,-1.0373231553543814,-2.7847901595195257,-1.0392931273341335,0.0,0.0,Vmag_get_voltage_magnitude_series__angle_get_voltage_angle_series,true,Unknown,Ybus EMT reconstruction using exact complex bus-voltage phasors when available; otherwise diagnostic fallback
7.62,0.005935361143885931,0.0019698985265952373,0.005935361143885931,0.0019698985265952373,0.005935361143885931,0.0019698985265952373,-2.7788547983756398,-1.0373232288075382,-2.7847901595195257,-1.0392931273341335,0.0,0.0,Vmag_get_voltage_magnitude_series__angle_get_voltage_angle_series,true,Unknown,Ybus EMT reconstruction using exact complex bus-voltage phasors when available; otherwise diagnostic fallback
7.63,0.005935165048165381,0.001969825942686798,0.005935165048165381,0.001969825942686798,0.005935165048165381,0.001969825942686798,-2.7788549944713603,-1.0373233013914467,-2.7847901595195257,-1.0392931273341335,0.0,0.0,Vmag_get_voltage_magnitude_series__angle_get_voltage_angle_series,true,Unknown,Ybus EMT reconstruction using exact complex bus-voltage phasors when available; otherwise diagnostic fallback
7.64,0.005934971273118705,0.0019697542245040722,0.005934971273118705,0.0019697542245040722,0.005934971273118705,0.0019697542245040722,-2.778855188246407,-1.0373233731096294,-2.7847901595195257,-1.0392931273341335,0.0,0.0,Vmag_get_voltage_magnitude_series__angle_get_voltage_angle_series,true,Unknown,Ybus EMT reconstruction using exact complex bus-voltage phasors when available; otherwise diagnostic fallback
7.65,0.005934779809400048,0.001969683368558073,0.005934779809400048,0.001969683368558073,0.005934779809400048,0.001969683368558073,-2.7788553797101256,-1.0373234439655754,-2.7847901595195257,-1.0392931273341335,0.0,0.0,Vmag_get_voltage_magnitude_series__angle_get_voltage_angle_series,true,Unknown,Ybus EMT reconstruction using exact complex bus-voltage phasors when available; otherwise diagnostic fallback
7.66,0.0059345906475103405,0.0019696133712168162,0.0059345906475103405,0.0019696133712168162,0.0059345906475103405,0.0019696133712168162,-2.7788555688720153,-1.0373235139629167,-2.7847901595195257,-1.0392931273341335,0.0,0.0,Vmag_get_voltage_magnitude_series__angle_get_voltage_angle_series,true,Unknown,Ybus EMT reconstruction using exact complex bus-voltage phasors when available; otherwise diagnostic fallback
7.67,0.00593440377786969,0.0019695442289644483,0.00593440377786969,0.0019695442289644483,0.00593440377786969,0.0019695442289644483,-2.778855755741656,-1.037323583105169,-2.7847901595195257,-1.0392931273341335,0.0,0.0,Vmag_get_voltage_magnitude_series__angle_get_voltage_angle_series,true,Unknown,Ybus EMT reconstruction using exact complex bus-voltage phasors when available; otherwise diagnostic fallback
7.68,0.005934219190777856,0.0019694759380000093,0.005934219190777856,0.0019694759380000093,0.005934219190777856,0.0019694759380000093,-2.778855940328748,-1.0373236513961335,-2.7847901595195257,-1.0392931273341335,0.0,0.0,Vmag_get_voltage_magnitude_series__angle_get_voltage_angle_series,true,Unknown,Ybus EMT reconstruction using exact complex bus-voltage phasors when available; otherwise diagnostic fallback
7.69,0.00593403687641203,0.0019694084947203816,0.00593403687641203,0.0019694084947203816,0.00593403687641203,0.0019694084947203816,-2.7788561226431137,-1.037323718839413,-2.7847901595195257,-1.0392931273341335,0.0,0.0,Vmag_get_voltage_magnitude_series__angle_get_voltage_angle_series,true,Unknown,Ybus EMT reconstruction using exact complex bus-voltage phasors when available; otherwise diagnostic fallback
7.7,0.005933856824876127,0.0019693418954889186,0.005933856824876127,0.0019693418954889186,0.005933856824876127,0.0019693418954889186,-2.7788563026946496,-1.0373237854386446,-2.7847901595195257,-1.0392931273341335,0.0,0.0,Vmag_get_voltage_magnitude_series__angle_get_voltage_angle_series,true,Unknown,Ybus EMT reconstruction using exact complex bus-voltage phasors when available; otherwise diagnostic fallback
7.71,0.005933679026112415,0.001969276136376985,0.005933679026112415,0.001969276136376985,0.005933679026112415,0.001969276136376985,-2.7788564804934133,-1.0373238511977565,-2.7847901595195257,-1.0392931273341335,0.0,0.0,Vmag_get_voltage_magnitude_series__angle_get_voltage_angle_series,true,Unknown,Ybus EMT reconstruction using exact complex bus-voltage phasors when available; otherwise diagnostic fallback
7.72,0.0059335034700125355,0.001969211213625366,0.0059335034700125355,0.001969211213625366,0.0059335034700125355,0.001969211213625366,-2.778856656049513,-1.0373239161205081,-2.7847901595195257,-1.0392931273341335,0.0,0.0,Vmag_get_voltage_magnitude_series__angle_get_voltage_angle_series,true,Unknown,Ybus EMT reconstruction using exact complex bus-voltage phasors when available; otherwise diagnostic fallback
7.73,0.005933330146352667,0.0019691471233178603,0.005933330146352667,0.0019691471233178603,0.005933330146352667,0.0019691471233178603,-2.778856829373173,-1.0373239802108156,-2.7847901595195257,-1.0392931273341335,0.0,0.0,Vmag_get_voltage_magnitude_series__angle_get_voltage_angle_series,true,Unknown,Ybus EMT reconstruction using exact complex bus-voltage phasors when available; otherwise diagnostic fallback
7.74,0.005933159044786862,0.0019690838617052453,0.005933159044786862,0.0019690838617052453,0.005933159044786862,0.0019690838617052453,-2.778857000474739,-1.0373240434724282,-2.7847901595195257,-1.0392931273341335,0.0,0.0,Vmag_get_voltage_magnitude_series__angle_get_voltage_angle_series,true,Unknown,Ybus EMT reconstruction using exact complex bus-voltage phasors when available; otherwise diagnostic fallback
7.75,0.005932990154897677,0.0019690214247991555,0.005932990154897677,0.0019690214247991555,0.005932990154897677,0.0019690214247991555,-2.778857169364628,-1.0373241059093343,-2.7847901595195257,-1.0392931273341335,0.0,0.0,Vmag_get_voltage_magnitude_series__angle_get_voltage_angle_series,true,Unknown,Ybus EMT reconstruction using exact complex bus-voltage phasors when available; otherwise diagnostic fallback
7.76,0.005932823466163306,0.0019689598085941284,0.005932823466163306,0.0019689598085941284,0.005932823466163306,0.0019689598085941284,-2.7788573360533624,-1.0373241675255394,-2.7847901595195257,-1.0392931273341335,0.0,0.0,Vmag_get_voltage_magnitude_series__angle_get_voltage_angle_series,true,Unknown,Ybus EMT reconstruction using exact complex bus-voltage phasors when available; otherwise diagnostic fallback
7.77,0.005932658967950033,0.0019688990091355496,0.005932658967950033,0.0019688990091355496,0.005932658967950033,0.0019688990091355496,-2.7788575005515757,-1.037324228324998,-2.7847901595195257,-1.0392931273341335,0.0,0.0,Vmag_get_voltage_magnitude_series__angle_get_voltage_angle_series,true,Unknown,Ybus EMT reconstruction using exact complex bus-voltage phasors when available; otherwise diagnostic fallback
7.78,0.005932496649576624,0.0019688390223884245,0.005932496649576624,0.0019688390223884245,0.005932496649576624,0.0019688390223884245,-2.778857662869949,-1.037324288311745,-2.7847901595195257,-1.0392931273341335,0.0,0.0,Vmag_get_voltage_magnitude_series__angle_get_voltage_angle_series,true,Unknown,Ybus EMT reconstruction using exact complex bus-voltage phasors when available; otherwise diagnostic fallback
7.79,0.005932336500224178,0.0019687798442522553,0.005932336500224178,0.0019687798442522553,0.005932336500224178,0.0019687798442522553,-2.7788578230193015,-1.0373243474898812,-2.7847901595195257,-1.0392931273341335,0.0,0.0,Vmag_get_voltage_magnitude_series__angle_get_voltage_angle_series,true,Unknown,Ybus EMT reconstruction using exact complex bus-voltage phasors when available; otherwise diagnostic fallback
7.8,0.005932178509031161,0.001968721470803958,0.005932178509031161,0.001968721470803958,0.005932178509031161,0.001968721470803958,-2.7788579810104945,-1.0373244058633295,-2.7847901595195257,-1.0392931273341335,0.0,0.0,Vmag_get_voltage_magnitude_series__angle_get_voltage_angle_series,true,Unknown,Ybus EMT reconstruction using exact complex bus-voltage phasors when available; otherwise diagnostic fallback
7.81,0.005932022664993486,0.0019686638977012283,0.005932022664993486,0.0019686638977012283,0.005932022664993486,0.0019686638977012283,-2.778858136854532,-1.0373244634364323,-2.7847901595195257,-1.0392931273341335,0.0,0.0,Vmag_get_voltage_magnitude_series__angle_get_voltage_angle_series,true,Unknown,Ybus EMT reconstruction using exact complex bus-voltage phasors when available; otherwise diagnostic fallback
7.82,0.005931868957100406,0.001968607120955923,0.005931868957100406,0.001968607120955923,0.005931868957100406,0.001968607120955923,-2.7788582905624253,-1.0373245202131776,-2.7847901595195257,-1.0392931273341335,0.0,0.0,Vmag_get_voltage_magnitude_series__angle_get_voltage_angle_series,true,Unknown,Ybus EMT reconstruction using exact complex bus-voltage phasors when available; otherwise diagnostic fallback
7.83,0.005931717374189294,0.0019685511362372843,0.005931717374189294,0.0019685511362372843,0.005931717374189294,0.0019685511362372843,-2.7788584421453364,-1.0373245761978962,-2.7847901595195257,-1.0392931273341335,0.0,0.0,Vmag_get_voltage_magnitude_series__angle_get_voltage_angle_series,true,Unknown,Ybus EMT reconstruction using exact complex bus-voltage phasors when available; otherwise diagnostic fallback
7.84,0.0059315679050380155,0.0019684959394008494,0.0059315679050380155,0.0019684959394008494,0.0059315679050380155,0.0019684959394008494,-2.7788585916144877,-1.0373246313947326,-2.7847901595195257,-1.0392931273341335,0.0,0.0,Vmag_get_voltage_magnitude_series__angle_get_voltage_angle_series,true,Unknown,Ybus EMT reconstruction using exact complex bus-voltage phasors when available; otherwise diagnostic fallback
7.85,0.005931420538364929,0.0019684415262111177,0.005931420538364929,0.0019684415262111177,0.005931420538364929,0.0019684415262111177,-2.7788587389811608,-1.0373246858079224,-2.7847901595195257,-1.0392931273341335,0.0,0.0,Vmag_get_voltage_magnitude_series__angle_get_voltage_angle_series,true,Unknown,Ybus EMT reconstruction using exact complex bus-voltage phasors when available; otherwise diagnostic fallback
7.86,0.00593127526282089,0.0019683878924385834,0.00593127526282089,0.0019683878924385834,0.00593127526282089,0.0019683878924385834,-2.778858884256705,-1.037324739441695,-2.7847901595195257,-1.0392931273341335,0.0,0.0,Vmag_get_voltage_magnitude_series__angle_get_voltage_angle_series,true,Unknown,Ybus EMT reconstruction using exact complex bus-voltage phasors when available; otherwise diagnostic fallback
7.87,0.005931132066959055,0.001968335033676105,0.005931132066959055,0.001968335033676105,0.005931132066959055,0.001968335033676105,-2.7788590274525666,-1.0373247923004574,-2.7847901595195257,-1.0392931273341335,0.0,0.0,Vmag_get_voltage_magnitude_series__angle_get_voltage_angle_series,true,Unknown,Ybus EMT reconstruction using exact complex bus-voltage phasors when available; otherwise diagnostic fallback
7.88,0.005930990939236214,0.0019682829456748596,0.005930990939236214,0.0019682829456748596,0.005930990939236214,0.0019682829456748596,-2.7788591685802895,-1.0373248443884586,-2.7847901595195257,-1.0392931273341335,0.0,0.0,Vmag_get_voltage_magnitude_series__angle_get_voltage_angle_series,true,Unknown,Ybus EMT reconstruction using exact complex bus-voltage phasors when available; otherwise diagnostic fallback
7.89,0.005930851868100273,0.0019682316240521303,0.005930851868100273,0.0019682316240521303,0.005930851868100273,0.0019682316240521303,-2.7788593076514254,-1.0373248957100814,-2.7847901595195257,-1.0392931273341335,0.0,0.0,Vmag_get_voltage_magnitude_series__angle_get_voltage_angle_series,true,Unknown,Ybus EMT reconstruction using exact complex bus-voltage phasors when available; otherwise diagnostic fallback
7.9,0.005930714841897,0.0019681810644596176,0.005930714841897,0.0019681810644596176,0.005930714841897,0.0019681810644596176,-2.7788594446776287,-1.0373249462696739,-2.7847901595195257,-1.0392931273341335,0.0,0.0,Vmag_get_voltage_magnitude_series__angle_get_voltage_angle_series,true,Unknown,Ybus EMT reconstruction using exact complex bus-voltage phasors when available; otherwise diagnostic fallback
7.91,0.005930579848895778,0.001968131262462869,0.005930579848895778,0.001968131262462869,0.005930579848895778,0.001968131262462869,-2.77885957967063,-1.0373249960716706,-2.7847901595195257,-1.0392931273341335,0.0,0.0,Vmag_get_voltage_magnitude_series__angle_get_voltage_angle_series,true,Unknown,Ybus EMT reconstruction using exact complex bus-voltage phasors when available; otherwise diagnostic fallback
7.92,0.005930446877328244,0.0019680822136649567,0.005930446877328244,0.0019680822136649567,0.005930446877328244,0.0019680822136649567,-2.7788597126421974,-1.0373250451204685,-2.7847901595195257,-1.0392931273341335,0.0,0.0,Vmag_get_voltage_magnitude_series__angle_get_voltage_angle_series,true,Unknown,Ybus EMT reconstruction using exact complex bus-voltage phasors when available; otherwise diagnostic fallback
7.93,0.005930315915356754,0.0019680339135919045,0.005930315915356754,0.0019680339135919045,0.005930315915356754,0.0019680339135919045,-2.778859843604169,-1.0373250934205416,-2.7847901595195257,-1.0392931273341335,0.0,0.0,Vmag_get_voltage_magnitude_series__angle_get_voltage_angle_series,true,Unknown,Ybus EMT reconstruction using exact complex bus-voltage phasors when available; otherwise diagnostic fallback
7.94,0.005930186951074834,0.0019679863578054846,0.005930186951074834,0.0019679863578054846,0.005930186951074834,0.0019679863578054846,-2.778859972568451,-1.037325140976328,-2.7847901595195257,-1.0392931273341335,0.0,0.0,Vmag_get_voltage_magnitude_series__angle_get_voltage_angle_series,true,Unknown,Ybus EMT reconstruction using exact complex bus-voltage phasors when available; otherwise diagnostic fallback
7.95,0.005930059972513835,0.001967939541720698,0.005930059972513835,0.001967939541720698,0.005930059972513835,0.001967939541720698,-2.778860099547012,-1.0373251877924128,-2.7847901595195257,-1.0392931273341335,0.0,0.0,Vmag_get_voltage_magnitude_series__angle_get_voltage_angle_series,true,Unknown,Ybus EMT reconstruction using exact complex bus-voltage phasors when available; otherwise diagnostic fallback
7.96,0.0059299349676762425,0.001967893460968817,0.0059299349676762425,0.001967893460968817,0.0059299349676762425,0.001967893460968817,-2.7788602245518494,-1.0373252338731647,-2.7847901595195257,-1.0392931273341335,0.0,0.0,Vmag_get_voltage_magnitude_series__angle_get_voltage_angle_series,true,Unknown,Ybus EMT reconstruction using exact complex bus-voltage phasors when available; otherwise diagnostic fallback
7.97,0.005929811924477502,0.001967848110996817,0.005929811924477502,0.001967848110996817,0.005929811924477502,0.001967848110996817,-2.778860347595048,-1.0373252792231367,-2.7847901595195257,-1.0392931273341335,0.0,0.0,Vmag_get_voltage_magnitude_series__angle_get_voltage_angle_series,true,Unknown,Ybus EMT reconstruction using exact complex bus-voltage phasors when available; otherwise diagnostic fallback
7.98,0.005929690830801082,0.001967803487208153,0.005929690830801082,0.001967803487208153,0.005929690830801082,0.001967803487208153,-2.7788604686887246,-1.0373253238469253,-2.7847901595195257,-1.0392931273341335,0.0,0.0,Vmag_get_voltage_magnitude_series__angle_get_voltage_angle_series,true,Unknown,Ybus EMT reconstruction using exact complex bus-voltage phasors when available; otherwise diagnostic fallback
7.99,0.005929571674462508,0.001967759584932116,0.005929571674462508,0.001967759584932116,0.005929571674462508,0.001967759584932116,-2.778860587845063,-1.0373253677492014,-2.7847901595195257,-1.0392931273341335,0.0,0.0,Vmag_get_voltage_magnitude_series__angle_get_voltage_angle_series,true,Unknown,Ybus EMT reconstruction using exact complex bus-voltage phasors when available; otherwise diagnostic fallback
8.0,0.005929454443253324,0.001967716399740249,0.005929454443253324,0.001967716399740249,0.005929454443253324,0.001967716399740249,-2.7788607050762724,-1.0373254109343932,-2.7847901595195257,-1.0392931273341335,0.0,0.0,Vmag_get_voltage_magnitude_series__angle_get_voltage_angle_series,true,Unknown,Ybus EMT reconstruction using exact complex bus-voltage phasors when available; otherwise diagnostic fallback
8.01,0.005929339124876698,0.0019676739269616217,0.005929339124876698,0.0019676739269616217,0.005929339124876698,0.0019676739269616217,-2.778860820394649,-1.0373254534071719,-2.7847901595195257,-1.0392931273341335,0.0,0.0,Vmag_get_voltage_magnitude_series__angle_get_voltage_angle_series,true,Unknown,Ybus EMT reconstruction using exact complex bus-voltage phasors when available; otherwise diagnostic fallback
8.02,0.005929225707063779,0.001967632162013011,0.005929225707063779,0.001967632162013011,0.005929225707063779,0.001967632162013011,-2.778860933812462,-1.0373254951721205,-2.7847901595195257,-1.0392931273341335,0.0,0.0,Vmag_get_voltage_magnitude_series__angle_get_voltage_angle_series,true,Unknown,Ybus EMT reconstruction using exact complex bus-voltage phasors when available; otherwise diagnostic fallback
8.03,0.005929114177392059,0.0019675911002352553,0.005929114177392059,0.0019675911002352553,0.005929114177392059,0.0019675911002352553,-2.7788610453421336,-1.0373255362338982,-2.7847901595195257,-1.0392931273341335,0.0,0.0,Vmag_get_voltage_magnitude_series__angle_get_voltage_angle_series,true,Unknown,Ybus EMT reconstruction using exact complex bus-voltage phasors when available; otherwise diagnostic fallback
8.04,0.005929004523523407,0.0019675507369496525,0.005929004523523407,0.0019675507369496525,0.005929004523523407,0.0019675507369496525,-2.7788611549960023,-1.0373255765971838,-2.7847901595195257,-1.0392931273341335,0.0,0.0,Vmag_get_voltage_magnitude_series__angle_get_voltage_angle_series,true,Unknown,Ybus EMT reconstruction using exact complex bus-voltage phasors when available; otherwise diagnostic fallback
8.05,0.005928896732976252,0.001967511067482386,0.005928896732976252,0.001967511067482386,0.005928896732976252,0.001967511067482386,-2.7788612627865494,-1.037325616266651,-2.7847901595195257,-1.0392931273341335,0.0,0.0,Vmag_get_voltage_magnitude_series__angle_get_voltage_angle_series,true,Unknown,Ybus EMT reconstruction using exact complex bus-voltage phasors when available; otherwise diagnostic fallback
8.06,0.005928790793273464,0.0019674720871905027,0.005928790793273464,0.0019674720871905027,0.005928790793273464,0.0019674720871905027,-2.7788613687262522,-1.037325655246943,-2.7847901595195257,-1.0392931273341335,0.0,0.0,Vmag_get_voltage_magnitude_series__angle_get_voltage_angle_series,true,Unknown,Ybus EMT reconstruction using exact complex bus-voltage phasors when available; otherwise diagnostic fallback
8.07,0.005928686691918816,0.0019674337913231366,0.005928686691918816,0.0019674337913231366,0.005928686691918816,0.0019674337913231366,-2.778861472827607,-1.0373256935428103,-2.7847901595195257,-1.0392931273341335,0.0,0.0,Vmag_get_voltage_magnitude_series__angle_get_voltage_angle_series,true,Unknown,Ybus EMT reconstruction using exact complex bus-voltage phasors when available; otherwise diagnostic fallback
8.08,0.005928584416324156,0.001967396175268421,0.005928584416324156,0.001967396175268421,0.005928584416324156,0.001967396175268421,-2.7788615751032015,-1.037325731158865,-2.7847901595195257,-1.0392931273341335,0.0,0.0,Vmag_get_voltage_magnitude_series__angle_get_voltage_angle_series,true,Unknown,Ybus EMT reconstruction using exact complex bus-voltage phasors when available; otherwise diagnostic fallback
8.09,0.005928483953928865,0.0019673592342184243,0.005928483953928865,0.0019673592342184243,0.005928483953928865,0.0019673592342184243,-2.778861675565597,-1.037325768099915,-2.7847901595195257,-1.0392931273341335,0.0,0.0,Vmag_get_voltage_magnitude_series__angle_get_voltage_angle_series,true,Unknown,Ybus EMT reconstruction using exact complex bus-voltage phasors when available; otherwise diagnostic fallback
8.1,0.005928385292114147,0.00196732296339186,0.005928385292114147,0.00196732296339186,0.005928385292114147,0.00196732296339186,-2.7788617742274115,-1.0373258043707416,-2.7847901595195257,-1.0392931273341335,0.0,0.0,Vmag_get_voltage_magnitude_series__angle_get_voltage_angle_series,true,Unknown,Ybus EMT reconstruction using exact complex bus-voltage phasors when available; otherwise diagnostic fallback
8.11,0.005928288418213246,0.001967287358265235,0.005928288418213246,0.001967287358265235,0.005928288418213246,0.001967287358265235,-2.7788618711013124,-1.0373258399758682,-2.7847901595195257,-1.0392931273341335,0.0,0.0,Vmag_get_voltage_magnitude_series__angle_get_voltage_angle_series,true,Unknown,Ybus EMT reconstruction using exact complex bus-voltage phasors when available; otherwise diagnostic fallback
8.12,0.005928193319561625,0.001967252413815679,0.005928193319561625,0.001967252413815679,0.005928193319561625,0.001967252413815679,-2.778861966199964,-1.0373258749203178,-2.7847901595195257,-1.0392931273341335,0.0,0.0,Vmag_get_voltage_magnitude_series__angle_get_voltage_angle_series,true,Unknown,Ybus EMT reconstruction using exact complex bus-voltage phasors when available; otherwise diagnostic fallback
8.13,0.00592809998346544,0.0019672181254251075,0.00592809998346544,0.0019672181254251075,0.00592809998346544,0.0019672181254251075,-2.7788620595360602,-1.0373259092087084,-2.7847901595195257,-1.0392931273341335,0.0,0.0,Vmag_get_voltage_magnitude_series__angle_get_voltage_angle_series,true,Unknown,Ybus EMT reconstruction using exact complex bus-voltage phasors when available; otherwise diagnostic fallback
8.14,0.005928008397178441,0.0019671844884694423,0.005928008397178441,0.0019671844884694423,0.005928008397178441,0.0019671844884694423,-2.7788621511223472,-1.037325942845664,-2.7847901595195257,-1.0392931273341335,0.0,0.0,Vmag_get_voltage_magnitude_series__angle_get_voltage_angle_series,true,Unknown,Ybus EMT reconstruction using exact complex bus-voltage phasors when available; otherwise diagnostic fallback
8.15,0.005927918547941058,0.0019671514977936955,0.005927918547941058,0.0019671514977936955,0.005927918547941058,0.0019671514977936955,-2.7788622409715846,-1.0373259758363398,-2.7847901595195257,-1.0392931273341335,0.0,0.0,Vmag_get_voltage_magnitude_series__angle_get_voltage_angle_series,true,Unknown,Ybus EMT reconstruction using exact complex bus-voltage phasors when available; otherwise diagnostic fallback
8.16,0.005927830422987501,0.0019671191488155326,0.005927830422987501,0.0019671191488155326,0.005927830422987501,0.0019671191488155326,-2.778862329096538,-1.037326008185318,-2.7847901595195257,-1.0392931273341335,0.0,0.0,Vmag_get_voltage_magnitude_series__angle_get_voltage_angle_series,true,Unknown,Ybus EMT reconstruction using exact complex bus-voltage phasors when available; otherwise diagnostic fallback
8.17,0.005927744009523561,0.001967087436852255,0.005927744009523561,0.001967087436852255,0.005927744009523561,0.001967087436852255,-2.778862415510002,-1.0373260398972812,-2.7847901595195257,-1.0392931273341335,0.0,0.0,Vmag_get_voltage_magnitude_series__angle_get_voltage_angle_series,true,Unknown,Ybus EMT reconstruction using exact complex bus-voltage phasors when available; otherwise diagnostic fallback
8.18,0.005927659294730159,0.001967056356922958,0.005927659294730159,0.001967056356922958,0.005927659294730159,0.001967056356922958,-2.7788625002247955,-1.0373260709772105,-2.7847901595195257,-1.0392931273341335,0.0,0.0,Vmag_get_voltage_magnitude_series__angle_get_voltage_angle_series,true,Unknown,Ybus EMT reconstruction using exact complex bus-voltage phasors when available; otherwise diagnostic fallback
8.19,0.005927576265759793,0.0019670259042670057,0.005927576265759793,0.0019670259042670057,0.005927576265759793,0.0019670259042670057,-2.778862583253766,-1.0373261014298665,-2.7847901595195257,-1.0392931273341335,0.0,0.0,Vmag_get_voltage_magnitude_series__angle_get_voltage_angle_series,true,Unknown,Ybus EMT reconstruction using exact complex bus-voltage phasors when available; otherwise diagnostic fallback
8.2,0.005927494909787612,0.0019669960741632853,0.005927494909787612,0.0019669960741632853,0.005927494909787612,0.0019669960741632853,-2.778862664609738,-1.0373261312599702,-2.7847901595195257,-1.0392931273341335,0.0,0.0,Vmag_get_voltage_magnitude_series__angle_get_voltage_angle_series,true,Unknown,Ybus EMT reconstruction using exact complex bus-voltage phasors when available; otherwise diagnostic fallback
8.21,0.005927415213891063,0.001966966861506103,0.005927415213891063,0.001966966861506103,0.005927415213891063,0.001966966861506103,-2.7788627443056346,-1.0373261604726274,-2.7847901595195257,-1.0392931273341335,0.0,0.0,Vmag_get_voltage_magnitude_series__angle_get_voltage_angle_series,true,Unknown,Ybus EMT reconstruction using exact complex bus-voltage phasors when available; otherwise diagnostic fallback
8.22,0.005927337165251512,0.0019669382618310305,0.005927337165251512,0.0019669382618310305,0.005927337165251512,0.0019669382618310305,-2.778862822354274,-1.0373261890723025,-2.7847901595195257,-1.0392931273341335,0.0,0.0,Vmag_get_voltage_magnitude_series__angle_get_voltage_angle_series,true,Unknown,Ybus EMT reconstruction using exact complex bus-voltage phasors when available; otherwise diagnostic fallback
8.23,0.005927260750935304,0.0019669102700519137,0.005927260750935304,0.0019669102700519137,0.005927260750935304,0.0019669102700519137,-2.7788628987685904,-1.0373262170640816,-2.7847901595195257,-1.0392931273341335,0.0,0.0,Vmag_get_voltage_magnitude_series__angle_get_voltage_angle_series,true,Unknown,Ybus EMT reconstruction using exact complex bus-voltage phasors when available; otherwise diagnostic fallback
8.24,0.0059271859580563024,0.0019668828814698447,0.0059271859580563024,0.0019668828814698447,0.0059271859580563024,0.0019668828814698447,-2.7788629735614694,-1.0373262444526636,-2.7847901595195257,-1.0392931273341335,0.0,0.0,Vmag_get_voltage_magnitude_series__angle_get_voltage_angle_series,true,Unknown,Ybus EMT reconstruction using exact complex bus-voltage phasors when available; otherwise diagnostic fallback
8.25,0.005927112773701726,0.001966856091133895,0.005927112773701726,0.001966856091133895,0.005927112773701726,0.001966856091133895,-2.778863046745824,-1.0373262712429996,-2.7847901595195257,-1.0392931273341335,0.0,0.0,Vmag_get_voltage_magnitude_series__angle_get_voltage_angle_series,true,Unknown,Ybus EMT reconstruction using exact complex bus-voltage phasors when available; otherwise diagnostic fallback
8.26,0.005927041184941029,0.001966829894332278,0.005927041184941029,0.001966829894332278,0.005927041184941029,0.001966829894332278,-2.7788631183345847,-1.0373262974398012,-2.7847901595195257,-1.0392931273341335,0.0,0.0,Vmag_get_voltage_magnitude_series__angle_get_voltage_angle_series,true,Unknown,Ybus EMT reconstruction using exact complex bus-voltage phasors when available; otherwise diagnostic fallback
8.27,0.0059269711788561,0.001966804286125612,0.0059269711788561,0.001966804286125612,0.0059269711788561,0.001966804286125612,-2.7788631883406696,-1.0373263230480079,-2.7847901595195257,-1.0392931273341335,0.0,0.0,Vmag_get_voltage_magnitude_series__angle_get_voltage_angle_series,true,Unknown,Ybus EMT reconstruction using exact complex bus-voltage phasors when available; otherwise diagnostic fallback
8.28,0.005926902742505735,0.001966779261728391,0.005926902742505735,0.001966779261728391,0.005926902742505735,0.001966779261728391,-2.77886325677702,-1.037326348072405,-2.7847901595195257,-1.0392931273341335,0.0,0.0,Vmag_get_voltage_magnitude_series__angle_get_voltage_angle_series,true,Unknown,Ybus EMT reconstruction using exact complex bus-voltage phasors when available; otherwise diagnostic fallback
8.29,0.005926835862956725,0.001966754816297378,0.005926835862956725,0.001966754816297378,0.005926835862956725,0.001966754816297378,-2.778863323656569,-1.037326372517836,-2.7847901595195257,-1.0392931273341335,0.0,0.0,Vmag_get_voltage_magnitude_series__angle_get_voltage_angle_series,true,Unknown,Ybus EMT reconstruction using exact complex bus-voltage phasors when available; otherwise diagnostic fallback
8.3,0.005926770527265202,0.00196673094487676,0.005926770527265202,0.00196673094487676,0.005926770527265202,0.00196673094487676,-2.7788633889922605,-1.0373263963892567,-2.7847901595195257,-1.0392931273341335,0.0,0.0,Vmag_get_voltage_magnitude_series__angle_get_voltage_angle_series,true,Unknown,Ybus EMT reconstruction using exact complex bus-voltage phasors when available; otherwise diagnostic fallback
8.31,0.005926706722471753,0.001966707642747423,0.005926706722471753,0.001966707642747423,0.005926706722471753,0.001966707642747423,-2.778863452797054,-1.037326419691386,-2.7847901595195257,-1.0392931273341335,0.0,0.0,Vmag_get_voltage_magnitude_series__angle_get_voltage_angle_series,true,Unknown,Ybus EMT reconstruction using exact complex bus-voltage phasors when available; otherwise diagnostic fallback
8.32,0.005926644435673811,0.0019666849049853052,0.005926644435673811,0.0019666849049853052,0.005926644435673811,0.0019666849049853052,-2.778863515083852,-1.0373264424291482,-2.7847901595195257,-1.0392931273341335,0.0,0.0,Vmag_get_voltage_magnitude_series__angle_get_voltage_angle_series,true,Unknown,Ybus EMT reconstruction using exact complex bus-voltage phasors when available; otherwise diagnostic fallback
8.33,0.0059265836538977545,0.001966662726779811,0.0059265836538977545,0.001966662726779811,0.0059265836538977545,0.001966662726779811,-2.778863575865628,-1.0373264646073537,-2.7847901595195257,-1.0392931273341335,0.0,0.0,Vmag_get_voltage_magnitude_series__angle_get_voltage_angle_series,true,Unknown,Ybus EMT reconstruction using exact complex bus-voltage phasors when available; otherwise diagnostic fallback
8.34,0.005926524364198382,0.001966641103262168,0.005926524364198382,0.001966641103262168,0.005926524364198382,0.001966641103262168,-2.7788636351553273,-1.0373264862308713,-2.7847901595195257,-1.0392931273341335,0.0,0.0,Vmag_get_voltage_magnitude_series__angle_get_voltage_angle_series,true,Unknown,Ybus EMT reconstruction using exact complex bus-voltage phasors when available; otherwise diagnostic fallback
8.35,0.005926466553657583,0.0019666200296164504,0.005926466553657583,0.0019666200296164504,0.005926466553657583,0.0019666200296164504,-2.778863692965868,-1.037326507304517,-2.7847901595195257,-1.0392931273341335,0.0,0.0,Vmag_get_voltage_magnitude_series__angle_get_voltage_angle_series,true,Unknown,Ybus EMT reconstruction using exact complex bus-voltage phasors when available; otherwise diagnostic fallback
8.36,0.005926410209355026,0.0019665995010214044,0.005926410209355026,0.0019665995010214044,0.005926410209355026,0.0019665995010214044,-2.7788637493101707,-1.037326527833112,-2.7847901595195257,-1.0392931273341335,0.0,0.0,Vmag_get_voltage_magnitude_series__angle_get_voltage_angle_series,true,Unknown,Ybus EMT reconstruction using exact complex bus-voltage phasors when available; otherwise diagnostic fallback
8.37,0.005926355318346843,0.0019665795125922703,0.005926355318346843,0.0019665795125922703,0.005926355318346843,0.0019665795125922703,-2.778863804201179,-1.0373265478215412,-2.7847901595195257,-1.0392931273341335,0.0,0.0,Vmag_get_voltage_magnitude_series__angle_get_voltage_angle_series,true,Unknown,Ybus EMT reconstruction using exact complex bus-voltage phasors when available; otherwise diagnostic fallback
8.38,0.005926301867720696,0.0019665600594709343,0.005926301867720696,0.0019665600594709343,0.005926301867720696,0.0019665600594709343,-2.778863857651805,-1.0373265672746625,-2.7847901595195257,-1.0392931273341335,0.0,0.0,Vmag_get_voltage_magnitude_series__angle_get_voltage_angle_series,true,Unknown,Ybus EMT reconstruction using exact complex bus-voltage phasors when available; otherwise diagnostic fallback
8.39,0.005926249844555809,0.0019665411368980923,0.005926249844555809,0.0019665411368980923,0.005926249844555809,0.0019665411368980923,-2.77886390967497,-1.0373265861972354,-2.7847901595195257,-1.0392931273341335,0.0,0.0,Vmag_get_voltage_magnitude_series__angle_get_voltage_angle_series,true,Unknown,Ybus EMT reconstruction using exact complex bus-voltage phasors when available; otherwise diagnostic fallback
8.4,0.00592619923595894,0.0019665227399401353,0.00592619923595894,0.0019665227399401353,0.00592619923595894,0.0019665227399401353,-2.7788639602835667,-1.0373266045941933,-2.7847901595195257,-1.0392931273341335,0.0,0.0,Vmag_get_voltage_magnitude_series__angle_get_voltage_angle_series,true,Unknown,Ybus EMT reconstruction using exact complex bus-voltage phasors when available; otherwise diagnostic fallback
8.41,0.005926150029045729,0.0019665048638504157,0.005926150029045729,0.0019665048638504157,0.005926150029045729,0.0019665048638504157,-2.77886400949048,-1.037326622470283,-2.7847901595195257,-1.0392931273341335,0.0,0.0,Vmag_get_voltage_magnitude_series__angle_get_voltage_angle_series,true,Unknown,Ybus EMT reconstruction using exact complex bus-voltage phasors when available; otherwise diagnostic fallback
8.42,0.005926102210934481,0.0019664875038742924,0.005926102210934481,0.0019664875038742924,0.005926102210934481,0.0019664875038742924,-2.778864057308591,-1.0373266398302592,-2.7847901595195257,-1.0392931273341335,0.0,0.0,Vmag_get_voltage_magnitude_series__angle_get_voltage_angle_series,true,Unknown,Ybus EMT reconstruction using exact complex bus-voltage phasors when available; otherwise diagnostic fallback
8.43,0.005926055768769256,0.001966470655096586,0.005926055768769256,0.001966470655096586,0.005926055768769256,0.001966470655096586,-2.7788641037507564,-1.037326656679037,-2.7847901595195257,-1.0392931273341335,0.0,0.0,Vmag_get_voltage_magnitude_series__angle_get_voltage_angle_series,true,Unknown,Ybus EMT reconstruction using exact complex bus-voltage phasors when available; otherwise diagnostic fallback
8.44,0.005926010689685235,0.0019664543126736156,0.005926010689685235,0.0019664543126736156,0.005926010689685235,0.0019664543126736156,-2.7788641488298405,-1.0373266730214599,-2.7847901595195257,-1.0392931273341335,0.0,0.0,Vmag_get_voltage_magnitude_series__angle_get_voltage_angle_series,true,Unknown,Ybus EMT reconstruction using exact complex bus-voltage phasors when available; otherwise diagnostic fallback
8.45,0.0059259669608602294,0.001966438471925125,0.0059259669608602294,0.001966438471925125,0.0059259669608602294,0.001966438471925125,-2.7788641925586655,-1.0373266888622084,-2.7847901595195257,-1.0392931273341335,0.0,0.0,Vmag_get_voltage_magnitude_series__angle_get_voltage_angle_series,true,Unknown,Ybus EMT reconstruction using exact complex bus-voltage phasors when available; otherwise diagnostic fallback
8.46,0.005925924569456953,0.0019664231279756805,0.005925924569456953,0.0019664231279756805,0.005925924569456953,0.0019664231279756805,-2.7788642349500687,-1.0373267042061578,-2.7847901595195257,-1.0392931273341335,0.0,0.0,Vmag_get_voltage_magnitude_series__angle_get_voltage_angle_series,true,Unknown,Ybus EMT reconstruction using exact complex bus-voltage phasors when available; otherwise diagnostic fallback
8.47,0.005925883502710505,0.0019664082759958124,0.005925883502710505,0.0019664082759958124,0.005925883502710505,0.0019664082759958124,-2.778864276016815,-1.0373267190581377,-2.7847901595195257,-1.0392931273341335,0.0,0.0,Vmag_get_voltage_magnitude_series__angle_get_voltage_angle_series,true,Unknown,Ybus EMT reconstruction using exact complex bus-voltage phasors when available; otherwise diagnostic fallback
8.48,0.005925843747802251,0.00196639391136455,0.005925843747802251,0.00196639391136455,0.005925843747802251,0.00196639391136455,-2.7788643157717234,-1.037326733422769,-2.7847901595195257,-1.0392931273341335,0.0,0.0,Vmag_get_voltage_magnitude_series__angle_get_voltage_angle_series,true,Unknown,Ybus EMT reconstruction using exact complex bus-voltage phasors when available; otherwise diagnostic fallback
8.49,0.005925805291968178,0.0019663800290981026,0.005925805291968178,0.0019663800290981026,0.005925805291968178,0.0019663800290981026,-2.7788643542275575,-1.0373267473050354,-2.7847901595195257,-1.0392931273341335,0.0,0.0,Vmag_get_voltage_magnitude_series__angle_get_voltage_angle_series,true,Unknown,Ybus EMT reconstruction using exact complex bus-voltage phasors when available; otherwise diagnostic fallback
8.5,0.005925768122495345,0.001966366624591931,0.005925768122495345,0.001966366624591931,0.005925768122495345,0.001966366624591931,-2.7788643913970303,-1.0373267607095416,-2.7847901595195257,-1.0392931273341335,0.0,0.0,Vmag_get_voltage_magnitude_series__angle_get_voltage_angle_series,true,Unknown,Ybus EMT reconstruction using exact complex bus-voltage phasors when available; otherwise diagnostic fallback
8.51,0.005925732226626845,0.0019663536929652725,0.005925732226626845,0.0019663536929652725,0.005925732226626845,0.0019663536929652725,-2.778864427292899,-1.0373267736411682,-2.7847901595195257,-1.0392931273341335,0.0,0.0,Vmag_get_voltage_magnitude_series__angle_get_voltage_angle_series,true,Unknown,Ybus EMT reconstruction using exact complex bus-voltage phasors when available; otherwise diagnostic fallback
8.52,0.005925697591694146,0.0019663412295995997,0.005925697591694146,0.0019663412295995997,0.005925697591694146,0.0019663412295995997,-2.7788644619278315,-1.0373267861045339,-2.7847901595195257,-1.0392931273341335,0.0,0.0,Vmag_get_voltage_magnitude_series__angle_get_voltage_angle_series,true,Unknown,Ybus EMT reconstruction using exact complex bus-voltage phasors when available; otherwise diagnostic fallback
8.53,0.0059256642050140584,0.0019663292296856483,0.0059256642050140584,0.0019663292296856483,0.0059256642050140584,0.0019663292296856483,-2.7788644953145116,-1.0373267981044478,-2.7847901595195257,-1.0392931273341335,0.0,0.0,Vmag_get_voltage_magnitude_series__angle_get_voltage_angle_series,true,Unknown,Ybus EMT reconstruction using exact complex bus-voltage phasors when available; otherwise diagnostic fallback
8.54,0.005925632053934926,0.0019663176884643363,0.005925632053934926,0.0019663176884643363,0.005925632053934926,0.0019663176884643363,-2.7788645274655908,-1.0373268096456691,-2.7847901595195257,-1.0392931273341335,0.0,0.0,Vmag_get_voltage_magnitude_series__angle_get_voltage_angle_series,true,Unknown,Ybus EMT reconstruction using exact complex bus-voltage phasors when available; otherwise diagnostic fallback
8.55,0.0059256011258121966,0.0019663066011645913,0.0059256011258121966,0.0019663066011645913,0.0059256011258121966,0.0019663066011645913,-2.7788645583937135,-1.037326820732969,-2.7847901595195257,-1.0392931273341335,0.0,0.0,Vmag_get_voltage_magnitude_series__angle_get_voltage_angle_series,true,Unknown,Ybus EMT reconstruction using exact complex bus-voltage phasors when available; otherwise diagnostic fallback
8.56,0.005925571408096797,0.001966295963263809,0.005925571408096797,0.001966295963263809,0.005925571408096797,0.001966295963263809,-2.778864588111429,-1.0373268313708697,-2.7847901595195257,-1.0392931273341335,0.0,0.0,Vmag_get_voltage_magnitude_series__angle_get_voltage_angle_series,true,Unknown,Ybus EMT reconstruction using exact complex bus-voltage phasors when available; otherwise diagnostic fallback
8.57,0.0059255428881854755,0.0019662857698778957,0.0059255428881854755,0.0019662857698778957,0.0059255428881854755,0.0019662857698778957,-2.77886461663134,-1.0373268415642556,-2.7847901595195257,-1.0392931273341335,0.0,0.0,Vmag_get_voltage_magnitude_series__angle_get_voltage_angle_series,true,Unknown,Ybus EMT reconstruction using exact complex bus-voltage phasors when available; otherwise diagnostic fallback
8.58,0.0059255155535256065,0.0019662760164356197,0.0059255155535256065,0.0019662760164356197,0.0059255155535256065,0.0019662760164356197,-2.778864643966,-1.0373268513176979,-2.7847901595195257,-1.0392931273341335,0.0,0.0,Vmag_get_voltage_magnitude_series__angle_get_voltage_angle_series,true,Unknown,Ybus EMT reconstruction using exact complex bus-voltage phasors when available; otherwise diagnostic fallback
8.59,0.005925489391629846,0.0019662666982116495,0.005925489391629846,0.0019662666982116495,0.005925489391629846,0.0019662666982116495,-2.778864670127896,-1.0373268606359218,-2.7847901595195257,-1.0392931273341335,0.0,0.0,Vmag_get_voltage_magnitude_series__angle_get_voltage_angle_series,true,Unknown,Ybus EMT reconstruction using exact complex bus-voltage phasors when available; otherwise diagnostic fallback
8.6,0.005925464390015733,0.001966257810581684,0.005925464390015733,0.001966257810581684,0.005925464390015733,0.001966257810581684,-2.77886469512951,-1.0373268695235518,-2.7847901595195257,-1.0392931273341335,0.0,0.0,Vmag_get_voltage_magnitude_series__angle_get_voltage_angle_series,true,Unknown,Ybus EMT reconstruction using exact complex bus-voltage phasors when available; otherwise diagnostic fallback
8.61,0.0059254405362283435,0.0019662493487278,0.0059254405362283435,0.0019662493487278,0.0059254405362283435,0.0019662493487278,-2.7788647189832973,-1.0373268779854057,-2.7847901595195257,-1.0392931273341335,0.0,0.0,Vmag_get_voltage_magnitude_series__angle_get_voltage_angle_series,true,Unknown,Ybus EMT reconstruction using exact complex bus-voltage phasors when available; otherwise diagnostic fallback
8.62,0.005925417817844281,0.001966241308216654,0.005925417817844281,0.001966241308216654,0.005925417817844281,0.001966241308216654,-2.7788647417016814,-1.0373268860259168,-2.7847901595195257,-1.0392931273341335,0.0,0.0,Vmag_get_voltage_magnitude_series__angle_get_voltage_angle_series,true,Unknown,Ybus EMT reconstruction using exact complex bus-voltage phasors when available; otherwise diagnostic fallback
8.63,0.005925396222476564,0.001966233684230101,0.005925396222476564,0.001966233684230101,0.005925396222476564,0.001966233684230101,-2.778864763297049,-1.0373268936499034,-2.7847901595195257,-1.0392931273341335,0.0,0.0,Vmag_get_voltage_magnitude_series__angle_get_voltage_angle_series,true,Unknown,Ybus EMT reconstruction using exact complex bus-voltage phasors when available; otherwise diagnostic fallback
8.64,0.005925375737801275,0.001966226472315924,0.005925375737801275,0.001966226472315924,0.005925375737801275,0.001966226472315924,-2.7788647837817244,-1.0373269008618176,-2.7847901595195257,-1.0392931273341335,0.0,0.0,Vmag_get_voltage_magnitude_series__angle_get_voltage_angle_series,true,Unknown,Ybus EMT reconstruction using exact complex bus-voltage phasors when available; otherwise diagnostic fallback
8.65,0.00592535635148117,0.0019662196677654453,0.00592535635148117,0.0019662196677654453,0.00592535635148117,0.0019662196677654453,-2.7788648031680445,-1.037326907666368,-2.7847901595195257,-1.0392931273341335,0.0,0.0,Vmag_get_voltage_magnitude_series__angle_get_voltage_angle_series,true,Unknown,Ybus EMT reconstruction using exact complex bus-voltage phasors when available; otherwise diagnostic fallback
8.66,0.0059253380512429565,0.0019662132661408815,0.0059253380512429565,0.0019662132661408815,0.0059253380512429565,0.0019662132661408815,-2.7788648214682827,-1.0373269140679926,-2.7847901595195257,-1.0392931273341335,0.0,0.0,Vmag_get_voltage_magnitude_series__angle_get_voltage_angle_series,true,Unknown,Ybus EMT reconstruction using exact complex bus-voltage phasors when available; otherwise diagnostic fallback
8.67,0.005925320824849756,0.0019662072626218663,0.005925320824849756,0.0019662072626218663,0.005925320824849756,0.0019662072626218663,-2.778864838694676,-1.0373269200715116,-2.7847901595195257,-1.0392931273341335,0.0,0.0,Vmag_get_voltage_magnitude_series__angle_get_voltage_angle_series,true,Unknown,Ybus EMT reconstruction using exact complex bus-voltage phasors when available; otherwise diagnostic fallback
8.68,0.005925304660094,0.0019662016529371495,0.005925304660094,0.0019662016529371495,0.005925304660094,0.0019662016529371495,-2.7788648548594317,-1.0373269256811963,-2.7847901595195257,-1.0392931273341335,0.0,0.0,Vmag_get_voltage_magnitude_series__angle_get_voltage_angle_series,true,Unknown,Ybus EMT reconstruction using exact complex bus-voltage phasors when available; otherwise diagnostic fallback
8.69,0.005925289544814305,0.0019661964322983394,0.005925289544814305,0.0019661964322983394,0.005925289544814305,0.0019661964322983394,-2.7788648699747114,-1.0373269309018351,-2.7847901595195257,-1.0392931273341335,0.0,0.0,Vmag_get_voltage_magnitude_series__angle_get_voltage_angle_series,true,Unknown,Ybus EMT reconstruction using exact complex bus-voltage phasors when available; otherwise diagnostic fallback
8.7,0.005925275466864388,0.001966191596206812,0.005925275466864388,0.001966191596206812,0.005925275466864388,0.001966191596206812,-2.7788648840526613,-1.0373269357379267,-2.7847901595195257,-1.0392931273341335,0.0,0.0,Vmag_get_voltage_magnitude_series__angle_get_voltage_angle_series,true,Unknown,Ybus EMT reconstruction using exact complex bus-voltage phasors when available; otherwise diagnostic fallback
8.71,0.005925262414179233,0.0019661871402907316,0.005925262414179233,0.0019661871402907316,0.005925262414179233,0.0019661871402907316,-2.7788648971053465,-1.0373269401938428,-2.7847901595195257,-1.0392931273341335,0.0,0.0,Vmag_get_voltage_magnitude_series__angle_get_voltage_angle_series,true,Unknown,Ybus EMT reconstruction using exact complex bus-voltage phasors when available; otherwise diagnostic fallback
8.72,0.00592525037470093,0.001966183059908033,0.00592525037470093,0.001966183059908033,0.00592525037470093,0.001966183059908033,-2.7788649091448248,-1.0373269442742254,-2.7847901595195257,-1.0392931273341335,0.0,0.0,Vmag_get_voltage_magnitude_series__angle_get_voltage_angle_series,true,Unknown,Ybus EMT reconstruction using exact complex bus-voltage phasors when available; otherwise diagnostic fallback
8.73,0.005925239336427968,0.0019661793506353664,0.005925239336427968,0.0019661793506353664,0.005925239336427968,0.0019661793506353664,-2.7788649201830977,-1.0373269479834981,-2.7847901595195257,-1.0392931273341335,0.0,0.0,Vmag_get_voltage_magnitude_series__angle_get_voltage_angle_series,true,Unknown,Ybus EMT reconstruction using exact complex bus-voltage phasors when available; otherwise diagnostic fallback
8.74,0.005925229287401024,0.001966176007991427,0.005925229287401024,0.001966176007991427,0.005925229287401024,0.001966176007991427,-2.7788649302321247,-1.037326951326142,-2.7847901595195257,-1.0392931273341335,0.0,0.0,Vmag_get_voltage_magnitude_series__angle_get_voltage_angle_series,true,Unknown,Ybus EMT reconstruction using exact complex bus-voltage phasors when available; otherwise diagnostic fallback
8.75,0.005925220215691418,0.0019661730274993516,0.005925220215691418,0.0019661730274993516,0.005925220215691418,0.0019661730274993516,-2.7788649393038343,-1.0373269543066341,-2.7847901595195257,-1.0392931273341335,0.0,0.0,Vmag_get_voltage_magnitude_series__angle_get_voltage_angle_series,true,Unknown,Ybus EMT reconstruction using exact complex bus-voltage phasors when available; otherwise diagnostic fallback
8.76,0.005925212109430422,0.0019661704047706507,0.005925212109430422,0.0019661704047706507,0.005925212109430422,0.0019661704047706507,-2.7788649474100953,-1.0373269569293628,-2.7847901595195257,-1.0392931273341335,0.0,0.0,Vmag_get_voltage_magnitude_series__angle_get_voltage_angle_series,true,Unknown,Ybus EMT reconstruction using exact complex bus-voltage phasors when available; otherwise diagnostic fallback
8.77,0.0059252049567906084,0.0019661681353420057,0.0059252049567906084,0.0019661681353420057,0.0059252049567906084,0.0019661681353420057,-2.778864954562735,-1.0373269591987915,-2.7847901595195257,-1.0392931273341335,0.0,0.0,Vmag_get_voltage_magnitude_series__angle_get_voltage_angle_series,true,Unknown,Ybus EMT reconstruction using exact complex bus-voltage phasors when available; otherwise diagnostic fallback
8.78,0.005925198745963645,0.001966166214820042,0.005925198745963645,0.001966166214820042,0.005925198745963645,0.001966166214820042,-2.778864960773562,-1.0373269611193134,-2.7847901595195257,-1.0392931273341335,0.0,0.0,Vmag_get_voltage_magnitude_series__angle_get_voltage_angle_series,true,Unknown,Ybus EMT reconstruction using exact complex bus-voltage phasors when available; otherwise diagnostic fallback
8.79,0.005925193465246004,0.0019661646388817733,0.005925193465246004,0.0019661646388817733,0.005925193465246004,0.0019661646388817733,-2.7788649660542797,-1.0373269626952517,-2.7847901595195257,-1.0392931273341335,0.0,0.0,Vmag_get_voltage_magnitude_series__angle_get_voltage_angle_series,true,Unknown,Ybus EMT reconstruction using exact complex bus-voltage phasors when available; otherwise diagnostic fallback
8.8,0.00592518910291151,0.001966163403005483,0.00592518910291151,0.001966163403005483,0.00592518910291151,0.001966163403005483,-2.778864970416614,-1.037326963931128,-2.7847901595195257,-1.0392931273341335,0.0,0.0,Vmag_get_voltage_magnitude_series__angle_get_voltage_angle_series,true,Unknown,Ybus EMT reconstruction using exact complex bus-voltage phasors when available; otherwise diagnostic fallback
8.81,0.00592518564732103,0.0019661625029685492,0.00592518564732103,0.0019661625029685492,0.00592518564732103,0.0019661625029685492,-2.7788649738722047,-1.037326964831165,-2.7847901595195257,-1.0392931273341335,0.0,0.0,Vmag_get_voltage_magnitude_series__angle_get_voltage_angle_series,true,Unknown,Ybus EMT reconstruction using exact complex bus-voltage phasors when available; otherwise diagnostic fallback
8.82,0.005925183086888275,0.001966161934446875,0.005925183086888275,0.001966161934446875,0.005925183086888275,0.001966161934446875,-2.7788649764326374,-1.0373269653996866,-2.7847901595195257,-1.0392931273341335,0.0,0.0,Vmag_get_voltage_magnitude_series__angle_get_voltage_angle_series,true,Unknown,Ybus EMT reconstruction using exact complex bus-voltage phasors when available; otherwise diagnostic fallback
8.83,0.005925181410046942,0.001966161693082391,0.005925181410046942,0.001966161693082391,0.005925181410046942,0.001966161693082391,-2.7788649781094787,-1.037326965641051,-2.7847901595195257,-1.0392931273341335,0.0,0.0,Vmag_get_voltage_magnitude_series__angle_get_voltage_angle_series,true,Unknown,Ybus EMT reconstruction using exact complex bus-voltage phasors when available; otherwise diagnostic fallback
8.84,0.005925180605309777,0.0019661617745305726,0.005925180605309777,0.0019661617745305726,0.005925180605309777,0.0019661617745305726,-2.778864978914216,-1.037326965559603,-2.7847901595195257,-1.0392931273341335,0.0,0.0,Vmag_get_voltage_magnitude_series__angle_get_voltage_angle_series,true,Unknown,Ybus EMT reconstruction using exact complex bus-voltage phasors when available; otherwise diagnostic fallback
8.85,0.005925180661208618,0.0019661621746851488,0.005925180661208618,0.0019661621746851488,0.005925180661208618,0.0019661621746851488,-2.778864978858317,-1.0373269651594483,-2.7847901595195257,-1.0392931273341335,0.0,0.0,Vmag_get_voltage_magnitude_series__angle_get_voltage_angle_series,true,Unknown,Ybus EMT reconstruction using exact complex bus-voltage phasors when available; otherwise diagnostic fallback
8.86,0.005925181566353466,0.0019661628891212146,0.005925181566353466,0.0019661628891212146,0.005925181566353466,0.0019661628891212146,-2.778864977953172,-1.0373269644450123,-2.7847901595195257,-1.0392931273341335,0.0,0.0,Vmag_get_voltage_magnitude_series__angle_get_voltage_angle_series,true,Unknown,Ybus EMT reconstruction using exact complex bus-voltage phasors when available; otherwise diagnostic fallback
8.87,0.005925183309398285,0.0019661639136530074,0.005925183309398285,0.0019661639136530074,0.005925183309398285,0.0019661639136530074,-2.7788649762101274,-1.0373269634204805,-2.7847901595195257,-1.0392931273341335,0.0,0.0,Vmag_get_voltage_magnitude_series__angle_get_voltage_angle_series,true,Unknown,Ybus EMT reconstruction using exact complex bus-voltage phasors when available; otherwise diagnostic fallback
8.88,0.00592518587902191,0.001966165244064122,0.00592518587902191,0.001966165244064122,0.00592518587902191,0.001966165244064122,-2.7788649736405038,-1.0373269620900694,-2.7847901595195257,-1.0392931273341335,0.0,0.0,Vmag_get_voltage_magnitude_series__angle_get_voltage_angle_series,true,Unknown,Ybus EMT reconstruction using exact complex bus-voltage phasors when available; otherwise diagnostic fallback
8.89,0.005925189263992436,0.001966166876117059,0.005925189263992436,0.001966166876117059,0.005925189263992436,0.001966166876117059,-2.7788649702555333,-1.0373269604580164,-2.7847901595195257,-1.0392931273341335,0.0,0.0,Vmag_get_voltage_magnitude_series__angle_get_voltage_angle_series,true,Unknown,Ybus EMT reconstruction using exact complex bus-voltage phasors when available; otherwise diagnostic fallback
8.9,0.005925193453113042,0.001966168805748403,0.005925193453113042,0.001966168805748403,0.005925193453113042,0.001966168805748403,-2.7788649660664126,-1.037326958528385,-2.7847901595195257,-1.0392931273341335,0.0,0.0,Vmag_get_voltage_magnitude_series__angle_get_voltage_angle_series,true,Unknown,Ybus EMT reconstruction using exact complex bus-voltage phasors when available; otherwise diagnostic fallback
8.91,0.00592519843524153,0.0019661710286311695,0.00592519843524153,0.0019661710286311695,0.00592519843524153,0.0019661710286311695,-2.778864961084284,-1.0373269563055023,-2.7847901595195257,-1.0392931273341335,0.0,0.0,Vmag_get_voltage_magnitude_series__angle_get_voltage_angle_series,true,Unknown,Ybus EMT reconstruction using exact complex bus-voltage phasors when available; otherwise diagnostic fallback
8.92,0.005925204199277445,0.001966173540819849,0.005925204199277445,0.001966173540819849,0.005925204199277445,0.001966173540819849,-2.7788649553202482,-1.0373269537933136,-2.7847901595195257,-1.0392931273341335,0.0,0.0,Vmag_get_voltage_magnitude_series__angle_get_voltage_angle_series,true,Unknown,Ybus EMT reconstruction using exact complex bus-voltage phasors when available; otherwise diagnostic fallback
8.93,0.005925210734210484,0.0019661763380161013,0.005925210734210484,0.0019661763380161013,0.005925210734210484,0.0019661763380161013,-2.778864948785315,-1.0373269509961174,-2.7847901595195257,-1.0392931273341335,0.0,0.0,Vmag_get_voltage_magnitude_series__angle_get_voltage_angle_series,true,Unknown,Ybus EMT reconstruction using exact complex bus-voltage phasors when available; otherwise diagnostic fallback
8.94,0.0059252180290401135,0.001966179416182934,0.0059252180290401135,0.001966179416182934,0.0059252180290401135,0.001966179416182934,-2.7788649414904856,-1.0373269479179505,-2.7847901595195257,-1.0392931273341335,0.0,0.0,Vmag_get_voltage_magnitude_series__angle_get_voltage_angle_series,true,Unknown,Ybus EMT reconstruction using exact complex bus-voltage phasors when available; otherwise diagnostic fallback
8.95,0.0059252260728484,0.001966182771341307,0.0059252260728484,0.001966182771341307,0.0059252260728484,0.001966182771341307,-2.7788649334466773,-1.0373269445627922,-2.7847901595195257,-1.0392931273341335,0.0,0.0,Vmag_get_voltage_magnitude_series__angle_get_voltage_angle_series,true,Unknown,Ybus EMT reconstruction using exact complex bus-voltage phasors when available; otherwise diagnostic fallback
8.96,0.0059252348547627065,0.001966186399249059,0.0059252348547627065,0.001966186399249059,0.0059252348547627065,0.001966186399249059,-2.778864924664763,-1.0373269409348844,-2.7847901595195257,-1.0392931273341335,0.0,0.0,Vmag_get_voltage_magnitude_series__angle_get_voltage_angle_series,true,Unknown,Ybus EMT reconstruction using exact complex bus-voltage phasors when available; otherwise diagnostic fallback
8.97,0.005925244363969462,0.0019661902960625977,0.005925244363969462,0.0019661902960625977,0.005925244363969462,0.0019661902960625977,-2.7788649151555562,-1.0373269370380709,-2.7847901595195257,-1.0392931273341335,0.0,0.0,Vmag_get_voltage_magnitude_series__angle_get_voltage_angle_series,true,Unknown,Ybus EMT reconstruction using exact complex bus-voltage phasors when available; otherwise diagnostic fallback
8.98,0.005925254589720819,0.0019661944576729873,0.005925254589720819,0.0019661944576729873,0.005925254589720819,0.0019661944576729873,-2.778864904929805,-1.0373269328764605,-2.7847901595195257,-1.0392931273341335,0.0,0.0,Vmag_get_voltage_magnitude_series__angle_get_voltage_angle_series,true,Unknown,Ybus EMT reconstruction using exact complex bus-voltage phasors when available; otherwise diagnostic fallback
8.99,0.005925265521319556,0.001966198879942427,0.005925265521319556,0.001966198879942427,0.005925265521319556,0.001966198879942427,-2.778864893998206,-1.037326928454191,-2.7847901595195257,-1.0392931273341335,0.0,0.0,Vmag_get_voltage_magnitude_series__angle_get_voltage_angle_series,true,Unknown,Ybus EMT reconstruction using exact complex bus-voltage phasors when available; otherwise diagnostic fallback
9.0,0.00592527714811153,0.0019662035592487026,0.00592527714811153,0.0019662035592487026,0.00592527714811153,0.0019662035592487026,-2.778864882371414,-1.0373269237748848,-2.7847901595195257,-1.0392931273341335,0.0,0.0,Vmag_get_voltage_magnitude_series__angle_get_voltage_angle_series,true,Unknown,Ybus EMT reconstruction using exact complex bus-voltage phasors when available; otherwise diagnostic fallback
9.01,0.005925289459516758,0.001966208491410937,0.005925289459516758,0.001966208491410937,0.005925289459516758,0.001966208491410937,-2.778864870060009,-1.0373269188427225,-2.7847901595195257,-1.0392931273341335,0.0,0.0,Vmag_get_voltage_magnitude_series__angle_get_voltage_angle_series,true,Unknown,Ybus EMT reconstruction using exact complex bus-voltage phasors when available; otherwise diagnostic fallback
9.02,0.005925302445006775,0.001966213672449646,0.005925302445006775,0.001966213672449646,0.005925302445006775,0.001966213672449646,-2.778864857074519,-1.0373269136616838,-2.7847901595195257,-1.0392931273341335,0.0,0.0,Vmag_get_voltage_magnitude_series__angle_get_voltage_angle_series,true,Unknown,Ybus EMT reconstruction using exact complex bus-voltage phasors when available; otherwise diagnostic fallback
9.03,0.005925316094105071,0.0019662190985745287,0.005925316094105071,0.0019662190985745287,0.005925316094105071,0.0019662190985745287,-2.7788648434254206,-1.037326908235559,-2.7847901595195257,-1.0392931273341335,0.0,0.0,Vmag_get_voltage_magnitude_series__angle_get_voltage_angle_series,true,Unknown,Ybus EMT reconstruction using exact complex bus-voltage phasors when available; otherwise diagnostic fallback
9.04,0.005925330396424844,0.001966224765847402,0.005925330396424844,0.001966224765847402,0.005925330396424844,0.001966224765847402,-2.778864829123101,-1.037326902568286,-2.7847901595195257,-1.0392931273341335,0.0,0.0,Vmag_get_voltage_magnitude_series__angle_get_voltage_angle_series,true,Unknown,Ybus EMT reconstruction using exact complex bus-voltage phasors when available; otherwise diagnostic fallback
9.05,0.0059253453416108215,0.0019662306704952837,0.0059253453416108215,0.0019662306704952837,0.0059253453416108215,0.0019662306704952837,-2.778864814177915,-1.0373268966636382,-2.7847901595195257,-1.0392931273341335,0.0,0.0,Vmag_get_voltage_magnitude_series__angle_get_voltage_angle_series,true,Unknown,Ybus EMT reconstruction using exact complex bus-voltage phasors when available; otherwise diagnostic fallback
9.06,0.005925360919354805,0.0019662368086179605,0.005925360919354805,0.0019662368086179605,0.005925360919354805,0.0019662368086179605,-2.778864798600171,-1.0373268905255155,-2.7847901595195257,-1.0392931273341335,0.0,0.0,Vmag_get_voltage_magnitude_series__angle_get_voltage_angle_series,true,Unknown,Ybus EMT reconstruction using exact complex bus-voltage phasors when available; otherwise diagnostic fallback
9.07,0.005925377119436526,0.001966243176366067,0.005925377119436526,0.001966243176366067,0.005925377119436526,0.001966243176366067,-2.778864782400089,-1.0373268841577674,-2.7847901595195257,-1.0392931273341335,0.0,0.0,Vmag_get_voltage_magnitude_series__angle_get_voltage_angle_series,true,Unknown,Ybus EMT reconstruction using exact complex bus-voltage phasors when available; otherwise diagnostic fallback
9.08,0.005925393931692113,0.0019662497699655113,0.005925393931692113,0.0019662497699655113,0.005925393931692113,0.0019662497699655113,-2.7788647655878336,-1.037326877564168,-2.7847901595195257,-1.0392931273341335,0.0,0.0,Vmag_get_voltage_magnitude_series__angle_get_voltage_angle_series,true,Unknown,Ybus EMT reconstruction using exact complex bus-voltage phasors when available; otherwise diagnostic fallback
9.09,0.005925411346020315,0.0019662565857250236,0.005925411346020315,0.0019662565857250236,0.005925411346020315,0.0019662565857250236,-2.7788647481735054,-1.0373268707484085,-2.7847901595195257,-1.0392931273341335,0.0,0.0,Vmag_get_voltage_magnitude_series__angle_get_voltage_angle_series,true,Unknown,Ybus EMT reconstruction using exact complex bus-voltage phasors when available; otherwise diagnostic fallback
9.1,0.0059254293523496315,0.0019662636198776173,0.0059254293523496315,0.0019662636198776173,0.0059254293523496315,0.0019662636198776173,-2.778864730167176,-1.0373268637142559,-2.7847901595195257,-1.0392931273341335,0.0,0.0,Vmag_get_voltage_magnitude_series__angle_get_voltage_angle_series,true,Unknown,Ybus EMT reconstruction using exact complex bus-voltage phasors when available; otherwise diagnostic fallback
9.11,0.0059254479407178096,0.0019662708685292962,0.0059254479407178096,0.0019662708685292962,0.0059254479407178096,0.0019662708685292962,-2.778864711578808,-1.0373268564656042,-2.7847901595195257,-1.0392931273341335,0.0,0.0,Vmag_get_voltage_magnitude_series__angle_get_voltage_angle_series,true,Unknown,Ybus EMT reconstruction using exact complex bus-voltage phasors when available; otherwise diagnostic fallback
9.12,0.0059254671011808036,0.0019662783281817475,0.0059254671011808036,0.0019662783281817475,0.0059254671011808036,0.0019662783281817475,-2.778864692418345,-1.0373268490059517,-2.7847901595195257,-1.0392931273341335,0.0,0.0,Vmag_get_voltage_magnitude_series__angle_get_voltage_angle_series,true,Unknown,Ybus EMT reconstruction using exact complex bus-voltage phasors when available; otherwise diagnostic fallback
9.13,0.005925486823890491,0.001966285995034678,0.005925486823890491,0.001966285995034678,0.005925486823890491,0.001966285995034678,-2.778864672695635,-1.0373268413390988,-2.7847901595195257,-1.0392931273341335,0.0,0.0,Vmag_get_voltage_magnitude_series__angle_get_voltage_angle_series,true,Unknown,Ybus EMT reconstruction using exact complex bus-voltage phasors when available; otherwise diagnostic fallback
9.14,0.005925507099052929,0.001966293865567792,0.005925507099052929,0.001966293865567792,0.005925507099052929,0.001966293865567792,-2.7788646524204728,-1.0373268334685657,-2.7847901595195257,-1.0392931273341335,0.0,0.0,Vmag_get_voltage_magnitude_series__angle_get_voltage_angle_series,true,Unknown,Ybus EMT reconstruction using exact complex bus-voltage phasors when available; otherwise diagnostic fallback
9.15,0.005925527916891937,0.001966301935982795,0.005925527916891937,0.001966301935982795,0.005925527916891937,0.001966301935982795,-2.7788646316026338,-1.0373268253981507,-2.7847901595195257,-1.0392931273341335,0.0,0.0,Vmag_get_voltage_magnitude_series__angle_get_voltage_angle_series,true,Unknown,Ybus EMT reconstruction using exact complex bus-voltage phasors when available; otherwise diagnostic fallback
9.16,0.0059255492677885435,0.001966310202812682,0.0059255492677885435,0.001966310202812682,0.0059255492677885435,0.001966310202812682,-2.778864610251737,-1.0373268171313208,-2.7847901595195257,-1.0392931273341335,0.0,0.0,Vmag_get_voltage_magnitude_series__angle_get_voltage_angle_series,true,Unknown,Ybus EMT reconstruction using exact complex bus-voltage phasors when available; otherwise diagnostic fallback
9.17,0.00592557114209491,0.001966318662349753,0.00592557114209491,0.001966318662349753,0.00592557114209491,0.001966318662349753,-2.7788645883774308,-1.0373268086717837,-2.7847901595195257,-1.0392931273341335,0.0,0.0,Vmag_get_voltage_magnitude_series__angle_get_voltage_angle_series,true,Unknown,Ybus EMT reconstruction using exact complex bus-voltage phasors when available; otherwise diagnostic fallback
9.18,0.00592559353027422,0.001966327311157867,0.00592559353027422,0.001966327311157867,0.00592559353027422,0.001966327311157867,-2.7788645659892515,-1.0373268000229756,-2.7847901595195257,-1.0392931273341335,0.0,0.0,Vmag_get_voltage_magnitude_series__angle_get_voltage_angle_series,true,Unknown,Ybus EMT reconstruction using exact complex bus-voltage phasors when available; otherwise diagnostic fallback
9.19,0.005925616422838065,0.001966336145640124,0.005925616422838065,0.001966336145640124,0.005925616422838065,0.001966336145640124,-2.7788645430966876,-1.0373267911884934,-2.7847901595195257,-1.0392931273341335,0.0,0.0,Vmag_get_voltage_magnitude_series__angle_get_voltage_angle_series,true,Unknown,Ybus EMT reconstruction using exact complex bus-voltage phasors when available; otherwise diagnostic fallback
9.2,0.005925639810357097,0.0019663451623004313,0.005925639810357097,0.0019663451623004313,0.005925639810357097,0.0019663451623004313,-2.7788645197091686,-1.037326782171833,-2.7847901595195257,-1.0392931273341335,0.0,0.0,Vmag_get_voltage_magnitude_series__angle_get_voltage_angle_series,true,Unknown,Ybus EMT reconstruction using exact complex bus-voltage phasors when available; otherwise diagnostic fallback
9.21,0.005925663683497895,0.0019663543576278197,0.005925663683497895,0.0019663543576278197,0.005925663683497895,0.0019663543576278197,-2.778864495836028,-1.0373267729765057,-2.7847901595195257,-1.0392931273341335,0.0,0.0,Vmag_get_voltage_magnitude_series__angle_get_voltage_angle_series,true,Unknown,Ybus EMT reconstruction using exact complex bus-voltage phasors when available; otherwise diagnostic fallback
9.22,0.005925688032960785,0.0019663637282072433,0.005925688032960785,0.0019663637282072433,0.005925688032960785,0.0019663637282072433,-2.778864471486565,-1.0373267636059262,-2.7847901595195257,-1.0392931273341335,0.0,0.0,Vmag_get_voltage_magnitude_series__angle_get_voltage_angle_series,true,Unknown,Ybus EMT reconstruction using exact complex bus-voltage phasors when available; otherwise diagnostic fallback
9.23,0.005925712849508713,0.001966373270554156,0.005925712849508713,0.001966373270554156,0.005925712849508713,0.001966373270554156,-2.778864446670017,-1.0373267540635793,-2.7847901595195257,-1.0392931273341335,0.0,0.0,Vmag_get_voltage_magnitude_series__angle_get_voltage_angle_series,true,Unknown,Ybus EMT reconstruction using exact complex bus-voltage phasors when available; otherwise diagnostic fallback
9.24,0.0059257381239743445,0.001966382981275716,0.0059257381239743445,0.001966382981275716,0.0059257381239743445,0.001966382981275716,-2.7788644213955513,-1.0373267443528578,-2.7847901595195257,-1.0392931273341335,0.0,0.0,Vmag_get_voltage_magnitude_series__angle_get_voltage_angle_series,true,Unknown,Ybus EMT reconstruction using exact complex bus-voltage phasors when available; otherwise diagnostic fallback
9.25,0.005925763847280496,0.00196639285696798,0.005925763847280496,0.00196639285696798,0.005925763847280496,0.00196639285696798,-2.778864395672245,-1.0373267344771655,-2.7847901595195257,-1.0392931273341335,0.0,0.0,Vmag_get_voltage_magnitude_series__angle_get_voltage_angle_series,true,Unknown,Ybus EMT reconstruction using exact complex bus-voltage phasors when available; otherwise diagnostic fallback
9.26,0.0059257900103864,0.0019664028942307787,0.0059257900103864,0.0019664028942307787,0.0059257900103864,0.0019664028942307787,-2.7788643695091393,-1.0373267244399027,-2.7847901595195257,-1.0392931273341335,0.0,0.0,Vmag_get_voltage_magnitude_series__angle_get_voltage_angle_series,true,Unknown,Ybus EMT reconstruction using exact complex bus-voltage phasors when available; otherwise diagnostic fallback
9.27,0.005925816604315237,0.0019664130897958376,0.005925816604315237,0.0019664130897958376,0.005925816604315237,0.0019664130897958376,-2.7788643429152105,-1.0373267142443376,-2.7847901595195257,-1.0392931273341335,0.0,0.0,Vmag_get_voltage_magnitude_series__angle_get_voltage_angle_series,true,Unknown,Ybus EMT reconstruction using exact complex bus-voltage phasors when available; otherwise diagnostic fallback
9.28,0.005925843620186111,0.0019664234404321856,0.005925843620186111,0.0019664234404321856,0.005925843620186111,0.0019664234404321856,-2.7788643158993396,-1.0373267038937013,-2.7847901595195257,-1.0392931273341335,0.0,0.0,Vmag_get_voltage_magnitude_series__angle_get_voltage_angle_series,true,Unknown,Ybus EMT reconstruction using exact complex bus-voltage phasors when available; otherwise diagnostic fallback
9.29,0.005925871049145215,0.001966433942595547,0.005925871049145215,0.001966433942595547,0.005925871049145215,0.001966433942595547,-2.7788642884703805,-1.037326693391538,-2.7847901595195257,-1.0392931273341335,0.0,0.0,Vmag_get_voltage_magnitude_series__angle_get_voltage_angle_series,true,Unknown,Ybus EMT reconstruction using exact complex bus-voltage phasors when available; otherwise diagnostic fallback
9.3,0.00592589888241335,0.0019664445931899532,0.00592589888241335,0.0019664445931899532,0.00592589888241335,0.0019664445931899532,-2.7788642606371123,-1.0373266827409435,-2.7847901595195257,-1.0392931273341335,0.0,0.0,Vmag_get_voltage_magnitude_series__angle_get_voltage_angle_series,true,Unknown,Ybus EMT reconstruction using exact complex bus-voltage phasors when available; otherwise diagnostic fallback
9.31,0.005925927111303242,0.0019664553889240377,0.005925927111303242,0.0019664553889240377,0.005925927111303242,0.0019664553889240377,-2.7788642324082224,-1.0373266719452094,-2.7847901595195257,-1.0392931273341335,0.0,0.0,Vmag_get_voltage_magnitude_series__angle_get_voltage_angle_series,true,Unknown,Ybus EMT reconstruction using exact complex bus-voltage phasors when available; otherwise diagnostic fallback
9.32,0.005925955727172916,0.0019664663265992477,0.005925955727172916,0.0019664663265992477,0.005925955727172916,0.0019664663265992477,-2.7788642037923528,-1.0373266610075342,-2.7847901595195257,-1.0392931273341335,0.0,0.0,Vmag_get_voltage_magnitude_series__angle_get_voltage_angle_series,true,Unknown,Ybus EMT reconstruction using exact complex bus-voltage phasors when available; otherwise diagnostic fallback
9.33,0.005925984721439459,0.00196647740303435,0.005925984721439459,0.00196647740303435,0.005925984721439459,0.00196647740303435,-2.7788641747980862,-1.0373266499310991,-2.7847901595195257,-1.0392931273341335,0.0,0.0,Vmag_get_voltage_magnitude_series__angle_get_voltage_angle_series,true,Unknown,Ybus EMT reconstruction using exact complex bus-voltage phasors when available; otherwise diagnostic fallback
9.34,0.005926014085603448,0.0019664886150456695,0.005926014085603448,0.0019664886150456695,0.005926014085603448,0.0019664886150456695,-2.7788641454339222,-1.0373266387190878,-2.7847901595195257,-1.0392931273341335,0.0,0.0,Vmag_get_voltage_magnitude_series__angle_get_voltage_angle_series,true,Unknown,Ybus EMT reconstruction using exact complex bus-voltage phasors when available; otherwise diagnostic fallback
9.35,0.005926043811225412,0.001966499959488166,0.005926043811225412,0.001966499959488166,0.005926043811225412,0.001966499959488166,-2.7788641157083003,-1.0373266273746453,-2.7847901595195257,-1.0392931273341335,0.0,0.0,Vmag_get_voltage_magnitude_series__angle_get_voltage_angle_series,true,Unknown,Ybus EMT reconstruction using exact complex bus-voltage phasors when available; otherwise diagnostic fallback
9.36,0.005926073889947148,0.0019665114332845235,0.005926073889947148,0.0019665114332845235,0.005926073889947148,0.0019665114332845235,-2.7788640856295785,-1.037326615900849,-2.7847901595195257,-1.0392931273341335,0.0,0.0,Vmag_get_voltage_magnitude_series__angle_get_voltage_angle_series,true,Unknown,Ybus EMT reconstruction using exact complex bus-voltage phasors when available; otherwise diagnostic fallback
9.37,0.005926104313427771,0.001966523033244183,0.005926104313427771,0.001966523033244183,0.005926104313427771,0.001966523033244183,-2.778864055206098,-1.0373266043008893,-2.7847901595195257,-1.0392931273341335,0.0,0.0,Vmag_get_voltage_magnitude_series__angle_get_voltage_angle_series,true,Unknown,Ybus EMT reconstruction using exact complex bus-voltage phasors when available; otherwise diagnostic fallback
9.38,0.0059261350734658436,0.001966534756391969,0.0059261350734658436,0.001966534756391969,0.0059261350734658436,0.001966534756391969,-2.77886402444606,-1.0373265925777415,-2.7847901595195257,-1.0392931273341335,0.0,0.0,Vmag_get_voltage_magnitude_series__angle_get_voltage_angle_series,true,Unknown,Ybus EMT reconstruction using exact complex bus-voltage phasors when available; otherwise diagnostic fallback
9.39,0.005926166161837276,0.0019665465996687725,0.005926166161837276,0.0019665465996687725,0.005926166161837276,0.0019665465996687725,-2.7788639933576884,-1.0373265807344647,-2.7847901595195257,-1.0392931273341335,0.0,0.0,Vmag_get_voltage_magnitude_series__angle_get_voltage_angle_series,true,Unknown,Ybus EMT reconstruction using exact complex bus-voltage phasors when available; otherwise diagnostic fallback
9.4,0.005926197570475633,0.0019665585599610846,0.005926197570475633,0.0019665585599610846,0.005926197570475633,0.0019665585599610846,-2.77886396194905,-1.0373265687741724,-2.7847901595195257,-1.0392931273341335,0.0,0.0,Vmag_get_voltage_magnitude_series__angle_get_voltage_angle_series,true,Unknown,Ybus EMT reconstruction using exact complex bus-voltage phasors when available; otherwise diagnostic fallback
9.41,0.0059262292913238035,0.001966570634480469,0.0059262292913238035,0.001966570634480469,0.0059262292913238035,0.001966570634480469,-2.778863930228202,-1.037326556699653,-2.7847901595195257,-1.0392931273341335,0.0,0.0,Vmag_get_voltage_magnitude_series__angle_get_voltage_angle_series,true,Unknown,Ybus EMT reconstruction using exact complex bus-voltage phasors when available; otherwise diagnostic fallback
9.42,0.005926261316427706,0.0019665828201012037,0.005926261316427706,0.0019665828201012037,0.005926261316427706,0.0019665828201012037,-2.778863898203098,-1.0373265445140323,-2.7847901595195257,-1.0392931273341335,0.0,0.0,Vmag_get_voltage_magnitude_series__angle_get_voltage_angle_series,true,Unknown,Ybus EMT reconstruction using exact complex bus-voltage phasors when available; otherwise diagnostic fallback
9.43,0.0059262936378527975,0.0019665951138119198,0.0059262936378527975,0.0019665951138119198,0.0059262936378527975,0.0019665951138119198,-2.778863865881673,-1.0373265322203216,-2.7847901595195257,-1.0392931273341335,0.0,0.0,Vmag_get_voltage_magnitude_series__angle_get_voltage_angle_series,true,Unknown,Ybus EMT reconstruction using exact complex bus-voltage phasors when available; otherwise diagnostic fallback
9.44,0.005926326247774671,0.001966607512812635,0.005926326247774671,0.001966607512812635,0.005926326247774671,0.001966607512812635,-2.778863833271751,-1.0373265198213208,-2.7847901595195257,-1.0392931273341335,0.0,0.0,Vmag_get_voltage_magnitude_series__angle_get_voltage_angle_series,true,Unknown,Ybus EMT reconstruction using exact complex bus-voltage phasors when available; otherwise diagnostic fallback
9.45,0.005926359138425319,0.001966620014306697,0.005926359138425319,0.001966620014306697,0.005926359138425319,0.001966620014306697,-2.7788638003811004,-1.0373265073198268,-2.7847901595195257,-1.0392931273341335,0.0,0.0,Vmag_get_voltage_magnitude_series__angle_get_voltage_angle_series,true,Unknown,Ybus EMT reconstruction using exact complex bus-voltage phasors when available; otherwise diagnostic fallback
9.46,0.005926392302095795,0.0019666326152136815,0.005926392302095795,0.0019666326152136815,0.005926392302095795,0.0019666326152136815,-2.77886376721743,-1.0373264947189198,-2.7847901595195257,-1.0392931273341335,0.0,0.0,Vmag_get_voltage_magnitude_series__angle_get_voltage_angle_series,true,Unknown,Ybus EMT reconstruction using exact complex bus-voltage phasors when available; otherwise diagnostic fallback
9.47,0.0059264257311335555,0.0019666453128623917,0.0059264257311335555,0.0019666453128623917,0.0059264257311335555,0.0019666453128623917,-2.778863733788392,-1.037326482021271,-2.7847901595195257,-1.0392931273341335,0.0,0.0,Vmag_get_voltage_magnitude_series__angle_get_voltage_angle_series,true,Unknown,Ybus EMT reconstruction using exact complex bus-voltage phasors when available; otherwise diagnostic fallback
9.48,0.005926459417986418,0.001966658104293195,0.005926459417986418,0.001966658104293195,0.005926459417986418,0.001966658104293195,-2.7788637001015393,-1.0373264692298403,-2.7847901595195257,-1.0392931273341335,0.0,0.0,Vmag_get_voltage_magnitude_series__angle_get_voltage_angle_series,true,Unknown,Ybus EMT reconstruction using exact complex bus-voltage phasors when available; otherwise diagnostic fallback
9.49,0.005926493355145723,0.0019666709868124688,0.005926493355145723,0.0019666709868124688,0.005926493355145723,0.0019666709868124688,-2.77886366616438,-1.037326456347321,-2.7847901595195257,-1.0392931273341335,0.0,0.0,Vmag_get_voltage_magnitude_series__angle_get_voltage_angle_series,true,Unknown,Ybus EMT reconstruction using exact complex bus-voltage phasors when available; otherwise diagnostic fallback
9.5,0.0059265275351645386,0.0019666839576715223,0.0059265275351645386,0.0019666839576715223,0.0059265275351645386,0.0019666839576715223,-2.778863631984361,-1.037326443376462,-2.7847901595195257,-1.0392931273341335,0.0,0.0,Vmag_get_voltage_magnitude_series__angle_get_voltage_angle_series,true,Unknown,Ybus EMT reconstruction using exact complex bus-voltage phasors when available; otherwise diagnostic fallback
9.51,0.005926561950683862,0.0019666970140408413,0.005926561950683862,0.0019666970140408413,0.005926561950683862,0.0019666970140408413,-2.778863597568842,-1.0373264303200926,-2.7847901595195257,-1.0392931273341335,0.0,0.0,Vmag_get_voltage_magnitude_series__angle_get_voltage_angle_series,true,Unknown,Ybus EMT reconstruction using exact complex bus-voltage phasors when available; otherwise diagnostic fallback
9.52,0.005926596594380662,0.001966710153293416,0.005926596594380662,0.001966710153293416,0.005926596594380662,0.001966710153293416,-2.778863562925145,-1.03732641718084,-2.7847901595195257,-1.0392931273341335,0.0,0.0,Vmag_get_voltage_magnitude_series__angle_get_voltage_angle_series,true,Unknown,Ybus EMT reconstruction using exact complex bus-voltage phasors when available; otherwise diagnostic fallback
9.53,0.005926631459037601,0.0019667233726354816,0.005926631459037601,0.0019667233726354816,0.005926631459037601,0.0019667233726354816,-2.778863528060488,-1.037326403961498,-2.7847901595195257,-1.0392931273341335,0.0,0.0,Vmag_get_voltage_magnitude_series__angle_get_voltage_angle_series,true,Unknown,Ybus EMT reconstruction using exact complex bus-voltage phasors when available; otherwise diagnostic fallback
9.54,0.0059266665374662075,0.0019667366695019783,0.0059266665374662075,0.0019667366695019783,0.0059266665374662075,0.0019667366695019783,-2.7788634929820595,-1.0373263906646315,-2.7847901595195257,-1.0392931273341335,0.0,0.0,Vmag_get_voltage_magnitude_series__angle_get_voltage_angle_series,true,Unknown,Ybus EMT reconstruction using exact complex bus-voltage phasors when available; otherwise diagnostic fallback
9.55,0.005926701822588587,0.001966750041157761,0.005926701822588587,0.001966750041157761,0.005926701822588587,0.001966750041157761,-2.778863457696937,-1.0373263772929757,-2.7847901595195257,-1.0392931273341335,0.0,0.0,Vmag_get_voltage_magnitude_series__angle_get_voltage_angle_series,true,Unknown,Ybus EMT reconstruction using exact complex bus-voltage phasors when available; otherwise diagnostic fallback
9.56,0.005926737307353047,0.0019667634850488724,0.005926737307353047,0.0019667634850488724,0.005926737307353047,0.0019667634850488724,-2.7788634222121726,-1.0373263638490846,-2.7847901595195257,-1.0392931273341335,0.0,0.0,Vmag_get_voltage_magnitude_series__angle_get_voltage_angle_series,true,Unknown,Ybus EMT reconstruction using exact complex bus-voltage phasors when available; otherwise diagnostic fallback
9.57,0.00592677298480071,0.001966776998617359,0.00592677298480071,0.001966776998617359,0.00592677298480071,0.001966776998617359,-2.778863386534725,-1.0373263503355161,-2.7847901595195257,-1.0392931273341335,0.0,0.0,Vmag_get_voltage_magnitude_series__angle_get_voltage_angle_series,true,Unknown,Ybus EMT reconstruction using exact complex bus-voltage phasors when available; otherwise diagnostic fallback
9.58,0.005926808848018883,0.001966790579193356,0.005926808848018883,0.001966790579193356,0.005926808848018883,0.001966790579193356,-2.778863350671507,-1.0373263367549401,-2.7847901595195257,-1.0392931273341335,0.0,0.0,Vmag_get_voltage_magnitude_series__angle_get_voltage_angle_series,true,Unknown,Ybus EMT reconstruction using exact complex bus-voltage phasors when available; otherwise diagnostic fallback
9.59,0.0059268448901752535,0.001966804224284857,0.0059268448901752535,0.001966804224284857,0.0059268448901752535,0.001966804224284857,-2.7788633146293504,-1.0373263231098486,-2.7847901595195257,-1.0392931273341335,0.0,0.0,Vmag_get_voltage_magnitude_series__angle_get_voltage_angle_series,true,Unknown,Ybus EMT reconstruction using exact complex bus-voltage phasors when available; otherwise diagnostic fallback
9.6,0.005926881104492132,0.0019668179314584755,0.005926881104492132,0.0019668179314584755,0.005926881104492132,0.0019668179314584755,-2.7788632784150336,-1.037326309402675,-2.7847901595195257,-1.0392931273341335,0.0,0.0,Vmag_get_voltage_magnitude_series__angle_get_voltage_angle_series,true,Unknown,Ybus EMT reconstruction using exact complex bus-voltage phasors when available; otherwise diagnostic fallback
9.61,0.005926917484271765,0.001966831698049898,0.005926917484271765,0.001966831698049898,0.005926917484271765,0.001966831698049898,-2.778863242035254,-1.0373262956360836,-2.7847901595195257,-1.0392931273341335,0.0,0.0,Vmag_get_voltage_magnitude_series__angle_get_voltage_angle_series,true,Unknown,Ybus EMT reconstruction using exact complex bus-voltage phasors when available; otherwise diagnostic fallback
9.62,0.005926954022890563,0.0019668455217711767,0.005926954022890563,0.0019668455217711767,0.005926954022890563,0.0019668455217711767,-2.778863205496635,-1.0373262818123623,-2.7847901595195257,-1.0392931273341335,0.0,0.0,Vmag_get_voltage_magnitude_series__angle_get_voltage_angle_series,true,Unknown,Ybus EMT reconstruction using exact complex bus-voltage phasors when available; otherwise diagnostic fallback
9.63,0.005926990713756908,0.001966859400019505,0.005926990713756908,0.001966859400019505,0.005926990713756908,0.001966859400019505,-2.778863168805769,-1.037326267934114,-2.7847901595195257,-1.0392931273341335,0.0,0.0,Vmag_get_voltage_magnitude_series__angle_get_voltage_angle_series,true,Unknown,Ybus EMT reconstruction using exact complex bus-voltage phasors when available; otherwise diagnostic fallback
9.64,0.005927027550389319,0.0019668733305142627,0.005927027550389319,0.0019668733305142627,0.005927027550389319,0.0019668733305142627,-2.7788631319691364,-1.0373262540036192,-2.7847901595195257,-1.0392931273341335,0.0,0.0,Vmag_get_voltage_magnitude_series__angle_get_voltage_angle_series,true,Unknown,Ybus EMT reconstruction using exact complex bus-voltage phasors when available; otherwise diagnostic fallback
9.65,0.005927064526308978,0.0019668873107401286,0.005927064526308978,0.0019668873107401286,0.005927064526308978,0.0019668873107401286,-2.7788630949932167,-1.0373262400233934,-2.7847901595195257,-1.0392931273341335,0.0,0.0,Vmag_get_voltage_magnitude_series__angle_get_voltage_angle_series,true,Unknown,Ybus EMT reconstruction using exact complex bus-voltage phasors when available; otherwise diagnostic fallback
9.66,0.005927101635207599,0.0019669013385010814,0.005927101635207599,0.0019669013385010814,0.005927101635207599,0.0019669013385010814,-2.778863057884318,-1.0373262259956324,-2.7847901595195257,-1.0392931273341335,0.0,0.0,Vmag_get_voltage_magnitude_series__angle_get_voltage_angle_series,true,Unknown,Ybus EMT reconstruction using exact complex bus-voltage phasors when available; otherwise diagnostic fallback
9.67,0.005927138870714721,0.0019669154112063048,0.005927138870714721,0.0019669154112063048,0.005927138870714721,0.0019669154112063048,-2.778863020648811,-1.0373262119229272,-2.7847901595195257,-1.0392931273341335,0.0,0.0,Vmag_get_voltage_magnitude_series__angle_get_voltage_angle_series,true,Unknown,Ybus EMT reconstruction using exact complex bus-voltage phasors when available; otherwise diagnostic fallback
9.68,0.005927176226620201,0.0019669295267641385,0.005927176226620201,0.0019669295267641385,0.005927176226620201,0.0019669295267641385,-2.7788629832929055,-1.0373261978073693,-2.7847901595195257,-1.0392931273341335,0.0,0.0,Vmag_get_voltage_magnitude_series__angle_get_voltage_angle_series,true,Unknown,Ybus EMT reconstruction using exact complex bus-voltage phasors when available; otherwise diagnostic fallback
9.69,0.0059272136967538636,0.0019669436828435582,0.0059272136967538636,0.0019669436828435582,0.0059272136967538636,0.0019669436828435582,-2.778862945822772,-1.03732618365129,-2.7847901595195257,-1.0392931273341335,0.0,0.0,Vmag_get_voltage_magnitude_series__angle_get_voltage_angle_series,true,Unknown,Ybus EMT reconstruction using exact complex bus-voltage phasors when available; otherwise diagnostic fallback
9.7,0.005927251275005485,0.001966957877139075,0.005927251275005485,0.001966957877139075,0.005927251275005485,0.001966957877139075,-2.77886290824452,-1.0373261694569944,-2.7847901595195257,-1.0392931273341335,0.0,0.0,Vmag_get_voltage_magnitude_series__angle_get_voltage_angle_series,true,Unknown,Ybus EMT reconstruction using exact complex bus-voltage phasors when available; otherwise diagnostic fallback
9.71,0.005927288955324794,0.001966972107283027,0.005927288955324794,0.001966972107283027,0.005927288955324794,0.001966972107283027,-2.778862870564201,-1.0373261552268505,-2.7847901595195257,-1.0392931273341335,0.0,0.0,Vmag_get_voltage_magnitude_series__angle_get_voltage_angle_series,true,Unknown,Ybus EMT reconstruction using exact complex bus-voltage phasors when available; otherwise diagnostic fallback
9.72,0.005927326731728577,0.0019669863711488933,0.005927326731728577,0.0019669863711488933,0.005927326731728577,0.0019669863711488933,-2.778862832787797,-1.0373261409629846,-2.7847901595195257,-1.0392931273341335,0.0,0.0,Vmag_get_voltage_magnitude_series__angle_get_voltage_angle_series,true,Unknown,Ybus EMT reconstruction using exact complex bus-voltage phasors when available; otherwise diagnostic fallback
9.73,0.0059273645983068945,0.0019670006666001605,0.0059273645983068945,0.0019670006666001605,0.0059273645983068945,0.0019670006666001605,-2.778862794921219,-1.0373261266675333,-2.7847901595195257,-1.0392931273341335,0.0,0.0,Vmag_get_voltage_magnitude_series__angle_get_voltage_angle_series,true,Unknown,Ybus EMT reconstruction using exact complex bus-voltage phasors when available; otherwise diagnostic fallback
9.74,0.0059274025492142,0.001967014991419491,0.0059274025492142,0.001967014991419491,0.0059274025492142,0.001967014991419491,-2.7788627569703115,-1.037326112342714,-2.7847901595195257,-1.0392931273341335,0.0,0.0,Vmag_get_voltage_magnitude_series__angle_get_voltage_angle_series,true,Unknown,Ybus EMT reconstruction using exact complex bus-voltage phasors when available; otherwise diagnostic fallback
9.75,0.005927440578664456,0.0019670293434754793,0.005927440578664456,0.0019670293434754793,0.005927440578664456,0.0019670293434754793,-2.7788627189408612,-1.037326097990658,-2.7847901595195257,-1.0392931273341335,0.0,0.0,Vmag_get_voltage_magnitude_series__angle_get_voltage_angle_series,true,Unknown,Ybus EMT reconstruction using exact complex bus-voltage phasors when available; otherwise diagnostic fallback
9.76,0.005927478680937792,0.0019670437206660285,0.005927478680937792,0.0019670437206660285,0.005927478680937792,0.0019670437206660285,-2.778862680838588,-1.0373260836134675,-2.7847901595195257,-1.0392931273341335,0.0,0.0,Vmag_get_voltage_magnitude_series__angle_get_voltage_angle_series,true,Unknown,Ybus EMT reconstruction using exact complex bus-voltage phasors when available; otherwise diagnostic fallback
9.77,0.005927516850366299,0.0019670581207456017,0.005927516850366299,0.0019670581207456017,0.005927516850366299,0.0019670581207456017,-2.7788626426691594,-1.0373260692133879,-2.7847901595195257,-1.0392931273341335,0.0,0.0,Vmag_get_voltage_magnitude_series__angle_get_voltage_angle_series,true,Unknown,Ybus EMT reconstruction using exact complex bus-voltage phasors when available; otherwise diagnostic fallback
9.78,0.005927555081386426,0.001967072541817716,0.005927555081386426,0.001967072541817716,0.005927555081386426,0.001967072541817716,-2.7788626044381393,-1.0373260547923158,-2.7847901595195257,-1.0392931273341335,0.0,0.0,Vmag_get_voltage_magnitude_series__angle_get_voltage_angle_series,true,Unknown,Ybus EMT reconstruction using exact complex bus-voltage phasors when available; otherwise diagnostic fallback
9.79,0.005927593368440842,0.0019670869818331216,0.005927593368440842,0.0019670869818331216,0.005927593368440842,0.0019670869818331216,-2.778862566151085,-1.0373260403523004,-2.7847901595195257,-1.0392931273341335,0.0,0.0,Vmag_get_voltage_magnitude_series__angle_get_voltage_angle_series,true,Unknown,Ybus EMT reconstruction using exact complex bus-voltage phasors when available; otherwise diagnostic fallback
9.8,0.005927631706107661,0.0019671014385760355,0.005927631706107661,0.0019671014385760355,0.005927631706107661,0.0019671014385760355,-2.778862527813418,-1.0373260258955574,-2.7847901595195257,-1.0392931273341335,0.0,0.0,Vmag_get_voltage_magnitude_series__angle_get_voltage_angle_series,true,Unknown,Ybus EMT reconstruction using exact complex bus-voltage phasors when available; otherwise diagnostic fallback
9.81,0.005927670088944126,0.001967115910237016,0.005927670088944126,0.001967115910237016,0.005927670088944126,0.001967115910237016,-2.7788624894305816,-1.0373260114238965,-2.7847901595195257,-1.0392931273341335,0.0,0.0,Vmag_get_voltage_magnitude_series__angle_get_voltage_angle_series,true,Unknown,Ybus EMT reconstruction using exact complex bus-voltage phasors when available; otherwise diagnostic fallback
9.82,0.0059277085116291595,0.0019671303947841334,0.0059277085116291595,0.0019671303947841334,0.0059277085116291595,0.0019671303947841334,-2.7788624510078965,-1.0373259969393493,-2.7847901595195257,-1.0392931273341335,0.0,0.0,Vmag_get_voltage_magnitude_series__angle_get_voltage_angle_series,true,Unknown,Ybus EMT reconstruction using exact complex bus-voltage phasors when available; otherwise diagnostic fallback
9.83,0.005927746968906522,0.001967144890154593,0.005927746968906522,0.001967144890154593,0.005927746968906522,0.001967144890154593,-2.778862412550619,-1.037325982443979,-2.7847901595195257,-1.0392931273341335,0.0,0.0,Vmag_get_voltage_magnitude_series__angle_get_voltage_angle_series,true,Unknown,Ybus EMT reconstruction using exact complex bus-voltage phasors when available; otherwise diagnostic fallback
9.84,0.005927785455540846,0.0019671593944909915,0.005927785455540846,0.0019671593944909915,0.005927785455540846,0.0019671593944909915,-2.778862374063985,-1.0373259679396425,-2.7847901595195257,-1.0392931273341335,0.0,0.0,Vmag_get_voltage_magnitude_series__angle_get_voltage_angle_series,true,Unknown,Ybus EMT reconstruction using exact complex bus-voltage phasors when available; otherwise diagnostic fallback
9.85,0.005927823966414447,0.0019671739058637616,0.005927823966414447,0.0019671739058637616,0.005927823966414447,0.0019671739058637616,-2.7788623355531112,-1.0373259534282697,-2.7847901595195257,-1.0392931273341335,0.0,0.0,Vmag_get_voltage_magnitude_series__angle_get_voltage_angle_series,true,Unknown,Ybus EMT reconstruction using exact complex bus-voltage phasors when available; otherwise diagnostic fallback
9.86,0.005927862496418523,0.0019671884225533898,0.005927862496418523,0.0019671884225533898,0.005927862496418523,0.0019671884225533898,-2.778862297023107,-1.03732593891158,-2.7847901595195257,-1.0392931273341335,0.0,0.0,Vmag_get_voltage_magnitude_series__angle_get_voltage_angle_series,true,Unknown,Ybus EMT reconstruction using exact complex bus-voltage phasors when available; otherwise diagnostic fallback
9.87,0.0059279010405499655,0.0019672029425166215,0.0059279010405499655,0.0019672029425166215,0.0059279010405499655,0.0019672029425166215,-2.7788622584789757,-1.0373259243916169,-2.7847901595195257,-1.0392931273341335,0.0,0.0,Vmag_get_voltage_magnitude_series__angle_get_voltage_angle_series,true,Unknown,Ybus EMT reconstruction using exact complex bus-voltage phasors when available; otherwise diagnostic fallback
9.88,0.005927939593827869,0.0019672174638845075,0.005927939593827869,0.0019672174638845075,0.005927939593827869,0.0019672174638845075,-2.778862219925698,-1.037325909870249,-2.7847901595195257,-1.0392931273341335,0.0,0.0,Vmag_get_voltage_magnitude_series__angle_get_voltage_angle_series,true,Unknown,Ybus EMT reconstruction using exact complex bus-voltage phasors when available; otherwise diagnostic fallback
9.89,0.005927978151373914,0.0019672319849353137,0.005927978151373914,0.0019672319849353137,0.005927978151373914,0.0019672319849353137,-2.7788621813681518,-1.0373258953491982,-2.7847901595195257,-1.0392931273341335,0.0,0.0,Vmag_get_voltage_magnitude_series__angle_get_voltage_angle_series,true,Unknown,Ybus EMT reconstruction using exact complex bus-voltage phasors when available; otherwise diagnostic fallback
9.9,0.005928016708340422,0.0019672465038922393,0.005928016708340422,0.0019672465038922393,0.005928016708340422,0.0019672465038922393,-2.7788621428111853,-1.0373258808302412,-2.7847901595195257,-1.0392931273341335,0.0,0.0,Vmag_get_voltage_magnitude_series__angle_get_voltage_angle_series,true,Unknown,Ybus EMT reconstruction using exact complex bus-voltage phasors when available; otherwise diagnostic fallback
9.91,0.005928055259976084,0.001967261018917421,0.005928055259976084,0.001967261018917421,0.005928055259976084,0.001967261018917421,-2.7788621042595496,-1.037325866315216,-2.7847901595195257,-1.0392931273341335,0.0,0.0,Vmag_get_voltage_magnitude_series__angle_get_voltage_angle_series,true,Unknown,Ybus EMT reconstruction using exact complex bus-voltage phasors when available; otherwise diagnostic fallback
9.92,0.005928093801534473,0.001967275528342638,0.005928093801534473,0.001967275528342638,0.005928093801534473,0.001967275528342638,-2.778862065717991,-1.0373258518057908,-2.7847901595195257,-1.0392931273341335,0.0,0.0,Vmag_get_voltage_magnitude_series__angle_get_voltage_angle_series,true,Unknown,Ybus EMT reconstruction using exact complex bus-voltage phasors when available; otherwise diagnostic fallback
9.93,0.005928132328392177,0.0019672900303051577,0.005928132328392177,0.0019672900303051577,0.005928132328392177,0.0019672900303051577,-2.7788620271911335,-1.0373258373038283,-2.7847901595195257,-1.0392931273341335,0.0,0.0,Vmag_get_voltage_magnitude_series__angle_get_voltage_angle_series,true,Unknown,Ybus EMT reconstruction using exact complex bus-voltage phasors when available; otherwise diagnostic fallback
9.94,0.005928170835930224,0.0019673045232386777,0.005928170835930224,0.0019673045232386777,0.005928170835930224,0.0019673045232386777,-2.7788619886835955,-1.0373258228108948,-2.7847901595195257,-1.0392931273341335,0.0,0.0,Vmag_get_voltage_magnitude_series__angle_get_voltage_angle_series,true,Unknown,Ybus EMT reconstruction using exact complex bus-voltage phasors when available; otherwise diagnostic fallback
9.95,0.005928209319655764,0.001967319005437451,0.005928209319655764,0.001967319005437451,0.005928209319655764,0.001967319005437451,-2.77886195019987,-1.037325808328696,-2.7847901595195257,-1.0392931273341335,0.0,0.0,Vmag_get_voltage_magnitude_series__angle_get_voltage_angle_series,true,Unknown,Ybus EMT reconstruction using exact complex bus-voltage phasors when available; otherwise diagnostic fallback
9.96,0.005928247775077278,0.0019673334752159377,0.005928247775077278,0.0019673334752159377,0.005928247775077278,0.0019673334752159377,-2.7788619117444484,-1.0373257938589175,-2.7847901595195257,-1.0392931273341335,0.0,0.0,Vmag_get_voltage_magnitude_series__angle_get_voltage_angle_series,true,Unknown,Ybus EMT reconstruction using exact complex bus-voltage phasors when available; otherwise diagnostic fallback
9.97,0.005928286197795174,0.0019673479308839337,0.005928286197795174,0.0019673479308839337,0.005928286197795174,0.0019673479308839337,-2.7788618733217305,-1.0373257794032495,-2.7847901595195257,-1.0392931273341335,0.0,0.0,Vmag_get_voltage_magnitude_series__angle_get_voltage_angle_series,true,Unknown,Ybus EMT reconstruction using exact complex bus-voltage phasors when available; otherwise diagnostic fallback
9.98,0.005928324583452049,0.0019673623710154686,0.005928324583452049,0.0019673623710154686,0.005928324583452049,0.0019673623710154686,-2.7788618349360736,-1.037325764963118,-2.7847901595195257,-1.0392931273341335,0.0,0.0,Vmag_get_voltage_magnitude_series__angle_get_voltage_angle_series,true,Unknown,Ybus EMT reconstruction using exact complex bus-voltage phasors when available; otherwise diagnostic fallback
9.99,0.005928362927758002,0.001967376793890141,0.005928362927758002,0.001967376793890141,0.005928362927758002,0.001967376793890141,-2.7788617965917677,-1.0373257505402433,-2.7847901595195257,-1.0392931273341335,0.0,0.0,Vmag_get_voltage_magnitude_series__angle_get_voltage_angle_series,true,Unknown,Ybus EMT reconstruction using exact complex bus-voltage phasors when available; otherwise diagnostic fallback
10.0,0.005928401226503954,0.0019673911978881353,0.005928401226503954,0.0019673911978881353,0.005928401226503954,0.0019673911978881353,-2.7788617582930217,-1.0373257361362453,-2.7847901595195257,-1.0392931273341335,0.0,0.0,Vmag_get_voltage_magnitude_series__angle_get_voltage_angle_series,true,Unknown,Ybus EMT reconstruction using exact complex bus-voltage phasors when available; otherwise diagnostic fallback
