t_s,delta_p_pu,delta_q_pu,delta_p_network_pu,delta_q_network_pu,delta_p_with_load_pu,delta_q_with_load_pu,p_network_abs_pu,q_network_abs_pu,p_network_ref_pu,q_network_ref_pu,delta_p_load_pu,delta_q_load_pu,angle_source,angle_is_exact_bus_voltage,asset_type,source
0.0,-9.058367488101737e-5,0.010038407394207416,-9.058367488101737e-5,0.010038407394207416,-9.058367488101737e-5,0.010038407394207416,-3.1103346378498715,-0.47645225827402654,-3.1102440541749905,-0.48649066566823396,0.0,0.0,Vmag_get_voltage_magnitude_series__angle_get_voltage_angle_series,true,Unknown,Ybus EMT reconstruction using exact complex bus-voltage phasors when available; otherwise diagnostic fallback
0.01,-9.058367487124741e-5,0.010038407394379778,-9.058367487124741e-5,0.010038407394379778,-9.058367487124741e-5,0.010038407394379778,-3.1103346378498617,-0.4764522582738542,-3.1102440541749905,-0.48649066566823396,0.0,0.0,Vmag_get_voltage_magnitude_series__angle_get_voltage_angle_series,true,Unknown,Ybus EMT reconstruction using exact complex bus-voltage phasors when available; otherwise diagnostic fallback
0.02,-9.058367485881291e-5,0.01003840739444073,-9.058367485881291e-5,0.01003840739444073,-9.058367485881291e-5,0.01003840739444073,-3.1103346378498493,-0.4764522582737932,-3.1102440541749905,-0.48649066566823396,0.0,0.0,Vmag_get_voltage_magnitude_series__angle_get_voltage_angle_series,true,Unknown,Ybus EMT reconstruction using exact complex bus-voltage phasors when available; otherwise diagnostic fallback
0.03,-9.058367488679053e-5,0.010038407394323545,-9.058367488679053e-5,0.010038407394323545,-9.058367488679053e-5,0.010038407394323545,-3.1103346378498773,-0.4764522582739104,-3.1102440541749905,-0.48649066566823396,0.0,0.0,Vmag_get_voltage_magnitude_series__angle_get_voltage_angle_series,true,Unknown,Ybus EMT reconstruction using exact complex bus-voltage phasors when available; otherwise diagnostic fallback
0.04,-9.058367487924102e-5,0.010038407394382332,-9.058367487924102e-5,0.010038407394382332,-9.058367487924102e-5,0.010038407394382332,-3.1103346378498697,-0.4764522582738516,-3.1102440541749905,-0.48649066566823396,0.0,0.0,Vmag_get_voltage_magnitude_series__angle_get_voltage_angle_series,true,Unknown,Ybus EMT reconstruction using exact complex bus-voltage phasors when available; otherwise diagnostic fallback
0.05,-9.058367487879693e-5,0.010038407394353355,-9.058367487879693e-5,0.010038407394353355,-9.058367487879693e-5,0.010038407394353355,-3.1103346378498693,-0.4764522582738806,-3.1102440541749905,-0.48649066566823396,0.0,0.0,Vmag_get_voltage_magnitude_series__angle_get_voltage_angle_series,true,Unknown,Ybus EMT reconstruction using exact complex bus-voltage phasors when available; otherwise diagnostic fallback
0.06,-9.058367487302377e-5,0.010038407394353022,-9.058367487302377e-5,0.010038407394353022,-9.058367487302377e-5,0.010038407394353022,-3.1103346378498635,-0.47645225827388094,-3.1102440541749905,-0.48649066566823396,0.0,0.0,Vmag_get_voltage_magnitude_series__angle_get_voltage_angle_series,true,Unknown,Ybus EMT reconstruction using exact complex bus-voltage phasors when available; otherwise diagnostic fallback
0.07,-9.05836748801292e-5,0.010038407394380944,-9.05836748801292e-5,0.010038407394380944,-9.05836748801292e-5,0.010038407394380944,-3.1103346378498706,-0.476452258273853,-3.1102440541749905,-0.48649066566823396,0.0,0.0,Vmag_get_voltage_magnitude_series__angle_get_voltage_angle_series,true,Unknown,Ybus EMT reconstruction using exact complex bus-voltage phasors when available; otherwise diagnostic fallback
0.08,-9.058367488501418e-5,0.010038407394381776,-9.058367488501418e-5,0.010038407394381776,-9.058367488501418e-5,0.010038407394381776,-3.1103346378498755,-0.4764522582738522,-3.1102440541749905,-0.48649066566823396,0.0,0.0,Vmag_get_voltage_magnitude_series__angle_get_voltage_angle_series,true,Unknown,Ybus EMT reconstruction using exact complex bus-voltage phasors when available; otherwise diagnostic fallback
0.09,-9.058367487702057e-5,0.010038407394411863,-9.058367487702057e-5,0.010038407394411863,-9.058367487702057e-5,0.010038407394411863,-3.1103346378498675,-0.4764522582738221,-3.1102440541749905,-0.48649066566823396,0.0,0.0,Vmag_get_voltage_magnitude_series__angle_get_voltage_angle_series,true,Unknown,Ybus EMT reconstruction using exact complex bus-voltage phasors when available; otherwise diagnostic fallback
0.1,-9.058367488234964e-5,0.010038407394324211,-9.058367488234964e-5,0.010038407394324211,-9.058367488234964e-5,0.010038407394324211,-3.110334637849873,-0.47645225827390975,-3.1102440541749905,-0.48649066566823396,0.0,0.0,Vmag_get_voltage_magnitude_series__angle_get_voltage_angle_series,true,Unknown,Ybus EMT reconstruction using exact complex bus-voltage phasors when available; otherwise diagnostic fallback
0.11,0.017278355309954918,0.006173712584671698,0.017278355309954918,0.006173712584671698,0.017278355309954918,0.006173712584671698,-3.0929656988650356,-0.48031695308356226,-3.1102440541749905,-0.48649066566823396,0.0,0.0,Vmag_get_voltage_magnitude_series__angle_get_voltage_angle_series,true,Unknown,Ybus EMT reconstruction using exact complex bus-voltage phasors when available; otherwise diagnostic fallback
0.12,0.025904271242750188,0.030662976224963057,0.025904271242750188,0.030662976224963057,0.025904271242750188,0.030662976224963057,-3.0843397829322403,-0.4558276894432709,-3.1102440541749905,-0.48649066566823396,0.0,0.0,Vmag_get_voltage_magnitude_series__angle_get_voltage_angle_series,true,Unknown,Ybus EMT reconstruction using exact complex bus-voltage phasors when available; otherwise diagnostic fallback
0.13,0.025766093447007865,0.03006509764528864,0.025766093447007865,0.03006509764528864,0.025766093447007865,0.03006509764528864,-3.0844779607279826,-0.4564255680229453,-3.1102440541749905,-0.48649066566823396,0.0,0.0,Vmag_get_voltage_magnitude_series__angle_get_voltage_angle_series,true,Unknown,Ybus EMT reconstruction using exact complex bus-voltage phasors when available; otherwise diagnostic fallback
0.14,0.02542536005469387,0.03075550042533859,0.02542536005469387,0.03075550042533859,0.02542536005469387,0.03075550042533859,-3.0848186941202966,-0.45573516524289537,-3.1102440541749905,-0.48649066566823396,0.0,0.0,Vmag_get_voltage_magnitude_series__angle_get_voltage_angle_series,true,Unknown,Ybus EMT reconstruction using exact complex bus-voltage phasors when available; otherwise diagnostic fallback
0.15,0.025029656352723695,0.030960648181885098,0.025029656352723695,0.030960648181885098,0.025029656352723695,0.030960648181885098,-3.085214397822267,-0.45553001748634886,-3.1102440541749905,-0.48649066566823396,0.0,0.0,Vmag_get_voltage_magnitude_series__angle_get_voltage_angle_series,true,Unknown,Ybus EMT reconstruction using exact complex bus-voltage phasors when available; otherwise diagnostic fallback
0.16,0.02480565209422192,0.03153055280257255,0.02480565209422192,0.03153055280257255,0.02480565209422192,0.03153055280257255,-3.0854384020807686,-0.4549601128656614,-3.1102440541749905,-0.48649066566823396,0.0,0.0,Vmag_get_voltage_magnitude_series__angle_get_voltage_angle_series,true,Unknown,Ybus EMT reconstruction using exact complex bus-voltage phasors when available; otherwise diagnostic fallback
0.17,0.024597308287093167,0.03219572437675117,0.024597308287093167,0.03219572437675117,0.024597308287093167,0.03219572437675117,-3.0856467458878973,-0.4542949412914828,-3.1102440541749905,-0.48649066566823396,0.0,0.0,Vmag_get_voltage_magnitude_series__angle_get_voltage_angle_series,true,Unknown,Ybus EMT reconstruction using exact complex bus-voltage phasors when available; otherwise diagnostic fallback
0.18,0.02446583745018538,0.03307108059890862,0.02446583745018538,0.03307108059890862,0.02446583745018538,0.03307108059890862,-3.085778216724805,-0.45341958506932534,-3.1102440541749905,-0.48649066566823396,0.0,0.0,Vmag_get_voltage_magnitude_series__angle_get_voltage_angle_series,true,Unknown,Ybus EMT reconstruction using exact complex bus-voltage phasors when available; otherwise diagnostic fallback
0.19,0.02442084832440461,0.034050488449701266,0.02442084832440461,0.034050488449701266,0.02442084832440461,0.034050488449701266,-3.085823205850586,-0.4524401772185327,-3.1102440541749905,-0.48649066566823396,0.0,0.0,Vmag_get_voltage_magnitude_series__angle_get_voltage_angle_series,true,Unknown,Ybus EMT reconstruction using exact complex bus-voltage phasors when available; otherwise diagnostic fallback
0.2,0.024446026323170944,0.03513550973898061,0.024446026323170944,0.03513550973898061,0.024446026323170944,0.03513550973898061,-3.0857980278518196,-0.45135515592925335,-3.1102440541749905,-0.48649066566823396,0.0,0.0,Vmag_get_voltage_magnitude_series__angle_get_voltage_angle_series,true,Unknown,Ybus EMT reconstruction using exact complex bus-voltage phasors when available; otherwise diagnostic fallback
0.21,0.024529920163651298,0.03628846359867527,0.024529920163651298,0.03628846359867527,0.024529920163651298,0.03628846359867527,-3.085714134011339,-0.4502022020695587,-3.1102440541749905,-0.48649066566823396,0.0,0.0,Vmag_get_voltage_magnitude_series__angle_get_voltage_angle_series,true,Unknown,Ybus EMT reconstruction using exact complex bus-voltage phasors when available; otherwise diagnostic fallback
0.22,0.02465212113684334,0.03748468720748699,0.02465212113684334,0.03748468720748699,0.02465212113684334,0.03748468720748699,-3.085591933038147,-0.44900597846074697,-3.1102440541749905,-0.48649066566823396,0.0,0.0,Vmag_get_voltage_magnitude_series__angle_get_voltage_angle_series,true,Unknown,Ybus EMT reconstruction using exact complex bus-voltage phasors when available; otherwise diagnostic fallback
0.23,0.024797677429909015,0.03870055422781943,0.024797677429909015,0.03870055422781943,0.024797677429909015,0.03870055422781943,-3.0854463767450815,-0.44779011144041453,-3.1102440541749905,-0.48649066566823396,0.0,0.0,Vmag_get_voltage_magnitude_series__angle_get_voltage_angle_series,true,Unknown,Ybus EMT reconstruction using exact complex bus-voltage phasors when available; otherwise diagnostic fallback
0.24,0.02495281146936401,0.0399159326888095,0.02495281146936401,0.0399159326888095,0.02495281146936401,0.0399159326888095,-3.0852912427056265,-0.44657473297942446,-3.1102440541749905,-0.48649066566823396,0.0,0.0,Vmag_get_voltage_magnitude_series__angle_get_voltage_angle_series,true,Unknown,Ybus EMT reconstruction using exact complex bus-voltage phasors when available; otherwise diagnostic fallback
0.25,0.025105838189207308,0.04111478839339583,0.025105838189207308,0.04111478839339583,0.025105838189207308,0.04111478839339583,-3.085138215985783,-0.44537587727483813,-3.1102440541749905,-0.48649066566823396,0.0,0.0,Vmag_get_voltage_magnitude_series__angle_get_voltage_angle_series,true,Unknown,Ybus EMT reconstruction using exact complex bus-voltage phasors when available; otherwise diagnostic fallback
0.26,0.025248227264645706,0.04228483903778357,0.025248227264645706,0.04228483903778357,0.025248227264645706,0.04228483903778357,-3.084995826910345,-0.4442058266304504,-3.1102440541749905,-0.48649066566823396,0.0,0.0,Vmag_get_voltage_magnitude_series__angle_get_voltage_angle_series,true,Unknown,Ybus EMT reconstruction using exact complex bus-voltage phasors when available; otherwise diagnostic fallback
0.27,0.025373586493051548,0.04341712747250853,0.025373586493051548,0.04341712747250853,0.025373586493051548,0.04341712747250853,-3.084870467681939,-0.4430735381957254,-3.1102440541749905,-0.48649066566823396,0.0,0.0,Vmag_get_voltage_magnitude_series__angle_get_voltage_angle_series,true,Unknown,Ybus EMT reconstruction using exact complex bus-voltage phasors when available; otherwise diagnostic fallback
0.28,0.025477961520687042,0.044506066102297126,0.025477961520687042,0.044506066102297126,0.025477961520687042,0.044506066102297126,-3.0847660926543035,-0.44198459956593683,-3.1102440541749905,-0.48649066566823396,0.0,0.0,Vmag_get_voltage_magnitude_series__angle_get_voltage_angle_series,true,Unknown,Ybus EMT reconstruction using exact complex bus-voltage phasors when available; otherwise diagnostic fallback
0.29,0.025559323849349447,0.0455486899477171,0.025559323849349447,0.0455486899477171,0.025559323849349447,0.0455486899477171,-3.084684730325641,-0.44094197572051685,-3.1102440541749905,-0.48649066566823396,0.0,0.0,Vmag_get_voltage_magnitude_series__angle_get_voltage_angle_series,true,Unknown,Ybus EMT reconstruction using exact complex bus-voltage phasors when available; otherwise diagnostic fallback
0.3,0.02561723182003428,0.046544348767870336,0.02561723182003428,0.046544348767870336,0.02561723182003428,0.046544348767870336,-3.084626822354956,-0.4399463169003636,-3.1102440541749905,-0.48649066566823396,0.0,0.0,Vmag_get_voltage_magnitude_series__angle_get_voltage_angle_series,true,Unknown,Ybus EMT reconstruction using exact complex bus-voltage phasors when available; otherwise diagnostic fallback
0.31,0.025652463797298797,0.04749412932725938,0.025652463797298797,0.04749412932725938,0.025652463797298797,0.04749412932725938,-3.0845915903776917,-0.4389965363409746,-3.1102440541749905,-0.48649066566823396,0.0,0.0,Vmag_get_voltage_magnitude_series__angle_get_voltage_angle_series,true,Unknown,Ybus EMT reconstruction using exact complex bus-voltage phasors when available; otherwise diagnostic fallback
0.32,0.025666620677284424,0.04840038000431396,0.025666620677284424,0.04840038000431396,0.025666620677284424,0.04840038000431396,-3.084577433497706,-0.43809028566392,-3.1102440541749905,-0.48649066566823396,0.0,0.0,Vmag_get_voltage_magnitude_series__angle_get_voltage_angle_series,true,Unknown,Ybus EMT reconstruction using exact complex bus-voltage phasors when available; otherwise diagnostic fallback
0.33,0.02566179386345757,0.04926624660249429,0.02566179386345757,0.04926624660249429,0.02566179386345757,0.04926624660249429,-3.084582260311533,-0.43722441906573967,-3.1102440541749905,-0.48649066566823396,0.0,0.0,Vmag_get_voltage_magnitude_series__angle_get_voltage_angle_series,true,Unknown,Ybus EMT reconstruction using exact complex bus-voltage phasors when available; otherwise diagnostic fallback
0.34,0.025640263879528558,0.05009525462510389,0.025640263879528558,0.05009525462510389,0.025640263879528558,0.05009525462510389,-3.084603790295462,-0.43639541104313007,-3.1102440541749905,-0.48649066566823396,0.0,0.0,Vmag_get_voltage_magnitude_series__angle_get_voltage_angle_series,true,Unknown,Ybus EMT reconstruction using exact complex bus-voltage phasors when available; otherwise diagnostic fallback
0.35,0.025604260276612667,0.0508909551962618,0.025604260276612667,0.0508909551962618,0.025604260276612667,0.0508909551962618,-3.084639793898378,-0.43559971047197216,-3.1102440541749905,-0.48649066566823396,0.0,0.0,Vmag_get_voltage_magnitude_series__angle_get_voltage_angle_series,true,Unknown,Ybus EMT reconstruction using exact complex bus-voltage phasors when available; otherwise diagnostic fallback
0.36,0.0255557746035584,0.0516566352988892,0.0255557746035584,0.0516566352988892,0.0255557746035584,0.0516566352988892,-3.084688279571432,-0.43483403036934476,-3.1102440541749905,-0.48649066566823396,0.0,0.0,Vmag_get_voltage_magnitude_series__angle_get_voltage_angle_series,true,Unknown,Ybus EMT reconstruction using exact complex bus-voltage phasors when available; otherwise diagnostic fallback
0.37,0.025496435601461087,0.05239510021785382,0.025496435601461087,0.05239510021785382,0.025496435601461087,0.05239510021785382,-3.0847476185735294,-0.43409556545038014,-3.1102440541749905,-0.48649066566823396,0.0,0.0,Vmag_get_voltage_magnitude_series__angle_get_voltage_angle_series,true,Unknown,Ybus EMT reconstruction using exact complex bus-voltage phasors when available; otherwise diagnostic fallback
0.38,0.025427428214229497,0.05310851583863507,0.025427428214229497,0.05310851583863507,0.025427428214229497,0.05310851583863507,-3.084816625960761,-0.4333821498295989,-3.1102440541749905,-0.48649066566823396,0.0,0.0,Vmag_get_voltage_magnitude_series__angle_get_voltage_angle_series,true,Unknown,Ybus EMT reconstruction using exact complex bus-voltage phasors when available; otherwise diagnostic fallback
0.39,0.02534946269388172,0.053798324957874843,0.02534946269388172,0.053798324957874843,0.02534946269388172,0.053798324957874843,-3.084894591481109,-0.4326923407103591,-3.1102440541749905,-0.48649066566823396,0.0,0.0,Vmag_get_voltage_magnitude_series__angle_get_voltage_angle_series,true,Unknown,Ybus EMT reconstruction using exact complex bus-voltage phasors when available; otherwise diagnostic fallback
0.4,0.025262784696472362,0.054465207773657154,0.025262784696472362,0.054465207773657154,0.025262784696472362,0.054465207773657154,-3.084981269478518,-0.4320254578945768,-3.1102440541749905,-0.48649066566823396,0.0,0.0,Vmag_get_voltage_magnitude_series__angle_get_voltage_angle_series,true,Unknown,Ybus EMT reconstruction using exact complex bus-voltage phasors when available; otherwise diagnostic fallback
0.41,0.025167201705964093,0.055109101831915974,0.025167201705964093,0.055109101831915974,0.025167201705964093,0.055109101831915974,-3.0850768524690264,-0.431381563836318,-3.1102440541749905,-0.48649066566823396,0.0,0.0,Vmag_get_voltage_magnitude_series__angle_get_voltage_angle_series,true,Unknown,Ybus EMT reconstruction using exact complex bus-voltage phasors when available; otherwise diagnostic fallback
0.42,0.025062151255427434,0.05572925561844466,0.025062151255427434,0.05572925561844466,0.025062151255427434,0.05572925561844466,-3.085181902919563,-0.4307614100497893,-3.1102440541749905,-0.48649066566823396,0.0,0.0,Vmag_get_voltage_magnitude_series__angle_get_voltage_angle_series,true,Unknown,Ybus EMT reconstruction using exact complex bus-voltage phasors when available; otherwise diagnostic fallback
0.43,0.02494676767632864,0.05632431316679326,0.02494676767632864,0.05632431316679326,0.02494676767632864,0.05632431316679326,-3.085297286498662,-0.4301663525014407,-3.1102440541749905,-0.48649066566823396,0.0,0.0,Vmag_get_voltage_magnitude_series__angle_get_voltage_angle_series,true,Unknown,Ybus EMT reconstruction using exact complex bus-voltage phasors when available; otherwise diagnostic fallback
0.44,0.024819967044815705,0.056892428556685415,0.024819967044815705,0.056892428556685415,0.024819967044815705,0.056892428556685415,-3.085424087130175,-0.42959823711154854,-3.1102440541749905,-0.48649066566823396,0.0,0.0,Vmag_get_voltage_magnitude_series__angle_get_voltage_angle_series,true,Unknown,Ybus EMT reconstruction using exact complex bus-voltage phasors when available; otherwise diagnostic fallback
0.45,0.024680534210479443,0.057431382898675554,0.024680534210479443,0.057431382898675554,0.024680534210479443,0.057431382898675554,-3.085563519964511,-0.4290592827695584,-3.1102440541749905,-0.48649066566823396,0.0,0.0,Vmag_get_voltage_magnitude_series__angle_get_voltage_angle_series,true,Unknown,Ybus EMT reconstruction using exact complex bus-voltage phasors when available; otherwise diagnostic fallback
0.46,0.024527204668499447,0.05793871832749725,0.024527204668499447,0.05793871832749725,0.024527204668499447,0.05793871832749725,-3.085716849506491,-0.4285519473407367,-3.1102440541749905,-0.48649066566823396,0.0,0.0,Vmag_get_voltage_magnitude_series__angle_get_voltage_angle_series,true,Unknown,Ybus EMT reconstruction using exact complex bus-voltage phasors when available; otherwise diagnostic fallback
0.47,0.024358749453191386,0.058411866578992055,0.024358749453191386,0.058411866578992055,0.024358749453191386,0.058411866578992055,-3.085885304721799,-0.4280787990892419,-3.1102440541749905,-0.48649066566823396,0.0,0.0,Vmag_get_voltage_magnitude_series__angle_get_voltage_angle_series,true,Unknown,Ybus EMT reconstruction using exact complex bus-voltage phasors when available; otherwise diagnostic fallback
0.48,0.024174043743195206,0.05884827271298815,0.024174043743195206,0.05884827271298815,0.024174043743195206,0.05884827271298815,-3.0860700104317953,-0.4276423929552458,-3.1102440541749905,-0.48649066566823396,0.0,0.0,Vmag_get_voltage_magnitude_series__angle_get_voltage_angle_series,true,Unknown,Ybus EMT reconstruction using exact complex bus-voltage phasors when available; otherwise diagnostic fallback
0.49,0.023972131991957912,0.05924551113632642,0.023972131991957912,0.05924551113632642,0.023972131991957912,0.05924551113632642,-3.0862719221830326,-0.42724515453190753,-3.1102440541749905,-0.48649066566823396,0.0,0.0,Vmag_get_voltage_magnitude_series__angle_get_voltage_angle_series,true,Unknown,Ybus EMT reconstruction using exact complex bus-voltage phasors when available; otherwise diagnostic fallback
0.5,0.02375227845536898,0.05960138439005336,0.02375227845536898,0.05960138439005336,0.02375227845536898,0.05960138439005336,-3.0864917757196215,-0.4268892812781806,-3.1102440541749905,-0.48649066566823396,0.0,0.0,Vmag_get_voltage_magnitude_series__angle_get_voltage_angle_series,true,Unknown,Ybus EMT reconstruction using exact complex bus-voltage phasors when available; otherwise diagnostic fallback
0.51,0.023514005948135352,0.05991401025907234,0.023514005948135352,0.05991401025907234,0.023514005948135352,0.05991401025907234,-3.086730048226855,-0.4265766554091616,-3.1102440541749905,-0.48649066566823396,0.0,0.0,Vmag_get_voltage_magnitude_series__angle_get_voltage_angle_series,true,Unknown,Ybus EMT reconstruction using exact complex bus-voltage phasors when available; otherwise diagnostic fallback
0.52,0.023257124307348498,0.06018188838771771,0.023257124307348498,0.06018188838771771,0.023257124307348498,0.06018188838771771,-3.086986929867642,-0.42630877728051625,-3.1102440541749905,-0.48649066566823396,0.0,0.0,Vmag_get_voltage_magnitude_series__angle_get_voltage_angle_series,true,Unknown,Ybus EMT reconstruction using exact complex bus-voltage phasors when available; otherwise diagnostic fallback
0.53,0.022981742312680353,0.06040395082878264,0.022981742312680353,0.06040395082878264,0.022981742312680353,0.06040395082878264,-3.08726231186231,-0.4260867148394513,-3.1102440541749905,-0.48649066566823396,0.0,0.0,Vmag_get_voltage_magnitude_series__angle_get_voltage_angle_series,true,Unknown,Ybus EMT reconstruction using exact complex bus-voltage phasors when available; otherwise diagnostic fallback
0.54,0.022688273126042713,0.06057959531792351,0.022688273126042713,0.06057959531792351,0.022688273126042713,0.06057959531792351,-3.087555781048948,-0.42591107035031045,-3.1102440541749905,-0.48649066566823396,0.0,0.0,Vmag_get_voltage_magnitude_series__angle_get_voltage_angle_series,true,Unknown,Ybus EMT reconstruction using exact complex bus-voltage phasors when available; otherwise diagnostic fallback
0.55,0.022377425966576325,0.060708700131387794,0.022377425966576325,0.060708700131387794,0.022377425966576325,0.060708700131387794,-3.087866628208414,-0.42578196553684616,-3.1102440541749905,-0.48649066566823396,0.0,0.0,Vmag_get_voltage_magnitude_series__angle_get_voltage_angle_series,true,Unknown,Ybus EMT reconstruction using exact complex bus-voltage phasors when available; otherwise diagnostic fallback
0.56,0.02205018924701907,0.060791626345390926,0.02205018924701907,0.060791626345390926,0.02205018924701907,0.060791626345390926,-3.0881938649279714,-0.42569903932284303,-3.1102440541749905,-0.48649066566823396,0.0,0.0,Vmag_get_voltage_magnitude_series__angle_get_voltage_angle_series,true,Unknown,Ybus EMT reconstruction using exact complex bus-voltage phasors when available; otherwise diagnostic fallback
0.57,0.021707808327976696,0.06082920358207872,0.021707808327976696,0.06082920358207872,0.021707808327976696,0.06082920358207872,-3.088536245847014,-0.42566146208615524,-3.1102440541749905,-0.48649066566823396,0.0,0.0,Vmag_get_voltage_magnitude_series__angle_get_voltage_angle_series,true,Unknown,Ybus EMT reconstruction using exact complex bus-voltage phasors when available; otherwise diagnostic fallback
0.58,0.021351753417931718,0.060822706637827406,0.021351753417931718,0.060822706637827406,0.021351753417931718,0.060822706637827406,-3.088892300757059,-0.42566795903040655,-3.1102440541749905,-0.48649066566823396,0.0,0.0,Vmag_get_voltage_magnitude_series__angle_get_voltage_angle_series,true,Unknown,Ybus EMT reconstruction using exact complex bus-voltage phasors when available; otherwise diagnostic fallback
0.59,0.020983687596191736,0.06077382135028303,0.020983687596191736,0.06077382135028303,0.020983687596191736,0.06077382135028303,-3.0892603665787988,-0.4257168443179509,-3.1102440541749905,-0.48649066566823396,0.0,0.0,Vmag_get_voltage_magnitude_series__angle_get_voltage_angle_series,true,Unknown,Ybus EMT reconstruction using exact complex bus-voltage phasors when available; otherwise diagnostic fallback
0.6,0.020605428485346078,0.060684602928320175,0.020605428485346078,0.060684602928320175,0.020605428485346078,0.060684602928320175,-3.0896386256896444,-0.4258060627399138,-3.1102440541749905,-0.48649066566823396,0.0,0.0,Vmag_get_voltage_magnitude_series__angle_get_voltage_angle_series,true,Unknown,Ybus EMT reconstruction using exact complex bus-voltage phasors when available; otherwise diagnostic fallback
0.61,0.02021891051458491,0.06055743049620377,0.02021891051458491,0.06055743049620377,0.02021891051458491,0.06055743049620377,-3.0900251436604056,-0.4259332351720302,-3.1102440541749905,-0.48649066566823396,0.0,0.0,Vmag_get_voltage_magnitude_series__angle_get_voltage_angle_series,true,Unknown,Ybus EMT reconstruction using exact complex bus-voltage phasors when available; otherwise diagnostic fallback
0.62,0.01982614745823552,0.060394956013554824,0.01982614745823552,0.060394956013554824,0.01982614745823552,0.060394956013554824,-3.090417906716755,-0.42609570965467913,-3.1102440541749905,-0.48649066566823396,0.0,0.0,Vmag_get_voltage_magnitude_series__angle_get_voltage_angle_series,true,Unknown,Ybus EMT reconstruction using exact complex bus-voltage phasors when available; otherwise diagnostic fallback
0.63,0.01942919458695158,0.060200054165507944,0.01942919458695158,0.060200054165507944,0.01942919458695158,0.060200054165507944,-3.090814859588039,-0.426290611502726,-3.1102440541749905,-0.48649066566823396,0.0,0.0,Vmag_get_voltage_magnitude_series__angle_get_voltage_angle_series,true,Unknown,Ybus EMT reconstruction using exact complex bus-voltage phasors when available; otherwise diagnostic fallback
0.64,0.019030115089326838,0.05997577062794601,0.019030115089326838,0.05997577062794601,0.019030115089326838,0.05997577062794601,-3.0912139390856637,-0.42651489504028794,-3.1102440541749905,-0.48649066566823396,0.0,0.0,Vmag_get_voltage_magnitude_series__angle_get_voltage_angle_series,true,Unknown,Ybus EMT reconstruction using exact complex bus-voltage phasors when available; otherwise diagnostic fallback
0.65,0.018630947395127162,0.05972527215607093,0.018630947395127162,0.05972527215607093,0.018630947395127162,0.05972527215607093,-3.0916131067798633,-0.426765393512163,-3.1102440541749905,-0.48649066566823396,0.0,0.0,Vmag_get_voltage_magnitude_series__angle_get_voltage_angle_series,true,Unknown,Ybus EMT reconstruction using exact complex bus-voltage phasors when available; otherwise diagnostic fallback
0.66,0.018233677380062208,0.05945179972210801,0.018233677380062208,0.05945179972210801,0.018233677380062208,0.05945179972210801,-3.0920103767949283,-0.42703886594612595,-3.1102440541749905,-0.48649066566823396,0.0,0.0,Vmag_get_voltage_magnitude_series__angle_get_voltage_angle_series,true,Unknown,Ybus EMT reconstruction using exact complex bus-voltage phasors when available; otherwise diagnostic fallback
0.67,0.01784021362891819,0.059158624055117515,0.01784021362891819,0.059158624055117515,0.01784021362891819,0.059158624055117515,-3.0924038405460723,-0.42733204161311644,-3.1102440541749905,-0.48649066566823396,0.0,0.0,Vmag_get_voltage_magnitude_series__angle_get_voltage_angle_series,true,Unknown,Ybus EMT reconstruction using exact complex bus-voltage phasors when available; otherwise diagnostic fallback
0.68,0.01745236655359772,0.05884900594217923,0.01745236655359772,0.05884900594217923,0.01745236655359772,0.05884900594217923,-3.092791687621393,-0.4276416597260547,-3.1102440541749905,-0.48649066566823396,0.0,0.0,Vmag_get_voltage_magnitude_series__angle_get_voltage_angle_series,true,Unknown,Ybus EMT reconstruction using exact complex bus-voltage phasors when available; otherwise diagnostic fallback
0.69,0.017071831862545572,0.058526160326121957,0.017071831862545572,0.058526160326121957,0.017071831862545572,0.058526160326121957,-3.093172222312445,-0.427964505342112,-3.1102440541749905,-0.48649066566823396,0.0,0.0,Vmag_get_voltage_magnitude_series__angle_get_voltage_angle_series,true,Unknown,Ybus EMT reconstruction using exact complex bus-voltage phasors when available; otherwise diagnostic fallback
0.7,0.016700177190360765,0.05819322505391533,0.016700177190360765,0.05819322505391533,0.016700177190360765,0.05819322505391533,-3.0935438769846297,-0.4282974406143186,-3.1102440541749905,-0.48649066566823396,0.0,0.0,Vmag_get_voltage_magnitude_series__angle_get_voltage_angle_series,true,Unknown,Ybus EMT reconstruction using exact complex bus-voltage phasors when available; otherwise diagnostic fallback
0.71,0.016338832963310068,0.057853234417086175,0.016338832963310068,0.057853234417086175,0.016338832963310068,0.057853234417086175,-3.0939052212116804,-0.4286374312511478,-3.1102440541749905,-0.48649066566823396,0.0,0.0,Vmag_get_voltage_magnitude_series__angle_get_voltage_angle_series,true,Unknown,Ybus EMT reconstruction using exact complex bus-voltage phasors when available; otherwise diagnostic fallback
0.72,0.01598908600289528,0.0575090965319095,0.01598908600289528,0.0575090965319095,0.01598908600289528,0.0575090965319095,-3.094254968172095,-0.42898156913632446,-3.1102440541749905,-0.48649066566823396,0.0,0.0,Vmag_get_voltage_magnitude_series__angle_get_voltage_angle_series,true,Unknown,Ybus EMT reconstruction using exact complex bus-voltage phasors when available; otherwise diagnostic fallback
0.73,0.015652076140145077,0.057163575594088745,0.015652076140145077,0.057163575594088745,0.015652076140145077,0.057163575594088745,-3.0945919780348454,-0.4293270900741452,-3.1102440541749905,-0.48649066566823396,0.0,0.0,Vmag_get_voltage_magnitude_series__angle_get_voltage_angle_series,true,Unknown,Ybus EMT reconstruction using exact complex bus-voltage phasors when available; otherwise diagnostic fallback
0.74,0.015328795824478991,0.05681927746938614,0.015328795824478991,0.05681927746938614,0.015328795824478991,0.05681927746938614,-3.0949152583505115,-0.4296713881988478,-3.1102440541749905,-0.48649066566823396,0.0,0.0,Vmag_get_voltage_magnitude_series__angle_get_voltage_angle_series,true,Unknown,Ybus EMT reconstruction using exact complex bus-voltage phasors when available; otherwise diagnostic fallback
0.75,0.015020091064289698,0.05647863919513635,0.015020091064289698,0.05647863919513635,0.015020091064289698,0.05647863919513635,-3.095223963110701,-0.4300120264730976,-3.1102440541749905,-0.48649066566823396,0.0,0.0,Vmag_get_voltage_magnitude_series__angle_get_voltage_angle_series,true,Unknown,Ybus EMT reconstruction using exact complex bus-voltage phasors when available; otherwise diagnostic fallback
0.76,0.014726665028063746,0.05614392140923291,0.014726665028063746,0.05614392140923291,0.014726665028063746,0.05614392140923291,-3.0955173891469268,-0.43034674425900105,-3.1102440541749905,-0.48649066566823396,0.0,0.0,Vmag_get_voltage_magnitude_series__angle_get_voltage_angle_series,true,Unknown,Ybus EMT reconstruction using exact complex bus-voltage phasors when available; otherwise diagnostic fallback
0.77,0.01444908244514842,0.055817203435822194,0.01444908244514842,0.055817203435822194,0.01444908244514842,0.055817203435822194,-3.095794971729842,-0.43067346223241176,-3.1102440541749905,-0.48649066566823396,0.0,0.0,Vmag_get_voltage_magnitude_series__angle_get_voltage_angle_series,true,Unknown,Ybus EMT reconstruction using exact complex bus-voltage phasors when available; otherwise diagnostic fallback
0.78,0.014187775328548202,0.0555003811976198,0.014187775328548202,0.0555003811976198,0.014187775328548202,0.0555003811976198,-3.0960562788464423,-0.43099028447061416,-3.1102440541749905,-0.48649066566823396,0.0,0.0,Vmag_get_voltage_magnitude_series__angle_get_voltage_angle_series,true,Unknown,Ybus EMT reconstruction using exact complex bus-voltage phasors when available; otherwise diagnostic fallback
0.79,0.013943049745024805,0.05519516630871174,0.013943049745024805,0.05519516630871174,0.013943049745024805,0.05519516630871174,-3.0963010044299657,-0.4312954993595222,-3.1102440541749905,-0.48649066566823396,0.0,0.0,Vmag_get_voltage_magnitude_series__angle_get_voltage_angle_series,true,Unknown,Ybus EMT reconstruction using exact complex bus-voltage phasors when available; otherwise diagnostic fallback
0.8,0.013715092466809686,0.054903087530779826,0.013715092466809686,0.054903087530779826,0.013715092466809686,0.054903087530779826,-3.096528961708181,-0.43158757813745413,-3.1102440541749905,-0.48649066566823396,0.0,0.0,Vmag_get_voltage_magnitude_series__angle_get_voltage_angle_series,true,Unknown,Ybus EMT reconstruction using exact complex bus-voltage phasors when available; otherwise diagnostic fallback
0.81,0.013503978803828698,0.05462549313567333,0.013503978803828698,0.05462549313567333,0.013503978803828698,0.05462549313567333,-3.096740075371162,-0.4318651725325606,-3.1102440541749905,-0.48649066566823396,0.0,0.0,Vmag_get_voltage_magnitude_series__angle_get_voltage_angle_series,true,Unknown,Ybus EMT reconstruction using exact complex bus-voltage phasors when available; otherwise diagnostic fallback
0.82,0.01330967986025744,0.05436355410078342,0.01330967986025744,0.05436355410078342,0.01330967986025744,0.05436355410078342,-3.096934374314733,-0.43212711156745054,-3.1102440541749905,-0.48649066566823396,0.0,0.0,Vmag_get_voltage_magnitude_series__angle_get_voltage_angle_series,true,Unknown,Ybus EMT reconstruction using exact complex bus-voltage phasors when available; otherwise diagnostic fallback
0.83,0.013132070240715166,0.05411826896919669,0.013132070240715166,0.05411826896919669,0.013132070240715166,0.05411826896919669,-3.0971119839342753,-0.43237239669903726,-3.1102440541749905,-0.48649066566823396,0.0,0.0,Vmag_get_voltage_magnitude_series__angle_get_voltage_angle_series,true,Unknown,Ybus EMT reconstruction using exact complex bus-voltage phasors when available; otherwise diagnostic fallback
0.84,0.012970935566855246,0.053890468135483094,0.012970935566855246,0.053890468135483094,0.012970935566855246,0.053890468135483094,-3.0972731186081353,-0.43260019753275086,-3.1102440541749905,-0.48649066566823396,0.0,0.0,Vmag_get_voltage_magnitude_series__angle_get_voltage_angle_series,true,Unknown,Ybus EMT reconstruction using exact complex bus-voltage phasors when available; otherwise diagnostic fallback
0.85,0.01282597953008402,0.053680819568078963,0.01282597953008402,0.053680819568078963,0.01282597953008402,0.053680819568078963,-3.0974180746449065,-0.432809846100155,-3.1102440541749905,-0.48649066566823396,0.0,0.0,Vmag_get_voltage_magnitude_series__angle_get_voltage_angle_series,true,Unknown,Ybus EMT reconstruction using exact complex bus-voltage phasors when available; otherwise diagnostic fallback
0.86,0.012696831457361224,0.05348983455575146,0.012696831457361224,0.05348983455575146,0.012696831457361224,0.05348983455575146,-3.0975472227176293,-0.4330008311124825,-3.1102440541749905,-0.48649066566823396,0.0,0.0,Vmag_get_voltage_magnitude_series__angle_get_voltage_angle_series,true,Unknown,Ybus EMT reconstruction using exact complex bus-voltage phasors when available; otherwise diagnostic fallback
0.87,0.012583052667407557,0.05331787350424261,0.012583052667407557,0.05331787350424261,0.012583052667407557,0.05331787350424261,-3.097661001507583,-0.43317279216399135,-3.1102440541749905,-0.48649066566823396,0.0,0.0,Vmag_get_voltage_magnitude_series__angle_get_voltage_angle_series,true,Unknown,Ybus EMT reconstruction using exact complex bus-voltage phasors when available; otherwise diagnostic fallback
0.88,0.012484143416950477,0.05316515258073079,0.012484143416950477,0.05316515258073079,0.012484143416950477,0.05316515258073079,-3.09775991075804,-0.43332551308750317,-3.1102440541749905,-0.48649066566823396,0.0,0.0,Vmag_get_voltage_magnitude_series__angle_get_voltage_angle_series,true,Unknown,Ybus EMT reconstruction using exact complex bus-voltage phasors when available; otherwise diagnostic fallback
0.89,0.012399549223820916,0.053031749831251085,0.012399549223820916,0.053031749831251085,0.012399549223820916,0.053031749831251085,-3.0978445049511696,-0.43345891583698287,-3.1102440541749905,-0.48649066566823396,0.0,0.0,Vmag_get_voltage_magnitude_series__angle_get_voltage_angle_series,true,Unknown,Ybus EMT reconstruction using exact complex bus-voltage phasors when available; otherwise diagnostic fallback
0.9,0.012328666770056174,0.0529176121682593,0.012328666770056174,0.0529176121682593,0.012328666770056174,0.0529176121682593,-3.0979153874049343,-0.43357305349997466,-3.1102440541749905,-0.48649066566823396,0.0,0.0,Vmag_get_voltage_magnitude_series__angle_get_voltage_angle_series,true,Unknown,Ybus EMT reconstruction using exact complex bus-voltage phasors when available; otherwise diagnostic fallback
0.91,0.012270850223387697,0.052822562121487227,0.012270850223387697,0.052822562121487227,0.012270850223387697,0.052822562121487227,-3.097973203951603,-0.43366810354674673,-3.1102440541749905,-0.48649066566823396,0.0,0.0,Vmag_get_voltage_magnitude_series__angle_get_voltage_angle_series,true,Unknown,Ybus EMT reconstruction using exact complex bus-voltage phasors when available; otherwise diagnostic fallback
0.92,0.012225416564295877,0.05274630484249965,0.012225416564295877,0.05274630484249965,0.012225416564295877,0.05274630484249965,-3.0980186376106946,-0.4337443608257343,-3.1102440541749905,-0.48649066566823396,0.0,0.0,Vmag_get_voltage_magnitude_series__angle_get_voltage_angle_series,true,Unknown,Ybus EMT reconstruction using exact complex bus-voltage phasors when available; otherwise diagnostic fallback
0.93,0.012191651387497782,0.05268843570110038,0.012191651387497782,0.05268843570110038,0.012191651387497782,0.05268843570110038,-3.0980524027874927,-0.4338022299671336,-3.1102440541749905,-0.48649066566823396,0.0,0.0,Vmag_get_voltage_magnitude_series__angle_get_voltage_angle_series,true,Unknown,Ybus EMT reconstruction using exact complex bus-voltage phasors when available; otherwise diagnostic fallback
0.94,0.012168814247514703,0.05264844737683172,0.012168814247514703,0.05264844737683172,0.012168814247514703,0.05264844737683172,-3.098075239927476,-0.43384221829140224,-3.1102440541749905,-0.48649066566823396,0.0,0.0,Vmag_get_voltage_magnitude_series__angle_get_voltage_angle_series,true,Unknown,Ybus EMT reconstruction using exact complex bus-voltage phasors when available; otherwise diagnostic fallback
0.95,0.01215614376363039,0.05262573788448144,0.01215614376363039,0.05262573788448144,0.01215614376363039,0.05262573788448144,-3.09808791041136,-0.4338649277837525,-3.1102440541749905,-0.48649066566823396,0.0,0.0,Vmag_get_voltage_magnitude_series__angle_get_voltage_angle_series,true,Unknown,Ybus EMT reconstruction using exact complex bus-voltage phasors when available; otherwise diagnostic fallback
0.96,0.012152862999083691,0.052619618310426663,0.012152862999083691,0.052619618310426663,0.012152862999083691,0.052619618310426663,-3.098091191175907,-0.4338710473578073,-3.1102440541749905,-0.48649066566823396,0.0,0.0,Vmag_get_voltage_magnitude_series__angle_get_voltage_angle_series,true,Unknown,Ybus EMT reconstruction using exact complex bus-voltage phasors when available; otherwise diagnostic fallback
0.97,0.012158184094367641,0.05262932097048739,0.012158184094367641,0.05262932097048739,0.012158184094367641,0.05262932097048739,-3.098085870080623,-0.43386134469774656,-3.1102440541749905,-0.48649066566823396,0.0,0.0,Vmag_get_voltage_magnitude_series__angle_get_voltage_angle_series,true,Unknown,Ybus EMT reconstruction using exact complex bus-voltage phasors when available; otherwise diagnostic fallback
0.98,0.012171313371429182,0.05265400768075573,0.012171313371429182,0.05265400768075573,0.012171313371429182,0.05265400768075573,-3.0980727408035613,-0.4338366579874782,-3.1102440541749905,-0.48649066566823396,0.0,0.0,Vmag_get_voltage_magnitude_series__angle_get_voltage_angle_series,true,Unknown,Ybus EMT reconstruction using exact complex bus-voltage phasors when available; otherwise diagnostic fallback
0.99,0.012191455916770622,0.052692778014839736,0.012191455916770622,0.052692778014839736,0.012191455916770622,0.052692778014839736,-3.09805259825822,-0.4337978876533942,-3.1102440541749905,-0.48649066566823396,0.0,0.0,Vmag_get_voltage_magnitude_series__angle_get_voltage_angle_series,true,Unknown,Ybus EMT reconstruction using exact complex bus-voltage phasors when available; otherwise diagnostic fallback
1.0,0.012217820054488016,0.05274467804971111,0.012217820054488016,0.05274467804971111,0.012217820054488016,0.05274467804971111,-3.0980262341205025,-0.43374598761852284,-3.1102440541749905,-0.48649066566823396,0.0,0.0,Vmag_get_voltage_magnitude_series__angle_get_voltage_angle_series,true,Unknown,Ybus EMT reconstruction using exact complex bus-voltage phasors when available; otherwise diagnostic fallback
1.01,0.012249621877071792,0.05280870867580495,0.012249621877071792,0.05280870867580495,0.012249621877071792,0.05280870867580495,-3.0979944322979187,-0.433681956992429,-3.1102440541749905,-0.48649066566823396,0.0,0.0,Vmag_get_voltage_magnitude_series__angle_get_voltage_angle_series,true,Unknown,Ybus EMT reconstruction using exact complex bus-voltage phasors when available; otherwise diagnostic fallback
1.02,0.012286089200680639,0.05288383427456933,0.012286089200680639,0.05288383427456933,0.012286089200680639,0.05288383427456933,-3.09795796497431,-0.4336068313936646,-3.1102440541749905,-0.48649066566823396,0.0,0.0,Vmag_get_voltage_magnitude_series__angle_get_voltage_angle_series,true,Unknown,Ybus EMT reconstruction using exact complex bus-voltage phasors when available; otherwise diagnostic fallback
1.03,0.012326465771790307,0.05296899125519999,0.012326465771790307,0.05296899125519999,0.012326465771790307,0.05296899125519999,-3.0979175884032,-0.43352167441303396,-3.1102440541749905,-0.48649066566823396,0.0,0.0,Vmag_get_voltage_magnitude_series__angle_get_voltage_angle_series,true,Unknown,Ybus EMT reconstruction using exact complex bus-voltage phasors when available; otherwise diagnostic fallback
1.04,0.012370014857569611,0.05306309636518586,0.012370014857569611,0.05306309636518586,0.012370014857569611,0.05306309636518586,-3.097874039317421,-0.4334275693030481,-3.1102440541749905,-0.48649066566823396,0.0,0.0,Vmag_get_voltage_magnitude_series__angle_get_voltage_angle_series,true,Unknown,Ybus EMT reconstruction using exact complex bus-voltage phasors when available; otherwise diagnostic fallback
1.05,0.012416022799795368,0.053165055093037095,0.012416022799795368,0.053165055093037095,0.012416022799795368,0.053165055093037095,-3.097828031375195,-0.43332561057519686,-3.1102440541749905,-0.48649066566823396,0.0,0.0,Vmag_get_voltage_magnitude_series__angle_get_voltage_angle_series,true,Unknown,Ybus EMT reconstruction using exact complex bus-voltage phasors when available; otherwise diagnostic fallback
1.06,0.012463802302814742,0.05327376957447877,0.012463802302814742,0.05327376957447877,0.012463802302814742,0.05327376957447877,-3.0977802518721758,-0.4332168960937552,-3.1102440541749905,-0.48649066566823396,0.0,0.0,Vmag_get_voltage_magnitude_series__angle_get_voltage_angle_series,true,Unknown,Ybus EMT reconstruction using exact complex bus-voltage phasors when available; otherwise diagnostic fallback
1.07,0.012512695315445743,0.05338814645537887,0.012512695315445743,0.05338814645537887,0.012512695315445743,0.05338814645537887,-3.0977313588595448,-0.4331025192128551,-3.1102440541749905,-0.48649066566823396,0.0,0.0,Vmag_get_voltage_magnitude_series__angle_get_voltage_angle_series,true,Unknown,Ybus EMT reconstruction using exact complex bus-voltage phasors when available; otherwise diagnostic fallback
1.08,0.012562075828411512,0.05350710432861544,0.012562075828411512,0.05350710432861544,0.012562075828411512,0.05350710432861544,-3.097681978346579,-0.4329835613396185,-3.1102440541749905,-0.48649066566823396,0.0,0.0,Vmag_get_voltage_magnitude_series__angle_get_voltage_angle_series,true,Unknown,Ybus EMT reconstruction using exact complex bus-voltage phasors when available; otherwise diagnostic fallback
1.09,0.012611352113277796,0.0536295807366986,0.012611352113277796,0.0536295807366986,0.012611352113277796,0.0536295807366986,-3.0976327020617127,-0.43286108493153536,-3.1102440541749905,-0.48649066566823396,0.0,0.0,Vmag_get_voltage_magnitude_series__angle_get_voltage_angle_series,true,Unknown,Ybus EMT reconstruction using exact complex bus-voltage phasors when available; otherwise diagnostic fallback
1.1,0.012659968862583248,0.05375453895697141,0.012659968862583248,0.05375453895697141,0.012659968862583248,0.05375453895697141,-3.0975840853124073,-0.43273612671126255,-3.1102440541749905,-0.48649066566823396,0.0,0.0,Vmag_get_voltage_magnitude_series__angle_get_voltage_angle_series,true,Unknown,Ybus EMT reconstruction using exact complex bus-voltage phasors when available; otherwise diagnostic fallback
1.11,0.012707408937679077,0.05388097406732495,0.012707408937679077,0.05388097406732495,0.012707408937679077,0.05388097406732495,-3.0975366452373114,-0.432609691600909,-3.1102440541749905,-0.48649066566823396,0.0,0.0,Vmag_get_voltage_magnitude_series__angle_get_voltage_angle_series,true,Unknown,Ybus EMT reconstruction using exact complex bus-voltage phasors when available; otherwise diagnostic fallback
1.12,0.012753194671085932,0.05400791874228117,0.012753194671085932,0.05400791874228117,0.012753194671085932,0.05400791874228117,-3.0974908595039046,-0.4324827469259528,-3.1102440541749905,-0.48649066566823396,0.0,0.0,Vmag_get_voltage_magnitude_series__angle_get_voltage_angle_series,true,Unknown,Ybus EMT reconstruction using exact complex bus-voltage phasors when available; otherwise diagnostic fallback
1.13,0.012796889116306609,0.05413444837944231,0.012796889116306609,0.05413444837944231,0.012796889116306609,0.05413444837944231,-3.097447165058684,-0.43235621728879164,-3.1102440541749905,-0.48649066566823396,0.0,0.0,Vmag_get_voltage_magnitude_series__angle_get_voltage_angle_series,true,Unknown,Ybus EMT reconstruction using exact complex bus-voltage phasors when available; otherwise diagnostic fallback
1.14,0.012838096670575005,0.05425968574570428,0.012838096670575005,0.05425968574570428,0.012838096670575005,0.05425968574570428,-3.0974059575044155,-0.4322309799225297,-3.1102440541749905,-0.48649066566823396,0.0,0.0,Vmag_get_voltage_magnitude_series__angle_get_voltage_angle_series,true,Unknown,Ybus EMT reconstruction using exact complex bus-voltage phasors when available; otherwise diagnostic fallback
1.15,0.012876463621496193,0.05438280512755428,0.012876463621496193,0.05438280512755428,0.012876463621496193,0.05438280512755428,-3.0973675905534943,-0.4321078605406797,-3.1102440541749905,-0.48649066566823396,0.0,0.0,Vmag_get_voltage_magnitude_series__angle_get_voltage_angle_series,true,Unknown,Ybus EMT reconstruction using exact complex bus-voltage phasors when available; otherwise diagnostic fallback
1.16,0.012911678274585281,0.054503035684529466,0.012911678274585281,0.054503035684529466,0.012911678274585281,0.054503035684529466,-3.097332375900405,-0.4319876299837045,-3.1102440541749905,-0.48649066566823396,0.0,0.0,Vmag_get_voltage_magnitude_series__angle_get_voltage_angle_series,true,Unknown,Ybus EMT reconstruction using exact complex bus-voltage phasors when available; otherwise diagnostic fallback
1.17,0.012943470772521337,0.05461966456939421,0.012943470772521337,0.05461966456939421,0.012943470772521337,0.05461966456939421,-3.097300583402469,-0.43187100109883975,-3.1102440541749905,-0.48649066566823396,0.0,0.0,Vmag_get_voltage_magnitude_series__angle_get_voltage_angle_series,true,Unknown,Ybus EMT reconstruction using exact complex bus-voltage phasors when available; otherwise diagnostic fallback
1.18,0.012971612782968212,0.05473203918689723,0.012971612782968212,0.05473203918689723,0.012971612782968212,0.05473203918689723,-3.0972724413920223,-0.4317586264813367,-3.1102440541749905,-0.48649066566823396,0.0,0.0,Vmag_get_voltage_magnitude_series__angle_get_voltage_angle_series,true,Unknown,Ybus EMT reconstruction using exact complex bus-voltage phasors when available; otherwise diagnostic fallback
1.19,0.012995916680512032,0.054839569001637334,0.012995916680512032,0.054839569001637334,0.012995916680512032,0.054839569001637334,-3.0972481374944785,-0.4316510966665966,-3.1102440541749905,-0.48649066566823396,0.0,0.0,Vmag_get_voltage_magnitude_series__angle_get_voltage_angle_series,true,Unknown,Ybus EMT reconstruction using exact complex bus-voltage phasors when available; otherwise diagnostic fallback
1.2,0.013016234744240851,0.05494172695245425,0.013016234744240851,0.05494172695245425,0.013016234744240851,0.05494172695245425,-3.0972278194307497,-0.4315489387157797,-3.1102440541749905,-0.48649066566823396,0.0,0.0,Vmag_get_voltage_magnitude_series__angle_get_voltage_angle_series,true,Unknown,Ybus EMT reconstruction using exact complex bus-voltage phasors when available; otherwise diagnostic fallback
1.21,0.013032457945982845,0.05503804991665151,0.013032457945982845,0.05503804991665151,0.013032457945982845,0.05503804991665151,-3.0972115962290077,-0.43145261575158245,-3.1102440541749905,-0.48649066566823396,0.0,0.0,Vmag_get_voltage_magnitude_series__angle_get_voltage_angle_series,true,Unknown,Ybus EMT reconstruction using exact complex bus-voltage phasors when available; otherwise diagnostic fallback
1.22,0.01304451457651723,0.05512813920980386,0.01304451457651723,0.05512813920980386,0.01304451457651723,0.05512813920980386,-3.0971995395984733,-0.4313625264584301,-3.1102440541749905,-0.48649066566823396,0.0,0.0,Vmag_get_voltage_magnitude_series__angle_get_voltage_angle_series,true,Unknown,Ybus EMT reconstruction using exact complex bus-voltage phasors when available; otherwise diagnostic fallback
1.23,0.013052368830195782,0.055211660178771105,0.013052368830195782,0.055211660178771105,0.013052368830195782,0.055211660178771105,-3.0971916853447947,-0.43127900548946285,-3.1102440541749905,-0.48649066566823396,0.0,0.0,Vmag_get_voltage_magnitude_series__angle_get_voltage_angle_series,true,Unknown,Ybus EMT reconstruction using exact complex bus-voltage phasors when available; otherwise diagnostic fallback
1.24,0.01305601888640906,0.05528834147956707,0.01305601888640906,0.05528834147956707,0.01305601888640906,0.05528834147956707,-3.0971880352885814,-0.4312023241886669,-3.1102440541749905,-0.48649066566823396,0.0,0.0,Vmag_get_voltage_magnitude_series__angle_get_voltage_angle_series,true,Unknown,Ybus EMT reconstruction using exact complex bus-voltage phasors when available; otherwise diagnostic fallback
1.25,0.013055495274190143,0.05535797402488901,0.013055495274190143,0.05535797402488901,0.013055495274190143,0.05535797402488901,-3.0971885589008004,-0.43113269164334495,-3.1102440541749905,-0.48649066566823396,0.0,0.0,Vmag_get_voltage_magnitude_series__angle_get_voltage_angle_series,true,Unknown,Ybus EMT reconstruction using exact complex bus-voltage phasors when available; otherwise diagnostic fallback
1.26,0.01305085878550516,0.05542040932535941,0.01305085878550516,0.05542040932535941,0.01305085878550516,0.05542040932535941,-3.0971931953894853,-0.43107025634287455,-3.1102440541749905,-0.48649066566823396,0.0,0.0,Vmag_get_voltage_magnitude_series__angle_get_voltage_angle_series,true,Unknown,Ybus EMT reconstruction using exact complex bus-voltage phasors when available; otherwise diagnostic fallback
1.27,0.013042198386751913,0.0554755576996,0.013042198386751913,0.0554755576996,0.013042198386751913,0.0554755576996,-3.0972018557882386,-0.43101510796863396,-3.1102440541749905,-0.48649066566823396,0.0,0.0,Vmag_get_voltage_magnitude_series__angle_get_voltage_angle_series,true,Unknown,Ybus EMT reconstruction using exact complex bus-voltage phasors when available; otherwise diagnostic fallback
1.28,0.013029629184808211,0.0555233859253329,0.013029629184808211,0.0555233859253329,0.013029629184808211,0.0555233859253329,-3.0972144249901823,-0.43096727974290105,-3.1102440541749905,-0.48649066566823396,0.0,0.0,Vmag_get_voltage_magnitude_series__angle_get_voltage_angle_series,true,Unknown,Ybus EMT reconstruction using exact complex bus-voltage phasors when available; otherwise diagnostic fallback
1.29,0.0130132900191966,0.055563914767888134,0.0130132900191966,0.055563914767888134,0.0130132900191966,0.055563914767888134,-3.097230764155794,-0.4309267509003458,-3.1102440541749905,-0.48649066566823396,0.0,0.0,Vmag_get_voltage_magnitude_series__angle_get_voltage_angle_series,true,Unknown,Ybus EMT reconstruction using exact complex bus-voltage phasors when available; otherwise diagnostic fallback
1.3,0.012993341392426583,0.055597216203492617,0.012993341392426583,0.055597216203492617,0.012993341392426583,0.055597216203492617,-3.097250712782564,-0.43089344946474134,-3.1102440541749905,-0.48649066566823396,0.0,0.0,Vmag_get_voltage_magnitude_series__angle_get_voltage_angle_series,true,Unknown,Ybus EMT reconstruction using exact complex bus-voltage phasors when available; otherwise diagnostic fallback
1.31,0.012969963035861287,0.0556234102753318,0.012969963035861287,0.0556234102753318,0.012969963035861287,0.0556234102753318,-3.097274091139129,-0.43086725539290216,-3.1102440541749905,-0.48649066566823396,0.0,0.0,Vmag_get_voltage_magnitude_series__angle_get_voltage_angle_series,true,Unknown,Ybus EMT reconstruction using exact complex bus-voltage phasors when available; otherwise diagnostic fallback
1.32,0.012943351665824387,0.05564266203705576,0.012943351665824387,0.05564266203705576,0.012943351665824387,0.05564266203705576,-3.097300702509166,-0.4308480036311782,-3.1102440541749905,-0.48649066566823396,0.0,0.0,Vmag_get_voltage_magnitude_series__angle_get_voltage_angle_series,true,Unknown,Ybus EMT reconstruction using exact complex bus-voltage phasors when available; otherwise diagnostic fallback
1.33,0.012913718728676304,0.05565517801534564,0.012913718728676304,0.05565517801534564,0.012913718728676304,0.05565517801534564,-3.097330335446314,-0.4308354876528883,-3.1102440541749905,-0.48649066566823396,0.0,0.0,Vmag_get_voltage_magnitude_series__angle_get_voltage_angle_series,true,Unknown,Ybus EMT reconstruction using exact complex bus-voltage phasors when available; otherwise diagnostic fallback
1.34,0.012881288011549419,0.055661202802430476,0.012881288011549419,0.055661202802430476,0.012881288011549419,0.055661202802430476,-3.097362766163441,-0.4308294628658035,-3.1102440541749905,-0.48649066566823396,0.0,0.0,Vmag_get_voltage_magnitude_series__angle_get_voltage_angle_series,true,Unknown,Ybus EMT reconstruction using exact complex bus-voltage phasors when available; otherwise diagnostic fallback
1.35,0.012846293559813038,0.05566101540053986,0.012846293559813038,0.05566101540053986,0.012846293559813038,0.05566101540053986,-3.0973977606151775,-0.4308296502676941,-3.1102440541749905,-0.48649066566823396,0.0,0.0,Vmag_get_voltage_magnitude_series__angle_get_voltage_angle_series,true,Unknown,Ybus EMT reconstruction using exact complex bus-voltage phasors when available; otherwise diagnostic fallback
1.36,0.012808977352843698,0.055654925528329846,0.012808977352843698,0.055654925528329846,0.012808977352843698,0.055654925528329846,-3.097435076822147,-0.4308357401399041,-3.1102440541749905,-0.48649066566823396,0.0,0.0,Vmag_get_voltage_magnitude_series__angle_get_voltage_angle_series,true,Unknown,Ybus EMT reconstruction using exact complex bus-voltage phasors when available; otherwise diagnostic fallback
1.37,0.012769587255300419,0.055643269974265164,0.012769587255300419,0.055643269974265164,0.012769587255300419,0.055643269974265164,-3.09747446691969,-0.4308473956939688,-3.1102440541749905,-0.48649066566823396,0.0,0.0,Vmag_get_voltage_magnitude_series__angle_get_voltage_angle_series,true,Unknown,Ybus EMT reconstruction using exact complex bus-voltage phasors when available; otherwise diagnostic fallback
1.38,0.012728374949791732,0.05562640879937869,0.012728374949791732,0.05562640879937869,0.012728374949791732,0.05562640879937869,-3.0975156792251988,-0.43086425686885527,-3.1102440541749905,-0.48649066566823396,0.0,0.0,Vmag_get_voltage_magnitude_series__angle_get_voltage_angle_series,true,Unknown,Ybus EMT reconstruction using exact complex bus-voltage phasors when available; otherwise diagnostic fallback
1.39,0.012685593913200233,0.05560472169062486,0.012685593913200233,0.05560472169062486,0.012685593913200233,0.05560472169062486,-3.0975584602617903,-0.4308859439776091,-3.1102440541749905,-0.48649066566823396,0.0,0.0,Vmag_get_voltage_magnitude_series__angle_get_voltage_angle_series,true,Unknown,Ybus EMT reconstruction using exact complex bus-voltage phasors when available; otherwise diagnostic fallback
1.4,0.0126414976169138,0.05557860426358174,0.0126414976169138,0.05557860426358174,0.0126414976169138,0.05557860426358174,-3.0976025565580767,-0.4309120614046522,-3.1102440541749905,-0.48649066566823396,0.0,0.0,Vmag_get_voltage_magnitude_series__angle_get_voltage_angle_series,true,Unknown,Ybus EMT reconstruction using exact complex bus-voltage phasors when available; otherwise diagnostic fallback
1.41,0.01259633765900281,0.05554846447719547,0.01259633765900281,0.05554846447719547,0.01259633765900281,0.05554846447719547,-3.0976477165159877,-0.4309422011910385,-3.1102440541749905,-0.48649066566823396,0.0,0.0,Vmag_get_voltage_magnitude_series__angle_get_voltage_angle_series,true,Unknown,Ybus EMT reconstruction using exact complex bus-voltage phasors when available; otherwise diagnostic fallback
1.42,0.012550362131712234,0.055514719154960035,0.012550362131712234,0.055514719154960035,0.012550362131712234,0.055514719154960035,-3.0976936920432783,-0.4309759465132739,-3.1102440541749905,-0.48649066566823396,0.0,0.0,Vmag_get_voltage_magnitude_series__angle_get_voltage_angle_series,true,Unknown,Ybus EMT reconstruction using exact complex bus-voltage phasors when available; otherwise diagnostic fallback
1.43,0.012503814034857008,0.055477790528629445,0.012503814034857008,0.055477790528629445,0.012503814034857008,0.055477790528629445,-3.0977402401401335,-0.4310128751396045,-3.1102440541749905,-0.48649066566823396,0.0,0.0,Vmag_get_voltage_magnitude_series__angle_get_voltage_angle_series,true,Unknown,Ybus EMT reconstruction using exact complex bus-voltage phasors when available; otherwise diagnostic fallback
1.44,0.012456929806598627,0.055438103025560626,0.012456929806598627,0.055438103025560626,0.012456929806598627,0.055438103025560626,-3.097787124368392,-0.43105256264267333,-3.1102440541749905,-0.48649066566823396,0.0,0.0,Vmag_get_voltage_magnitude_series__angle_get_voltage_angle_series,true,Unknown,Ybus EMT reconstruction using exact complex bus-voltage phasors when available; otherwise diagnostic fallback
1.45,0.012409938019598776,0.05539608010418906,0.012409938019598776,0.05539608010418906,0.012409938019598776,0.05539608010418906,-3.0978341161553917,-0.4310945855640449,-3.1102440541749905,-0.48649066566823396,0.0,0.0,Vmag_get_voltage_magnitude_series__angle_get_voltage_angle_series,true,Unknown,Ybus EMT reconstruction using exact complex bus-voltage phasors when available; otherwise diagnostic fallback
1.46,0.012363058120576031,0.055352141298340485,0.012363058120576031,0.055352141298340485,0.012363058120576031,0.055352141298340485,-3.0978809960544145,-0.43113852436989347,-3.1102440541749905,-0.48649066566823396,0.0,0.0,Vmag_get_voltage_magnitude_series__angle_get_voltage_angle_series,true,Unknown,Ybus EMT reconstruction using exact complex bus-voltage phasors when available; otherwise diagnostic fallback
1.47,0.012316499376174406,0.055306699429036155,0.012316499376174406,0.055306699429036155,0.012316499376174406,0.055306699429036155,-3.097927554798816,-0.4311839662391978,-3.1102440541749905,-0.48649066566823396,0.0,0.0,Vmag_get_voltage_magnitude_series__angle_get_voltage_angle_series,true,Unknown,Ybus EMT reconstruction using exact complex bus-voltage phasors when available; otherwise diagnostic fallback
1.48,0.01227045989740061,0.0552601579426647,0.01227045989740061,0.0552601579426647,0.01227045989740061,0.0552601579426647,-3.09797359427759,-0.43123050772556926,-3.1102440541749905,-0.48649066566823396,0.0,0.0,Vmag_get_voltage_magnitude_series__angle_get_voltage_angle_series,true,Unknown,Ybus EMT reconstruction using exact complex bus-voltage phasors when available; otherwise diagnostic fallback
1.49,0.012225125752568289,0.055212908573844866,0.012225125752568289,0.055212908573844866,0.012225125752568289,0.055212908573844866,-3.098018928422422,-0.4312777570943891,-3.1102440541749905,-0.48649066566823396,0.0,0.0,Vmag_get_voltage_magnitude_series__angle_get_voltage_angle_series,true,Unknown,Ybus EMT reconstruction using exact complex bus-voltage phasors when available; otherwise diagnostic fallback
1.5,0.012180670349486444,0.055165329040338384,0.012180670349486444,0.055165329040338384,0.012180670349486444,0.055165329040338384,-3.098063383825504,-0.4313253366278956,-3.1102440541749905,-0.48649066566823396,0.0,0.0,Vmag_get_voltage_magnitude_series__angle_get_voltage_angle_series,true,Unknown,Ybus EMT reconstruction using exact complex bus-voltage phasors when available; otherwise diagnostic fallback
1.51,0.012137253721563379,0.055117781069690674,0.012137253721563379,0.055117781069690674,0.012137253721563379,0.055117781069690674,-3.098106800453427,-0.4313728845985433,-3.1102440541749905,-0.48649066566823396,0.0,0.0,Vmag_get_voltage_magnitude_series__angle_get_voltage_angle_series,true,Unknown,Ybus EMT reconstruction using exact complex bus-voltage phasors when available; otherwise diagnostic fallback
1.52,0.01209502215030156,0.05507060860035029,0.01209502215030156,0.05507060860035029,0.01209502215030156,0.05507060860035029,-3.098149032024689,-0.43142005706788367,-3.1102440541749905,-0.48649066566823396,0.0,0.0,Vmag_get_voltage_magnitude_series__angle_get_voltage_angle_series,true,Unknown,Ybus EMT reconstruction using exact complex bus-voltage phasors when available; otherwise diagnostic fallback
1.53,0.01205410775164939,0.05502413615160623,0.01205410775164939,0.05502413615160623,0.01205410775164939,0.05502413615160623,-3.098189946423341,-0.43146652951662773,-3.1102440541749905,-0.48649066566823396,0.0,0.0,Vmag_get_voltage_magnitude_series__angle_get_voltage_angle_series,true,Unknown,Ybus EMT reconstruction using exact complex bus-voltage phasors when available; otherwise diagnostic fallback
1.54,0.01201462825473687,0.05497866750316527,0.01201462825473687,0.05497866750316527,0.01201462825473687,0.05497866750316527,-3.0982294259202536,-0.4315119981650687,-3.1102440541749905,-0.48649066566823396,0.0,0.0,Vmag_get_voltage_magnitude_series__angle_get_voltage_angle_series,true,Unknown,Ybus EMT reconstruction using exact complex bus-voltage phasors when available; otherwise diagnostic fallback
1.55,0.011976686899721312,0.0549344844810416,0.011976686899721312,0.0549344844810416,0.011976686899721312,0.0549344844810416,-3.098267367275269,-0.43155618118719236,-3.1102440541749905,-0.48649066566823396,0.0,0.0,Vmag_get_voltage_magnitude_series__angle_get_voltage_angle_series,true,Unknown,Ybus EMT reconstruction using exact complex bus-voltage phasors when available; otherwise diagnostic fallback
1.56,0.011940372332841953,0.05489184603392766,0.011940372332841953,0.05489184603392766,0.011940372332841953,0.05489184603392766,-3.0983036818421485,-0.4315988196343063,-3.1102440541749905,-0.48649066566823396,0.0,0.0,Vmag_get_voltage_magnitude_series__angle_get_voltage_angle_series,true,Unknown,Ybus EMT reconstruction using exact complex bus-voltage phasors when available; otherwise diagnostic fallback
1.57,0.011905758796948884,0.05485098750798095,0.011905758796948884,0.05485098750798095,0.011905758796948884,0.05485098750798095,-3.0983382953780416,-0.431639678160253,-3.1102440541749905,-0.48649066566823396,0.0,0.0,Vmag_get_voltage_magnitude_series__angle_get_voltage_angle_series,true,Unknown,Ybus EMT reconstruction using exact complex bus-voltage phasors when available; otherwise diagnostic fallback
1.58,0.011872906211654488,0.054812120052350366,0.011872906211654488,0.054812120052350366,0.011872906211654488,0.054812120052350366,-3.098371147963336,-0.4316785456158836,-3.1102440541749905,-0.48649066566823396,0.0,0.0,Vmag_get_voltage_magnitude_series__angle_get_voltage_angle_series,true,Unknown,Ybus EMT reconstruction using exact complex bus-voltage phasors when available; otherwise diagnostic fallback
1.59,0.011841860472842303,0.054775430363627975,0.011841860472842303,0.054775430363627975,0.011841860472842303,0.054775430363627975,-3.098402193702148,-0.431715235304606,-3.1102440541749905,-0.48649066566823396,0.0,0.0,Vmag_get_voltage_magnitude_series__angle_get_voltage_angle_series,true,Unknown,Ybus EMT reconstruction using exact complex bus-voltage phasors when available; otherwise diagnostic fallback
1.6,0.01181265382200003,0.054741080458077684,0.01181265382200003,0.054741080458077684,0.01181265382200003,0.054741080458077684,-3.0984314003529905,-0.4317495852101563,-3.1102440541749905,-0.48649066566823396,0.0,0.0,Vmag_get_voltage_magnitude_series__angle_get_voltage_angle_series,true,Unknown,Ybus EMT reconstruction using exact complex bus-voltage phasors when available; otherwise diagnostic fallback
1.61,0.011785305209378372,0.054709207755376965,0.011785305209378372,0.054709207755376965,0.011785305209378372,0.054709207755376965,-3.098458748965612,-0.431781457912857,-3.1102440541749905,-0.48649066566823396,0.0,0.0,Vmag_get_voltage_magnitude_series__angle_get_voltage_angle_series,true,Unknown,Ybus EMT reconstruction using exact complex bus-voltage phasors when available; otherwise diagnostic fallback
1.62,0.011759820871345639,0.054679925288050046,0.011759820871345639,0.054679925288050046,0.011759820871345639,0.054679925288050046,-3.098484233303645,-0.4318107403801839,-3.1102440541749905,-0.48649066566823396,0.0,0.0,Vmag_get_voltage_magnitude_series__angle_get_voltage_angle_series,true,Unknown,Ybus EMT reconstruction using exact complex bus-voltage phasors when available; otherwise diagnostic fallback
1.63,0.011736194811458933,0.05465332203984263,0.011736194811458933,0.05465332203984263,0.011736194811458933,0.05465332203984263,-3.0985078593635316,-0.4318373436283913,-3.1102440541749905,-0.48649066566823396,0.0,0.0,Vmag_get_voltage_magnitude_series__angle_get_voltage_angle_series,true,Unknown,Ybus EMT reconstruction using exact complex bus-voltage phasors when available; otherwise diagnostic fallback
1.64,0.011714409466900833,0.05462946352961634,0.011714409466900833,0.05462946352961634,0.011714409466900833,0.05462946352961634,-3.0985296447080897,-0.4318612021386176,-3.1102440541749905,-0.48649066566823396,0.0,0.0,Vmag_get_voltage_magnitude_series__angle_get_voltage_angle_series,true,Unknown,Ybus EMT reconstruction using exact complex bus-voltage phasors when available; otherwise diagnostic fallback
1.65,0.01169443637633183,0.05460839242081489,0.01169443637633183,0.05460839242081489,0.01169443637633183,0.05460839242081489,-3.0985496177986587,-0.43188227324741907,-3.1102440541749905,-0.48649066566823396,0.0,0.0,Vmag_get_voltage_magnitude_series__angle_get_voltage_angle_series,true,Unknown,Ybus EMT reconstruction using exact complex bus-voltage phasors when available; otherwise diagnostic fallback
1.66,0.01167623683156549,0.05459012937769936,0.01167623683156549,0.05459012937769936,0.01167623683156549,0.05459012937769936,-3.098567817343425,-0.4319005362905346,-3.1102440541749905,-0.48649066566823396,0.0,0.0,Vmag_get_voltage_magnitude_series__angle_get_voltage_angle_series,true,Unknown,Ybus EMT reconstruction using exact complex bus-voltage phasors when available; otherwise diagnostic fallback
1.67,0.011659762721447642,0.054574673960008147,0.011659762721447642,0.054574673960008147,0.011659762721447642,0.054574673960008147,-3.098584291453543,-0.4319159917082258,-3.1102440541749905,-0.48649066566823396,0.0,0.0,Vmag_get_voltage_magnitude_series__angle_get_voltage_angle_series,true,Unknown,Ybus EMT reconstruction using exact complex bus-voltage phasors when available; otherwise diagnostic fallback
1.68,0.011644957216535357,0.054562005638743694,0.011644957216535357,0.054562005638743694,0.011644957216535357,0.054562005638743694,-3.098599096958455,-0.43192866002949026,-3.1102440541749905,-0.48649066566823396,0.0,0.0,Vmag_get_voltage_magnitude_series__angle_get_voltage_angle_series,true,Unknown,Ybus EMT reconstruction using exact complex bus-voltage phasors when available; otherwise diagnostic fallback
1.69,0.011631755620598483,0.05455208496309921,0.011631755620598483,0.05455208496309921,0.011631755620598483,0.05455208496309921,-3.098612298554392,-0.43193858070513474,-3.1102440541749905,-0.48649066566823396,0.0,0.0,Vmag_get_voltage_magnitude_series__angle_get_voltage_angle_series,true,Unknown,Ybus EMT reconstruction using exact complex bus-voltage phasors when available; otherwise diagnostic fallback
1.7,0.011620086177156264,0.05454485470908588,0.011620086177156264,0.05454485470908588,0.011620086177156264,0.05454485470908588,-3.0986239679978342,-0.4319458109591481,-3.1102440541749905,-0.48649066566823396,0.0,0.0,Vmag_get_voltage_magnitude_series__angle_get_voltage_angle_series,true,Unknown,Ybus EMT reconstruction using exact complex bus-voltage phasors when available; otherwise diagnostic fallback
1.71,0.011609870874008887,0.05454024119402884,0.011609870874008887,0.05454024119402884,0.011609870874008887,0.05454024119402884,-3.0986341833009816,-0.4319504244742051,-3.1102440541749905,-0.48649066566823396,0.0,0.0,Vmag_get_voltage_magnitude_series__angle_get_voltage_angle_series,true,Unknown,Ybus EMT reconstruction using exact complex bus-voltage phasors when available; otherwise diagnostic fallback
1.72,0.011601026313472929,0.05453815558613695,0.011601026313472929,0.05453815558613695,0.011601026313472929,0.05453815558613695,-3.0986430278615176,-0.431952510082097,-3.1102440541749905,-0.48649066566823396,0.0,0.0,Vmag_get_voltage_magnitude_series__angle_get_voltage_angle_series,true,Unknown,Ybus EMT reconstruction using exact complex bus-voltage phasors when available; otherwise diagnostic fallback
1.73,0.011593464490673888,0.054538495284369104,0.011593464490673888,0.054538495284369104,0.011593464490673888,0.054538495284369104,-3.0986505896843166,-0.43195217038386485,-3.1102440541749905,-0.48649066566823396,0.0,0.0,Vmag_get_voltage_magnitude_series__angle_get_voltage_angle_series,true,Unknown,Ybus EMT reconstruction using exact complex bus-voltage phasors when available; otherwise diagnostic fallback
1.74,0.011587093656723724,0.05454114532678733,0.011587093656723724,0.05454114532678733,0.011587093656723724,0.05454114532678733,-3.098656960518267,-0.4319495203414466,-3.1102440541749905,-0.48649066566823396,0.0,0.0,Vmag_get_voltage_magnitude_series__angle_get_voltage_angle_series,true,Unknown,Ybus EMT reconstruction using exact complex bus-voltage phasors when available; otherwise diagnostic fallback
1.75,0.011581819103880786,0.05454597980121556,0.011581819103880786,0.05454597980121556,0.011581819103880786,0.05454597980121556,-3.0986622350711097,-0.4319446858670184,-3.1102440541749905,-0.48649066566823396,0.0,0.0,Vmag_get_voltage_magnitude_series__angle_get_voltage_angle_series,true,Unknown,Ybus EMT reconstruction using exact complex bus-voltage phasors when available; otherwise diagnostic fallback
1.76,0.01157754395751276,0.05455286331282133,0.01157754395751276,0.05455286331282133,0.01157754395751276,0.05455286331282133,-3.0986665102174777,-0.4319378023554126,-3.1102440541749905,-0.48649066566823396,0.0,0.0,Vmag_get_voltage_magnitude_series__angle_get_voltage_angle_series,true,Unknown,Ybus EMT reconstruction using exact complex bus-voltage phasors when available; otherwise diagnostic fallback
1.77,0.01157416995691829,0.05456165238370542,0.01157416995691829,0.05456165238370542,0.01157416995691829,0.05456165238370542,-3.098669884218072,-0.43192901328452854,-3.1102440541749905,-0.48649066566823396,0.0,0.0,Vmag_get_voltage_magnitude_series__angle_get_voltage_angle_series,true,Unknown,Ybus EMT reconstruction using exact complex bus-voltage phasors when available; otherwise diagnostic fallback
1.78,0.011571598173889974,0.05457219689524745,0.011571598173889974,0.05457219689524745,0.011571598173889974,0.05457219689524745,-3.0986724560011005,-0.4319184687729865,-3.1102440541749905,-0.48649066566823396,0.0,0.0,Vmag_get_voltage_magnitude_series__angle_get_voltage_angle_series,true,Unknown,Ybus EMT reconstruction using exact complex bus-voltage phasors when available; otherwise diagnostic fallback
1.79,0.011569729754662195,0.05458434149185448,0.011569729754662195,0.05458434149185448,0.011569729754662195,0.05458434149185448,-3.0986743244203283,-0.4319063241763795,-3.1102440541749905,-0.48649066566823396,0.0,0.0,Vmag_get_voltage_magnitude_series__angle_get_voltage_angle_series,true,Unknown,Ybus EMT reconstruction using exact complex bus-voltage phasors when available; otherwise diagnostic fallback
1.8,0.01156846657170485,0.054597926934053076,0.01156846657170485,0.054597926934053076,0.01156846657170485,0.054597926934053076,-3.0986755876032857,-0.4318927387341809,-3.1102440541749905,-0.48649066566823396,0.0,0.0,Vmag_get_voltage_magnitude_series__angle_get_voltage_angle_series,true,Unknown,Ybus EMT reconstruction using exact complex bus-voltage phasors when available; otherwise diagnostic fallback
1.81,0.011567711875934084,0.054612791454275555,0.011567711875934084,0.054612791454275555,0.011567711875934084,0.054612791454275555,-3.0986763422990564,-0.4318778742139584,-3.1102440541749905,-0.48649066566823396,0.0,0.0,Vmag_get_voltage_magnitude_series__angle_get_voltage_angle_series,true,Unknown,Ybus EMT reconstruction using exact complex bus-voltage phasors when available; otherwise diagnostic fallback
1.82,0.011567370905707364,0.054628772020449134,0.011567370905707364,0.054628772020449134,0.011567370905707364,0.054628772020449134,-3.098676683269283,-0.4318618936477848,-3.1102440541749905,-0.48649066566823396,0.0,0.0,Vmag_get_voltage_magnitude_series__angle_get_voltage_angle_series,true,Unknown,Ybus EMT reconstruction using exact complex bus-voltage phasors when available; otherwise diagnostic fallback
1.83,0.011567351430788353,0.054645705581555404,0.011567351430788353,0.054645705581555404,0.011567351430788353,0.054645705581555404,-3.098676702744202,-0.43184496008667855,-3.1102440541749905,-0.48649066566823396,0.0,0.0,Vmag_get_voltage_magnitude_series__angle_get_voltage_angle_series,true,Unknown,Ybus EMT reconstruction using exact complex bus-voltage phasors when available; otherwise diagnostic fallback
1.84,0.01156756429037653,0.05466343023890102,0.01156756429037653,0.05466343023890102,0.01156756429037653,0.05466343023890102,-3.098676489884614,-0.43182723542933293,-3.1102440541749905,-0.48649066566823396,0.0,0.0,Vmag_get_voltage_magnitude_series__angle_get_voltage_angle_series,true,Unknown,Ybus EMT reconstruction using exact complex bus-voltage phasors when available; otherwise diagnostic fallback
1.85,0.011567923844326256,0.05468178634015902,0.011567923844326256,0.05468178634015902,0.011567923844326256,0.05468178634015902,-3.0986761303306642,-0.43180887932807493,-3.1102440541749905,-0.48649066566823396,0.0,0.0,Vmag_get_voltage_magnitude_series__angle_get_voltage_angle_series,true,Unknown,Ybus EMT reconstruction using exact complex bus-voltage phasors when available; otherwise diagnostic fallback
1.86,0.01156834841290122,0.054700617539039265,0.01156834841290122,0.054700617539039265,0.01156834841290122,0.054700617539039265,-3.0986757057620893,-0.4317900481291947,-3.1102440541749905,-0.48649066566823396,0.0,0.0,Vmag_get_voltage_magnitude_series__angle_get_voltage_angle_series,true,Unknown,Ybus EMT reconstruction using exact complex bus-voltage phasors when available; otherwise diagnostic fallback
1.87,0.011568760658282606,0.054719771732431643,0.011568760658282606,0.054719771732431643,0.011568760658282606,0.054719771732431643,-3.098675293516708,-0.4317708939358023,-3.1102440541749905,-0.48649066566823396,0.0,0.0,Vmag_get_voltage_magnitude_series__angle_get_voltage_angle_series,true,Unknown,Ybus EMT reconstruction using exact complex bus-voltage phasors when available; otherwise diagnostic fallback
1.88,0.011569087895361374,0.05473910196522075,0.011569087895361374,0.05473910196522075,0.011569087895361374,0.05473910196522075,-3.098674966279629,-0.4317515637030132,-3.1102440541749905,-0.48649066566823396,0.0,0.0,Vmag_get_voltage_magnitude_series__angle_get_voltage_angle_series,true,Unknown,Ybus EMT reconstruction using exact complex bus-voltage phasors when available; otherwise diagnostic fallback
1.89,0.011569262408114067,0.05475846722301447,0.011569262408114067,0.05475846722301447,0.011569262408114067,0.05475846722301447,-3.0986747917668764,-0.4317321984452195,-3.1102440541749905,-0.48649066566823396,0.0,0.0,Vmag_get_voltage_magnitude_series__angle_get_voltage_angle_series,true,Unknown,Ybus EMT reconstruction using exact complex bus-voltage phasors when available; otherwise diagnostic fallback
1.9,0.011569221656346329,0.05477773315657536,0.011569221656346329,0.05477773315657536,0.011569221656346329,0.05477773315657536,-3.098674832518644,-0.4317129325116586,-3.1102440541749905,-0.48649066566823396,0.0,0.0,Vmag_get_voltage_magnitude_series__angle_get_voltage_angle_series,true,Unknown,Ybus EMT reconstruction using exact complex bus-voltage phasors when available; otherwise diagnostic fallback
1.91,0.01156890848469816,0.054796772732280286,0.01156890848469816,0.054796772732280286,0.01156890848469816,0.054796772732280286,-3.0986751456902923,-0.43169389293595367,-3.1102440541749905,-0.48649066566823396,0.0,0.0,Vmag_get_voltage_magnitude_series__angle_get_voltage_angle_series,true,Unknown,Ybus EMT reconstruction using exact complex bus-voltage phasors when available; otherwise diagnostic fallback
1.92,0.011568271261378715,0.0548154667647659,0.011568271261378715,0.0548154667647659,0.011568271261378715,0.0548154667647659,-3.098675782913612,-0.43167519890346806,-3.1102440541749905,-0.48649066566823396,0.0,0.0,Vmag_get_voltage_magnitude_series__angle_get_voltage_angle_series,true,Unknown,Ybus EMT reconstruction using exact complex bus-voltage phasors when available; otherwise diagnostic fallback
1.93,0.011567263971764774,0.05483370441274299,0.011567263971764774,0.05483370441274299,0.011567263971764774,0.05483370441274299,-3.0986767902032257,-0.43165696125549097,-3.1102440541749905,-0.48649066566823396,0.0,0.0,Vmag_get_voltage_magnitude_series__angle_get_voltage_angle_series,true,Unknown,Ybus EMT reconstruction using exact complex bus-voltage phasors when available; otherwise diagnostic fallback
1.94,0.011565846290011006,0.05485138355294983,0.011565846290011006,0.05485138355294983,0.011565846290011006,0.05485138355294983,-3.0986782078849795,-0.43163928211528413,-3.1102440541749905,-0.48649066566823396,0.0,0.0,Vmag_get_voltage_magnitude_series__angle_get_voltage_angle_series,true,Unknown,Ybus EMT reconstruction using exact complex bus-voltage phasors when available; otherwise diagnostic fallback
1.95,0.011563983572548509,0.05486841108457535,0.011563983572548509,0.05486841108457535,0.011563983572548509,0.05486841108457535,-3.098680070602442,-0.4316222545836586,-3.1102440541749905,-0.48649066566823396,0.0,0.0,Vmag_get_voltage_magnitude_series__angle_get_voltage_angle_series,true,Unknown,Ybus EMT reconstruction using exact complex bus-voltage phasors when available; otherwise diagnostic fallback
1.96,0.011561646850153817,0.05488470317848021,0.011561646850153817,0.05488470317848021,0.011561646850153817,0.05488470317848021,-3.0986824073248367,-0.43160596248975375,-3.1102440541749905,-0.48649066566823396,0.0,0.0,Vmag_get_voltage_magnitude_series__angle_get_voltage_angle_series,true,Unknown,Ybus EMT reconstruction using exact complex bus-voltage phasors when available; otherwise diagnostic fallback
1.97,0.011558812754568049,0.05490018538535052,0.011558812754568049,0.05490018538535052,0.011558812754568049,0.05490018538535052,-3.0986852414204225,-0.43159048028288344,-3.1102440541749905,-0.48649066566823396,0.0,0.0,Vmag_get_voltage_magnitude_series__angle_get_voltage_angle_series,true,Unknown,Ybus EMT reconstruction using exact complex bus-voltage phasors when available; otherwise diagnostic fallback
1.98,0.011555463415502398,0.05491479274887301,0.011555463415502398,0.05491479274887301,0.011555463415502398,0.05491479274887301,-3.098688590759488,-0.43157587291936095,-3.1102440541749905,-0.48649066566823396,0.0,0.0,Vmag_get_voltage_magnitude_series__angle_get_voltage_angle_series,true,Unknown,Ybus EMT reconstruction using exact complex bus-voltage phasors when available; otherwise diagnostic fallback
1.99,0.01155158634593878,0.0549284697876119,0.01155158634593878,0.0549284697876119,0.01155158634593878,0.0549284697876119,-3.0986924678290517,-0.43156219588062206,-3.1102440541749905,-0.48649066566823396,0.0,0.0,Vmag_get_voltage_magnitude_series__angle_get_voltage_angle_series,true,Unknown,Ybus EMT reconstruction using exact complex bus-voltage phasors when available; otherwise diagnostic fallback
2.0,0.011547174244034508,0.0549411704227184,0.011547174244034508,0.0549411704227184,0.011547174244034508,0.0549411704227184,-3.098696879930956,-0.43154949524551556,-3.1102440541749905,-0.48649066566823396,0.0,0.0,Vmag_get_voltage_magnitude_series__angle_get_voltage_angle_series,true,Unknown,Ybus EMT reconstruction using exact complex bus-voltage phasors when available; otherwise diagnostic fallback
2.01,0.011542224835835668,0.054952857867188176,0.011542224835835668,0.054952857867188176,0.011542224835835668,0.054952857867188176,-3.098701829339155,-0.4315378078010458,-3.1102440541749905,-0.48649066566823396,0.0,0.0,Vmag_get_voltage_magnitude_series__angle_get_voltage_angle_series,true,Unknown,Ybus EMT reconstruction using exact complex bus-voltage phasors when available; otherwise diagnostic fallback
2.02,0.011536740631040932,0.05496350440638681,0.011536740631040932,0.05496350440638681,0.011536740631040932,0.05496350440638681,-3.0987073135439496,-0.43152716126184715,-3.1102440541749905,-0.48649066566823396,0.0,0.0,Vmag_get_voltage_magnitude_series__angle_get_voltage_angle_series,true,Unknown,Ybus EMT reconstruction using exact complex bus-voltage phasors when available; otherwise diagnostic fallback
2.03,0.011530728685047453,0.054973091175138045,0.011530728685047453,0.054973091175138045,0.011530728685047453,0.054973091175138045,-3.098713325489943,-0.4315175744930959,-3.1102440541749905,-0.48649066566823396,0.0,0.0,Vmag_get_voltage_magnitude_series__angle_get_voltage_angle_series,true,Unknown,Ybus EMT reconstruction using exact complex bus-voltage phasors when available; otherwise diagnostic fallback
2.04,0.011524200349982916,0.054981607836792346,0.011524200349982916,0.054981607836792346,0.011524200349982916,0.054981607836792346,-3.0987198538250076,-0.4315090578314416,-3.1102440541749905,-0.48649066566823396,0.0,0.0,Vmag_get_voltage_magnitude_series__angle_get_voltage_angle_series,true,Unknown,Ybus EMT reconstruction using exact complex bus-voltage phasors when available; otherwise diagnostic fallback
2.05,0.01151717096638638,0.054989052247821746,0.01151717096638638,0.054989052247821746,0.01151717096638638,0.054989052247821746,-3.098726883208604,-0.4315016134204122,-3.1102440541749905,-0.48649066566823396,0.0,0.0,Vmag_get_voltage_magnitude_series__angle_get_voltage_angle_series,true,Unknown,Ybus EMT reconstruction using exact complex bus-voltage phasors when available; otherwise diagnostic fallback
2.06,0.011509659595436261,0.054995430068477236,0.011509659595436261,0.054995430068477236,0.011509659595436261,0.054995430068477236,-3.0987343945795542,-0.4314952355997567,-3.1102440541749905,-0.48649066566823396,0.0,0.0,Vmag_get_voltage_magnitude_series__angle_get_voltage_angle_series,true,Unknown,Ybus EMT reconstruction using exact complex bus-voltage phasors when available; otherwise diagnostic fallback
2.07,0.011501688688586142,0.05500075432265983,0.011501688688586142,0.05500075432265983,0.011501688688586142,0.05500075432265983,-3.0987423654864044,-0.43148991134557413,-3.1102440541749905,-0.48649066566823396,0.0,0.0,Vmag_get_voltage_magnitude_series__angle_get_voltage_angle_series,true,Unknown,Ybus EMT reconstruction using exact complex bus-voltage phasors when available; otherwise diagnostic fallback
2.08,0.011493283777194385,0.05500504495912106,0.011493283777194385,0.05500504495912106,0.011493283777194385,0.05500504495912106,-3.098750770397796,-0.4314856207091129,-3.1102440541749905,-0.48649066566823396,0.0,0.0,Vmag_get_voltage_magnitude_series__angle_get_voltage_angle_series,true,Unknown,Ybus EMT reconstruction using exact complex bus-voltage phasors when available; otherwise diagnostic fallback
2.09,0.011484473152389985,0.055008328345057256,0.011484473152389985,0.055008328345057256,0.011484473152389985,0.055008328345057256,-3.0987595810226005,-0.4314823373231767,-3.1102440541749905,-0.48649066566823396,0.0,0.0,Vmag_get_voltage_magnitude_series__angle_get_voltage_angle_series,true,Unknown,Ybus EMT reconstruction using exact complex bus-voltage phasors when available; otherwise diagnostic fallback
2.1,0.01147528751819804,0.055010636771567145,0.01147528751819804,0.055010636771567145,0.01147528751819804,0.055010636771567145,-3.0987687666567925,-0.4314800288966668,-3.1102440541749905,-0.48649066566823396,0.0,0.0,Vmag_get_voltage_magnitude_series__angle_get_voltage_angle_series,true,Unknown,Ybus EMT reconstruction using exact complex bus-voltage phasors when available; otherwise diagnostic fallback
2.11,0.011465759681206666,0.05501200791900179,0.011465759681206666,0.05501200791900179,0.011465759681206666,0.05501200791900179,-3.098778294493784,-0.43147865774923216,-3.1102440541749905,-0.48649066566823396,0.0,0.0,Vmag_get_voltage_magnitude_series__angle_get_voltage_angle_series,true,Unknown,Ybus EMT reconstruction using exact complex bus-voltage phasors when available; otherwise diagnostic fallback
2.12,0.01145592419881769,0.05501248431440231,0.01145592419881769,0.05501248431440231,0.01145592419881769,0.05501248431440231,-3.098788129976173,-0.43147818135383165,-3.1102440541749905,-0.48649066566823396,0.0,0.0,Vmag_get_voltage_magnitude_series__angle_get_voltage_angle_series,true,Unknown,Ybus EMT reconstruction using exact complex bus-voltage phasors when available; otherwise diagnostic fallback
2.13,0.011445817061821906,0.055012112794620205,0.011445817061821906,0.055012112794620205,0.011445817061821906,0.055012112794620205,-3.0987982371131686,-0.43147855287361375,-3.1102440541749905,-0.48649066566823396,0.0,0.0,Vmag_get_voltage_magnitude_series__angle_get_voltage_angle_series,true,Unknown,Ybus EMT reconstruction using exact complex bus-voltage phasors when available; otherwise diagnostic fallback
2.14,0.01143547536884748,0.05501094393764294,0.01143547536884748,0.05501094393764294,0.01143547536884748,0.05501094393764294,-3.098808578806143,-0.431479721730591,-3.1102440541749905,-0.48649066566823396,0.0,0.0,Vmag_get_voltage_magnitude_series__angle_get_voltage_angle_series,true,Unknown,Ybus EMT reconstruction using exact complex bus-voltage phasors when available; otherwise diagnostic fallback
2.15,0.011424936998877477,0.05500903152476744,0.011424936998877477,0.05500903152476744,0.011424936998877477,0.05500903152476744,-3.098819117176113,-0.4314816341434665,-3.1102440541749905,-0.48649066566823396,0.0,0.0,Vmag_get_voltage_magnitude_series__angle_get_voltage_angle_series,true,Unknown,Ybus EMT reconstruction using exact complex bus-voltage phasors when available; otherwise diagnostic fallback
2.16,0.0114142403206694,0.055006431980764714,0.0114142403206694,0.055006431980764714,0.0114142403206694,0.055006431980764714,-3.098829813854321,-0.43148423368746924,-3.1102440541749905,-0.48649066566823396,0.0,0.0,Vmag_get_voltage_magnitude_series__angle_get_voltage_angle_series,true,Unknown,Ybus EMT reconstruction using exact complex bus-voltage phasors when available; otherwise diagnostic fallback
2.17,0.011403423876710672,0.05500320383847579,0.011403423876710672,0.05500320383847579,0.011403423876710672,0.05500320383847579,-3.09884063029828,-0.43148746182975817,-3.1102440541749905,-0.48649066566823396,0.0,0.0,Vmag_get_voltage_magnitude_series__angle_get_voltage_angle_series,true,Unknown,Ybus EMT reconstruction using exact complex bus-voltage phasors when available; otherwise diagnostic fallback
2.18,0.011392526108372714,0.05499940721302926,0.011392526108372714,0.05499940721302926,0.011392526108372714,0.05499940721302926,-3.098851528066618,-0.4314912584552047,-3.1102440541749905,-0.48649066566823396,0.0,0.0,Vmag_get_voltage_magnitude_series__angle_get_voltage_angle_series,true,Unknown,Ybus EMT reconstruction using exact complex bus-voltage phasors when available; otherwise diagnostic fallback
2.19,0.011381585079693668,0.05499510327695373,0.011381585079693668,0.05499510327695373,0.011381585079693668,0.05499510327695373,-3.098862469095297,-0.43149556239128023,-3.1102440541749905,-0.48649066566823396,0.0,0.0,Vmag_get_voltage_magnitude_series__angle_get_voltage_angle_series,true,Unknown,Ybus EMT reconstruction using exact complex bus-voltage phasors when available; otherwise diagnostic fallback
2.2,0.011370638218390017,0.05499035377508893,0.011370638218390017,0.05499035377508893,0.011370638218390017,0.05499035377508893,-3.0988734159566005,-0.431500311893145,-3.1102440541749905,-0.48649066566823396,0.0,0.0,Vmag_get_voltage_magnitude_series__angle_get_voltage_angle_series,true,Unknown,Ybus EMT reconstruction using exact complex bus-voltage phasors when available; otherwise diagnostic fallback
2.21,0.011359722080465762,0.05498522054097732,0.011359722080465762,0.05498522054097732,0.011359722080465762,0.05498522054097732,-3.0988843320945247,-0.43150544512725664,-3.1102440541749905,-0.48649066566823396,0.0,0.0,Vmag_get_voltage_magnitude_series__angle_get_voltage_angle_series,true,Unknown,Ybus EMT reconstruction using exact complex bus-voltage phasors when available; otherwise diagnostic fallback
2.22,0.011348872117139752,0.054979765046080875,0.011348872117139752,0.054979765046080875,0.011348872117139752,0.054979765046080875,-3.0988951820578508,-0.4315109006221531,-3.1102440541749905,-0.48649066566823396,0.0,0.0,Vmag_get_voltage_magnitude_series__angle_get_voltage_angle_series,true,Unknown,Ybus EMT reconstruction using exact complex bus-voltage phasors when available; otherwise diagnostic fallback
2.23,0.011338122476355128,0.05497404797365402,0.011338122476355128,0.05497404797365402,0.011338122476355128,0.05497404797365402,-3.0989059316986354,-0.43151661769457994,-3.1102440541749905,-0.48649066566823396,0.0,0.0,Vmag_get_voltage_magnitude_series__angle_get_voltage_angle_series,true,Unknown,Ybus EMT reconstruction using exact complex bus-voltage phasors when available; otherwise diagnostic fallback
2.24,0.01132750581030395,0.054968128811536454,0.01132750581030395,0.054968128811536454,0.01132750581030395,0.054968128811536454,-3.0989165483646866,-0.4315225368566975,-3.1102440541749905,-0.48649066566823396,0.0,0.0,Vmag_get_voltage_magnitude_series__angle_get_voltage_angle_series,true,Unknown,Ybus EMT reconstruction using exact complex bus-voltage phasors when available; otherwise diagnostic fallback
2.25,0.011317053105845076,0.054962065489279066,0.011317053105845076,0.054962065489279066,0.011317053105845076,0.054962065489279066,-3.0989270010691454,-0.4315286001789549,-3.1102440541749905,-0.48649066566823396,0.0,0.0,Vmag_get_voltage_magnitude_series__angle_get_voltage_angle_series,true,Unknown,Ybus EMT reconstruction using exact complex bus-voltage phasors when available; otherwise diagnostic fallback
2.26,0.011306793539742621,0.05495591402600997,0.011306793539742621,0.05495591402600997,0.011306793539742621,0.05495591402600997,-3.098937260635248,-0.431534751642224,-3.1102440541749905,-0.48649066566823396,0.0,0.0,Vmag_get_voltage_magnitude_series__angle_get_voltage_angle_series,true,Unknown,Ybus EMT reconstruction using exact complex bus-voltage phasors when available; otherwise diagnostic fallback
2.27,0.011296754339951587,0.054949728224836236,0.011296754339951587,0.054949728224836236,0.011296754339951587,0.054949728224836236,-3.098947299835039,-0.4315409374433977,-3.1102440541749905,-0.48649066566823396,0.0,0.0,Vmag_get_voltage_magnitude_series__angle_get_voltage_angle_series,true,Unknown,Ybus EMT reconstruction using exact complex bus-voltage phasors when available; otherwise diagnostic fallback
2.28,0.011286960684490754,0.054943559393210106,0.011286960684490754,0.054943559393210106,0.011286960684490754,0.054943559393210106,-3.0989570934904997,-0.43154710627502385,-3.1102440541749905,-0.48649066566823396,0.0,0.0,Vmag_get_voltage_magnitude_series__angle_get_voltage_angle_series,true,Unknown,Ybus EMT reconstruction using exact complex bus-voltage phasors when available; otherwise diagnostic fallback
2.29,0.011277435602115915,0.054937456088314185,0.011277435602115915,0.054937456088314185,0.011277435602115915,0.054937456088314185,-3.0989666185728746,-0.43155320957991977,-3.1102440541749905,-0.48649066566823396,0.0,0.0,Vmag_get_voltage_magnitude_series__angle_get_voltage_angle_series,true,Unknown,Ybus EMT reconstruction using exact complex bus-voltage phasors when available; otherwise diagnostic fallback
2.3,0.011268199903229803,0.05493146391216769,0.011268199903229803,0.05493146391216769,0.011268199903229803,0.05493146391216769,-3.0989758542717607,-0.43155920175606627,-3.1102440541749905,-0.48649066566823396,0.0,0.0,Vmag_get_voltage_magnitude_series__angle_get_voltage_angle_series,true,Unknown,Ybus EMT reconstruction using exact complex bus-voltage phasors when available; otherwise diagnostic fallback
2.31,0.011259272131153075,0.05492562531908729,0.011259272131153075,0.05492562531908729,0.011259272131153075,0.05492562531908729,-3.0989847820438374,-0.43156504034914667,-3.1102440541749905,-0.48649066566823396,0.0,0.0,Vmag_get_voltage_magnitude_series__angle_get_voltage_angle_series,true,Unknown,Ybus EMT reconstruction using exact complex bus-voltage phasors when available; otherwise diagnostic fallback
2.32,0.011250668516078921,0.05491997946991667,0.011250668516078921,0.05491997946991667,0.011250668516078921,0.05491997946991667,-3.0989933856589116,-0.4315706861983173,-3.1102440541749905,-0.48649066566823396,0.0,0.0,Vmag_get_voltage_magnitude_series__angle_get_voltage_angle_series,true,Unknown,Ybus EMT reconstruction using exact complex bus-voltage phasors when available; otherwise diagnostic fallback
2.33,0.011242402970475407,0.05491456211329693,0.011242402970475407,0.05491456211329693,0.011242402970475407,0.05491456211329693,-3.099001651204515,-0.43157610355493703,-3.1102440541749905,-0.48649066566823396,0.0,0.0,Vmag_get_voltage_magnitude_series__angle_get_voltage_angle_series,true,Unknown,Ybus EMT reconstruction using exact complex bus-voltage phasors when available; otherwise diagnostic fallback
2.34,0.011234487080747257,0.05490940548898038,0.011234487080747257,0.05490940548898038,0.011234487080747257,0.05490940548898038,-3.0990095670942432,-0.4315812601792536,-3.1102440541749905,-0.48649066566823396,0.0,0.0,Vmag_get_voltage_magnitude_series__angle_get_voltage_angle_series,true,Unknown,Ybus EMT reconstruction using exact complex bus-voltage phasors when available; otherwise diagnostic fallback
2.35,0.011226930126419177,0.054904538283705506,0.011226930126419177,0.054904538283705506,0.011226930126419177,0.054904538283705506,-3.0990171240485713,-0.43158612738452845,-3.1102440541749905,-0.48649066566823396,0.0,0.0,Vmag_get_voltage_magnitude_series__angle_get_voltage_angle_series,true,Unknown,Ybus EMT reconstruction using exact complex bus-voltage phasors when available; otherwise diagnostic fallback
2.36,0.01121973911470997,0.054899985586485456,0.01121973911470997,0.054899985586485456,0.01121973911470997,0.054899985586485456,-3.0990243150602805,-0.4315906800817485,-3.1102440541749905,-0.48649066566823396,0.0,0.0,Vmag_get_voltage_magnitude_series__angle_get_voltage_angle_series,true,Unknown,Ybus EMT reconstruction using exact complex bus-voltage phasors when available; otherwise diagnostic fallback
2.37,0.011212918819403228,0.05489576889594294,0.011212918819403228,0.05489576889594294,0.011212918819403228,0.05489576889594294,-3.0990311353555873,-0.431594896772291,-3.1102440541749905,-0.48649066566823396,0.0,0.0,Vmag_get_voltage_magnitude_series__angle_get_voltage_angle_series,true,Unknown,Ybus EMT reconstruction using exact complex bus-voltage phasors when available; otherwise diagnostic fallback
2.38,0.01120647185243584,0.05489190614344858,0.01120647185243584,0.05489190614344858,0.01120647185243584,0.05489190614344858,-3.0990375823225547,-0.4315987595247854,-3.1102440541749905,-0.48649066566823396,0.0,0.0,Vmag_get_voltage_magnitude_series__angle_get_voltage_angle_series,true,Unknown,Ybus EMT reconstruction using exact complex bus-voltage phasors when available; otherwise diagnostic fallback
2.39,0.011200398725007332,0.05488841173728026,0.011200398725007332,0.05488841173728026,0.011200398725007332,0.05488841173728026,-3.099043655449983,-0.4316022539309537,-3.1102440541749905,-0.48649066566823396,0.0,0.0,Vmag_get_voltage_magnitude_series__angle_get_voltage_angle_series,true,Unknown,Ybus EMT reconstruction using exact complex bus-voltage phasors when available; otherwise diagnostic fallback
2.4,0.011194697939277187,0.05488529664337871,0.011194697939277187,0.05488529664337871,0.011194697939277187,0.05488529664337871,-3.0990493562357133,-0.43160536902485525,-3.1102440541749905,-0.48649066566823396,0.0,0.0,Vmag_get_voltage_magnitude_series__angle_get_voltage_angle_series,true,Unknown,Ybus EMT reconstruction using exact complex bus-voltage phasors when available; otherwise diagnostic fallback
2.41,0.011189366082620111,0.05488256847020151,0.011189366082620111,0.05488256847020151,0.011189366082620111,0.05488256847020151,-3.0990546880923704,-0.43160809719803245,-3.1102440541749905,-0.48649066566823396,0.0,0.0,Vmag_get_voltage_magnitude_series__angle_get_voltage_angle_series,true,Unknown,Ybus EMT reconstruction using exact complex bus-voltage phasors when available; otherwise diagnostic fallback
2.42,0.011184397924118183,0.05488023159085054,0.011184397924118183,0.05488023159085054,0.011184397924118183,0.05488023159085054,-3.0990596562508723,-0.4316104340773834,-3.1102440541749905,-0.48649066566823396,0.0,0.0,Vmag_get_voltage_magnitude_series__angle_get_voltage_angle_series,true,Unknown,Ybus EMT reconstruction using exact complex bus-voltage phasors when available; otherwise diagnostic fallback
2.43,0.011179786539006642,0.054878287269892134,0.011179786539006642,0.054878287269892134,0.011179786539006642,0.054878287269892134,-3.099064267635984,-0.4316123783983418,-3.1102440541749905,-0.48649066566823396,0.0,0.0,Vmag_get_voltage_magnitude_series__angle_get_voltage_angle_series,true,Unknown,Ybus EMT reconstruction using exact complex bus-voltage phasors when available; otherwise diagnostic fallback
2.44,0.011175523415426714,0.05487673380981306,0.011175523415426714,0.05487673380981306,0.011175523415426714,0.05487673380981306,-3.099068530759564,-0.4316139318584209,-3.1102440541749905,-0.48649066566823396,0.0,0.0,Vmag_get_voltage_magnitude_series__angle_get_voltage_angle_series,true,Unknown,Ybus EMT reconstruction using exact complex bus-voltage phasors when available; otherwise diagnostic fallback
2.45,0.011171598586122489,0.05487556672073968,0.011171598586122489,0.05487556672073968,0.011171598586122489,0.05487556672073968,-3.099072455588868,-0.4316150989474943,-3.1102440541749905,-0.48649066566823396,0.0,0.0,Vmag_get_voltage_magnitude_series__angle_get_voltage_angle_series,true,Unknown,Ybus EMT reconstruction using exact complex bus-voltage phasors when available; otherwise diagnostic fallback
2.46,0.01116800075687241,0.05487477888532183,0.01116800075687241,0.05487477888532183,0.01116800075687241,0.05487477888532183,-3.099076053418118,-0.43161588678291213,-3.1102440541749905,-0.48649066566823396,0.0,0.0,Vmag_get_voltage_magnitude_series__angle_get_voltage_angle_series,true,Unknown,Ybus EMT reconstruction using exact complex bus-voltage phasors when available; otherwise diagnostic fallback
2.47,0.011164717435746319,0.05487436074981,0.011164717435746319,0.05487436074981,0.011164717435746319,0.05487436074981,-3.099079336739244,-0.43161630491842395,-3.1102440541749905,-0.48649066566823396,0.0,0.0,Vmag_get_voltage_magnitude_series__angle_get_voltage_angle_series,true,Unknown,Ybus EMT reconstruction using exact complex bus-voltage phasors when available; otherwise diagnostic fallback
2.48,0.01116173507430096,0.05487430051544662,0.01116173507430096,0.05487430051544662,0.01116173507430096,0.05487430051544662,-3.0990823191006895,-0.43161636515278734,-3.1102440541749905,-0.48649066566823396,0.0,0.0,Vmag_get_voltage_magnitude_series__angle_get_voltage_angle_series,true,Unknown,Ybus EMT reconstruction using exact complex bus-voltage phasors when available; otherwise diagnostic fallback
2.49,0.011159039197239817,0.05487458433768533,0.011159039197239817,0.05487458433768533,0.011159039197239817,0.05487458433768533,-3.0990850149777507,-0.43161608133054863,-3.1102440541749905,-0.48649066566823396,0.0,0.0,Vmag_get_voltage_magnitude_series__angle_get_voltage_angle_series,true,Unknown,Ybus EMT reconstruction using exact complex bus-voltage phasors when available; otherwise diagnostic fallback
2.5,0.011156614545414278,0.05487519653369011,0.011156614545414278,0.05487519653369011,0.011156614545414278,0.05487519653369011,-3.0990874396295762,-0.43161546913454385,-3.1102440541749905,-0.48649066566823396,0.0,0.0,Vmag_get_voltage_magnitude_series__angle_get_voltage_angle_series,true,Unknown,Ybus EMT reconstruction using exact complex bus-voltage phasors when available; otherwise diagnostic fallback
2.51,0.011154445208368724,0.054876119785462585,0.011154445208368724,0.054876119785462585,0.011154445208368724,0.054876119785462585,-3.099089608966622,-0.43161454588277137,-3.1102440541749905,-0.48649066566823396,0.0,0.0,Vmag_get_voltage_magnitude_series__angle_get_voltage_angle_series,true,Unknown,Ybus EMT reconstruction using exact complex bus-voltage phasors when available; otherwise diagnostic fallback
2.52,0.011152514759084298,0.05487733535627298,0.011152514759084298,0.05487733535627298,0.011152514759084298,0.05487733535627298,-3.099091539415906,-0.431613330311961,-3.1102440541749905,-0.48649066566823396,0.0,0.0,Vmag_get_voltage_magnitude_series__angle_get_voltage_angle_series,true,Unknown,Ybus EMT reconstruction using exact complex bus-voltage phasors when available; otherwise diagnostic fallback
2.53,0.011150806389474077,0.05487882329308802,0.011150806389474077,0.05487882329308802,0.011150806389474077,0.05487882329308802,-3.0990932477855164,-0.43161184237514594,-3.1102440541749905,-0.48649066566823396,0.0,0.0,Vmag_get_voltage_magnitude_series__angle_get_voltage_angle_series,true,Unknown,Ybus EMT reconstruction using exact complex bus-voltage phasors when available; otherwise diagnostic fallback
2.54,0.011149303033203495,0.054880562638079555,0.011149303033203495,0.054880562638079555,0.011149303033203495,0.054880562638079555,-3.099094751141787,-0.4316101030301544,-3.1102440541749905,-0.48649066566823396,0.0,0.0,Vmag_get_voltage_magnitude_series__angle_get_voltage_angle_series,true,Unknown,Ybus EMT reconstruction using exact complex bus-voltage phasors when available; otherwise diagnostic fallback
2.55,0.011147987496666012,0.05488253163426393,0.011147987496666012,0.05488253163426393,0.011147987496666012,0.05488253163426393,-3.0990960666783245,-0.43160813403397,-3.1102440541749905,-0.48649066566823396,0.0,0.0,Vmag_get_voltage_magnitude_series__angle_get_voltage_angle_series,true,Unknown,Ybus EMT reconstruction using exact complex bus-voltage phasors when available; otherwise diagnostic fallback
2.56,0.011146842573992899,0.05488470791967692,0.011146842573992899,0.05488470791967692,0.011146842573992899,0.05488470791967692,-3.0990972116009976,-0.43160595774855703,-3.1102440541749905,-0.48649066566823396,0.0,0.0,Vmag_get_voltage_magnitude_series__angle_get_voltage_angle_series,true,Unknown,Ybus EMT reconstruction using exact complex bus-voltage phasors when available; otherwise diagnostic fallback
2.57,0.011145851163705256,0.05488706872961674,0.011145851163705256,0.05488706872961674,0.011145851163705256,0.05488706872961674,-3.0990982030112852,-0.4316035969386172,-3.1102440541749905,-0.48649066566823396,0.0,0.0,Vmag_get_voltage_magnitude_series__angle_get_voltage_angle_series,true,Unknown,Ybus EMT reconstruction using exact complex bus-voltage phasors when available; otherwise diagnostic fallback
2.58,0.0111449963782988,0.05488959107734498,0.0111449963782988,0.05488959107734498,0.0111449963782988,0.05488959107734498,-3.0990990577966917,-0.431601074590889,-3.1102440541749905,-0.48649066566823396,0.0,0.0,Vmag_get_voltage_magnitude_series__angle_get_voltage_angle_series,true,Unknown,Ybus EMT reconstruction using exact complex bus-voltage phasors when available; otherwise diagnostic fallback
2.59,0.011144261641816477,0.05489225193730085,0.011144261641816477,0.05489225193730085,0.011144261641816477,0.05489225193730085,-3.099099792533174,-0.4315984137309331,-3.1102440541749905,-0.48649066566823396,0.0,0.0,Vmag_get_voltage_magnitude_series__angle_get_voltage_angle_series,true,Unknown,Ybus EMT reconstruction using exact complex bus-voltage phasors when available; otherwise diagnostic fallback
2.6,0.011143630790361847,0.054895028415727354,0.011143630790361847,0.054895028415727354,0.011143630790361847,0.054895028415727354,-3.0991004233846287,-0.4315956372525066,-3.1102440541749905,-0.48649066566823396,0.0,0.0,Vmag_get_voltage_magnitude_series__angle_get_voltage_angle_series,true,Unknown,Ybus EMT reconstruction using exact complex bus-voltage phasors when available; otherwise diagnostic fallback
2.61,0.01114308815573617,0.054897897908529725,0.01114308815573617,0.054897897908529725,0.01114308815573617,0.054897897908529725,-3.0991009660192543,-0.43159276775970423,-3.1102440541749905,-0.48649066566823396,0.0,0.0,Vmag_get_voltage_magnitude_series__angle_get_voltage_angle_series,true,Unknown,Ybus EMT reconstruction using exact complex bus-voltage phasors when available; otherwise diagnostic fallback
2.62,0.011142618646932334,0.05490083825836983,0.011142618646932334,0.05490083825836983,0.011142618646932334,0.05490083825836983,-3.099101435528058,-0.4315898274098641,-3.1102440541749905,-0.48649066566823396,0.0,0.0,Vmag_get_voltage_magnitude_series__angle_get_voltage_angle_series,true,Unknown,Ybus EMT reconstruction using exact complex bus-voltage phasors when available; otherwise diagnostic fallback
2.63,0.011142207823355843,0.05490382788723752,0.011142207823355843,0.05490382788723752,0.011142207823355843,0.05490382788723752,-3.0991018463516347,-0.43158683778099644,-3.1102440541749905,-0.48649066566823396,0.0,0.0,Vmag_get_voltage_magnitude_series__angle_get_voltage_angle_series,true,Unknown,Ybus EMT reconstruction using exact complex bus-voltage phasors when available; otherwise diagnostic fallback
2.64,0.011141841956606502,0.05490684593012923,0.011141841956606502,0.05490684593012923,0.011141841956606502,0.05490684593012923,-3.099102212218384,-0.4315838197381047,-3.1102440541749905,-0.48649066566823396,0.0,0.0,Vmag_get_voltage_magnitude_series__angle_get_voltage_angle_series,true,Unknown,Ybus EMT reconstruction using exact complex bus-voltage phasors when available; otherwise diagnostic fallback
2.65,0.011141508090578789,0.05490987235098338,0.011141508090578789,0.05490987235098338,0.011141508090578789,0.05490987235098338,-3.0991025460844117,-0.4315807933172506,-3.1102440541749905,-0.48649066566823396,0.0,0.0,Vmag_get_voltage_magnitude_series__angle_get_voltage_angle_series,true,Unknown,Ybus EMT reconstruction using exact complex bus-voltage phasors when available; otherwise diagnostic fallback
2.66,0.01114119408516423,0.05491288804436628,0.01114119408516423,0.05491288804436628,0.01114119408516423,0.05491288804436628,-3.0991028600898263,-0.4315777776238677,-3.1102440541749905,-0.48649066566823396,0.0,0.0,Vmag_get_voltage_magnitude_series__angle_get_voltage_angle_series,true,Unknown,Ybus EMT reconstruction using exact complex bus-voltage phasors when available; otherwise diagnostic fallback
2.67,0.011140888659971981,0.05491587493297717,0.011140888659971981,0.05491587493297717,0.011140888659971981,0.05491587493297717,-3.0991031655150185,-0.4315747907352568,-3.1102440541749905,-0.48649066566823396,0.0,0.0,Vmag_get_voltage_magnitude_series__angle_get_voltage_angle_series,true,Unknown,Ybus EMT reconstruction using exact complex bus-voltage phasors when available; otherwise diagnostic fallback
2.68,0.011140581425421736,0.054918816043667606,0.011140581425421736,0.054918816043667606,0.011140581425421736,0.054918816043667606,-3.0991034727495688,-0.43157184962456635,-3.1102440541749905,-0.48649066566823396,0.0,0.0,Vmag_get_voltage_magnitude_series__angle_get_voltage_angle_series,true,Unknown,Ybus EMT reconstruction using exact complex bus-voltage phasors when available; otherwise diagnostic fallback
2.69,0.01114026290462089,0.054921695578181606,0.01114026290462089,0.054921695578181606,0.01114026290462089,0.054921695578181606,-3.0991037912703696,-0.43156897009005235,-3.1102440541749905,-0.48649066566823396,0.0,0.0,Vmag_get_voltage_magnitude_series__angle_get_voltage_angle_series,true,Unknown,Ybus EMT reconstruction using exact complex bus-voltage phasors when available; otherwise diagnostic fallback
2.7,0.011139924554528058,0.054924498967346136,0.011139924554528058,0.054924498967346136,0.011139924554528058,0.054924498967346136,-3.0991041296204624,-0.4315661667008878,-3.1102440541749905,-0.48649066566823396,0.0,0.0,Vmag_get_voltage_magnitude_series__angle_get_voltage_angle_series,true,Unknown,Ybus EMT reconstruction using exact complex bus-voltage phasors when available; otherwise diagnostic fallback
2.71,0.011139558770837166,0.054927212916354495,0.011139558770837166,0.054927212916354495,0.011139558770837166,0.054927212916354495,-3.0991044954041533,-0.43156345275187946,-3.1102440541749905,-0.48649066566823396,0.0,0.0,Vmag_get_voltage_magnitude_series__angle_get_voltage_angle_series,true,Unknown,Ybus EMT reconstruction using exact complex bus-voltage phasors when available; otherwise diagnostic fallback
2.72,0.011139158892743861,0.05492982543921898,0.011139158892743861,0.05492982543921898,0.011139158892743861,0.05492982543921898,-3.0991048952822466,-0.431560840229015,-3.1102440541749905,-0.48649066566823396,0.0,0.0,Vmag_get_voltage_magnitude_series__angle_get_voltage_angle_series,true,Unknown,Ybus EMT reconstruction using exact complex bus-voltage phasors when available; otherwise diagnostic fallback
2.73,0.011138719196911229,0.054932325874294086,0.011138719196911229,0.054932325874294086,0.011138719196911229,0.054932325874294086,-3.0991053349780793,-0.43155833979393987,-3.1102440541749905,-0.48649066566823396,0.0,0.0,Vmag_get_voltage_magnitude_series__angle_get_voltage_angle_series,true,Unknown,Ybus EMT reconstruction using exact complex bus-voltage phasors when available; otherwise diagnostic fallback
2.74,0.011138234886086451,0.05493470490134478,0.011138234886086451,0.05493470490134478,0.011138234886086451,0.05493470490134478,-3.099105819288904,-0.4315559607668892,-3.1102440541749905,-0.48649066566823396,0.0,0.0,Vmag_get_voltage_magnitude_series__angle_get_voltage_angle_series,true,Unknown,Ybus EMT reconstruction using exact complex bus-voltage phasors when available; otherwise diagnostic fallback
2.75,0.011137702073845013,0.05493695453706504,0.011137702073845013,0.05493695453706504,0.011137702073845013,0.05493695453706504,-3.0991063521011455,-0.4315537111311689,-3.1102440541749905,-0.48649066566823396,0.0,0.0,Vmag_get_voltage_magnitude_series__angle_get_voltage_angle_series,true,Unknown,Ybus EMT reconstruction using exact complex bus-voltage phasors when available; otherwise diagnostic fallback
2.76,0.011137117757440862,0.05493906812674115,0.011137117757440862,0.05493906812674115,0.011137117757440862,0.05493906812674115,-3.0991069364175496,-0.4315515975414928,-3.1102440541749905,-0.48649066566823396,0.0,0.0,Vmag_get_voltage_magnitude_series__angle_get_voltage_angle_series,true,Unknown,Ybus EMT reconstruction using exact complex bus-voltage phasors when available; otherwise diagnostic fallback
2.77,0.011136479794304766,0.05494104032671909,0.011136479794304766,0.05494104032671909,0.011136479794304766,0.05494104032671909,-3.0991075743806857,-0.43154962534151486,-3.1102440541749905,-0.48649066566823396,0.0,0.0,Vmag_get_voltage_magnitude_series__angle_get_voltage_angle_series,true,Unknown,Ybus EMT reconstruction using exact complex bus-voltage phasors when available; otherwise diagnostic fallback
2.78,0.011135786865541952,0.054942867073258406,0.011135786865541952,0.054942867073258406,0.011135786865541952,0.054942867073258406,-3.0991082673094486,-0.43154779859497555,-3.1102440541749905,-0.48649066566823396,0.0,0.0,Vmag_get_voltage_magnitude_series__angle_get_voltage_angle_series,true,Unknown,Ybus EMT reconstruction using exact complex bus-voltage phasors when available; otherwise diagnostic fallback
2.79,0.011135038439495037,0.054944545550413615,0.011135038439495037,0.054944545550413615,0.011135038439495037,0.054944545550413615,-3.0991090157354955,-0.43154612011782034,-3.1102440541749905,-0.48649066566823396,0.0,0.0,Vmag_get_voltage_magnitude_series__angle_get_voltage_angle_series,true,Unknown,Ybus EMT reconstruction using exact complex bus-voltage phasors when available; otherwise diagnostic fallback
2.8,0.011134234731970505,0.05494607414500435,0.011134234731970505,0.05494607414500435,0.011134234731970505,0.05494607414500435,-3.09910981944302,-0.4315445915232296,-3.1102440541749905,-0.48649066566823396,0.0,0.0,Vmag_get_voltage_magnitude_series__angle_get_voltage_angle_series,true,Unknown,Ybus EMT reconstruction using exact complex bus-voltage phasors when available; otherwise diagnostic fallback
2.81,0.011133376658340577,0.0549474523956911,0.011133376658340577,0.0549474523956911,0.011133376658340577,0.0549474523956911,-3.09911067751665,-0.43154321327254286,-3.1102440541749905,-0.48649066566823396,0.0,0.0,Vmag_get_voltage_magnitude_series__angle_get_voltage_angle_series,true,Unknown,Ybus EMT reconstruction using exact complex bus-voltage phasors when available; otherwise diagnostic fallback
2.82,0.011132465789941204,0.05494868094269917,0.011132465789941204,0.05494868094269917,0.011132465789941204,0.05494868094269917,-3.0991115883850493,-0.4315419847255348,-3.1102440541749905,-0.48649066566823396,0.0,0.0,Vmag_get_voltage_magnitude_series__angle_get_voltage_angle_series,true,Unknown,Ybus EMT reconstruction using exact complex bus-voltage phasors when available; otherwise diagnostic fallback
2.83,0.011131504301083783,0.054949761458797985,0.011131504301083783,0.054949761458797985,0.011131504301083783,0.054949761458797985,-3.0991125498739067,-0.43154090420943597,-3.1102440541749905,-0.48649066566823396,0.0,0.0,Vmag_get_voltage_magnitude_series__angle_get_voltage_angle_series,true,Unknown,Ybus EMT reconstruction using exact complex bus-voltage phasors when available; otherwise diagnostic fallback
2.84,0.011130494918073719,0.05495069659162882,0.011130494918073719,0.05495069659162882,0.011130494918073719,0.05495069659162882,-3.099113559256917,-0.43153996907660513,-3.1102440541749905,-0.48649066566823396,0.0,0.0,Vmag_get_voltage_magnitude_series__angle_get_voltage_angle_series,true,Unknown,Ybus EMT reconstruction using exact complex bus-voltage phasors when available; otherwise diagnostic fallback
2.85,0.011129440867113427,0.05495148989010762,0.011129440867113427,0.05495148989010762,0.011129440867113427,0.05495148989010762,-3.099114613307877,-0.43153917577812634,-3.1102440541749905,-0.48649066566823396,0.0,0.0,Vmag_get_voltage_magnitude_series__angle_get_voltage_angle_series,true,Unknown,Ybus EMT reconstruction using exact complex bus-voltage phasors when available; otherwise diagnostic fallback
2.86,0.011128345817561058,0.054952145733415836,0.011128345817561058,0.054952145733415836,0.011128345817561058,0.054952145733415836,-3.0991157083574294,-0.4315385199348181,-3.1102440541749905,-0.48649066566823396,0.0,0.0,Vmag_get_voltage_magnitude_series__angle_get_voltage_angle_series,true,Unknown,Ybus EMT reconstruction using exact complex bus-voltage phasors when available; otherwise diagnostic fallback
2.87,0.011127213829548399,0.05495266925627196,0.011127213829548399,0.05495266925627196,0.011127213829548399,0.05495266925627196,-3.099116840345442,-0.431537996411962,-3.1102440541749905,-0.48649066566823396,0.0,0.0,Vmag_get_voltage_magnitude_series__angle_get_voltage_angle_series,true,Unknown,Ybus EMT reconstruction using exact complex bus-voltage phasors when available; otherwise diagnostic fallback
2.88,0.011126049297205842,0.05495306627286356,0.011126049297205842,0.05495306627286356,0.011126049297205842,0.05495306627286356,-3.0991180048777847,-0.4315375993953704,-3.1102440541749905,-0.48649066566823396,0.0,0.0,Vmag_get_voltage_magnitude_series__angle_get_voltage_angle_series,true,Unknown,Ybus EMT reconstruction using exact complex bus-voltage phasors when available; otherwise diagnostic fallback
2.89,0.011124856894346724,0.05495334319996653,0.011124856894346724,0.05495334319996653,0.011124856894346724,0.05495334319996653,-3.099119197280644,-0.4315373224682674,-3.1102440541749905,-0.48649066566823396,0.0,0.0,Vmag_get_voltage_magnitude_series__angle_get_voltage_angle_series,true,Unknown,Ybus EMT reconstruction using exact complex bus-voltage phasors when available; otherwise diagnostic fallback
2.9,0.011123641521078032,0.054953506976680944,0.011123641521078032,0.054953506976680944,0.011123641521078032,0.054953506976680944,-3.0991204126539125,-0.431537158691553,-3.1102440541749905,-0.48649066566823396,0.0,0.0,Vmag_get_voltage_magnitude_series__angle_get_voltage_angle_series,true,Unknown,Ybus EMT reconstruction using exact complex bus-voltage phasors when available; otherwise diagnostic fallback
2.91,0.011122408249279125,0.05495356498980475,0.011122408249279125,0.05495356498980475,0.011122408249279125,0.05495356498980475,-3.0991216459257114,-0.4315371006784292,-3.1102440541749905,-0.48649066566823396,0.0,0.0,Vmag_get_voltage_magnitude_series__angle_get_voltage_angle_series,true,Unknown,Ybus EMT reconstruction using exact complex bus-voltage phasors when available; otherwise diagnostic fallback
2.92,0.011121162272901497,0.054953524994724945,0.011121162272901497,0.054953524994724945,0.011121162272901497,0.054953524994724945,-3.099122891902089,-0.431537140673509,-3.1102440541749905,-0.48649066566823396,0.0,0.0,Vmag_get_voltage_magnitude_series__angle_get_voltage_angle_series,true,Unknown,Ybus EMT reconstruction using exact complex bus-voltage phasors when available; otherwise diagnostic fallback
2.93,0.01111990885577896,0.0549533950404405,0.01111990885577896,0.0549533950404405,0.01111990885577896,0.0549533950404405,-3.0991241453192115,-0.43153727062779346,-3.1102440541749905,-0.48649066566823396,0.0,0.0,Vmag_get_voltage_magnitude_series__angle_get_voltage_angle_series,true,Unknown,Ybus EMT reconstruction using exact complex bus-voltage phasors when available; otherwise diagnostic fallback
2.94,0.011118653285131064,0.054953183395966665,0.011118653285131064,0.054953183395966665,0.011118653285131064,0.054953183395966665,-3.0991254008898594,-0.4315374822722673,-3.1102440541749905,-0.48649066566823396,0.0,0.0,Vmag_get_voltage_magnitude_series__angle_get_voltage_angle_series,true,Unknown,Ybus EMT reconstruction using exact complex bus-voltage phasors when available; otherwise diagnostic fallback
2.95,0.0111174008254884,0.05495289847682144,0.0111174008254884,0.05495289847682144,0.0111174008254884,0.05495289847682144,-3.099126653349502,-0.4315377671914125,-3.1102440541749905,-0.48649066566823396,0.0,0.0,Vmag_get_voltage_magnitude_series__angle_get_voltage_angle_series,true,Unknown,Ybus EMT reconstruction using exact complex bus-voltage phasors when available; otherwise diagnostic fallback
2.96,0.011116156674614075,0.05495254877790756,0.011116156674614075,0.05495254877790756,0.011116156674614075,0.05495254877790756,-3.0991278975003764,-0.4315381168903264,-3.1102440541749905,-0.48649066566823396,0.0,0.0,Vmag_get_voltage_magnitude_series__angle_get_voltage_angle_series,true,Unknown,Ybus EMT reconstruction using exact complex bus-voltage phasors when available; otherwise diagnostic fallback
2.97,0.0111149259239256,0.05495214280718086,0.0111149259239256,0.05495214280718086,0.0111149259239256,0.05495214280718086,-3.099129128251065,-0.4315385228610531,-3.1102440541749905,-0.48649066566823396,0.0,0.0,Vmag_get_voltage_magnitude_series__angle_get_voltage_angle_series,true,Unknown,Ybus EMT reconstruction using exact complex bus-voltage phasors when available; otherwise diagnostic fallback
2.98,0.011113713519459889,0.054951689019766325,0.011113713519459889,0.054951689019766325,0.011113713519459889,0.054951689019766325,-3.0991303406555306,-0.43153897664846763,-3.1102440541749905,-0.48649066566823396,0.0,0.0,Vmag_get_voltage_magnitude_series__angle_get_voltage_angle_series,true,Unknown,Ybus EMT reconstruction using exact complex bus-voltage phasors when available; otherwise diagnostic fallback
2.99,0.011112524228230836,0.05495119576334501,0.011112524228230836,0.05495119576334501,0.011112524228230836,0.05495119576334501,-3.0991315299467597,-0.43153946990488895,-3.1102440541749905,-0.48649066566823396,0.0,0.0,Vmag_get_voltage_magnitude_series__angle_get_voltage_angle_series,true,Unknown,Ybus EMT reconstruction using exact complex bus-voltage phasors when available; otherwise diagnostic fallback
3.0,0.011111362605652708,0.05495067121906544,0.011111362605652708,0.05495067121906544,0.011111362605652708,0.05495067121906544,-3.099132691569338,-0.4315399944491685,-3.1102440541749905,-0.48649066566823396,0.0,0.0,Vmag_get_voltage_magnitude_series__angle_get_voltage_angle_series,true,Unknown,Ybus EMT reconstruction using exact complex bus-voltage phasors when available; otherwise diagnostic fallback
3.01,0.011110232966601075,0.05495012335231869,0.011110232966601075,0.05495012335231869,0.011110232966601075,0.05495012335231869,-3.0991338212083894,-0.43154054231591527,-3.1102440541749905,-0.48649066566823396,0.0,0.0,Vmag_get_voltage_magnitude_series__angle_get_voltage_angle_series,true,Unknown,Ybus EMT reconstruction using exact complex bus-voltage phasors when available; otherwise diagnostic fallback
3.02,0.01110913936193958,0.05494955986486405,0.01110913936193958,0.05494955986486405,0.01110913936193958,0.05494955986486405,-3.099134914813051,-0.4315411058033699,-3.1102440541749905,-0.48649066566823396,0.0,0.0,Vmag_get_voltage_magnitude_series__angle_get_voltage_angle_series,true,Unknown,Ybus EMT reconstruction using exact complex bus-voltage phasors when available; otherwise diagnostic fallback
3.03,0.011108085553733993,0.05494898815122112,0.011108085553733993,0.05494898815122112,0.011108085553733993,0.05494898815122112,-3.0991359686212565,-0.43154167751701283,-3.1102440541749905,-0.48649066566823396,0.0,0.0,Vmag_get_voltage_magnitude_series__angle_get_voltage_angle_series,true,Unknown,Ybus EMT reconstruction using exact complex bus-voltage phasors when available; otherwise diagnostic fallback
3.04,0.011107074998826683,0.05494841526286898,0.011107074998826683,0.05494841526286898,0.011107074998826683,0.05494841526286898,-3.099136979176164,-0.431542250405365,-3.1102440541749905,-0.48649066566823396,0.0,0.0,Vmag_get_voltage_magnitude_series__angle_get_voltage_angle_series,true,Unknown,Ybus EMT reconstruction using exact complex bus-voltage phasors when available; otherwise diagnostic fallback
3.05,0.011106110831880844,0.054947847871804845,0.011106110831880844,0.054947847871804845,0.011106110831880844,0.054947847871804845,-3.0991379433431097,-0.4315428177964291,-3.1102440541749905,-0.48649066566823396,0.0,0.0,Vmag_get_voltage_magnitude_series__angle_get_voltage_angle_series,true,Unknown,Ybus EMT reconstruction using exact complex bus-voltage phasors when available; otherwise diagnostic fallback
3.06,0.011105195853622352,0.0549472922442556,0.011105195853622352,0.0549472922442556,0.011105195853622352,0.0549472922442556,-3.099138858321368,-0.43154337342397836,-3.1102440541749905,-0.48649066566823396,0.0,0.0,Vmag_get_voltage_magnitude_series__angle_get_voltage_angle_series,true,Unknown,Ybus EMT reconstruction using exact complex bus-voltage phasors when available; otherwise diagnostic fallback
3.07,0.011104332521950422,0.05494675421312034,0.011104332521950422,0.05494675421312034,0.011104332521950422,0.05494675421312034,-3.09913972165304,-0.4315439114551136,-3.1102440541749905,-0.48649066566823396,0.0,0.0,Vmag_get_voltage_magnitude_series__angle_get_voltage_angle_series,true,Unknown,Ybus EMT reconstruction using exact complex bus-voltage phasors when available; otherwise diagnostic fallback
3.08,0.011103522944502231,0.05494623915961444,0.011103522944502231,0.05494623915961444,0.011103522944502231,0.05494623915961444,-3.0991405312304883,-0.4315444265086195,-3.1102440541749905,-0.48649066566823396,0.0,0.0,Vmag_get_voltage_magnitude_series__angle_get_voltage_angle_series,true,Unknown,Ybus EMT reconstruction using exact complex bus-voltage phasors when available; otherwise diagnostic fallback
3.09,0.01110276887779671,0.05494575199678414,0.01110276887779671,0.05494575199678414,0.01110276887779671,0.05494575199678414,-3.099141285297194,-0.4315449136714498,-3.1102440541749905,-0.48649066566823396,0.0,0.0,Vmag_get_voltage_magnitude_series__angle_get_voltage_angle_series,true,Unknown,Ybus EMT reconstruction using exact complex bus-voltage phasors when available; otherwise diagnostic fallback
3.1,0.011102071724757412,0.05494529715823848,0.011102071724757412,0.05494529715823848,0.011102071724757412,0.05494529715823848,-3.099141982450233,-0.4315453685099955,-3.1102440541749905,-0.48649066566823396,0.0,0.0,Vmag_get_voltage_magnitude_series__angle_get_voltage_angle_series,true,Unknown,Ybus EMT reconstruction using exact complex bus-voltage phasors when available; otherwise diagnostic fallback
3.11,0.011101432538219491,0.05494487859033281,0.011101432538219491,0.05494487859033281,0.011101432538219491,0.05494487859033281,-3.099142621636771,-0.43154578707790114,-3.1102440541749905,-0.48649066566823396,0.0,0.0,Vmag_get_voltage_magnitude_series__angle_get_voltage_angle_series,true,Unknown,Ybus EMT reconstruction using exact complex bus-voltage phasors when available; otherwise diagnostic fallback
3.12,0.011100852026106889,0.05494449974816418,0.011100852026106889,0.05494449974816418,0.011100852026106889,0.05494449974816418,-3.0991432021488836,-0.4315461659200698,-3.1102440541749905,-0.48649066566823396,0.0,0.0,Vmag_get_voltage_magnitude_series__angle_get_voltage_angle_series,true,Unknown,Ybus EMT reconstruction using exact complex bus-voltage phasors when available; otherwise diagnostic fallback
3.13,0.011100330557974214,0.054944163597653806,0.011100330557974214,0.054944163597653806,0.011100330557974214,0.054944163597653806,-3.0991437236170163,-0.43154650207058015,-3.1102440541749905,-0.48649066566823396,0.0,0.0,Vmag_get_voltage_magnitude_series__angle_get_voltage_angle_series,true,Unknown,Ybus EMT reconstruction using exact complex bus-voltage phasors when available; otherwise diagnostic fallback
3.14,0.011099868175718619,0.054943872618203715,0.011099868175718619,0.054943872618203715,0.011099868175718619,0.054943872618203715,-3.099144185999272,-0.43154679305003024,-3.1102440541749905,-0.48649066566823396,0.0,0.0,Vmag_get_voltage_magnitude_series__angle_get_voltage_angle_series,true,Unknown,Ybus EMT reconstruction using exact complex bus-voltage phasors when available; otherwise diagnostic fallback
3.15,0.011099464603987474,0.05494362880845044,0.011099464603987474,0.05494362880845044,0.011099464603987474,0.05494362880845044,-3.099144589571003,-0.4315470368597835,-3.1102440541749905,-0.48649066566823396,0.0,0.0,Vmag_get_voltage_magnitude_series__angle_get_voltage_angle_series,true,Unknown,Ybus EMT reconstruction using exact complex bus-voltage phasors when available; otherwise diagnostic fallback
3.16,0.011099119264855517,0.05494343370039023,0.011099119264855517,0.05494343370039023,0.011099119264855517,0.05494343370039023,-3.099144934910135,-0.4315472319678437,-3.1102440541749905,-0.48649066566823396,0.0,0.0,Vmag_get_voltage_magnitude_series__angle_get_voltage_angle_series,true,Unknown,Ybus EMT reconstruction using exact complex bus-voltage phasors when available; otherwise diagnostic fallback
3.17,0.011098831292693845,0.054943288368858145,0.011098831292693845,0.054943288368858145,0.011098831292693845,0.054943288368858145,-3.0991452228822967,-0.4315473772993758,-3.1102440541749905,-0.48649066566823396,0.0,0.0,Vmag_get_voltage_magnitude_series__angle_get_voltage_angle_series,true,Unknown,Ybus EMT reconstruction using exact complex bus-voltage phasors when available; otherwise diagnostic fallback
3.18,0.011098599549983046,0.05494319345087345,0.011098599549983046,0.05494319345087345,0.011098599549983046,0.05494319345087345,-3.0991454546250075,-0.4315474722173605,-3.1102440541749905,-0.48649066566823396,0.0,0.0,Vmag_get_voltage_magnitude_series__angle_get_voltage_angle_series,true,Unknown,Ybus EMT reconstruction using exact complex bus-voltage phasors when available; otherwise diagnostic fallback
3.19,0.011098422646895756,0.05494314916023302,0.011098422646895756,0.05494314916023302,0.011098422646895756,0.05494314916023302,-3.0991456315280947,-0.43154751650800094,-3.1102440541749905,-0.48649066566823396,0.0,0.0,Vmag_get_voltage_magnitude_series__angle_get_voltage_angle_series,true,Unknown,Ybus EMT reconstruction using exact complex bus-voltage phasors when available; otherwise diagnostic fallback
3.2,0.011098298958855946,0.05494315531147448,0.011098298958855946,0.05494315531147448,0.011098298958855946,0.05494315531147448,-3.0991457552161346,-0.4315475103567595,-3.1102440541749905,-0.48649066566823396,0.0,0.0,Vmag_get_voltage_magnitude_series__angle_get_voltage_angle_series,true,Unknown,Ybus EMT reconstruction using exact complex bus-voltage phasors when available; otherwise diagnostic fallback
3.21,0.011098226647132226,0.05494321134034108,0.011098226647132226,0.05494321134034108,0.011098226647132226,0.05494321134034108,-3.0991458275278583,-0.4315474543278929,-3.1102440541749905,-0.48649066566823396,0.0,0.0,Vmag_get_voltage_magnitude_series__angle_get_voltage_angle_series,true,Unknown,Ybus EMT reconstruction using exact complex bus-voltage phasors when available; otherwise diagnostic fallback
3.22,0.011098203679646979,0.0549433163279438,0.011098203679646979,0.0549433163279438,0.011098203679646979,0.0549433163279438,-3.0991458504953435,-0.43154734934029015,-3.1102440541749905,-0.48649066566823396,0.0,0.0,Vmag_get_voltage_magnitude_series__angle_get_voltage_angle_series,true,Unknown,Ybus EMT reconstruction using exact complex bus-voltage phasors when available; otherwise diagnostic fallback
3.23,0.011098227851337406,0.05494346902650865,0.011098227851337406,0.05494346902650865,0.011098227851337406,0.05494346902650865,-3.099145826323653,-0.4315471966417253,-3.1102440541749905,-0.48649066566823396,0.0,0.0,Vmag_get_voltage_magnitude_series__angle_get_voltage_angle_series,true,Unknown,Ybus EMT reconstruction using exact complex bus-voltage phasors when available; otherwise diagnostic fallback
3.24,0.011098296806585584,0.05494366788543792,0.011098296806585584,0.05494366788543792,0.011098296806585584,0.05494366788543792,-3.099145757368405,-0.43154699778279604,-3.1102440541749905,-0.48649066566823396,0.0,0.0,Vmag_get_voltage_magnitude_series__angle_get_voltage_angle_series,true,Unknown,Ybus EMT reconstruction using exact complex bus-voltage phasors when available; otherwise diagnostic fallback
3.25,0.011098408059743381,0.05494391107898011,0.011098408059743381,0.05494391107898011,0.011098408059743381,0.05494391107898011,-3.099145646115247,-0.43154675458925384,-3.1102440541749905,-0.48649066566823396,0.0,0.0,Vmag_get_voltage_magnitude_series__angle_get_voltage_angle_series,true,Unknown,Ybus EMT reconstruction using exact complex bus-voltage phasors when available; otherwise diagnostic fallback
3.26,0.01109855901766199,0.0549441965328234,0.01109855901766199,0.0549441965328234,0.01109855901766199,0.0549441965328234,-3.0991454951573285,-0.43154646913541056,-3.1102440541749905,-0.48649066566823396,0.0,0.0,Vmag_get_voltage_magnitude_series__angle_get_voltage_angle_series,true,Unknown,Ybus EMT reconstruction using exact complex bus-voltage phasors when available; otherwise diagnostic fallback
3.27,0.01109874700042024,0.054944521953853076,0.01109874700042024,0.054944521953853076,0.01109874700042024,0.054944521953853076,-3.0991453071745703,-0.4315461437143809,-3.1102440541749905,-0.48649066566823396,0.0,0.0,Vmag_get_voltage_magnitude_series__angle_get_voltage_angle_series,true,Unknown,Ybus EMT reconstruction using exact complex bus-voltage phasors when available; otherwise diagnostic fallback
3.28,0.011098969262525404,0.05494488485817217,0.011098969262525404,0.05494488485817217,0.011098969262525404,0.05494488485817217,-3.099145084912465,-0.4315457808100618,-3.1102440541749905,-0.48649066566823396,0.0,0.0,Vmag_get_voltage_magnitude_series__angle_get_voltage_angle_series,true,Unknown,Ybus EMT reconstruction using exact complex bus-voltage phasors when available; otherwise diagnostic fallback
3.29,0.011099223013703252,0.05494528259756715,0.011099223013703252,0.05494528259756715,0.011099223013703252,0.05494528259756715,-3.0991448311612873,-0.4315453830706668,-3.1102440541749905,-0.48649066566823396,0.0,0.0,Vmag_get_voltage_magnitude_series__angle_get_voltage_angle_series,true,Unknown,Ybus EMT reconstruction using exact complex bus-voltage phasors when available; otherwise diagnostic fallback
3.3,0.011099505438298962,0.05494571239054935,0.011099505438298962,0.05494571239054935,0.011099505438298962,0.05494571239054935,-3.0991445487366915,-0.4315449532776846,-3.1102440541749905,-0.48649066566823396,0.0,0.0,Vmag_get_voltage_magnitude_series__angle_get_voltage_angle_series,true,Unknown,Ybus EMT reconstruction using exact complex bus-voltage phasors when available; otherwise diagnostic fallback
3.31,0.01109981371514479,0.05494617134632568,0.01109981371514479,0.05494617134632568,0.01109981371514479,0.05494617134632568,-3.0991442404598457,-0.4315444943219083,-3.1102440541749905,-0.48649066566823396,0.0,0.0,Vmag_get_voltage_magnitude_series__angle_get_voltage_angle_series,true,Unknown,Ybus EMT reconstruction using exact complex bus-voltage phasors when available; otherwise diagnostic fallback
3.32,0.011100145035449316,0.054946656495392376,0.011100145035449316,0.054946656495392376,0.011100145035449316,0.054946656495392376,-3.099143909139541,-0.4315440091728416,-3.1102440541749905,-0.48649066566823396,0.0,0.0,Vmag_get_voltage_magnitude_series__angle_get_voltage_angle_series,true,Unknown,Ybus EMT reconstruction using exact complex bus-voltage phasors when available; otherwise diagnostic fallback
3.33,0.011100496620209288,0.054947164811264215,0.011100496620209288,0.054947164811264215,0.011100496620209288,0.054947164811264215,-3.099143557554781,-0.43154350085696974,-3.1102440541749905,-0.48649066566823396,0.0,0.0,Vmag_get_voltage_magnitude_series__angle_get_voltage_angle_series,true,Unknown,Ybus EMT reconstruction using exact complex bus-voltage phasors when available; otherwise diagnostic fallback
3.34,0.011100865737263987,0.05494769323936566,0.011100865737263987,0.05494769323936566,0.011100865737263987,0.05494769323936566,-3.0991431884377265,-0.4315429724288683,-3.1102440541749905,-0.48649066566823396,0.0,0.0,Vmag_get_voltage_magnitude_series__angle_get_voltage_angle_series,true,Unknown,Ybus EMT reconstruction using exact complex bus-voltage phasors when available; otherwise diagnostic fallback
3.35,0.011101249715426142,0.054948238718594056,0.011101249715426142,0.054948238718594056,0.011101249715426142,0.054948238718594056,-3.0991428044595644,-0.4315424269496399,-3.1102440541749905,-0.48649066566823396,0.0,0.0,Vmag_get_voltage_magnitude_series__angle_get_voltage_angle_series,true,Unknown,Ybus EMT reconstruction using exact complex bus-voltage phasors when available; otherwise diagnostic fallback
3.36,0.011101645959800788,0.054948798205307736,0.011101645959800788,0.054948798205307736,0.011101645959800788,0.054948798205307736,-3.0991424082151897,-0.4315418674629262,-3.1102440541749905,-0.48649066566823396,0.0,0.0,Vmag_get_voltage_magnitude_series__angle_get_voltage_angle_series,true,Unknown,Ybus EMT reconstruction using exact complex bus-voltage phasors when available; otherwise diagnostic fallback
3.37,0.011102051963992388,0.05494936869306838,0.011102051963992388,0.05494936869306838,0.011102051963992388,0.05494936869306838,-3.099142002210998,-0.4315412969751656,-3.1102440541749905,-0.48649066566823396,0.0,0.0,Vmag_get_voltage_magnitude_series__angle_get_voltage_angle_series,true,Unknown,Ybus EMT reconstruction using exact complex bus-voltage phasors when available; otherwise diagnostic fallback
3.38,0.011102465322093025,0.054949947235667984,0.011102465322093025,0.054949947235667984,0.011102465322093025,0.054949947235667984,-3.0991415888528975,-0.431540718432566,-3.1102440541749905,-0.48649066566823396,0.0,0.0,Vmag_get_voltage_magnitude_series__angle_get_voltage_angle_series,true,Unknown,Ybus EMT reconstruction using exact complex bus-voltage phasors when available; otherwise diagnostic fallback
3.39,0.011102883738941749,0.05495053096168684,0.011102883738941749,0.05495053096168684,0.011102883738941749,0.05495053096168684,-3.0991411704360488,-0.4315401347065471,-3.1102440541749905,-0.48649066566823396,0.0,0.0,Vmag_get_voltage_magnitude_series__angle_get_voltage_angle_series,true,Unknown,Ybus EMT reconstruction using exact complex bus-voltage phasors when available; otherwise diagnostic fallback
3.4,0.01110330503925061,0.05495111709446082,0.01110330503925061,0.05495111709446082,0.01110330503925061,0.05495111709446082,-3.09914074913574,-0.43153954857377314,-3.1102440541749905,-0.48649066566823396,0.0,0.0,Vmag_get_voltage_magnitude_series__angle_get_voltage_angle_series,true,Unknown,Ybus EMT reconstruction using exact complex bus-voltage phasors when available; otherwise diagnostic fallback
3.41,0.011103727175726164,0.05495170296644902,0.011103727175726164,0.05495170296644902,0.011103727175726164,0.05495170296644902,-3.0991403269992643,-0.43153896270178493,-3.1102440541749905,-0.48649066566823396,0.0,0.0,Vmag_get_voltage_magnitude_series__angle_get_voltage_angle_series,true,Unknown,Ybus EMT reconstruction using exact complex bus-voltage phasors when available; otherwise diagnostic fallback
3.42,0.01110414823486483,0.054952286032382225,0.01110414823486483,0.054952286032382225,0.01110414823486483,0.054952286032382225,-3.0991399059401257,-0.43153837963585173,-3.1102440541749905,-0.48649066566823396,0.0,0.0,Vmag_get_voltage_magnitude_series__angle_get_voltage_angle_series,true,Unknown,Ybus EMT reconstruction using exact complex bus-voltage phasors when available; otherwise diagnostic fallback
3.43,0.011104566442921904,0.05495286388250198,0.011104566442921904,0.05495286388250198,0.011104566442921904,0.05495286388250198,-3.0991394877320686,-0.431537801785732,-3.1102440541749905,-0.48649066566823396,0.0,0.0,Vmag_get_voltage_magnitude_series__angle_get_voltage_angle_series,true,Unknown,Ybus EMT reconstruction using exact complex bus-voltage phasors when available; otherwise diagnostic fallback
3.44,0.011104980169863499,0.05495343425312743,0.011104980169863499,0.05495343425312743,0.011104980169863499,0.05495343425312743,-3.099139074005127,-0.4315372314151065,-3.1102440541749905,-0.48649066566823396,0.0,0.0,Vmag_get_voltage_magnitude_series__angle_get_voltage_angle_series,true,Unknown,Ybus EMT reconstruction using exact complex bus-voltage phasors when available; otherwise diagnostic fallback
3.45,0.01110538793135607,0.054953995033823255,0.01110538793135607,0.054953995033823255,0.01110538793135607,0.054953995033823255,-3.0991386662436344,-0.4315366706344107,-3.1102440541749905,-0.48649066566823396,0.0,0.0,Vmag_get_voltage_magnitude_series__angle_get_voltage_angle_series,true,Unknown,Ybus EMT reconstruction using exact complex bus-voltage phasors when available; otherwise diagnostic fallback
3.46,0.011105788391309712,0.05495454427708846,0.011105788391309712,0.05495454427708846,0.011105788391309712,0.05495454427708846,-3.099138265783681,-0.4315361213911455,-3.1102440541749905,-0.48649066566823396,0.0,0.0,Vmag_get_voltage_magnitude_series__angle_get_voltage_angle_series,true,Unknown,Ybus EMT reconstruction using exact complex bus-voltage phasors when available; otherwise diagnostic fallback
3.47,0.01110618036155131,0.054955080201558426,0.01110618036155131,0.054955080201558426,0.01110618036155131,0.054955080201558426,-3.099137873813439,-0.43153558546667553,-3.1102440541749905,-0.48649066566823396,0.0,0.0,Vmag_get_voltage_magnitude_series__angle_get_voltage_angle_series,true,Unknown,Ybus EMT reconstruction using exact complex bus-voltage phasors when available; otherwise diagnostic fallback
3.48,0.011106562801812547,0.05495560119873283,0.011106562801812547,0.05495560119873283,0.011106562801812547,0.05495560119873283,-3.099137491373178,-0.43153506446950113,-3.1102440541749905,-0.48649066566823396,0.0,0.0,Vmag_get_voltage_magnitude_series__angle_get_voltage_angle_series,true,Unknown,Ybus EMT reconstruction using exact complex bus-voltage phasors when available; otherwise diagnostic fallback
3.49,0.01110693481733982,0.05495610583388083,0.01110693481733982,0.05495610583388083,0.01110693481733982,0.05495610583388083,-3.0991371193576507,-0.4315345598343531,-3.1102440541749905,-0.48649066566823396,0.0,0.0,Vmag_get_voltage_magnitude_series__angle_get_voltage_angle_series,true,Unknown,Ybus EMT reconstruction using exact complex bus-voltage phasors when available; otherwise diagnostic fallback
3.5,0.011107295656939353,0.05495659284788995,0.011107295656939353,0.05495659284788995,0.011107295656939353,0.05495659284788995,-3.099136758518051,-0.431534072820344,-3.1102440541749905,-0.48649066566823396,0.0,0.0,Vmag_get_voltage_magnitude_series__angle_get_voltage_angle_series,true,Unknown,Ybus EMT reconstruction using exact complex bus-voltage phasors when available; otherwise diagnostic fallback
3.51,0.011107644708965747,0.05495706115810567,0.011107644708965747,0.05495706115810567,0.011107644708965747,0.05495706115810567,-3.0991364094660248,-0.4315336045101283,-3.1102440541749905,-0.48649066566823396,0.0,0.0,Vmag_get_voltage_magnitude_series__angle_get_voltage_angle_series,true,Unknown,Ybus EMT reconstruction using exact complex bus-voltage phasors when available; otherwise diagnostic fallback
3.52,0.01110798149696235,0.054957509854814846,0.01110798149696235,0.054957509854814846,0.01110798149696235,0.054957509854814846,-3.099136072678028,-0.4315331558134191,-3.1102440541749905,-0.48649066566823396,0.0,0.0,Vmag_get_voltage_magnitude_series__angle_get_voltage_angle_series,true,Unknown,Ybus EMT reconstruction using exact complex bus-voltage phasors when available; otherwise diagnostic fallback
3.53,0.011108305674882857,0.054957938201196876,0.011108305674882857,0.054957938201196876,0.011108305674882857,0.054957938201196876,-3.0991357485001076,-0.4315327274670371,-3.1102440541749905,-0.48649066566823396,0.0,0.0,Vmag_get_voltage_magnitude_series__angle_get_voltage_angle_series,true,Unknown,Ybus EMT reconstruction using exact complex bus-voltage phasors when available; otherwise diagnostic fallback
3.54,0.011108617020958444,0.054958345628225824,0.011108617020958444,0.054958345628225824,0.011108617020958444,0.054958345628225824,-3.099135437154032,-0.43153232004000813,-3.1102440541749905,-0.48649066566823396,0.0,0.0,Vmag_get_voltage_magnitude_series__angle_get_voltage_angle_series,true,Unknown,Ybus EMT reconstruction using exact complex bus-voltage phasors when available; otherwise diagnostic fallback
3.55,0.011108915431168764,0.05495873173013455,0.011108915431168764,0.05495873173013455,0.011108915431168764,0.05495873173013455,-3.0991351387438217,-0.4315319339380994,-3.1102440541749905,-0.48649066566823396,0.0,0.0,Vmag_get_voltage_magnitude_series__angle_get_voltage_angle_series,true,Unknown,Ybus EMT reconstruction using exact complex bus-voltage phasors when available; otherwise diagnostic fallback
3.56,0.011109200912873707,0.054959096259477036,0.011109200912873707,0.054959096259477036,0.011109200912873707,0.054959096259477036,-3.099134853262117,-0.4315315694087569,-3.1102440541749905,-0.48649066566823396,0.0,0.0,Vmag_get_voltage_magnitude_series__angle_get_voltage_angle_series,true,Unknown,Ybus EMT reconstruction using exact complex bus-voltage phasors when available; otherwise diagnostic fallback
3.57,0.011109473576561335,0.05495943911939599,0.011109473576561335,0.05495943911939599,0.011109473576561335,0.05495943911939599,-3.099134580598429,-0.43153122654883797,-3.1102440541749905,-0.48649066566823396,0.0,0.0,Vmag_get_voltage_magnitude_series__angle_get_voltage_angle_series,true,Unknown,Ybus EMT reconstruction using exact complex bus-voltage phasors when available; otherwise diagnostic fallback
3.58,0.011109733629174556,0.05495976035817146,0.011109733629174556,0.05495976035817146,0.011109733629174556,0.05495976035817146,-3.099134320545816,-0.4315309053100625,-3.1102440541749905,-0.48649066566823396,0.0,0.0,Vmag_get_voltage_magnitude_series__angle_get_voltage_angle_series,true,Unknown,Ybus EMT reconstruction using exact complex bus-voltage phasors when available; otherwise diagnostic fallback
3.59,0.011109981364866961,0.054960060159162716,0.011109981364866961,0.054960060159162716,0.011109981364866961,0.054960060159162716,-3.0991340728101235,-0.43153060550907124,-3.1102440541749905,-0.48649066566823396,0.0,0.0,Vmag_get_voltage_magnitude_series__angle_get_voltage_angle_series,true,Unknown,Ybus EMT reconstruction using exact complex bus-voltage phasors when available; otherwise diagnostic fallback
3.6,0.011110217157787705,0.054960338834669886,0.011110217157787705,0.054960338834669886,0.011110217157787705,0.054960338834669886,-3.099133837017203,-0.43153032683356407,-3.1102440541749905,-0.48649066566823396,0.0,0.0,Vmag_get_voltage_magnitude_series__angle_get_voltage_angle_series,true,Unknown,Ybus EMT reconstruction using exact complex bus-voltage phasors when available; otherwise diagnostic fallback
3.61,0.011110441452953701,0.05496059681476284,0.011110441452953701,0.05496059681476284,0.011110441452953701,0.05496059681476284,-3.099133612722037,-0.4315300688534711,-3.1102440541749905,-0.48649066566823396,0.0,0.0,Vmag_get_voltage_magnitude_series__angle_get_voltage_angle_series,true,Unknown,Ybus EMT reconstruction using exact complex bus-voltage phasors when available; otherwise diagnostic fallback
3.62,0.011110654758206717,0.0549608346397053,0.011110654758206717,0.0549608346397053,0.011110654758206717,0.0549608346397053,-3.099133399416784,-0.43152983102852865,-3.1102440541749905,-0.48649066566823396,0.0,0.0,Vmag_get_voltage_magnitude_series__angle_get_voltage_angle_series,true,Unknown,Ybus EMT reconstruction using exact complex bus-voltage phasors when available; otherwise diagnostic fallback
3.63,0.011110857635617144,0.05496105294959491,0.011110857635617144,0.05496105294959491,0.011110857635617144,0.05496105294959491,-3.0991331965393734,-0.43152961271863904,-3.1102440541749905,-0.48649066566823396,0.0,0.0,Vmag_get_voltage_magnitude_series__angle_get_voltage_angle_series,true,Unknown,Ybus EMT reconstruction using exact complex bus-voltage phasors when available; otherwise diagnostic fallback
3.64,0.011111050692637736,0.05496125247378891,0.011111050692637736,0.05496125247378891,0.011111050692637736,0.05496125247378891,-3.0991330034823528,-0.43152941319444504,-3.1102440541749905,-0.48649066566823396,0.0,0.0,Vmag_get_voltage_magnitude_series__angle_get_voltage_angle_series,true,Unknown,Ybus EMT reconstruction using exact complex bus-voltage phasors when available; otherwise diagnostic fallback
3.65,0.011111234574531892,0.05496143402275788,0.011111234574531892,0.05496143402275788,0.011111234574531892,0.05496143402275788,-3.0991328196004586,-0.4315292316454761,-3.1102440541749905,-0.48649066566823396,0.0,0.0,Vmag_get_voltage_magnitude_series__angle_get_voltage_angle_series,true,Unknown,Ybus EMT reconstruction using exact complex bus-voltage phasors when available; otherwise diagnostic fallback
3.66,0.011111409955690377,0.05496159847597254,0.011111409955690377,0.05496159847597254,0.011111409955690377,0.05496159847597254,-3.0991326442193,-0.4315290671922614,-3.1102440541749905,-0.48649066566823396,0.0,0.0,Vmag_get_voltage_magnitude_series__angle_get_voltage_angle_series,true,Unknown,Ybus EMT reconstruction using exact complex bus-voltage phasors when available; otherwise diagnostic fallback
3.67,0.01111157753167813,0.05496174677427529,0.01111157753167813,0.05496174677427529,0.01111157753167813,0.05496174677427529,-3.0991324766433124,-0.43152891889395867,-3.1102440541749905,-0.48649066566823396,0.0,0.0,Vmag_get_voltage_magnitude_series__angle_get_voltage_angle_series,true,Unknown,Ybus EMT reconstruction using exact complex bus-voltage phasors when available; otherwise diagnostic fallback
3.68,0.011111738012200778,0.054961879906272715,0.011111738012200778,0.054961879906272715,0.011111738012200778,0.054961879906272715,-3.0991323161627897,-0.43152878576196124,-3.1102440541749905,-0.48649066566823396,0.0,0.0,Vmag_get_voltage_magnitude_series__angle_get_voltage_angle_series,true,Unknown,Ybus EMT reconstruction using exact complex bus-voltage phasors when available; otherwise diagnostic fallback
3.69,0.011111892112963151,0.05496199890370118,0.011111892112963151,0.05496199890370118,0.011111892112963151,0.05496199890370118,-3.0991321620620274,-0.4315286667645328,-3.1102440541749905,-0.48649066566823396,0.0,0.0,Vmag_get_voltage_magnitude_series__angle_get_voltage_angle_series,true,Unknown,Ybus EMT reconstruction using exact complex bus-voltage phasors when available; otherwise diagnostic fallback
3.7,0.011112040549052793,0.054962104826963676,0.011112040549052793,0.054962104826963676,0.011112040549052793,0.054962104826963676,-3.0991320136259377,-0.4315285608412703,-3.1102440541749905,-0.48649066566823396,0.0,0.0,Vmag_get_voltage_magnitude_series__angle_get_voltage_angle_series,true,Unknown,Ybus EMT reconstruction using exact complex bus-voltage phasors when available; otherwise diagnostic fallback
3.71,0.011112184028683636,0.05496219875956343,0.011112184028683636,0.05496219875956343,0.011112184028683636,0.05496219875956343,-3.099131870146307,-0.4315284669086705,-3.1102440541749905,-0.48649066566823396,0.0,0.0,Vmag_get_voltage_magnitude_series__angle_get_voltage_angle_series,true,Unknown,Ybus EMT reconstruction using exact complex bus-voltage phasors when available; otherwise diagnostic fallback
3.72,0.011112323246611933,0.05496228179704993,0.011112323246611933,0.05496228179704993,0.011112323246611933,0.05496228179704993,-3.0991317309283786,-0.43152838387118403,-3.1102440541749905,-0.48649066566823396,0.0,0.0,Vmag_get_voltage_magnitude_series__angle_get_voltage_angle_series,true,Unknown,Ybus EMT reconstruction using exact complex bus-voltage phasors when available; otherwise diagnostic fallback
3.73,0.011112458878526077,0.05496235503948105,0.011112458878526077,0.05496235503948105,0.011112458878526077,0.05496235503948105,-3.0991315952964644,-0.4315283106287529,-3.1102440541749905,-0.48649066566823396,0.0,0.0,Vmag_get_voltage_magnitude_series__angle_get_voltage_angle_series,true,Unknown,Ybus EMT reconstruction using exact complex bus-voltage phasors when available; otherwise diagnostic fallback
3.74,0.011112591575786368,0.05496241958310999,0.011112591575786368,0.05496241958310999,0.011112591575786368,0.05496241958310999,-3.099131462599204,-0.43152824608512397,-3.1102440541749905,-0.48649066566823396,0.0,0.0,Vmag_get_voltage_magnitude_series__angle_get_voltage_angle_series,true,Unknown,Ybus EMT reconstruction using exact complex bus-voltage phasors when available; otherwise diagnostic fallback
3.75,0.011112721960739869,0.054962476513147174,0.011112721960739869,0.054962476513147174,0.011112721960739869,0.054962476513147174,-3.0991313322142506,-0.4315281891550868,-3.1102440541749905,-0.48649066566823396,0.0,0.0,Vmag_get_voltage_magnitude_series__angle_get_voltage_angle_series,true,Unknown,Ybus EMT reconstruction using exact complex bus-voltage phasors when available; otherwise diagnostic fallback
3.76,0.011112850622319037,0.0549625268951523,0.011112850622319037,0.0549625268951523,0.011112850622319037,0.0549625268951523,-3.0991312035526715,-0.43152813877308166,-3.1102440541749905,-0.48649066566823396,0.0,0.0,Vmag_get_voltage_magnitude_series__angle_get_voltage_angle_series,true,Unknown,Ybus EMT reconstruction using exact complex bus-voltage phasors when available; otherwise diagnostic fallback
3.77,0.011112978112496563,0.054962571770716395,0.011112978112496563,0.054962571770716395,0.011112978112496563,0.054962571770716395,-3.099131076062494,-0.43152809389751756,-3.1102440541749905,-0.48649066566823396,0.0,0.0,Vmag_get_voltage_magnitude_series__angle_get_voltage_angle_series,true,Unknown,Ybus EMT reconstruction using exact complex bus-voltage phasors when available; otherwise diagnostic fallback
3.78,0.011113104942556351,0.05496261214943127,0.011113104942556351,0.05496261214943127,0.011113104942556351,0.05496261214943127,-3.099130949232434,-0.4315280535188027,-3.1102440541749905,-0.48649066566823396,0.0,0.0,Vmag_get_voltage_magnitude_series__angle_get_voltage_angle_series,true,Unknown,Ybus EMT reconstruction using exact complex bus-voltage phasors when available; otherwise diagnostic fallback
3.79,0.011113231580873961,0.054962649004880015,0.011113231580873961,0.054962649004880015,0.011113231580873961,0.054962649004880015,-3.0991308225941165,-0.43152801666335394,-3.1102440541749905,-0.48649066566823396,0.0,0.0,Vmag_get_voltage_magnitude_series__angle_get_voltage_angle_series,true,Unknown,Ybus EMT reconstruction using exact complex bus-voltage phasors when available; otherwise diagnostic fallback
3.8,0.011113358450124178,0.05496268326786813,0.011113358450124178,0.05496268326786813,0.011113358450124178,0.05496268326786813,-3.0991306957248663,-0.43152798240036583,-3.1102440541749905,-0.48649066566823396,0.0,0.0,Vmag_get_voltage_magnitude_series__angle_get_voltage_angle_series,true,Unknown,Ybus EMT reconstruction using exact complex bus-voltage phasors when available; otherwise diagnostic fallback
3.81,0.01111348592587813,0.05496271582477291,0.01111348592587813,0.05496271582477291,0.01111348592587813,0.05496271582477291,-3.0991305682491124,-0.43152794984346105,-3.1102440541749905,-0.48649066566823396,0.0,0.0,Vmag_get_voltage_magnitude_series__angle_get_voltage_angle_series,true,Unknown,Ybus EMT reconstruction using exact complex bus-voltage phasors when available; otherwise diagnostic fallback
3.82,0.011113614334988586,0.05496274751036356,0.011113614334988586,0.05496274751036356,0.011113614334988586,0.05496274751036356,-3.099130439840002,-0.4315279181578704,-3.1102440541749905,-0.48649066566823396,0.0,0.0,Vmag_get_voltage_magnitude_series__angle_get_voltage_angle_series,true,Unknown,Ybus EMT reconstruction using exact complex bus-voltage phasors when available; otherwise diagnostic fallback
3.83,0.01111374395490694,0.05496277910697145,0.01111374395490694,0.05496277910697145,0.01111374395490694,0.05496277910697145,-3.0991303102200836,-0.4315278865612625,-3.1102440541749905,-0.48649066566823396,0.0,0.0,Vmag_get_voltage_magnitude_series__angle_get_voltage_angle_series,true,Unknown,Ybus EMT reconstruction using exact complex bus-voltage phasors when available; otherwise diagnostic fallback
3.84,0.011113875013158747,0.054962811341835116,0.011113875013158747,0.054962811341835116,0.011113875013158747,0.054962811341835116,-3.0991301791618318,-0.43152785432639884,-3.1102440541749905,-0.48649066566823396,0.0,0.0,Vmag_get_voltage_magnitude_series__angle_get_voltage_angle_series,true,Unknown,Ybus EMT reconstruction using exact complex bus-voltage phasors when available; otherwise diagnostic fallback
3.85,0.01111400768744275,0.05496284488321035,0.01111400768744275,0.05496284488321035,0.01111400768744275,0.05496284488321035,-3.0991300464875478,-0.4315278207850236,-3.1102440541749905,-0.48649066566823396,0.0,0.0,Vmag_get_voltage_magnitude_series__angle_get_voltage_angle_series,true,Unknown,Ybus EMT reconstruction using exact complex bus-voltage phasors when available; otherwise diagnostic fallback
3.86,0.011114142105897784,0.05496288033982072,0.011114142105897784,0.05496288033982072,0.011114142105897784,0.05496288033982072,-3.0991299120690927,-0.43152778532841324,-3.1102440541749905,-0.48649066566823396,0.0,0.0,Vmag_get_voltage_magnitude_series__angle_get_voltage_angle_series,true,Unknown,Ybus EMT reconstruction using exact complex bus-voltage phasors when available; otherwise diagnostic fallback
3.87,0.011114278348002049,0.05496291825995603,0.011114278348002049,0.05496291825995603,0.011114278348002049,0.05496291825995603,-3.0991297758269885,-0.43152774740827793,-3.1102440541749905,-0.48649066566823396,0.0,0.0,Vmag_get_voltage_magnitude_series__angle_get_voltage_angle_series,true,Unknown,Ybus EMT reconstruction using exact complex bus-voltage phasors when available; otherwise diagnostic fallback
3.88,0.01111441644571487,0.054962959130749,0.01111441644571487,0.054962959130749,0.01111441644571487,0.054962959130749,-3.0991296377292756,-0.43152770653748496,-3.1102440541749905,-0.48649066566823396,0.0,0.0,Vmag_get_voltage_magnitude_series__angle_get_voltage_angle_series,true,Unknown,Ybus EMT reconstruction using exact complex bus-voltage phasors when available; otherwise diagnostic fallback
3.89,0.011114556384723251,0.0549630033778164,0.011114556384723251,0.0549630033778164,0.011114556384723251,0.0549630033778164,-3.0991294977902673,-0.43152766229041756,-3.1102440541749905,-0.48649066566823396,0.0,0.0,Vmag_get_voltage_magnitude_series__angle_get_voltage_angle_series,true,Unknown,Ybus EMT reconstruction using exact complex bus-voltage phasors when available; otherwise diagnostic fallback
3.9,0.011114698106493126,0.05496305136600066,0.011114698106493126,0.05496305136600066,0.011114698106493126,0.05496305136600066,-3.0991293560684974,-0.4315276143022333,-3.1102440541749905,-0.48649066566823396,0.0,0.0,Vmag_get_voltage_magnitude_series__angle_get_voltage_angle_series,true,Unknown,Ybus EMT reconstruction using exact complex bus-voltage phasors when available; otherwise diagnostic fallback
3.91,0.011114841510007523,0.0549631033990553,0.011114841510007523,0.0549631033990553,0.011114841510007523,0.0549631033990553,-3.099129212664983,-0.43152756226917866,-3.1102440541749905,-0.48649066566823396,0.0,0.0,Vmag_get_voltage_magnitude_series__angle_get_voltage_angle_series,true,Unknown,Ybus EMT reconstruction using exact complex bus-voltage phasors when available; otherwise diagnostic fallback
3.92,0.011114986454113573,0.054963159722224375,0.011114986454113573,0.054963159722224375,0.011114986454113573,0.054963159722224375,-3.099129067720877,-0.4315275059460096,-3.1102440541749905,-0.48649066566823396,0.0,0.0,Vmag_get_voltage_magnitude_series__angle_get_voltage_angle_series,true,Unknown,Ybus EMT reconstruction using exact complex bus-voltage phasors when available; otherwise diagnostic fallback
3.93,0.011115132760183943,0.05496322052257113,0.011115132760183943,0.05496322052257113,0.011115132760183943,0.05496322052257113,-3.0991289214148066,-0.4315274451456628,-3.1102440541749905,-0.48649066566823396,0.0,0.0,Vmag_get_voltage_magnitude_series__angle_get_voltage_angle_series,true,Unknown,Ybus EMT reconstruction using exact complex bus-voltage phasors when available; otherwise diagnostic fallback
3.94,0.011115280214335499,0.054963285932499106,0.011115280214335499,0.054963285932499106,0.011115280214335499,0.054963285932499106,-3.099128773960655,-0.43152737973573485,-3.1102440541749905,-0.48649066566823396,0.0,0.0,Vmag_get_voltage_magnitude_series__angle_get_voltage_angle_series,true,Unknown,Ybus EMT reconstruction using exact complex bus-voltage phasors when available; otherwise diagnostic fallback
3.95,0.011115428570658281,0.05496335602922209,0.011115428570658281,0.05496335602922209,0.011115428570658281,0.05496335602922209,-3.099128625604332,-0.43152730963901187,-3.1102440541749905,-0.48649066566823396,0.0,0.0,Vmag_get_voltage_magnitude_series__angle_get_voltage_angle_series,true,Unknown,Ybus EMT reconstruction using exact complex bus-voltage phasors when available; otherwise diagnostic fallback
3.96,0.011115577553661993,0.054963430839583216,0.011115577553661993,0.054963430839583216,0.011115577553661993,0.054963430839583216,-3.0991284766213285,-0.43152723482865074,-3.1102440541749905,-0.48649066566823396,0.0,0.0,Vmag_get_voltage_magnitude_series__angle_get_voltage_angle_series,true,Unknown,Ybus EMT reconstruction using exact complex bus-voltage phasors when available; otherwise diagnostic fallback
3.97,0.011115726861729236,0.054963510341719535,0.011115726861729236,0.054963510341719535,0.011115726861729236,0.054963510341719535,-3.0991283273132613,-0.4315271553265144,-3.1102440541749905,-0.48649066566823396,0.0,0.0,Vmag_get_voltage_magnitude_series__angle_get_voltage_angle_series,true,Unknown,Ybus EMT reconstruction using exact complex bus-voltage phasors when available; otherwise diagnostic fallback
3.98,0.011115876169860428,0.054963594467255295,0.011115876169860428,0.054963594467255295,0.011115876169860428,0.054963594467255295,-3.09912817800513,-0.43152707120097866,-3.1102440541749905,-0.48649066566823396,0.0,0.0,Vmag_get_voltage_magnitude_series__angle_get_voltage_angle_series,true,Unknown,Ybus EMT reconstruction using exact complex bus-voltage phasors when available; otherwise diagnostic fallback
3.99,0.011116025132854368,0.05496368310684624,0.011116025132854368,0.05496368310684624,0.011116025132854368,0.05496368310684624,-3.099128029042136,-0.4315269825613877,-3.1102440541749905,-0.48649066566823396,0.0,0.0,Vmag_get_voltage_magnitude_series__angle_get_voltage_angle_series,true,Unknown,Ybus EMT reconstruction using exact complex bus-voltage phasors when available; otherwise diagnostic fallback
4.0,0.011116173388448392,0.054963776110315166,0.011116173388448392,0.054963776110315166,0.011116173388448392,0.054963776110315166,-3.099127880786542,-0.4315268895579188,-3.1102440541749905,-0.48649066566823396,0.0,0.0,Vmag_get_voltage_magnitude_series__angle_get_voltage_angle_series,true,Unknown,Ybus EMT reconstruction using exact complex bus-voltage phasors when available; otherwise diagnostic fallback
4.01,0.011116320560170312,0.05496387329103419,0.011116320560170312,0.05496387329103419,0.011116320560170312,0.05496387329103419,-3.09912773361482,-0.43152679237719976,-3.1102440541749905,-0.48649066566823396,0.0,0.0,Vmag_get_voltage_magnitude_series__angle_get_voltage_angle_series,true,Unknown,Ybus EMT reconstruction using exact complex bus-voltage phasors when available; otherwise diagnostic fallback
4.02,0.011116466260890245,0.054963974430699725,0.011116466260890245,0.054963974430699725,0.011116466260890245,0.054963974430699725,-3.0991275879141003,-0.43152669123753423,-3.1102440541749905,-0.48649066566823396,0.0,0.0,Vmag_get_voltage_magnitude_series__angle_get_voltage_angle_series,true,Unknown,Ybus EMT reconstruction using exact complex bus-voltage phasors when available; otherwise diagnostic fallback
4.03,0.011116610095302182,0.054964079280536815,0.011116610095302182,0.054964079280536815,0.011116610095302182,0.054964079280536815,-3.0991274440796883,-0.43152658638769714,-3.1102440541749905,-0.48649066566823396,0.0,0.0,Vmag_get_voltage_magnitude_series__angle_get_voltage_angle_series,true,Unknown,Ybus EMT reconstruction using exact complex bus-voltage phasors when available; otherwise diagnostic fallback
4.04,0.0111167516630295,0.054964187566124034,0.0111167516630295,0.054964187566124034,0.0111167516630295,0.054964187566124034,-3.099127302511961,-0.4315264781021099,-3.1102440541749905,-0.48649066566823396,0.0,0.0,Vmag_get_voltage_magnitude_series__angle_get_voltage_angle_series,true,Unknown,Ybus EMT reconstruction using exact complex bus-voltage phasors when available; otherwise diagnostic fallback
4.05,0.011116890561454706,0.05496429899068683,0.011116890561454706,0.05496429899068683,0.011116890561454706,0.05496429899068683,-3.099127163613536,-0.4315263666775471,-3.1102440541749905,-0.48649066566823396,0.0,0.0,Vmag_get_voltage_magnitude_series__angle_get_voltage_angle_series,true,Unknown,Ybus EMT reconstruction using exact complex bus-voltage phasors when available; otherwise diagnostic fallback
4.06,0.011117026388449691,0.05496441323849682,0.011117026388449691,0.05496441323849682,0.011117026388449691,0.05496441323849682,-3.099127027786541,-0.43152625242973713,-3.1102440541749905,-0.48649066566823396,0.0,0.0,Vmag_get_voltage_magnitude_series__angle_get_voltage_angle_series,true,Unknown,Ybus EMT reconstruction using exact complex bus-voltage phasors when available; otherwise diagnostic fallback
4.07,0.011117158744922584,0.054964529977940435,0.011117158744922584,0.054964529977940435,0.011117158744922584,0.054964529977940435,-3.099126895430068,-0.4315261356902935,-3.1102440541749905,-0.48649066566823396,0.0,0.0,Vmag_get_voltage_magnitude_series__angle_get_voltage_angle_series,true,Unknown,Ybus EMT reconstruction using exact complex bus-voltage phasors when available; otherwise diagnostic fallback
4.08,0.011117287237122575,0.05496464886459079,0.011117287237122575,0.05496464886459079,0.011117287237122575,0.05496464886459079,-3.099126766937868,-0.43152601680364316,-3.1102440541749905,-0.48649066566823396,0.0,0.0,Vmag_get_voltage_magnitude_series__angle_get_voltage_angle_series,true,Unknown,Ybus EMT reconstruction using exact complex bus-voltage phasors when available; otherwise diagnostic fallback
4.09,0.011117411479084183,0.05496476954504809,0.011117411479084183,0.05496476954504809,0.011117411479084183,0.05496476954504809,-3.0991266426959063,-0.43152589612318587,-3.1102440541749905,-0.48649066566823396,0.0,0.0,Vmag_get_voltage_magnitude_series__angle_get_voltage_angle_series,true,Unknown,Ybus EMT reconstruction using exact complex bus-voltage phasors when available; otherwise diagnostic fallback
4.1,0.011117531094742006,0.054964891661293536,0.011117531094742006,0.054964891661293536,0.011117531094742006,0.054964891661293536,-3.0991265230802485,-0.4315257740069404,-3.1102440541749905,-0.48649066566823396,0.0,0.0,Vmag_get_voltage_magnitude_series__angle_get_voltage_angle_series,true,Unknown,Ybus EMT reconstruction using exact complex bus-voltage phasors when available; otherwise diagnostic fallback
4.11,0.011117645719713742,0.05496501484962668,0.011117645719713742,0.05496501484962668,0.011117645719713742,0.05496501484962668,-3.0991264084552768,-0.4315256508186073,-3.1102440541749905,-0.48649066566823396,0.0,0.0,Vmag_get_voltage_magnitude_series__angle_get_voltage_angle_series,true,Unknown,Ybus EMT reconstruction using exact complex bus-voltage phasors when available; otherwise diagnostic fallback
4.12,0.011117755003224428,0.05496513874845249,0.011117755003224428,0.05496513874845249,0.011117755003224428,0.05496513874845249,-3.099126299171766,-0.43152552691978147,-3.1102440541749905,-0.48649066566823396,0.0,0.0,Vmag_get_voltage_magnitude_series__angle_get_voltage_angle_series,true,Unknown,Ybus EMT reconstruction using exact complex bus-voltage phasors when available; otherwise diagnostic fallback
4.13,0.011117858609654974,0.0549652629971239,0.011117858609654974,0.0549652629971239,0.011117858609654974,0.0549652629971239,-3.0991261955653355,-0.43152540267111006,-3.1102440541749905,-0.48649066566823396,0.0,0.0,Vmag_get_voltage_magnitude_series__angle_get_voltage_angle_series,true,Unknown,Ybus EMT reconstruction using exact complex bus-voltage phasors when available; otherwise diagnostic fallback
4.14,0.011117956219913516,0.054965387240959784,0.011117956219913516,0.054965387240959784,0.011117956219913516,0.054965387240959784,-3.099126097955077,-0.4315252784272742,-3.1102440541749905,-0.48649066566823396,0.0,0.0,Vmag_get_voltage_magnitude_series__angle_get_voltage_angle_series,true,Unknown,Ybus EMT reconstruction using exact complex bus-voltage phasors when available; otherwise diagnostic fallback
4.15,0.011118047532690856,0.054965511131961575,0.011118047532690856,0.054965511131961575,0.011118047532690856,0.054965511131961575,-3.0991260066422996,-0.4315251545362724,-3.1102440541749905,-0.48649066566823396,0.0,0.0,Vmag_get_voltage_magnitude_series__angle_get_voltage_angle_series,true,Unknown,Ybus EMT reconstruction using exact complex bus-voltage phasors when available; otherwise diagnostic fallback
4.16,0.011118132265517833,0.05496563433257873,0.011118132265517833,0.05496563433257873,0.011118132265517833,0.05496563433257873,-3.0991259219094727,-0.43152503133565523,-3.1102440541749905,-0.48649066566823396,0.0,0.0,Vmag_get_voltage_magnitude_series__angle_get_voltage_angle_series,true,Unknown,Ybus EMT reconstruction using exact complex bus-voltage phasors when available; otherwise diagnostic fallback
4.17,0.011118210155579789,0.05496575651597707,0.011118210155579789,0.05496575651597707,0.011118210155579789,0.05496575651597707,-3.0991258440194107,-0.4315249091522569,-3.1102440541749905,-0.48649066566823396,0.0,0.0,Vmag_get_voltage_magnitude_series__angle_get_voltage_angle_series,true,Unknown,Ybus EMT reconstruction using exact complex bus-voltage phasors when available; otherwise diagnostic fallback
4.18,0.011118280960414673,0.054965877368997884,0.011118280960414673,0.054965877368997884,0.011118280960414673,0.054965877368997884,-3.099125773214576,-0.4315247882992361,-3.1102440541749905,-0.48649066566823396,0.0,0.0,Vmag_get_voltage_magnitude_series__angle_get_voltage_angle_series,true,Unknown,Ybus EMT reconstruction using exact complex bus-voltage phasors when available; otherwise diagnostic fallback
4.19,0.011118344458411755,0.05496599659358853,0.011118344458411755,0.05496599659358853,0.011118344458411755,0.05496599659358853,-3.0991257097165787,-0.43152466907464543,-3.1102440541749905,-0.48649066566823396,0.0,0.0,Vmag_get_voltage_magnitude_series__angle_get_voltage_angle_series,true,Unknown,Ybus EMT reconstruction using exact complex bus-voltage phasors when available; otherwise diagnostic fallback
4.2,0.01111840044918111,0.0549661139075589,0.01111840044918111,0.0549661139075589,0.01111840044918111,0.0549661139075589,-3.0991256537258094,-0.43152455176067506,-3.1102440541749905,-0.48649066566823396,0.0,0.0,Vmag_get_voltage_magnitude_series__angle_get_voltage_angle_series,true,Unknown,Ybus EMT reconstruction using exact complex bus-voltage phasors when available; otherwise diagnostic fallback
4.21,0.011118448753657972,0.05496622904731746,0.011118448753657972,0.05496622904731746,0.011118448753657972,0.05496622904731746,-3.0991256054213325,-0.4315244366209165,-3.1102440541749905,-0.48649066566823396,0.0,0.0,Vmag_get_voltage_magnitude_series__angle_get_voltage_angle_series,true,Unknown,Ybus EMT reconstruction using exact complex bus-voltage phasors when available; otherwise diagnostic fallback
4.22,0.011118489214091198,0.054966341766742144,0.011118489214091198,0.054966341766742144,0.011118489214091198,0.054966341766742144,-3.0991255649608993,-0.4315243239014918,-3.1102440541749905,-0.48649066566823396,0.0,0.0,Vmag_get_voltage_magnitude_series__angle_get_voltage_angle_series,true,Unknown,Ybus EMT reconstruction using exact complex bus-voltage phasors when available; otherwise diagnostic fallback
4.23,0.011118521694140515,0.054966451840069375,0.011118521694140515,0.054966451840069375,0.011118521694140515,0.054966451840069375,-3.09912553248085,-0.4315242138281646,-3.1102440541749905,-0.48649066566823396,0.0,0.0,Vmag_get_voltage_magnitude_series__angle_get_voltage_angle_series,true,Unknown,Ybus EMT reconstruction using exact complex bus-voltage phasors when available; otherwise diagnostic fallback
4.24,0.011118546078228597,0.054966559061795095,0.011118546078228597,0.054966559061795095,0.011118546078228597,0.054966559061795095,-3.099125508096762,-0.43152410660643886,-3.1102440541749905,-0.48649066566823396,0.0,0.0,Vmag_get_voltage_magnitude_series__angle_get_voltage_angle_series,true,Unknown,Ybus EMT reconstruction using exact complex bus-voltage phasors when available; otherwise diagnostic fallback
4.25,0.011118562271459353,0.05496666324643018,0.011118562271459353,0.05496666324643018,0.011118562271459353,0.05496666324643018,-3.099125491903531,-0.4315240024218038,-3.1102440541749905,-0.48649066566823396,0.0,0.0,Vmag_get_voltage_magnitude_series__angle_get_voltage_angle_series,true,Unknown,Ybus EMT reconstruction using exact complex bus-voltage phasors when available; otherwise diagnostic fallback
4.26,0.011118570198918043,0.0549667642295848,0.011118570198918043,0.0549667642295848,0.011118570198918043,0.0549667642295848,-3.0991254839760725,-0.43152390143864916,-3.1102440541749905,-0.48649066566823396,0.0,0.0,Vmag_get_voltage_magnitude_series__angle_get_voltage_angle_series,true,Unknown,Ybus EMT reconstruction using exact complex bus-voltage phasors when available; otherwise diagnostic fallback
4.27,0.01111856980519299,0.054966861868440686,0.01111856980519299,0.054966861868440686,0.01111856980519299,0.054966861868440686,-3.0991254843697975,-0.43152380379979327,-3.1102440541749905,-0.48649066566823396,0.0,0.0,Vmag_get_voltage_magnitude_series__angle_get_voltage_angle_series,true,Unknown,Ybus EMT reconstruction using exact complex bus-voltage phasors when available; otherwise diagnostic fallback
4.28,0.011118561053436338,0.05496695604088536,0.011118561053436338,0.05496695604088536,0.011118561053436338,0.05496695604088536,-3.099125493121554,-0.4315237096273486,-3.1102440541749905,-0.48649066566823396,0.0,0.0,Vmag_get_voltage_magnitude_series__angle_get_voltage_angle_series,true,Unknown,Ybus EMT reconstruction using exact complex bus-voltage phasors when available; otherwise diagnostic fallback
4.29,0.011118543924651725,0.0549670466461063,0.011118543924651725,0.0549670466461063,0.011118543924651725,0.0549670466461063,-3.0991255102503388,-0.43152361902212766,-3.1102440541749905,-0.48649066566823396,0.0,0.0,Vmag_get_voltage_magnitude_series__angle_get_voltage_angle_series,true,Unknown,Ybus EMT reconstruction using exact complex bus-voltage phasors when available; otherwise diagnostic fallback
4.3,0.01111851841694289,0.05496713360320121,0.01111851841694289,0.05496713360320121,0.01111851841694289,0.05496713360320121,-3.0991255357580476,-0.43152353206503274,-3.1102440541749905,-0.48649066566823396,0.0,0.0,Vmag_get_voltage_magnitude_series__angle_get_voltage_angle_series,true,Unknown,Ybus EMT reconstruction using exact complex bus-voltage phasors when available; otherwise diagnostic fallback
4.31,0.011118484544238694,0.054967216852486234,0.011118484544238694,0.054967216852486234,0.011118484544238694,0.054967216852486234,-3.099125569630752,-0.4315234488157477,-3.1102440541749905,-0.48649066566823396,0.0,0.0,Vmag_get_voltage_magnitude_series__angle_get_voltage_angle_series,true,Unknown,Ybus EMT reconstruction using exact complex bus-voltage phasors when available; otherwise diagnostic fallback
4.32,0.011118442335470657,0.05496729635307318,0.011118442335470657,0.05496729635307318,0.011118442335470657,0.05496729635307318,-3.09912561183952,-0.4315233693151608,-3.1102440541749905,-0.48649066566823396,0.0,0.0,Vmag_get_voltage_magnitude_series__angle_get_voltage_angle_series,true,Unknown,Ybus EMT reconstruction using exact complex bus-voltage phasors when available; otherwise diagnostic fallback
4.33,0.011118391833575547,0.054967372083497446,0.011118391833575547,0.054967372083497446,0.011118391833575547,0.054967372083497446,-3.099125662341415,-0.4315232935847365,-3.1102440541749905,-0.48649066566823396,0.0,0.0,Vmag_get_voltage_magnitude_series__angle_get_voltage_angle_series,true,Unknown,Ybus EMT reconstruction using exact complex bus-voltage phasors when available; otherwise diagnostic fallback
4.34,0.011118333094231492,0.05496744404075593,0.011118333094231492,0.05496744404075593,0.011118333094231492,0.05496744404075593,-3.099125721080759,-0.431523221627478,-3.1102440541749905,-0.48649066566823396,0.0,0.0,Vmag_get_voltage_magnitude_series__angle_get_voltage_angle_series,true,Unknown,Ybus EMT reconstruction using exact complex bus-voltage phasors when available; otherwise diagnostic fallback
4.35,0.011118266184781067,0.05496751223874097,0.011118266184781067,0.05496751223874097,0.011118266184781067,0.05496751223874097,-3.0991257879902094,-0.431523153429493,-3.1102440541749905,-0.48649066566823396,0.0,0.0,Vmag_get_voltage_magnitude_series__angle_get_voltage_angle_series,true,Unknown,Ybus EMT reconstruction using exact complex bus-voltage phasors when available; otherwise diagnostic fallback
4.36,0.011118191183053128,0.0549675767077194,0.011118191183053128,0.0549675767077194,0.011118191183053128,0.0549675767077194,-3.0991258629919374,-0.43152308896051456,-3.1102440541749905,-0.48649066566823396,0.0,0.0,Vmag_get_voltage_magnitude_series__angle_get_voltage_angle_series,true,Unknown,Ybus EMT reconstruction using exact complex bus-voltage phasors when available; otherwise diagnostic fallback
4.37,0.011118108176459529,0.0549676374943302,0.011118108176459529,0.0549676374943302,0.011118108176459529,0.0549676374943302,-3.099125945998531,-0.43152302817390376,-3.1102440541749905,-0.48649066566823396,0.0,0.0,Vmag_get_voltage_magnitude_series__angle_get_voltage_angle_series,true,Unknown,Ybus EMT reconstruction using exact complex bus-voltage phasors when available; otherwise diagnostic fallback
4.38,0.011118017260423496,0.05496769465914614,0.011118017260423496,0.05496769465914614,0.011118017260423496,0.05496769465914614,-3.099126036914567,-0.4315229710090878,-3.1102440541749905,-0.48649066566823396,0.0,0.0,Vmag_get_voltage_magnitude_series__angle_get_voltage_angle_series,true,Unknown,Ybus EMT reconstruction using exact complex bus-voltage phasors when available; otherwise diagnostic fallback
4.39,0.011117918537614013,0.05496774827543688,0.011117918537614013,0.05496774827543688,0.011117918537614013,0.05496774827543688,-3.0991261356373765,-0.4315229173927971,-3.1102440541749905,-0.48649066566823396,0.0,0.0,Vmag_get_voltage_magnitude_series__angle_get_voltage_angle_series,true,Unknown,Ybus EMT reconstruction using exact complex bus-voltage phasors when available; otherwise diagnostic fallback
4.4,0.01111781211669749,0.054967798429628956,0.01111781211669749,0.054967798429628956,0.01111781211669749,0.054967798429628956,-3.099126242058293,-0.431522867238605,-3.1102440541749905,-0.48649066566823396,0.0,0.0,Vmag_get_voltage_magnitude_series__angle_get_voltage_angle_series,true,Unknown,Ybus EMT reconstruction using exact complex bus-voltage phasors when available; otherwise diagnostic fallback
4.41,0.011117698111222207,0.05496784521896081,0.011117698111222207,0.05496784521896081,0.011117698111222207,0.05496784521896081,-3.0991263560637683,-0.43152282044927315,-3.1102440541749905,-0.48649066566823396,0.0,0.0,Vmag_get_voltage_magnitude_series__angle_get_voltage_angle_series,true,Unknown,Ybus EMT reconstruction using exact complex bus-voltage phasors when available; otherwise diagnostic fallback
4.42,0.011117576638639992,0.054967888749868576,0.011117576638639992,0.054967888749868576,0.011117576638639992,0.054967888749868576,-3.0991264775363505,-0.4315227769183654,-3.1102440541749905,-0.48649066566823396,0.0,0.0,Vmag_get_voltage_magnitude_series__angle_get_voltage_angle_series,true,Unknown,Ybus EMT reconstruction using exact complex bus-voltage phasors when available; otherwise diagnostic fallback
4.43,0.011117447819184445,0.05496792913909804,0.011117447819184445,0.05496792913909804,0.011117447819184445,0.05496792913909804,-3.099126606355806,-0.4315227365291359,-3.1102440541749905,-0.48649066566823396,0.0,0.0,Vmag_get_voltage_magnitude_series__angle_get_voltage_angle_series,true,Unknown,Ybus EMT reconstruction using exact complex bus-voltage phasors when available; otherwise diagnostic fallback
4.44,0.01111731177504538,0.05496796650932889,0.01111731177504538,0.05496796650932889,0.01111731177504538,0.05496796650932889,-3.099126742399945,-0.43152269915890507,-3.1102440541749905,-0.48649066566823396,0.0,0.0,Vmag_get_voltage_magnitude_series__angle_get_voltage_angle_series,true,Unknown,Ybus EMT reconstruction using exact complex bus-voltage phasors when available; otherwise diagnostic fallback
4.45,0.01111716862924883,0.05496800099028559,0.01111716862924883,0.05496800099028559,0.01111716862924883,0.05496800099028559,-3.0991268855457417,-0.43152266467794836,-3.1102440541749905,-0.48649066566823396,0.0,0.0,Vmag_get_voltage_magnitude_series__angle_get_voltage_angle_series,true,Unknown,Ybus EMT reconstruction using exact complex bus-voltage phasors when available; otherwise diagnostic fallback
4.46,0.011117018505090837,0.054968032716940396,0.011117018505090837,0.054968032716940396,0.011117018505090837,0.054968032716940396,-3.0991270356698997,-0.43152263295129356,-3.1102440541749905,-0.48649066566823396,0.0,0.0,Vmag_get_voltage_magnitude_series__angle_get_voltage_angle_series,true,Unknown,Ybus EMT reconstruction using exact complex bus-voltage phasors when available; otherwise diagnostic fallback
4.47,0.011116861524923749,0.0549680618285483,0.011116861524923749,0.0549680618285483,0.011116861524923749,0.0549680618285483,-3.0991271926500668,-0.43152260383968566,-3.1102440541749905,-0.48649066566823396,0.0,0.0,Vmag_get_voltage_magnitude_series__angle_get_voltage_angle_series,true,Unknown,Ybus EMT reconstruction using exact complex bus-voltage phasors when available; otherwise diagnostic fallback
4.48,0.011116697809779197,0.054968088466577025,0.011116697809779197,0.054968088466577025,0.011116697809779197,0.054968088466577025,-3.0991273563652113,-0.43152257720165693,-3.1102440541749905,-0.48649066566823396,0.0,0.0,Vmag_get_voltage_magnitude_series__angle_get_voltage_angle_series,true,Unknown,Ybus EMT reconstruction using exact complex bus-voltage phasors when available; otherwise diagnostic fallback
4.49,0.011116527478476357,0.05496811277550223,0.011116527478476357,0.05496811277550223,0.011116527478476357,0.05496811277550223,-3.099127526696514,-0.4315225528927317,-3.1102440541749905,-0.48649066566823396,0.0,0.0,Vmag_get_voltage_magnitude_series__angle_get_voltage_angle_series,true,Unknown,Ybus EMT reconstruction using exact complex bus-voltage phasors when available; otherwise diagnostic fallback
4.5,0.011116350647019768,0.05496813490018121,0.011116350647019768,0.05496813490018121,0.011116350647019768,0.05496813490018121,-3.0991277035279707,-0.43152253076805275,-3.1102440541749905,-0.48649066566823396,0.0,0.0,Vmag_get_voltage_magnitude_series__angle_get_voltage_angle_series,true,Unknown,Ybus EMT reconstruction using exact complex bus-voltage phasors when available; otherwise diagnostic fallback
4.51,0.011116167428079304,0.05496815498503799,0.011116167428079304,0.05496815498503799,0.011116167428079304,0.05496815498503799,-3.099127886746911,-0.43152251068319597,-3.1102440541749905,-0.48649066566823396,0.0,0.0,Vmag_get_voltage_magnitude_series__angle_get_voltage_angle_series,true,Unknown,Ybus EMT reconstruction using exact complex bus-voltage phasors when available; otherwise diagnostic fallback
4.52,0.011115977930500787,0.05496817317421082,0.011115977930500787,0.05496817317421082,0.011115977930500787,0.05496817317421082,-3.0991280762444897,-0.43152249249402314,-3.1102440541749905,-0.48649066566823396,0.0,0.0,Vmag_get_voltage_magnitude_series__angle_get_voltage_angle_series,true,Unknown,Ybus EMT reconstruction using exact complex bus-voltage phasors when available; otherwise diagnostic fallback
4.53,0.011115782258765528,0.05496818961018163,0.011115782258765528,0.05496818961018163,0.011115782258765528,0.05496818961018163,-3.099128271916225,-0.43152247605805233,-3.1102440541749905,-0.48649066566823396,0.0,0.0,Vmag_get_voltage_magnitude_series__angle_get_voltage_angle_series,true,Unknown,Ybus EMT reconstruction using exact complex bus-voltage phasors when available; otherwise diagnostic fallback
4.54,0.011115580512796264,0.054968204432260304,0.011115580512796264,0.054968204432260304,0.011115580512796264,0.054968204432260304,-3.0991284736621942,-0.43152246123597365,-3.1102440541749905,-0.48649066566823396,0.0,0.0,Vmag_get_voltage_magnitude_series__angle_get_voltage_angle_series,true,Unknown,Ybus EMT reconstruction using exact complex bus-voltage phasors when available; otherwise diagnostic fallback
4.55,0.011115372787490418,0.054968217776302175,0.011115372787490418,0.054968217776302175,0.011115372787490418,0.054968217776302175,-3.0991286813875,-0.4315224478919318,-3.1102440541749905,-0.48649066566823396,0.0,0.0,Vmag_get_voltage_magnitude_series__angle_get_voltage_angle_series,true,Unknown,Ybus EMT reconstruction using exact complex bus-voltage phasors when available; otherwise diagnostic fallback
4.56,0.011115159172606415,0.054968229774556565,0.011115159172606415,0.054968229774556565,0.011115159172606415,0.054968229774556565,-3.099128895002384,-0.4315224358936774,-3.1102440541749905,-0.48649066566823396,0.0,0.0,Vmag_get_voltage_magnitude_series__angle_get_voltage_angle_series,true,Unknown,Ybus EMT reconstruction using exact complex bus-voltage phasors when available; otherwise diagnostic fallback
4.57,0.011114939752489228,0.05496824055463617,0.011114939752489228,0.05496824055463617,0.011114939752489228,0.05496824055463617,-3.0991291144225013,-0.4315224251135978,-3.1102440541749905,-0.48649066566823396,0.0,0.0,Vmag_get_voltage_magnitude_series__angle_get_voltage_angle_series,true,Unknown,Ybus EMT reconstruction using exact complex bus-voltage phasors when available; otherwise diagnostic fallback
4.58,0.01111471460591451,0.05496825023816876,0.01111471460591451,0.05496825023816876,0.01111471460591451,0.05496825023816876,-3.099129339569076,-0.4315224154300652,-3.1102440541749905,-0.48649066566823396,0.0,0.0,Vmag_get_voltage_magnitude_series__angle_get_voltage_angle_series,true,Unknown,Ybus EMT reconstruction using exact complex bus-voltage phasors when available; otherwise diagnostic fallback
4.59,0.011114483806220488,0.05496825894279489,0.011114483806220488,0.05496825894279489,0.011114483806220488,0.05496825894279489,-3.09912957036877,-0.43152240672543907,-3.1102440541749905,-0.48649066566823396,0.0,0.0,Vmag_get_voltage_magnitude_series__angle_get_voltage_angle_series,true,Unknown,Ybus EMT reconstruction using exact complex bus-voltage phasors when available; otherwise diagnostic fallback
4.6,0.011114247421119217,0.05496826677793015,0.011114247421119217,0.05496826677793015,0.011114247421119217,0.05496826677793015,-3.0991298067538713,-0.4315223988903038,-3.1102440541749905,-0.48649066566823396,0.0,0.0,Vmag_get_voltage_magnitude_series__angle_get_voltage_angle_series,true,Unknown,Ybus EMT reconstruction using exact complex bus-voltage phasors when available; otherwise diagnostic fallback
4.61,0.01111400551269437,0.05496827384779274,0.01111400551269437,0.05496827384779274,0.01111400551269437,0.05496827384779274,-3.099130048662296,-0.4315223918204412,-3.1102440541749905,-0.48649066566823396,0.0,0.0,Vmag_get_voltage_magnitude_series__angle_get_voltage_angle_series,true,Unknown,Ybus EMT reconstruction using exact complex bus-voltage phasors when available; otherwise diagnostic fallback
4.62,0.011113758137675678,0.05496828024969008,0.011113758137675678,0.05496828024969008,0.011113758137675678,0.05496828024969008,-3.099130296037315,-0.4315223854185439,-3.1102440541749905,-0.48649066566823396,0.0,0.0,Vmag_get_voltage_magnitude_series__angle_get_voltage_angle_series,true,Unknown,Ybus EMT reconstruction using exact complex bus-voltage phasors when available; otherwise diagnostic fallback
4.63,0.011113505347387864,0.054968286073701966,0.011113505347387864,0.054968286073701966,0.011113505347387864,0.054968286073701966,-3.0991305488276026,-0.431522379594532,-3.1102440541749905,-0.48649066566823396,0.0,0.0,Vmag_get_voltage_magnitude_series__angle_get_voltage_angle_series,true,Unknown,Ybus EMT reconstruction using exact complex bus-voltage phasors when available; otherwise diagnostic fallback
4.64,0.01111324718794382,0.05496829140237253,0.01111324718794382,0.05496829140237253,0.01111324718794382,0.05496829140237253,-3.0991308069870467,-0.43152237426586143,-3.1102440541749905,-0.48649066566823396,0.0,0.0,Vmag_get_voltage_magnitude_series__angle_get_voltage_angle_series,true,Unknown,Ybus EMT reconstruction using exact complex bus-voltage phasors when available; otherwise diagnostic fallback
4.65,0.0111129837006132,0.054968296312270404,0.0111129837006132,0.054968296312270404,0.0111129837006132,0.054968296312270404,-3.0991310704743773,-0.43152236935596355,-3.1102440541749905,-0.48649066566823396,0.0,0.0,Vmag_get_voltage_magnitude_series__angle_get_voltage_angle_series,true,Unknown,Ybus EMT reconstruction using exact complex bus-voltage phasors when available; otherwise diagnostic fallback
4.66,0.011112714921750033,0.05496830087090521,0.011112714921750033,0.05496830087090521,0.011112714921750033,0.05496830087090521,-3.0991313392532405,-0.43152236479732875,-3.1102440541749905,-0.48649066566823396,0.0,0.0,Vmag_get_voltage_magnitude_series__angle_get_voltage_angle_series,true,Unknown,Ybus EMT reconstruction using exact complex bus-voltage phasors when available; otherwise diagnostic fallback
4.67,0.011112440883431773,0.05496830514000045,0.011112440883431773,0.05496830514000045,0.011112440883431773,0.05496830514000045,-3.0991316132915587,-0.4315223605282335,-3.1102440541749905,-0.48649066566823396,0.0,0.0,Vmag_get_voltage_magnitude_series__angle_get_voltage_angle_series,true,Unknown,Ybus EMT reconstruction using exact complex bus-voltage phasors when available; otherwise diagnostic fallback
4.68,0.011112161613261673,0.054968309171882945,0.011112161613261673,0.054968309171882945,0.011112161613261673,0.054968309171882945,-3.099131892561729,-0.431522356496351,-3.1102440541749905,-0.48649066566823396,0.0,0.0,Vmag_get_voltage_magnitude_series__angle_get_voltage_angle_series,true,Unknown,Ybus EMT reconstruction using exact complex bus-voltage phasors when available; otherwise diagnostic fallback
4.69,0.011111877135280501,0.05496831301426153,0.011111877135280501,0.05496831301426153,0.011111877135280501,0.05496831301426153,-3.09913217703971,-0.43152235265397243,-3.1102440541749905,-0.48649066566823396,0.0,0.0,Vmag_get_voltage_magnitude_series__angle_get_voltage_angle_series,true,Unknown,Ybus EMT reconstruction using exact complex bus-voltage phasors when available; otherwise diagnostic fallback
4.7,0.01111158746970764,0.05496831670601565,0.01111158746970764,0.05496831670601565,0.01111158746970764,0.05496831670601565,-3.099132466705283,-0.4315223489622183,-3.1102440541749905,-0.48649066566823396,0.0,0.0,Vmag_get_voltage_magnitude_series__angle_get_voltage_angle_series,true,Unknown,Ybus EMT reconstruction using exact complex bus-voltage phasors when available; otherwise diagnostic fallback
4.71,0.011111292633709358,0.05496832027940368,0.011111292633709358,0.05496832027940368,0.011111292633709358,0.05496832027940368,-3.099132761541281,-0.4315223453888303,-3.1102440541749905,-0.48649066566823396,0.0,0.0,Vmag_get_voltage_magnitude_series__angle_get_voltage_angle_series,true,Unknown,Ybus EMT reconstruction using exact complex bus-voltage phasors when available; otherwise diagnostic fallback
4.72,0.011110992641524042,0.054968323760195836,0.011110992641524042,0.054968323760195836,0.011110992641524042,0.054968323760195836,-3.0991330615334665,-0.4315223419080381,-3.1102440541749905,-0.48649066566823396,0.0,0.0,Vmag_get_voltage_magnitude_series__angle_get_voltage_angle_series,true,Unknown,Ybus EMT reconstruction using exact complex bus-voltage phasors when available; otherwise diagnostic fallback
4.73,0.011110687504845451,0.054968327167756625,0.011110687504845451,0.054968327167756625,0.011110687504845451,0.054968327167756625,-3.099133366670145,-0.43152233850047733,-3.1102440541749905,-0.48649066566823396,0.0,0.0,Vmag_get_voltage_magnitude_series__angle_get_voltage_angle_series,true,Unknown,Ybus EMT reconstruction using exact complex bus-voltage phasors when available; otherwise diagnostic fallback
4.74,0.011110377233280566,0.054968330515244745,0.011110377233280566,0.054968330515244745,0.011110377233280566,0.054968330515244745,-3.09913367694171,-0.4315223351529892,-3.1102440541749905,-0.48649066566823396,0.0,0.0,Vmag_get_voltage_magnitude_series__angle_get_voltage_angle_series,true,Unknown,Ybus EMT reconstruction using exact complex bus-voltage phasors when available; otherwise diagnostic fallback
4.75,0.011110061834605833,0.05496833380984961,0.011110061834605833,0.05496833380984961,0.011110061834605833,0.05496833380984961,-3.0991339923403847,-0.43152233185838434,-3.1102440541749905,-0.48649066566823396,0.0,0.0,Vmag_get_voltage_magnitude_series__angle_get_voltage_angle_series,true,Unknown,Ybus EMT reconstruction using exact complex bus-voltage phasors when available; otherwise diagnostic fallback
4.76,0.011109741315133537,0.054968337053253824,0.011109741315133537,0.054968337053253824,0.011109741315133537,0.054968337053253824,-3.099134312859857,-0.43152232861498013,-3.1102440541749905,-0.48649066566823396,0.0,0.0,Vmag_get_voltage_magnitude_series__angle_get_voltage_angle_series,true,Unknown,Ybus EMT reconstruction using exact complex bus-voltage phasors when available; otherwise diagnostic fallback
4.77,0.011109415680243373,0.05496834024239894,0.011109415680243373,0.05496834024239894,0.011109415680243373,0.05496834024239894,-3.099134638494747,-0.431522325425835,-3.1102440541749905,-0.48649066566823396,0.0,0.0,Vmag_get_voltage_magnitude_series__angle_get_voltage_angle_series,true,Unknown,Ybus EMT reconstruction using exact complex bus-voltage phasors when available; otherwise diagnostic fallback
4.78,0.011109084934349145,0.05496834336829898,0.011109084934349145,0.05496834336829898,0.011109084934349145,0.05496834336829898,-3.0991349692406414,-0.431522322299935,-3.1102440541749905,-0.48649066566823396,0.0,0.0,Vmag_get_voltage_magnitude_series__angle_get_voltage_angle_series,true,Unknown,Ybus EMT reconstruction using exact complex bus-voltage phasors when available; otherwise diagnostic fallback
4.79,0.011108749081718994,0.054968346419012326,0.011108749081718994,0.054968346419012326,0.011108749081718994,0.054968346419012326,-3.0991353050932715,-0.43152231924922163,-3.1102440541749905,-0.48649066566823396,0.0,0.0,Vmag_get_voltage_magnitude_series__angle_get_voltage_angle_series,true,Unknown,Ybus EMT reconstruction using exact complex bus-voltage phasors when available; otherwise diagnostic fallback
4.8,0.01110840812640257,0.05496834937768014,0.01110840812640257,0.05496834937768014,0.01110840812640257,0.05496834937768014,-3.099135646048588,-0.4315223162905538,-3.1102440541749905,-0.48649066566823396,0.0,0.0,Vmag_get_voltage_magnitude_series__angle_get_voltage_angle_series,true,Unknown,Ybus EMT reconstruction using exact complex bus-voltage phasors when available; otherwise diagnostic fallback
4.81,0.01110806207275905,0.05496835222373869,0.01110806207275905,0.05496835222373869,0.01110806207275905,0.05496835222373869,-3.0991359921022315,-0.43152231344449526,-3.1102440541749905,-0.48649066566823396,0.0,0.0,Vmag_get_voltage_magnitude_series__angle_get_voltage_angle_series,true,Unknown,Ybus EMT reconstruction using exact complex bus-voltage phasors when available; otherwise diagnostic fallback
4.82,0.01110771092564411,0.05496835493408353,0.01110771092564411,0.05496835493408353,0.01110771092564411,0.05496835493408353,-3.0991363432493464,-0.4315223107341504,-3.1102440541749905,-0.48649066566823396,0.0,0.0,Vmag_get_voltage_magnitude_series__angle_get_voltage_angle_series,true,Unknown,Ybus EMT reconstruction using exact complex bus-voltage phasors when available; otherwise diagnostic fallback
4.83,0.011107354690785609,0.05496835748194839,0.011107354690785609,0.05496835748194839,0.011107354690785609,0.05496835748194839,-3.099136699484205,-0.43152230818628556,-3.1102440541749905,-0.48649066566823396,0.0,0.0,Vmag_get_voltage_magnitude_series__angle_get_voltage_angle_series,true,Unknown,Ybus EMT reconstruction using exact complex bus-voltage phasors when available; otherwise diagnostic fallback
4.84,0.011106993374985219,0.054968359838828085,0.011106993374985219,0.054968359838828085,0.011106993374985219,0.054968359838828085,-3.0991370608000053,-0.43152230582940587,-3.1102440541749905,-0.48649066566823396,0.0,0.0,Vmag_get_voltage_magnitude_series__angle_get_voltage_angle_series,true,Unknown,Ybus EMT reconstruction using exact complex bus-voltage phasors when available; otherwise diagnostic fallback
4.85,0.011106626986346235,0.054968361973613766,0.011106626986346235,0.054968361973613766,0.011106626986346235,0.054968361973613766,-3.0991374271886443,-0.4315223036946202,-3.1102440541749905,-0.48649066566823396,0.0,0.0,Vmag_get_voltage_magnitude_series__angle_get_voltage_angle_series,true,Unknown,Ybus EMT reconstruction using exact complex bus-voltage phasors when available; otherwise diagnostic fallback
4.86,0.0111062555345538,0.05496836385422271,0.0111062555345538,0.05496836385422271,0.0111062555345538,0.05496836385422271,-3.0991377986404367,-0.43152230181401124,-3.1102440541749905,-0.48649066566823396,0.0,0.0,Vmag_get_voltage_magnitude_series__angle_get_voltage_angle_series,true,Unknown,Ybus EMT reconstruction using exact complex bus-voltage phasors when available; otherwise diagnostic fallback
4.87,0.011105879030966825,0.054968365446860845,0.011105879030966825,0.054968365446860845,0.011105879030966825,0.054968365446860845,-3.0991381751440237,-0.4315223002213731,-3.1102440541749905,-0.48649066566823396,0.0,0.0,Vmag_get_voltage_magnitude_series__angle_get_voltage_angle_series,true,Unknown,Ybus EMT reconstruction using exact complex bus-voltage phasors when available; otherwise diagnostic fallback
4.88,0.011105497489018124,0.05496836671678501,0.011105497489018124,0.05496836671678501,0.011105497489018124,0.05496836671678501,-3.0991385566859724,-0.43152229895144895,-3.1102440541749905,-0.48649066566823396,0.0,0.0,Vmag_get_voltage_magnitude_series__angle_get_voltage_angle_series,true,Unknown,Ybus EMT reconstruction using exact complex bus-voltage phasors when available; otherwise diagnostic fallback
4.89,0.011105110924101602,0.054968367629168846,0.011105110924101602,0.054968367629168846,0.011105110924101602,0.054968367629168846,-3.099138943250889,-0.4315222980390651,-3.1102440541749905,-0.48649066566823396,0.0,0.0,Vmag_get_voltage_magnitude_series__angle_get_voltage_angle_series,true,Unknown,Ybus EMT reconstruction using exact complex bus-voltage phasors when available; otherwise diagnostic fallback
4.9,0.01110471935385915,0.05496836814851447,0.01110471935385915,0.05496836814851447,0.01110471935385915,0.05496836814851447,-3.0991393348211314,-0.4315222975197195,-3.1102440541749905,-0.48649066566823396,0.0,0.0,Vmag_get_voltage_magnitude_series__angle_get_voltage_angle_series,true,Unknown,Ybus EMT reconstruction using exact complex bus-voltage phasors when available; otherwise diagnostic fallback
4.91,0.011104322798300093,0.05496836823941709,0.011104322798300093,0.05496836823941709,0.011104322798300093,0.05496836823941709,-3.0991397313766904,-0.43152229742881687,-3.1102440541749905,-0.48649066566823396,0.0,0.0,Vmag_get_voltage_magnitude_series__angle_get_voltage_angle_series,true,Unknown,Ybus EMT reconstruction using exact complex bus-voltage phasors when available; otherwise diagnostic fallback
4.92,0.011103921279974394,0.05496836786762371,0.011103921279974394,0.05496836786762371,0.011103921279974394,0.05496836786762371,-3.099140132895016,-0.43152229780061024,-3.1102440541749905,-0.48649066566823396,0.0,0.0,Vmag_get_voltage_magnitude_series__angle_get_voltage_angle_series,true,Unknown,Ybus EMT reconstruction using exact complex bus-voltage phasors when available; otherwise diagnostic fallback
4.93,0.011103514823727068,0.05496836699868729,0.011103514823727068,0.05496836699868729,0.011103514823727068,0.05496836699868729,-3.0991405393512634,-0.43152229866954667,-3.1102440541749905,-0.48649066566823396,0.0,0.0,Vmag_get_voltage_magnitude_series__angle_get_voltage_angle_series,true,Unknown,Ybus EMT reconstruction using exact complex bus-voltage phasors when available; otherwise diagnostic fallback
4.94,0.011103103457127617,0.054968365599814106,0.011103103457127617,0.054968365599814106,0.011103103457127617,0.054968365599814106,-3.099140950717863,-0.43152230006841985,-3.1102440541749905,-0.48649066566823396,0.0,0.0,Vmag_get_voltage_magnitude_series__angle_get_voltage_angle_series,true,Unknown,Ybus EMT reconstruction using exact complex bus-voltage phasors when available; otherwise diagnostic fallback
4.95,0.011102687210307938,0.05496836363936369,0.011102687210307938,0.05496836363936369,0.011102687210307938,0.05496836363936369,-3.0991413669646826,-0.43152230202887026,-3.1102440541749905,-0.48649066566823396,0.0,0.0,Vmag_get_voltage_magnitude_series__angle_get_voltage_angle_series,true,Unknown,Ybus EMT reconstruction using exact complex bus-voltage phasors when available; otherwise diagnostic fallback
4.96,0.011102266116102655,0.054968361086664475,0.011102266116102655,0.054968361086664475,0.011102266116102655,0.054968361086664475,-3.099141788058888,-0.4315223045815695,-3.1102440541749905,-0.48649066566823396,0.0,0.0,Vmag_get_voltage_magnitude_series__angle_get_voltage_angle_series,true,Unknown,Ybus EMT reconstruction using exact complex bus-voltage phasors when available; otherwise diagnostic fallback
4.97,0.01110184020979954,0.05496835791315724,0.01110184020979954,0.05496835791315724,0.01110184020979954,0.05496835791315724,-3.099142213965191,-0.4315223077550767,-3.1102440541749905,-0.48649066566823396,0.0,0.0,Vmag_get_voltage_magnitude_series__angle_get_voltage_angle_series,true,Unknown,Ybus EMT reconstruction using exact complex bus-voltage phasors when available; otherwise diagnostic fallback
4.98,0.01110140952935712,0.05496835409164691,0.01110140952935712,0.05496835409164691,0.01110140952935712,0.05496835409164691,-3.0991426446456334,-0.43152231157658705,-3.1102440541749905,-0.48649066566823396,0.0,0.0,Vmag_get_voltage_magnitude_series__angle_get_voltage_angle_series,true,Unknown,Ybus EMT reconstruction using exact complex bus-voltage phasors when available; otherwise diagnostic fallback
4.99,0.011100974115431761,0.05496834959802771,0.011100974115431761,0.05496834959802771,0.011100974115431761,0.05496834959802771,-3.0991430800595587,-0.43152231607020625,-3.1102440541749905,-0.48649066566823396,0.0,0.0,Vmag_get_voltage_magnitude_series__angle_get_voltage_angle_series,true,Unknown,Ybus EMT reconstruction using exact complex bus-voltage phasors when available; otherwise diagnostic fallback
5.0,0.011100534011009078,0.05496834440918674,0.011100534011009078,0.05496834440918674,0.011100534011009078,0.05496834440918674,-3.0991435201639814,-0.4315223212590472,-3.1102440541749905,-0.48649066566823396,0.0,0.0,Vmag_get_voltage_magnitude_series__angle_get_voltage_angle_series,true,Unknown,Ybus EMT reconstruction using exact complex bus-voltage phasors when available; otherwise diagnostic fallback
5.01,0.011100089261642854,0.05496833850439847,0.011100089261642854,0.05496833850439847,0.011100089261642854,0.05496833850439847,-3.0991439649133476,-0.4315223271638355,-3.1102440541749905,-0.48649066566823396,0.0,0.0,Vmag_get_voltage_magnitude_series__angle_get_voltage_angle_series,true,Unknown,Ybus EMT reconstruction using exact complex bus-voltage phasors when available; otherwise diagnostic fallback
5.02,0.011099639915256976,0.054968331866385,0.011099639915256976,0.054968331866385,0.011099639915256976,0.054968331866385,-3.0991444142597335,-0.43152233380184896,-3.1102440541749905,-0.48649066566823396,0.0,0.0,Vmag_get_voltage_magnitude_series__angle_get_voltage_angle_series,true,Unknown,Ybus EMT reconstruction using exact complex bus-voltage phasors when available; otherwise diagnostic fallback
5.03,0.011099186021955365,0.0549683244787712,0.011099186021955365,0.0549683244787712,0.011099186021955365,0.0549683244787712,-3.099144868153035,-0.43152234118946275,-3.1102440541749905,-0.48649066566823396,0.0,0.0,Vmag_get_voltage_magnitude_series__angle_get_voltage_angle_series,true,Unknown,Ybus EMT reconstruction using exact complex bus-voltage phasors when available; otherwise diagnostic fallback
5.04,0.011098727634228034,0.05496831632824534,0.011098727634228034,0.05496831632824534,0.011098727634228034,0.05496831632824534,-3.0991453265407625,-0.4315223493399886,-3.1102440541749905,-0.48649066566823396,0.0,0.0,Vmag_get_voltage_magnitude_series__angle_get_voltage_angle_series,true,Unknown,Ybus EMT reconstruction using exact complex bus-voltage phasors when available; otherwise diagnostic fallback
5.05,0.01109826480650078,0.05496830740433828,0.01109826480650078,0.05496830740433828,0.01109826480650078,0.05496830740433828,-3.0991457893684897,-0.4315223582638957,-3.1102440541749905,-0.48649066566823396,0.0,0.0,Vmag_get_voltage_magnitude_series__angle_get_voltage_angle_series,true,Unknown,Ybus EMT reconstruction using exact complex bus-voltage phasors when available; otherwise diagnostic fallback
5.06,0.011097797595233772,0.054968297698819335,0.011097797595233772,0.054968297698819335,0.011097797595233772,0.054968297698819335,-3.0991462565797567,-0.4315223679694146,-3.1102440541749905,-0.48649066566823396,0.0,0.0,Vmag_get_voltage_magnitude_series__angle_get_voltage_angle_series,true,Unknown,Ybus EMT reconstruction using exact complex bus-voltage phasors when available; otherwise diagnostic fallback
5.07,0.011097326058793655,0.054968287205754474,0.011097326058793655,0.054968287205754474,0.011097326058793655,0.054968287205754474,-3.099146728116197,-0.4315223784624795,-3.1102440541749905,-0.48649066566823396,0.0,0.0,Vmag_get_voltage_magnitude_series__angle_get_voltage_angle_series,true,Unknown,Ybus EMT reconstruction using exact complex bus-voltage phasors when available; otherwise diagnostic fallback
5.08,0.011096850257191537,0.05496827592184317,0.011096850257191537,0.05496827592184317,0.011096850257191537,0.05496827592184317,-3.099147203917799,-0.4315223897463908,-3.1102440541749905,-0.48649066566823396,0.0,0.0,Vmag_get_voltage_magnitude_series__angle_get_voltage_angle_series,true,Unknown,Ybus EMT reconstruction using exact complex bus-voltage phasors when available; otherwise diagnostic fallback
5.09,0.011096370252024368,0.05496826384657594,0.011096370252024368,0.05496826384657594,0.011096370252024368,0.05496826384657594,-3.099147683922966,-0.431522401821658,-3.1102440541749905,-0.48649066566823396,0.0,0.0,Vmag_get_voltage_magnitude_series__angle_get_voltage_angle_series,true,Unknown,Ybus EMT reconstruction using exact complex bus-voltage phasors when available; otherwise diagnostic fallback
5.1,0.011095886106581965,0.054968250981357214,0.011095886106581965,0.054968250981357214,0.011095886106581965,0.054968250981357214,-3.0991481680684085,-0.43152241468687674,-3.1102440541749905,-0.48649066566823396,0.0,0.0,Vmag_get_voltage_magnitude_series__angle_get_voltage_angle_series,true,Unknown,Ybus EMT reconstruction using exact complex bus-voltage phasors when available; otherwise diagnostic fallback
5.11,0.011095397885183989,0.054968237329985514,0.011095397885183989,0.054968237329985514,0.011095397885183989,0.054968237329985514,-3.0991486562898065,-0.43152242833824844,-3.1102440541749905,-0.48649066566823396,0.0,0.0,Vmag_get_voltage_magnitude_series__angle_get_voltage_angle_series,true,Unknown,Ybus EMT reconstruction using exact complex bus-voltage phasors when available; otherwise diagnostic fallback
5.12,0.011094905653538767,0.05496822289861697,0.011094905653538767,0.05496822289861697,0.011094905653538767,0.05496822289861697,-3.0991491485214517,-0.431522442769617,-3.1102440541749905,-0.48649066566823396,0.0,0.0,Vmag_get_voltage_magnitude_series__angle_get_voltage_angle_series,true,Unknown,Ybus EMT reconstruction using exact complex bus-voltage phasors when available; otherwise diagnostic fallback
5.13,0.01109440947832896,0.054968207695482496,0.01109440947832896,0.054968207695482496,0.01109440947832896,0.054968207695482496,-3.0991496446966615,-0.43152245797275146,-3.1102440541749905,-0.48649066566823396,0.0,0.0,Vmag_get_voltage_magnitude_series__angle_get_voltage_angle_series,true,Unknown,Ybus EMT reconstruction using exact complex bus-voltage phasors when available; otherwise diagnostic fallback
5.14,0.011093909427325688,0.05496819173119022,0.011093909427325688,0.05496819173119022,0.011093909427325688,0.05496819173119022,-3.099150144747665,-0.43152247393704374,-3.1102440541749905,-0.48649066566823396,0.0,0.0,Vmag_get_voltage_magnitude_series__angle_get_voltage_angle_series,true,Unknown,Ybus EMT reconstruction using exact complex bus-voltage phasors when available; otherwise diagnostic fallback
5.15,0.011093405568870285,0.0549681750172798,0.011093405568870285,0.0549681750172798,0.011093405568870285,0.0549681750172798,-3.09915064860612,-0.43152249065095416,-3.1102440541749905,-0.48649066566823396,0.0,0.0,Vmag_get_voltage_magnitude_series__angle_get_voltage_angle_series,true,Unknown,Ybus EMT reconstruction using exact complex bus-voltage phasors when available; otherwise diagnostic fallback
5.16,0.011092897972158955,0.054968157568187404,0.011092897972158955,0.054968157568187404,0.011092897972158955,0.054968157568187404,-3.0991511562028315,-0.43152250810004655,-3.1102440541749905,-0.48649066566823396,0.0,0.0,Vmag_get_voltage_magnitude_series__angle_get_voltage_angle_series,true,Unknown,Ybus EMT reconstruction using exact complex bus-voltage phasors when available; otherwise diagnostic fallback
5.17,0.011092386706871515,0.0549681393998086,0.011092386706871515,0.0549681393998086,0.011092386706871515,0.0549681393998086,-3.099151667468119,-0.43152252626842535,-3.1102440541749905,-0.48649066566823396,0.0,0.0,Vmag_get_voltage_magnitude_series__angle_get_voltage_angle_series,true,Unknown,Ybus EMT reconstruction using exact complex bus-voltage phasors when available; otherwise diagnostic fallback
5.18,0.011091871843010637,0.05496812052908823,0.011091871843010637,0.05496812052908823,0.011091871843010637,0.05496812052908823,-3.09915218233198,-0.43152254513914573,-3.1102440541749905,-0.48649066566823396,0.0,0.0,Vmag_get_voltage_magnitude_series__angle_get_voltage_angle_series,true,Unknown,Ybus EMT reconstruction using exact complex bus-voltage phasors when available; otherwise diagnostic fallback
5.19,0.011091353451000874,0.05496810097461974,0.011091353451000874,0.05496810097461974,0.011091353451000874,0.05496810097461974,-3.0991527007239896,-0.4315225646936142,-3.1102440541749905,-0.48649066566823396,0.0,0.0,Vmag_get_voltage_magnitude_series__angle_get_voltage_angle_series,true,Unknown,Ybus EMT reconstruction using exact complex bus-voltage phasors when available; otherwise diagnostic fallback
5.2,0.011090831601427542,0.05496808075650833,0.011090831601427542,0.05496808075650833,0.011090831601427542,0.05496808075650833,-3.099153222573563,-0.4315225849117256,-3.1102440541749905,-0.48649066566823396,0.0,0.0,Vmag_get_voltage_magnitude_series__angle_get_voltage_angle_series,true,Unknown,Ybus EMT reconstruction using exact complex bus-voltage phasors when available; otherwise diagnostic fallback
5.21,0.011090306364859526,0.05496805989591225,0.011090306364859526,0.05496805989591225,0.011090306364859526,0.05496805989591225,-3.099153747810131,-0.4315226057723217,-3.1102440541749905,-0.48649066566823396,0.0,0.0,Vmag_get_voltage_magnitude_series__angle_get_voltage_angle_series,true,Unknown,Ybus EMT reconstruction using exact complex bus-voltage phasors when available; otherwise diagnostic fallback
5.22,0.011089777812020252,0.054968038414523634,0.011089777812020252,0.054968038414523634,0.011089777812020252,0.054968038414523634,-3.0991542763629703,-0.4315226272537103,-3.1102440541749905,-0.48649066566823396,0.0,0.0,Vmag_get_voltage_magnitude_series__angle_get_voltage_angle_series,true,Unknown,Ybus EMT reconstruction using exact complex bus-voltage phasors when available; otherwise diagnostic fallback
5.23,0.01108924601327299,0.054968016335638914,0.01108924601327299,0.054968016335638914,0.01108924601327299,0.054968016335638914,-3.0991548081617175,-0.43152264933259504,-3.1102440541749905,-0.48649066566823396,0.0,0.0,Vmag_get_voltage_magnitude_series__angle_get_voltage_angle_series,true,Unknown,Ybus EMT reconstruction using exact complex bus-voltage phasors when available; otherwise diagnostic fallback
5.24,0.011088711038969468,0.05496799368252914,0.011088711038969468,0.05496799368252914,0.011088711038969468,0.05496799368252914,-3.099155343136021,-0.4315226719857048,-3.1102440541749905,-0.48649066566823396,0.0,0.0,Vmag_get_voltage_magnitude_series__angle_get_voltage_angle_series,true,Unknown,Ybus EMT reconstruction using exact complex bus-voltage phasors when available; otherwise diagnostic fallback
5.25,0.011088172959115461,0.05496797047935892,0.011088172959115461,0.05496797047935892,0.011088172959115461,0.05496797047935892,-3.099155881215875,-0.43152269518887504,-3.1102440541749905,-0.48649066566823396,0.0,0.0,Vmag_get_voltage_magnitude_series__angle_get_voltage_angle_series,true,Unknown,Ybus EMT reconstruction using exact complex bus-voltage phasors when available; otherwise diagnostic fallback
5.26,0.011087631843238466,0.05496794675117089,0.011087631843238466,0.05496794675117089,0.011087631843238466,0.05496794675117089,-3.099156422331752,-0.43152271891706306,-3.1102440541749905,-0.48649066566823396,0.0,0.0,Vmag_get_voltage_magnitude_series__angle_get_voltage_angle_series,true,Unknown,Ybus EMT reconstruction using exact complex bus-voltage phasors when available; otherwise diagnostic fallback
5.27,0.011087087760490721,0.054967922521726664,0.011087087760490721,0.054967922521726664,0.011087087760490721,0.054967922521726664,-3.0991569664145,-0.4315227431465073,-3.1102440541749905,-0.48649066566823396,0.0,0.0,Vmag_get_voltage_magnitude_series__angle_get_voltage_angle_series,true,Unknown,Ybus EMT reconstruction using exact complex bus-voltage phasors when available; otherwise diagnostic fallback
5.28,0.01108654077961102,0.054967897816936784,0.01108654077961102,0.054967897816936784,0.01108654077961102,0.054967897816936784,-3.0991575133953795,-0.4315227678512972,-3.1102440541749905,-0.48649066566823396,0.0,0.0,Vmag_get_voltage_magnitude_series__angle_get_voltage_angle_series,true,Unknown,Ybus EMT reconstruction using exact complex bus-voltage phasors when available; otherwise diagnostic fallback
5.29,0.01108599096861429,0.05496787266169634,0.01108599096861429,0.05496787266169634,0.01108599096861429,0.05496787266169634,-3.099158063206376,-0.4315227930065376,-3.1102440541749905,-0.48649066566823396,0.0,0.0,Vmag_get_voltage_magnitude_series__angle_get_voltage_angle_series,true,Unknown,Ybus EMT reconstruction using exact complex bus-voltage phasors when available; otherwise diagnostic fallback
5.3,0.011085438395017633,0.054967847080507504,0.011085438395017633,0.054967847080507504,0.011085438395017633,0.054967847080507504,-3.099158615779973,-0.43152281858772645,-3.1102440541749905,-0.48649066566823396,0.0,0.0,Vmag_get_voltage_magnitude_series__angle_get_voltage_angle_series,true,Unknown,Ybus EMT reconstruction using exact complex bus-voltage phasors when available; otherwise diagnostic fallback
5.31,0.011084883125624945,0.05496782109878018,0.011084883125624945,0.05496782109878018,0.011084883125624945,0.05496782109878018,-3.0991591710493656,-0.4315228445694538,-3.1102440541749905,-0.48649066566823396,0.0,0.0,Vmag_get_voltage_magnitude_series__angle_get_voltage_angle_series,true,Unknown,Ybus EMT reconstruction using exact complex bus-voltage phasors when available; otherwise diagnostic fallback
5.32,0.011084325226589087,0.05496779474025526,0.011084325226589087,0.05496779474025526,0.011084325226589087,0.05496779474025526,-3.0991597289484014,-0.4315228709279787,-3.1102440541749905,-0.48649066566823396,0.0,0.0,Vmag_get_voltage_magnitude_series__angle_get_voltage_angle_series,true,Unknown,Ybus EMT reconstruction using exact complex bus-voltage phasors when available; otherwise diagnostic fallback
5.33,0.011083764763287096,0.05496776802917819,0.011083764763287096,0.05496776802917819,0.011083764763287096,0.05496776802917819,-3.0991602894117034,-0.43152289763905577,-3.1102440541749905,-0.48649066566823396,0.0,0.0,Vmag_get_voltage_magnitude_series__angle_get_voltage_angle_series,true,Unknown,Ybus EMT reconstruction using exact complex bus-voltage phasors when available; otherwise diagnostic fallback
5.34,0.011083201800412557,0.05496774098936169,0.011083201800412557,0.05496774098936169,0.011083201800412557,0.05496774098936169,-3.099160852374578,-0.43152292467887227,-3.1102440541749905,-0.48649066566823396,0.0,0.0,Vmag_get_voltage_magnitude_series__angle_get_voltage_angle_series,true,Unknown,Ybus EMT reconstruction using exact complex bus-voltage phasors when available; otherwise diagnostic fallback
5.35,0.011082636401826829,0.054967713642902705,0.011082636401826829,0.054967713642902705,0.011082636401826829,0.054967713642902705,-3.0991614177731637,-0.43152295202533125,-3.1102440541749905,-0.48649066566823396,0.0,0.0,Vmag_get_voltage_magnitude_series__angle_get_voltage_angle_series,true,Unknown,Ybus EMT reconstruction using exact complex bus-voltage phasors when available; otherwise diagnostic fallback
5.36,0.011082068630716257,0.054967686012750316,0.011082068630716257,0.054967686012750316,0.011082068630716257,0.054967686012750316,-3.0991619855442742,-0.43152297965548364,-3.1102440541749905,-0.48649066566823396,0.0,0.0,Vmag_get_voltage_magnitude_series__angle_get_voltage_angle_series,true,Unknown,Ybus EMT reconstruction using exact complex bus-voltage phasors when available; otherwise diagnostic fallback
5.37,0.011081498549350144,0.054967658120069596,0.011081498549350144,0.054967658120069596,0.011081498549350144,0.054967658120069596,-3.0991625556256404,-0.43152300754816436,-3.1102440541749905,-0.48649066566823396,0.0,0.0,Vmag_get_voltage_magnitude_series__angle_get_voltage_angle_series,true,Unknown,Ybus EMT reconstruction using exact complex bus-voltage phasors when available; otherwise diagnostic fallback
5.38,0.011080926219369847,0.054967629985639366,0.011080926219369847,0.054967629985639366,0.011080926219369847,0.054967629985639366,-3.0991631279556207,-0.4315230356825946,-3.1102440541749905,-0.48649066566823396,0.0,0.0,Vmag_get_voltage_magnitude_series__angle_get_voltage_angle_series,true,Unknown,Ybus EMT reconstruction using exact complex bus-voltage phasors when available; otherwise diagnostic fallback
5.39,0.011080351701475255,0.05496760162920661,0.011080351701475255,0.05496760162920661,0.011080351701475255,0.05496760162920661,-3.0991637024735152,-0.43152306403902735,-3.1102440541749905,-0.48649066566823396,0.0,0.0,Vmag_get_voltage_magnitude_series__angle_get_voltage_angle_series,true,Unknown,Ybus EMT reconstruction using exact complex bus-voltage phasors when available; otherwise diagnostic fallback
5.4,0.011079775055721885,0.054967573069745757,0.011079775055721885,0.054967573069745757,0.011079775055721885,0.054967573069745757,-3.0991642791192686,-0.4315230925984882,-3.1102440541749905,-0.48649066566823396,0.0,0.0,Vmag_get_voltage_magnitude_series__angle_get_voltage_angle_series,true,Unknown,Ybus EMT reconstruction using exact complex bus-voltage phasors when available; otherwise diagnostic fallback
5.41,0.011079196341331254,0.05496754432512807,0.011079196341331254,0.05496754432512807,0.011079196341331254,0.05496754432512807,-3.0991648578336592,-0.4315231213431059,-3.1102440541749905,-0.48649066566823396,0.0,0.0,Vmag_get_voltage_magnitude_series__angle_get_voltage_angle_series,true,Unknown,Ybus EMT reconstruction using exact complex bus-voltage phasors when available; otherwise diagnostic fallback
5.42,0.011078615616728182,0.05496751541245104,0.011078615616728182,0.05496751541245104,0.011078615616728182,0.05496751541245104,-3.0991654385582623,-0.4315231502557829,-3.1102440541749905,-0.48649066566823396,0.0,0.0,Vmag_get_voltage_magnitude_series__angle_get_voltage_angle_series,true,Unknown,Ybus EMT reconstruction using exact complex bus-voltage phasors when available; otherwise diagnostic fallback
5.43,0.01107803293972287,0.054967486347565764,0.01107803293972287,0.054967486347565764,0.01107803293972287,0.054967486347565764,-3.0991660212352676,-0.4315231793206682,-3.1102440541749905,-0.48649066566823396,0.0,0.0,Vmag_get_voltage_magnitude_series__angle_get_voltage_angle_series,true,Unknown,Ybus EMT reconstruction using exact complex bus-voltage phasors when available; otherwise diagnostic fallback
5.44,0.011077448367370124,0.05496745714564222,0.011077448367370124,0.05496745714564222,0.011077448367370124,0.05496745714564222,-3.0991666058076204,-0.43152320852259174,-3.1102440541749905,-0.48649066566823396,0.0,0.0,Vmag_get_voltage_magnitude_series__angle_get_voltage_angle_series,true,Unknown,Ybus EMT reconstruction using exact complex bus-voltage phasors when available; otherwise diagnostic fallback
5.45,0.011076861955900963,0.05496742782016889,0.011076861955900963,0.05496742782016889,0.011076861955900963,0.05496742782016889,-3.0991671922190895,-0.43152323784806507,-3.1102440541749905,-0.48649066566823396,0.0,0.0,Vmag_get_voltage_magnitude_series__angle_get_voltage_angle_series,true,Unknown,Ybus EMT reconstruction using exact complex bus-voltage phasors when available; otherwise diagnostic fallback
5.46,0.011076273761080557,0.0549673983842881,0.011076273761080557,0.0549673983842881,0.011076273761080557,0.0549673983842881,-3.09916778041391,-0.43152326728394585,-3.1102440541749905,-0.48649066566823396,0.0,0.0,Vmag_get_voltage_magnitude_series__angle_get_voltage_angle_series,true,Unknown,Ybus EMT reconstruction using exact complex bus-voltage phasors when available; otherwise diagnostic fallback
5.47,0.01107568383795865,0.05496736885052245,0.01107568383795865,0.05496736885052245,0.01107568383795865,0.05496736885052245,-3.099168370337032,-0.4315232968177115,-3.1102440541749905,-0.48649066566823396,0.0,0.0,Vmag_get_voltage_magnitude_series__angle_get_voltage_angle_series,true,Unknown,Ybus EMT reconstruction using exact complex bus-voltage phasors when available; otherwise diagnostic fallback
5.48,0.011075092240905526,0.05496733922879998,0.011075092240905526,0.05496733922879998,0.011075092240905526,0.05496733922879998,-3.099168961934085,-0.431523326439434,-3.1102440541749905,-0.48649066566823396,0.0,0.0,Vmag_get_voltage_magnitude_series__angle_get_voltage_angle_series,true,Unknown,Ybus EMT reconstruction using exact complex bus-voltage phasors when available; otherwise diagnostic fallback
5.49,0.011074499023813189,0.05496730952966922,0.011074499023813189,0.05496730952966922,0.011074499023813189,0.05496730952966922,-3.0991695551511773,-0.43152335613856474,-3.1102440541749905,-0.48649066566823396,0.0,0.0,Vmag_get_voltage_magnitude_series__angle_get_voltage_angle_series,true,Unknown,Ybus EMT reconstruction using exact complex bus-voltage phasors when available; otherwise diagnostic fallback
5.5,0.011073904239903065,0.05496727976204552,0.011073904239903065,0.05496727976204552,0.011073904239903065,0.05496727976204552,-3.0991701499350874,-0.43152338590618844,-3.1102440541749905,-0.48649066566823396,0.0,0.0,Vmag_get_voltage_magnitude_series__angle_get_voltage_angle_series,true,Unknown,Ybus EMT reconstruction using exact complex bus-voltage phasors when available; otherwise diagnostic fallback
5.51,0.011073307941935617,0.05496724993345897,0.011073307941935617,0.05496724993345897,0.011073307941935617,0.05496724993345897,-3.099170746233055,-0.431523415734775,-3.1102440541749905,-0.48649066566823396,0.0,0.0,Vmag_get_voltage_magnitude_series__angle_get_voltage_angle_series,true,Unknown,Ybus EMT reconstruction using exact complex bus-voltage phasors when available; otherwise diagnostic fallback
5.52,0.01107271018226097,0.05496722005132493,0.01107271018226097,0.05496722005132493,0.01107271018226097,0.05496722005132493,-3.0991713439927295,-0.43152344561690903,-3.1102440541749905,-0.48649066566823396,0.0,0.0,Vmag_get_voltage_magnitude_series__angle_get_voltage_angle_series,true,Unknown,Ybus EMT reconstruction using exact complex bus-voltage phasors when available; otherwise diagnostic fallback
5.53,0.011072111012623065,0.05496719012188733,0.011072111012623065,0.05496719012188733,0.011072111012623065,0.05496719012188733,-3.0991719431623674,-0.4315234755463466,-3.1102440541749905,-0.48649066566823396,0.0,0.0,Vmag_get_voltage_magnitude_series__angle_get_voltage_angle_series,true,Unknown,Ybus EMT reconstruction using exact complex bus-voltage phasors when available; otherwise diagnostic fallback
5.54,0.011071510484399472,0.05496716015015363,0.011071510484399472,0.05496716015015363,0.011071510484399472,0.05496716015015363,-3.099172543690591,-0.43152350551808033,-3.1102440541749905,-0.48649066566823396,0.0,0.0,Vmag_get_voltage_magnitude_series__angle_get_voltage_angle_series,true,Unknown,Ybus EMT reconstruction using exact complex bus-voltage phasors when available; otherwise diagnostic fallback
5.55,0.011070908648605382,0.05496713014134308,0.011070908648605382,0.05496713014134308,0.011070908648605382,0.05496713014134308,-3.099173145526385,-0.4315235355268909,-3.1102440541749905,-0.48649066566823396,0.0,0.0,Vmag_get_voltage_magnitude_series__angle_get_voltage_angle_series,true,Unknown,Ybus EMT reconstruction using exact complex bus-voltage phasors when available; otherwise diagnostic fallback
5.56,0.011070305555820337,0.05496710009890898,0.011070305555820337,0.05496710009890898,0.011070305555820337,0.05496710009890898,-3.09917374861917,-0.431523565569325,-3.1102440541749905,-0.48649066566823396,0.0,0.0,Vmag_get_voltage_magnitude_series__angle_get_voltage_angle_series,true,Unknown,Ybus EMT reconstruction using exact complex bus-voltage phasors when available; otherwise diagnostic fallback
5.57,0.01106970125626372,0.05496707002607992,0.01106970125626372,0.05496707002607992,0.01106970125626372,0.05496707002607992,-3.099174352918727,-0.43152359564215403,-3.1102440541749905,-0.48649066566823396,0.0,0.0,Vmag_get_voltage_magnitude_series__angle_get_voltage_angle_series,true,Unknown,Ybus EMT reconstruction using exact complex bus-voltage phasors when available; otherwise diagnostic fallback
5.58,0.011069095799970174,0.054967039925355565,0.011069095799970174,0.054967039925355565,0.011069095799970174,0.054967039925355565,-3.0991749583750203,-0.4315236257428784,-3.1102440541749905,-0.48649066566823396,0.0,0.0,Vmag_get_voltage_magnitude_series__angle_get_voltage_angle_series,true,Unknown,Ybus EMT reconstruction using exact complex bus-voltage phasors when available; otherwise diagnostic fallback
5.59,0.011068489236522705,0.05496700979875446,0.011068489236522705,0.05496700979875446,0.011068489236522705,0.05496700979875446,-3.099175564938468,-0.4315236558694795,-3.1102440541749905,-0.48649066566823396,0.0,0.0,Vmag_get_voltage_magnitude_series__angle_get_voltage_angle_series,true,Unknown,Ybus EMT reconstruction using exact complex bus-voltage phasors when available; otherwise diagnostic fallback
5.6,0.011067881615285824,0.05496697964754349,0.011067881615285824,0.05496697964754349,0.011067881615285824,0.05496697964754349,-3.0991761725597047,-0.43152368602069047,-3.1102440541749905,-0.48649066566823396,0.0,0.0,Vmag_get_voltage_magnitude_series__angle_get_voltage_angle_series,true,Unknown,Ybus EMT reconstruction using exact complex bus-voltage phasors when available; otherwise diagnostic fallback
5.61,0.01106727298550192,0.05496694947274616,0.01106727298550192,0.05496694947274616,0.01106727298550192,0.05496694947274616,-3.0991767811894886,-0.4315237161954878,-3.1102440541749905,-0.48649066566823396,0.0,0.0,Vmag_get_voltage_magnitude_series__angle_get_voltage_angle_series,true,Unknown,Ybus EMT reconstruction using exact complex bus-voltage phasors when available; otherwise diagnostic fallback
5.62,0.011066663396002152,0.05496691927459435,0.011066663396002152,0.05496691927459435,0.011066663396002152,0.05496691927459435,-3.0991773907789884,-0.4315237463936396,-3.1102440541749905,-0.48649066566823396,0.0,0.0,Vmag_get_voltage_magnitude_series__angle_get_voltage_angle_series,true,Unknown,Ybus EMT reconstruction using exact complex bus-voltage phasors when available; otherwise diagnostic fallback
5.63,0.011066052895571943,0.05496688905336983,0.011066052895571943,0.05496688905336983,0.011066052895571943,0.05496688905336983,-3.0991780012794186,-0.43152377661486413,-3.1102440541749905,-0.48649066566823396,0.0,0.0,Vmag_get_voltage_magnitude_series__angle_get_voltage_angle_series,true,Unknown,Ybus EMT reconstruction using exact complex bus-voltage phasors when available; otherwise diagnostic fallback
5.64,0.011065441532699172,0.05496685880889979,0.011065441532699172,0.05496685880889979,0.011065441532699172,0.05496685880889979,-3.0991786126422913,-0.43152380685933417,-3.1102440541749905,-0.48649066566823396,0.0,0.0,Vmag_get_voltage_magnitude_series__angle_get_voltage_angle_series,true,Unknown,Ybus EMT reconstruction using exact complex bus-voltage phasors when available; otherwise diagnostic fallback
5.65,0.011064829355786898,0.054966828540875756,0.011064829355786898,0.054966828540875756,0.011064829355786898,0.054966828540875756,-3.0991792248192036,-0.4315238371273582,-3.1102440541749905,-0.48649066566823396,0.0,0.0,Vmag_get_voltage_magnitude_series__angle_get_voltage_angle_series,true,Unknown,Ybus EMT reconstruction using exact complex bus-voltage phasors when available; otherwise diagnostic fallback
5.66,0.011064216412992156,0.054966798247999826,0.011064216412992156,0.054966798247999826,0.011064216412992156,0.054966798247999826,-3.0991798377619983,-0.43152386742023413,-3.1102440541749905,-0.48649066566823396,0.0,0.0,Vmag_get_voltage_magnitude_series__angle_get_voltage_angle_series,true,Unknown,Ybus EMT reconstruction using exact complex bus-voltage phasors when available; otherwise diagnostic fallback
5.67,0.011063602752539037,0.054966767929906846,0.011063602752539037,0.054966767929906846,0.011063602752539037,0.054966767929906846,-3.0991804514224515,-0.4315238977383271,-3.1102440541749905,-0.48649066566823396,0.0,0.0,Vmag_get_voltage_magnitude_series__angle_get_voltage_angle_series,true,Unknown,Ybus EMT reconstruction using exact complex bus-voltage phasors when available; otherwise diagnostic fallback
5.68,0.011062988422207987,0.05496673758563425,0.011062988422207987,0.05496673758563425,0.011062988422207987,0.05496673758563425,-3.0991810657527825,-0.4315239280825997,-3.1102440541749905,-0.48649066566823396,0.0,0.0,Vmag_get_voltage_magnitude_series__angle_get_voltage_angle_series,true,Unknown,Ybus EMT reconstruction using exact complex bus-voltage phasors when available; otherwise diagnostic fallback
5.69,0.011062373469907794,0.0549667072136914,0.011062373469907794,0.0549667072136914,0.011062373469907794,0.0549667072136914,-3.0991816807050827,-0.43152395845454256,-3.1102440541749905,-0.48649066566823396,0.0,0.0,Vmag_get_voltage_magnitude_series__angle_get_voltage_angle_series,true,Unknown,Ybus EMT reconstruction using exact complex bus-voltage phasors when available; otherwise diagnostic fallback
5.7,0.011061757943336747,0.05496667681341516,0.011061757943336747,0.05496667681341516,0.011061757943336747,0.05496667681341516,-3.0991822962316538,-0.4315239888548188,-3.1102440541749905,-0.48649066566823396,0.0,0.0,Vmag_get_voltage_magnitude_series__angle_get_voltage_angle_series,true,Unknown,Ybus EMT reconstruction using exact complex bus-voltage phasors when available; otherwise diagnostic fallback
5.71,0.011061141890161608,0.054966646383461715,0.011061141890161608,0.054966646383461715,0.011061141890161608,0.054966646383461715,-3.099182912284829,-0.43152401928477224,-3.1102440541749905,-0.48649066566823396,0.0,0.0,Vmag_get_voltage_magnitude_series__angle_get_voltage_angle_series,true,Unknown,Ybus EMT reconstruction using exact complex bus-voltage phasors when available; otherwise diagnostic fallback
5.72,0.011060525357837303,0.05496661592297658,0.011060525357837303,0.05496661592297658,0.011060525357837303,0.05496661592297658,-3.099183528817153,-0.4315240497452574,-3.1102440541749905,-0.48649066566823396,0.0,0.0,Vmag_get_voltage_magnitude_series__angle_get_voltage_angle_series,true,Unknown,Ybus EMT reconstruction using exact complex bus-voltage phasors when available; otherwise diagnostic fallback
5.73,0.011059908393793894,0.05496658543138816,0.011059908393793894,0.05496658543138816,0.011059908393793894,0.05496658543138816,-3.0991841457811966,-0.4315240802368458,-3.1102440541749905,-0.48649066566823396,0.0,0.0,Vmag_get_voltage_magnitude_series__angle_get_voltage_angle_series,true,Unknown,Ybus EMT reconstruction using exact complex bus-voltage phasors when available; otherwise diagnostic fallback
5.74,0.011059291045316666,0.05496655490715424,0.011059291045316666,0.05496655490715424,0.011059291045316666,0.05496655490715424,-3.099184763129674,-0.4315241107610797,-3.1102440541749905,-0.48649066566823396,0.0,0.0,Vmag_get_voltage_magnitude_series__angle_get_voltage_angle_series,true,Unknown,Ybus EMT reconstruction using exact complex bus-voltage phasors when available; otherwise diagnostic fallback
5.75,0.011058673359713111,0.054966524350488766,0.011058673359713111,0.054966524350488766,0.011058673359713111,0.054966524350488766,-3.0991853808152774,-0.4315241413177452,-3.1102440541749905,-0.48649066566823396,0.0,0.0,Vmag_get_voltage_magnitude_series__angle_get_voltage_angle_series,true,Unknown,Ybus EMT reconstruction using exact complex bus-voltage phasors when available; otherwise diagnostic fallback
5.76,0.011058055383978083,0.05496649376048779,0.011058055383978083,0.05496649376048779,0.011058055383978083,0.05496649376048779,-3.0991859987910124,-0.43152417190774617,-3.1102440541749905,-0.48649066566823396,0.0,0.0,Vmag_get_voltage_magnitude_series__angle_get_voltage_angle_series,true,Unknown,Ybus EMT reconstruction using exact complex bus-voltage phasors when available; otherwise diagnostic fallback
5.77,0.011057437165143735,0.054966463136999655,0.011057437165143735,0.054966463136999655,0.011057437165143735,0.054966463136999655,-3.0991866170098468,-0.4315242025312343,-3.1102440541749905,-0.48649066566823396,0.0,0.0,Vmag_get_voltage_magnitude_series__angle_get_voltage_angle_series,true,Unknown,Ybus EMT reconstruction using exact complex bus-voltage phasors when available; otherwise diagnostic fallback
5.78,0.011056818750043718,0.05496643247977012,0.011056818750043718,0.05496643247977012,0.011056818750043718,0.05496643247977012,-3.099187235424947,-0.43152423318846383,-3.1102440541749905,-0.48649066566823396,0.0,0.0,Vmag_get_voltage_magnitude_series__angle_get_voltage_angle_series,true,Unknown,Ybus EMT reconstruction using exact complex bus-voltage phasors when available; otherwise diagnostic fallback
5.79,0.011056200185588505,0.054966401789369124,0.011056200185588505,0.054966401789369124,0.011056200185588505,0.054966401789369124,-3.099187853989402,-0.43152426387886483,-3.1102440541749905,-0.48649066566823396,0.0,0.0,Vmag_get_voltage_magnitude_series__angle_get_voltage_angle_series,true,Unknown,Ybus EMT reconstruction using exact complex bus-voltage phasors when available; otherwise diagnostic fallback
5.8,0.011055581518298219,0.054966371066543784,0.011055581518298219,0.054966371066543784,0.011055581518298219,0.054966371066543784,-3.0991884726566923,-0.4315242946016902,-3.1102440541749905,-0.48649066566823396,0.0,0.0,Vmag_get_voltage_magnitude_series__angle_get_voltage_angle_series,true,Unknown,Ybus EMT reconstruction using exact complex bus-voltage phasors when available; otherwise diagnostic fallback
5.81,0.011054962794700529,0.054966340312168016,0.011054962794700529,0.054966340312168016,0.011054962794700529,0.054966340312168016,-3.09918909138029,-0.43152432535606594,-3.1102440541749905,-0.48649066566823396,0.0,0.0,Vmag_get_voltage_magnitude_series__angle_get_voltage_angle_series,true,Unknown,Ybus EMT reconstruction using exact complex bus-voltage phasors when available; otherwise diagnostic fallback
5.82,0.011054344061172117,0.054966309526798374,0.011054344061172117,0.054966309526798374,0.011054344061172117,0.054966309526798374,-3.0991897101138184,-0.4315243561414356,-3.1102440541749905,-0.48649066566823396,0.0,0.0,Vmag_get_voltage_magnitude_series__angle_get_voltage_angle_series,true,Unknown,Ybus EMT reconstruction using exact complex bus-voltage phasors when available; otherwise diagnostic fallback
5.83,0.011053725363986189,0.05496627871215992,0.011053725363986189,0.05496627871215992,0.011053725363986189,0.05496627871215992,-3.0991903288110043,-0.43152438695607404,-3.1102440541749905,-0.48649066566823396,0.0,0.0,Vmag_get_voltage_magnitude_series__angle_get_voltage_angle_series,true,Unknown,Ybus EMT reconstruction using exact complex bus-voltage phasors when available; otherwise diagnostic fallback
5.84,0.011053106749025154,0.05496624787011006,0.011053106749025154,0.05496624787011006,0.011053106749025154,0.05496624787011006,-3.0991909474259653,-0.4315244177981239,-3.1102440541749905,-0.48649066566823396,0.0,0.0,Vmag_get_voltage_magnitude_series__angle_get_voltage_angle_series,true,Unknown,Ybus EMT reconstruction using exact complex bus-voltage phasors when available; otherwise diagnostic fallback
5.85,0.011052488262327298,0.05496621700283211,0.011052488262327298,0.05496621700283211,0.011052488262327298,0.05496621700283211,-3.099191565912663,-0.43152444866540185,-3.1102440541749905,-0.48649066566823396,0.0,0.0,Vmag_get_voltage_magnitude_series__angle_get_voltage_angle_series,true,Unknown,Ybus EMT reconstruction using exact complex bus-voltage phasors when available; otherwise diagnostic fallback
5.86,0.011051869949384674,0.054966186111937765,0.011051869949384674,0.054966186111937765,0.011051869949384674,0.054966186111937765,-3.099192184225606,-0.4315244795562962,-3.1102440541749905,-0.48649066566823396,0.0,0.0,Vmag_get_voltage_magnitude_series__angle_get_voltage_angle_series,true,Unknown,Ybus EMT reconstruction using exact complex bus-voltage phasors when available; otherwise diagnostic fallback
5.87,0.011051251855832778,0.054966155200705025,0.011051251855832778,0.054966155200705025,0.011051251855832778,0.054966155200705025,-3.0991928023191577,-0.43152451046752893,-3.1102440541749905,-0.48649066566823396,0.0,0.0,Vmag_get_voltage_magnitude_series__angle_get_voltage_angle_series,true,Unknown,Ybus EMT reconstruction using exact complex bus-voltage phasors when available; otherwise diagnostic fallback
5.88,0.01105063402685813,0.05496612427222103,0.01105063402685813,0.05496612427222103,0.01105063402685813,0.05496612427222103,-3.0991934201481324,-0.43152454139601293,-3.1102440541749905,-0.48649066566823396,0.0,0.0,Vmag_get_voltage_magnitude_series__angle_get_voltage_angle_series,true,Unknown,Ybus EMT reconstruction using exact complex bus-voltage phasors when available; otherwise diagnostic fallback
5.89,0.01105001650741455,0.05496609332900909,0.01105001650741455,0.05496609332900909,0.01105001650741455,0.05496609332900909,-3.099194037667576,-0.43152457233922487,-3.1102440541749905,-0.48649066566823396,0.0,0.0,Vmag_get_voltage_magnitude_series__angle_get_voltage_angle_series,true,Unknown,Ybus EMT reconstruction using exact complex bus-voltage phasors when available; otherwise diagnostic fallback
5.9,0.011049399342417665,0.05496606237526325,0.011049399342417665,0.05496606237526325,0.011049399342417665,0.05496606237526325,-3.099194654832573,-0.4315246032929707,-3.1102440541749905,-0.48649066566823396,0.0,0.0,Vmag_get_voltage_magnitude_series__angle_get_voltage_angle_series,true,Unknown,Ybus EMT reconstruction using exact complex bus-voltage phasors when available; otherwise diagnostic fallback
5.91,0.011048782576296379,0.054966031414584504,0.011048782576296379,0.054966031414584504,0.011048782576296379,0.054966031414584504,-3.099195271598694,-0.43152463425364945,-3.1102440541749905,-0.48649066566823396,0.0,0.0,Vmag_get_voltage_magnitude_series__angle_get_voltage_angle_series,true,Unknown,Ybus EMT reconstruction using exact complex bus-voltage phasors when available; otherwise diagnostic fallback
5.92,0.01104816625338012,0.05496600045082162,0.01104816625338012,0.05496600045082162,0.01104816625338012,0.05496600045082162,-3.0991958879216104,-0.43152466521741234,-3.1102440541749905,-0.48649066566823396,0.0,0.0,Vmag_get_voltage_magnitude_series__angle_get_voltage_angle_series,true,Unknown,Ybus EMT reconstruction using exact complex bus-voltage phasors when available; otherwise diagnostic fallback
5.93,0.011047550417590202,0.0549659694886232,0.011047550417590202,0.0549659694886232,0.011047550417590202,0.0549659694886232,-3.0991965037574003,-0.43152469617961076,-3.1102440541749905,-0.48649066566823396,0.0,0.0,Vmag_get_voltage_magnitude_series__angle_get_voltage_angle_series,true,Unknown,Ybus EMT reconstruction using exact complex bus-voltage phasors when available; otherwise diagnostic fallback
5.94,0.011046935112584144,0.054965938532033964,0.011046935112584144,0.054965938532033964,0.011046935112584144,0.054965938532033964,-3.0991971190624064,-0.4315247271362,-3.1102440541749905,-0.48649066566823396,0.0,0.0,Vmag_get_voltage_magnitude_series__angle_get_voltage_angle_series,true,Unknown,Ybus EMT reconstruction using exact complex bus-voltage phasors when available; otherwise diagnostic fallback
5.95,0.011046320381757013,0.05496590758577263,0.011046320381757013,0.05496590758577263,0.011046320381757013,0.05496590758577263,-3.0991977337932335,-0.4315247580824613,-3.1102440541749905,-0.48649066566823396,0.0,0.0,Vmag_get_voltage_magnitude_series__angle_get_voltage_angle_series,true,Unknown,Ybus EMT reconstruction using exact complex bus-voltage phasors when available; otherwise diagnostic fallback
5.96,0.011045706268123734,0.05496587665523317,0.011045706268123734,0.05496587665523317,0.011045706268123734,0.05496587665523317,-3.0991983479068668,-0.4315247890130008,-3.1102440541749905,-0.48649066566823396,0.0,0.0,Vmag_get_voltage_magnitude_series__angle_get_voltage_angle_series,true,Unknown,Ybus EMT reconstruction using exact complex bus-voltage phasors when available; otherwise diagnostic fallback
5.97,0.011045092814420787,0.05496584574472607,0.011045092814420787,0.05496584574472607,0.011045092814420787,0.05496584574472607,-3.0991989613605697,-0.4315248199235079,-3.1102440541749905,-0.48649066566823396,0.0,0.0,Vmag_get_voltage_magnitude_series__angle_get_voltage_angle_series,true,Unknown,Ybus EMT reconstruction using exact complex bus-voltage phasors when available; otherwise diagnostic fallback
5.98,0.011044480062963213,0.0549658148602758,0.011044480062963213,0.0549658148602758,0.011044480062963213,0.0549658148602758,-3.0991995741120273,-0.43152485080795816,-3.1102440541749905,-0.48649066566823396,0.0,0.0,Vmag_get_voltage_magnitude_series__angle_get_voltage_angle_series,true,Unknown,Ybus EMT reconstruction using exact complex bus-voltage phasors when available; otherwise diagnostic fallback
5.99,0.01104386805574853,0.054965784006428375,0.01104386805574853,0.054965784006428375,0.01104386805574853,0.054965784006428375,-3.099200186119242,-0.4315248816618056,-3.1102440541749905,-0.48649066566823396,0.0,0.0,Vmag_get_voltage_magnitude_series__angle_get_voltage_angle_series,true,Unknown,Ybus EMT reconstruction using exact complex bus-voltage phasors when available; otherwise diagnostic fallback
6.0,0.011043256834424309,0.05496575318906827,0.011043256834424309,0.05496575318906827,0.011043256834424309,0.05496575318906827,-3.099200797340566,-0.4315249124791657,-3.1102440541749905,-0.48649066566823396,0.0,0.0,Vmag_get_voltage_magnitude_series__angle_get_voltage_angle_series,true,Unknown,Ybus EMT reconstruction using exact complex bus-voltage phasors when available; otherwise diagnostic fallback
6.01,0.01104264644017583,0.05496572241356573,0.01104264644017583,0.05496572241356573,0.01104264644017583,0.05496572241356573,-3.0992014077348147,-0.4315249432546682,-3.1102440541749905,-0.48649066566823396,0.0,0.0,Vmag_get_voltage_magnitude_series__angle_get_voltage_angle_series,true,Unknown,Ybus EMT reconstruction using exact complex bus-voltage phasors when available; otherwise diagnostic fallback
6.02,0.011042036913833986,0.05496569168570353,0.011042036913833986,0.05496569168570353,0.011042036913833986,0.05496569168570353,-3.0992020172611565,-0.4315249739825304,-3.1102440541749905,-0.48649066566823396,0.0,0.0,Vmag_get_voltage_magnitude_series__angle_get_voltage_angle_series,true,Unknown,Ybus EMT reconstruction using exact complex bus-voltage phasors when available; otherwise diagnostic fallback
6.03,0.011041428295839761,0.05496566101052386,0.011041428295839761,0.05496566101052386,0.011041428295839761,0.05496566101052386,-3.0992026258791507,-0.4315250046577101,-3.1102440541749905,-0.48649066566823396,0.0,0.0,Vmag_get_voltage_magnitude_series__angle_get_voltage_angle_series,true,Unknown,Ybus EMT reconstruction using exact complex bus-voltage phasors when available; otherwise diagnostic fallback
6.04,0.011040820626237569,0.05496563039422325,0.011040820626237569,0.05496563039422325,0.011040820626237569,0.05496563039422325,-3.099203233548753,-0.4315250352740107,-3.1102440541749905,-0.48649066566823396,0.0,0.0,Vmag_get_voltage_magnitude_series__angle_get_voltage_angle_series,true,Unknown,Ybus EMT reconstruction using exact complex bus-voltage phasors when available; otherwise diagnostic fallback
6.05,0.011040213944587318,0.05496559984225069,0.011040213944587318,0.05496559984225069,0.011040213944587318,0.05496559984225069,-3.099203840230403,-0.43152506582598327,-3.1102440541749905,-0.48649066566823396,0.0,0.0,Vmag_get_voltage_magnitude_series__angle_get_voltage_angle_series,true,Unknown,Ybus EMT reconstruction using exact complex bus-voltage phasors when available; otherwise diagnostic fallback
6.06,0.011039608290058123,0.05496556935992508,0.011039608290058123,0.05496556935992508,0.011039608290058123,0.05496556935992508,-3.0992044458849324,-0.4315250963083089,-3.1102440541749905,-0.48649066566823396,0.0,0.0,Vmag_get_voltage_magnitude_series__angle_get_voltage_angle_series,true,Unknown,Ybus EMT reconstruction using exact complex bus-voltage phasors when available; otherwise diagnostic fallback
6.07,0.01103900370131683,0.0549655389530726,0.01103900370131683,0.0549655389530726,0.01103900370131683,0.0549655389530726,-3.0992050504736737,-0.43152512671516136,-3.1102440541749905,-0.48649066566823396,0.0,0.0,Vmag_get_voltage_magnitude_series__angle_get_voltage_angle_series,true,Unknown,Ybus EMT reconstruction using exact complex bus-voltage phasors when available; otherwise diagnostic fallback
6.08,0.011038400216784705,0.05496550862770111,0.011038400216784705,0.05496550862770111,0.011038400216784705,0.05496550862770111,-3.099205653958206,-0.43152515704053285,-3.1102440541749905,-0.48649066566823396,0.0,0.0,Vmag_get_voltage_magnitude_series__angle_get_voltage_angle_series,true,Unknown,Ybus EMT reconstruction using exact complex bus-voltage phasors when available; otherwise diagnostic fallback
6.09,0.011037797874152933,0.0549654783883326,0.011037797874152933,0.0549654783883326,0.011037797874152933,0.0549654783883326,-3.0992062563008376,-0.43152518727990136,-3.1102440541749905,-0.48649066566823396,0.0,0.0,Vmag_get_voltage_magnitude_series__angle_get_voltage_angle_series,true,Unknown,Ybus EMT reconstruction using exact complex bus-voltage phasors when available; otherwise diagnostic fallback
6.1,0.011037196710772523,0.05496544824063232,0.011037196710772523,0.05496544824063232,0.011037196710772523,0.05496544824063232,-3.099206857464218,-0.43152521742760164,-3.1102440541749905,-0.48649066566823396,0.0,0.0,Vmag_get_voltage_magnitude_series__angle_get_voltage_angle_series,true,Unknown,Ybus EMT reconstruction using exact complex bus-voltage phasors when available; otherwise diagnostic fallback
6.11,0.01103659676365254,0.054965418190210835,0.01103659676365254,0.054965418190210835,0.01103659676365254,0.054965418190210835,-3.099207457411338,-0.4315252474780231,-3.1102440541749905,-0.48649066566823396,0.0,0.0,Vmag_get_voltage_magnitude_series__angle_get_voltage_angle_series,true,Unknown,Ybus EMT reconstruction using exact complex bus-voltage phasors when available; otherwise diagnostic fallback
6.12,0.011035998069164776,0.0549653882420435,0.011035998069164776,0.0549653882420435,0.011035998069164776,0.0549653882420435,-3.0992080561058257,-0.43152527742619046,-3.1102440541749905,-0.48649066566823396,0.0,0.0,Vmag_get_voltage_magnitude_series__angle_get_voltage_angle_series,true,Unknown,Ybus EMT reconstruction using exact complex bus-voltage phasors when available; otherwise diagnostic fallback
6.13,0.011035400663275574,0.054965358400701936,0.011035400663275574,0.054965358400701936,0.011035400663275574,0.054965358400701936,-3.099208653511715,-0.431525307267532,-3.1102440541749905,-0.48649066566823396,0.0,0.0,Vmag_get_voltage_magnitude_series__angle_get_voltage_angle_series,true,Unknown,Ybus EMT reconstruction using exact complex bus-voltage phasors when available; otherwise diagnostic fallback
6.14,0.011034804581446345,0.05496532867135767,0.011034804581446345,0.05496532867135767,0.011034804581446345,0.05496532867135767,-3.099209249593544,-0.4315253369968763,-3.1102440541749905,-0.48649066566823396,0.0,0.0,Vmag_get_voltage_magnitude_series__angle_get_voltage_angle_series,true,Unknown,Ybus EMT reconstruction using exact complex bus-voltage phasors when available; otherwise diagnostic fallback
6.15,0.011034209858741928,0.054965299059211215,0.011034209858741928,0.054965299059211215,0.011034209858741928,0.054965299059211215,-3.0992098443162486,-0.43152536660902274,-3.1102440541749905,-0.48649066566823396,0.0,0.0,Vmag_get_voltage_magnitude_series__angle_get_voltage_angle_series,true,Unknown,Ybus EMT reconstruction using exact complex bus-voltage phasors when available; otherwise diagnostic fallback
6.16,0.011033616529701806,0.05496526956778075,0.011033616529701806,0.05496526956778075,0.011033616529701806,0.05496526956778075,-3.0992104376452887,-0.4315253961004532,-3.1102440541749905,-0.48649066566823396,0.0,0.0,Vmag_get_voltage_magnitude_series__angle_get_voltage_angle_series,true,Unknown,Ybus EMT reconstruction using exact complex bus-voltage phasors when available; otherwise diagnostic fallback
6.17,0.011033024628298804,0.054965240202432764,0.011033024628298804,0.054965240202432764,0.011033024628298804,0.054965240202432764,-3.0992110295466917,-0.4315254254658012,-3.1102440541749905,-0.48649066566823396,0.0,0.0,Vmag_get_voltage_magnitude_series__angle_get_voltage_angle_series,true,Unknown,Ybus EMT reconstruction using exact complex bus-voltage phasors when available; otherwise diagnostic fallback
6.18,0.0110324341881749,0.05496521096688223,0.0110324341881749,0.05496521096688223,0.0110324341881749,0.05496521096688223,-3.0992116199868156,-0.43152545470135173,-3.1102440541749905,-0.48649066566823396,0.0,0.0,Vmag_get_voltage_magnitude_series__angle_get_voltage_angle_series,true,Unknown,Ybus EMT reconstruction using exact complex bus-voltage phasors when available; otherwise diagnostic fallback
6.19,0.011031845242428062,0.054965181864966295,0.011031845242428062,0.054965181864966295,0.011031845242428062,0.054965181864966295,-3.0992122089325624,-0.43152548380326766,-3.1102440541749905,-0.48649066566823396,0.0,0.0,Vmag_get_voltage_magnitude_series__angle_get_voltage_angle_series,true,Unknown,Ybus EMT reconstruction using exact complex bus-voltage phasors when available; otherwise diagnostic fallback
6.2,0.011031257823601592,0.05496515290049936,0.011031257823601592,0.05496515290049936,0.011031257823601592,0.05496515290049936,-3.099212796351389,-0.4315255127677346,-3.1102440541749905,-0.48649066566823396,0.0,0.0,Vmag_get_voltage_magnitude_series__angle_get_voltage_angle_series,true,Unknown,Ybus EMT reconstruction using exact complex bus-voltage phasors when available; otherwise diagnostic fallback
6.21,0.011030671963989214,0.054965124077604566,0.011030671963989214,0.054965124077604566,0.011030671963989214,0.054965124077604566,-3.0992133822110013,-0.4315255415906294,-3.1102440541749905,-0.48649066566823396,0.0,0.0,Vmag_get_voltage_magnitude_series__angle_get_voltage_angle_series,true,Unknown,Ybus EMT reconstruction using exact complex bus-voltage phasors when available; otherwise diagnostic fallback
6.22,0.011030087695121704,0.054965095399418296,0.011030087695121704,0.054965095399418296,0.011030087695121704,0.054965095399418296,-3.099213966479869,-0.43152557026881566,-3.1102440541749905,-0.48649066566823396,0.0,0.0,Vmag_get_voltage_magnitude_series__angle_get_voltage_angle_series,true,Unknown,Ybus EMT reconstruction using exact complex bus-voltage phasors when available; otherwise diagnostic fallback
6.23,0.01102950504823097,0.05496506686908664,0.01102950504823097,0.05496506686908664,0.01102950504823097,0.05496506686908664,-3.0992145491267595,-0.4315255987991473,-3.1102440541749905,-0.48649066566823396,0.0,0.0,Vmag_get_voltage_magnitude_series__angle_get_voltage_angle_series,true,Unknown,Ybus EMT reconstruction using exact complex bus-voltage phasors when available; otherwise diagnostic fallback
6.24,0.011028924054021783,0.05496503849006501,0.011028924054021783,0.05496503849006501,0.011028924054021783,0.05496503849006501,-3.0992151301209687,-0.43152562717816895,-3.1102440541749905,-0.48649066566823396,0.0,0.0,Vmag_get_voltage_magnitude_series__angle_get_voltage_angle_series,true,Unknown,Ybus EMT reconstruction using exact complex bus-voltage phasors when available; otherwise diagnostic fallback
6.25,0.011028344742751717,0.054965010264617586,0.011028344742751717,0.054965010264617586,0.011028344742751717,0.054965010264617586,-3.099215709432239,-0.43152565540361637,-3.1102440541749905,-0.48649066566823396,0.0,0.0,Vmag_get_voltage_magnitude_series__angle_get_voltage_angle_series,true,Unknown,Ybus EMT reconstruction using exact complex bus-voltage phasors when available; otherwise diagnostic fallback
6.26,0.011027767144189404,0.054964982195873036,0.011027767144189404,0.054964982195873036,0.011027767144189404,0.054964982195873036,-3.099216287030801,-0.4315256834723609,-3.1102440541749905,-0.48649066566823396,0.0,0.0,Vmag_get_voltage_magnitude_series__angle_get_voltage_angle_series,true,Unknown,Ybus EMT reconstruction using exact complex bus-voltage phasors when available; otherwise diagnostic fallback
6.27,0.011027191287624305,0.054964954286149725,0.011027191287624305,0.054964954286149725,0.011027191287624305,0.054964954286149725,-3.099216862887366,-0.43152571138208423,-3.1102440541749905,-0.48649066566823396,0.0,0.0,Vmag_get_voltage_magnitude_series__angle_get_voltage_angle_series,true,Unknown,Ybus EMT reconstruction using exact complex bus-voltage phasors when available; otherwise diagnostic fallback
6.28,0.011026617201971511,0.054964926537785785,0.011026617201971511,0.054964926537785785,0.011026617201971511,0.054964926537785785,-3.099217436973019,-0.43152573913044817,-3.1102440541749905,-0.48649066566823396,0.0,0.0,Vmag_get_voltage_magnitude_series__angle_get_voltage_angle_series,true,Unknown,Ybus EMT reconstruction using exact complex bus-voltage phasors when available; otherwise diagnostic fallback
6.29,0.011026044915510624,0.054964898952582164,0.011026044915510624,0.054964898952582164,0.011026044915510624,0.054964898952582164,-3.09921800925948,-0.4315257667156518,-3.1102440541749905,-0.48649066566823396,0.0,0.0,Vmag_get_voltage_magnitude_series__angle_get_voltage_angle_series,true,Unknown,Ybus EMT reconstruction using exact complex bus-voltage phasors when available; otherwise diagnostic fallback
6.3,0.011025474456346718,0.05496487153311658,0.011025474456346718,0.05496487153311658,0.011025474456346718,0.05496487153311658,-3.099218579718644,-0.4315257941351174,-3.1102440541749905,-0.48649066566823396,0.0,0.0,Vmag_get_voltage_magnitude_series__angle_get_voltage_angle_series,true,Unknown,Ybus EMT reconstruction using exact complex bus-voltage phasors when available; otherwise diagnostic fallback
6.31,0.011024905851821476,0.054964844280610436,0.011024905851821476,0.054964844280610436,0.011024905851821476,0.054964844280610436,-3.099219148323169,-0.4315258213876235,-3.1102440541749905,-0.48649066566823396,0.0,0.0,Vmag_get_voltage_magnitude_series__angle_get_voltage_angle_series,true,Unknown,Ybus EMT reconstruction using exact complex bus-voltage phasors when available; otherwise diagnostic fallback
6.32,0.011024339129084737,0.054964817196957394,0.011024339129084737,0.054964817196957394,0.011024339129084737,0.054964817196957394,-3.0992197150459058,-0.43152584847127656,-3.1102440541749905,-0.48649066566823396,0.0,0.0,Vmag_get_voltage_magnitude_series__angle_get_voltage_angle_series,true,Unknown,Ybus EMT reconstruction using exact complex bus-voltage phasors when available; otherwise diagnostic fallback
6.33,0.011023774314736112,0.054964790283718146,0.011023774314736112,0.054964790283718146,0.011023774314736112,0.054964790283718146,-3.0992202798602544,-0.4315258753845158,-3.1102440541749905,-0.48649066566823396,0.0,0.0,Vmag_get_voltage_magnitude_series__angle_get_voltage_angle_series,true,Unknown,Ybus EMT reconstruction using exact complex bus-voltage phasors when available; otherwise diagnostic fallback
6.34,0.01102321143492091,0.05496476354210089,0.01102321143492091,0.05496476354210089,0.01102321143492091,0.05496476354210089,-3.0992208427400696,-0.43152590212613307,-3.1102440541749905,-0.48649066566823396,0.0,0.0,Vmag_get_voltage_magnitude_series__angle_get_voltage_angle_series,true,Unknown,Ybus EMT reconstruction using exact complex bus-voltage phasors when available; otherwise diagnostic fallback
6.35,0.011022650515413623,0.05496473697279247,0.011022650515413623,0.05496473697279247,0.011022650515413623,0.05496473697279247,-3.099221403659577,-0.4315259286954415,-3.1102440541749905,-0.48649066566823396,0.0,0.0,Vmag_get_voltage_magnitude_series__angle_get_voltage_angle_series,true,Unknown,Ybus EMT reconstruction using exact complex bus-voltage phasors when available; otherwise diagnostic fallback
6.36,0.011022091581507798,0.05496471057799662,0.011022091581507798,0.05496471057799662,0.011022091581507798,0.05496471057799662,-3.0992219625934827,-0.43152595509023733,-3.1102440541749905,-0.48649066566823396,0.0,0.0,Vmag_get_voltage_magnitude_series__angle_get_voltage_angle_series,true,Unknown,Ybus EMT reconstruction using exact complex bus-voltage phasors when available; otherwise diagnostic fallback
6.37,0.011021534658171017,0.05496468435777224,0.011021534658171017,0.05496468435777224,0.011021534658171017,0.05496468435777224,-3.0992225195168195,-0.4315259813104617,-3.1102440541749905,-0.48649066566823396,0.0,0.0,Vmag_get_voltage_magnitude_series__angle_get_voltage_angle_series,true,Unknown,Ybus EMT reconstruction using exact complex bus-voltage phasors when available; otherwise diagnostic fallback
6.38,0.01102097976981975,0.054964658313286785,0.01102097976981975,0.054964658313286785,0.01102097976981975,0.054964658313286785,-3.0992230744051708,-0.43152600735494717,-3.1102440541749905,-0.48649066566823396,0.0,0.0,Vmag_get_voltage_magnitude_series__angle_get_voltage_angle_series,true,Unknown,Ybus EMT reconstruction using exact complex bus-voltage phasors when available; otherwise diagnostic fallback
6.39,0.011020426940554273,0.054964632445201056,0.011020426940554273,0.054964632445201056,0.011020426940554273,0.054964632445201056,-3.0992236272344362,-0.4315260332230329,-3.1102440541749905,-0.48649066566823396,0.0,0.0,Vmag_get_voltage_magnitude_series__angle_get_voltage_angle_series,true,Unknown,Ybus EMT reconstruction using exact complex bus-voltage phasors when available; otherwise diagnostic fallback
6.4,0.011019876194076073,0.05496460675416093,0.011019876194076073,0.05496460675416093,0.011019876194076073,0.05496460675416093,-3.0992241779809144,-0.43152605891407303,-3.1102440541749905,-0.48649066566823396,0.0,0.0,Vmag_get_voltage_magnitude_series__angle_get_voltage_angle_series,true,Unknown,Ybus EMT reconstruction using exact complex bus-voltage phasors when available; otherwise diagnostic fallback
6.41,0.011019327553587033,0.05496458124051479,0.011019327553587033,0.05496458124051479,0.011019327553587033,0.05496458124051479,-3.0992247266214035,-0.43152608442771917,-3.1102440541749905,-0.48649066566823396,0.0,0.0,Vmag_get_voltage_magnitude_series__angle_get_voltage_angle_series,true,Unknown,Ybus EMT reconstruction using exact complex bus-voltage phasors when available; otherwise diagnostic fallback
6.42,0.011018781042002601,0.05496455590541599,0.011018781042002601,0.05496455590541599,0.011018781042002601,0.05496455590541599,-3.099225273132988,-0.43152610976281797,-3.1102440541749905,-0.48649066566823396,0.0,0.0,Vmag_get_voltage_magnitude_series__angle_get_voltage_angle_series,true,Unknown,Ybus EMT reconstruction using exact complex bus-voltage phasors when available; otherwise diagnostic fallback
6.43,0.011018236681798133,0.05496453074859292,0.011018236681798133,0.05496453074859292,0.011018236681798133,0.05496453074859292,-3.0992258174931924,-0.43152613491964104,-3.1102440541749905,-0.48649066566823396,0.0,0.0,Vmag_get_voltage_magnitude_series__angle_get_voltage_angle_series,true,Unknown,Ybus EMT reconstruction using exact complex bus-voltage phasors when available; otherwise diagnostic fallback
6.44,0.011017694495074615,0.054964505770508654,0.011017694495074615,0.054964505770508654,0.011017694495074615,0.054964505770508654,-3.099226359679916,-0.4315261598977253,-3.1102440541749905,-0.48649066566823396,0.0,0.0,Vmag_get_voltage_magnitude_series__angle_get_voltage_angle_series,true,Unknown,Ybus EMT reconstruction using exact complex bus-voltage phasors when available; otherwise diagnostic fallback
6.45,0.011017154503510262,0.05496448097189166,0.011017154503510262,0.05496448097189166,0.011017154503510262,0.05496448097189166,-3.0992268996714802,-0.4315261846963423,-3.1102440541749905,-0.48649066566823396,0.0,0.0,Vmag_get_voltage_magnitude_series__angle_get_voltage_angle_series,true,Unknown,Ybus EMT reconstruction using exact complex bus-voltage phasors when available; otherwise diagnostic fallback
6.46,0.011016616728425355,0.05496445635266817,0.011016616728425355,0.05496445635266817,0.011016616728425355,0.05496445635266817,-3.099227437446565,-0.4315262093155658,-3.1102440541749905,-0.48649066566823396,0.0,0.0,Vmag_get_voltage_magnitude_series__angle_get_voltage_angle_series,true,Unknown,Ybus EMT reconstruction using exact complex bus-voltage phasors when available; otherwise diagnostic fallback
6.47,0.011016081190813765,0.05496443191321759,0.011016081190813765,0.05496443191321759,0.011016081190813765,0.05496443191321759,-3.0992279729841767,-0.43152623375501636,-3.1102440541749905,-0.48649066566823396,0.0,0.0,Vmag_get_voltage_magnitude_series__angle_get_voltage_angle_series,true,Unknown,Ybus EMT reconstruction using exact complex bus-voltage phasors when available; otherwise diagnostic fallback
6.48,0.01101554791118442,0.05496440765367755,0.01101554791118442,0.05496440765367755,0.01101554791118442,0.05496440765367755,-3.099228506263806,-0.4315262580145564,-3.1102440541749905,-0.48649066566823396,0.0,0.0,Vmag_get_voltage_magnitude_series__angle_get_voltage_angle_series,true,Unknown,Ybus EMT reconstruction using exact complex bus-voltage phasors when available; otherwise diagnostic fallback
6.49,0.011015016909838415,0.054964383574444386,0.011015016909838415,0.054964383574444386,0.011015016909838415,0.054964383574444386,-3.099229037265152,-0.43152628209378957,-3.1102440541749905,-0.48649066566823396,0.0,0.0,Vmag_get_voltage_magnitude_series__angle_get_voltage_angle_series,true,Unknown,Ybus EMT reconstruction using exact complex bus-voltage phasors when available; otherwise diagnostic fallback
6.5,0.011014488206522621,0.054964359675476415,0.011014488206522621,0.054964359675476415,0.011014488206522621,0.054964359675476415,-3.099229565968468,-0.43152630599275754,-3.1102440541749905,-0.48649066566823396,0.0,0.0,Vmag_get_voltage_magnitude_series__angle_get_voltage_angle_series,true,Unknown,Ybus EMT reconstruction using exact complex bus-voltage phasors when available; otherwise diagnostic fallback
6.51,0.011013961820726337,0.0549643359567647,0.011013961820726337,0.0549643359567647,0.011013961820726337,0.0549643359567647,-3.099230092354264,-0.43152632971146926,-3.1102440541749905,-0.48649066566823396,0.0,0.0,Vmag_get_voltage_magnitude_series__angle_get_voltage_angle_series,true,Unknown,Ybus EMT reconstruction using exact complex bus-voltage phasors when available; otherwise diagnostic fallback
6.52,0.01101343777164665,0.05496431241909783,0.01101343777164665,0.05496431241909783,0.01101343777164665,0.05496431241909783,-3.099230616403344,-0.43152635324913613,-3.1102440541749905,-0.48649066566823396,0.0,0.0,Vmag_get_voltage_magnitude_series__angle_get_voltage_angle_series,true,Unknown,Ybus EMT reconstruction using exact complex bus-voltage phasors when available; otherwise diagnostic fallback
6.53,0.011012916077972612,0.05496428906228934,0.011012916077972612,0.05496428906228934,0.011012916077972612,0.05496428906228934,-3.099231138097018,-0.4315263766059446,-3.1102440541749905,-0.48649066566823396,0.0,0.0,Vmag_get_voltage_magnitude_series__angle_get_voltage_angle_series,true,Unknown,Ybus EMT reconstruction using exact complex bus-voltage phasors when available; otherwise diagnostic fallback
6.54,0.011012396758132148,0.054964265886430774,0.011012396758132148,0.054964265886430774,0.011012396758132148,0.054964265886430774,-3.0992316574168584,-0.4315263997818032,-3.1102440541749905,-0.48649066566823396,0.0,0.0,Vmag_get_voltage_magnitude_series__angle_get_voltage_angle_series,true,Unknown,Ybus EMT reconstruction using exact complex bus-voltage phasors when available; otherwise diagnostic fallback
6.55,0.011011879830187254,0.05496424289169599,0.011011879830187254,0.05496424289169599,0.011011879830187254,0.05496424289169599,-3.0992321743448032,-0.43152642277653797,-3.1102440541749905,-0.48649066566823396,0.0,0.0,Vmag_get_voltage_magnitude_series__angle_get_voltage_angle_series,true,Unknown,Ybus EMT reconstruction using exact complex bus-voltage phasors when available; otherwise diagnostic fallback
6.56,0.011011365311861532,0.05496422007860208,0.011011365311861532,0.05496422007860208,0.011011365311861532,0.05496422007860208,-3.099232688863129,-0.4315264455896319,-3.1102440541749905,-0.48649066566823396,0.0,0.0,Vmag_get_voltage_magnitude_series__angle_get_voltage_angle_series,true,Unknown,Ybus EMT reconstruction using exact complex bus-voltage phasors when available; otherwise diagnostic fallback
6.57,0.011010853220462913,0.05496419744717579,0.011010853220462913,0.05496419744717579,0.011010853220462913,0.05496419744717579,-3.0992332009545276,-0.43152646822105817,-3.1102440541749905,-0.48649066566823396,0.0,0.0,Vmag_get_voltage_magnitude_series__angle_get_voltage_angle_series,true,Unknown,Ybus EMT reconstruction using exact complex bus-voltage phasors when available; otherwise diagnostic fallback
6.58,0.011010343572987136,0.05496417499780065,0.011010343572987136,0.05496417499780065,0.011010343572987136,0.05496417499780065,-3.0992337106020034,-0.4315264906704333,-3.1102440541749905,-0.48649066566823396,0.0,0.0,Vmag_get_voltage_magnitude_series__angle_get_voltage_angle_series,true,Unknown,Ybus EMT reconstruction using exact complex bus-voltage phasors when available; otherwise diagnostic fallback
6.59,0.011009836386171035,0.05496415273054678,0.011009836386171035,0.05496415273054678,0.011009836386171035,0.05496415273054678,-3.0992342177888195,-0.4315265129376872,-3.1102440541749905,-0.48649066566823396,0.0,0.0,Vmag_get_voltage_magnitude_series__angle_get_voltage_angle_series,true,Unknown,Ybus EMT reconstruction using exact complex bus-voltage phasors when available; otherwise diagnostic fallback
6.6,0.011009331676295808,0.054964130645609566,0.011009331676295808,0.054964130645609566,0.011009331676295808,0.054964130645609566,-3.0992347224986947,-0.4315265350226244,-3.1102440541749905,-0.48649066566823396,0.0,0.0,Vmag_get_voltage_magnitude_series__angle_get_voltage_angle_series,true,Unknown,Ybus EMT reconstruction using exact complex bus-voltage phasors when available; otherwise diagnostic fallback
6.61,0.011008829459334457,0.05496410874384605,0.011008829459334457,0.05496410874384605,0.011008829459334457,0.05496410874384605,-3.099235224715656,-0.4315265569243879,-3.1102440541749905,-0.48649066566823396,0.0,0.0,Vmag_get_voltage_magnitude_series__angle_get_voltage_angle_series,true,Unknown,Ybus EMT reconstruction using exact complex bus-voltage phasors when available; otherwise diagnostic fallback
6.62,0.011008329751005963,0.05496408702514671,0.011008329751005963,0.05496408702514671,0.011008329751005963,0.05496408702514671,-3.0992357244239845,-0.43152657864308724,-3.1102440541749905,-0.48649066566823396,0.0,0.0,Vmag_get_voltage_magnitude_series__angle_get_voltage_angle_series,true,Unknown,Ybus EMT reconstruction using exact complex bus-voltage phasors when available; otherwise diagnostic fallback
6.63,0.011007832566470643,0.05496406548971111,0.011007832566470643,0.05496406548971111,0.011007832566470643,0.05496406548971111,-3.09923622160852,-0.43152660017852285,-3.1102440541749905,-0.48649066566823396,0.0,0.0,Vmag_get_voltage_magnitude_series__angle_get_voltage_angle_series,true,Unknown,Ybus EMT reconstruction using exact complex bus-voltage phasors when available; otherwise diagnostic fallback
6.64,0.011007337920771576,0.05496404413846684,0.011007337920771576,0.05496404413846684,0.011007337920771576,0.05496404413846684,-3.099236716254219,-0.4315266215297671,-3.1102440541749905,-0.48649066566823396,0.0,0.0,Vmag_get_voltage_magnitude_series__angle_get_voltage_angle_series,true,Unknown,Ybus EMT reconstruction using exact complex bus-voltage phasors when available; otherwise diagnostic fallback
6.65,0.011006845828559264,0.0549640229713263,0.011006845828559264,0.0549640229713263,0.011006845828559264,0.0549640229713263,-3.0992372083464312,-0.43152664269690766,-3.1102440541749905,-0.48649066566823396,0.0,0.0,Vmag_get_voltage_magnitude_series__angle_get_voltage_angle_series,true,Unknown,Ybus EMT reconstruction using exact complex bus-voltage phasors when available; otherwise diagnostic fallback
6.66,0.011006356304075648,0.0549640019892122,0.011006356304075648,0.0549640019892122,0.011006356304075648,0.0549640019892122,-3.099237697870915,-0.43152666367902176,-3.1102440541749905,-0.48649066566823396,0.0,0.0,Vmag_get_voltage_magnitude_series__angle_get_voltage_angle_series,true,Unknown,Ybus EMT reconstruction using exact complex bus-voltage phasors when available; otherwise diagnostic fallback
6.67,0.011005869361234488,0.054963981191959554,0.011005869361234488,0.054963981191959554,0.011005869361234488,0.054963981191959554,-3.099238184813756,-0.4315266844762744,-3.1102440541749905,-0.48649066566823396,0.0,0.0,Vmag_get_voltage_magnitude_series__angle_get_voltage_angle_series,true,Unknown,Ybus EMT reconstruction using exact complex bus-voltage phasors when available; otherwise diagnostic fallback
6.68,0.011005385013761693,0.054963960580769244,0.011005385013761693,0.054963960580769244,0.011005385013761693,0.054963960580769244,-3.099238669161229,-0.4315267050874647,-3.1102440541749905,-0.48649066566823396,0.0,0.0,Vmag_get_voltage_magnitude_series__angle_get_voltage_angle_series,true,Unknown,Ybus EMT reconstruction using exact complex bus-voltage phasors when available; otherwise diagnostic fallback
6.69,0.011004903274799194,0.054963940155665025,0.011004903274799194,0.054963940155665025,0.011004903274799194,0.054963940155665025,-3.0992391509001913,-0.43152672551256893,-3.1102440541749905,-0.48649066566823396,0.0,0.0,Vmag_get_voltage_magnitude_series__angle_get_voltage_angle_series,true,Unknown,Ybus EMT reconstruction using exact complex bus-voltage phasors when available; otherwise diagnostic fallback
6.7,0.011004424157426307,0.05496391991726324,0.011004424157426307,0.05496391991726324,0.011004424157426307,0.05496391991726324,-3.099239630017564,-0.4315267457509707,-3.1102440541749905,-0.48649066566823396,0.0,0.0,Vmag_get_voltage_magnitude_series__angle_get_voltage_angle_series,true,Unknown,Ybus EMT reconstruction using exact complex bus-voltage phasors when available; otherwise diagnostic fallback
6.71,0.01100394767414592,0.05496389986581651,0.01100394767414592,0.05496389986581651,0.01100394767414592,0.05496389986581651,-3.0992401065008446,-0.43152676580241744,-3.1102440541749905,-0.48649066566823396,0.0,0.0,Vmag_get_voltage_magnitude_series__angle_get_voltage_angle_series,true,Unknown,Ybus EMT reconstruction using exact complex bus-voltage phasors when available; otherwise diagnostic fallback
6.72,0.011003473837259303,0.054963880002287524,0.011003473837259303,0.054963880002287524,0.011003473837259303,0.054963880002287524,-3.099240580337731,-0.43152678566594643,-3.1102440541749905,-0.48649066566823396,0.0,0.0,Vmag_get_voltage_magnitude_series__angle_get_voltage_angle_series,true,Unknown,Ybus EMT reconstruction using exact complex bus-voltage phasors when available; otherwise diagnostic fallback
6.73,0.011003002658724448,0.05496386032672723,0.011003002658724448,0.05496386032672723,0.011003002658724448,0.05496386032672723,-3.099241051516266,-0.4315268053415067,-3.1102440541749905,-0.48649066566823396,0.0,0.0,Vmag_get_voltage_magnitude_series__angle_get_voltage_angle_series,true,Unknown,Ybus EMT reconstruction using exact complex bus-voltage phasors when available; otherwise diagnostic fallback
6.74,0.011002534150142296,0.05496384084049055,0.011002534150142296,0.05496384084049055,0.011002534150142296,0.05496384084049055,-3.099241520024848,-0.4315268248277434,-3.1102440541749905,-0.48649066566823396,0.0,0.0,Vmag_get_voltage_magnitude_series__angle_get_voltage_angle_series,true,Unknown,Ybus EMT reconstruction using exact complex bus-voltage phasors when available; otherwise diagnostic fallback
6.75,0.011002068322722103,0.05496382154334062,0.011002068322722103,0.05496382154334062,0.011002068322722103,0.05496382154334062,-3.0992419858522684,-0.43152684412489334,-3.1102440541749905,-0.48649066566823396,0.0,0.0,Vmag_get_voltage_magnitude_series__angle_get_voltage_angle_series,true,Unknown,Ybus EMT reconstruction using exact complex bus-voltage phasors when available; otherwise diagnostic fallback
6.76,0.011001605187434649,0.05496380243619997,0.011001605187434649,0.05496380243619997,0.011001605187434649,0.05496380243619997,-3.099242448987556,-0.431526863232034,-3.1102440541749905,-0.48649066566823396,0.0,0.0,Vmag_get_voltage_magnitude_series__angle_get_voltage_angle_series,true,Unknown,Ybus EMT reconstruction using exact complex bus-voltage phasors when available; otherwise diagnostic fallback
6.77,0.011001144754917647,0.05496378351896919,0.011001144754917647,0.05496378351896919,0.011001144754917647,0.05496378351896919,-3.099242909420073,-0.43152688214926477,-3.1102440541749905,-0.48649066566823396,0.0,0.0,Vmag_get_voltage_magnitude_series__angle_get_voltage_angle_series,true,Unknown,Ybus EMT reconstruction using exact complex bus-voltage phasors when available; otherwise diagnostic fallback
6.78,0.011000687035377599,0.054963764792926806,0.011000687035377599,0.054963764792926806,0.011000687035377599,0.054963764792926806,-3.099243367139613,-0.43152690087530715,-3.1102440541749905,-0.48649066566823396,0.0,0.0,Vmag_get_voltage_magnitude_series__angle_get_voltage_angle_series,true,Unknown,Ybus EMT reconstruction using exact complex bus-voltage phasors when available; otherwise diagnostic fallback
6.79,0.011000232038859803,0.05496374625850359,0.011000232038859803,0.05496374625850359,0.011000232038859803,0.05496374625850359,-3.0992438221361307,-0.43152691940973037,-3.1102440541749905,-0.48649066566823396,0.0,0.0,Vmag_get_voltage_magnitude_series__angle_get_voltage_angle_series,true,Unknown,Ybus EMT reconstruction using exact complex bus-voltage phasors when available; otherwise diagnostic fallback
6.8,0.010999779774861107,0.054963727915777305,0.010999779774861107,0.054963727915777305,0.010999779774861107,0.054963727915777305,-3.0992442744001294,-0.43152693775245665,-3.1102440541749905,-0.48649066566823396,0.0,0.0,Vmag_get_voltage_magnitude_series__angle_get_voltage_angle_series,true,Unknown,Ybus EMT reconstruction using exact complex bus-voltage phasors when available; otherwise diagnostic fallback
6.81,0.010999330252618567,0.05496370976560455,0.010999330252618567,0.05496370976560455,0.010999330252618567,0.05496370976560455,-3.099244723922372,-0.4315269559026294,-3.1102440541749905,-0.48649066566823396,0.0,0.0,Vmag_get_voltage_magnitude_series__angle_get_voltage_angle_series,true,Unknown,Ybus EMT reconstruction using exact complex bus-voltage phasors when available; otherwise diagnostic fallback
6.82,0.010998883481203592,0.054963691808179116,0.010998883481203592,0.054963691808179116,0.010998883481203592,0.054963691808179116,-3.099245170693787,-0.43152697386005484,-3.1102440541749905,-0.48649066566823396,0.0,0.0,Vmag_get_voltage_magnitude_series__angle_get_voltage_angle_series,true,Unknown,Ybus EMT reconstruction using exact complex bus-voltage phasors when available; otherwise diagnostic fallback
6.83,0.01099843946909873,0.05496367404394176,0.01099843946909873,0.05496367404394176,0.01099843946909873,0.05496367404394176,-3.0992456147058918,-0.4315269916242922,-3.1102440541749905,-0.48649066566823396,0.0,0.0,Vmag_get_voltage_magnitude_series__angle_get_voltage_angle_series,true,Unknown,Ybus EMT reconstruction using exact complex bus-voltage phasors when available; otherwise diagnostic fallback
6.84,0.010997998224712813,0.05496365647389034,0.010997998224712813,0.05496365647389034,0.010997998224712813,0.05496365647389034,-3.0992460559502777,-0.4315270091943436,-3.1102440541749905,-0.48649066566823396,0.0,0.0,Vmag_get_voltage_magnitude_series__angle_get_voltage_angle_series,true,Unknown,Ybus EMT reconstruction using exact complex bus-voltage phasors when available; otherwise diagnostic fallback
6.85,0.010997559755878683,0.05496363909791252,0.010997559755878683,0.05496363909791252,0.010997559755878683,0.05496363909791252,-3.099246494419112,-0.43152702657032144,-3.1102440541749905,-0.48649066566823396,0.0,0.0,Vmag_get_voltage_magnitude_series__angle_get_voltage_angle_series,true,Unknown,Ybus EMT reconstruction using exact complex bus-voltage phasors when available; otherwise diagnostic fallback
6.86,0.01099712407029374,0.05496362191603349,0.01099712407029374,0.05496362191603349,0.01099712407029374,0.05496362191603349,-3.0992469301046968,-0.43152704375220047,-3.1102440541749905,-0.48649066566823396,0.0,0.0,Vmag_get_voltage_magnitude_series__angle_get_voltage_angle_series,true,Unknown,Ybus EMT reconstruction using exact complex bus-voltage phasors when available; otherwise diagnostic fallback
6.87,0.01099669117521751,0.05496360492887886,0.01099669117521751,0.05496360492887886,0.01099669117521751,0.05496360492887886,-3.099247362999773,-0.4315270607393551,-3.1102440541749905,-0.48649066566823396,0.0,0.0,Vmag_get_voltage_magnitude_series__angle_get_voltage_angle_series,true,Unknown,Ybus EMT reconstruction using exact complex bus-voltage phasors when available; otherwise diagnostic fallback
6.88,0.01099626107768037,0.05496358813709101,0.01099626107768037,0.05496358813709101,0.01099626107768037,0.05496358813709101,-3.09924779309731,-0.43152707753114294,-3.1102440541749905,-0.48649066566823396,0.0,0.0,Vmag_get_voltage_magnitude_series__angle_get_voltage_angle_series,true,Unknown,Ybus EMT reconstruction using exact complex bus-voltage phasors when available; otherwise diagnostic fallback
6.89,0.010995833784257947,0.05496357154045378,0.010995833784257947,0.05496357154045378,0.010995833784257947,0.05496357154045378,-3.0992482203907326,-0.4315270941277802,-3.1102440541749905,-0.48649066566823396,0.0,0.0,Vmag_get_voltage_magnitude_series__angle_get_voltage_angle_series,true,Unknown,Ybus EMT reconstruction using exact complex bus-voltage phasors when available; otherwise diagnostic fallback
6.9,0.010995409301320702,0.054963555139444675,0.010995409301320702,0.054963555139444675,0.010995409301320702,0.054963555139444675,-3.09924864487367,-0.4315271105287893,-3.1102440541749905,-0.48649066566823396,0.0,0.0,Vmag_get_voltage_magnitude_series__angle_get_voltage_angle_series,true,Unknown,Ybus EMT reconstruction using exact complex bus-voltage phasors when available; otherwise diagnostic fallback
6.91,0.010994987634865172,0.05496353893416911,0.010994987634865172,0.05496353893416911,0.010994987634865172,0.05496353893416911,-3.0992490665401253,-0.43152712673406485,-3.1102440541749905,-0.48649066566823396,0.0,0.0,Vmag_get_voltage_magnitude_series__angle_get_voltage_angle_series,true,Unknown,Ybus EMT reconstruction using exact complex bus-voltage phasors when available; otherwise diagnostic fallback
6.92,0.010994568790545056,0.054963522924808994,0.010994568790545056,0.054963522924808994,0.010994568790545056,0.054963522924808994,-3.0992494853844454,-0.43152714274342496,-3.1102440541749905,-0.48649066566823396,0.0,0.0,Vmag_get_voltage_magnitude_series__angle_get_voltage_angle_series,true,Unknown,Ybus EMT reconstruction using exact complex bus-voltage phasors when available; otherwise diagnostic fallback
6.93,0.01099415277369964,0.05496350711094872,0.01099415277369964,0.05496350711094872,0.01099415277369964,0.05496350711094872,-3.099249901401291,-0.43152715855728524,-3.1102440541749905,-0.48649066566823396,0.0,0.0,Vmag_get_voltage_magnitude_series__angle_get_voltage_angle_series,true,Unknown,Ybus EMT reconstruction using exact complex bus-voltage phasors when available; otherwise diagnostic fallback
6.94,0.010993739589511886,0.05496349149348806,0.010993739589511886,0.05496349149348806,0.010993739589511886,0.05496349149348806,-3.0992503145854786,-0.4315271741747459,-3.1102440541749905,-0.48649066566823396,0.0,0.0,Vmag_get_voltage_magnitude_series__angle_get_voltage_angle_series,true,Unknown,Ybus EMT reconstruction using exact complex bus-voltage phasors when available; otherwise diagnostic fallback
6.95,0.010993329242591443,0.05496347607174418,0.010993329242591443,0.05496347607174418,0.010993329242591443,0.05496347607174418,-3.099250724932399,-0.4315271895964898,-3.1102440541749905,-0.48649066566823396,0.0,0.0,Vmag_get_voltage_magnitude_series__angle_get_voltage_angle_series,true,Unknown,Ybus EMT reconstruction using exact complex bus-voltage phasors when available; otherwise diagnostic fallback
6.96,0.010992921737459138,0.05496346084622844,0.010992921737459138,0.05496346084622844,0.010992921737459138,0.05496346084622844,-3.0992511324375314,-0.4315272048220055,-3.1102440541749905,-0.48649066566823396,0.0,0.0,Vmag_get_voltage_magnitude_series__angle_get_voltage_angle_series,true,Unknown,Ybus EMT reconstruction using exact complex bus-voltage phasors when available; otherwise diagnostic fallback
6.97,0.010992517078103337,0.054963445816159306,0.010992517078103337,0.054963445816159306,0.010992517078103337,0.054963445816159306,-3.099251537096887,-0.43152721985207465,-3.1102440541749905,-0.48649066566823396,0.0,0.0,Vmag_get_voltage_magnitude_series__angle_get_voltage_angle_series,true,Unknown,Ybus EMT reconstruction using exact complex bus-voltage phasors when available; otherwise diagnostic fallback
6.98,0.010992115268532388,0.05496343098215234,0.010992115268532388,0.05496343098215234,0.010992115268532388,0.05496343098215234,-3.099251938906458,-0.4315272346860816,-3.1102440541749905,-0.48649066566823396,0.0,0.0,Vmag_get_voltage_magnitude_series__angle_get_voltage_angle_series,true,Unknown,Ybus EMT reconstruction using exact complex bus-voltage phasors when available; otherwise diagnostic fallback
6.99,0.010991716312064526,0.054963416343781935,0.010991716312064526,0.054963416343781935,0.010991716312064526,0.054963416343781935,-3.099252337862926,-0.431527249324452,-3.1102440541749905,-0.48649066566823396,0.0,0.0,Vmag_get_voltage_magnitude_series__angle_get_voltage_angle_series,true,Unknown,Ybus EMT reconstruction using exact complex bus-voltage phasors when available; otherwise diagnostic fallback
7.0,0.01099132021195448,0.054963401900684994,0.01099132021195448,0.054963401900684994,0.01099132021195448,0.054963401900684994,-3.099252733963036,-0.43152726376754896,-3.1102440541749905,-0.48649066566823396,0.0,0.0,Vmag_get_voltage_magnitude_series__angle_get_voltage_angle_series,true,Unknown,Ybus EMT reconstruction using exact complex bus-voltage phasors when available; otherwise diagnostic fallback
7.01,0.010990926971204296,0.05496338765270847,0.010990926971204296,0.05496338765270847,0.010990926971204296,0.05496338765270847,-3.099253127203786,-0.4315272780155255,-3.1102440541749905,-0.48649066566823396,0.0,0.0,Vmag_get_voltage_magnitude_series__angle_get_voltage_angle_series,true,Unknown,Ybus EMT reconstruction using exact complex bus-voltage phasors when available; otherwise diagnostic fallback
7.02,0.010990536592258682,0.05496337359923331,0.010990536592258682,0.05496337359923331,0.010990536592258682,0.05496337359923331,-3.099253517582732,-0.43152729206900065,-3.1102440541749905,-0.48649066566823396,0.0,0.0,Vmag_get_voltage_magnitude_series__angle_get_voltage_angle_series,true,Unknown,Ybus EMT reconstruction using exact complex bus-voltage phasors when available; otherwise diagnostic fallback
7.03,0.010990149077546807,0.05496335974050903,0.010990149077546807,0.05496335974050903,0.010990149077546807,0.05496335974050903,-3.0992539050974437,-0.4315273059277249,-3.1102440541749905,-0.48649066566823396,0.0,0.0,Vmag_get_voltage_magnitude_series__angle_get_voltage_angle_series,true,Unknown,Ybus EMT reconstruction using exact complex bus-voltage phasors when available; otherwise diagnostic fallback
7.04,0.010989764429056859,0.05496334607574416,0.010989764429056859,0.05496334607574416,0.010989764429056859,0.05496334607574416,-3.0992542897459336,-0.4315273195924898,-3.1102440541749905,-0.48649066566823396,0.0,0.0,Vmag_get_voltage_magnitude_series__angle_get_voltage_angle_series,true,Unknown,Ybus EMT reconstruction using exact complex bus-voltage phasors when available; otherwise diagnostic fallback
7.05,0.01098938264853011,0.05496333260483488,0.01098938264853011,0.05496333260483488,0.01098938264853011,0.05496333260483488,-3.0992546715264604,-0.4315273330633991,-3.1102440541749905,-0.48649066566823396,0.0,0.0,Vmag_get_voltage_magnitude_series__angle_get_voltage_angle_series,true,Unknown,Ybus EMT reconstruction using exact complex bus-voltage phasors when available; otherwise diagnostic fallback
7.06,0.010989003737372549,0.05496331932701598,0.010989003737372549,0.05496331932701598,0.010989003737372549,0.05496331932701598,-3.099255050437618,-0.431527346341218,-3.1102440541749905,-0.48649066566823396,0.0,0.0,Vmag_get_voltage_magnitude_series__angle_get_voltage_angle_series,true,Unknown,Ybus EMT reconstruction using exact complex bus-voltage phasors when available; otherwise diagnostic fallback
7.07,0.010988627696860487,0.054963306241620324,0.010988627696860487,0.054963306241620324,0.010988627696860487,0.054963306241620324,-3.09925542647813,-0.43152735942661363,-3.1102440541749905,-0.48649066566823396,0.0,0.0,Vmag_get_voltage_magnitude_series__angle_get_voltage_angle_series,true,Unknown,Ybus EMT reconstruction using exact complex bus-voltage phasors when available; otherwise diagnostic fallback
7.08,0.01098825452778085,0.054963293348743336,0.01098825452778085,0.054963293348743336,0.01098825452778085,0.054963293348743336,-3.0992557996472097,-0.4315273723194906,-3.1102440541749905,-0.48649066566823396,0.0,0.0,Vmag_get_voltage_magnitude_series__angle_get_voltage_angle_series,true,Unknown,Ybus EMT reconstruction using exact complex bus-voltage phasors when available; otherwise diagnostic fallback
7.09,0.010987884230794442,0.05496328064738931,0.010987884230794442,0.05496328064738931,0.010987884230794442,0.05496328064738931,-3.099256169944196,-0.43152738502084464,-3.1102440541749905,-0.48649066566823396,0.0,0.0,Vmag_get_voltage_magnitude_series__angle_get_voltage_angle_series,true,Unknown,Ybus EMT reconstruction using exact complex bus-voltage phasors when available; otherwise diagnostic fallback
7.1,0.010987516806160169,0.05496326813690566,0.010987516806160169,0.05496326813690566,0.010987516806160169,0.05496326813690566,-3.0992565373688303,-0.4315273975313283,-3.1102440541749905,-0.48649066566823396,0.0,0.0,Vmag_get_voltage_magnitude_series__angle_get_voltage_angle_series,true,Unknown,Ybus EMT reconstruction using exact complex bus-voltage phasors when available; otherwise diagnostic fallback
7.11,0.010987152254069432,0.05496325581701078,0.010987152254069432,0.05496325581701078,0.010987152254069432,0.05496325581701078,-3.099256901920921,-0.4315274098512232,-3.1102440541749905,-0.48649066566823396,0.0,0.0,Vmag_get_voltage_magnitude_series__angle_get_voltage_angle_series,true,Unknown,Ybus EMT reconstruction using exact complex bus-voltage phasors when available; otherwise diagnostic fallback
7.12,0.010986790574248673,0.05496324368668509,0.010986790574248673,0.05496324368668509,0.010986790574248673,0.05496324368668509,-3.099257263600742,-0.43152742198154886,-3.1102440541749905,-0.48649066566823396,0.0,0.0,Vmag_get_voltage_magnitude_series__angle_get_voltage_angle_series,true,Unknown,Ybus EMT reconstruction using exact complex bus-voltage phasors when available; otherwise diagnostic fallback
7.13,0.010986431766331961,0.05496323174545137,0.010986431766331961,0.05496323174545137,0.010986431766331961,0.05496323174545137,-3.0992576224086585,-0.4315274339227826,-3.1102440541749905,-0.48649066566823396,0.0,0.0,Vmag_get_voltage_magnitude_series__angle_get_voltage_angle_series,true,Unknown,Ybus EMT reconstruction using exact complex bus-voltage phasors when available; otherwise diagnostic fallback
7.14,0.010986075829469755,0.054963219992442525,0.010986075829469755,0.054963219992442525,0.010986075829469755,0.054963219992442525,-3.0992579783455207,-0.43152744567579143,-3.1102440541749905,-0.48649066566823396,0.0,0.0,Vmag_get_voltage_magnitude_series__angle_get_voltage_angle_series,true,Unknown,Ybus EMT reconstruction using exact complex bus-voltage phasors when available; otherwise diagnostic fallback
7.15,0.010985722762824057,0.05496320842711905,0.010985722762824057,0.05496320842711905,0.010985722762824057,0.05496320842711905,-3.0992583314121664,-0.4315274572411149,-3.1102440541749905,-0.48649066566823396,0.0,0.0,Vmag_get_voltage_magnitude_series__angle_get_voltage_angle_series,true,Unknown,Ybus EMT reconstruction using exact complex bus-voltage phasors when available; otherwise diagnostic fallback
7.16,0.010985372565041285,0.05496319704849978,0.010985372565041285,0.05496319704849978,0.010985372565041285,0.05496319704849978,-3.099258681609949,-0.4315274686197342,-3.1102440541749905,-0.48649066566823396,0.0,0.0,Vmag_get_voltage_magnitude_series__angle_get_voltage_angle_series,true,Unknown,Ybus EMT reconstruction using exact complex bus-voltage phasors when available; otherwise diagnostic fallback
7.17,0.010985025234736323,0.054963185855936736,0.010985025234736323,0.054963185855936736,0.010985025234736323,0.054963185855936736,-3.099259028940254,-0.4315274798122972,-3.1102440541749905,-0.48649066566823396,0.0,0.0,Vmag_get_voltage_magnitude_series__angle_get_voltage_angle_series,true,Unknown,Ybus EMT reconstruction using exact complex bus-voltage phasors when available; otherwise diagnostic fallback
7.18,0.010984680770171451,0.054963174848677965,0.010984680770171451,0.054963174848677965,0.010984680770171451,0.054963174848677965,-3.099259373404819,-0.431527490819556,-3.1102440541749905,-0.48649066566823396,0.0,0.0,Vmag_get_voltage_magnitude_series__angle_get_voltage_angle_series,true,Unknown,Ybus EMT reconstruction using exact complex bus-voltage phasors when available; otherwise diagnostic fallback
7.19,0.010984339169350932,0.05496316402586254,0.010984339169350932,0.05496316402586254,0.010984339169350932,0.05496316402586254,-3.0992597150056396,-0.4315275016423714,-3.1102440541749905,-0.48649066566823396,0.0,0.0,Vmag_get_voltage_magnitude_series__angle_get_voltage_angle_series,true,Unknown,Ybus EMT reconstruction using exact complex bus-voltage phasors when available; otherwise diagnostic fallback
7.2,0.01098400043010539,0.054963153386211716,0.01098400043010539,0.054963153386211716,0.01098400043010539,0.054963153386211716,-3.099260053744885,-0.43152751228202224,-3.1102440541749905,-0.48649066566823396,0.0,0.0,Vmag_get_voltage_magnitude_series__angle_get_voltage_angle_series,true,Unknown,Ybus EMT reconstruction using exact complex bus-voltage phasors when available; otherwise diagnostic fallback
7.21,0.010983664550062056,0.05496314292990495,0.010983664550062056,0.05496314292990495,0.010983664550062056,0.05496314292990495,-3.0992603896249284,-0.431527522738329,-3.1102440541749905,-0.48649066566823396,0.0,0.0,Vmag_get_voltage_magnitude_series__angle_get_voltage_angle_series,true,Unknown,Ybus EMT reconstruction using exact complex bus-voltage phasors when available; otherwise diagnostic fallback
7.22,0.010983331526345008,0.05496313265463376,0.010983331526345008,0.05496313265463376,0.010983331526345008,0.05496313265463376,-3.0992607226486455,-0.4315275330136002,-3.1102440541749905,-0.48649066566823396,0.0,0.0,Vmag_get_voltage_magnitude_series__angle_get_voltage_angle_series,true,Unknown,Ybus EMT reconstruction using exact complex bus-voltage phasors when available; otherwise diagnostic fallback
7.23,0.010983001356239086,0.05496312256080005,0.010983001356239086,0.05496312256080005,0.010983001356239086,0.05496312256080005,-3.0992610528187514,-0.4315275431074339,-3.1102440541749905,-0.48649066566823396,0.0,0.0,Vmag_get_voltage_magnitude_series__angle_get_voltage_angle_series,true,Unknown,Ybus EMT reconstruction using exact complex bus-voltage phasors when available; otherwise diagnostic fallback
7.24,0.010982674036592144,0.05496311264701642,0.010982674036592144,0.05496311264701642,0.010982674036592144,0.05496311264701642,-3.0992613801383984,-0.43152755302121754,-3.1102440541749905,-0.48649066566823396,0.0,0.0,Vmag_get_voltage_magnitude_series__angle_get_voltage_angle_series,true,Unknown,Ybus EMT reconstruction using exact complex bus-voltage phasors when available; otherwise diagnostic fallback
7.25,0.01098234956391142,0.05496310291244566,0.01098234956391142,0.05496310291244566,0.01098234956391142,0.05496310291244566,-3.099261704611079,-0.4315275627557883,-3.1102440541749905,-0.48649066566823396,0.0,0.0,Vmag_get_voltage_magnitude_series__angle_get_voltage_angle_series,true,Unknown,Ybus EMT reconstruction using exact complex bus-voltage phasors when available; otherwise diagnostic fallback
7.26,0.010982027934792082,0.0549630933556251,0.010982027934792082,0.0549630933556251,0.010982027934792082,0.0549630933556251,-3.0992620262401984,-0.43152757231260885,-3.1102440541749905,-0.48649066566823396,0.0,0.0,Vmag_get_voltage_magnitude_series__angle_get_voltage_angle_series,true,Unknown,Ybus EMT reconstruction using exact complex bus-voltage phasors when available; otherwise diagnostic fallback
7.27,0.010981709145364338,0.054963083976457994,0.010981709145364338,0.054963083976457994,0.010981709145364338,0.054963083976457994,-3.099262345029626,-0.43152758169177596,-3.1102440541749905,-0.48649066566823396,0.0,0.0,Vmag_get_voltage_magnitude_series__angle_get_voltage_angle_series,true,Unknown,Ybus EMT reconstruction using exact complex bus-voltage phasors when available; otherwise diagnostic fallback
7.28,0.010981393191622946,0.054963074773724585,0.010981393191622946,0.054963074773724585,0.010981393191622946,0.054963074773724585,-3.0992626609833676,-0.43152759089450937,-3.1102440541749905,-0.48649066566823396,0.0,0.0,Vmag_get_voltage_magnitude_series__angle_get_voltage_angle_series,true,Unknown,Ybus EMT reconstruction using exact complex bus-voltage phasors when available; otherwise diagnostic fallback
7.29,0.010981080069333515,0.05496306574620213,0.010981080069333515,0.05496306574620213,0.010981080069333515,0.05496306574620213,-3.099262974105657,-0.4315275999220318,-3.1102440541749905,-0.48649066566823396,0.0,0.0,Vmag_get_voltage_magnitude_series__angle_get_voltage_angle_series,true,Unknown,Ybus EMT reconstruction using exact complex bus-voltage phasors when available; otherwise diagnostic fallback
7.3,0.010980769774094234,0.054963056893219064,0.010980769774094234,0.054963056893219064,0.010980769774094234,0.054963056893219064,-3.0992632844008963,-0.4315276087750149,-3.1102440541749905,-0.48649066566823396,0.0,0.0,Vmag_get_voltage_magnitude_series__angle_get_voltage_angle_series,true,Unknown,Ybus EMT reconstruction using exact complex bus-voltage phasors when available; otherwise diagnostic fallback
7.31,0.010980462301285687,0.05496304821391196,0.010980462301285687,0.05496304821391196,0.010980462301285687,0.05496304821391196,-3.099263591873705,-0.431527617454322,-3.1102440541749905,-0.48649066566823396,0.0,0.0,Vmag_get_voltage_magnitude_series__angle_get_voltage_angle_series,true,Unknown,Ybus EMT reconstruction using exact complex bus-voltage phasors when available; otherwise diagnostic fallback
7.32,0.01098015764598781,0.05496303970714839,0.01098015764598781,0.05496303970714839,0.01098015764598781,0.05496303970714839,-3.0992638965290027,-0.43152762596108557,-3.1102440541749905,-0.48649066566823396,0.0,0.0,Vmag_get_voltage_magnitude_series__angle_get_voltage_angle_series,true,Unknown,Ybus EMT reconstruction using exact complex bus-voltage phasors when available; otherwise diagnostic fallback
7.33,0.010979855803230798,0.05496303137197489,0.010979855803230798,0.05496303137197489,0.010979855803230798,0.05496303137197489,-3.0992641983717597,-0.43152763429625907,-3.1102440541749905,-0.48649066566823396,0.0,0.0,Vmag_get_voltage_magnitude_series__angle_get_voltage_angle_series,true,Unknown,Ybus EMT reconstruction using exact complex bus-voltage phasors when available; otherwise diagnostic fallback
7.34,0.01097955676774287,0.054963023207400596,0.01097955676774287,0.054963023207400596,0.01097955676774287,0.054963023207400596,-3.0992644974072476,-0.43152764246083336,-3.1102440541749905,-0.48649066566823396,0.0,0.0,Vmag_get_voltage_magnitude_series__angle_get_voltage_angle_series,true,Unknown,Ybus EMT reconstruction using exact complex bus-voltage phasors when available; otherwise diagnostic fallback
7.35,0.010979260534106583,0.05496301521269764,0.010979260534106583,0.05496301521269764,0.010979260534106583,0.05496301521269764,-3.099264793640884,-0.4315276504555363,-3.1102440541749905,-0.48649066566823396,0.0,0.0,Vmag_get_voltage_magnitude_series__angle_get_voltage_angle_series,true,Unknown,Ybus EMT reconstruction using exact complex bus-voltage phasors when available; otherwise diagnostic fallback
7.36,0.01097896709670465,0.05496300738678839,0.01097896709670465,0.05496300738678839,0.01097896709670465,0.05496300738678839,-3.099265087078286,-0.43152765828144557,-3.1102440541749905,-0.48649066566823396,0.0,0.0,Vmag_get_voltage_magnitude_series__angle_get_voltage_angle_series,true,Unknown,Ybus EMT reconstruction using exact complex bus-voltage phasors when available; otherwise diagnostic fallback
7.37,0.010978676449640012,0.054962999728667083,0.010978676449640012,0.054962999728667083,0.010978676449640012,0.054962999728667083,-3.0992653777253505,-0.4315276659395669,-3.1102440541749905,-0.48649066566823396,0.0,0.0,Vmag_get_voltage_magnitude_series__angle_get_voltage_angle_series,true,Unknown,Ybus EMT reconstruction using exact complex bus-voltage phasors when available; otherwise diagnostic fallback
7.38,0.01097838858698097,0.05496299223729889,0.01097838858698097,0.05496299223729889,0.01097838858698097,0.05496299223729889,-3.0992656655880095,-0.43152767343093507,-3.1102440541749905,-0.48649066566823396,0.0,0.0,Vmag_get_voltage_magnitude_series__angle_get_voltage_angle_series,true,Unknown,Ybus EMT reconstruction using exact complex bus-voltage phasors when available; otherwise diagnostic fallback
7.39,0.01097810350250139,0.05496298491181989,0.01097810350250139,0.05496298491181989,0.01097810350250139,0.05496298491181989,-3.099265950672489,-0.43152768075641407,-3.1102440541749905,-0.48649066566823396,0.0,0.0,Vmag_get_voltage_magnitude_series__angle_get_voltage_angle_series,true,Unknown,Ybus EMT reconstruction using exact complex bus-voltage phasors when available; otherwise diagnostic fallback
7.4,0.010977821189849024,0.05496297775146991,0.010977821189849024,0.05496297775146991,0.010977821189849024,0.05496297775146991,-3.0992662329851415,-0.43152768791676405,-3.1102440541749905,-0.48649066566823396,0.0,0.0,Vmag_get_voltage_magnitude_series__angle_get_voltage_angle_series,true,Unknown,Ybus EMT reconstruction using exact complex bus-voltage phasors when available; otherwise diagnostic fallback
7.41,0.01097754164241449,0.05496297075463624,0.01097754164241449,0.05496297075463624,0.01097754164241449,0.05496297075463624,-3.099266512532576,-0.4315276949135977,-3.1102440541749905,-0.48649066566823396,0.0,0.0,Vmag_get_voltage_magnitude_series__angle_get_voltage_angle_series,true,Unknown,Ybus EMT reconstruction using exact complex bus-voltage phasors when available; otherwise diagnostic fallback
7.42,0.010977264853501811,0.05496296392117678,0.010977264853501811,0.05496296392117678,0.010977264853501811,0.05496296392117678,-3.0992667893214887,-0.4315277017470572,-3.1102440541749905,-0.48649066566823396,0.0,0.0,Vmag_get_voltage_magnitude_series__angle_get_voltage_angle_series,true,Unknown,Ybus EMT reconstruction using exact complex bus-voltage phasors when available; otherwise diagnostic fallback
7.43,0.010976990816200516,0.054962957249253264,0.010976990816200516,0.054962957249253264,0.010976990816200516,0.054962957249253264,-3.09926706335879,-0.4315277084189807,-3.1102440541749905,-0.48649066566823396,0.0,0.0,Vmag_get_voltage_magnitude_series__angle_get_voltage_angle_series,true,Unknown,Ybus EMT reconstruction using exact complex bus-voltage phasors when available; otherwise diagnostic fallback
7.44,0.010976719523406064,0.05496295073895768,0.010976719523406064,0.05496295073895768,0.010976719523406064,0.05496295073895768,-3.0992673346515844,-0.4315277149292763,-3.1102440541749905,-0.48649066566823396,0.0,0.0,Vmag_get_voltage_magnitude_series__angle_get_voltage_angle_series,true,Unknown,Ybus EMT reconstruction using exact complex bus-voltage phasors when available; otherwise diagnostic fallback
7.45,0.010976450967801643,0.05496294438845445,0.010976450967801643,0.05496294438845445,0.010976450967801643,0.05496294438845445,-3.099267603207189,-0.4315277212797795,-3.1102440541749905,-0.48649066566823396,0.0,0.0,Vmag_get_voltage_magnitude_series__angle_get_voltage_angle_series,true,Unknown,Ybus EMT reconstruction using exact complex bus-voltage phasors when available; otherwise diagnostic fallback
7.46,0.010976185142009154,0.054962938196637,0.010976185142009154,0.054962938196637,0.010976185142009154,0.054962938196637,-3.0992678690329813,-0.43152772747159696,-3.1102440541749905,-0.48649066566823396,0.0,0.0,Vmag_get_voltage_magnitude_series__angle_get_voltage_angle_series,true,Unknown,Ybus EMT reconstruction using exact complex bus-voltage phasors when available; otherwise diagnostic fallback
7.47,0.010975922038447106,0.05496293216323073,0.010975922038447106,0.05496293216323073,0.010975922038447106,0.05496293216323073,-3.0992681321365434,-0.43152773350500323,-3.1102440541749905,-0.48649066566823396,0.0,0.0,Vmag_get_voltage_magnitude_series__angle_get_voltage_angle_series,true,Unknown,Ybus EMT reconstruction using exact complex bus-voltage phasors when available; otherwise diagnostic fallback
7.48,0.010975661649328394,0.05496292628718191,0.010975661649328394,0.05496292628718191,0.010975661649328394,0.05496292628718191,-3.099268392525662,-0.43152773938105204,-3.1102440541749905,-0.48649066566823396,0.0,0.0,Vmag_get_voltage_magnitude_series__angle_get_voltage_angle_series,true,Unknown,Ybus EMT reconstruction using exact complex bus-voltage phasors when available; otherwise diagnostic fallback
7.49,0.010975403966692276,0.05496292056707036,0.010975403966692276,0.05496292056707036,0.010975403966692276,0.05496292056707036,-3.0992686502082982,-0.4315277451011636,-3.1102440541749905,-0.48649066566823396,0.0,0.0,Vmag_get_voltage_magnitude_series__angle_get_voltage_angle_series,true,Unknown,Ybus EMT reconstruction using exact complex bus-voltage phasors when available; otherwise diagnostic fallback
7.5,0.010975148982491412,0.05496291500191741,0.010975148982491412,0.05496291500191741,0.010975148982491412,0.05496291500191741,-3.099268905192499,-0.43152775066631655,-3.1102440541749905,-0.48649066566823396,0.0,0.0,Vmag_get_voltage_magnitude_series__angle_get_voltage_angle_series,true,Unknown,Ybus EMT reconstruction using exact complex bus-voltage phasors when available; otherwise diagnostic fallback
7.51,0.010974896688410674,0.054962909591092346,0.010974896688410674,0.054962909591092346,0.010974896688410674,0.054962909591092346,-3.09926915748658,-0.4315277560771416,-3.1102440541749905,-0.48649066566823396,0.0,0.0,Vmag_get_voltage_magnitude_series__angle_get_voltage_angle_series,true,Unknown,Ybus EMT reconstruction using exact complex bus-voltage phasors when available; otherwise diagnostic fallback
7.52,0.0109746470760963,0.05496290433341949,0.0109746470760963,0.05496290433341949,0.0109746470760963,0.05496290433341949,-3.099269407098894,-0.43152776133481446,-3.1102440541749905,-0.48649066566823396,0.0,0.0,Vmag_get_voltage_magnitude_series__angle_get_voltage_angle_series,true,Unknown,Ybus EMT reconstruction using exact complex bus-voltage phasors when available; otherwise diagnostic fallback
7.53,0.010974400137009788,0.05496289922821984,0.010974400137009788,0.05496289922821984,0.010974400137009788,0.05496289922821984,-3.0992696540379807,-0.4315277664400141,-3.1102440541749905,-0.48649066566823396,0.0,0.0,Vmag_get_voltage_magnitude_series__angle_get_voltage_angle_series,true,Unknown,Ybus EMT reconstruction using exact complex bus-voltage phasors when available; otherwise diagnostic fallback
7.54,0.010974155862382595,0.054962894273995144,0.010974155862382595,0.054962894273995144,0.010974155862382595,0.054962894273995144,-3.099269898312608,-0.4315277713942388,-3.1102440541749905,-0.48649066566823396,0.0,0.0,Vmag_get_voltage_magnitude_series__angle_get_voltage_angle_series,true,Unknown,Ybus EMT reconstruction using exact complex bus-voltage phasors when available; otherwise diagnostic fallback
7.55,0.010973914243332938,0.05496288946962741,0.010973914243332938,0.05496288946962741,0.010973914243332938,0.05496288946962741,-3.0992701399316576,-0.43152777619860655,-3.1102440541749905,-0.48649066566823396,0.0,0.0,Vmag_get_voltage_magnitude_series__angle_get_voltage_angle_series,true,Unknown,Ybus EMT reconstruction using exact complex bus-voltage phasors when available; otherwise diagnostic fallback
7.56,0.010973675270864458,0.05496288481486489,0.010973675270864458,0.05496288481486489,0.010973675270864458,0.05496288481486489,-3.099270378904126,-0.43152778085336907,-3.1102440541749905,-0.48649066566823396,0.0,0.0,Vmag_get_voltage_magnitude_series__angle_get_voltage_angle_series,true,Unknown,Ybus EMT reconstruction using exact complex bus-voltage phasors when available; otherwise diagnostic fallback
7.57,0.010973438935864888,0.054962880307995066,0.010973438935864888,0.054962880307995066,0.010973438935864888,0.054962880307995066,-3.0992706152391256,-0.4315277853602389,-3.1102440541749905,-0.48649066566823396,0.0,0.0,Vmag_get_voltage_magnitude_series__angle_get_voltage_angle_series,true,Unknown,Ybus EMT reconstruction using exact complex bus-voltage phasors when available; otherwise diagnostic fallback
7.58,0.010973205228943517,0.05496287594825866,0.010973205228943517,0.05496287594825866,0.010973205228943517,0.05496287594825866,-3.099270848946047,-0.4315277897199753,-3.1102440541749905,-0.48649066566823396,0.0,0.0,Vmag_get_voltage_magnitude_series__angle_get_voltage_angle_series,true,Unknown,Ybus EMT reconstruction using exact complex bus-voltage phasors when available; otherwise diagnostic fallback
7.59,0.010972974140688763,0.054962871734910046,0.010972974140688763,0.054962871734910046,0.010972974140688763,0.054962871734910046,-3.0992710800343017,-0.4315277939333239,-3.1102440541749905,-0.48649066566823396,0.0,0.0,Vmag_get_voltage_magnitude_series__angle_get_voltage_angle_series,true,Unknown,Ybus EMT reconstruction using exact complex bus-voltage phasors when available; otherwise diagnostic fallback
7.6,0.010972745661492755,0.05496286766673847,0.010972745661492755,0.05496286766673847,0.010972745661492755,0.05496286766673847,-3.0992713085134977,-0.4315277980014955,-3.1102440541749905,-0.48649066566823396,0.0,0.0,Vmag_get_voltage_magnitude_series__angle_get_voltage_angle_series,true,Unknown,Ybus EMT reconstruction using exact complex bus-voltage phasors when available; otherwise diagnostic fallback
7.61,0.01097251978170144,0.05496286374201459,0.01097251978170144,0.05496286374201459,0.01097251978170144,0.05496286374201459,-3.099271534393289,-0.43152780192621937,-3.1102440541749905,-0.48649066566823396,0.0,0.0,Vmag_get_voltage_magnitude_series__angle_get_voltage_angle_series,true,Unknown,Ybus EMT reconstruction using exact complex bus-voltage phasors when available; otherwise diagnostic fallback
7.62,0.010972296491308153,0.05496285996082967,0.010972296491308153,0.05496285996082967,0.010972296491308153,0.05496285996082967,-3.0992717576836823,-0.4315278057074043,-3.1102440541749905,-0.48649066566823396,0.0,0.0,Vmag_get_voltage_magnitude_series__angle_get_voltage_angle_series,true,Unknown,Ybus EMT reconstruction using exact complex bus-voltage phasors when available; otherwise diagnostic fallback
7.63,0.010972075780390167,0.054962856321364384,0.010972075780390167,0.054962856321364384,0.010972075780390167,0.054962856321364384,-3.0992719783946003,-0.4315278093468696,-3.1102440541749905,-0.48649066566823396,0.0,0.0,Vmag_get_voltage_magnitude_series__angle_get_voltage_angle_series,true,Unknown,Ybus EMT reconstruction using exact complex bus-voltage phasors when available; otherwise diagnostic fallback
7.64,0.010971857638878202,0.05496285282312463,0.010971857638878202,0.05496285282312463,0.010971857638878202,0.05496285282312463,-3.0992721965361123,-0.4315278128451093,-3.1102440541749905,-0.48649066566823396,0.0,0.0,Vmag_get_voltage_magnitude_series__angle_get_voltage_angle_series,true,Unknown,Ybus EMT reconstruction using exact complex bus-voltage phasors when available; otherwise diagnostic fallback
7.65,0.01097164205638057,0.05496284946451718,0.01097164205638057,0.05496284946451718,0.01097164205638057,0.05496284946451718,-3.09927241211861,-0.4315278162037168,-3.1102440541749905,-0.48649066566823396,0.0,0.0,Vmag_get_voltage_magnitude_series__angle_get_voltage_angle_series,true,Unknown,Ybus EMT reconstruction using exact complex bus-voltage phasors when available; otherwise diagnostic fallback
7.66,0.010971429022599288,0.054962846244704266,0.010971429022599288,0.054962846244704266,0.010971429022599288,0.054962846244704266,-3.099272625152391,-0.4315278194235297,-3.1102440541749905,-0.48649066566823396,0.0,0.0,Vmag_get_voltage_magnitude_series__angle_get_voltage_angle_series,true,Unknown,Ybus EMT reconstruction using exact complex bus-voltage phasors when available; otherwise diagnostic fallback
7.67,0.010971218526965032,0.05496284316292005,0.010971218526965032,0.05496284316292005,0.010971218526965032,0.05496284316292005,-3.0992728356480255,-0.4315278225053139,-3.1102440541749905,-0.48649066566823396,0.0,0.0,Vmag_get_voltage_magnitude_series__angle_get_voltage_angle_series,true,Unknown,Ybus EMT reconstruction using exact complex bus-voltage phasors when available; otherwise diagnostic fallback
7.68,0.010971010558910255,0.054962840217314624,0.010971010558910255,0.054962840217314624,0.010971010558910255,0.054962840217314624,-3.0992730436160802,-0.43152782545091933,-3.1102440541749905,-0.48649066566823396,0.0,0.0,Vmag_get_voltage_magnitude_series__angle_get_voltage_angle_series,true,Unknown,Ybus EMT reconstruction using exact complex bus-voltage phasors when available; otherwise diagnostic fallback
7.69,0.010970805107548554,0.0549628374073573,0.010970805107548554,0.0549628374073573,0.010970805107548554,0.0549628374073573,-3.099273249067442,-0.43152782826087666,-3.1102440541749905,-0.48649066566823396,0.0,0.0,Vmag_get_voltage_magnitude_series__angle_get_voltage_angle_series,true,Unknown,Ybus EMT reconstruction using exact complex bus-voltage phasors when available; otherwise diagnostic fallback
7.7,0.010970602162115206,0.05496283473201474,0.010970602162115206,0.05496283473201474,0.010970602162115206,0.05496283473201474,-3.0992734520128753,-0.4315278309362192,-3.1102440541749905,-0.48649066566823396,0.0,0.0,Vmag_get_voltage_magnitude_series__angle_get_voltage_angle_series,true,Unknown,Ybus EMT reconstruction using exact complex bus-voltage phasors when available; otherwise diagnostic fallback
7.71,0.010970401711567046,0.054962832190133704,0.010970401711567046,0.054962832190133704,0.010970401711567046,0.054962832190133704,-3.0992736524634235,-0.43152783347810025,-3.1102440541749905,-0.48649066566823396,0.0,0.0,Vmag_get_voltage_magnitude_series__angle_get_voltage_angle_series,true,Unknown,Ybus EMT reconstruction using exact complex bus-voltage phasors when available; otherwise diagnostic fallback
7.72,0.010970203744792073,0.054962829780411504,0.010970203744792073,0.054962829780411504,0.010970203744792073,0.054962829780411504,-3.0992738504301984,-0.43152783588782245,-3.1102440541749905,-0.48649066566823396,0.0,0.0,Vmag_get_voltage_magnitude_series__angle_get_voltage_angle_series,true,Unknown,Ybus EMT reconstruction using exact complex bus-voltage phasors when available; otherwise diagnostic fallback
7.73,0.01097000825060146,0.054962827501682354,0.01097000825060146,0.054962827501682354,0.01097000825060146,0.054962827501682354,-3.099274045924389,-0.4315278381665516,-3.1102440541749905,-0.48649066566823396,0.0,0.0,Vmag_get_voltage_magnitude_series__angle_get_voltage_angle_series,true,Unknown,Ybus EMT reconstruction using exact complex bus-voltage phasors when available; otherwise diagnostic fallback
7.74,0.010969815217649614,0.054962825353351175,0.010969815217649614,0.054962825353351175,0.010969815217649614,0.054962825353351175,-3.099274238957341,-0.4315278403148828,-3.1102440541749905,-0.48649066566823396,0.0,0.0,Vmag_get_voltage_magnitude_series__angle_get_voltage_angle_series,true,Unknown,Ybus EMT reconstruction using exact complex bus-voltage phasors when available; otherwise diagnostic fallback
7.75,0.010969624634435515,0.05496282333382463,0.010969624634435515,0.05496282333382463,0.010969624634435515,0.05496282333382463,-3.099274429540555,-0.43152784233440933,-3.1102440541749905,-0.48649066566823396,0.0,0.0,Vmag_get_voltage_magnitude_series__angle_get_voltage_angle_series,true,Unknown,Ybus EMT reconstruction using exact complex bus-voltage phasors when available; otherwise diagnostic fallback
7.76,0.01096943648947768,0.05496282144213305,0.01096943648947768,0.05496282144213305,0.01096943648947768,0.05496282144213305,-3.099274617685513,-0.4315278442261009,-3.1102440541749905,-0.48649066566823396,0.0,0.0,Vmag_get_voltage_magnitude_series__angle_get_voltage_angle_series,true,Unknown,Ybus EMT reconstruction using exact complex bus-voltage phasors when available; otherwise diagnostic fallback
7.77,0.010969250771108996,0.0549628196771178,0.010969250771108996,0.0549628196771178,0.010969250771108996,0.0549628196771178,-3.0992748034038815,-0.43152784599111615,-3.1102440541749905,-0.48649066566823396,0.0,0.0,Vmag_get_voltage_magnitude_series__angle_get_voltage_angle_series,true,Unknown,Ybus EMT reconstruction using exact complex bus-voltage phasors when available; otherwise diagnostic fallback
7.78,0.010969067467525129,0.05496281803743036,0.010969067467525129,0.05496281803743036,0.010969067467525129,0.05496281803743036,-3.0992749867074654,-0.4315278476308036,-3.1102440541749905,-0.48649066566823396,0.0,0.0,Vmag_get_voltage_magnitude_series__angle_get_voltage_angle_series,true,Unknown,Ybus EMT reconstruction using exact complex bus-voltage phasors when available; otherwise diagnostic fallback
7.79,0.010968886566973701,0.0549628165223372,0.010968886566973701,0.0549628165223372,0.010968886566973701,0.0549628165223372,-3.099275167608017,-0.43152784914589676,-3.1102440541749905,-0.48649066566823396,0.0,0.0,Vmag_get_voltage_magnitude_series__angle_get_voltage_angle_series,true,Unknown,Ybus EMT reconstruction using exact complex bus-voltage phasors when available; otherwise diagnostic fallback
7.8,0.010968708057496723,0.0549628151306521,0.010968708057496723,0.0549628151306521,0.010968708057496723,0.0549628151306521,-3.099275346117494,-0.43152785053758186,-3.1102440541749905,-0.48649066566823396,0.0,0.0,Vmag_get_voltage_magnitude_series__angle_get_voltage_angle_series,true,Unknown,Ybus EMT reconstruction using exact complex bus-voltage phasors when available; otherwise diagnostic fallback
7.81,0.010968531926944802,0.05496281386087393,0.010968531926944802,0.05496281386087393,0.010968531926944802,0.05496281386087393,-3.0992755222480457,-0.43152785180736003,-3.1102440541749905,-0.48649066566823396,0.0,0.0,Vmag_get_voltage_magnitude_series__angle_get_voltage_angle_series,true,Unknown,Ybus EMT reconstruction using exact complex bus-voltage phasors when available; otherwise diagnostic fallback
7.82,0.010968358163291558,0.05496281271188397,0.010968358163291558,0.05496281271188397,0.010968358163291558,0.05496281271188397,-3.099275696011699,-0.43152785295635,-3.1102440541749905,-0.48649066566823396,0.0,0.0,Vmag_get_voltage_magnitude_series__angle_get_voltage_angle_series,true,Unknown,Ybus EMT reconstruction using exact complex bus-voltage phasors when available; otherwise diagnostic fallback
7.83,0.010968186754254372,0.054962811682967794,0.010968186754254372,0.054962811682967794,0.010968186754254372,0.054962811682967794,-3.099275867420736,-0.43152785398526616,-3.1102440541749905,-0.48649066566823396,0.0,0.0,Vmag_get_voltage_magnitude_series__angle_get_voltage_angle_series,true,Unknown,Ybus EMT reconstruction using exact complex bus-voltage phasors when available; otherwise diagnostic fallback
7.84,0.010968017687536857,0.05496281077263582,0.010968017687536857,0.05496281077263582,0.010968017687536857,0.05496281077263582,-3.0992760364874536,-0.43152785489559814,-3.1102440541749905,-0.48649066566823396,0.0,0.0,Vmag_get_voltage_magnitude_series__angle_get_voltage_angle_series,true,Unknown,Ybus EMT reconstruction using exact complex bus-voltage phasors when available; otherwise diagnostic fallback
7.85,0.010967850950739155,0.05496280997944519,0.010967850950739155,0.05496280997944519,0.010967850950739155,0.05496280997944519,-3.0992762032242513,-0.43152785568878876,-3.1102440541749905,-0.48649066566823396,0.0,0.0,Vmag_get_voltage_magnitude_series__angle_get_voltage_angle_series,true,Unknown,Ybus EMT reconstruction using exact complex bus-voltage phasors when available; otherwise diagnostic fallback
7.86,0.010967686531442755,0.054962809302883164,0.010967686531442755,0.054962809302883164,0.010967686531442755,0.054962809302883164,-3.0992763676435477,-0.4315278563653508,-3.1102440541749905,-0.48649066566823396,0.0,0.0,Vmag_get_voltage_magnitude_series__angle_get_voltage_angle_series,true,Unknown,Ybus EMT reconstruction using exact complex bus-voltage phasors when available; otherwise diagnostic fallback
7.87,0.010967524417036856,0.054962808741470526,0.010967524417036856,0.054962808741470526,0.010967524417036856,0.054962808741470526,-3.0992765297579536,-0.43152785692676343,-3.1102440541749905,-0.48649066566823396,0.0,0.0,Vmag_get_voltage_magnitude_series__angle_get_voltage_angle_series,true,Unknown,Ybus EMT reconstruction using exact complex bus-voltage phasors when available; otherwise diagnostic fallback
7.88,0.010967364594819173,0.05496280829387107,0.010967364594819173,0.05496280829387107,0.010967364594819173,0.05496280829387107,-3.0992766895801713,-0.4315278573743629,-3.1102440541749905,-0.48649066566823396,0.0,0.0,Vmag_get_voltage_magnitude_series__angle_get_voltage_angle_series,true,Unknown,Ybus EMT reconstruction using exact complex bus-voltage phasors when available; otherwise diagnostic fallback
7.89,0.010967207052158923,0.0549628079589376,0.010967207052158923,0.0549628079589376,0.010967207052158923,0.0549628079589376,-3.0992768471228316,-0.43152785770929636,-3.1102440541749905,-0.48649066566823396,0.0,0.0,Vmag_get_voltage_magnitude_series__angle_get_voltage_angle_series,true,Unknown,Ybus EMT reconstruction using exact complex bus-voltage phasors when available; otherwise diagnostic fallback
7.9,0.0109670517762952,0.0549628077358319,0.0109670517762952,0.0549628077358319,0.0109670517762952,0.0549628077358319,-3.0992770023986953,-0.43152785793240206,-3.1102440541749905,-0.48649066566823396,0.0,0.0,Vmag_get_voltage_magnitude_series__angle_get_voltage_angle_series,true,Unknown,Ybus EMT reconstruction using exact complex bus-voltage phasors when available; otherwise diagnostic fallback
7.91,0.010966898754237508,0.05496280762312722,0.010966898754237508,0.05496280762312722,0.010966898754237508,0.05496280762312722,-3.099277155420753,-0.43152785804510674,-3.1102440541749905,-0.48649066566823396,0.0,0.0,Vmag_get_voltage_magnitude_series__angle_get_voltage_angle_series,true,Unknown,Ybus EMT reconstruction using exact complex bus-voltage phasors when available; otherwise diagnostic fallback
7.92,0.010966747973196966,0.054962807619810816,0.010966747973196966,0.054962807619810816,0.010966747973196966,0.054962807619810816,-3.0992773062017935,-0.43152785804842314,-3.1102440541749905,-0.48649066566823396,0.0,0.0,Vmag_get_voltage_magnitude_series__angle_get_voltage_angle_series,true,Unknown,Ybus EMT reconstruction using exact complex bus-voltage phasors when available; otherwise diagnostic fallback
7.93,0.010966599420056955,0.05496280772419182,0.010966599420056955,0.05496280772419182,0.010966599420056955,0.05496280772419182,-3.0992774547549335,-0.43152785794404214,-3.1102440541749905,-0.48649066566823396,0.0,0.0,Vmag_get_voltage_magnitude_series__angle_get_voltage_angle_series,true,Unknown,Ybus EMT reconstruction using exact complex bus-voltage phasors when available; otherwise diagnostic fallback
7.94,0.010966453081824756,0.054962807935836244,0.010966453081824756,0.054962807935836244,0.010966453081824756,0.054962807935836244,-3.0992776010931657,-0.4315278577323977,-3.1102440541749905,-0.48649066566823396,0.0,0.0,Vmag_get_voltage_magnitude_series__angle_get_voltage_angle_series,true,Unknown,Ybus EMT reconstruction using exact complex bus-voltage phasors when available; otherwise diagnostic fallback
7.95,0.010966308945338898,0.05496280825304256,0.010966308945338898,0.05496280825304256,0.010966308945338898,0.05496280825304256,-3.0992777452296516,-0.4315278574151914,-3.1102440541749905,-0.48649066566823396,0.0,0.0,Vmag_get_voltage_magnitude_series__angle_get_voltage_angle_series,true,Unknown,Ybus EMT reconstruction using exact complex bus-voltage phasors when available; otherwise diagnostic fallback
7.96,0.010966166997409488,0.05496280867466913,0.010966166997409488,0.05496280867466913,0.010966166997409488,0.05496280867466913,-3.099277887177581,-0.43152785699356483,-3.1102440541749905,-0.48649066566823396,0.0,0.0,Vmag_get_voltage_magnitude_series__angle_get_voltage_angle_series,true,Unknown,Ybus EMT reconstruction using exact complex bus-voltage phasors when available; otherwise diagnostic fallback
7.97,0.010966027224803554,0.054962809199748885,0.010966027224803554,0.054962809199748885,0.010966027224803554,0.054962809199748885,-3.099278026950187,-0.43152785646848507,-3.1102440541749905,-0.48649066566823396,0.0,0.0,Vmag_get_voltage_magnitude_series__angle_get_voltage_angle_series,true,Unknown,Ybus EMT reconstruction using exact complex bus-voltage phasors when available; otherwise diagnostic fallback
7.98,0.01096588961420153,0.05496280982735385,0.01096588961420153,0.05496280982735385,0.01096588961420153,0.05496280982735385,-3.099278164560789,-0.4315278558408801,-3.1102440541749905,-0.48649066566823396,0.0,0.0,Vmag_get_voltage_magnitude_series__angle_get_voltage_angle_series,true,Unknown,Ybus EMT reconstruction using exact complex bus-voltage phasors when available; otherwise diagnostic fallback
7.99,0.010965754152211016,0.05496281055559821,0.010965754152211016,0.05496281055559821,0.010965754152211016,0.05496281055559821,-3.0992783000227795,-0.43152785511263575,-3.1102440541749905,-0.48649066566823396,0.0,0.0,Vmag_get_voltage_magnitude_series__angle_get_voltage_angle_series,true,Unknown,Ybus EMT reconstruction using exact complex bus-voltage phasors when available; otherwise diagnostic fallback
8.0,0.01096562082546626,0.0549628113838696,0.01096562082546626,0.0549628113838696,0.01096562082546626,0.0549628113838696,-3.0992784333495242,-0.43152785428436435,-3.1102440541749905,-0.48649066566823396,0.0,0.0,Vmag_get_voltage_magnitude_series__angle_get_voltage_angle_series,true,Unknown,Ybus EMT reconstruction using exact complex bus-voltage phasors when available; otherwise diagnostic fallback
8.01,0.010965489620417657,0.05496281231089517,0.010965489620417657,0.05496281231089517,0.010965489620417657,0.05496281231089517,-3.099278564554573,-0.4315278533573388,-3.1102440541749905,-0.48649066566823396,0.0,0.0,Vmag_get_voltage_magnitude_series__angle_get_voltage_angle_series,true,Unknown,Ybus EMT reconstruction using exact complex bus-voltage phasors when available; otherwise diagnostic fallback
8.02,0.010965360523678136,0.054962813335247496,0.010965360523678136,0.054962813335247496,0.010965360523678136,0.054962813335247496,-3.0992786936513124,-0.43152785233298646,-3.1102440541749905,-0.48649066566823396,0.0,0.0,Vmag_get_voltage_magnitude_series__angle_get_voltage_angle_series,true,Unknown,Ybus EMT reconstruction using exact complex bus-voltage phasors when available; otherwise diagnostic fallback
8.03,0.010965233521535556,0.05496281445581097,0.010965233521535556,0.05496281445581097,0.010965233521535556,0.05496281445581097,-3.099278820653455,-0.431527851212423,-3.1102440541749905,-0.48649066566823396,0.0,0.0,Vmag_get_voltage_magnitude_series__angle_get_voltage_angle_series,true,Unknown,Ybus EMT reconstruction using exact complex bus-voltage phasors when available; otherwise diagnostic fallback
8.04,0.010965108600463402,0.054962815671882215,0.010965108600463402,0.054962815671882215,0.010965108600463402,0.054962815671882215,-3.099278945574527,-0.43152784999635174,-3.1102440541749905,-0.48649066566823396,0.0,0.0,Vmag_get_voltage_magnitude_series__angle_get_voltage_angle_series,true,Unknown,Ybus EMT reconstruction using exact complex bus-voltage phasors when available; otherwise diagnostic fallback
8.05,0.010964985746823697,0.05496281698192562,0.010964985746823697,0.05496281698192562,0.010964985746823697,0.05496281698192562,-3.099279068428167,-0.43152784868630834,-3.1102440541749905,-0.48649066566823396,0.0,0.0,Vmag_get_voltage_magnitude_series__angle_get_voltage_angle_series,true,Unknown,Ybus EMT reconstruction using exact complex bus-voltage phasors when available; otherwise diagnostic fallback
8.06,0.010964864946825692,0.05496281838489564,0.010964864946825692,0.05496281838489564,0.010964864946825692,0.05496281838489564,-3.099279189228165,-0.4315278472833383,-3.1102440541749905,-0.48649066566823396,0.0,0.0,Vmag_get_voltage_magnitude_series__angle_get_voltage_angle_series,true,Unknown,Ybus EMT reconstruction using exact complex bus-voltage phasors when available; otherwise diagnostic fallback
8.07,0.010964746186825636,0.05496281987941376,0.010964746186825636,0.05496281987941376,0.010964746186825636,0.05496281987941376,-3.099279307988165,-0.4315278457888202,-3.1102440541749905,-0.48649066566823396,0.0,0.0,Vmag_get_voltage_magnitude_series__angle_get_voltage_angle_series,true,Unknown,Ybus EMT reconstruction using exact complex bus-voltage phasors when available; otherwise diagnostic fallback
8.08,0.010964629452949293,0.054962821464404454,0.010964629452949293,0.054962821464404454,0.010964629452949293,0.054962821464404454,-3.099279424722041,-0.4315278442038295,-3.1102440541749905,-0.48649066566823396,0.0,0.0,Vmag_get_voltage_magnitude_series__angle_get_voltage_angle_series,true,Unknown,Ybus EMT reconstruction using exact complex bus-voltage phasors when available; otherwise diagnostic fallback
8.09,0.0109645147314823,0.054962823139161676,0.0109645147314823,0.054962823139161676,0.0109645147314823,0.054962823139161676,-3.099279539443508,-0.4315278425290723,-3.1102440541749905,-0.48649066566823396,0.0,0.0,Vmag_get_voltage_magnitude_series__angle_get_voltage_angle_series,true,Unknown,Ybus EMT reconstruction using exact complex bus-voltage phasors when available; otherwise diagnostic fallback
8.1,0.010964402008513119,0.054962824901711005,0.010964402008513119,0.054962824901711005,0.010964402008513119,0.054962824901711005,-3.0992796521664774,-0.43152784076652295,-3.1102440541749905,-0.48649066566823396,0.0,0.0,Vmag_get_voltage_magnitude_series__angle_get_voltage_angle_series,true,Unknown,Ybus EMT reconstruction using exact complex bus-voltage phasors when available; otherwise diagnostic fallback
8.11,0.010964291270190163,0.054962826751946525,0.010964291270190163,0.054962826751946525,0.010964291270190163,0.054962826751946525,-3.0992797629048003,-0.43152783891628743,-3.1102440541749905,-0.48649066566823396,0.0,0.0,Vmag_get_voltage_magnitude_series__angle_get_voltage_angle_series,true,Unknown,Ybus EMT reconstruction using exact complex bus-voltage phasors when available; otherwise diagnostic fallback
8.12,0.010964182502525954,0.05496282868782498,0.010964182502525954,0.05496282868782498,0.010964182502525954,0.05496282868782498,-3.0992798716724645,-0.431527836980409,-3.1102440541749905,-0.48649066566823396,0.0,0.0,Vmag_get_voltage_magnitude_series__angle_get_voltage_angle_series,true,Unknown,Ybus EMT reconstruction using exact complex bus-voltage phasors when available; otherwise diagnostic fallback
8.13,0.010964075691654251,0.054962830708504495,0.010964075691654251,0.054962830708504495,0.010964075691654251,0.054962830708504495,-3.0992799784833363,-0.43152783495972946,-3.1102440541749905,-0.48649066566823396,0.0,0.0,Vmag_get_voltage_magnitude_series__angle_get_voltage_angle_series,true,Unknown,Ybus EMT reconstruction using exact complex bus-voltage phasors when available; otherwise diagnostic fallback
8.14,0.01096397082364442,0.054962832813466256,0.01096397082364442,0.054962832813466256,0.01096397082364442,0.054962832813466256,-3.099280083351346,-0.4315278328547677,-3.1102440541749905,-0.48649066566823396,0.0,0.0,Vmag_get_voltage_magnitude_series__angle_get_voltage_angle_series,true,Unknown,Ybus EMT reconstruction using exact complex bus-voltage phasors when available; otherwise diagnostic fallback
8.15,0.01096386788442727,0.05496283500042615,0.01096386788442727,0.05496283500042615,0.01096386788442727,0.05496283500042615,-3.0992801862905632,-0.4315278306678078,-3.1102440541749905,-0.48649066566823396,0.0,0.0,Vmag_get_voltage_magnitude_series__angle_get_voltage_angle_series,true,Unknown,Ybus EMT reconstruction using exact complex bus-voltage phasors when available; otherwise diagnostic fallback
8.16,0.010963766859956703,0.054962837269046716,0.010963766859956703,0.054962837269046716,0.010963766859956703,0.054962837269046716,-3.099280287315034,-0.43152782839918724,-3.1102440541749905,-0.48649066566823396,0.0,0.0,Vmag_get_voltage_magnitude_series__angle_get_voltage_angle_series,true,Unknown,Ybus EMT reconstruction using exact complex bus-voltage phasors when available; otherwise diagnostic fallback
8.17,0.01096366773620483,0.054962839617949566,0.01096366773620483,0.054962839617949566,0.01096366773620483,0.054962839617949566,-3.0992803864387857,-0.4315278260502844,-3.1102440541749905,-0.48649066566823396,0.0,0.0,Vmag_get_voltage_magnitude_series__angle_get_voltage_angle_series,true,Unknown,Ybus EMT reconstruction using exact complex bus-voltage phasors when available; otherwise diagnostic fallback
8.18,0.01096357049913621,0.05496284204644547,0.01096357049913621,0.05496284204644547,0.01096357049913621,0.05496284204644547,-3.0992804836758543,-0.4315278236217885,-3.1102440541749905,-0.48649066566823396,0.0,0.0,Vmag_get_voltage_magnitude_series__angle_get_voltage_angle_series,true,Unknown,Ybus EMT reconstruction using exact complex bus-voltage phasors when available; otherwise diagnostic fallback
8.19,0.010963475134648792,0.05496284455300643,0.010963475134648792,0.05496284455300643,0.010963475134648792,0.05496284455300643,-3.0992805790403417,-0.43152782111522753,-3.1102440541749905,-0.48649066566823396,0.0,0.0,Vmag_get_voltage_magnitude_series__angle_get_voltage_angle_series,true,Unknown,Ybus EMT reconstruction using exact complex bus-voltage phasors when available; otherwise diagnostic fallback
8.2,0.010963381628630309,0.05496284713639171,0.010963381628630309,0.05496284713639171,0.010963381628630309,0.05496284713639171,-3.09928067254636,-0.43152781853184224,-3.1102440541749905,-0.48649066566823396,0.0,0.0,Vmag_get_voltage_magnitude_series__angle_get_voltage_angle_series,true,Unknown,Ybus EMT reconstruction using exact complex bus-voltage phasors when available; otherwise diagnostic fallback
8.21,0.010963289966955614,0.054962849795872515,0.010963289966955614,0.054962849795872515,0.010963289966955614,0.054962849795872515,-3.099280764208035,-0.43152781587236144,-3.1102440541749905,-0.48649066566823396,0.0,0.0,Vmag_get_voltage_magnitude_series__angle_get_voltage_angle_series,true,Unknown,Ybus EMT reconstruction using exact complex bus-voltage phasors when available; otherwise diagnostic fallback
8.22,0.01096320013546448,0.054962852530138606,0.01096320013546448,0.054962852530138606,0.01096320013546448,0.054962852530138606,-3.099280854039526,-0.43152781313809535,-3.1102440541749905,-0.48649066566823396,0.0,0.0,Vmag_get_voltage_magnitude_series__angle_get_voltage_angle_series,true,Unknown,Ybus EMT reconstruction using exact complex bus-voltage phasors when available; otherwise diagnostic fallback
8.23,0.010963112120040197,0.05496285533841583,0.010963112120040197,0.05496285533841583,0.010963112120040197,0.05496285533841583,-3.0992809420549503,-0.43152781032981813,-3.1102440541749905,-0.48649066566823396,0.0,0.0,Vmag_get_voltage_magnitude_series__angle_get_voltage_angle_series,true,Unknown,Ybus EMT reconstruction using exact complex bus-voltage phasors when available; otherwise diagnostic fallback
8.24,0.010963025906555401,0.054962858219050614,0.010963025906555401,0.054962858219050614,0.010963025906555401,0.054962858219050614,-3.099281028268435,-0.43152780744918334,-3.1102440541749905,-0.48649066566823396,0.0,0.0,Vmag_get_voltage_magnitude_series__angle_get_voltage_angle_series,true,Unknown,Ybus EMT reconstruction using exact complex bus-voltage phasors when available; otherwise diagnostic fallback
8.25,0.010962941480754385,0.05496286117157184,0.010962941480754385,0.05496286117157184,0.010962941480754385,0.05496286117157184,-3.099281112694236,-0.4315278044966621,-3.1102440541749905,-0.48649066566823396,0.0,0.0,Vmag_get_voltage_magnitude_series__angle_get_voltage_angle_series,true,Unknown,Ybus EMT reconstruction using exact complex bus-voltage phasors when available; otherwise diagnostic fallback
8.26,0.010962858828443611,0.054962864194419536,0.010962858828443611,0.054962864194419536,0.010962858828443611,0.054962864194419536,-3.099281195346547,-0.4315278014738144,-3.1102440541749905,-0.48649066566823396,0.0,0.0,Vmag_get_voltage_magnitude_series__angle_get_voltage_angle_series,true,Unknown,Ybus EMT reconstruction using exact complex bus-voltage phasors when available; otherwise diagnostic fallback
8.27,0.010962777935514367,0.054962867286796,0.010962777935514367,0.054962867286796,0.010962777935514367,0.054962867286796,-3.099281276239476,-0.43152779838143795,-3.1102440541749905,-0.48649066566823396,0.0,0.0,Vmag_get_voltage_magnitude_series__angle_get_voltage_angle_series,true,Unknown,Ybus EMT reconstruction using exact complex bus-voltage phasors when available; otherwise diagnostic fallback
8.28,0.010962698787687852,0.054962870447403056,0.010962698787687852,0.054962870447403056,0.010962698787687852,0.054962870447403056,-3.0992813553873026,-0.4315277952208309,-3.1102440541749905,-0.48649066566823396,0.0,0.0,Vmag_get_voltage_magnitude_series__angle_get_voltage_angle_series,true,Unknown,Ybus EMT reconstruction using exact complex bus-voltage phasors when available; otherwise diagnostic fallback
8.29,0.010962621370821157,0.054962873675494794,0.010962621370821157,0.054962873675494794,0.010962621370821157,0.054962873675494794,-3.0992814328041693,-0.43152779199273916,-3.1102440541749905,-0.48649066566823396,0.0,0.0,Vmag_get_voltage_magnitude_series__angle_get_voltage_angle_series,true,Unknown,Ybus EMT reconstruction using exact complex bus-voltage phasors when available; otherwise diagnostic fallback
8.3,0.010962545670717194,0.05496287696984847,0.010962545670717194,0.05496287696984847,0.010962545670717194,0.05496287696984847,-3.0992815085042733,-0.4315277886983855,-3.1102440541749905,-0.48649066566823396,0.0,0.0,Vmag_get_voltage_magnitude_series__angle_get_voltage_angle_series,true,Unknown,Ybus EMT reconstruction using exact complex bus-voltage phasors when available; otherwise diagnostic fallback
8.31,0.010962471673012786,0.05496288032921637,0.010962471673012786,0.05496288032921637,0.010962471673012786,0.05496288032921637,-3.0992815825019777,-0.4315277853390176,-3.1102440541749905,-0.48649066566823396,0.0,0.0,Vmag_get_voltage_magnitude_series__angle_get_voltage_angle_series,true,Unknown,Ybus EMT reconstruction using exact complex bus-voltage phasors when available; otherwise diagnostic fallback
8.32,0.010962399363693365,0.054962883753087555,0.010962399363693365,0.054962883753087555,0.010962399363693365,0.054962883753087555,-3.099281654811297,-0.4315277819151464,-3.1102440541749905,-0.48649066566823396,0.0,0.0,Vmag_get_voltage_magnitude_series__angle_get_voltage_angle_series,true,Unknown,Ybus EMT reconstruction using exact complex bus-voltage phasors when available; otherwise diagnostic fallback
8.33,0.010962328728436166,0.05496288723972803,0.010962328728436166,0.05496288723972803,0.010962328728436166,0.05496288723972803,-3.0992817254465543,-0.4315277784285059,-3.1102440541749905,-0.48649066566823396,0.0,0.0,Vmag_get_voltage_magnitude_series__angle_get_voltage_angle_series,true,Unknown,Ybus EMT reconstruction using exact complex bus-voltage phasors when available; otherwise diagnostic fallback
8.34,0.010962259753056536,0.05496289078886574,0.010962259753056536,0.05496289078886574,0.010962259753056536,0.05496289078886574,-3.099281794421934,-0.4315277748793682,-3.1102440541749905,-0.48649066566823396,0.0,0.0,Vmag_get_voltage_magnitude_series__angle_get_voltage_angle_series,true,Unknown,Ybus EMT reconstruction using exact complex bus-voltage phasors when available; otherwise diagnostic fallback
8.35,0.010962192423313866,0.054962894398509154,0.010962192423313866,0.054962894398509154,0.010962192423313866,0.054962894398509154,-3.0992818617516766,-0.4315277712697248,-3.1102440541749905,-0.48649066566823396,0.0,0.0,Vmag_get_voltage_magnitude_series__angle_get_voltage_angle_series,true,Unknown,Ybus EMT reconstruction using exact complex bus-voltage phasors when available; otherwise diagnostic fallback
8.36,0.01096212672506347,0.05496289806850063,0.01096212672506347,0.05496289806850063,0.01096212672506347,0.05496289806850063,-3.099281927449927,-0.4315277675997333,-3.1102440541749905,-0.48649066566823396,0.0,0.0,Vmag_get_voltage_magnitude_series__angle_get_voltage_angle_series,true,Unknown,Ybus EMT reconstruction using exact complex bus-voltage phasors when available; otherwise diagnostic fallback
8.37,0.010962062644115367,0.054962901797430075,0.010962062644115367,0.054962901797430075,0.010962062644115367,0.054962901797430075,-3.099281991530875,-0.4315277638708039,-3.1102440541749905,-0.48649066566823396,0.0,0.0,Vmag_get_voltage_magnitude_series__angle_get_voltage_angle_series,true,Unknown,Ybus EMT reconstruction using exact complex bus-voltage phasors when available; otherwise diagnostic fallback
8.38,0.010962000166174768,0.05496290558415046,0.010962000166174768,0.05496290558415046,0.010962000166174768,0.05496290558415046,-3.0992820540088157,-0.4315277600840835,-3.1102440541749905,-0.48649066566823396,0.0,0.0,Vmag_get_voltage_magnitude_series__angle_get_voltage_angle_series,true,Unknown,Ybus EMT reconstruction using exact complex bus-voltage phasors when available; otherwise diagnostic fallback
8.39,0.010961939277194688,0.05496290942799381,0.010961939277194688,0.05496290942799381,0.010961939277194688,0.05496290942799381,-3.099282114897796,-0.43152775624024015,-3.1102440541749905,-0.48649066566823396,0.0,0.0,Vmag_get_voltage_magnitude_series__angle_get_voltage_angle_series,true,Unknown,Ybus EMT reconstruction using exact complex bus-voltage phasors when available; otherwise diagnostic fallback
8.4,0.010961879962882115,0.05496291332756881,0.010961879962882115,0.05496291332756881,0.010961879962882115,0.05496291332756881,-3.0992821742121084,-0.43152775234066515,-3.1102440541749905,-0.48649066566823396,0.0,0.0,Vmag_get_voltage_magnitude_series__angle_get_voltage_angle_series,true,Unknown,Ybus EMT reconstruction using exact complex bus-voltage phasors when available; otherwise diagnostic fallback
8.41,0.010961822209202055,0.05496291728216934,0.010961822209202055,0.05496291728216934,0.010961822209202055,0.05496291728216934,-3.0992822319657884,-0.4315277483860646,-3.1102440541749905,-0.48649066566823396,0.0,0.0,Vmag_get_voltage_magnitude_series__angle_get_voltage_angle_series,true,Unknown,Ybus EMT reconstruction using exact complex bus-voltage phasors when available; otherwise diagnostic fallback
8.42,0.010961766001877926,0.0549629212910257,0.010961766001877926,0.0549629212910257,0.010961766001877926,0.0549629212910257,-3.0992822881731126,-0.43152774437720826,-3.1102440541749905,-0.48649066566823396,0.0,0.0,Vmag_get_voltage_magnitude_series__angle_get_voltage_angle_series,true,Unknown,Ybus EMT reconstruction using exact complex bus-voltage phasors when available; otherwise diagnostic fallback
8.43,0.010961711326845425,0.05496292535245645,0.010961711326845425,0.05496292535245645,0.010961711326845425,0.05496292535245645,-3.099282342848145,-0.4315277403157775,-3.1102440541749905,-0.48649066566823396,0.0,0.0,Vmag_get_voltage_magnitude_series__angle_get_voltage_angle_series,true,Unknown,Ybus EMT reconstruction using exact complex bus-voltage phasors when available; otherwise diagnostic fallback
8.44,0.010961658169958088,0.054962929465455335,0.010961658169958088,0.054962929465455335,0.010961658169958088,0.054962929465455335,-3.0992823960050324,-0.4315277362027786,-3.1102440541749905,-0.48649066566823396,0.0,0.0,Vmag_get_voltage_magnitude_series__angle_get_voltage_angle_series,true,Unknown,Ybus EMT reconstruction using exact complex bus-voltage phasors when available; otherwise diagnostic fallback
8.45,0.010961606517161382,0.054962933629713495,0.010961606517161382,0.054962933629713495,0.010961606517161382,0.054962933629713495,-3.099282447657829,-0.43152773203852046,-3.1102440541749905,-0.48649066566823396,0.0,0.0,Vmag_get_voltage_magnitude_series__angle_get_voltage_angle_series,true,Unknown,Ybus EMT reconstruction using exact complex bus-voltage phasors when available; otherwise diagnostic fallback
8.46,0.010961556354299073,0.05496293784422712,0.010961556354299073,0.05496293784422712,0.010961556354299073,0.05496293784422712,-3.0992824978206914,-0.43152772782400683,-3.1102440541749905,-0.48649066566823396,0.0,0.0,Vmag_get_voltage_magnitude_series__angle_get_voltage_angle_series,true,Unknown,Ybus EMT reconstruction using exact complex bus-voltage phasors when available; otherwise diagnostic fallback
8.47,0.010961507667324177,0.054962942107434576,0.010961507667324177,0.054962942107434576,0.010961507667324177,0.054962942107434576,-3.0992825465076663,-0.4315277235607994,-3.1102440541749905,-0.48649066566823396,0.0,0.0,Vmag_get_voltage_magnitude_series__angle_get_voltage_angle_series,true,Unknown,Ybus EMT reconstruction using exact complex bus-voltage phasors when available; otherwise diagnostic fallback
8.48,0.010961460442233228,0.05496294641873278,0.010961460442233228,0.05496294641873278,0.010961460442233228,0.05496294641873278,-3.0992825937327573,-0.4315277192495012,-3.1102440541749905,-0.48649066566823396,0.0,0.0,Vmag_get_voltage_magnitude_series__angle_get_voltage_angle_series,true,Unknown,Ybus EMT reconstruction using exact complex bus-voltage phasors when available; otherwise diagnostic fallback
8.49,0.01096141466488243,0.054962950776843766,0.01096141466488243,0.054962950776843766,0.01096141466488243,0.054962950776843766,-3.099282639510108,-0.4315277148913902,-3.1102440541749905,-0.48649066566823396,0.0,0.0,Vmag_get_voltage_magnitude_series__angle_get_voltage_angle_series,true,Unknown,Ybus EMT reconstruction using exact complex bus-voltage phasors when available; otherwise diagnostic fallback
8.5,0.010961370321382002,0.054962955181213524,0.010961370321382002,0.054962955181213524,0.010961370321382002,0.054962955181213524,-3.0992826838536085,-0.43152771048702043,-3.1102440541749905,-0.48649066566823396,0.0,0.0,Vmag_get_voltage_magnitude_series__angle_get_voltage_angle_series,true,Unknown,Ybus EMT reconstruction using exact complex bus-voltage phasors when available; otherwise diagnostic fallback
8.51,0.01096132739768807,0.05496295963068881,0.01096132739768807,0.05496295963068881,0.01096132739768807,0.05496295963068881,-3.0992827267773024,-0.43152770603754514,-3.1102440541749905,-0.48649066566823396,0.0,0.0,Vmag_get_voltage_magnitude_series__angle_get_voltage_angle_series,true,Unknown,Ybus EMT reconstruction using exact complex bus-voltage phasors when available; otherwise diagnostic fallback
8.52,0.010961285879847793,0.05496296412412238,0.010961285879847793,0.05496296412412238,0.010961285879847793,0.05496296412412238,-3.0992827682951427,-0.4315277015441116,-3.1102440541749905,-0.48649066566823396,0.0,0.0,Vmag_get_voltage_magnitude_series__angle_get_voltage_angle_series,true,Unknown,Ybus EMT reconstruction using exact complex bus-voltage phasors when available; otherwise diagnostic fallback
8.53,0.01096124575392965,0.05496296866107103,0.01096124575392965,0.05496296866107103,0.01096124575392965,0.05496296866107103,-3.099282808421061,-0.4315276970071629,-3.1102440541749905,-0.48649066566823396,0.0,0.0,Vmag_get_voltage_magnitude_series__angle_get_voltage_angle_series,true,Unknown,Ybus EMT reconstruction using exact complex bus-voltage phasors when available; otherwise diagnostic fallback
8.54,0.010961207006033646,0.0549629732401013,0.010961207006033646,0.0549629732401013,0.010961207006033646,0.0549629732401013,-3.099282847168957,-0.43152769242813266,-3.1102440541749905,-0.48649066566823396,0.0,0.0,Vmag_get_voltage_magnitude_series__angle_get_voltage_angle_series,true,Unknown,Ybus EMT reconstruction using exact complex bus-voltage phasors when available; otherwise diagnostic fallback
8.55,0.010961169622227374,0.054962977860485485,0.010961169622227374,0.054962977860485485,0.010961169622227374,0.054962977860485485,-3.099282884552763,-0.4315276878077485,-3.1102440541749905,-0.48649066566823396,0.0,0.0,Vmag_get_voltage_magnitude_series__angle_get_voltage_angle_series,true,Unknown,Ybus EMT reconstruction using exact complex bus-voltage phasors when available; otherwise diagnostic fallback
8.56,0.010961133588759608,0.05496298252139703,0.010961133588759608,0.05496298252139703,0.010961133588759608,0.05496298252139703,-3.099282920586231,-0.4315276831468369,-3.1102440541749905,-0.48649066566823396,0.0,0.0,Vmag_get_voltage_magnitude_series__angle_get_voltage_angle_series,true,Unknown,Ybus EMT reconstruction using exact complex bus-voltage phasors when available; otherwise diagnostic fallback
8.57,0.010961098891689502,0.05496298722153081,0.010961098891689502,0.05496298722153081,0.010961098891689502,0.05496298722153081,-3.099282955283301,-0.43152767844670314,-3.1102440541749905,-0.48649066566823396,0.0,0.0,Vmag_get_voltage_magnitude_series__angle_get_voltage_angle_series,true,Unknown,Ybus EMT reconstruction using exact complex bus-voltage phasors when available; otherwise diagnostic fallback
8.58,0.010961065517289814,0.05496299196044102,0.010961065517289814,0.05496299196044102,0.010961065517289814,0.05496299196044102,-3.0992829886577007,-0.43152767370779294,-3.1102440541749905,-0.48649066566823396,0.0,0.0,Vmag_get_voltage_magnitude_series__angle_get_voltage_angle_series,true,Unknown,Ybus EMT reconstruction using exact complex bus-voltage phasors when available; otherwise diagnostic fallback
8.59,0.010961033451784896,0.05496299673697774,0.010961033451784896,0.05496299673697774,0.010961033451784896,0.05496299673697774,-3.0992830207232056,-0.4315276689312562,-3.1102440541749905,-0.48649066566823396,0.0,0.0,Vmag_get_voltage_magnitude_series__angle_get_voltage_angle_series,true,Unknown,Ybus EMT reconstruction using exact complex bus-voltage phasors when available; otherwise diagnostic fallback
8.6,0.010961002681430632,0.05496300155002454,0.010961002681430632,0.05496300155002454,0.010961002681430632,0.05496300155002454,-3.09928305149356,-0.4315276641182094,-3.1102440541749905,-0.48649066566823396,0.0,0.0,Vmag_get_voltage_magnitude_series__angle_get_voltage_angle_series,true,Unknown,Ybus EMT reconstruction using exact complex bus-voltage phasors when available; otherwise diagnostic fallback
8.61,0.01096097319260636,0.05496300639914986,0.01096097319260636,0.05496300639914986,0.01096097319260636,0.05496300639914986,-3.099283080982384,-0.4315276592690841,-3.1102440541749905,-0.48649066566823396,0.0,0.0,Vmag_get_voltage_magnitude_series__angle_get_voltage_angle_series,true,Unknown,Ybus EMT reconstruction using exact complex bus-voltage phasors when available; otherwise diagnostic fallback
8.62,0.010960944971530218,0.05496301128312947,0.010960944971530218,0.05496301128312947,0.010960944971530218,0.05496301128312947,-3.0992831092034603,-0.4315276543851045,-3.1102440541749905,-0.48649066566823396,0.0,0.0,Vmag_get_voltage_magnitude_series__angle_get_voltage_angle_series,true,Unknown,Ybus EMT reconstruction using exact complex bus-voltage phasors when available; otherwise diagnostic fallback
8.63,0.010960918004613074,0.05496301620100025,0.010960918004613074,0.05496301620100025,0.010960918004613074,0.05496301620100025,-3.0992831361703774,-0.4315276494672337,-3.1102440541749905,-0.48649066566823396,0.0,0.0,Vmag_get_voltage_magnitude_series__angle_get_voltage_angle_series,true,Unknown,Ybus EMT reconstruction using exact complex bus-voltage phasors when available; otherwise diagnostic fallback
8.64,0.010960892278356837,0.05496302115206886,0.010960892278356837,0.05496302115206886,0.010960892278356837,0.05496302115206886,-3.0992831618966337,-0.4315276445161651,-3.1102440541749905,-0.48649066566823396,0.0,0.0,Vmag_get_voltage_magnitude_series__angle_get_voltage_angle_series,true,Unknown,Ybus EMT reconstruction using exact complex bus-voltage phasors when available; otherwise diagnostic fallback
8.65,0.010960867779112426,0.05496302613546883,0.010960867779112426,0.05496302613546883,0.010960867779112426,0.05496302613546883,-3.099283186395878,-0.43152763953276513,-3.1102440541749905,-0.48649066566823396,0.0,0.0,Vmag_get_voltage_magnitude_series__angle_get_voltage_angle_series,true,Unknown,Ybus EMT reconstruction using exact complex bus-voltage phasors when available; otherwise diagnostic fallback
8.66,0.010960844493367095,0.054963031150079444,0.010960844493367095,0.054963031150079444,0.010960844493367095,0.054963031150079444,-3.0992832096816234,-0.4315276345181545,-3.1102440541749905,-0.48649066566823396,0.0,0.0,Vmag_get_voltage_magnitude_series__angle_get_voltage_angle_series,true,Unknown,Ybus EMT reconstruction using exact complex bus-voltage phasors when available; otherwise diagnostic fallback
8.67,0.010960822407731552,0.05496303619520171,0.010960822407731552,0.05496303619520171,0.010960822407731552,0.05496303619520171,-3.099283231767259,-0.43152762947303225,-3.1102440541749905,-0.48649066566823396,0.0,0.0,Vmag_get_voltage_magnitude_series__angle_get_voltage_angle_series,true,Unknown,Ybus EMT reconstruction using exact complex bus-voltage phasors when available; otherwise diagnostic fallback
8.68,0.010960801508693496,0.0549630412702512,0.010960801508693496,0.0549630412702512,0.010960801508693496,0.0549630412702512,-3.099283252666297,-0.43152762439798276,-3.1102440541749905,-0.48649066566823396,0.0,0.0,Vmag_get_voltage_magnitude_series__angle_get_voltage_angle_series,true,Unknown,Ybus EMT reconstruction using exact complex bus-voltage phasors when available; otherwise diagnostic fallback
8.69,0.010960781782927143,0.054963046374205016,0.010960781782927143,0.054963046374205016,0.010960781782927143,0.054963046374205016,-3.0992832723920634,-0.43152761929402894,-3.1102440541749905,-0.48649066566823396,0.0,0.0,Vmag_get_voltage_magnitude_series__angle_get_voltage_angle_series,true,Unknown,Ybus EMT reconstruction using exact complex bus-voltage phasors when available; otherwise diagnostic fallback
8.7,0.010960763217004121,0.05496305150583297,0.010960763217004121,0.05496305150583297,0.010960763217004121,0.05496305150583297,-3.0992832909579864,-0.431527614162401,-3.1102440541749905,-0.48649066566823396,0.0,0.0,Vmag_get_voltage_magnitude_series__angle_get_voltage_angle_series,true,Unknown,Ybus EMT reconstruction using exact complex bus-voltage phasors when available; otherwise diagnostic fallback
8.71,0.010960745797707894,0.05496305666468976,0.010960745797707894,0.05496305666468976,0.010960745797707894,0.05496305666468976,-3.0992833083772826,-0.4315276090035442,-3.1102440541749905,-0.48649066566823396,0.0,0.0,Vmag_get_voltage_magnitude_series__angle_get_voltage_angle_series,true,Unknown,Ybus EMT reconstruction using exact complex bus-voltage phasors when available; otherwise diagnostic fallback
8.72,0.010960729511718892,0.05496306184991401,0.010960729511718892,0.05496306184991401,0.010960729511718892,0.05496306184991401,-3.0992833246632716,-0.43152760381831995,-3.1102440541749905,-0.48649066566823396,0.0,0.0,Vmag_get_voltage_magnitude_series__angle_get_voltage_angle_series,true,Unknown,Ybus EMT reconstruction using exact complex bus-voltage phasors when available; otherwise diagnostic fallback
8.73,0.010960714345841449,0.05496306706073628,0.010960714345841449,0.05496306706073628,0.010960714345841449,0.05496306706073628,-3.099283339829149,-0.4315275986074977,-3.1102440541749905,-0.48649066566823396,0.0,0.0,Vmag_get_voltage_magnitude_series__angle_get_voltage_angle_series,true,Unknown,Ybus EMT reconstruction using exact complex bus-voltage phasors when available; otherwise diagnostic fallback
8.74,0.010960700286875902,0.054963072295693916,0.010960700286875902,0.054963072295693916,0.010960700286875902,0.054963072295693916,-3.0992833538881146,-0.43152759337254004,-3.1102440541749905,-0.48649066566823396,0.0,0.0,Vmag_get_voltage_magnitude_series__angle_get_voltage_angle_series,true,Unknown,Ybus EMT reconstruction using exact complex bus-voltage phasors when available; otherwise diagnostic fallback
8.75,0.010960687321736273,0.054963077554702144,0.010960687321736273,0.054963077554702144,0.010960687321736273,0.054963077554702144,-3.0992833668532542,-0.4315275881135318,-3.1102440541749905,-0.48649066566823396,0.0,0.0,Vmag_get_voltage_magnitude_series__angle_get_voltage_angle_series,true,Unknown,Ybus EMT reconstruction using exact complex bus-voltage phasors when available; otherwise diagnostic fallback
8.76,0.010960675437333478,0.054963082836751664,0.010960675437333478,0.054963082836751664,0.010960675437333478,0.054963082836751664,-3.099283378737657,-0.4315275828314823,-3.1102440541749905,-0.48649066566823396,0.0,0.0,Vmag_get_voltage_magnitude_series__angle_get_voltage_angle_series,true,Unknown,Ybus EMT reconstruction using exact complex bus-voltage phasors when available; otherwise diagnostic fallback
8.77,0.01096066462064238,0.05496308814077627,0.01096066462064238,0.05496308814077627,0.01096066462064238,0.05496308814077627,-3.099283389554348,-0.4315275775274577,-3.1102440541749905,-0.48649066566823396,0.0,0.0,Vmag_get_voltage_magnitude_series__angle_get_voltage_angle_series,true,Unknown,Ybus EMT reconstruction using exact complex bus-voltage phasors when available; otherwise diagnostic fallback
8.78,0.010960654858676921,0.054963093466587565,0.010960654858676921,0.054963093466587565,0.010960654858676921,0.054963093466587565,-3.0992833993163136,-0.4315275722016464,-3.1102440541749905,-0.48649066566823396,0.0,0.0,Vmag_get_voltage_magnitude_series__angle_get_voltage_angle_series,true,Unknown,Ybus EMT reconstruction using exact complex bus-voltage phasors when available; otherwise diagnostic fallback
8.79,0.010960646138481245,0.05496309881252226,0.010960646138481245,0.05496309881252226,0.010960646138481245,0.05496309881252226,-3.0992834080365093,-0.4315275668557117,-3.1102440541749905,-0.48649066566823396,0.0,0.0,Vmag_get_voltage_magnitude_series__angle_get_voltage_angle_series,true,Unknown,Ybus EMT reconstruction using exact complex bus-voltage phasors when available; otherwise diagnostic fallback
8.8,0.010960638447248261,0.054963104178857636,0.010960638447248261,0.054963104178857636,0.010960638447248261,0.054963104178857636,-3.0992834157277422,-0.4315275614893763,-3.1102440541749905,-0.48649066566823396,0.0,0.0,Vmag_get_voltage_magnitude_series__angle_get_voltage_angle_series,true,Unknown,Ybus EMT reconstruction using exact complex bus-voltage phasors when available; otherwise diagnostic fallback
8.81,0.01096063177204476,0.05496310956372519,0.01096063177204476,0.05496310956372519,0.01096063177204476,0.05496310956372519,-3.0992834224029457,-0.43152755610450877,-3.1102440541749905,-0.48649066566823396,0.0,0.0,Vmag_get_voltage_magnitude_series__angle_get_voltage_angle_series,true,Unknown,Ybus EMT reconstruction using exact complex bus-voltage phasors when available; otherwise diagnostic fallback
8.82,0.010960626100237292,0.054963114967290616,0.010960626100237292,0.054963114967290616,0.010960626100237292,0.054963114967290616,-3.099283428074753,-0.43152755070094334,-3.1102440541749905,-0.48649066566823396,0.0,0.0,Vmag_get_voltage_magnitude_series__angle_get_voltage_angle_series,true,Unknown,Ybus EMT reconstruction using exact complex bus-voltage phasors when available; otherwise diagnostic fallback
8.83,0.010960621418954819,0.05496312038788831,0.010960621418954819,0.05496312038788831,0.010960621418954819,0.05496312038788831,-3.0992834327560357,-0.43152754528034565,-3.1102440541749905,-0.48649066566823396,0.0,0.0,Vmag_get_voltage_magnitude_series__angle_get_voltage_angle_series,true,Unknown,Ybus EMT reconstruction using exact complex bus-voltage phasors when available; otherwise diagnostic fallback
8.84,0.01096061771558876,0.05496312582553148,0.01096061771558876,0.05496312582553148,0.01096061771558876,0.05496312582553148,-3.0992834364594017,-0.4315275398427025,-3.1102440541749905,-0.48649066566823396,0.0,0.0,Vmag_get_voltage_magnitude_series__angle_get_voltage_angle_series,true,Unknown,Ybus EMT reconstruction using exact complex bus-voltage phasors when available; otherwise diagnostic fallback
8.85,0.010960614977542527,0.054963131279127886,0.010960614977542527,0.054963131279127886,0.010960614977542527,0.054963131279127886,-3.099283439197448,-0.43152753438910607,-3.1102440541749905,-0.48649066566823396,0.0,0.0,Vmag_get_voltage_magnitude_series__angle_get_voltage_angle_series,true,Unknown,Ybus EMT reconstruction using exact complex bus-voltage phasors when available; otherwise diagnostic fallback
8.86,0.010960613192230628,0.054963136747762875,0.010960613192230628,0.054963136747762875,0.010960613192230628,0.054963136747762875,-3.09928344098276,-0.4315275289204711,-3.1102440541749905,-0.48649066566823396,0.0,0.0,Vmag_get_voltage_magnitude_series__angle_get_voltage_angle_series,true,Unknown,Ybus EMT reconstruction using exact complex bus-voltage phasors when available; otherwise diagnostic fallback
8.87,0.010960612347134635,0.05496314223129295,0.010960612347134635,0.05496314223129295,0.010960612347134635,0.05496314223129295,-3.099283441827856,-0.431527523436941,-3.1102440541749905,-0.48649066566823396,0.0,0.0,Vmag_get_voltage_magnitude_series__angle_get_voltage_angle_series,true,Unknown,Ybus EMT reconstruction using exact complex bus-voltage phasors when available; otherwise diagnostic fallback
8.88,0.010960612429823158,0.05496314772825911,0.010960612429823158,0.05496314772825911,0.010960612429823158,0.05496314772825911,-3.0992834417451673,-0.43152751793997485,-3.1102440541749905,-0.48649066566823396,0.0,0.0,Vmag_get_voltage_magnitude_series__angle_get_voltage_angle_series,true,Unknown,Ybus EMT reconstruction using exact complex bus-voltage phasors when available; otherwise diagnostic fallback
8.89,0.010960613427887012,0.054963153238453466,0.010960613427887012,0.054963153238453466,0.010960613427887012,0.054963153238453466,-3.0992834407471035,-0.4315275124297805,-3.1102440541749905,-0.48649066566823396,0.0,0.0,Vmag_get_voltage_magnitude_series__angle_get_voltage_angle_series,true,Unknown,Ybus EMT reconstruction using exact complex bus-voltage phasors when available; otherwise diagnostic fallback
8.9,0.010960615329029366,0.054963158760959585,0.010960615329029366,0.054963158760959585,0.010960615329029366,0.054963158760959585,-3.099283438845961,-0.43152750690727437,-3.1102440541749905,-0.48649066566823396,0.0,0.0,Vmag_get_voltage_magnitude_series__angle_get_voltage_angle_series,true,Unknown,Ybus EMT reconstruction using exact complex bus-voltage phasors when available; otherwise diagnostic fallback
8.91,0.01096061812089788,0.054963164294878075,0.01096061812089788,0.054963164294878075,0.01096061812089788,0.054963164294878075,-3.0992834360540926,-0.4315275013733559,-3.1102440541749905,-0.48649066566823396,0.0,0.0,Vmag_get_voltage_magnitude_series__angle_get_voltage_angle_series,true,Unknown,Ybus EMT reconstruction using exact complex bus-voltage phasors when available; otherwise diagnostic fallback
8.92,0.01096062179129298,0.05496316983982741,0.01096062179129298,0.05496316983982741,0.01096062179129298,0.05496316983982741,-3.0992834323836975,-0.43152749582840655,-3.1102440541749905,-0.48649066566823396,0.0,0.0,Vmag_get_voltage_magnitude_series__angle_get_voltage_angle_series,true,Unknown,Ybus EMT reconstruction using exact complex bus-voltage phasors when available; otherwise diagnostic fallback
8.93,0.010960626328134104,0.05496317539512163,0.010960626328134104,0.05496317539512163,0.010960626328134104,0.05496317539512163,-3.0992834278468564,-0.4315274902731123,-3.1102440541749905,-0.48649066566823396,0.0,0.0,Vmag_get_voltage_magnitude_series__angle_get_voltage_angle_series,true,Unknown,Ybus EMT reconstruction using exact complex bus-voltage phasors when available; otherwise diagnostic fallback
8.94,0.010960631719206138,0.05496318096003716,0.010960631719206138,0.05496318096003716,0.010960631719206138,0.05496318096003716,-3.0992834224557844,-0.4315274847081968,-3.1102440541749905,-0.48649066566823396,0.0,0.0,Vmag_get_voltage_magnitude_series__angle_get_voltage_angle_series,true,Unknown,Ybus EMT reconstruction using exact complex bus-voltage phasors when available; otherwise diagnostic fallback
8.95,0.010960637952480479,0.054963186533748654,0.010960637952480479,0.054963186533748654,0.010960637952480479,0.054963186533748654,-3.09928341622251,-0.4315274791344853,-3.1102440541749905,-0.48649066566823396,0.0,0.0,Vmag_get_voltage_magnitude_series__angle_get_voltage_angle_series,true,Unknown,Ybus EMT reconstruction using exact complex bus-voltage phasors when available; otherwise diagnostic fallback
8.96,0.010960645016003578,0.05496319211533368,0.010960645016003578,0.05496319211533368,0.010960645016003578,0.05496319211533368,-3.099283409158987,-0.4315274735529003,-3.1102440541749905,-0.48649066566823396,0.0,0.0,Vmag_get_voltage_magnitude_series__angle_get_voltage_angle_series,true,Unknown,Ybus EMT reconstruction using exact complex bus-voltage phasors when available; otherwise diagnostic fallback
8.97,0.01096065289785253,0.05496319770466668,0.01096065289785253,0.05496319770466668,0.01096065289785253,0.05496319770466668,-3.099283401277138,-0.4315274679635673,-3.1102440541749905,-0.48649066566823396,0.0,0.0,Vmag_get_voltage_magnitude_series__angle_get_voltage_angle_series,true,Unknown,Ybus EMT reconstruction using exact complex bus-voltage phasors when available; otherwise diagnostic fallback
8.98,0.01096066158614839,0.054963203300909313,0.01096066158614839,0.054963203300909313,0.01096066158614839,0.054963203300909313,-3.099283392588842,-0.43152746236732464,-3.1102440541749905,-0.48649066566823396,0.0,0.0,Vmag_get_voltage_magnitude_series__angle_get_voltage_angle_series,true,Unknown,Ybus EMT reconstruction using exact complex bus-voltage phasors when available; otherwise diagnostic fallback
8.99,0.010960671069138783,0.054963208903008154,0.010960671069138783,0.054963208903008154,0.010960671069138783,0.054963208903008154,-3.0992833831058517,-0.4315274567652258,-3.1102440541749905,-0.48649066566823396,0.0,0.0,Vmag_get_voltage_magnitude_series__angle_get_voltage_angle_series,true,Unknown,Ybus EMT reconstruction using exact complex bus-voltage phasors when available; otherwise diagnostic fallback
9.0,0.010960681335026035,0.05496321451088099,0.010960681335026035,0.05496321451088099,0.010960681335026035,0.05496321451088099,-3.0992833728399645,-0.43152745115735297,-3.1102440541749905,-0.48649066566823396,0.0,0.0,Vmag_get_voltage_magnitude_series__angle_get_voltage_angle_series,true,Unknown,Ybus EMT reconstruction using exact complex bus-voltage phasors when available; otherwise diagnostic fallback
9.01,0.01096069237215147,0.05496322012358129,0.01096069237215147,0.05496322012358129,0.01096069237215147,0.05496322012358129,-3.099283361802839,-0.43152744554465267,-3.1102440541749905,-0.48649066566823396,0.0,0.0,Vmag_get_voltage_magnitude_series__angle_get_voltage_angle_series,true,Unknown,Ybus EMT reconstruction using exact complex bus-voltage phasors when available; otherwise diagnostic fallback
9.02,0.010960704168919033,0.05496322574058948,0.010960704168919033,0.05496322574058948,0.010960704168919033,0.05496322574058948,-3.0992833500060715,-0.4315274399276445,-3.1102440541749905,-0.48649066566823396,0.0,0.0,Vmag_get_voltage_magnitude_series__angle_get_voltage_angle_series,true,Unknown,Ybus EMT reconstruction using exact complex bus-voltage phasors when available; otherwise diagnostic fallback
9.03,0.010960716713812602,0.05496323136121628,0.010960716713812602,0.05496323136121628,0.010960716713812602,0.05496323136121628,-3.099283337461178,-0.4315274343070177,-3.1102440541749905,-0.48649066566823396,0.0,0.0,Vmag_get_voltage_magnitude_series__angle_get_voltage_angle_series,true,Unknown,Ybus EMT reconstruction using exact complex bus-voltage phasors when available; otherwise diagnostic fallback
9.04,0.010960729995258323,0.054963236984929,0.010960729995258323,0.054963236984929,0.010960729995258323,0.054963236984929,-3.099283324179732,-0.43152742868330496,-3.1102440541749905,-0.48649066566823396,0.0,0.0,Vmag_get_voltage_magnitude_series__angle_get_voltage_angle_series,true,Unknown,Ybus EMT reconstruction using exact complex bus-voltage phasors when available; otherwise diagnostic fallback
9.05,0.010960744001864864,0.054963242610592156,0.010960744001864864,0.054963242610592156,0.010960744001864864,0.054963242610592156,-3.0992833101731256,-0.4315274230576418,-3.1102440541749905,-0.48649066566823396,0.0,0.0,Vmag_get_voltage_magnitude_series__angle_get_voltage_angle_series,true,Unknown,Ybus EMT reconstruction using exact complex bus-voltage phasors when available; otherwise diagnostic fallback
9.06,0.010960758722318609,0.0549632482383583,0.010960758722318609,0.0549632482383583,0.010960758722318609,0.0549632482383583,-3.099283295452672,-0.43152741742987566,-3.1102440541749905,-0.48649066566823396,0.0,0.0,Vmag_get_voltage_magnitude_series__angle_get_voltage_angle_series,true,Unknown,Ybus EMT reconstruction using exact complex bus-voltage phasors when available; otherwise diagnostic fallback
9.07,0.010960774145328145,0.054963253867139295,0.010960774145328145,0.054963253867139295,0.010960774145328145,0.054963253867139295,-3.0992832800296624,-0.43152741180109466,-3.1102440541749905,-0.48649066566823396,0.0,0.0,Vmag_get_voltage_magnitude_series__angle_get_voltage_angle_series,true,Unknown,Ybus EMT reconstruction using exact complex bus-voltage phasors when available; otherwise diagnostic fallback
9.08,0.01096079025968022,0.05496325949672487,0.01096079025968022,0.05496325949672487,0.01096079025968022,0.05496325949672487,-3.0992832639153103,-0.4315274061715091,-3.1102440541749905,-0.48649066566823396,0.0,0.0,Vmag_get_voltage_magnitude_series__angle_get_voltage_angle_series,true,Unknown,Ybus EMT reconstruction using exact complex bus-voltage phasors when available; otherwise diagnostic fallback
9.09,0.010960807054092747,0.05496326512595595,0.010960807054092747,0.05496326512595595,0.010960807054092747,0.05496326512595595,-3.0992832471208978,-0.431527400542278,-3.1102440541749905,-0.48649066566823396,0.0,0.0,Vmag_get_voltage_magnitude_series__angle_get_voltage_angle_series,true,Unknown,Ybus EMT reconstruction using exact complex bus-voltage phasors when available; otherwise diagnostic fallback
9.1,0.010960824517630474,0.05496327075477658,0.010960824517630474,0.05496327075477658,0.010960824517630474,0.05496327075477658,-3.09928322965736,-0.4315273949134574,-3.1102440541749905,-0.48649066566823396,0.0,0.0,Vmag_get_voltage_magnitude_series__angle_get_voltage_angle_series,true,Unknown,Ybus EMT reconstruction using exact complex bus-voltage phasors when available; otherwise diagnostic fallback
9.11,0.010960842639232471,0.05496327638247267,0.010960842639232471,0.05496327638247267,0.010960842639232471,0.05496327638247267,-3.099283211535758,-0.4315273892857613,-3.1102440541749905,-0.48649066566823396,0.0,0.0,Vmag_get_voltage_magnitude_series__angle_get_voltage_angle_series,true,Unknown,Ybus EMT reconstruction using exact complex bus-voltage phasors when available; otherwise diagnostic fallback
9.12,0.010960861407886657,0.05496328200824285,0.010960861407886657,0.05496328200824285,0.010960861407886657,0.05496328200824285,-3.099283192767104,-0.4315273836599911,-3.1102440541749905,-0.48649066566823396,0.0,0.0,Vmag_get_voltage_magnitude_series__angle_get_voltage_angle_series,true,Unknown,Ybus EMT reconstruction using exact complex bus-voltage phasors when available; otherwise diagnostic fallback
9.13,0.01096088081276081,0.05496328763173064,0.01096088081276081,0.05496328763173064,0.01096088081276081,0.05496328763173064,-3.0992831733622297,-0.4315273780365033,-3.1102440541749905,-0.48649066566823396,0.0,0.0,Vmag_get_voltage_magnitude_series__angle_get_voltage_angle_series,true,Unknown,Ybus EMT reconstruction using exact complex bus-voltage phasors when available; otherwise diagnostic fallback
9.14,0.01096090084299206,0.05496329325203203,0.01096090084299206,0.05496329325203203,0.01096090084299206,0.05496329325203203,-3.0992831533319984,-0.4315273724162019,-3.1102440541749905,-0.48649066566823396,0.0,0.0,Vmag_get_voltage_magnitude_series__angle_get_voltage_angle_series,true,Unknown,Ybus EMT reconstruction using exact complex bus-voltage phasors when available; otherwise diagnostic fallback
9.15,0.010960921487823239,0.054963298869491084,0.010960921487823239,0.054963298869491084,0.010960921487823239,0.054963298869491084,-3.0992831326871673,-0.4315273667987429,-3.1102440541749905,-0.48649066566823396,0.0,0.0,Vmag_get_voltage_magnitude_series__angle_get_voltage_angle_series,true,Unknown,Ybus EMT reconstruction using exact complex bus-voltage phasors when available; otherwise diagnostic fallback
9.16,0.010960942736620627,0.054963304482707975,0.010960942736620627,0.054963304482707975,0.010960942736620627,0.054963304482707975,-3.09928311143837,-0.431527361185526,-3.1102440541749905,-0.48649066566823396,0.0,0.0,Vmag_get_voltage_magnitude_series__angle_get_voltage_angle_series,true,Unknown,Ybus EMT reconstruction using exact complex bus-voltage phasors when available; otherwise diagnostic fallback
9.17,0.010960964578761612,0.054963310091423634,0.010960964578761612,0.054963310091423634,0.010960964578761612,0.054963310091423634,-3.099283089596229,-0.4315273555768103,-3.1102440541749905,-0.48649066566823396,0.0,0.0,Vmag_get_voltage_magnitude_series__angle_get_voltage_angle_series,true,Unknown,Ybus EMT reconstruction using exact complex bus-voltage phasors when available; otherwise diagnostic fallback
9.18,0.010960987003603595,0.05496331569499613,0.010960987003603595,0.05496331569499613,0.010960987003603595,0.05496331569499613,-3.099283067171387,-0.43152734997323783,-3.1102440541749905,-0.48649066566823396,0.0,0.0,Vmag_get_voltage_magnitude_series__angle_get_voltage_angle_series,true,Unknown,Ybus EMT reconstruction using exact complex bus-voltage phasors when available; otherwise diagnostic fallback
9.19,0.010961010000795302,0.054963321292962775,0.010961010000795302,0.054963321292962775,0.010961010000795302,0.054963321292962775,-3.099283044174195,-0.4315273443752712,-3.1102440541749905,-0.48649066566823396,0.0,0.0,Vmag_get_voltage_magnitude_series__angle_get_voltage_angle_series,true,Unknown,Ybus EMT reconstruction using exact complex bus-voltage phasors when available; otherwise diagnostic fallback
9.2,0.010961033559845568,0.05496332688491323,0.010961033559845568,0.05496332688491323,0.010961033559845568,0.05496332688491323,-3.099283020615145,-0.4315273387833207,-3.1102440541749905,-0.48649066566823396,0.0,0.0,Vmag_get_voltage_magnitude_series__angle_get_voltage_angle_series,true,Unknown,Ybus EMT reconstruction using exact complex bus-voltage phasors when available; otherwise diagnostic fallback
9.21,0.010961057670485275,0.05496333247050217,0.010961057670485275,0.05496333247050217,0.010961057670485275,0.05496333247050217,-3.0992829965045052,-0.4315273331977318,-3.1102440541749905,-0.48649066566823396,0.0,0.0,Vmag_get_voltage_magnitude_series__angle_get_voltage_angle_series,true,Unknown,Ybus EMT reconstruction using exact complex bus-voltage phasors when available; otherwise diagnostic fallback
9.22,0.010961082322396898,0.05496333804870679,0.010961082322396898,0.05496333804870679,0.010961082322396898,0.05496333804870679,-3.0992829718525936,-0.43152732761952717,-3.1102440541749905,-0.48649066566823396,0.0,0.0,Vmag_get_voltage_magnitude_series__angle_get_voltage_angle_series,true,Unknown,Ybus EMT reconstruction using exact complex bus-voltage phasors when available; otherwise diagnostic fallback
9.23,0.010961107505385481,0.05496334361920163,0.010961107505385481,0.05496334361920163,0.010961107505385481,0.05496334361920163,-3.099282946669605,-0.4315273220490323,-3.1102440541749905,-0.48649066566823396,0.0,0.0,Vmag_get_voltage_magnitude_series__angle_get_voltage_angle_series,true,Unknown,Ybus EMT reconstruction using exact complex bus-voltage phasors when available; otherwise diagnostic fallback
9.24,0.010961133209277829,0.05496334918172091,0.010961133209277829,0.05496334918172091,0.010961133209277829,0.05496334918172091,-3.0992829209657127,-0.43152731648651305,-3.1102440541749905,-0.48649066566823396,0.0,0.0,Vmag_get_voltage_magnitude_series__angle_get_voltage_angle_series,true,Unknown,Ybus EMT reconstruction using exact complex bus-voltage phasors when available; otherwise diagnostic fallback
9.25,0.010961159424102362,0.0549633547356142,0.010961159424102362,0.0549633547356142,0.010961159424102362,0.0549633547356142,-3.099282894750888,-0.43152731093261976,-3.1102440541749905,-0.48649066566823396,0.0,0.0,Vmag_get_voltage_magnitude_series__angle_get_voltage_angle_series,true,Unknown,Ybus EMT reconstruction using exact complex bus-voltage phasors when available; otherwise diagnostic fallback
9.26,0.010961186139840873,0.05496336028046267,0.010961186139840873,0.05496336028046267,0.010961186139840873,0.05496336028046267,-3.0992828680351496,-0.4315273053877713,-3.1102440541749905,-0.48649066566823396,0.0,0.0,Vmag_get_voltage_magnitude_series__angle_get_voltage_angle_series,true,Unknown,Ybus EMT reconstruction using exact complex bus-voltage phasors when available; otherwise diagnostic fallback
9.27,0.010961213346631027,0.0549633658159876,0.010961213346631027,0.0549633658159876,0.010961213346631027,0.0549633658159876,-3.0992828408283595,-0.43152729985224636,-3.1102440541749905,-0.48649066566823396,0.0,0.0,Vmag_get_voltage_magnitude_series__angle_get_voltage_angle_series,true,Unknown,Ybus EMT reconstruction using exact complex bus-voltage phasors when available; otherwise diagnostic fallback
9.28,0.010961241034501246,0.0549633713412368,0.010961241034501246,0.0549633713412368,0.010961241034501246,0.0549633713412368,-3.0992828131404893,-0.43152729432699716,-3.1102440541749905,-0.48649066566823396,0.0,0.0,Vmag_get_voltage_magnitude_series__angle_get_voltage_angle_series,true,Unknown,Ybus EMT reconstruction using exact complex bus-voltage phasors when available; otherwise diagnostic fallback
9.29,0.010961269193822787,0.05496337685597935,0.010961269193822787,0.05496337685597935,0.010961269193822787,0.05496337685597935,-3.0992827849811677,-0.4315272888122546,-3.1102440541749905,-0.48649066566823396,0.0,0.0,Vmag_get_voltage_magnitude_series__angle_get_voltage_angle_series,true,Unknown,Ybus EMT reconstruction using exact complex bus-voltage phasors when available; otherwise diagnostic fallback
9.3,0.010961297814804372,0.05496338236000892,0.010961297814804372,0.05496338236000892,0.010961297814804372,0.05496338236000892,-3.099282756360186,-0.43152728330822504,-3.1102440541749905,-0.48649066566823396,0.0,0.0,Vmag_get_voltage_magnitude_series__angle_get_voltage_angle_series,true,Unknown,Ybus EMT reconstruction using exact complex bus-voltage phasors when available; otherwise diagnostic fallback
9.31,0.010961326887830136,0.054963387852414836,0.010961326887830136,0.054963387852414836,0.010961326887830136,0.054963387852414836,-3.0992827272871604,-0.4315272778158191,-3.1102440541749905,-0.48649066566823396,0.0,0.0,Vmag_get_voltage_magnitude_series__angle_get_voltage_angle_series,true,Unknown,Ybus EMT reconstruction using exact complex bus-voltage phasors when available; otherwise diagnostic fallback
9.32,0.010961356403371703,0.05496339333323985,0.010961356403371703,0.05496339333323985,0.010961356403371703,0.05496339333323985,-3.099282697771619,-0.4315272723349941,-3.1102440541749905,-0.48649066566823396,0.0,0.0,Vmag_get_voltage_magnitude_series__angle_get_voltage_angle_series,true,Unknown,Ybus EMT reconstruction using exact complex bus-voltage phasors when available; otherwise diagnostic fallback
9.33,0.010961386351950875,0.054963398801713526,0.010961386351950875,0.054963398801713526,0.010961386351950875,0.054963398801713526,-3.0992826678230396,-0.43152726686652043,-3.1102440541749905,-0.48649066566823396,0.0,0.0,Vmag_get_voltage_magnitude_series__angle_get_voltage_angle_series,true,Unknown,Ybus EMT reconstruction using exact complex bus-voltage phasors when available; otherwise diagnostic fallback
9.34,0.010961416724101447,0.054963404257425186,0.010961416724101447,0.054963404257425186,0.010961416724101447,0.054963404257425186,-3.099282637450889,-0.43152726141080877,-3.1102440541749905,-0.48649066566823396,0.0,0.0,Vmag_get_voltage_magnitude_series__angle_get_voltage_angle_series,true,Unknown,Ybus EMT reconstruction using exact complex bus-voltage phasors when available; otherwise diagnostic fallback
9.35,0.01096144751047845,0.054963409699990196,0.01096144751047845,0.054963409699990196,0.01096144751047845,0.054963409699990196,-3.099282606664512,-0.43152725596824376,-3.1102440541749905,-0.48649066566823396,0.0,0.0,Vmag_get_voltage_magnitude_series__angle_get_voltage_angle_series,true,Unknown,Ybus EMT reconstruction using exact complex bus-voltage phasors when available; otherwise diagnostic fallback
9.36,0.010961478701924765,0.054963415129161475,0.010961478701924765,0.054963415129161475,0.010961478701924765,0.054963415129161475,-3.0992825754730657,-0.4315272505390725,-3.1102440541749905,-0.48649066566823396,0.0,0.0,Vmag_get_voltage_magnitude_series__angle_get_voltage_angle_series,true,Unknown,Ybus EMT reconstruction using exact complex bus-voltage phasors when available; otherwise diagnostic fallback
9.37,0.01096151028916248,0.05496342054427528,0.01096151028916248,0.05496342054427528,0.01096151028916248,0.05496342054427528,-3.099282543885828,-0.4315272451239587,-3.1102440541749905,-0.48649066566823396,0.0,0.0,Vmag_get_voltage_magnitude_series__angle_get_voltage_angle_series,true,Unknown,Ybus EMT reconstruction using exact complex bus-voltage phasors when available; otherwise diagnostic fallback
9.38,0.010961542263100199,0.05496342594518849,0.010961542263100199,0.05496342594518849,0.010961542263100199,0.05496342594518849,-3.0992825119118903,-0.43152723972304546,-3.1102440541749905,-0.48649066566823396,0.0,0.0,Vmag_get_voltage_magnitude_series__angle_get_voltage_angle_series,true,Unknown,Ybus EMT reconstruction using exact complex bus-voltage phasors when available; otherwise diagnostic fallback
9.39,0.01096157461463143,0.054963431331277124,0.01096157461463143,0.054963431331277124,0.01096157461463143,0.054963431331277124,-3.099282479560359,-0.43152723433695683,-3.1102440541749905,-0.48649066566823396,0.0,0.0,Vmag_get_voltage_magnitude_series__angle_get_voltage_angle_series,true,Unknown,Ybus EMT reconstruction using exact complex bus-voltage phasors when available; otherwise diagnostic fallback
9.4,0.010961607334836643,0.05496343670214021,0.010961607334836643,0.05496343670214021,0.010961607334836643,0.05496343670214021,-3.099282446840154,-0.43152722896609375,-3.1102440541749905,-0.48649066566823396,0.0,0.0,Vmag_get_voltage_magnitude_series__angle_get_voltage_angle_series,true,Unknown,Ybus EMT reconstruction using exact complex bus-voltage phasors when available; otherwise diagnostic fallback
9.41,0.010961640414791862,0.05496344205766418,0.010961640414791862,0.05496344205766418,0.010961640414791862,0.05496344205766418,-3.0992824137601986,-0.4315272236105698,-3.1102440541749905,-0.48649066566823396,0.0,0.0,Vmag_get_voltage_magnitude_series__angle_get_voltage_angle_series,true,Unknown,Ybus EMT reconstruction using exact complex bus-voltage phasors when available; otherwise diagnostic fallback
9.42,0.010961673845670372,0.05496344739699405,0.010961673845670372,0.05496344739699405,0.010961673845670372,0.05496344739699405,-3.09928238032932,-0.4315272182712399,-3.1102440541749905,-0.48649066566823396,0.0,0.0,Vmag_get_voltage_magnitude_series__angle_get_voltage_angle_series,true,Unknown,Ybus EMT reconstruction using exact complex bus-voltage phasors when available; otherwise diagnostic fallback
9.43,0.010961707618772909,0.05496345272025316,0.010961707618772909,0.05496345272025316,0.010961707618772909,0.05496345272025316,-3.0992823465562176,-0.4315272129479808,-3.1102440541749905,-0.48649066566823396,0.0,0.0,Vmag_get_voltage_magnitude_series__angle_get_voltage_angle_series,true,Unknown,Ybus EMT reconstruction using exact complex bus-voltage phasors when available; otherwise diagnostic fallback
9.44,0.010961741725298957,0.054963458026596745,0.010961741725298957,0.054963458026596745,0.010961741725298957,0.054963458026596745,-3.0992823124496915,-0.4315272076416372,-3.1102440541749905,-0.48649066566823396,0.0,0.0,Vmag_get_voltage_magnitude_series__angle_get_voltage_angle_series,true,Unknown,Ybus EMT reconstruction using exact complex bus-voltage phasors when available; otherwise diagnostic fallback
9.45,0.01096177615674554,0.054963463316097805,0.01096177615674554,0.054963463316097805,0.01096177615674554,0.054963463316097805,-3.099282278018245,-0.43152720235213615,-3.1102440541749905,-0.48649066566823396,0.0,0.0,Vmag_get_voltage_magnitude_series__angle_get_voltage_angle_series,true,Unknown,Ybus EMT reconstruction using exact complex bus-voltage phasors when available; otherwise diagnostic fallback
9.46,0.01096181090456616,0.05496346858826856,0.01096181090456616,0.05496346858826856,0.01096181090456616,0.05496346858826856,-3.0992822432704243,-0.4315271970799654,-3.1102440541749905,-0.48649066566823396,0.0,0.0,Vmag_get_voltage_magnitude_series__angle_get_voltage_angle_series,true,Unknown,Ybus EMT reconstruction using exact complex bus-voltage phasors when available; otherwise diagnostic fallback
9.47,0.010961845960189898,0.054963473842694344,0.010961845960189898,0.054963473842694344,0.010961845960189898,0.054963473842694344,-3.0992822082148006,-0.4315271918255396,-3.1102440541749905,-0.48649066566823396,0.0,0.0,Vmag_get_voltage_magnitude_series__angle_get_voltage_angle_series,true,Unknown,Ybus EMT reconstruction using exact complex bus-voltage phasors when available; otherwise diagnostic fallback
9.48,0.01096188131531628,0.05496347907903737,0.01096188131531628,0.05496347907903737,0.01096188131531628,0.05496347907903737,-3.0992821728596742,-0.4315271865891966,-3.1102440541749905,-0.48649066566823396,0.0,0.0,Vmag_get_voltage_magnitude_series__angle_get_voltage_angle_series,true,Unknown,Ybus EMT reconstruction using exact complex bus-voltage phasors when available; otherwise diagnostic fallback
9.49,0.010961916961652829,0.05496348429694442,0.010961916961652829,0.05496348429694442,0.010961916961652829,0.05496348429694442,-3.0992821372133377,-0.43152718137128954,-3.1102440541749905,-0.48649066566823396,0.0,0.0,Vmag_get_voltage_magnitude_series__angle_get_voltage_angle_series,true,Unknown,Ybus EMT reconstruction using exact complex bus-voltage phasors when available; otherwise diagnostic fallback
9.5,0.010961952890862658,0.0549634894958792,0.010961952890862658,0.0549634894958792,0.010961952890862658,0.0549634894958792,-3.099282101284128,-0.43152717617235475,-3.1102440541749905,-0.48649066566823396,0.0,0.0,Vmag_get_voltage_magnitude_series__angle_get_voltage_angle_series,true,Unknown,Ybus EMT reconstruction using exact complex bus-voltage phasors when available; otherwise diagnostic fallback
9.51,0.010961989094878444,0.05496349467593281,0.010961989094878444,0.05496349467593281,0.010961989094878444,0.05496349467593281,-3.099282065080112,-0.43152717099230115,-3.1102440541749905,-0.48649066566823396,0.0,0.0,Vmag_get_voltage_magnitude_series__angle_get_voltage_angle_series,true,Unknown,Ybus EMT reconstruction using exact complex bus-voltage phasors when available; otherwise diagnostic fallback
9.52,0.01096202556553072,0.054963499836600205,0.01096202556553072,0.054963499836600205,0.01096202556553072,0.054963499836600205,-3.09928202860946,-0.43152716583163375,-3.1102440541749905,-0.48649066566823396,0.0,0.0,Vmag_get_voltage_magnitude_series__angle_get_voltage_angle_series,true,Unknown,Ybus EMT reconstruction using exact complex bus-voltage phasors when available; otherwise diagnostic fallback
9.53,0.01096206229481922,0.05496350497739727,0.01096206229481922,0.05496350497739727,0.01096206229481922,0.05496350497739727,-3.0992819918801713,-0.4315271606908367,-3.1102440541749905,-0.48649066566823396,0.0,0.0,Vmag_get_voltage_magnitude_series__angle_get_voltage_angle_series,true,Unknown,Ybus EMT reconstruction using exact complex bus-voltage phasors when available; otherwise diagnostic fallback
9.54,0.0109620992747681,0.05496351009828421,0.0109620992747681,0.05496351009828421,0.0109620992747681,0.05496351009828421,-3.0992819549002224,-0.43152715556994975,-3.1102440541749905,-0.48649066566823396,0.0,0.0,Vmag_get_voltage_magnitude_series__angle_get_voltage_angle_series,true,Unknown,Ybus EMT reconstruction using exact complex bus-voltage phasors when available; otherwise diagnostic fallback
9.55,0.010962136497524533,0.054963515198864055,0.010962136497524533,0.054963515198864055,0.010962136497524533,0.054963515198864055,-3.099281917677466,-0.4315271504693699,-3.1102440541749905,-0.48649066566823396,0.0,0.0,Vmag_get_voltage_magnitude_series__angle_get_voltage_angle_series,true,Unknown,Ybus EMT reconstruction using exact complex bus-voltage phasors when available; otherwise diagnostic fallback
9.56,0.010962173955335608,0.05496352027892881,0.010962173955335608,0.05496352027892881,0.010962173955335608,0.05496352027892881,-3.099281880219655,-0.43152714538930514,-3.1102440541749905,-0.48649066566823396,0.0,0.0,Vmag_get_voltage_magnitude_series__angle_get_voltage_angle_series,true,Unknown,Ybus EMT reconstruction using exact complex bus-voltage phasors when available; otherwise diagnostic fallback
9.57,0.01096221164033473,0.05496352533764709,0.01096221164033473,0.05496352533764709,0.01096221164033473,0.05496352533764709,-3.0992818425346558,-0.43152714033058687,-3.1102440541749905,-0.48649066566823396,0.0,0.0,Vmag_get_voltage_magnitude_series__angle_get_voltage_angle_series,true,Unknown,Ybus EMT reconstruction using exact complex bus-voltage phasors when available; otherwise diagnostic fallback
9.58,0.010962249544997693,0.054963530375303715,0.010962249544997693,0.054963530375303715,0.010962249544997693,0.054963530375303715,-3.099281804629993,-0.43152713529293024,-3.1102440541749905,-0.48649066566823396,0.0,0.0,Vmag_get_voltage_magnitude_series__angle_get_voltage_angle_series,true,Unknown,Ybus EMT reconstruction using exact complex bus-voltage phasors when available; otherwise diagnostic fallback
9.59,0.010962287661720804,0.054963535391389096,0.010962287661720804,0.054963535391389096,0.010962287661720804,0.054963535391389096,-3.0992817665132697,-0.43152713027684486,-3.1102440541749905,-0.48649066566823396,0.0,0.0,Vmag_get_voltage_magnitude_series__angle_get_voltage_angle_series,true,Unknown,Ybus EMT reconstruction using exact complex bus-voltage phasors when available; otherwise diagnostic fallback
9.6,0.010962325982879495,0.05496354038575524,0.010962325982879495,0.05496354038575524,0.010962325982879495,0.05496354038575524,-3.099281728192111,-0.4315271252824787,-3.1102440541749905,-0.48649066566823396,0.0,0.0,Vmag_get_voltage_magnitude_series__angle_get_voltage_angle_series,true,Unknown,Ybus EMT reconstruction using exact complex bus-voltage phasors when available; otherwise diagnostic fallback
9.61,0.010962364501141852,0.05496354535824194,0.010962364501141852,0.05496354535824194,0.010962364501141852,0.05496354535824194,-3.0992816896738486,-0.431527120309992,-3.1102440541749905,-0.48649066566823396,0.0,0.0,Vmag_get_voltage_magnitude_series__angle_get_voltage_angle_series,true,Unknown,Ybus EMT reconstruction using exact complex bus-voltage phasors when available; otherwise diagnostic fallback
9.62,0.01096240320908981,0.0549635503080288,0.01096240320908981,0.0549635503080288,0.01096240320908981,0.0549635503080288,-3.0992816509659007,-0.43152711536020516,-3.1102440541749905,-0.48649066566823396,0.0,0.0,Vmag_get_voltage_magnitude_series__angle_get_voltage_angle_series,true,Unknown,Ybus EMT reconstruction using exact complex bus-voltage phasors when available; otherwise diagnostic fallback
9.63,0.010962442099465175,0.0549635552355664,0.010962442099465175,0.0549635552355664,0.010962442099465175,0.0549635552355664,-3.0992816120755253,-0.43152711043266756,-3.1102440541749905,-0.48649066566823396,0.0,0.0,Vmag_get_voltage_magnitude_series__angle_get_voltage_angle_series,true,Unknown,Ybus EMT reconstruction using exact complex bus-voltage phasors when available; otherwise diagnostic fallback
9.64,0.010962481165034621,0.05496356014024367,0.010962481165034621,0.05496356014024367,0.010962481165034621,0.05496356014024367,-3.099281573009956,-0.4315271055279903,-3.1102440541749905,-0.48649066566823396,0.0,0.0,Vmag_get_voltage_magnitude_series__angle_get_voltage_angle_series,true,Unknown,Ybus EMT reconstruction using exact complex bus-voltage phasors when available; otherwise diagnostic fallback
9.65,0.01096252039858392,0.054963565021401595,0.01096252039858392,0.054963565021401595,0.01096252039858392,0.054963565021401595,-3.0992815337764066,-0.43152710064683236,-3.1102440541749905,-0.48649066566823396,0.0,0.0,Vmag_get_voltage_magnitude_series__angle_get_voltage_angle_series,true,Unknown,Ybus EMT reconstruction using exact complex bus-voltage phasors when available; otherwise diagnostic fallback
9.66,0.010962559793175064,0.05496356987962203,0.010962559793175064,0.05496356987962203,0.010962559793175064,0.05496356987962203,-3.0992814943818154,-0.4315270957886119,-3.1102440541749905,-0.48649066566823396,0.0,0.0,Vmag_get_voltage_magnitude_series__angle_get_voltage_angle_series,true,Unknown,Ybus EMT reconstruction using exact complex bus-voltage phasors when available; otherwise diagnostic fallback
9.67,0.010962599341657775,0.05496357471433749,0.010962599341657775,0.05496357471433749,0.010962599341657775,0.05496357471433749,-3.0992814548333327,-0.43152709095389646,-3.1102440541749905,-0.48649066566823396,0.0,0.0,Vmag_get_voltage_magnitude_series__angle_get_voltage_angle_series,true,Unknown,Ybus EMT reconstruction using exact complex bus-voltage phasors when available; otherwise diagnostic fallback
9.68,0.010962639037144228,0.05496357952500219,0.010962639037144228,0.05496357952500219,0.010962639037144228,0.05496357952500219,-3.0992814151378463,-0.43152708614323176,-3.1102440541749905,-0.48649066566823396,0.0,0.0,Vmag_get_voltage_magnitude_series__angle_get_voltage_angle_series,true,Unknown,Ybus EMT reconstruction using exact complex bus-voltage phasors when available; otherwise diagnostic fallback
9.69,0.01096267887281055,0.05496358431151843,0.01096267887281055,0.05496358431151843,0.01096267887281055,0.05496358431151843,-3.09928137530218,-0.4315270813567155,-3.1102440541749905,-0.48649066566823396,0.0,0.0,Vmag_get_voltage_magnitude_series__angle_get_voltage_angle_series,true,Unknown,Ybus EMT reconstruction using exact complex bus-voltage phasors when available; otherwise diagnostic fallback
9.7,0.010962718841783126,0.054963589073968644,0.010962718841783126,0.054963589073968644,0.010962718841783126,0.054963589073968644,-3.0992813353332074,-0.4315270765942653,-3.1102440541749905,-0.48649066566823396,0.0,0.0,Vmag_get_voltage_magnitude_series__angle_get_voltage_angle_series,true,Unknown,Ybus EMT reconstruction using exact complex bus-voltage phasors when available; otherwise diagnostic fallback
9.71,0.01096275893749965,0.05496359381177707,0.01096275893749965,0.05496359381177707,0.01096275893749965,0.05496359381177707,-3.099281295237491,-0.4315270718564569,-3.1102440541749905,-0.48649066566823396,0.0,0.0,Vmag_get_voltage_magnitude_series__angle_get_voltage_angle_series,true,Unknown,Ybus EMT reconstruction using exact complex bus-voltage phasors when available; otherwise diagnostic fallback
9.72,0.010962799153149128,0.05496359852467708,0.010962799153149128,0.05496359852467708,0.010962799153149128,0.05496359852467708,-3.0992812550218414,-0.4315270671435569,-3.1102440541749905,-0.48649066566823396,0.0,0.0,Vmag_get_voltage_magnitude_series__angle_get_voltage_angle_series,true,Unknown,Ybus EMT reconstruction using exact complex bus-voltage phasors when available; otherwise diagnostic fallback
9.73,0.010962839482261622,0.05496360321313459,0.010962839482261622,0.05496360321313459,0.010962839482261622,0.05496360321313459,-3.099281214692729,-0.43152706245509936,-3.1102440541749905,-0.48649066566823396,0.0,0.0,Vmag_get_voltage_magnitude_series__angle_get_voltage_angle_series,true,Unknown,Ybus EMT reconstruction using exact complex bus-voltage phasors when available; otherwise diagnostic fallback
9.74,0.010962879918217538,0.05496360787598009,0.010962879918217538,0.05496360787598009,0.010962879918217538,0.05496360787598009,-3.099281174256773,-0.43152705779225387,-3.1102440541749905,-0.48649066566823396,0.0,0.0,Vmag_get_voltage_magnitude_series__angle_get_voltage_angle_series,true,Unknown,Ybus EMT reconstruction using exact complex bus-voltage phasors when available; otherwise diagnostic fallback
9.75,0.01096292045471614,0.05496361251414117,0.01096292045471614,0.05496361251414117,0.01096292045471614,0.05496361251414117,-3.0992811337202744,-0.4315270531540928,-3.1102440541749905,-0.48649066566823396,0.0,0.0,Vmag_get_voltage_magnitude_series__angle_get_voltage_angle_series,true,Unknown,Ybus EMT reconstruction using exact complex bus-voltage phasors when available; otherwise diagnostic fallback
9.76,0.010962961085297263,0.054963617126299436,0.010962961085297263,0.054963617126299436,0.010962961085297263,0.054963617126299436,-3.0992810930896932,-0.4315270485419345,-3.1102440541749905,-0.48649066566823396,0.0,0.0,Vmag_get_voltage_magnitude_series__angle_get_voltage_angle_series,true,Unknown,Ybus EMT reconstruction using exact complex bus-voltage phasors when available; otherwise diagnostic fallback
9.77,0.01096300180375076,0.05496362171277691,0.01096300180375076,0.05496362171277691,0.01096300180375076,0.05496362171277691,-3.0992810523712397,-0.43152704395545705,-3.1102440541749905,-0.48649066566823396,0.0,0.0,Vmag_get_voltage_magnitude_series__angle_get_voltage_angle_series,true,Unknown,Ybus EMT reconstruction using exact complex bus-voltage phasors when available; otherwise diagnostic fallback
9.78,0.010963042603739481,0.054963626273150656,0.010963042603739481,0.054963626273150656,0.010963042603739481,0.054963626273150656,-3.099281011571251,-0.4315270393950833,-3.1102440541749905,-0.48649066566823396,0.0,0.0,Vmag_get_voltage_magnitude_series__angle_get_voltage_angle_series,true,Unknown,Ybus EMT reconstruction using exact complex bus-voltage phasors when available; otherwise diagnostic fallback
9.79,0.010963083479194502,0.05496363080773625,0.010963083479194502,0.05496363080773625,0.010963083479194502,0.05496363080773625,-3.099280970695796,-0.4315270348604977,-3.1102440541749905,-0.48649066566823396,0.0,0.0,Vmag_get_voltage_magnitude_series__angle_get_voltage_angle_series,true,Unknown,Ybus EMT reconstruction using exact complex bus-voltage phasors when available; otherwise diagnostic fallback
9.8,0.010963124424036241,0.054963635316106874,0.010963124424036241,0.054963635316106874,0.010963124424036241,0.054963635316106874,-3.0992809297509543,-0.4315270303521271,-3.1102440541749905,-0.48649066566823396,0.0,0.0,Vmag_get_voltage_magnitude_series__angle_get_voltage_angle_series,true,Unknown,Ybus EMT reconstruction using exact complex bus-voltage phasors when available; otherwise diagnostic fallback
9.81,0.010963165432307242,0.054963639798287056,0.010963165432307242,0.054963639798287056,0.010963165432307242,0.054963639798287056,-3.0992808887426833,-0.4315270258699469,-3.1102440541749905,-0.48649066566823396,0.0,0.0,Vmag_get_voltage_magnitude_series__angle_get_voltage_angle_series,true,Unknown,Ybus EMT reconstruction using exact complex bus-voltage phasors when available; otherwise diagnostic fallback
9.82,0.010963206497865308,0.05496364425328243,0.010963206497865308,0.05496364425328243,0.010963206497865308,0.05496364425328243,-3.099280847677125,-0.43152702141495153,-3.1102440541749905,-0.48649066566823396,0.0,0.0,Vmag_get_voltage_magnitude_series__angle_get_voltage_angle_series,true,Unknown,Ybus EMT reconstruction using exact complex bus-voltage phasors when available; otherwise diagnostic fallback
9.83,0.010963247614984795,0.054963648681644495,0.010963247614984795,0.054963648681644495,0.010963247614984795,0.054963648681644495,-3.0992808065600057,-0.43152701698658946,-3.1102440541749905,-0.48649066566823396,0.0,0.0,Vmag_get_voltage_magnitude_series__angle_get_voltage_angle_series,true,Unknown,Ybus EMT reconstruction using exact complex bus-voltage phasors when available; otherwise diagnostic fallback
9.84,0.010963288777932512,0.05496365308391166,0.010963288777932512,0.05496365308391166,0.010963288777932512,0.05496365308391166,-3.099280765397058,-0.4315270125843223,-3.1102440541749905,-0.48649066566823396,0.0,0.0,Vmag_get_voltage_magnitude_series__angle_get_voltage_angle_series,true,Unknown,Ybus EMT reconstruction using exact complex bus-voltage phasors when available; otherwise diagnostic fallback
9.85,0.01096332998081806,0.05496365745807125,0.01096332998081806,0.05496365745807125,0.01096332998081806,0.05496365745807125,-3.0992807241941724,-0.4315270082101627,-3.1102440541749905,-0.48649066566823396,0.0,0.0,Vmag_get_voltage_magnitude_series__angle_get_voltage_angle_series,true,Unknown,Ybus EMT reconstruction using exact complex bus-voltage phasors when available; otherwise diagnostic fallback
9.86,0.010963371218024598,0.054963661805634834,0.010963371218024598,0.054963661805634834,0.010963371218024598,0.054963661805634834,-3.099280682956966,-0.4315270038625991,-3.1102440541749905,-0.48649066566823396,0.0,0.0,Vmag_get_voltage_magnitude_series__angle_get_voltage_angle_series,true,Unknown,Ybus EMT reconstruction using exact complex bus-voltage phasors when available; otherwise diagnostic fallback
9.87,0.010963412484012114,0.05496366612595138,0.010963412484012114,0.05496366612595138,0.010963412484012114,0.05496366612595138,-3.0992806416909784,-0.4315269995422826,-3.1102440541749905,-0.48649066566823396,0.0,0.0,Vmag_get_voltage_magnitude_series__angle_get_voltage_angle_series,true,Unknown,Ybus EMT reconstruction using exact complex bus-voltage phasors when available; otherwise diagnostic fallback
9.88,0.010963453773193521,0.05496367041821021,0.010963453773193521,0.05496367041821021,0.010963453773193521,0.05496367041821021,-3.099280600401797,-0.43152699525002375,-3.1102440541749905,-0.48649066566823396,0.0,0.0,Vmag_get_voltage_magnitude_series__angle_get_voltage_angle_series,true,Unknown,Ybus EMT reconstruction using exact complex bus-voltage phasors when available; otherwise diagnostic fallback
9.89,0.010963495080094088,0.05496367468350055,0.010963495080094088,0.05496367468350055,0.010963495080094088,0.05496367468350055,-3.0992805590948964,-0.4315269909847334,-3.1102440541749905,-0.48649066566823396,0.0,0.0,Vmag_get_voltage_magnitude_series__angle_get_voltage_angle_series,true,Unknown,Ybus EMT reconstruction using exact complex bus-voltage phasors when available; otherwise diagnostic fallback
9.9,0.010963536399363871,0.05496367892066051,0.010963536399363871,0.05496367892066051,0.010963536399363871,0.05496367892066051,-3.0992805177756266,-0.43152698674757345,-3.1102440541749905,-0.48649066566823396,0.0,0.0,Vmag_get_voltage_magnitude_series__angle_get_voltage_angle_series,true,Unknown,Ybus EMT reconstruction using exact complex bus-voltage phasors when available; otherwise diagnostic fallback
9.91,0.010963577725680462,0.05496368313011357,0.010963577725680462,0.05496368313011357,0.010963577725680462,0.05496368313011357,-3.09928047644931,-0.4315269825381204,-3.1102440541749905,-0.48649066566823396,0.0,0.0,Vmag_get_voltage_magnitude_series__angle_get_voltage_angle_series,true,Unknown,Ybus EMT reconstruction using exact complex bus-voltage phasors when available; otherwise diagnostic fallback
9.92,0.010963619053727225,0.05496368731156048,0.010963619053727225,0.05496368731156048,0.010963619053727225,0.05496368731156048,-3.0992804351212633,-0.4315269783566735,-3.1102440541749905,-0.48649066566823396,0.0,0.0,Vmag_get_voltage_magnitude_series__angle_get_voltage_angle_series,true,Unknown,Ybus EMT reconstruction using exact complex bus-voltage phasors when available; otherwise diagnostic fallback
9.93,0.010963660378336737,0.05496369146461072,0.010963660378336737,0.05496369146461072,0.010963660378336737,0.05496369146461072,-3.0992803937966538,-0.43152697420362324,-3.1102440541749905,-0.48649066566823396,0.0,0.0,Vmag_get_voltage_magnitude_series__angle_get_voltage_angle_series,true,Unknown,Ybus EMT reconstruction using exact complex bus-voltage phasors when available; otherwise diagnostic fallback
9.94,0.010963701694454375,0.054963695589759776,0.010963701694454375,0.054963695589759776,0.010963701694454375,0.054963695589759776,-3.099280352480536,-0.4315269700784742,-3.1102440541749905,-0.48649066566823396,0.0,0.0,Vmag_get_voltage_magnitude_series__angle_get_voltage_angle_series,true,Unknown,Ybus EMT reconstruction using exact complex bus-voltage phasors when available; otherwise diagnostic fallback
9.95,0.010963742996930481,0.054963699686686296,0.010963742996930481,0.054963699686686296,0.010963742996930481,0.054963699686686296,-3.09928031117806,-0.43152696598154766,-3.1102440541749905,-0.48649066566823396,0.0,0.0,Vmag_get_voltage_magnitude_series__angle_get_voltage_angle_series,true,Unknown,Ybus EMT reconstruction using exact complex bus-voltage phasors when available; otherwise diagnostic fallback
9.96,0.01096378428086453,0.05496370375498205,0.01096378428086453,0.05496370375498205,0.01096378428086453,0.05496370375498205,-3.099280269894126,-0.4315269619132519,-3.1102440541749905,-0.48649066566823396,0.0,0.0,Vmag_get_voltage_magnitude_series__angle_get_voltage_angle_series,true,Unknown,Ybus EMT reconstruction using exact complex bus-voltage phasors when available; otherwise diagnostic fallback
9.97,0.010963825541168148,0.054963707794859706,0.010963825541168148,0.054963707794859706,0.010963825541168148,0.054963707794859706,-3.0992802286338224,-0.43152695787337425,-3.1102440541749905,-0.48649066566823396,0.0,0.0,Vmag_get_voltage_magnitude_series__angle_get_voltage_angle_series,true,Unknown,Ybus EMT reconstruction using exact complex bus-voltage phasors when available; otherwise diagnostic fallback
9.98,0.01096386677313177,0.054963711806054194,0.01096386677313177,0.054963711806054194,0.01096386677313177,0.054963711806054194,-3.0992801874018587,-0.43152695386217976,-3.1102440541749905,-0.48649066566823396,0.0,0.0,Vmag_get_voltage_magnitude_series__angle_get_voltage_angle_series,true,Unknown,Ybus EMT reconstruction using exact complex bus-voltage phasors when available; otherwise diagnostic fallback
9.99,0.010963907971923703,0.054963715788336864,0.010963907971923703,0.054963715788336864,0.010963907971923703,0.054963715788336864,-3.099280146203067,-0.4315269498798971,-3.1102440541749905,-0.48649066566823396,0.0,0.0,Vmag_get_voltage_magnitude_series__angle_get_voltage_angle_series,true,Unknown,Ybus EMT reconstruction using exact complex bus-voltage phasors when available; otherwise diagnostic fallback
10.0,0.010963949132771766,0.05496371974215858,0.010963949132771766,0.05496371974215858,0.010963949132771766,0.05496371974215858,-3.0992801050422187,-0.4315269459260754,-3.1102440541749905,-0.48649066566823396,0.0,0.0,Vmag_get_voltage_magnitude_series__angle_get_voltage_angle_series,true,Unknown,Ybus EMT reconstruction using exact complex bus-voltage phasors when available; otherwise diagnostic fallback
