t_s,delta_p_pu,delta_q_pu,delta_p_network_pu,delta_q_network_pu,delta_p_with_load_pu,delta_q_with_load_pu,p_network_abs_pu,q_network_abs_pu,p_network_ref_pu,q_network_ref_pu,delta_p_load_pu,delta_q_load_pu,angle_source,angle_is_exact_bus_voltage,asset_type,source
0.0,-0.00041606647954375853,-0.01034626049625742,-0.00041606647954375853,-0.01034626049625742,-0.00041606647954375853,-0.01034626049625742,-0.23689582277633411,0.6452430119042281,-0.23647975629679036,0.6555892724004855,0.0,0.0,Vmag_get_voltage_magnitude_series__angle_get_voltage_angle_series,true,Unknown,Ybus EMT reconstruction using exact complex bus-voltage phasors when available; otherwise diagnostic fallback
0.01,-0.00041606647954536835,-0.010346260496272186,-0.00041606647954536835,-0.010346260496272186,-0.00041606647954536835,-0.010346260496272186,-0.23689582277633572,0.6452430119042133,-0.23647975629679036,0.6555892724004855,0.0,0.0,Vmag_get_voltage_magnitude_series__angle_get_voltage_angle_series,true,Unknown,Ybus EMT reconstruction using exact complex bus-voltage phasors when available; otherwise diagnostic fallback
0.02,-0.0004160664795448965,-0.010346260496264859,-0.0004160664795448965,-0.010346260496264859,-0.0004160664795448965,-0.010346260496264859,-0.23689582277633525,0.6452430119042206,-0.23647975629679036,0.6555892724004855,0.0,0.0,Vmag_get_voltage_magnitude_series__angle_get_voltage_angle_series,true,Unknown,Ybus EMT reconstruction using exact complex bus-voltage phasors when available; otherwise diagnostic fallback
0.03,-0.00041606647954461895,-0.010346260496272186,-0.00041606647954461895,-0.010346260496272186,-0.00041606647954461895,-0.010346260496272186,-0.23689582277633497,0.6452430119042133,-0.23647975629679036,0.6555892724004855,0.0,0.0,Vmag_get_voltage_magnitude_series__angle_get_voltage_angle_series,true,Unknown,Ybus EMT reconstruction using exact complex bus-voltage phasors when available; otherwise diagnostic fallback
0.04,-0.0004160664795467839,-0.010346260496279402,-0.0004160664795467839,-0.010346260496279402,-0.0004160664795467839,-0.010346260496279402,-0.23689582277633714,0.6452430119042061,-0.23647975629679036,0.6555892724004855,0.0,0.0,Vmag_get_voltage_magnitude_series__angle_get_voltage_angle_series,true,Unknown,Ybus EMT reconstruction using exact complex bus-voltage phasors when available; otherwise diagnostic fallback
0.05,-0.00041606647954450793,-0.010346260496264859,-0.00041606647954450793,-0.010346260496264859,-0.00041606647954450793,-0.010346260496264859,-0.23689582277633486,0.6452430119042206,-0.23647975629679036,0.6555892724004855,0.0,0.0,Vmag_get_voltage_magnitude_series__angle_get_voltage_angle_series,true,Unknown,Ybus EMT reconstruction using exact complex bus-voltage phasors when available; otherwise diagnostic fallback
0.06,-0.0004160664795437863,-0.010346260496264859,-0.0004160664795437863,-0.010346260496264859,-0.0004160664795437863,-0.010346260496264859,-0.23689582277633414,0.6452430119042206,-0.23647975629679036,0.6555892724004855,0.0,0.0,Vmag_get_voltage_magnitude_series__angle_get_voltage_angle_series,true,Unknown,Ybus EMT reconstruction using exact complex bus-voltage phasors when available; otherwise diagnostic fallback
0.07,-0.00041606647954381404,-0.010346260496264859,-0.00041606647954381404,-0.010346260496264859,-0.00041606647954381404,-0.010346260496264859,-0.23689582277633417,0.6452430119042206,-0.23647975629679036,0.6555892724004855,0.0,0.0,Vmag_get_voltage_magnitude_series__angle_get_voltage_angle_series,true,Unknown,Ybus EMT reconstruction using exact complex bus-voltage phasors when available; otherwise diagnostic fallback
0.08,-0.00041606647954586795,-0.010346260496264859,-0.00041606647954586795,-0.010346260496264859,-0.00041606647954586795,-0.010346260496264859,-0.23689582277633622,0.6452430119042206,-0.23647975629679036,0.6555892724004855,0.0,0.0,Vmag_get_voltage_magnitude_series__angle_get_voltage_angle_series,true,Unknown,Ybus EMT reconstruction using exact complex bus-voltage phasors when available; otherwise diagnostic fallback
0.09,-0.00041606647954450793,-0.010346260496264859,-0.00041606647954450793,-0.010346260496264859,-0.00041606647954450793,-0.010346260496264859,-0.23689582277633486,0.6452430119042206,-0.23647975629679036,0.6555892724004855,0.0,0.0,Vmag_get_voltage_magnitude_series__angle_get_voltage_angle_series,true,Unknown,Ybus EMT reconstruction using exact complex bus-voltage phasors when available; otherwise diagnostic fallback
0.1,-0.0004160664795489488,-0.010346260496257309,-0.0004160664795489488,-0.010346260496257309,-0.0004160664795489488,-0.010346260496257309,-0.2368958227763393,0.6452430119042282,-0.23647975629679036,0.6555892724004855,0.0,0.0,Vmag_get_voltage_magnitude_series__angle_get_voltage_angle_series,true,Unknown,Ybus EMT reconstruction using exact complex bus-voltage phasors when available; otherwise diagnostic fallback
0.11,0.12477234282247253,-0.00919465676937481,0.12477234282247253,-0.00919465676937481,0.12477234282247253,-0.00919465676937481,-0.11170741347431783,0.6463946156311107,-0.23647975629679036,0.6555892724004855,0.0,0.0,Vmag_get_voltage_magnitude_series__angle_get_voltage_angle_series,true,Unknown,Ybus EMT reconstruction using exact complex bus-voltage phasors when available; otherwise diagnostic fallback
0.12,-0.0008211945718537006,-0.01167208857103319,-0.0008211945718537006,-0.01167208857103319,-0.0008211945718537006,-0.01167208857103319,-0.23730095086864406,0.6439171838294523,-0.23647975629679036,0.6555892724004855,0.0,0.0,Vmag_get_voltage_magnitude_series__angle_get_voltage_angle_series,true,Unknown,Ybus EMT reconstruction using exact complex bus-voltage phasors when available; otherwise diagnostic fallback
0.13,0.001544144413438836,-0.011682515307474883,0.001544144413438836,-0.011682515307474883,0.001544144413438836,-0.011682515307474883,-0.23493561188335152,0.6439067570930106,-0.23647975629679036,0.6555892724004855,0.0,0.0,Vmag_get_voltage_magnitude_series__angle_get_voltage_angle_series,true,Unknown,Ybus EMT reconstruction using exact complex bus-voltage phasors when available; otherwise diagnostic fallback
0.14,-0.0003219337644770892,-0.010709495064550878,-0.0003219337644770892,-0.010709495064550878,-0.0003219337644770892,-0.010709495064550878,-0.23680169006126744,0.6448797773359346,-0.23647975629679036,0.6555892724004855,0.0,0.0,Vmag_get_voltage_magnitude_series__angle_get_voltage_angle_series,true,Unknown,Ybus EMT reconstruction using exact complex bus-voltage phasors when available; otherwise diagnostic fallback
0.15,-5.65389324155563e-5,-0.01130142483518437,-5.65389324155563e-5,-0.01130142483518437,-5.65389324155563e-5,-0.01130142483518437,-0.2365362952292059,0.6442878475653011,-0.23647975629679036,0.6555892724004855,0.0,0.0,Vmag_get_voltage_magnitude_series__angle_get_voltage_angle_series,true,Unknown,Ybus EMT reconstruction using exact complex bus-voltage phasors when available; otherwise diagnostic fallback
0.16,-7.092328229585387e-5,-0.011367825097842621,-7.092328229585387e-5,-0.011367825097842621,-7.092328229585387e-5,-0.011367825097842621,-0.2365506795790862,0.6442214473026429,-0.23647975629679036,0.6555892724004855,0.0,0.0,Vmag_get_voltage_magnitude_series__angle_get_voltage_angle_series,true,Unknown,Ybus EMT reconstruction using exact complex bus-voltage phasors when available; otherwise diagnostic fallback
0.17,-0.00010147373575444818,-0.011376025595127515,-0.00010147373575444818,-0.011376025595127515,-0.00010147373575444818,-0.011376025595127515,-0.2365812300325448,0.644213246805358,-0.23647975629679036,0.6555892724004855,0.0,0.0,Vmag_get_voltage_magnitude_series__angle_get_voltage_angle_series,true,Unknown,Ybus EMT reconstruction using exact complex bus-voltage phasors when available; otherwise diagnostic fallback
0.18,-7.318139421222392e-5,-0.011489203046124552,-7.318139421222392e-5,-0.011489203046124552,-7.318139421222392e-5,-0.011489203046124552,-0.23655293769100258,0.6441000693543609,-0.23647975629679036,0.6555892724004855,0.0,0.0,Vmag_get_voltage_magnitude_series__angle_get_voltage_angle_series,true,Unknown,Ybus EMT reconstruction using exact complex bus-voltage phasors when available; otherwise diagnostic fallback
0.19,-8.263101877015178e-5,-0.011555486259687386,-8.263101877015178e-5,-0.011555486259687386,-8.263101877015178e-5,-0.011555486259687386,-0.2365623873155605,0.6440337861407981,-0.23647975629679036,0.6555892724004855,0.0,0.0,Vmag_get_voltage_magnitude_series__angle_get_voltage_angle_series,true,Unknown,Ybus EMT reconstruction using exact complex bus-voltage phasors when available; otherwise diagnostic fallback
0.2,-8.718894723652726e-5,-0.01162572500712089,-8.718894723652726e-5,-0.01162572500712089,-8.718894723652726e-5,-0.01162572500712089,-0.23656694524402688,0.6439635473933646,-0.23647975629679036,0.6555892724004855,0.0,0.0,Vmag_get_voltage_magnitude_series__angle_get_voltage_angle_series,true,Unknown,Ybus EMT reconstruction using exact complex bus-voltage phasors when available; otherwise diagnostic fallback
0.21,-9.055852836542533e-5,-0.011702778783573398,-9.055852836542533e-5,-0.011702778783573398,-9.055852836542533e-5,-0.011702778783573398,-0.23657031482515578,0.6438864936169121,-0.23647975629679036,0.6555892724004855,0.0,0.0,Vmag_get_voltage_magnitude_series__angle_get_voltage_angle_series,true,Unknown,Ybus EMT reconstruction using exact complex bus-voltage phasors when available; otherwise diagnostic fallback
0.22,-0.00010121906321733376,-0.011782990937440285,-0.00010121906321733376,-0.011782990937440285,-0.00010121906321733376,-0.011782990937440285,-0.2365809753600077,0.6438062814630452,-0.23647975629679036,0.6555892724004855,0.0,0.0,Vmag_get_voltage_magnitude_series__angle_get_voltage_angle_series,true,Unknown,Ybus EMT reconstruction using exact complex bus-voltage phasors when available; otherwise diagnostic fallback
0.23,-0.00010869560119619592,-0.011866235575776818,-0.00010869560119619592,-0.011866235575776818,-0.00010869560119619592,-0.011866235575776818,-0.23658845189798655,0.6437230368247087,-0.23647975629679036,0.6555892724004855,0.0,0.0,Vmag_get_voltage_magnitude_series__angle_get_voltage_angle_series,true,Unknown,Ybus EMT reconstruction using exact complex bus-voltage phasors when available; otherwise diagnostic fallback
0.24,-0.00011673493379632527,-0.011953387040986141,-0.00011673493379632527,-0.011953387040986141,-0.00011673493379632527,-0.011953387040986141,-0.23659649123058668,0.6436358853594993,-0.23647975629679036,0.6555892724004855,0.0,0.0,Vmag_get_voltage_magnitude_series__angle_get_voltage_angle_series,true,Unknown,Ybus EMT reconstruction using exact complex bus-voltage phasors when available; otherwise diagnostic fallback
0.25,-0.0001253410717937664,-0.01204374378452644,-0.0001253410717937664,-0.01204374378452644,-0.0001253410717937664,-0.01204374378452644,-0.23660509736858412,0.643545528615959,-0.23647975629679036,0.6555892724004855,0.0,0.0,Vmag_get_voltage_magnitude_series__angle_get_voltage_angle_series,true,Unknown,Ybus EMT reconstruction using exact complex bus-voltage phasors when available; otherwise diagnostic fallback
0.26,-0.00013420276025746802,-0.012137078370414889,-0.00013420276025746802,-0.012137078370414889,-0.00013420276025746802,-0.012137078370414889,-0.23661395905704782,0.6434521940300706,-0.23647975629679036,0.6555892724004855,0.0,0.0,Vmag_get_voltage_magnitude_series__angle_get_voltage_angle_series,true,Unknown,Ybus EMT reconstruction using exact complex bus-voltage phasors when available; otherwise diagnostic fallback
0.27,-0.00014339754628389656,-0.012233277464606895,-0.00014339754628389656,-0.012233277464606895,-0.00014339754628389656,-0.012233277464606895,-0.23662315384307425,0.6433559949358786,-0.23647975629679036,0.6555892724004855,0.0,0.0,Vmag_get_voltage_magnitude_series__angle_get_voltage_angle_series,true,Unknown,Ybus EMT reconstruction using exact complex bus-voltage phasors when available; otherwise diagnostic fallback
0.28,-0.00015303499983085334,-0.01233218963830962,-0.00015303499983085334,-0.01233218963830962,-0.00015303499983085334,-0.01233218963830962,-0.2366327912966212,0.6432570827621759,-0.23647975629679036,0.6555892724004855,0.0,0.0,Vmag_get_voltage_magnitude_series__angle_get_voltage_angle_series,true,Unknown,Ybus EMT reconstruction using exact complex bus-voltage phasors when available; otherwise diagnostic fallback
0.29,-0.00016316815158962106,-0.012433463363692443,-0.00016316815158962106,-0.012433463363692443,-0.00016316815158962106,-0.012433463363692443,-0.23664292444837998,0.643155809036793,-0.23647975629679036,0.6555892724004855,0.0,0.0,Vmag_get_voltage_magnitude_series__angle_get_voltage_angle_series,true,Unknown,Ybus EMT reconstruction using exact complex bus-voltage phasors when available; otherwise diagnostic fallback
0.3,-0.00017375446932446637,-0.012536868511851873,-0.00017375446932446637,-0.012536868511851873,-0.00017375446932446637,-0.012536868511851873,-0.23665351076611482,0.6430524038886336,-0.23647975629679036,0.6555892724004855,0.0,0.0,Vmag_get_voltage_magnitude_series__angle_get_voltage_angle_series,true,Unknown,Ybus EMT reconstruction using exact complex bus-voltage phasors when available; otherwise diagnostic fallback
0.31,-0.00018482417216947322,-0.012642208144180933,-0.00018482417216947322,-0.012642208144180933,-0.00018482417216947322,-0.012642208144180933,-0.23666458046895983,0.6429470642563045,-0.23647975629679036,0.6555892724004855,0.0,0.0,Vmag_get_voltage_magnitude_series__angle_get_voltage_angle_series,true,Unknown,Ybus EMT reconstruction using exact complex bus-voltage phasors when available; otherwise diagnostic fallback
0.32,-0.0001963897141757931,-0.0127492932331279,-0.0001963897141757931,-0.0127492932331279,-0.0001963897141757931,-0.0127492932331279,-0.23667614601096615,0.6428399791673576,-0.23647975629679036,0.6555892724004855,0.0,0.0,Vmag_get_voltage_magnitude_series__angle_get_voltage_angle_series,true,Unknown,Ybus EMT reconstruction using exact complex bus-voltage phasors when available; otherwise diagnostic fallback
0.33,-0.00020849216005702775,-0.012857869634655406,-0.00020849216005702775,-0.012857869634655406,-0.00020849216005702775,-0.012857869634655406,-0.23668824845684738,0.6427314027658301,-0.23647975629679036,0.6555892724004855,0.0,0.0,Vmag_get_voltage_magnitude_series__angle_get_voltage_angle_series,true,Unknown,Ybus EMT reconstruction using exact complex bus-voltage phasors when available; otherwise diagnostic fallback
0.34,-0.00022112066152499277,-0.012967719083153861,-0.00022112066152499277,-0.012967719083153861,-0.00022112066152499277,-0.012967719083153861,-0.23670087695831535,0.6426215533173316,-0.23647975629679036,0.6555892724004855,0.0,0.0,Vmag_get_voltage_magnitude_series__angle_get_voltage_angle_series,true,Unknown,Ybus EMT reconstruction using exact complex bus-voltage phasors when available; otherwise diagnostic fallback
0.35,-0.00023425635092552688,-0.013078617921118196,-0.00023425635092552688,-0.013078617921118196,-0.00023425635092552688,-0.013078617921118196,-0.23671401264771588,0.6425106544793673,-0.23647975629679036,0.6555892724004855,0.0,0.0,Vmag_get_voltage_magnitude_series__angle_get_voltage_angle_series,true,Unknown,Ybus EMT reconstruction using exact complex bus-voltage phasors when available; otherwise diagnostic fallback
0.36,-0.0002478965570205105,-0.013190363243989922,-0.0002478965570205105,-0.013190363243989922,-0.0002478965570205105,-0.013190363243989922,-0.23672765285381087,0.6423989091564956,-0.23647975629679036,0.6555892724004855,0.0,0.0,Vmag_get_voltage_magnitude_series__angle_get_voltage_angle_series,true,Unknown,Ybus EMT reconstruction using exact complex bus-voltage phasors when available; otherwise diagnostic fallback
0.37,-0.00026204065892693196,-0.013302748569289369,-0.00026204065892693196,-0.013302748569289369,-0.00026204065892693196,-0.013302748569289369,-0.2367417969557173,0.6422865238311961,-0.23647975629679036,0.6555892724004855,0.0,0.0,Vmag_get_voltage_magnitude_series__angle_get_voltage_angle_series,true,Unknown,Ybus EMT reconstruction using exact complex bus-voltage phasors when available; otherwise diagnostic fallback
0.38,-0.00027665973448681713,-0.01341553682393426,-0.00027665973448681713,-0.01341553682393426,-0.00027665973448681713,-0.01341553682393426,-0.23675641603127717,0.6421737355765512,-0.23647975629679036,0.6555892724004855,0.0,0.0,Vmag_get_voltage_magnitude_series__angle_get_voltage_angle_series,true,Unknown,Ybus EMT reconstruction using exact complex bus-voltage phasors when available; otherwise diagnostic fallback
0.39,-0.00029171666339372626,-0.013528518762750297,-0.00029171666339372626,-0.013528518762750297,-0.00029171666339372626,-0.013528518762750297,-0.23677147296018408,0.6420607536377352,-0.23647975629679036,0.6555892724004855,0.0,0.0,Vmag_get_voltage_magnitude_series__angle_get_voltage_angle_series,true,Unknown,Ybus EMT reconstruction using exact complex bus-voltage phasors when available; otherwise diagnostic fallback
0.4,-0.00030717774684346777,-0.013641490427400593,-0.00030717774684346777,-0.013641490427400593,-0.00030717774684346777,-0.013641490427400593,-0.23678693404363382,0.6419477819730849,-0.23647975629679036,0.6555892724004855,0.0,0.0,Vmag_get_voltage_magnitude_series__angle_get_voltage_angle_series,true,Unknown,Ybus EMT reconstruction using exact complex bus-voltage phasors when available; otherwise diagnostic fallback
0.41,-0.00032302064624351035,-0.013754244895971768,-0.00032302064624351035,-0.013754244895971768,-0.00032302064624351035,-0.013754244895971768,-0.23680277694303387,0.6418350275045137,-0.23647975629679036,0.6555892724004855,0.0,0.0,Vmag_get_voltage_magnitude_series__angle_get_voltage_angle_series,true,Unknown,Ybus EMT reconstruction using exact complex bus-voltage phasors when available; otherwise diagnostic fallback
0.42,-0.00033920815742172206,-0.013866563966122847,-0.00033920815742172206,-0.013866563966122847,-0.00033920815742172206,-0.013866563966122847,-0.23681896445421208,0.6417227084343626,-0.23647975629679036,0.6555892724004855,0.0,0.0,Vmag_get_voltage_magnitude_series__angle_get_voltage_angle_series,true,Unknown,Ybus EMT reconstruction using exact complex bus-voltage phasors when available; otherwise diagnostic fallback
0.43,-0.0003556914871830352,-0.01397824183031704,-0.0003556914871830352,-0.01397824183031704,-0.0003556914871830352,-0.01397824183031704,-0.2368354477839734,0.6416110305701684,-0.23647975629679036,0.6555892724004855,0.0,0.0,Vmag_get_voltage_magnitude_series__angle_get_voltage_angle_series,true,Unknown,Ybus EMT reconstruction using exact complex bus-voltage phasors when available; otherwise diagnostic fallback
0.44,-0.00037241897911444166,-0.014089085007297553,-0.00037241897911444166,-0.014089085007297553,-0.00037241897911444166,-0.014089085007297553,-0.2368521752759048,0.6415001873931879,-0.23647975629679036,0.6555892724004855,0.0,0.0,Vmag_get_voltage_magnitude_series__angle_get_voltage_angle_series,true,Unknown,Ybus EMT reconstruction using exact complex bus-voltage phasors when available; otherwise diagnostic fallback
0.45,-0.00038935477407264774,-0.014198896819251017,-0.00038935477407264774,-0.014198896819251017,-0.00038935477407264774,-0.014198896819251017,-0.236869111070863,0.6413903755812345,-0.23647975629679036,0.6555892724004855,0.0,0.0,Vmag_get_voltage_magnitude_series__angle_get_voltage_angle_series,true,Unknown,Ybus EMT reconstruction using exact complex bus-voltage phasors when available; otherwise diagnostic fallback
0.46,-0.00040646487120482577,-0.014307478306154087,-0.00040646487120482577,-0.014307478306154087,-0.00040646487120482577,-0.014307478306154087,-0.23688622116799518,0.6412817940943314,-0.23647975629679036,0.6555892724004855,0.0,0.0,Vmag_get_voltage_magnitude_series__angle_get_voltage_angle_series,true,Unknown,Ybus EMT reconstruction using exact complex bus-voltage phasors when available; otherwise diagnostic fallback
0.47,-0.00042369466391106725,-0.01441464072826315,-0.00042369466391106725,-0.01441464072826315,-0.00042369466391106725,-0.01441464072826315,-0.23690345096070142,0.6411746316722223,-0.23647975629679036,0.6555892724004855,0.0,0.0,Vmag_get_voltage_magnitude_series__angle_get_voltage_angle_series,true,Unknown,Ybus EMT reconstruction using exact complex bus-voltage phasors when available; otherwise diagnostic fallback
0.48,-0.00044098459732053175,-0.014520200340843004,-0.00044098459732053175,-0.014520200340843004,-0.00044098459732053175,-0.014520200340843004,-0.2369207408941109,0.6410690720596425,-0.23647975629679036,0.6555892724004855,0.0,0.0,Vmag_get_voltage_magnitude_series__angle_get_voltage_angle_series,true,Unknown,Ybus EMT reconstruction using exact complex bus-voltage phasors when available; otherwise diagnostic fallback
0.49,-0.00045829915358358564,-0.01462398988401703,-0.00045829915358358564,-0.01462398988401703,-0.00045829915358358564,-0.01462398988401703,-0.23693805545037394,0.6409652825164684,-0.23647975629679036,0.6555892724004855,0.0,0.0,Vmag_get_voltage_magnitude_series__angle_get_voltage_angle_series,true,Unknown,Ybus EMT reconstruction using exact complex bus-voltage phasors when available; otherwise diagnostic fallback
0.5,-0.00047560785062927824,-0.01472584329655735,-0.00047560785062927824,-0.01472584329655735,-0.00047560785062927824,-0.01472584329655735,-0.23695536414741963,0.6408634291039281,-0.23647975629679036,0.6555892724004855,0.0,0.0,Vmag_get_voltage_magnitude_series__angle_get_voltage_angle_series,true,Unknown,Ybus EMT reconstruction using exact complex bus-voltage phasors when available; otherwise diagnostic fallback
0.51,-0.0004928576097847359,-0.014825587980493382,-0.0004928576097847359,-0.014825587980493382,-0.0004928576097847359,-0.014825587980493382,-0.2369726139065751,0.6407636844199921,-0.23647975629679036,0.6555892724004855,0.0,0.0,Vmag_get_voltage_magnitude_series__angle_get_voltage_angle_series,true,Unknown,Ybus EMT reconstruction using exact complex bus-voltage phasors when available; otherwise diagnostic fallback
0.52,-0.0005099903323259325,-0.01492306658043785,-0.0005099903323259325,-0.01492306658043785,-0.0005099903323259325,-0.01492306658043785,-0.2369897466291163,0.6406662058200476,-0.23647975629679036,0.6555892724004855,0.0,0.0,Vmag_get_voltage_magnitude_series__angle_get_voltage_angle_series,true,Unknown,Ybus EMT reconstruction using exact complex bus-voltage phasors when available; otherwise diagnostic fallback
0.53,-0.0005269718230416498,-0.015018147689025207,-0.0005269718230416498,-0.015018147689025207,-0.0005269718230416498,-0.015018147689025207,-0.237006728119832,0.6405711247114603,-0.23647975629679036,0.6555892724004855,0.0,0.0,Vmag_get_voltage_magnitude_series__angle_get_voltage_angle_series,true,Unknown,Ybus EMT reconstruction using exact complex bus-voltage phasors when available; otherwise diagnostic fallback
0.54,-0.0005437771184479134,-0.01511070768899725,-0.0005437771184479134,-0.01511070768899725,-0.0005437771184479134,-0.01511070768899725,-0.23702353341523827,0.6404785647114882,-0.23647975629679036,0.6555892724004855,0.0,0.0,Vmag_get_voltage_magnitude_series__angle_get_voltage_angle_series,true,Unknown,Ybus EMT reconstruction using exact complex bus-voltage phasors when available; otherwise diagnostic fallback
0.55,-0.0005603611114496365,-0.01520059500272919,-0.0005603611114496365,-0.01520059500272919,-0.0005603611114496365,-0.01520059500272919,-0.23704011740824,0.6403886773977563,-0.23647975629679036,0.6555892724004855,0.0,0.0,Vmag_get_voltage_magnitude_series__angle_get_voltage_angle_series,true,Unknown,Ybus EMT reconstruction using exact complex bus-voltage phasors when available; otherwise diagnostic fallback
0.56,-0.0005766722567820681,-0.015287688476559036,-0.0005766722567820681,-0.015287688476559036,-0.0005766722567820681,-0.015287688476559036,-0.23705642855357242,0.6403015839239264,-0.23647975629679036,0.6555892724004855,0.0,0.0,Vmag_get_voltage_magnitude_series__angle_get_voltage_angle_series,true,Unknown,Ybus EMT reconstruction using exact complex bus-voltage phasors when available; otherwise diagnostic fallback
0.57,-0.0005926764133008244,-0.0153719082457342,-0.0005926764133008244,-0.0153719082457342,-0.0005926764133008244,-0.0153719082457342,-0.23707243271009118,0.6402173641547513,-0.23647975629679036,0.6555892724004855,0.0,0.0,Vmag_get_voltage_magnitude_series__angle_get_voltage_angle_series,true,Unknown,Ybus EMT reconstruction using exact complex bus-voltage phasors when available; otherwise diagnostic fallback
0.58,-0.0006083550799732551,-0.015453163804426073,-0.0006083550799732551,-0.015453163804426073,-0.0006083550799732551,-0.015453163804426073,-0.2370881113767636,0.6401361085960594,-0.23647975629679036,0.6555892724004855,0.0,0.0,Vmag_get_voltage_magnitude_series__angle_get_voltage_angle_series,true,Unknown,Ybus EMT reconstruction using exact complex bus-voltage phasors when available; otherwise diagnostic fallback
0.59,-0.000623677058275568,-0.015531350734989902,-0.000623677058275568,-0.015531350734989902,-0.000623677058275568,-0.015531350734989902,-0.23710343335506592,0.6400579216654956,-0.23647975629679036,0.6555892724004855,0.0,0.0,Vmag_get_voltage_magnitude_series__angle_get_voltage_angle_series,true,Unknown,Ybus EMT reconstruction using exact complex bus-voltage phasors when available; otherwise diagnostic fallback
0.6,-0.0006385958724074714,-0.015606387229133212,-0.0006385958724074714,-0.015606387229133212,-0.0006385958724074714,-0.015606387229133212,-0.23711835216919783,0.6399828851713523,-0.23647975629679036,0.6555892724004855,0.0,0.0,Vmag_get_voltage_magnitude_series__angle_get_voltage_angle_series,true,Unknown,Ybus EMT reconstruction using exact complex bus-voltage phasors when available; otherwise diagnostic fallback
0.61,-0.0006530816851013366,-0.01567822486054482,-0.0006530816851013366,-0.01567822486054482,-0.0006530816851013366,-0.01567822486054482,-0.2371328379818917,0.6399110475399407,-0.23647975629679036,0.6555892724004855,0.0,0.0,Vmag_get_voltage_magnitude_series__angle_get_voltage_angle_series,true,Unknown,Ybus EMT reconstruction using exact complex bus-voltage phasors when available; otherwise diagnostic fallback
0.62,-0.0006671229086581132,-0.015746828533176993,-0.0006671229086581132,-0.015746828533176993,-0.0006671229086581132,-0.015746828533176993,-0.23714687920544847,0.6398424438673085,-0.23647975629679036,0.6555892724004855,0.0,0.0,Vmag_get_voltage_magnitude_series__angle_get_voltage_angle_series,true,Unknown,Ybus EMT reconstruction using exact complex bus-voltage phasors when available; otherwise diagnostic fallback
0.63,-0.0006806982217195667,-0.015812136113838804,-0.0006806982217195667,-0.015812136113838804,-0.0006806982217195667,-0.015812136113838804,-0.23716045451850992,0.6397771362866467,-0.23647975629679036,0.6555892724004855,0.0,0.0,Vmag_get_voltage_magnitude_series__angle_get_voltage_angle_series,true,Unknown,Ybus EMT reconstruction using exact complex bus-voltage phasors when available; otherwise diagnostic fallback
0.64,-0.0006937789501356706,-0.015874120544115522,-0.0006937789501356706,-0.015874120544115522,-0.0006937789501356706,-0.015874120544115522,-0.23717353524692603,0.63971515185637,-0.23647975629679036,0.6555892724004855,0.0,0.0,Vmag_get_voltage_magnitude_series__angle_get_voltage_angle_series,true,Unknown,Ybus EMT reconstruction using exact complex bus-voltage phasors when available; otherwise diagnostic fallback
0.65,-0.0007063326481984156,-0.015932764307573954,-0.0007063326481984156,-0.015932764307573954,-0.0007063326481984156,-0.015932764307573954,-0.23718608894498877,0.6396565080929115,-0.23647975629679036,0.6555892724004855,0.0,0.0,Vmag_get_voltage_magnitude_series__angle_get_voltage_angle_series,true,Unknown,Ybus EMT reconstruction using exact complex bus-voltage phasors when available; otherwise diagnostic fallback
0.66,-0.0007183518698640479,-0.015988067947145246,-0.0007183518698640479,-0.015988067947145246,-0.0007183518698640479,-0.015988067947145246,-0.2371981081666544,0.6396012044533402,-0.23647975629679036,0.6555892724004855,0.0,0.0,Vmag_get_voltage_magnitude_series__angle_get_voltage_angle_series,true,Unknown,Ybus EMT reconstruction using exact complex bus-voltage phasors when available; otherwise diagnostic fallback
0.67,-0.0007298354374659088,-0.01604003698637657,-0.0007298354374659088,-0.01604003698637657,-0.0007298354374659088,-0.01604003698637657,-0.23720959173425626,0.6395492354141089,-0.23647975629679036,0.6555892724004855,0.0,0.0,Vmag_get_voltage_magnitude_series__angle_get_voltage_angle_series,true,Unknown,Ybus EMT reconstruction using exact complex bus-voltage phasors when available; otherwise diagnostic fallback
0.68,-0.0007407564371645914,-0.016088671844493918,-0.0007407564371645914,-0.016088671844493918,-0.0007407564371645914,-0.016088671844493918,-0.23722051273395495,0.6395006005559916,-0.23647975629679036,0.6555892724004855,0.0,0.0,Vmag_get_voltage_magnitude_series__angle_get_voltage_angle_series,true,Unknown,Ybus EMT reconstruction using exact complex bus-voltage phasors when available; otherwise diagnostic fallback
0.69,-0.0007511049217467369,-0.016134003370262606,-0.0007511049217467369,-0.016134003370262606,-0.0007511049217467369,-0.016134003370262606,-0.2372308612185371,0.6394552690302229,-0.23647975629679036,0.6555892724004855,0.0,0.0,Vmag_get_voltage_magnitude_series__angle_get_voltage_angle_series,true,Unknown,Ybus EMT reconstruction using exact complex bus-voltage phasors when available; otherwise diagnostic fallback
0.7,-0.00076087010735576,-0.016176072937823305,-0.00076087010735576,-0.016176072937823305,-0.00076087010735576,-0.016176072937823305,-0.23724062640414612,0.6394131994626622,-0.23647975629679036,0.6555892724004855,0.0,0.0,Vmag_get_voltage_magnitude_series__angle_get_voltage_angle_series,true,Unknown,Ybus EMT reconstruction using exact complex bus-voltage phasors when available; otherwise diagnostic fallback
0.71,-0.0007700526574926647,-0.01621492013657866,-0.0007700526574926647,-0.01621492013657866,-0.0007700526574926647,-0.01621492013657866,-0.23724980895428302,0.6393743522639068,-0.23647975629679036,0.6555892724004855,0.0,0.0,Vmag_get_voltage_magnitude_series__angle_get_voltage_angle_series,true,Unknown,Ybus EMT reconstruction using exact complex bus-voltage phasors when available; otherwise diagnostic fallback
0.72,-0.0007786522589635636,-0.016250592556444676,-0.0007786522589635636,-0.016250592556444676,-0.0007786522589635636,-0.016250592556444676,-0.23725840855575392,0.6393386798440408,-0.23647975629679036,0.6555892724004855,0.0,0.0,Vmag_get_voltage_magnitude_series__angle_get_voltage_angle_series,true,Unknown,Ybus EMT reconstruction using exact complex bus-voltage phasors when available; otherwise diagnostic fallback
0.73,-0.0007866582897987917,-0.01628315510397771,-0.0007866582897987917,-0.01628315510397771,-0.0007866582897987917,-0.01628315510397771,-0.23726641458658915,0.6393061172965078,-0.23647975629679036,0.6555892724004855,0.0,0.0,Vmag_get_voltage_magnitude_series__angle_get_voltage_angle_series,true,Unknown,Ybus EMT reconstruction using exact complex bus-voltage phasors when available; otherwise diagnostic fallback
0.74,-0.0007940745345349498,-0.016312681217575342,-0.0007940745345349498,-0.016312681217575342,-0.0007940745345349498,-0.016312681217575342,-0.2372738308313253,0.6392765911829101,-0.23647975629679036,0.6555892724004855,0.0,0.0,Vmag_get_voltage_magnitude_series__angle_get_voltage_angle_series,true,Unknown,Ybus EMT reconstruction using exact complex bus-voltage phasors when available; otherwise diagnostic fallback
0.75,-0.0008009067693096339,-0.016339250276482975,-0.0008009067693096339,-0.016339250276482975,-0.0008009067693096339,-0.016339250276482975,-0.2372806630661,0.6392500221240025,-0.23647975629679036,0.6555892724004855,0.0,0.0,Vmag_get_voltage_magnitude_series__angle_get_voltage_angle_series,true,Unknown,Ybus EMT reconstruction using exact complex bus-voltage phasors when available; otherwise diagnostic fallback
0.76,-0.0008071605032743123,-0.016362942324933294,-0.0008071605032743123,-0.016362942324933294,-0.0008071605032743123,-0.016362942324933294,-0.23728691680006467,0.6392263300755522,-0.23647975629679036,0.6555892724004855,0.0,0.0,Vmag_get_voltage_magnitude_series__angle_get_voltage_angle_series,true,Unknown,Ybus EMT reconstruction using exact complex bus-voltage phasors when available; otherwise diagnostic fallback
0.77,-0.00081284150914257,-0.01638384684952432,-0.00081284150914257,-0.01638384684952432,-0.00081284150914257,-0.01638384684952432,-0.23729259780593293,0.6392054255509612,-0.23647975629679036,0.6555892724004855,0.0,0.0,Vmag_get_voltage_magnitude_series__angle_get_voltage_angle_series,true,Unknown,Ybus EMT reconstruction using exact complex bus-voltage phasors when available; otherwise diagnostic fallback
0.78,-0.0008179539837130378,-0.01640206871555394,-0.0008179539837130378,-0.01640206871555394,-0.0008179539837130378,-0.01640206871555394,-0.2372977102805034,0.6391872036849315,-0.23647975629679036,0.6555892724004855,0.0,0.0,Vmag_get_voltage_magnitude_series__angle_get_voltage_angle_series,true,Unknown,Ybus EMT reconstruction using exact complex bus-voltage phasors when available; otherwise diagnostic fallback
0.79,-0.0008225114369685704,-0.016417713794459998,-0.0008225114369685704,-0.016417713794459998,-0.0008225114369685704,-0.016417713794459998,-0.23730226773375893,0.6391715586060255,-0.23647975629679036,0.6555892724004855,0.0,0.0,Vmag_get_voltage_magnitude_series__angle_get_voltage_angle_series,true,Unknown,Ybus EMT reconstruction using exact complex bus-voltage phasors when available; otherwise diagnostic fallback
0.8,-0.0008265380787903787,-0.016430883785736428,-0.0008265380787903787,-0.016430883785736428,-0.0008265380787903787,-0.016430883785736428,-0.23730629437558073,0.639158388614749,-0.23647975629679036,0.6555892724004855,0.0,0.0,Vmag_get_voltage_magnitude_series__angle_get_voltage_angle_series,true,Unknown,Ybus EMT reconstruction using exact complex bus-voltage phasors when available; otherwise diagnostic fallback
0.81,-0.0008300397050592656,-0.016441690165459266,-0.0008300397050592656,-0.016441690165459266,-0.0008300397050592656,-0.016441690165459266,-0.23730979600184962,0.6391475822350262,-0.23647975629679036,0.6555892724004855,0.0,0.0,Vmag_get_voltage_magnitude_series__angle_get_voltage_angle_series,true,Unknown,Ybus EMT reconstruction using exact complex bus-voltage phasors when available; otherwise diagnostic fallback
0.82,-0.0008330203639179135,-0.01645025482782181,-0.0008330203639179135,-0.01645025482782181,-0.0008330203639179135,-0.01645025482782181,-0.23731277666070827,0.6391390175726637,-0.23647975629679036,0.6555892724004855,0.0,0.0,Vmag_get_voltage_magnitude_series__angle_get_voltage_angle_series,true,Unknown,Ybus EMT reconstruction using exact complex bus-voltage phasors when available; otherwise diagnostic fallback
0.83,-0.0008355060151163385,-0.01645669951265316,-0.0008355060151163385,-0.01645669951265316,-0.0008355060151163385,-0.01645669951265316,-0.2373152623119067,0.6391325728878323,-0.23647975629679036,0.6555892724004855,0.0,0.0,Vmag_get_voltage_magnitude_series__angle_get_voltage_angle_series,true,Unknown,Ybus EMT reconstruction using exact complex bus-voltage phasors when available; otherwise diagnostic fallback
0.84,-0.0008375287090242045,-0.016461149782015294,-0.0008375287090242045,-0.016461149782015294,-0.0008375287090242045,-0.016461149782015294,-0.23731728500581456,0.6391281226184702,-0.23647975629679036,0.6555892724004855,0.0,0.0,Vmag_get_voltage_magnitude_series__angle_get_voltage_angle_series,true,Unknown,Ybus EMT reconstruction using exact complex bus-voltage phasors when available; otherwise diagnostic fallback
0.85,-0.0008390987543296924,-0.016463721173352375,-0.0008390987543296924,-0.016463721173352375,-0.0008390987543296924,-0.016463721173352375,-0.23731885505112005,0.6391255512271331,-0.23647975629679036,0.6555892724004855,0.0,0.0,Vmag_get_voltage_magnitude_series__angle_get_voltage_angle_series,true,Unknown,Ybus EMT reconstruction using exact complex bus-voltage phasors when available; otherwise diagnostic fallback
0.86,-0.0008402225495592053,-0.016464536067264723,-0.0008402225495592053,-0.016464536067264723,-0.0008402225495592053,-0.016464536067264723,-0.23731997884634956,0.6391247363332208,-0.23647975629679036,0.6555892724004855,0.0,0.0,Vmag_get_voltage_magnitude_series__angle_get_voltage_angle_series,true,Unknown,Ybus EMT reconstruction using exact complex bus-voltage phasors when available; otherwise diagnostic fallback
0.87,-0.0008409295706125475,-0.016463733704043526,-0.0008409295706125475,-0.016463733704043526,-0.0008409295706125475,-0.016463733704043526,-0.2373206858674029,0.639125538696442,-0.23647975629679036,0.6555892724004855,0.0,0.0,Vmag_get_voltage_magnitude_series__angle_get_voltage_angle_series,true,Unknown,Ybus EMT reconstruction using exact complex bus-voltage phasors when available; otherwise diagnostic fallback
0.88,-0.0008412566099735563,-0.016461446988700557,-0.0008412566099735563,-0.016461446988700557,-0.0008412566099735563,-0.016461446988700557,-0.2373210129067639,0.6391278254117849,-0.23647975629679036,0.6555892724004855,0.0,0.0,Vmag_get_voltage_magnitude_series__angle_get_voltage_angle_series,true,Unknown,Ybus EMT reconstruction using exact complex bus-voltage phasors when available; otherwise diagnostic fallback
0.89,-0.00084121981081689,-0.01645778934423625,-0.00084121981081689,-0.01645778934423625,-0.00084121981081689,-0.01645778934423625,-0.23732097610760725,0.6391314830562492,-0.23647975629679036,0.6555892724004855,0.0,0.0,Vmag_get_voltage_magnitude_series__angle_get_voltage_angle_series,true,Unknown,Ybus EMT reconstruction using exact complex bus-voltage phasors when available; otherwise diagnostic fallback
0.9,-0.0008408276859085129,-0.016452877476416328,-0.0008408276859085129,-0.016452877476416328,-0.0008408276859085129,-0.016452877476416328,-0.23732058398269887,0.6391363949240692,-0.23647975629679036,0.6555892724004855,0.0,0.0,Vmag_get_voltage_magnitude_series__angle_get_voltage_angle_series,true,Unknown,Ybus EMT reconstruction using exact complex bus-voltage phasors when available; otherwise diagnostic fallback
0.91,-0.0008401096514951412,-0.016446857746678423,-0.0008401096514951412,-0.016446857746678423,-0.0008401096514951412,-0.016446857746678423,-0.2373198659482855,0.6391424146538071,-0.23647975629679036,0.6555892724004855,0.0,0.0,Vmag_get_voltage_magnitude_series__angle_get_voltage_angle_series,true,Unknown,Ybus EMT reconstruction using exact complex bus-voltage phasors when available; otherwise diagnostic fallback
0.92,-0.0008390990329611159,-0.01643984936232723,-0.0008390990329611159,-0.01643984936232723,-0.0008390990329611159,-0.01643984936232723,-0.23731885532975147,0.6391494230381582,-0.23647975629679036,0.6555892724004855,0.0,0.0,Vmag_get_voltage_magnitude_series__angle_get_voltage_angle_series,true,Unknown,Ybus EMT reconstruction using exact complex bus-voltage phasors when available; otherwise diagnostic fallback
0.93,-0.0008378217788271025,-0.016431965376862867,-0.0008378217788271025,-0.016431965376862867,-0.0008378217788271025,-0.016431965376862867,-0.23731757807561746,0.6391573070236226,-0.23647975629679036,0.6555892724004855,0.0,0.0,Vmag_get_voltage_magnitude_series__angle_get_voltage_angle_series,true,Unknown,Ybus EMT reconstruction using exact complex bus-voltage phasors when available; otherwise diagnostic fallback
0.94,-0.000836289150040942,-0.01642332024099058,-0.000836289150040942,-0.01642332024099058,-0.000836289150040942,-0.01642332024099058,-0.2373160454468313,0.6391659521594949,-0.23647975629679036,0.6555892724004855,0.0,0.0,Vmag_get_voltage_magnitude_series__angle_get_voltage_angle_series,true,Unknown,Ybus EMT reconstruction using exact complex bus-voltage phasors when available; otherwise diagnostic fallback
0.95,-0.0008345230482746657,-0.01641403862594515,-0.0008345230482746657,-0.01641403862594515,-0.0008345230482746657,-0.01641403862594515,-0.23731427934506502,0.6391752337745403,-0.23647975629679036,0.6555892724004855,0.0,0.0,Vmag_get_voltage_magnitude_series__angle_get_voltage_angle_series,true,Unknown,Ybus EMT reconstruction using exact complex bus-voltage phasors when available; otherwise diagnostic fallback
0.96,-0.0008325541089855004,-0.016404232804160368,-0.0008325541089855004,-0.016404232804160368,-0.0008325541089855004,-0.016404232804160368,-0.23731231040577586,0.6391850395963251,-0.23647975629679036,0.6555892724004855,0.0,0.0,Vmag_get_voltage_magnitude_series__angle_get_voltage_angle_series,true,Unknown,Ybus EMT reconstruction using exact complex bus-voltage phasors when available; otherwise diagnostic fallback
0.97,-0.0008304138212333334,-0.016394002628104976,-0.0008304138212333334,-0.016394002628104976,-0.0008304138212333334,-0.016394002628104976,-0.2373101701180237,0.6391952697723805,-0.23647975629679036,0.6555892724004855,0.0,0.0,Vmag_get_voltage_magnitude_series__angle_get_voltage_angle_series,true,Unknown,Ybus EMT reconstruction using exact complex bus-voltage phasors when available; otherwise diagnostic fallback
0.98,-0.0008281166375544435,-0.016383450017288914,-0.0008281166375544435,-0.016383450017288914,-0.0008281166375544435,-0.016383450017288914,-0.2373078729343448,0.6392058223831966,-0.23647975629679036,0.6555892724004855,0.0,0.0,Vmag_get_voltage_magnitude_series__angle_get_voltage_angle_series,true,Unknown,Ybus EMT reconstruction using exact complex bus-voltage phasors when available; otherwise diagnostic fallback
0.99,-0.0008256736871027903,-0.016372678839909116,-0.0008256736871027903,-0.016372678839909116,-0.0008256736871027903,-0.016372678839909116,-0.23730542998389315,0.6392165935605764,-0.23647975629679036,0.6555892724004855,0.0,0.0,Vmag_get_voltage_magnitude_series__angle_get_voltage_angle_series,true,Unknown,Ybus EMT reconstruction using exact complex bus-voltage phasors when available; otherwise diagnostic fallback
1.0,-0.0008231197911586774,-0.01636178584125847,-0.0008231197911586774,-0.01636178584125847,-0.0008231197911586774,-0.01636178584125847,-0.23730287608794903,0.639227486559227,-0.23647975629679036,0.6555892724004855,0.0,0.0,Vmag_get_voltage_magnitude_series__angle_get_voltage_angle_series,true,Unknown,Ybus EMT reconstruction using exact complex bus-voltage phasors when available; otherwise diagnostic fallback
1.01,-0.0008204743725589436,-0.01635085654571289,-0.0008204743725589436,-0.01635085654571289,-0.0008204743725589436,-0.01635085654571289,-0.2373002306693493,0.6392384158547726,-0.23647975629679036,0.6555892724004855,0.0,0.0,Vmag_get_voltage_magnitude_series__angle_get_voltage_angle_series,true,Unknown,Ybus EMT reconstruction using exact complex bus-voltage phasors when available; otherwise diagnostic fallback
1.02,-0.0008177580513068772,-0.01633996885098421,-0.0008177580513068772,-0.01633996885098421,-0.0008177580513068772,-0.01633996885098421,-0.23729751434809723,0.6392493035495013,-0.23647975629679036,0.6555892724004855,0.0,0.0,Vmag_get_voltage_magnitude_series__angle_get_voltage_angle_series,true,Unknown,Ybus EMT reconstruction using exact complex bus-voltage phasors when available; otherwise diagnostic fallback
1.03,-0.0008149861605712405,-0.01632920502350166,-0.0008149861605712405,-0.01632920502350166,-0.0008149861605712405,-0.01632920502350166,-0.2372947424573616,0.6392600673769838,-0.23647975629679036,0.6555892724004855,0.0,0.0,Vmag_get_voltage_magnitude_series__angle_get_voltage_angle_series,true,Unknown,Ybus EMT reconstruction using exact complex bus-voltage phasors when available; otherwise diagnostic fallback
1.04,-0.0008121754787836777,-0.016318644213865197,-0.0008121754787836777,-0.016318644213865197,-0.0008121754787836777,-0.016318644213865197,-0.23729193177557403,0.6392706281866203,-0.23647975629679036,0.6555892724004855,0.0,0.0,Vmag_get_voltage_magnitude_series__angle_get_voltage_angle_series,true,Unknown,Ybus EMT reconstruction using exact complex bus-voltage phasors when available; otherwise diagnostic fallback
1.05,-0.0008093504450323863,-0.016308348400318473,-0.0008093504450323863,-0.016308348400318473,-0.0008093504450323863,-0.016308348400318473,-0.23728910674182274,0.639280924000167,-0.23647975629679036,0.6555892724004855,0.0,0.0,Vmag_get_voltage_magnitude_series__angle_get_voltage_angle_series,true,Unknown,Ybus EMT reconstruction using exact complex bus-voltage phasors when available; otherwise diagnostic fallback
1.06,-0.0008065249271136388,-0.016298379094354387,-0.0008065249271136388,-0.016298379094354387,-0.0008065249271136388,-0.016298379094354387,-0.237286281223904,0.6392908933061311,-0.23647975629679036,0.6555892724004855,0.0,0.0,Vmag_get_voltage_magnitude_series__angle_get_voltage_angle_series,true,Unknown,Ybus EMT reconstruction using exact complex bus-voltage phasors when available; otherwise diagnostic fallback
1.07,-0.0008037117684316086,-0.01628879025255947,-0.0008037117684316086,-0.01628879025255947,-0.0008037117684316086,-0.01628879025255947,-0.23728346806522196,0.639300482147926,-0.23647975629679036,0.6555892724004855,0.0,0.0,Vmag_get_voltage_magnitude_series__angle_get_voltage_angle_series,true,Unknown,Ybus EMT reconstruction using exact complex bus-voltage phasors when available; otherwise diagnostic fallback
1.08,-0.0008009265602519355,-0.016279637212181952,-0.0008009265602519355,-0.016279637212181952,-0.0008009265602519355,-0.016279637212181952,-0.2372806828570423,0.6393096351883035,-0.23647975629679036,0.6555892724004855,0.0,0.0,Vmag_get_voltage_magnitude_series__angle_get_voltage_angle_series,true,Unknown,Ybus EMT reconstruction using exact complex bus-voltage phasors when available; otherwise diagnostic fallback
1.09,-0.0007981854545931755,-0.016270966001185272,-0.0007981854545931755,-0.016270966001185272,-0.0007981854545931755,-0.016270966001185272,-0.23727794175138353,0.6393183063993002,-0.23647975629679036,0.6555892724004855,0.0,0.0,Vmag_get_voltage_magnitude_series__angle_get_voltage_angle_series,true,Unknown,Ybus EMT reconstruction using exact complex bus-voltage phasors when available; otherwise diagnostic fallback
1.1,-0.0007955008628268145,-0.01626281132653218,-0.0007955008628268145,-0.01626281132653218,-0.0007955008628268145,-0.01626281132653218,-0.23727525715961717,0.6393264610739533,-0.23647975629679036,0.6555892724004855,0.0,0.0,Vmag_get_voltage_magnitude_series__angle_get_voltage_angle_series,true,Unknown,Ybus EMT reconstruction using exact complex bus-voltage phasors when available; otherwise diagnostic fallback
1.11,-0.0007928814866754452,-0.01625520624775223,-0.0007928814866754452,-0.01625520624775223,-0.0007928814866754452,-0.01625520624775223,-0.2372726377834658,0.6393340661527332,-0.23647975629679036,0.6555892724004855,0.0,0.0,Vmag_get_voltage_magnitude_series__angle_get_voltage_angle_series,true,Unknown,Ybus EMT reconstruction using exact complex bus-voltage phasors when available; otherwise diagnostic fallback
1.12,-0.0007903375034184479,-0.016248183105152192,-0.0007903375034184479,-0.016248183105152192,-0.0007903375034184479,-0.016248183105152192,-0.2372700938002088,0.6393410892953333,-0.23647975629679036,0.6555892724004855,0.0,0.0,Vmag_get_voltage_magnitude_series__angle_get_voltage_angle_series,true,Unknown,Ybus EMT reconstruction using exact complex bus-voltage phasors when available; otherwise diagnostic fallback
1.13,-0.0007878812639529331,-0.016241767001448637,-0.0007878812639529331,-0.016241767001448637,-0.0007878812639529331,-0.016241767001448637,-0.2372676375607433,0.6393475053990368,-0.23647975629679036,0.6555892724004855,0.0,0.0,Vmag_get_voltage_magnitude_series__angle_get_voltage_angle_series,true,Unknown,Ybus EMT reconstruction using exact complex bus-voltage phasors when available; otherwise diagnostic fallback
1.14,-0.0007855215222734857,-0.016235973816135396,-0.0007855215222734857,-0.016235973816135396,-0.0007855215222734857,-0.016235973816135396,-0.23726527781906384,0.6393532985843501,-0.23647975629679036,0.6555892724004855,0.0,0.0,Vmag_get_voltage_magnitude_series__angle_get_voltage_angle_series,true,Unknown,Ybus EMT reconstruction using exact complex bus-voltage phasors when available; otherwise diagnostic fallback
1.15,-0.0007832630476692914,-0.016230814065793076,-0.0007832630476692914,-0.016230814065793076,-0.0007832630476692914,-0.016230814065793076,-0.23726301934445965,0.6393584583346924,-0.23647975629679036,0.6555892724004855,0.0,0.0,Vmag_get_voltage_magnitude_series__angle_get_voltage_angle_series,true,Unknown,Ybus EMT reconstruction using exact complex bus-voltage phasors when available; otherwise diagnostic fallback
1.16,-0.0007811117604415163,-0.01622629826290678,-0.0007811117604415163,-0.01622629826290678,-0.0007811117604415163,-0.01622629826290678,-0.23726086805723187,0.6393629741375787,-0.23647975629679036,0.6555892724004855,0.0,0.0,Vmag_get_voltage_magnitude_series__angle_get_voltage_angle_series,true,Unknown,Ybus EMT reconstruction using exact complex bus-voltage phasors when available; otherwise diagnostic fallback
1.17,-0.0007790736331209913,-0.016222437846970528,-0.0007790736331209913,-0.016222437846970528,-0.0007790736331209913,-0.016222437846970528,-0.23725882992991135,0.639366834553515,-0.23647975629679036,0.6555892724004855,0.0,0.0,Vmag_get_voltage_magnitude_series__angle_get_voltage_angle_series,true,Unknown,Ybus EMT reconstruction using exact complex bus-voltage phasors when available; otherwise diagnostic fallback
1.18,-0.0007771552903009238,-0.01621922819030186,-0.0007771552903009238,-0.01621922819030186,-0.0007771552903009238,-0.01621922819030186,-0.23725691158709128,0.6393700442101836,-0.23647975629679036,0.6555892724004855,0.0,0.0,Vmag_get_voltage_magnitude_series__angle_get_voltage_angle_series,true,Unknown,Ybus EMT reconstruction using exact complex bus-voltage phasors when available; otherwise diagnostic fallback
1.19,-0.0007753602906153956,-0.016216658904441128,-0.0007753602906153956,-0.016216658904441128,-0.0007753602906153956,-0.016216658904441128,-0.23725511658740575,0.6393726134960444,-0.23647975629679036,0.6555892724004855,0.0,0.0,Vmag_get_voltage_magnitude_series__angle_get_voltage_angle_series,true,Unknown,Ybus EMT reconstruction using exact complex bus-voltage phasors when available; otherwise diagnostic fallback
1.2,-0.0007736877512084794,-0.016214727812450813,-0.0007736877512084794,-0.016214727812450813,-0.0007736877512084794,-0.016214727812450813,-0.23725344404799883,0.6393745445880347,-0.23647975629679036,0.6555892724004855,0.0,0.0,Vmag_get_voltage_magnitude_series__angle_get_voltage_angle_series,true,Unknown,Ybus EMT reconstruction using exact complex bus-voltage phasors when available; otherwise diagnostic fallback
1.21,-0.0007721379286274588,-0.016213429447509697,-0.0007721379286274588,-0.016213429447509697,-0.0007721379286274588,-0.016213429447509697,-0.23725189422541781,0.6393758429529758,-0.23647975629679036,0.6555892724004855,0.0,0.0,Vmag_get_voltage_magnitude_series__angle_get_voltage_angle_series,true,Unknown,Ybus EMT reconstruction using exact complex bus-voltage phasors when available; otherwise diagnostic fallback
1.22,-0.0007707162523138966,-0.016212746150382484,-0.0007707162523138966,-0.016212746150382484,-0.0007707162523138966,-0.016212746150382484,-0.23725047254910425,0.639376526250103,-0.23647975629679036,0.6555892724004855,0.0,0.0,Vmag_get_voltage_magnitude_series__angle_get_voltage_angle_series,true,Unknown,Ybus EMT reconstruction using exact complex bus-voltage phasors when available; otherwise diagnostic fallback
1.23,-0.0007694255018035612,-0.01621265418306761,-0.0007694255018035612,-0.01621265418306761,-0.0007694255018035612,-0.01621265418306761,-0.23724918179859392,0.6393766182174179,-0.23647975629679036,0.6555892724004855,0.0,0.0,Vmag_get_voltage_magnitude_series__angle_get_voltage_angle_series,true,Unknown,Ybus EMT reconstruction using exact complex bus-voltage phasors when available; otherwise diagnostic fallback
1.24,-0.0007682586154325877,-0.016213137691539425,-0.0007682586154325877,-0.016213137691539425,-0.0007682586154325877,-0.016213137691539425,-0.23724801491222294,0.639376134708946,-0.23647975629679036,0.6555892724004855,0.0,0.0,Vmag_get_voltage_magnitude_series__angle_get_voltage_angle_series,true,Unknown,Ybus EMT reconstruction using exact complex bus-voltage phasors when available; otherwise diagnostic fallback
1.25,-0.0007672108975691205,-0.01621417967425598,-0.0007672108975691205,-0.01621417967425598,-0.0007672108975691205,-0.01621417967425598,-0.23724696719435948,0.6393750927262295,-0.23647975629679036,0.6555892724004855,0.0,0.0,Vmag_get_voltage_magnitude_series__angle_get_voltage_angle_series,true,Unknown,Ybus EMT reconstruction using exact complex bus-voltage phasors when available; otherwise diagnostic fallback
1.26,-0.0007662892745057825,-0.016215753275279354,-0.0007662892745057825,-0.016215753275279354,-0.0007662892745057825,-0.016215753275279354,-0.23724604557129614,0.6393735191252061,-0.23647975629679036,0.6555892724004855,0.0,0.0,Vmag_get_voltage_magnitude_series__angle_get_voltage_angle_series,true,Unknown,Ybus EMT reconstruction using exact complex bus-voltage phasors when available; otherwise diagnostic fallback
1.27,-0.0007654884254146288,-0.01621782912898051,-0.0007654884254146288,-0.01621782912898051,-0.0007654884254146288,-0.01621782912898051,-0.23724524472220498,0.639371443271505,-0.23647975629679036,0.6555892724004855,0.0,0.0,Vmag_get_voltage_magnitude_series__angle_get_voltage_angle_series,true,Unknown,Ybus EMT reconstruction using exact complex bus-voltage phasors when available; otherwise diagnostic fallback
1.28,-0.0007648035374291373,-0.01622037758244077,-0.0007648035374291373,-0.01622037758244077,-0.0007648035374291373,-0.01622037758244077,-0.2372445598342195,0.6393688948180447,-0.23647975629679036,0.6555892724004855,0.0,0.0,Vmag_get_voltage_magnitude_series__angle_get_voltage_angle_series,true,Unknown,Ybus EMT reconstruction using exact complex bus-voltage phasors when available; otherwise diagnostic fallback
1.29,-0.0007642273822749401,-0.01622337605678803,-0.0007642273822749401,-0.01622337605678803,-0.0007642273822749401,-0.01622337605678803,-0.2372439836790653,0.6393658963436974,-0.23647975629679036,0.6555892724004855,0.0,0.0,Vmag_get_voltage_magnitude_series__angle_get_voltage_angle_series,true,Unknown,Ybus EMT reconstruction using exact complex bus-voltage phasors when available; otherwise diagnostic fallback
1.3,-0.0007637599000856476,-0.01622679545012251,-0.0007637599000856476,-0.01622679545012251,-0.0007637599000856476,-0.01622679545012251,-0.237243516196876,0.639362476950363,-0.23647975629679036,0.6555892724004855,0.0,0.0,Vmag_get_voltage_magnitude_series__angle_get_voltage_angle_series,true,Unknown,Ybus EMT reconstruction using exact complex bus-voltage phasors when available; otherwise diagnostic fallback
1.31,-0.0007634003786226029,-0.016230599175174,-0.0007634003786226029,-0.016230599175174,-0.0007634003786226029,-0.016230599175174,-0.23724315667541296,0.6393586732253115,-0.23647975629679036,0.6555892724004855,0.0,0.0,Vmag_get_voltage_magnitude_series__angle_get_voltage_angle_series,true,Unknown,Ybus EMT reconstruction using exact complex bus-voltage phasors when available; otherwise diagnostic fallback
1.32,-0.0007631376125193101,-0.016234754860601663,-0.0007631376125193101,-0.016234754860601663,-0.0007631376125193101,-0.016234754860601663,-0.23724289390930967,0.6393545175398838,-0.23647975629679036,0.6555892724004855,0.0,0.0,Vmag_get_voltage_magnitude_series__angle_get_voltage_angle_series,true,Unknown,Ybus EMT reconstruction using exact complex bus-voltage phasors when available; otherwise diagnostic fallback
1.33,-0.0007629658287802155,-0.016239234433034544,-0.0007629658287802155,-0.016239234433034544,-0.0007629658287802155,-0.016239234433034544,-0.23724272212557057,0.6393500379674509,-0.23647975629679036,0.6555892724004855,0.0,0.0,Vmag_get_voltage_magnitude_series__angle_get_voltage_angle_series,true,Unknown,Ybus EMT reconstruction using exact complex bus-voltage phasors when available; otherwise diagnostic fallback
1.34,-0.0007628820716792106,-0.016244008989563574,-0.0007628820716792106,-0.016244008989563574,-0.0007628820716792106,-0.016244008989563574,-0.23724263836846957,0.6393452634109219,-0.23647975629679036,0.6555892724004855,0.0,0.0,Vmag_get_voltage_magnitude_series__angle_get_voltage_angle_series,true,Unknown,Ybus EMT reconstruction using exact complex bus-voltage phasors when available; otherwise diagnostic fallback
1.35,-0.0007628811643020095,-0.016249045297630826,-0.0007628811643020095,-0.016249045297630826,-0.0007628811643020095,-0.016249045297630826,-0.23724263746109236,0.6393402271028547,-0.23647975629679036,0.6555892724004855,0.0,0.0,Vmag_get_voltage_magnitude_series__angle_get_voltage_angle_series,true,Unknown,Ybus EMT reconstruction using exact complex bus-voltage phasors when available; otherwise diagnostic fallback
1.36,-0.0007629574097503533,-0.016254304720551005,-0.0007629574097503533,-0.016254304720551005,-0.0007629574097503533,-0.016254304720551005,-0.2372427137065407,0.6393349676799345,-0.23647975629679036,0.6555892724004855,0.0,0.0,Vmag_get_voltage_magnitude_series__angle_get_voltage_angle_series,true,Unknown,Ybus EMT reconstruction using exact complex bus-voltage phasors when available; otherwise diagnostic fallback
1.37,-0.0007631006407070595,-0.016259763793347703,-0.0007631006407070595,-0.016259763793347703,-0.0007631006407070595,-0.016259763793347703,-0.23724285693749741,0.6393295086071378,-0.23647975629679036,0.6555892724004855,0.0,0.0,Vmag_get_voltage_magnitude_series__angle_get_voltage_angle_series,true,Unknown,Ybus EMT reconstruction using exact complex bus-voltage phasors when available; otherwise diagnostic fallback
1.38,-0.0007633068575500779,-0.016265391540440488,-0.0007633068575500779,-0.016265391540440488,-0.0007633068575500779,-0.016265391540440488,-0.23724306315434043,0.639323880860045,-0.23647975629679036,0.6555892724004855,0.0,0.0,Vmag_get_voltage_magnitude_series__angle_get_voltage_angle_series,true,Unknown,Ybus EMT reconstruction using exact complex bus-voltage phasors when available; otherwise diagnostic fallback
1.39,-0.0007635724370695929,-0.016271159613116537,-0.0007635724370695929,-0.016271159613116537,-0.0007635724370695929,-0.016271159613116537,-0.23724332873385995,0.6393181127873689,-0.23647975629679036,0.6555892724004855,0.0,0.0,Vmag_get_voltage_magnitude_series__angle_get_voltage_angle_series,true,Unknown,Ybus EMT reconstruction using exact complex bus-voltage phasors when available; otherwise diagnostic fallback
1.4,-0.0007638897882859819,-0.01627703752257037,-0.0007638897882859819,-0.01627703752257037,-0.0007638897882859819,-0.01627703752257037,-0.23724364608507634,0.6393122348779151,-0.23647975629679036,0.6555892724004855,0.0,0.0,Vmag_get_voltage_magnitude_series__angle_get_voltage_angle_series,true,Unknown,Ybus EMT reconstruction using exact complex bus-voltage phasors when available; otherwise diagnostic fallback
1.41,-0.0007642501219206066,-0.016282997086655038,-0.0007642501219206066,-0.016282997086655038,-0.0007642501219206066,-0.016282997086655038,-0.23724400641871096,0.6393062753138304,-0.23647975629679036,0.6555892724004855,0.0,0.0,Vmag_get_voltage_magnitude_series__angle_get_voltage_angle_series,true,Unknown,Ybus EMT reconstruction using exact complex bus-voltage phasors when available; otherwise diagnostic fallback
1.42,-0.0007646492195660382,-0.01628901611607725,-0.0007646492195660382,-0.01628901611607725,-0.0007646492195660382,-0.01628901611607725,-0.2372444055163564,0.6393002562844082,-0.23647975629679036,0.6555892724004855,0.0,0.0,Vmag_get_voltage_magnitude_series__angle_get_voltage_angle_series,true,Unknown,Ybus EMT reconstruction using exact complex bus-voltage phasors when available; otherwise diagnostic fallback
1.43,-0.0007650816540932803,-0.016295068739262675,-0.0007650816540932803,-0.016295068739262675,-0.0007650816540932803,-0.016295068739262675,-0.23724483795088364,0.6392942036612228,-0.23647975629679036,0.6555892724004855,0.0,0.0,Vmag_get_voltage_magnitude_series__angle_get_voltage_angle_series,true,Unknown,Ybus EMT reconstruction using exact complex bus-voltage phasors when available; otherwise diagnostic fallback
1.44,-0.0007655428265539721,-0.016301131229300325,-0.0007655428265539721,-0.016301131229300325,-0.0007655428265539721,-0.016301131229300325,-0.23724529912334433,0.6392881411711852,-0.23647975629679036,0.6555892724004855,0.0,0.0,Vmag_get_voltage_magnitude_series__angle_get_voltage_angle_series,true,Unknown,Ybus EMT reconstruction using exact complex bus-voltage phasors when available; otherwise diagnostic fallback
1.45,-0.0007660246539508697,-0.01630718165281886,-0.0007660246539508697,-0.01630718165281886,-0.0007660246539508697,-0.01630718165281886,-0.23724578095074123,0.6392820907476666,-0.23647975629679036,0.6555892724004855,0.0,0.0,Vmag_get_voltage_magnitude_series__angle_get_voltage_angle_series,true,Unknown,Ybus EMT reconstruction using exact complex bus-voltage phasors when available; otherwise diagnostic fallback
1.46,-0.0007665213111684444,-0.016313201501712005,-0.0007665213111684444,-0.016313201501712005,-0.0007665213111684444,-0.016313201501712005,-0.2372462776079588,0.6392760708987735,-0.23647975629679036,0.6555892724004855,0.0,0.0,Vmag_get_voltage_magnitude_series__angle_get_voltage_angle_series,true,Unknown,Ybus EMT reconstruction using exact complex bus-voltage phasors when available; otherwise diagnostic fallback
1.47,-0.0007670299179114992,-0.016319173227094752,-0.0007670299179114992,-0.016319173227094752,-0.0007670299179114992,-0.016319173227094752,-0.23724678621470185,0.6392700991733907,-0.23647975629679036,0.6555892724004855,0.0,0.0,Vmag_get_voltage_magnitude_series__angle_get_voltage_angle_series,true,Unknown,Ybus EMT reconstruction using exact complex bus-voltage phasors when available; otherwise diagnostic fallback
1.48,-0.0007675464929061959,-0.016325079429924005,-0.0007675464929061959,-0.016325079429924005,-0.0007675464929061959,-0.016325079429924005,-0.23724730278969655,0.6392641929705615,-0.23647975629679036,0.6555892724004855,0.0,0.0,Vmag_get_voltage_magnitude_series__angle_get_voltage_angle_series,true,Unknown,Ybus EMT reconstruction using exact complex bus-voltage phasors when available; otherwise diagnostic fallback
1.49,-0.0007680635560101401,-0.016330902120291313,-0.0007680635560101401,-0.016330902120291313,-0.0007680635560101401,-0.016330902120291313,-0.2372478198528005,0.6392583702801942,-0.23647975629679036,0.6555892724004855,0.0,0.0,Vmag_get_voltage_magnitude_series__angle_get_voltage_angle_series,true,Unknown,Ybus EMT reconstruction using exact complex bus-voltage phasors when available; otherwise diagnostic fallback
1.5,-0.000768576550038591,-0.01633663176008926,-0.000768576550038591,-0.01633663176008926,-0.000768576550038591,-0.01633663176008926,-0.23724833284682895,0.6392526406403962,-0.23647975629679036,0.6555892724004855,0.0,0.0,Vmag_get_voltage_magnitude_series__angle_get_voltage_angle_series,true,Unknown,Ybus EMT reconstruction using exact complex bus-voltage phasors when available; otherwise diagnostic fallback
1.51,-0.0007690826254909133,-0.016342256687432277,-0.0007690826254909133,-0.016342256687432277,-0.0007690826254909133,-0.016342256687432277,-0.23724883892228127,0.6392470157130532,-0.23647975629679036,0.6555892724004855,0.0,0.0,Vmag_get_voltage_magnitude_series__angle_get_voltage_angle_series,true,Unknown,Ybus EMT reconstruction using exact complex bus-voltage phasors when available; otherwise diagnostic fallback
1.52,-0.0007695800171476641,-0.016347765884002774,-0.0007695800171476641,-0.016347765884002774,-0.0007695800171476641,-0.016347765884002774,-0.23724933631393802,0.6392415065164827,-0.23647975629679036,0.6555892724004855,0.0,0.0,Vmag_get_voltage_magnitude_series__angle_get_voltage_angle_series,true,Unknown,Ybus EMT reconstruction using exact complex bus-voltage phasors when available; otherwise diagnostic fallback
1.53,-0.0007700637670218224,-0.01635315081470634,-0.0007700637670218224,-0.01635315081470634,-0.0007700637670218224,-0.01635315081470634,-0.23724982006381218,0.6392361215857791,-0.23647975629679036,0.6555892724004855,0.0,0.0,Vmag_get_voltage_magnitude_series__angle_get_voltage_angle_series,true,Unknown,Ybus EMT reconstruction using exact complex bus-voltage phasors when available; otherwise diagnostic fallback
1.54,-0.0007705283922727069,-0.016358404333384646,-0.0007705283922727069,-0.016358404333384646,-0.0007705283922727069,-0.016358404333384646,-0.23725028468906306,0.6392308680671008,-0.23647975629679036,0.6555892724004855,0.0,0.0,Vmag_get_voltage_magnitude_series__angle_get_voltage_angle_series,true,Unknown,Ybus EMT reconstruction using exact complex bus-voltage phasors when available; otherwise diagnostic fallback
1.55,-0.0007709727691130042,-0.016363522889227267,-0.0007709727691130042,-0.016363522889227267,-0.0007709727691130042,-0.016363522889227267,-0.23725072906590336,0.6392257495112582,-0.23647975629679036,0.6555892724004855,0.0,0.0,Vmag_get_voltage_magnitude_series__angle_get_voltage_angle_series,true,Unknown,Ybus EMT reconstruction using exact complex bus-voltage phasors when available; otherwise diagnostic fallback
1.56,-0.0007713969483802707,-0.01636850345540497,-0.0007713969483802707,-0.01636850345540497,-0.0007713969483802707,-0.01636850345540497,-0.23725115324517063,0.6392207689450805,-0.23647975629679036,0.6555892724004855,0.0,0.0,Vmag_get_voltage_magnitude_series__angle_get_voltage_angle_series,true,Unknown,Ybus EMT reconstruction using exact complex bus-voltage phasors when available; otherwise diagnostic fallback
1.57,-0.0007717973780818899,-0.01637334166970339,-0.0007717973780818899,-0.01637334166970339,-0.0007717973780818899,-0.01637334166970339,-0.23725155367487225,0.6392159307307821,-0.23647975629679036,0.6555892724004855,0.0,0.0,Vmag_get_voltage_magnitude_series__angle_get_voltage_angle_series,true,Unknown,Ybus EMT reconstruction using exact complex bus-voltage phasors when available; otherwise diagnostic fallback
1.58,-0.0007721696885786,-0.016378035691559045,-0.0007721696885786,-0.016378035691559045,-0.0007721696885786,-0.016378035691559045,-0.23725192598536896,0.6392112367089264,-0.23647975629679036,0.6555892724004855,0.0,0.0,Vmag_get_voltage_magnitude_series__angle_get_voltage_angle_series,true,Unknown,Ybus EMT reconstruction using exact complex bus-voltage phasors when available; otherwise diagnostic fallback
1.59,-0.0007725143194313444,-0.016382589263828518,-0.0007725143194313444,-0.016382589263828518,-0.0007725143194313444,-0.016382589263828518,-0.2372522706162217,0.639206683136657,-0.23647975629679036,0.6555892724004855,0.0,0.0,Vmag_get_voltage_magnitude_series__angle_get_voltage_angle_series,true,Unknown,Ybus EMT reconstruction using exact complex bus-voltage phasors when available; otherwise diagnostic fallback
1.6,-0.0007728305263865753,-0.01638700257193193,-0.0007728305263865753,-0.01638700257193193,-0.0007728305263865753,-0.01638700257193193,-0.23725258682317693,0.6392022698285535,-0.23647975629679036,0.6555892724004855,0.0,0.0,Vmag_get_voltage_magnitude_series__angle_get_voltage_angle_series,true,Unknown,Ybus EMT reconstruction using exact complex bus-voltage phasors when available; otherwise diagnostic fallback
1.61,-0.0007731185420253306,-0.01639127753576075,-0.0007731185420253306,-0.01639127753576075,-0.0007731185420253306,-0.01639127753576075,-0.23725287483881569,0.6391979948647247,-0.23647975629679036,0.6555892724004855,0.0,0.0,Vmag_get_voltage_magnitude_series__angle_get_voltage_angle_series,true,Unknown,Ybus EMT reconstruction using exact complex bus-voltage phasors when available; otherwise diagnostic fallback
1.62,-0.0007733754020839423,-0.016395417513419108,-0.0007733754020839423,-0.016395417513419108,-0.0007733754020839423,-0.016395417513419108,-0.2372531316988743,0.6391938548870664,-0.23647975629679036,0.6555892724004855,0.0,0.0,Vmag_get_voltage_magnitude_series__angle_get_voltage_angle_series,true,Unknown,Ybus EMT reconstruction using exact complex bus-voltage phasors when available; otherwise diagnostic fallback
1.63,-0.0007736004583342726,-0.016399428442911534,-0.0007736004583342726,-0.016399428442911534,-0.0007736004583342726,-0.016399428442911534,-0.23725335675512463,0.6391898439575739,-0.23647975629679036,0.6555892724004855,0.0,0.0,Vmag_get_voltage_magnitude_series__angle_get_voltage_angle_series,true,Unknown,Ybus EMT reconstruction using exact complex bus-voltage phasors when available; otherwise diagnostic fallback
1.64,-0.0007737958870281392,-0.016403316321250583,-0.0007737958870281392,-0.016403316321250583,-0.0007737958870281392,-0.016403316321250583,-0.2372535521838185,0.6391859560792349,-0.23647975629679036,0.6555892724004855,0.0,0.0,Vmag_get_voltage_magnitude_series__angle_get_voltage_angle_series,true,Unknown,Ybus EMT reconstruction using exact complex bus-voltage phasors when available; otherwise diagnostic fallback
1.65,-0.0007739621965748844,-0.016407085548940437,-0.0007739621965748844,-0.016407085548940437,-0.0007739621965748844,-0.016407085548940437,-0.23725371849336524,0.639182186851545,-0.23647975629679036,0.6555892724004855,0.0,0.0,Vmag_get_voltage_magnitude_series__angle_get_voltage_angle_series,true,Unknown,Ybus EMT reconstruction using exact complex bus-voltage phasors when available; otherwise diagnostic fallback
1.66,-0.0007740985761743868,-0.016410742723664606,-0.0007740985761743868,-0.016410742723664606,-0.0007740985761743868,-0.016410742723664606,-0.23725385487296474,0.6391785296768209,-0.23647975629679036,0.6555892724004855,0.0,0.0,Vmag_get_voltage_magnitude_series__angle_get_voltage_angle_series,true,Unknown,Ybus EMT reconstruction using exact complex bus-voltage phasors when available; otherwise diagnostic fallback
1.67,-0.0007742042425339934,-0.016414296465994904,-0.0007742042425339934,-0.016414296465994904,-0.0007742042425339934,-0.016414296465994904,-0.23725396053932435,0.6391749759344906,-0.23647975629679036,0.6555892724004855,0.0,0.0,Vmag_get_voltage_magnitude_series__angle_get_voltage_angle_series,true,Unknown,Ybus EMT reconstruction using exact complex bus-voltage phasors when available; otherwise diagnostic fallback
1.68,-0.0007742815075869047,-0.016417754688353048,-0.0007742815075869047,-0.016417754688353048,-0.0007742815075869047,-0.016417754688353048,-0.23725403780437726,0.6391715177121324,-0.23647975629679036,0.6555892724004855,0.0,0.0,Vmag_get_voltage_magnitude_series__angle_get_voltage_angle_series,true,Unknown,Ybus EMT reconstruction using exact complex bus-voltage phasors when available; otherwise diagnostic fallback
1.69,-0.0007743333422060295,-0.016421124501593387,-0.0007743333422060295,-0.016421124501593387,-0.0007743333422060295,-0.016421124501593387,-0.23725408963899638,0.6391681478988921,-0.23647975629679036,0.6555892724004855,0.0,0.0,Vmag_get_voltage_magnitude_series__angle_get_voltage_angle_series,true,Unknown,Ybus EMT reconstruction using exact complex bus-voltage phasors when available; otherwise diagnostic fallback
1.7,-0.000774358630560773,-0.016424413729951848,-0.000774358630560773,-0.016424413729951848,-0.000774358630560773,-0.016424413729951848,-0.23725411492735113,0.6391648586705336,-0.23647975629679036,0.6555892724004855,0.0,0.0,Vmag_get_voltage_magnitude_series__angle_get_voltage_angle_series,true,Unknown,Ybus EMT reconstruction using exact complex bus-voltage phasors when available; otherwise diagnostic fallback
1.71,-0.000774358996647101,-0.016427631409831944,-0.000774358996647101,-0.016427631409831944,-0.000774358996647101,-0.016427631409831944,-0.23725411529343746,0.6391616409906535,-0.23647975629679036,0.6555892724004855,0.0,0.0,Vmag_get_voltage_magnitude_series__angle_get_voltage_angle_series,true,Unknown,Ybus EMT reconstruction using exact complex bus-voltage phasors when available; otherwise diagnostic fallback
1.72,-0.0007743358577181614,-0.01643078707843726,-0.0007743358577181614,-0.01643078707843726,-0.0007743358577181614,-0.01643078707843726,-0.23725409215450852,0.6391584853220482,-0.23647975629679036,0.6555892724004855,0.0,0.0,Vmag_get_voltage_magnitude_series__angle_get_voltage_angle_series,true,Unknown,Ybus EMT reconstruction using exact complex bus-voltage phasors when available; otherwise diagnostic fallback
1.73,-0.0007742915038882747,-0.016433888549694076,-0.0007742915038882747,-0.016433888549694076,-0.0007742915038882747,-0.016433888549694076,-0.23725404780067863,0.6391553838507914,-0.23647975629679036,0.6555892724004855,0.0,0.0,Vmag_get_voltage_magnitude_series__angle_get_voltage_angle_series,true,Unknown,Ybus EMT reconstruction using exact complex bus-voltage phasors when available; otherwise diagnostic fallback
1.74,-0.0007742279074350045,-0.016436943139789273,-0.0007742279074350045,-0.016436943139789273,-0.0007742279074350045,-0.016436943139789273,-0.23725398420422536,0.6391523292606962,-0.23647975629679036,0.6555892724004855,0.0,0.0,Vmag_get_voltage_magnitude_series__angle_get_voltage_angle_series,true,Unknown,Ybus EMT reconstruction using exact complex bus-voltage phasors when available; otherwise diagnostic fallback
1.75,-0.0007741456391016366,-0.016439960056354952,-0.0007741456391016366,-0.016439960056354952,-0.0007741456391016366,-0.016439960056354952,-0.237253901935892,0.6391493123441305,-0.23647975629679036,0.6555892724004855,0.0,0.0,Vmag_get_voltage_magnitude_series__angle_get_voltage_angle_series,true,Unknown,Ybus EMT reconstruction using exact complex bus-voltage phasors when available; otherwise diagnostic fallback
1.76,-0.0007740469996131982,-0.01644294735137175,-0.0007740469996131982,-0.01644294735137175,-0.0007740469996131982,-0.01644294735137175,-0.23725380329640355,0.6391463250491137,-0.23647975629679036,0.6555892724004855,0.0,0.0,Vmag_get_voltage_magnitude_series__angle_get_voltage_angle_series,true,Unknown,Ybus EMT reconstruction using exact complex bus-voltage phasors when available; otherwise diagnostic fallback
1.77,-0.0007739343399390253,-0.01644591311620458,-0.0007739343399390253,-0.01644591311620458,-0.0007739343399390253,-0.01644591311620458,-0.23725369063672938,0.6391433592842809,-0.23647975629679036,0.6555892724004855,0.0,0.0,Vmag_get_voltage_magnitude_series__angle_get_voltage_angle_series,true,Unknown,Ybus EMT reconstruction using exact complex bus-voltage phasors when available; otherwise diagnostic fallback
1.78,-0.0007738093584474526,-0.016448863871270425,-0.0007738093584474526,-0.016448863871270425,-0.0007738093584474526,-0.016448863871270425,-0.2372535656552378,0.639140408529215,-0.23647975629679036,0.6555892724004855,0.0,0.0,Vmag_get_voltage_magnitude_series__angle_get_voltage_angle_series,true,Unknown,Ybus EMT reconstruction using exact complex bus-voltage phasors when available; otherwise diagnostic fallback
1.79,-0.0007736734883278529,-0.01645180638587429,-0.0007736734883278529,-0.01645180638587429,-0.0007736734883278529,-0.01645180638587429,-0.2372534297851182,0.6391374660146112,-0.23647975629679036,0.6555892724004855,0.0,0.0,Vmag_get_voltage_magnitude_series__angle_get_voltage_angle_series,true,Unknown,Ybus EMT reconstruction using exact complex bus-voltage phasors when available; otherwise diagnostic fallback
1.8,-0.0007735286389834173,-0.016454747987172613,-0.0007735286389834173,-0.016454747987172613,-0.0007735286389834173,-0.016454747987172613,-0.23725328493577377,0.6391345244133129,-0.23647975629679036,0.6555892724004855,0.0,0.0,Vmag_get_voltage_magnitude_series__angle_get_voltage_angle_series,true,Unknown,Ybus EMT reconstruction using exact complex bus-voltage phasors when available; otherwise diagnostic fallback
1.81,-0.0007733771516933163,-0.0164576948404771,-0.0007733771516933163,-0.0164576948404771,-0.0007733771516933163,-0.0164576948404771,-0.23725313344848367,0.6391315775600084,-0.23647975629679036,0.6555892724004855,0.0,0.0,Vmag_get_voltage_magnitude_series__angle_get_voltage_angle_series,true,Unknown,Ybus EMT reconstruction using exact complex bus-voltage phasors when available; otherwise diagnostic fallback
1.82,-0.0007732208749542391,-0.016460651786970204,-0.0007732208749542391,-0.016460651786970204,-0.0007732208749542391,-0.016460651786970204,-0.2372529771717446,0.6391286206135153,-0.23647975629679036,0.6555892724004855,0.0,0.0,Vmag_get_voltage_magnitude_series__angle_get_voltage_angle_series,true,Unknown,Ybus EMT reconstruction using exact complex bus-voltage phasors when available; otherwise diagnostic fallback
1.83,-0.0007730610453959286,-0.01646362348216457,-0.0007730610453959286,-0.01646362348216457,-0.0007730610453959286,-0.01646362348216457,-0.23725281734218628,0.6391256489183209,-0.23647975629679036,0.6555892724004855,0.0,0.0,Vmag_get_voltage_magnitude_series__angle_get_voltage_angle_series,true,Unknown,Ybus EMT reconstruction using exact complex bus-voltage phasors when available; otherwise diagnostic fallback
1.84,-0.0007728992933747347,-0.016466614737584595,-0.0007728992933747347,-0.016466614737584595,-0.0007728992933747347,-0.016466614737584595,-0.2372526555901651,0.6391226576629009,-0.23647975629679036,0.6555892724004855,0.0,0.0,Vmag_get_voltage_magnitude_series__angle_get_voltage_angle_series,true,Unknown,Ybus EMT reconstruction using exact complex bus-voltage phasors when available; otherwise diagnostic fallback
1.85,-0.0007727376932529506,-0.01646962985894096,-0.0007727376932529506,-0.01646962985894096,-0.0007727376932529506,-0.01646962985894096,-0.2372524939900433,0.6391196425415445,-0.23647975629679036,0.6555892724004855,0.0,0.0,Vmag_get_voltage_magnitude_series__angle_get_voltage_angle_series,true,Unknown,Ybus EMT reconstruction using exact complex bus-voltage phasors when available; otherwise diagnostic fallback
1.86,-0.0007725778458001764,-0.016472671744345857,-0.0007725778458001764,-0.016472671744345857,-0.0007725778458001764,-0.016472671744345857,-0.23725233414259053,0.6391166006561396,-0.23647975629679036,0.6555892724004855,0.0,0.0,Vmag_get_voltage_magnitude_series__angle_get_voltage_angle_series,true,Unknown,Ybus EMT reconstruction using exact complex bus-voltage phasors when available; otherwise diagnostic fallback
1.87,-0.0007724210633851536,-0.01647574175181088,-0.0007724210633851536,-0.01647574175181088,-0.0007724210633851536,-0.01647574175181088,-0.2372521773601755,0.6391135306486746,-0.23647975629679036,0.6555892724004855,0.0,0.0,Vmag_get_voltage_magnitude_series__angle_get_voltage_angle_series,true,Unknown,Ybus EMT reconstruction using exact complex bus-voltage phasors when available; otherwise diagnostic fallback
1.88,-0.0007722683021587351,-0.01647884271920097,-0.0007722683021587351,-0.01647884271920097,-0.0007722683021587351,-0.01647884271920097,-0.2372520245989491,0.6391104296812845,-0.23647975629679036,0.6555892724004855,0.0,0.0,Vmag_get_voltage_magnitude_series__angle_get_voltage_angle_series,true,Unknown,Ybus EMT reconstruction using exact complex bus-voltage phasors when available; otherwise diagnostic fallback
1.89,-0.0007721207895058924,-0.016481977196008746,-0.0007721207895058924,-0.016481977196008746,-0.0007721207895058924,-0.016481977196008746,-0.23725187708629625,0.6391072952044767,-0.23647975629679036,0.6555892724004855,0.0,0.0,Vmag_get_voltage_magnitude_series__angle_get_voltage_angle_series,true,Unknown,Ybus EMT reconstruction using exact complex bus-voltage phasors when available; otherwise diagnostic fallback
1.9,-0.0007719802308543133,-0.01648514514527477,-0.0007719802308543133,-0.01648514514527477,-0.0007719802308543133,-0.01648514514527477,-0.23725173652764467,0.6391041272552107,-0.23647975629679036,0.6555892724004855,0.0,0.0,Vmag_get_voltage_magnitude_series__angle_get_voltage_angle_series,true,Unknown,Ybus EMT reconstruction using exact complex bus-voltage phasors when available; otherwise diagnostic fallback
1.91,-0.0007718478695514508,-0.01648834555934975,-0.0007718478695514508,-0.01648834555934975,-0.0007718478695514508,-0.01648834555934975,-0.2372516041663418,0.6391009268411357,-0.23647975629679036,0.6555892724004855,0.0,0.0,Vmag_get_voltage_magnitude_series__angle_get_voltage_angle_series,true,Unknown,Ybus EMT reconstruction using exact complex bus-voltage phasors when available; otherwise diagnostic fallback
1.92,-0.0007717237915106367,-0.01649157903707643,-0.0007717237915106367,-0.01649157903707643,-0.0007717237915106367,-0.01649157903707643,-0.237251480088301,0.639097693363409,-0.23647975629679036,0.6555892724004855,0.0,0.0,Vmag_get_voltage_magnitude_series__angle_get_voltage_angle_series,true,Unknown,Ybus EMT reconstruction using exact complex bus-voltage phasors when available; otherwise diagnostic fallback
1.93,-0.0007716083376463068,-0.01649484575594795,-0.0007716083376463068,-0.01649484575594795,-0.0007716083376463068,-0.01649484575594795,-0.23725136463443666,0.6390944266445375,-0.23647975629679036,0.6555892724004855,0.0,0.0,Vmag_get_voltage_magnitude_series__angle_get_voltage_angle_series,true,Unknown,Ybus EMT reconstruction using exact complex bus-voltage phasors when available; otherwise diagnostic fallback
1.94,-0.0007715035404473325,-0.01649814366709268,-0.0007715035404473325,-0.01649814366709268,-0.0007715035404473325,-0.01649814366709268,-0.2372512598372377,0.6390911287333928,-0.23647975629679036,0.6555892724004855,0.0,0.0,Vmag_get_voltage_magnitude_series__angle_get_voltage_angle_series,true,Unknown,Ybus EMT reconstruction using exact complex bus-voltage phasors when available; otherwise diagnostic fallback
1.95,-0.0007714094225266255,-0.016501470556317455,-0.0007714094225266255,-0.016501470556317455,-0.0007714094225266255,-0.016501470556317455,-0.23725116571931698,0.639087801844168,-0.23647975629679036,0.6555892724004855,0.0,0.0,Vmag_get_voltage_magnitude_series__angle_get_voltage_angle_series,true,Unknown,Ybus EMT reconstruction using exact complex bus-voltage phasors when available; otherwise diagnostic fallback
1.96,-0.0007713259604095746,-0.016504824059397127,-0.0007713259604095746,-0.016504824059397127,-0.0007713259604095746,-0.016504824059397127,-0.23725108225719993,0.6390844483410884,-0.23647975629679036,0.6555892724004855,0.0,0.0,Vmag_get_voltage_magnitude_series__angle_get_voltage_angle_series,true,Unknown,Ybus EMT reconstruction using exact complex bus-voltage phasors when available; otherwise diagnostic fallback
1.97,-0.0007712535233665441,-0.016508202354093116,-0.0007712535233665441,-0.016508202354093116,-0.0007712535233665441,-0.016508202354093116,-0.2372510098201569,0.6390810700463924,-0.23647975629679036,0.6555892724004855,0.0,0.0,Vmag_get_voltage_magnitude_series__angle_get_voltage_angle_series,true,Unknown,Ybus EMT reconstruction using exact complex bus-voltage phasors when available; otherwise diagnostic fallback
1.98,-0.0007711927737834579,-0.01651160259758755,-0.0007711927737834579,-0.01651160259758755,-0.0007711927737834579,-0.01651160259758755,-0.2372509490705738,0.6390776698028979,-0.23647975629679036,0.6555892724004855,0.0,0.0,Vmag_get_voltage_magnitude_series__angle_get_voltage_angle_series,true,Unknown,Ybus EMT reconstruction using exact complex bus-voltage phasors when available; otherwise diagnostic fallback
1.99,-0.0007711437956537393,-0.016515020883839715,-0.0007711437956537393,-0.016515020883839715,-0.0007711437956537393,-0.016515020883839715,-0.2372509000924441,0.6390742515166458,-0.23647975629679036,0.6555892724004855,0.0,0.0,Vmag_get_voltage_magnitude_series__angle_get_voltage_angle_series,true,Unknown,Ybus EMT reconstruction using exact complex bus-voltage phasors when available; otherwise diagnostic fallback
2.0,-0.0007711060498619415,-0.016518453400261812,-0.0007711060498619415,-0.016518453400261812,-0.0007711060498619415,-0.016518453400261812,-0.2372508623466523,0.6390708190002237,-0.23647975629679036,0.6555892724004855,0.0,0.0,Vmag_get_voltage_magnitude_series__angle_get_voltage_angle_series,true,Unknown,Ybus EMT reconstruction using exact complex bus-voltage phasors when available; otherwise diagnostic fallback
2.01,-0.0007710793661855342,-0.01652189676691973,-0.0007710793661855342,-0.01652189676691973,-0.0007710793661855342,-0.01652189676691973,-0.2372508356629759,0.6390673756335657,-0.23647975629679036,0.6555892724004855,0.0,0.0,Vmag_get_voltage_magnitude_series__angle_get_voltage_angle_series,true,Unknown,Ybus EMT reconstruction using exact complex bus-voltage phasors when available; otherwise diagnostic fallback
2.02,-0.0007710639782574635,-0.016525347458890782,-0.0007710639782574635,-0.016525347458890782,-0.0007710639782574635,-0.016525347458890782,-0.23725082027504782,0.6390639249415947,-0.23647975629679036,0.6555892724004855,0.0,0.0,Vmag_get_voltage_magnitude_series__angle_get_voltage_angle_series,true,Unknown,Ybus EMT reconstruction using exact complex bus-voltage phasors when available; otherwise diagnostic fallback
2.03,-0.0007710596351976629,-0.016528800633197283,-0.0007710596351976629,-0.016528800633197283,-0.0007710596351976629,-0.016528800633197283,-0.23725081593198802,0.6390604717672882,-0.23647975629679036,0.6555892724004855,0.0,0.0,Vmag_get_voltage_magnitude_series__angle_get_voltage_angle_series,true,Unknown,Ybus EMT reconstruction using exact complex bus-voltage phasors when available; otherwise diagnostic fallback
2.04,-0.000771065732989018,-0.01653225207415554,-0.000771065732989018,-0.01653225207415554,-0.000771065732989018,-0.01653225207415554,-0.23725082202977937,0.6390570203263299,-0.23647975629679036,0.6555892724004855,0.0,0.0,Vmag_get_voltage_magnitude_series__angle_get_voltage_angle_series,true,Unknown,Ybus EMT reconstruction using exact complex bus-voltage phasors when available; otherwise diagnostic fallback
2.05,-0.000771081408059815,-0.01653569744931005,-0.000771081408059815,-0.01653569744931005,-0.000771081408059815,-0.01653569744931005,-0.23725083770485017,0.6390535749511754,-0.23647975629679036,0.6555892724004855,0.0,0.0,Vmag_get_voltage_magnitude_series__angle_get_voltage_angle_series,true,Unknown,Ybus EMT reconstruction using exact complex bus-voltage phasors when available; otherwise diagnostic fallback
2.06,-0.0007711064347013519,-0.016539132589532657,-0.0007711064347013519,-0.016539132589532657,-0.0007711064347013519,-0.016539132589532657,-0.2372508627314917,0.6390501398109528,-0.23647975629679036,0.6555892724004855,0.0,0.0,Vmag_get_voltage_magnitude_series__angle_get_voltage_angle_series,true,Unknown,Ybus EMT reconstruction using exact complex bus-voltage phasors when available; otherwise diagnostic fallback
2.07,-0.0007711406452853009,-0.016542553147993022,-0.0007711406452853009,-0.016542553147993022,-0.0007711406452853009,-0.016542553147993022,-0.23725089694207566,0.6390467192524925,-0.23647975629679036,0.6555892724004855,0.0,0.0,Vmag_get_voltage_magnitude_series__angle_get_voltage_angle_series,true,Unknown,Ybus EMT reconstruction using exact complex bus-voltage phasors when available; otherwise diagnostic fallback
2.08,-0.0007711831037373607,-0.01654595447054008,-0.0007711831037373607,-0.01654595447054008,-0.0007711831037373607,-0.01654595447054008,-0.23725093940052772,0.6390433179299454,-0.23647975629679036,0.6555892724004855,0.0,0.0,Vmag_get_voltage_magnitude_series__angle_get_voltage_angle_series,true,Unknown,Ybus EMT reconstruction using exact complex bus-voltage phasors when available; otherwise diagnostic fallback
2.09,-0.0007712326696659444,-0.01654933214844878,-0.0007712326696659444,-0.01654933214844878,-0.0007712326696659444,-0.01654933214844878,-0.2372509889664563,0.6390399402520367,-0.23647975629679036,0.6555892724004855,0.0,0.0,Vmag_get_voltage_magnitude_series__angle_get_voltage_angle_series,true,Unknown,Ybus EMT reconstruction using exact complex bus-voltage phasors when available; otherwise diagnostic fallback
2.1,-0.0007712888704080878,-0.016552682410662434,-0.0007712888704080878,-0.016552682410662434,-0.0007712888704080878,-0.016552682410662434,-0.23725104516719844,0.639036589989823,-0.23647975629679036,0.6555892724004855,0.0,0.0,Vmag_get_voltage_magnitude_series__angle_get_voltage_angle_series,true,Unknown,Ybus EMT reconstruction using exact complex bus-voltage phasors when available; otherwise diagnostic fallback
2.11,-0.0007713514218385398,-0.016556001417129984,-0.0007713514218385398,-0.016556001417129984,-0.0007713514218385398,-0.016556001417129984,-0.2372511077186289,0.6390332709833555,-0.23647975629679036,0.6555892724004855,0.0,0.0,Vmag_get_voltage_magnitude_series__angle_get_voltage_angle_series,true,Unknown,Ybus EMT reconstruction using exact complex bus-voltage phasors when available; otherwise diagnostic fallback
2.12,-0.0007714192232496364,-0.01655928467593548,-0.0007714192232496364,-0.01655928467593548,-0.0007714192232496364,-0.01655928467593548,-0.23725117552004,0.63902998772455,-0.23647975629679036,0.6555892724004855,0.0,0.0,Vmag_get_voltage_magnitude_series__angle_get_voltage_angle_series,true,Unknown,Ybus EMT reconstruction using exact complex bus-voltage phasors when available; otherwise diagnostic fallback
2.13,-0.000771491406396152,-0.016562528768742757,-0.000771491406396152,-0.016562528768742757,-0.000771491406396152,-0.016562528768742757,-0.2372512477031865,0.6390267436317427,-0.23647975629679036,0.6555892724004855,0.0,0.0,Vmag_get_voltage_magnitude_series__angle_get_voltage_angle_series,true,Unknown,Ybus EMT reconstruction using exact complex bus-voltage phasors when available; otherwise diagnostic fallback
2.14,-0.0007715669781227508,-0.016565730374808907,-0.0007715669781227508,-0.016565730374808907,-0.0007715669781227508,-0.016565730374808907,-0.2372513232749131,0.6390235420256766,-0.23647975629679036,0.6555892724004855,0.0,0.0,Vmag_get_voltage_magnitude_series__angle_get_voltage_angle_series,true,Unknown,Ybus EMT reconstruction using exact complex bus-voltage phasors when available; otherwise diagnostic fallback
2.15,-0.0007716455895423469,-0.01656888635527043,-0.0007716455895423469,-0.01656888635527043,-0.0007716455895423469,-0.01656888635527043,-0.2372514018863327,0.639020386045215,-0.23647975629679036,0.6555892724004855,0.0,0.0,Vmag_get_voltage_magnitude_series__angle_get_voltage_angle_series,true,Unknown,Ybus EMT reconstruction using exact complex bus-voltage phasors when available; otherwise diagnostic fallback
2.16,-0.0007717265374192483,-0.016571993510842264,-0.0007717265374192483,-0.016571993510842264,-0.0007717265374192483,-0.016571993510842264,-0.2372514828342096,0.6390172788896432,-0.23647975629679036,0.6555892724004855,0.0,0.0,Vmag_get_voltage_magnitude_series__angle_get_voltage_angle_series,true,Unknown,Ybus EMT reconstruction using exact complex bus-voltage phasors when available; otherwise diagnostic fallback
2.17,-0.0007718086599663998,-0.01657504903831064,-0.0007718086599663998,-0.01657504903831064,-0.0007718086599663998,-0.01657504903831064,-0.23725156495675676,0.6390142233621748,-0.23647975629679036,0.6555892724004855,0.0,0.0,Vmag_get_voltage_magnitude_series__angle_get_voltage_angle_series,true,Unknown,Ybus EMT reconstruction using exact complex bus-voltage phasors when available; otherwise diagnostic fallback
2.18,-0.0007718911547856255,-0.016578050858376048,-0.0007718911547856255,-0.016578050858376048,-0.0007718911547856255,-0.016578050858376048,-0.23725164745157598,0.6390112215421094,-0.23647975629679036,0.6555892724004855,0.0,0.0,Vmag_get_voltage_magnitude_series__angle_get_voltage_angle_series,true,Unknown,Ybus EMT reconstruction using exact complex bus-voltage phasors when available; otherwise diagnostic fallback
2.19,-0.0007719735408647233,-0.016580996909038803,-0.0007719735408647233,-0.016580996909038803,-0.0007719735408647233,-0.016580996909038803,-0.23725172983765508,0.6390082754914467,-0.23647975629679036,0.6555892724004855,0.0,0.0,Vmag_get_voltage_magnitude_series__angle_get_voltage_angle_series,true,Unknown,Ybus EMT reconstruction using exact complex bus-voltage phasors when available; otherwise diagnostic fallback
2.2,-0.000772055413898548,-0.016583885159275114,-0.000772055413898548,-0.016583885159275114,-0.000772055413898548,-0.016583885159275114,-0.2372518117106889,0.6390053872412104,-0.23647975629679036,0.6555892724004855,0.0,0.0,Vmag_get_voltage_magnitude_series__angle_get_voltage_angle_series,true,Unknown,Ybus EMT reconstruction using exact complex bus-voltage phasors when available; otherwise diagnostic fallback
2.21,-0.0007721358691290536,-0.016586714076714526,-0.0007721358691290536,-0.016586714076714526,-0.0007721358691290536,-0.016586714076714526,-0.2372518921659194,0.639002558323771,-0.23647975629679036,0.6555892724004855,0.0,0.0,Vmag_get_voltage_magnitude_series__angle_get_voltage_angle_series,true,Unknown,Ybus EMT reconstruction using exact complex bus-voltage phasors when available; otherwise diagnostic fallback
2.22,-0.0007722139488030022,-0.016589482645423925,-0.0007722139488030022,-0.016589482645423925,-0.0007722139488030022,-0.016589482645423925,-0.23725197024559336,0.6389997897550616,-0.23647975629679036,0.6555892724004855,0.0,0.0,Vmag_get_voltage_magnitude_series__angle_get_voltage_angle_series,true,Unknown,Ybus EMT reconstruction using exact complex bus-voltage phasors when available; otherwise diagnostic fallback
2.23,-0.0007722893682070853,-0.01659219003975032,-0.0007722893682070853,-0.01659219003975032,-0.0007722893682070853,-0.01659219003975032,-0.23725204566499744,0.6389970823607352,-0.23647975629679036,0.6555892724004855,0.0,0.0,Vmag_get_voltage_magnitude_series__angle_get_voltage_angle_series,true,Unknown,Ybus EMT reconstruction using exact complex bus-voltage phasors when available; otherwise diagnostic fallback
2.24,-0.000772362040544261,-0.016594835774984884,-0.000772362040544261,-0.016594835774984884,-0.000772362040544261,-0.016594835774984884,-0.23725211833733462,0.6389944366255006,-0.23647975629679036,0.6555892724004855,0.0,0.0,Vmag_get_voltage_magnitude_series__angle_get_voltage_angle_series,true,Unknown,Ybus EMT reconstruction using exact complex bus-voltage phasors when available; otherwise diagnostic fallback
2.25,-0.0007724312179555048,-0.016597419318740703,-0.0007724312179555048,-0.016597419318740703,-0.0007724312179555048,-0.016597419318740703,-0.23725218751474586,0.6389918530817448,-0.23647975629679036,0.6555892724004855,0.0,0.0,Vmag_get_voltage_magnitude_series__angle_get_voltage_angle_series,true,Unknown,Ybus EMT reconstruction using exact complex bus-voltage phasors when available; otherwise diagnostic fallback
2.26,-0.0007724960597490504,-0.016599940604618113,-0.0007724960597490504,-0.016599940604618113,-0.0007724960597490504,-0.016599940604618113,-0.2372522523565394,0.6389893317958674,-0.23647975629679036,0.6555892724004855,0.0,0.0,Vmag_get_voltage_magnitude_series__angle_get_voltage_angle_series,true,Unknown,Ybus EMT reconstruction using exact complex bus-voltage phasors when available; otherwise diagnostic fallback
2.27,-0.0007725566192553213,-0.016602400459604594,-0.0007725566192553213,-0.016602400459604594,-0.0007725566192553213,-0.016602400459604594,-0.23725231291604568,0.6389868719408809,-0.23647975629679036,0.6555892724004855,0.0,0.0,Vmag_get_voltage_magnitude_series__angle_get_voltage_angle_series,true,Unknown,Ybus EMT reconstruction using exact complex bus-voltage phasors when available; otherwise diagnostic fallback
2.28,-0.0007726126254327392,-0.0166047992396422,-0.0007726126254327392,-0.0166047992396422,-0.0007726126254327392,-0.0166047992396422,-0.2372523689222231,0.6389844731608433,-0.23647975629679036,0.6555892724004855,0.0,0.0,Vmag_get_voltage_magnitude_series__angle_get_voltage_angle_series,true,Unknown,Ybus EMT reconstruction using exact complex bus-voltage phasors when available; otherwise diagnostic fallback
2.29,-0.0007726639314967199,-0.01660713762408239,-0.0007726639314967199,-0.01660713762408239,-0.0007726639314967199,-0.01660713762408239,-0.23725242022828708,0.6389821347764031,-0.23647975629679036,0.6555892724004855,0.0,0.0,Vmag_get_voltage_magnitude_series__angle_get_voltage_angle_series,true,Unknown,Ybus EMT reconstruction using exact complex bus-voltage phasors when available; otherwise diagnostic fallback
2.3,-0.0007727101435035799,-0.016609416828340384,-0.0007727101435035799,-0.016609416828340384,-0.0007727101435035799,-0.016609416828340384,-0.23725246644029394,0.6389798555721451,-0.23647975629679036,0.6555892724004855,0.0,0.0,Vmag_get_voltage_magnitude_series__angle_get_voltage_angle_series,true,Unknown,Ybus EMT reconstruction using exact complex bus-voltage phasors when available; otherwise diagnostic fallback
2.31,-0.0007727509472799376,-0.016611638324622646,-0.0007727509472799376,-0.016611638324622646,-0.0007727509472799376,-0.016611638324622646,-0.2372525072440703,0.6389776340758628,-0.23647975629679036,0.6555892724004855,0.0,0.0,Vmag_get_voltage_magnitude_series__angle_get_voltage_angle_series,true,Unknown,Ybus EMT reconstruction using exact complex bus-voltage phasors when available; otherwise diagnostic fallback
2.32,-0.0007727866938502526,-0.01661380371463972,-0.0007727866938502526,-0.01661380371463972,-0.0007727866938502526,-0.01661380371463972,-0.2372525429906406,0.6389754686858458,-0.23647975629679036,0.6555892724004855,0.0,0.0,Vmag_get_voltage_magnitude_series__angle_get_voltage_angle_series,true,Unknown,Ybus EMT reconstruction using exact complex bus-voltage phasors when available; otherwise diagnostic fallback
2.33,-0.0007728173595140664,-0.016615914463348758,-0.0007728173595140664,-0.016615914463348758,-0.0007728173595140664,-0.016615914463348758,-0.23725257365630442,0.6389733579371367,-0.23647975629679036,0.6555892724004855,0.0,0.0,Vmag_get_voltage_magnitude_series__angle_get_voltage_angle_series,true,Unknown,Ybus EMT reconstruction using exact complex bus-voltage phasors when available; otherwise diagnostic fallback
2.34,-0.0007728427258155146,-0.016617972530824088,-0.0007728427258155146,-0.016617972530824088,-0.0007728427258155146,-0.016617972530824088,-0.23725259902260587,0.6389712998696614,-0.23647975629679036,0.6555892724004855,0.0,0.0,Vmag_get_voltage_magnitude_series__angle_get_voltage_angle_series,true,Unknown,Ybus EMT reconstruction using exact complex bus-voltage phasors when available; otherwise diagnostic fallback
2.35,-0.0007728628417489058,-0.016619980178845917,-0.0007728628417489058,-0.016619980178845917,-0.0007728628417489058,-0.016619980178845917,-0.23725261913853926,0.6389692922216396,-0.23647975629679036,0.6555892724004855,0.0,0.0,Vmag_get_voltage_magnitude_series__angle_get_voltage_angle_series,true,Unknown,Ybus EMT reconstruction using exact complex bus-voltage phasors when available; otherwise diagnostic fallback
2.36,-0.0007728779806398245,-0.016621939665072083,-0.0007728779806398245,-0.016621939665072083,-0.0007728779806398245,-0.016621939665072083,-0.23725263427743018,0.6389673327354134,-0.23647975629679036,0.6555892724004855,0.0,0.0,Vmag_get_voltage_magnitude_series__angle_get_voltage_angle_series,true,Unknown,Ybus EMT reconstruction using exact complex bus-voltage phasors when available; otherwise diagnostic fallback
2.37,-0.000772888467713867,-0.01662385313797199,-0.000772888467713867,-0.01662385313797199,-0.000772888467713867,-0.01662385313797199,-0.23725264476450422,0.6389654192625135,-0.23647975629679036,0.6555892724004855,0.0,0.0,Vmag_get_voltage_magnitude_series__angle_get_voltage_angle_series,true,Unknown,Ybus EMT reconstruction using exact complex bus-voltage phasors when available; otherwise diagnostic fallback
2.38,-0.0007728944500741686,-0.01662572294952358,-0.0007728944500741686,-0.01662572294952358,-0.0007728944500741686,-0.01662572294952358,-0.23725265074686452,0.6389635494509619,-0.23647975629679036,0.6555892724004855,0.0,0.0,Vmag_get_voltage_magnitude_series__angle_get_voltage_angle_series,true,Unknown,Ybus EMT reconstruction using exact complex bus-voltage phasors when available; otherwise diagnostic fallback
2.39,-0.0007728957973374972,-0.016627551789986095,-0.0007728957973374972,-0.016627551789986095,-0.0007728957973374972,-0.016627551789986095,-0.23725265209412785,0.6389617206104994,-0.23647975629679036,0.6555892724004855,0.0,0.0,Vmag_get_voltage_magnitude_series__angle_get_voltage_angle_series,true,Unknown,Ybus EMT reconstruction using exact complex bus-voltage phasors when available; otherwise diagnostic fallback
2.4,-0.0007728932173647618,-0.016629342296839322,-0.0007728932173647618,-0.016629342296839322,-0.0007728932173647618,-0.016629342296839322,-0.23725264951415512,0.6389599301036462,-0.23647975629679036,0.6555892724004855,0.0,0.0,Vmag_get_voltage_magnitude_series__angle_get_voltage_angle_series,true,Unknown,Ybus EMT reconstruction using exact complex bus-voltage phasors when available; otherwise diagnostic fallback
2.41,-0.0007728869954914119,-0.016631096979583426,-0.0007728869954914119,-0.016631096979583426,-0.0007728869954914119,-0.016631096979583426,-0.23725264329228177,0.638958175420902,-0.23647975629679036,0.6555892724004855,0.0,0.0,Vmag_get_voltage_magnitude_series__angle_get_voltage_angle_series,true,Unknown,Ybus EMT reconstruction using exact complex bus-voltage phasors when available; otherwise diagnostic fallback
2.42,-0.0007728774952881212,-0.016632818225315704,-0.0007728774952881212,-0.016632818225315704,-0.0007728774952881212,-0.016632818225315704,-0.23725263379207848,0.6389564541751698,-0.23647975629679036,0.6555892724004855,0.0,0.0,Vmag_get_voltage_magnitude_series__angle_get_voltage_angle_series,true,Unknown,Ybus EMT reconstruction using exact complex bus-voltage phasors when available; otherwise diagnostic fallback
2.43,-0.0007728649468907722,-0.016634508879787013,-0.0007728649468907722,-0.016634508879787013,-0.0007728649468907722,-0.016634508879787013,-0.23725262124368113,0.6389547635206985,-0.23647975629679036,0.6555892724004855,0.0,0.0,Vmag_get_voltage_magnitude_series__angle_get_voltage_angle_series,true,Unknown,Ybus EMT reconstruction using exact complex bus-voltage phasors when available; otherwise diagnostic fallback
2.44,-0.0007728498289124031,-0.016636171510307496,-0.0007728498289124031,-0.016636171510307496,-0.0007728498289124031,-0.016636171510307496,-0.23725260612570276,0.638953100890178,-0.23647975629679036,0.6555892724004855,0.0,0.0,Vmag_get_voltage_magnitude_series__angle_get_voltage_angle_series,true,Unknown,Ybus EMT reconstruction using exact complex bus-voltage phasors when available; otherwise diagnostic fallback
2.45,-0.0007728326477464964,-0.016637808697978262,-0.0007728326477464964,-0.016637808697978262,-0.0007728326477464964,-0.016637808697978262,-0.23725258894453685,0.6389514637025072,-0.23647975629679036,0.6555892724004855,0.0,0.0,Vmag_get_voltage_magnitude_series__angle_get_voltage_angle_series,true,Unknown,Ybus EMT reconstruction using exact complex bus-voltage phasors when available; otherwise diagnostic fallback
2.46,-0.0007728137959259473,-0.016639422871197684,-0.0007728137959259473,-0.016639422871197684,-0.0007728137959259473,-0.016639422871197684,-0.2372525700927163,0.6389498495292878,-0.23647975629679036,0.6555892724004855,0.0,0.0,Vmag_get_voltage_magnitude_series__angle_get_voltage_angle_series,true,Unknown,Ybus EMT reconstruction using exact complex bus-voltage phasors when available; otherwise diagnostic fallback
2.47,-0.0007727936313046413,-0.01664101639761073,-0.0007727936313046413,-0.01664101639761073,-0.0007727936313046413,-0.01664101639761073,-0.237252549928095,0.6389482560028747,-0.23647975629679036,0.6555892724004855,0.0,0.0,Vmag_get_voltage_magnitude_series__angle_get_voltage_angle_series,true,Unknown,Ybus EMT reconstruction using exact complex bus-voltage phasors when available; otherwise diagnostic fallback
2.48,-0.0007727726385205191,-0.016642591775527293,-0.0007727726385205191,-0.016642591775527293,-0.0007727726385205191,-0.016642591775527293,-0.23725252893531087,0.6389466806249582,-0.23647975629679036,0.6555892724004855,0.0,0.0,Vmag_get_voltage_magnitude_series__angle_get_voltage_angle_series,true,Unknown,Ybus EMT reconstruction using exact complex bus-voltage phasors when available; otherwise diagnostic fallback
2.49,-0.000772751350327533,-0.016644151294239684,-0.000772751350327533,-0.016644151294239684,-0.000772751350327533,-0.016644151294239684,-0.2372525076471179,0.6389451211062458,-0.23647975629679036,0.6555892724004855,0.0,0.0,Vmag_get_voltage_magnitude_series__angle_get_voltage_angle_series,true,Unknown,Ybus EMT reconstruction using exact complex bus-voltage phasors when available; otherwise diagnostic fallback
2.5,-0.0007727302109774015,-0.016645696962619083,-0.0007727302109774015,-0.016645696962619083,-0.0007727302109774015,-0.016645696962619083,-0.23725248650776776,0.6389435754378664,-0.23647975629679036,0.6555892724004855,0.0,0.0,Vmag_get_voltage_magnitude_series__angle_get_voltage_angle_series,true,Unknown,Ybus EMT reconstruction using exact complex bus-voltage phasors when available; otherwise diagnostic fallback
2.51,-0.0007727096207686135,-0.01664723075598351,-0.0007727096207686135,-0.01664723075598351,-0.0007727096207686135,-0.01664723075598351,-0.23725246591755897,0.638942041644502,-0.23647975629679036,0.6555892724004855,0.0,0.0,Vmag_get_voltage_magnitude_series__angle_get_voltage_angle_series,true,Unknown,Ybus EMT reconstruction using exact complex bus-voltage phasors when available; otherwise diagnostic fallback
2.52,-0.0007726899056343661,-0.01664875479378003,-0.0007726899056343661,-0.01664875479378003,-0.0007726899056343661,-0.01664875479378003,-0.23725244620242472,0.6389405176067054,-0.23647975629679036,0.6555892724004855,0.0,0.0,Vmag_get_voltage_magnitude_series__angle_get_voltage_angle_series,true,Unknown,Ybus EMT reconstruction using exact complex bus-voltage phasors when available; otherwise diagnostic fallback
2.53,-0.0007726716789479005,-0.016650270861010785,-0.0007726716789479005,-0.016650270861010785,-0.0007726716789479005,-0.016650270861010785,-0.23725242797573826,0.6389390015394747,-0.23647975629679036,0.6555892724004855,0.0,0.0,Vmag_get_voltage_magnitude_series__angle_get_voltage_angle_series,true,Unknown,Ybus EMT reconstruction using exact complex bus-voltage phasors when available; otherwise diagnostic fallback
2.54,-0.0007726553535293001,-0.01665178049992888,-0.0007726553535293001,-0.01665178049992888,-0.0007726553535293001,-0.01665178049992888,-0.23725241165031966,0.6389374919005566,-0.23647975629679036,0.6555892724004855,0.0,0.0,Vmag_get_voltage_magnitude_series__angle_get_voltage_angle_series,true,Unknown,Ybus EMT reconstruction using exact complex bus-voltage phasors when available; otherwise diagnostic fallback
2.55,-0.0007726412404939764,-0.01665328514775888,-0.0007726412404939764,-0.01665328514775888,-0.0007726412404939764,-0.01665328514775888,-0.23725239753728433,0.6389359872527266,-0.23647975629679036,0.6555892724004855,0.0,0.0,Vmag_get_voltage_magnitude_series__angle_get_voltage_angle_series,true,Unknown,Ybus EMT reconstruction using exact complex bus-voltage phasors when available; otherwise diagnostic fallback
2.56,-0.0007726297113523906,-0.016654786216582673,-0.0007726297113523906,-0.016654786216582673,-0.0007726297113523906,-0.016654786216582673,-0.23725238600814275,0.6389344861839028,-0.23647975629679036,0.6555892724004855,0.0,0.0,Vmag_get_voltage_magnitude_series__angle_get_voltage_angle_series,true,Unknown,Ybus EMT reconstruction using exact complex bus-voltage phasors when available; otherwise diagnostic fallback
2.57,-0.0007726211534431759,-0.01665628513541728,-0.0007726211534431759,-0.01665628513541728,-0.0007726211534431759,-0.01665628513541728,-0.23725237745023353,0.6389329872650682,-0.23647975629679036,0.6555892724004855,0.0,0.0,Vmag_get_voltage_magnitude_series__angle_get_voltage_angle_series,true,Unknown,Ybus EMT reconstruction using exact complex bus-voltage phasors when available; otherwise diagnostic fallback
2.58,-0.0007726159723813186,-0.016657782822367073,-0.0007726159723813186,-0.016657782822367073,-0.0007726159723813186,-0.016657782822367073,-0.23725237226917167,0.6389314895781184,-0.23647975629679036,0.6555892724004855,0.0,0.0,Vmag_get_voltage_magnitude_series__angle_get_voltage_angle_series,true,Unknown,Ybus EMT reconstruction using exact complex bus-voltage phasors when available; otherwise diagnostic fallback
2.59,-0.0007726144835274729,-0.016659279995522858,-0.0007726144835274729,-0.016659279995522858,-0.0007726144835274729,-0.016659279995522858,-0.23725237078031783,0.6389299924049626,-0.23647975629679036,0.6555892724004855,0.0,0.0,Vmag_get_voltage_magnitude_series__angle_get_voltage_angle_series,true,Unknown,Ybus EMT reconstruction using exact complex bus-voltage phasors when available; otherwise diagnostic fallback
2.6,-0.0007726168780354814,-0.016660777596308574,-0.0007726168780354814,-0.016660777596308574,-0.0007726168780354814,-0.016660777596308574,-0.23725237317482584,0.6389284948041769,-0.23647975629679036,0.6555892724004855,0.0,0.0,Vmag_get_voltage_magnitude_series__angle_get_voltage_angle_series,true,Unknown,Ybus EMT reconstruction using exact complex bus-voltage phasors when available; otherwise diagnostic fallback
2.61,-0.0007726233827767826,-0.016662276427411804,-0.0007726233827767826,-0.016662276427411804,-0.0007726233827767826,-0.016662276427411804,-0.23725237967956714,0.6389269959730737,-0.23647975629679036,0.6555892724004855,0.0,0.0,Vmag_get_voltage_magnitude_series__angle_get_voltage_angle_series,true,Unknown,Ybus EMT reconstruction using exact complex bus-voltage phasors when available; otherwise diagnostic fallback
2.62,-0.0007726344258500439,-0.01666377680891651,-0.0007726344258500439,-0.01666377680891651,-0.0007726344258500439,-0.01666377680891651,-0.2372523907226404,0.638925495591569,-0.23647975629679036,0.6555892724004855,0.0,0.0,Vmag_get_voltage_magnitude_series__angle_get_voltage_angle_series,true,Unknown,Ybus EMT reconstruction using exact complex bus-voltage phasors when available; otherwise diagnostic fallback
2.63,-0.0007726501371451977,-0.016665279096526375,-0.0007726501371451977,-0.016665279096526375,-0.0007726501371451977,-0.016665279096526375,-0.23725240643393555,0.6389239933039591,-0.23647975629679036,0.6555892724004855,0.0,0.0,Vmag_get_voltage_magnitude_series__angle_get_voltage_angle_series,true,Unknown,Ybus EMT reconstruction using exact complex bus-voltage phasors when available; otherwise diagnostic fallback
2.64,-0.0007726706145360085,-0.016666783479070135,-0.0007726706145360085,-0.016666783479070135,-0.0007726706145360085,-0.016666783479070135,-0.23725242691132636,0.6389224889214153,-0.23647975629679036,0.6555892724004855,0.0,0.0,Vmag_get_voltage_magnitude_series__angle_get_voltage_angle_series,true,Unknown,Ybus EMT reconstruction using exact complex bus-voltage phasors when available; otherwise diagnostic fallback
2.65,-0.0007726960462096089,-0.0166682901439712,-0.0007726960462096089,-0.0166682901439712,-0.0007726960462096089,-0.0166682901439712,-0.23725245234299996,0.6389209822565143,-0.23647975629679036,0.6555892724004855,0.0,0.0,Vmag_get_voltage_magnitude_series__angle_get_voltage_angle_series,true,Unknown,Ybus EMT reconstruction using exact complex bus-voltage phasors when available; otherwise diagnostic fallback
2.66,-0.0007727266393497412,-0.01666979916127731,-0.0007727266393497412,-0.01666979916127731,-0.0007727266393497412,-0.01666979916127731,-0.2372524829361401,0.6389194732392082,-0.23647975629679036,0.6555892724004855,0.0,0.0,Vmag_get_voltage_magnitude_series__angle_get_voltage_angle_series,true,Unknown,Ybus EMT reconstruction using exact complex bus-voltage phasors when available; otherwise diagnostic fallback
2.67,-0.0007727624772774222,-0.016671310254891547,-0.0007727624772774222,-0.016671310254891547,-0.0007727624772774222,-0.016671310254891547,-0.23725251877406778,0.6389179621455939,-0.23647975629679036,0.6555892724004855,0.0,0.0,Vmag_get_voltage_magnitude_series__angle_get_voltage_angle_series,true,Unknown,Ybus EMT reconstruction using exact complex bus-voltage phasors when available; otherwise diagnostic fallback
2.68,-0.0007728035471158412,-0.016672823182517726,-0.0007728035471158412,-0.016672823182517726,-0.0007728035471158412,-0.016672823182517726,-0.2372525598439062,0.6389164492179678,-0.23647975629679036,0.6555892724004855,0.0,0.0,Vmag_get_voltage_magnitude_series__angle_get_voltage_angle_series,true,Unknown,Ybus EMT reconstruction using exact complex bus-voltage phasors when available; otherwise diagnostic fallback
2.69,-0.0007728499014531265,-0.01667433775506233,-0.0007728499014531265,-0.01667433775506233,-0.0007728499014531265,-0.01667433775506233,-0.23725260619824348,0.6389149346454231,-0.23647975629679036,0.6555892724004855,0.0,0.0,Vmag_get_voltage_magnitude_series__angle_get_voltage_angle_series,true,Unknown,Ybus EMT reconstruction using exact complex bus-voltage phasors when available; otherwise diagnostic fallback
2.7,-0.0007729016254348631,-0.01667585356523038,-0.0007729016254348631,-0.01667585356523038,-0.0007729016254348631,-0.01667585356523038,-0.23725265792222522,0.6389134188352551,-0.23647975629679036,0.6555892724004855,0.0,0.0,Vmag_get_voltage_magnitude_series__angle_get_voltage_angle_series,true,Unknown,Ybus EMT reconstruction using exact complex bus-voltage phasors when available; otherwise diagnostic fallback
2.71,-0.0007729587275954186,-0.016677370081874865,-0.0007729587275954186,-0.016677370081874865,-0.0007729587275954186,-0.016677370081874865,-0.23725271502438577,0.6389119023186106,-0.23647975629679036,0.6555892724004855,0.0,0.0,Vmag_get_voltage_magnitude_series__angle_get_voltage_angle_series,true,Unknown,Ybus EMT reconstruction using exact complex bus-voltage phasors when available; otherwise diagnostic fallback
2.72,-0.0007730211377922347,-0.016678886756923084,-0.0007730211377922347,-0.016678886756923084,-0.0007730211377922347,-0.016678886756923084,-0.2372527774345826,0.6389103856435624,-0.23647975629679036,0.6555892724004855,0.0,0.0,Vmag_get_voltage_magnitude_series__angle_get_voltage_angle_series,true,Unknown,Ybus EMT reconstruction using exact complex bus-voltage phasors when available; otherwise diagnostic fallback
2.73,-0.0007730887544276088,-0.016680403034923796,-0.0007730887544276088,-0.016680403034923796,-0.0007730887544276088,-0.016680403034923796,-0.23725284505121796,0.6389088693655617,-0.23647975629679036,0.6555892724004855,0.0,0.0,Vmag_get_voltage_magnitude_series__angle_get_voltage_angle_series,true,Unknown,Ybus EMT reconstruction using exact complex bus-voltage phasors when available; otherwise diagnostic fallback
2.74,-0.0007731615550537474,-0.01668191828102017,-0.0007731615550537474,-0.01668191828102017,-0.0007731615550537474,-0.01668191828102017,-0.2372529178518441,0.6389073541194653,-0.23647975629679036,0.6555892724004855,0.0,0.0,Vmag_get_voltage_magnitude_series__angle_get_voltage_angle_series,true,Unknown,Ybus EMT reconstruction using exact complex bus-voltage phasors when available; otherwise diagnostic fallback
2.75,-0.0007732395168925932,-0.016683431784524916,-0.0007732395168925932,-0.016683431784524916,-0.0007732395168925932,-0.016683431784524916,-0.23725299581368295,0.6389058406159606,-0.23647975629679036,0.6555892724004855,0.0,0.0,Vmag_get_voltage_magnitude_series__angle_get_voltage_angle_series,true,Unknown,Ybus EMT reconstruction using exact complex bus-voltage phasors when available; otherwise diagnostic fallback
2.76,-0.0007733224846303566,-0.016684942822793314,-0.0007733224846303566,-0.016684942822793314,-0.0007733224846303566,-0.016684942822793314,-0.2372530787814207,0.6389043295776922,-0.23647975629679036,0.6555892724004855,0.0,0.0,Vmag_get_voltage_magnitude_series__angle_get_voltage_angle_series,true,Unknown,Ybus EMT reconstruction using exact complex bus-voltage phasors when available; otherwise diagnostic fallback
2.77,-0.0007734102600406023,-0.016686450644943895,-0.0007734102600406023,-0.016686450644943895,-0.0007734102600406023,-0.016686450644943895,-0.23725316655683096,0.6389028217555416,-0.23647975629679036,0.6555892724004855,0.0,0.0,Vmag_get_voltage_magnitude_series__angle_get_voltage_angle_series,true,Unknown,Ybus EMT reconstruction using exact complex bus-voltage phasors when available; otherwise diagnostic fallback
2.78,-0.0007735027872607381,-0.016687954574423403,-0.0007735027872607381,-0.016687954574423403,-0.0007735027872607381,-0.016687954574423403,-0.2372532590840511,0.6389013178260621,-0.23647975629679036,0.6555892724004855,0.0,0.0,Vmag_get_voltage_magnitude_series__angle_get_voltage_angle_series,true,Unknown,Ybus EMT reconstruction using exact complex bus-voltage phasors when available; otherwise diagnostic fallback
2.79,-0.0007735999152911344,-0.01668945382468412,-0.0007735999152911344,-0.01668945382468412,-0.0007735999152911344,-0.01668945382468412,-0.2372533562120815,0.6388998185758014,-0.23647975629679036,0.6555892724004855,0.0,0.0,Vmag_get_voltage_magnitude_series__angle_get_voltage_angle_series,true,Unknown,Ybus EMT reconstruction using exact complex bus-voltage phasors when available; otherwise diagnostic fallback
2.8,-0.0007737014987128643,-0.016690947610635276,-0.0007737014987128643,-0.016690947610635276,-0.0007737014987128643,-0.016690947610635276,-0.23725345779550322,0.6388983247898502,-0.23647975629679036,0.6555892724004855,0.0,0.0,Vmag_get_voltage_magnitude_series__angle_get_voltage_angle_series,true,Unknown,Ybus EMT reconstruction using exact complex bus-voltage phasors when available; otherwise diagnostic fallback
2.81,-0.0007738073291078118,-0.016692435219310187,-0.0007738073291078118,-0.016692435219310187,-0.0007738073291078118,-0.016692435219310187,-0.23725356362589817,0.6388968371811753,-0.23647975629679036,0.6555892724004855,0.0,0.0,Vmag_get_voltage_magnitude_series__angle_get_voltage_angle_series,true,Unknown,Ybus EMT reconstruction using exact complex bus-voltage phasors when available; otherwise diagnostic fallback
2.82,-0.0007739172515313641,-0.016693915941212945,-0.0007739172515313641,-0.016693915941212945,-0.0007739172515313641,-0.016693915941212945,-0.23725367354832172,0.6388953564592725,-0.23647975629679036,0.6555892724004855,0.0,0.0,Vmag_get_voltage_magnitude_series__angle_get_voltage_angle_series,true,Unknown,Ybus EMT reconstruction using exact complex bus-voltage phasors when available; otherwise diagnostic fallback
2.83,-0.0007740311032040925,-0.01669538908101298,-0.0007740311032040925,-0.01669538908101298,-0.0007740311032040925,-0.01669538908101298,-0.23725378739999445,0.6388938833194725,-0.23647975629679036,0.6555892724004855,0.0,0.0,Vmag_get_voltage_magnitude_series__angle_get_voltage_angle_series,true,Unknown,Ybus EMT reconstruction using exact complex bus-voltage phasors when available; otherwise diagnostic fallback
2.84,-0.0007741486997609182,-0.016696853943474532,-0.0007741486997609182,-0.016696853943474532,-0.0007741486997609182,-0.016696853943474532,-0.23725390499655127,0.638892418457011,-0.23647975629679036,0.6555892724004855,0.0,0.0,Vmag_get_voltage_magnitude_series__angle_get_voltage_angle_series,true,Unknown,Ybus EMT reconstruction using exact complex bus-voltage phasors when available; otherwise diagnostic fallback
2.85,-0.0007742698499795531,-0.016698309882239526,-0.0007742698499795531,-0.016698309882239526,-0.0007742698499795531,-0.016698309882239526,-0.2372540261467699,0.638890962518246,-0.23647975629679036,0.6555892724004855,0.0,0.0,Vmag_get_voltage_magnitude_series__angle_get_voltage_angle_series,true,Unknown,Ybus EMT reconstruction using exact complex bus-voltage phasors when available; otherwise diagnostic fallback
2.86,-0.000774394355357394,-0.016699756337378968,-0.000774394355357394,-0.016699756337378968,-0.000774394355357394,-0.016699756337378968,-0.23725415065214775,0.6388895160631065,-0.23647975629679036,0.6555892724004855,0.0,0.0,Vmag_get_voltage_magnitude_series__angle_get_voltage_angle_series,true,Unknown,Ybus EMT reconstruction using exact complex bus-voltage phasors when available; otherwise diagnostic fallback
2.87,-0.0007745220594521096,-0.01670119275729609,-0.0007745220594521096,-0.01670119275729609,-0.0007745220594521096,-0.01670119275729609,-0.23725427835624247,0.6388880796431894,-0.23647975629679036,0.6555892724004855,0.0,0.0,Vmag_get_voltage_magnitude_series__angle_get_voltage_angle_series,true,Unknown,Ybus EMT reconstruction using exact complex bus-voltage phasors when available; otherwise diagnostic fallback
2.88,-0.0007746528040780687,-0.016702618599083396,-0.0007746528040780687,-0.016702618599083396,-0.0007746528040780687,-0.016702618599083396,-0.23725440910086842,0.6388866538014021,-0.23647975629679036,0.6555892724004855,0.0,0.0,Vmag_get_voltage_magnitude_series__angle_get_voltage_angle_series,true,Unknown,Ybus EMT reconstruction using exact complex bus-voltage phasors when available; otherwise diagnostic fallback
2.89,-0.000774786401419203,-0.016704033391921946,-0.000774786401419203,-0.016704033391921946,-0.000774786401419203,-0.016704033391921946,-0.23725454269820956,0.6388852390085635,-0.23647975629679036,0.6555892724004855,0.0,0.0,Vmag_get_voltage_magnitude_series__angle_get_voltage_angle_series,true,Unknown,Ybus EMT reconstruction using exact complex bus-voltage phasors when available; otherwise diagnostic fallback
2.9,-0.0007749226227505013,-0.016705436767463833,-0.0007749226227505013,-0.016705436767463833,-0.0007749226227505013,-0.016705436767463833,-0.23725467891954086,0.6388838356330216,-0.23647975629679036,0.6555892724004855,0.0,0.0,Vmag_get_voltage_magnitude_series__angle_get_voltage_angle_series,true,Unknown,Ybus EMT reconstruction using exact complex bus-voltage phasors when available; otherwise diagnostic fallback
2.91,-0.0007750613521129435,-0.016706828376287786,-0.0007750613521129435,-0.016706828376287786,-0.0007750613521129435,-0.016706828376287786,-0.2372548176489033,0.6388824440241977,-0.23647975629679036,0.6555892724004855,0.0,0.0,Vmag_get_voltage_magnitude_series__angle_get_voltage_angle_series,true,Unknown,Ybus EMT reconstruction using exact complex bus-voltage phasors when available; otherwise diagnostic fallback
2.92,-0.0007752024971114102,-0.016708207886751203,-0.0007752024971114102,-0.016708207886751203,-0.0007752024971114102,-0.016708207886751203,-0.23725495879390177,0.6388810645137343,-0.23647975629679036,0.6555892724004855,0.0,0.0,Vmag_get_voltage_magnitude_series__angle_get_voltage_angle_series,true,Unknown,Ybus EMT reconstruction using exact complex bus-voltage phasors when available; otherwise diagnostic fallback
2.93,-0.0007753458630916921,-0.016709575033780233,-0.0007753458630916921,-0.016709575033780233,-0.0007753458630916921,-0.016709575033780233,-0.23725510215988205,0.6388796973667052,-0.23647975629679036,0.6555892724004855,0.0,0.0,Vmag_get_voltage_magnitude_series__angle_get_voltage_angle_series,true,Unknown,Ybus EMT reconstruction using exact complex bus-voltage phasors when available; otherwise diagnostic fallback
2.94,-0.000775491240365106,-0.016710929642392625,-0.000775491240365106,-0.016710929642392625,-0.000775491240365106,-0.016710929642392625,-0.23725524753715546,0.6388783427580929,-0.23647975629679036,0.6555892724004855,0.0,0.0,Vmag_get_voltage_magnitude_series__angle_get_voltage_angle_series,true,Unknown,Ybus EMT reconstruction using exact complex bus-voltage phasors when available; otherwise diagnostic fallback
2.95,-0.0007756385512167896,-0.016712271588750105,-0.0007756385512167896,-0.016712271588750105,-0.0007756385512167896,-0.016712271588750105,-0.23725539484800715,0.6388770008117354,-0.23647975629679036,0.6555892724004855,0.0,0.0,Vmag_get_voltage_magnitude_series__angle_get_voltage_angle_series,true,Unknown,Ybus EMT reconstruction using exact complex bus-voltage phasors when available; otherwise diagnostic fallback
2.96,-0.0007757877551440862,-0.016713600812788276,-0.0007757877551440862,-0.016713600812788276,-0.0007757877551440862,-0.016713600812788276,-0.23725554405193444,0.6388756715876972,-0.23647975629679036,0.6555892724004855,0.0,0.0,Vmag_get_voltage_magnitude_series__angle_get_voltage_angle_series,true,Unknown,Ybus EMT reconstruction using exact complex bus-voltage phasors when available; otherwise diagnostic fallback
2.97,-0.0007759386988269168,-0.016714917214378677,-0.0007759386988269168,-0.016714917214378677,-0.0007759386988269168,-0.016714917214378677,-0.23725569499561727,0.6388743551861068,-0.23647975629679036,0.6555892724004855,0.0,0.0,Vmag_get_voltage_magnitude_series__angle_get_voltage_angle_series,true,Unknown,Ybus EMT reconstruction using exact complex bus-voltage phasors when available; otherwise diagnostic fallback
2.98,-0.0007760912055279345,-0.016716220779666502,-0.0007760912055279345,-0.016716220779666502,-0.0007760912055279345,-0.016716220779666502,-0.2372558475023183,0.638873051620819,-0.23647975629679036,0.6555892724004855,0.0,0.0,Vmag_get_voltage_magnitude_series__angle_get_voltage_angle_series,true,Unknown,Ybus EMT reconstruction using exact complex bus-voltage phasors when available; otherwise diagnostic fallback
2.99,-0.0007762452523597807,-0.01671751166830604,-0.0007762452523597807,-0.01671751166830604,-0.0007762452523597807,-0.01671751166830604,-0.23725600154915014,0.6388717607321794,-0.23647975629679036,0.6555892724004855,0.0,0.0,Vmag_get_voltage_magnitude_series__angle_get_voltage_angle_series,true,Unknown,Ybus EMT reconstruction using exact complex bus-voltage phasors when available; otherwise diagnostic fallback
3.0,-0.0007764007856356503,-0.016718789942559376,-0.0007764007856356503,-0.016718789942559376,-0.0007764007856356503,-0.016718789942559376,-0.237256157082426,0.6388704824579261,-0.23647975629679036,0.6555892724004855,0.0,0.0,Vmag_get_voltage_magnitude_series__angle_get_voltage_angle_series,true,Unknown,Ybus EMT reconstruction using exact complex bus-voltage phasors when available; otherwise diagnostic fallback
3.01,-0.0007765577255957057,-0.016720055734222528,-0.0007765577255957057,-0.016720055734222528,-0.0007765577255957057,-0.016720055734222528,-0.23725631402238606,0.638869216666263,-0.23647975629679036,0.6555892724004855,0.0,0.0,Vmag_get_voltage_magnitude_series__angle_get_voltage_angle_series,true,Unknown,Ybus EMT reconstruction using exact complex bus-voltage phasors when available; otherwise diagnostic fallback
3.02,-0.0007767160048139099,-0.016721309223467373,-0.0007767160048139099,-0.016721309223467373,-0.0007767160048139099,-0.016721309223467373,-0.23725647230160427,0.6388679631770181,-0.23647975629679036,0.6555892724004855,0.0,0.0,Vmag_get_voltage_magnitude_series__angle_get_voltage_angle_series,true,Unknown,Ybus EMT reconstruction using exact complex bus-voltage phasors when available; otherwise diagnostic fallback
3.03,-0.000776875581446762,-0.016722550658798352,-0.000776875581446762,-0.016722550658798352,-0.000776875581446762,-0.016722550658798352,-0.23725663187823712,0.6388667217416871,-0.23647975629679036,0.6555892724004855,0.0,0.0,Vmag_get_voltage_magnitude_series__angle_get_voltage_angle_series,true,Unknown,Ybus EMT reconstruction using exact complex bus-voltage phasors when available; otherwise diagnostic fallback
3.04,-0.000777036431614031,-0.01672378030626398,-0.000777036431614031,-0.01672378030626398,-0.000777036431614031,-0.01672378030626398,-0.2372567927284044,0.6388654920942215,-0.23647975629679036,0.6555892724004855,0.0,0.0,Vmag_get_voltage_magnitude_series__angle_get_voltage_angle_series,true,Unknown,Ybus EMT reconstruction using exact complex bus-voltage phasors when available; otherwise diagnostic fallback
3.05,-0.0007771985550061034,-0.016724998411591696,-0.0007771985550061034,-0.016724998411591696,-0.0007771985550061034,-0.016724998411591696,-0.23725695485179646,0.6388642739888938,-0.23647975629679036,0.6555892724004855,0.0,0.0,Vmag_get_voltage_magnitude_series__angle_get_voltage_angle_series,true,Unknown,Ybus EMT reconstruction using exact complex bus-voltage phasors when available; otherwise diagnostic fallback
3.06,-0.0007773619047939939,-0.016726205281297424,-0.0007773619047939939,-0.016726205281297424,-0.0007773619047939939,-0.016726205281297424,-0.23725711820158435,0.638863067119188,-0.23647975629679036,0.6555892724004855,0.0,0.0,Vmag_get_voltage_magnitude_series__angle_get_voltage_angle_series,true,Unknown,Ybus EMT reconstruction using exact complex bus-voltage phasors when available; otherwise diagnostic fallback
3.07,-0.0007775264766338719,-0.016727401263532116,-0.0007775264766338719,-0.016727401263532116,-0.0007775264766338719,-0.016727401263532116,-0.23725728277342423,0.6388618711369534,-0.23647975629679036,0.6555892724004855,0.0,0.0,Vmag_get_voltage_magnitude_series__angle_get_voltage_angle_series,true,Unknown,Ybus EMT reconstruction using exact complex bus-voltage phasors when available; otherwise diagnostic fallback
3.08,-0.0007776922904965122,-0.016728586718030125,-0.0007776922904965122,-0.016728586718030125,-0.0007776922904965122,-0.016728586718030125,-0.23725744858728687,0.6388606856824554,-0.23647975629679036,0.6555892724004855,0.0,0.0,Vmag_get_voltage_magnitude_series__angle_get_voltage_angle_series,true,Unknown,Ybus EMT reconstruction using exact complex bus-voltage phasors when available; otherwise diagnostic fallback
3.09,-0.0007778593629691466,-0.016729761989604963,-0.0007778593629691466,-0.016729761989604963,-0.0007778593629691466,-0.016729761989604963,-0.2372576156597595,0.6388595104108805,-0.23647975629679036,0.6555892724004855,0.0,0.0,Vmag_get_voltage_magnitude_series__angle_get_voltage_angle_series,true,Unknown,Ybus EMT reconstruction using exact complex bus-voltage phasors when available; otherwise diagnostic fallback
3.1,-0.0007780277003133218,-0.016730927426596764,-0.0007780277003133218,-0.016730927426596764,-0.0007780277003133218,-0.016730927426596764,-0.23725778399710368,0.6388583449738887,-0.23647975629679036,0.6555892724004855,0.0,0.0,Vmag_get_voltage_magnitude_series__angle_get_voltage_angle_series,true,Unknown,Ybus EMT reconstruction using exact complex bus-voltage phasors when available; otherwise diagnostic fallback
3.11,-0.0007781973226637096,-0.01673208341498522,-0.0007781973226637096,-0.01673208341498522,-0.0007781973226637096,-0.01673208341498522,-0.23725795361945407,0.6388571889855003,-0.23647975629679036,0.6555892724004855,0.0,0.0,Vmag_get_voltage_magnitude_series__angle_get_voltage_angle_series,true,Unknown,Ybus EMT reconstruction using exact complex bus-voltage phasors when available; otherwise diagnostic fallback
3.12,-0.00077836825627009,-0.01673323037737584,-0.00077836825627009,-0.01673323037737584,-0.00077836825627009,-0.01673323037737584,-0.23725812455306045,0.6388560420231096,-0.23647975629679036,0.6555892724004855,0.0,0.0,Vmag_get_voltage_magnitude_series__angle_get_voltage_angle_series,true,Unknown,Ybus EMT reconstruction using exact complex bus-voltage phasors when available; otherwise diagnostic fallback
3.13,-0.0007785405619230579,-0.01673436865105804,-0.0007785405619230579,-0.01673436865105804,-0.0007785405619230579,-0.01673436865105804,-0.2372582968587134,0.6388549037494274,-0.23647975629679036,0.6555892724004855,0.0,0.0,Vmag_get_voltage_magnitude_series__angle_get_voltage_angle_series,true,Unknown,Ybus EMT reconstruction using exact complex bus-voltage phasors when available; otherwise diagnostic fallback
3.14,-0.0007787142653266355,-0.01673549861586021,-0.0007787142653266355,-0.01673549861586021,-0.0007787142653266355,-0.01673549861586021,-0.237258470562117,0.6388537737846253,-0.23647975629679036,0.6555892724004855,0.0,0.0,Vmag_get_voltage_magnitude_series__angle_get_voltage_angle_series,true,Unknown,Ybus EMT reconstruction using exact complex bus-voltage phasors when available; otherwise diagnostic fallback
3.15,-0.0007788893934170815,-0.01673662063572945,-0.0007788893934170815,-0.01673662063572945,-0.0007788893934170815,-0.01673662063572945,-0.23725864569020744,0.638852651764756,-0.23647975629679036,0.6555892724004855,0.0,0.0,Vmag_get_voltage_magnitude_series__angle_get_voltage_angle_series,true,Unknown,Ybus EMT reconstruction using exact complex bus-voltage phasors when available; otherwise diagnostic fallback
3.16,-0.0007790659980169701,-0.01673773508287557,-0.0007790659980169701,-0.01673773508287557,-0.0007790659980169701,-0.01673773508287557,-0.23725882229480733,0.6388515373176099,-0.23647975629679036,0.6555892724004855,0.0,0.0,Vmag_get_voltage_magnitude_series__angle_get_voltage_angle_series,true,Unknown,Ybus EMT reconstruction using exact complex bus-voltage phasors when available; otherwise diagnostic fallback
3.17,-0.0007792441404347317,-0.016738842312705615,-0.0007792441404347317,-0.016738842312705615,-0.0007792441404347317,-0.016738842312705615,-0.2372590004372251,0.6388504300877799,-0.23647975629679036,0.6555892724004855,0.0,0.0,Vmag_get_voltage_magnitude_series__angle_get_voltage_angle_series,true,Unknown,Ybus EMT reconstruction using exact complex bus-voltage phasors when available; otherwise diagnostic fallback
3.18,-0.0007794238600040415,-0.016739942637365557,-0.0007794238600040415,-0.016739942637365557,-0.0007794238600040415,-0.016739942637365557,-0.2372591801567944,0.6388493297631199,-0.23647975629679036,0.6555892724004855,0.0,0.0,Vmag_get_voltage_magnitude_series__angle_get_voltage_angle_series,true,Unknown,Ybus EMT reconstruction using exact complex bus-voltage phasors when available; otherwise diagnostic fallback
3.19,-0.0007796051948089633,-0.01674103637792257,-0.0007796051948089633,-0.01674103637792257,-0.0007796051948089633,-0.01674103637792257,-0.23725936149159932,0.6388482360225629,-0.23647975629679036,0.6555892724004855,0.0,0.0,Vmag_get_voltage_magnitude_series__angle_get_voltage_angle_series,true,Unknown,Ybus EMT reconstruction using exact complex bus-voltage phasors when available; otherwise diagnostic fallback
3.2,-0.0007797881904018367,-0.016742123840131407,-0.0007797881904018367,-0.016742123840131407,-0.0007797881904018367,-0.016742123840131407,-0.2372595444871922,0.6388471485603541,-0.23647975629679036,0.6555892724004855,0.0,0.0,Vmag_get_voltage_magnitude_series__angle_get_voltage_angle_series,true,Unknown,Ybus EMT reconstruction using exact complex bus-voltage phasors when available; otherwise diagnostic fallback
3.21,-0.0007799729052855031,-0.016743205304361353,-0.0007799729052855031,-0.016743205304361353,-0.0007799729052855031,-0.016743205304361353,-0.23725972920207586,0.6388460670961241,-0.23647975629679036,0.6555892724004855,0.0,0.0,Vmag_get_voltage_magnitude_series__angle_get_voltage_angle_series,true,Unknown,Ybus EMT reconstruction using exact complex bus-voltage phasors when available; otherwise diagnostic fallback
3.22,-0.0007801593880421842,-0.01674428102247827,-0.0007801593880421842,-0.01674428102247827,-0.0007801593880421842,-0.01674428102247827,-0.23725991568483254,0.6388449913780072,-0.23647975629679036,0.6555892724004855,0.0,0.0,Vmag_get_voltage_magnitude_series__angle_get_voltage_angle_series,true,Unknown,Ybus EMT reconstruction using exact complex bus-voltage phasors when available; otherwise diagnostic fallback
3.23,-0.0007803476637426032,-0.016745351214477844,-0.0007803476637426032,-0.016745351214477844,-0.0007803476637426032,-0.016745351214477844,-0.23726010396053296,0.6388439211860076,-0.23647975629679036,0.6555892724004855,0.0,0.0,Vmag_get_voltage_magnitude_series__angle_get_voltage_angle_series,true,Unknown,Ybus EMT reconstruction using exact complex bus-voltage phasors when available; otherwise diagnostic fallback
3.24,-0.000780537770307177,-0.01674641610518479,-0.000780537770307177,-0.01674641610518479,-0.000780537770307177,-0.01674641610518479,-0.23726029406709753,0.6388428562953007,-0.23647975629679036,0.6555892724004855,0.0,0.0,Vmag_get_voltage_magnitude_series__angle_get_voltage_angle_series,true,Unknown,Ybus EMT reconstruction using exact complex bus-voltage phasors when available; otherwise diagnostic fallback
3.25,-0.0007807297584954409,-0.01674747589740877,-0.0007807297584954409,-0.01674747589740877,-0.0007807297584954409,-0.01674747589740877,-0.2372604860552858,0.6388417965030767,-0.23647975629679036,0.6555892724004855,0.0,0.0,Vmag_get_voltage_magnitude_series__angle_get_voltage_angle_series,true,Unknown,Ybus EMT reconstruction using exact complex bus-voltage phasors when available; otherwise diagnostic fallback
3.26,-0.0007809236630595684,-0.016748530745486212,-0.0007809236630595684,-0.016748530745486212,-0.0007809236630595684,-0.016748530745486212,-0.23726067995984992,0.6388407416549993,-0.23647975629679036,0.6555892724004855,0.0,0.0,Vmag_get_voltage_magnitude_series__angle_get_voltage_angle_series,true,Unknown,Ybus EMT reconstruction using exact complex bus-voltage phasors when available; otherwise diagnostic fallback
3.27,-0.0007811195076230237,-0.016749580750777038,-0.0007811195076230237,-0.016749580750777038,-0.0007811195076230237,-0.016749580750777038,-0.23726087580441338,0.6388396916497084,-0.23647975629679036,0.6555892724004855,0.0,0.0,Vmag_get_voltage_magnitude_series__angle_get_voltage_angle_series,true,Unknown,Ybus EMT reconstruction using exact complex bus-voltage phasors when available; otherwise diagnostic fallback
3.28,-0.0007813173061205492,-0.016750626054231277,-0.0007813173061205492,-0.016750626054231277,-0.0007813173061205492,-0.016750626054231277,-0.2372610736029109,0.6388386463462542,-0.23647975629679036,0.6555892724004855,0.0,0.0,Vmag_get_voltage_magnitude_series__angle_get_voltage_angle_series,true,Unknown,Ybus EMT reconstruction using exact complex bus-voltage phasors when available; otherwise diagnostic fallback
3.29,-0.0007815170797609017,-0.01675166678193274,-0.0007815170797609017,-0.01675166678193274,-0.0007815170797609017,-0.01675166678193274,-0.23726127337655126,0.6388376056185527,-0.23647975629679036,0.6555892724004855,0.0,0.0,Vmag_get_voltage_magnitude_series__angle_get_voltage_angle_series,true,Unknown,Ybus EMT reconstruction using exact complex bus-voltage phasors when available; otherwise diagnostic fallback
3.3,-0.0007817188669342334,-0.01675270296038378,-0.0007817188669342334,-0.01675270296038378,-0.0007817188669342334,-0.01675270296038378,-0.2372614751637246,0.6388365694401017,-0.23647975629679036,0.6555892724004855,0.0,0.0,Vmag_get_voltage_magnitude_series__angle_get_voltage_angle_series,true,Unknown,Ybus EMT reconstruction using exact complex bus-voltage phasors when available; otherwise diagnostic fallback
3.31,-0.000781922666413637,-0.01675373463911911,-0.000781922666413637,-0.01675373463911911,-0.000781922666413637,-0.01675373463911911,-0.237261678963204,0.6388355377613664,-0.23647975629679036,0.6555892724004855,0.0,0.0,Vmag_get_voltage_magnitude_series__angle_get_voltage_angle_series,true,Unknown,Ybus EMT reconstruction using exact complex bus-voltage phasors when available; otherwise diagnostic fallback
3.32,-0.0007821284697903386,-0.016754761837921683,-0.0007821284697903386,-0.016754761837921683,-0.0007821284697903386,-0.016754761837921683,-0.2372618847665807,0.6388345105625638,-0.23647975629679036,0.6555892724004855,0.0,0.0,Vmag_get_voltage_magnitude_series__angle_get_voltage_angle_series,true,Unknown,Ybus EMT reconstruction using exact complex bus-voltage phasors when available; otherwise diagnostic fallback
3.33,-0.0007823362858926375,-0.01675578457090321,-0.0007823362858926375,-0.01675578457090321,-0.0007823362858926375,-0.01675578457090321,-0.237262092582683,0.6388334878295823,-0.23647975629679036,0.6555892724004855,0.0,0.0,Vmag_get_voltage_magnitude_series__angle_get_voltage_angle_series,true,Unknown,Ybus EMT reconstruction using exact complex bus-voltage phasors when available; otherwise diagnostic fallback
3.34,-0.0007825461256799615,-0.01675680282818237,-0.0007825461256799615,-0.01675680282818237,-0.0007825461256799615,-0.01675680282818237,-0.23726230242247032,0.6388324695723031,-0.23647975629679036,0.6555892724004855,0.0,0.0,Vmag_get_voltage_magnitude_series__angle_get_voltage_angle_series,true,Unknown,Ybus EMT reconstruction using exact complex bus-voltage phasors when available; otherwise diagnostic fallback
3.35,-0.0007827579718766575,-0.01675781655579489,-0.0007827579718766575,-0.01675781655579489,-0.0007827579718766575,-0.01675781655579489,-0.237262514268667,0.6388314558446906,-0.23647975629679036,0.6555892724004855,0.0,0.0,Vmag_get_voltage_magnitude_series__angle_get_voltage_angle_series,true,Unknown,Ybus EMT reconstruction using exact complex bus-voltage phasors when available; otherwise diagnostic fallback
3.36,-0.0007829718023603938,-0.016758825707514413,-0.0007829718023603938,-0.016758825707514413,-0.0007829718023603938,-0.016758825707514413,-0.23726272809915075,0.6388304466929711,-0.23647975629679036,0.6555892724004855,0.0,0.0,Vmag_get_voltage_magnitude_series__angle_get_voltage_angle_series,true,Unknown,Ybus EMT reconstruction using exact complex bus-voltage phasors when available; otherwise diagnostic fallback
3.37,-0.0007831875978510372,-0.016759830224375327,-0.0007831875978510372,-0.016759830224375327,-0.0007831875978510372,-0.016759830224375327,-0.2372629438946414,0.6388294421761102,-0.23647975629679036,0.6555892724004855,0.0,0.0,Vmag_get_voltage_magnitude_series__angle_get_voltage_angle_series,true,Unknown,Ybus EMT reconstruction using exact complex bus-voltage phasors when available; otherwise diagnostic fallback
3.38,-0.0007834053475500591,-0.016760830028016427,-0.0007834053475500591,-0.016760830028016427,-0.0007834053475500591,-0.016760830028016427,-0.23726316164434041,0.638828442372469,-0.23647975629679036,0.6555892724004855,0.0,0.0,Vmag_get_voltage_magnitude_series__angle_get_voltage_angle_series,true,Unknown,Ybus EMT reconstruction using exact complex bus-voltage phasors when available; otherwise diagnostic fallback
3.39,-0.0007836250265353395,-0.01676182501927559,-0.0007836250265353395,-0.01676182501927559,-0.0007836250265353395,-0.01676182501927559,-0.2372633813233257,0.6388274473812099,-0.23647975629679036,0.6555892724004855,0.0,0.0,Vmag_get_voltage_magnitude_series__angle_get_voltage_angle_series,true,Unknown,Ybus EMT reconstruction using exact complex bus-voltage phasors when available; otherwise diagnostic fallback
3.4,-0.0007838465908122649,-0.016762815092852934,-0.0007838465908122649,-0.016762815092852934,-0.0007838465908122649,-0.016762815092852934,-0.23726360288760262,0.6388264573076325,-0.23647975629679036,0.6555892724004855,0.0,0.0,Vmag_get_voltage_magnitude_series__angle_get_voltage_angle_series,true,Unknown,Ybus EMT reconstruction using exact complex bus-voltage phasors when available; otherwise diagnostic fallback
3.41,-0.0007840700000905643,-0.016763800143297702,-0.0007840700000905643,-0.016763800143297702,-0.0007840700000905643,-0.016763800143297702,-0.23726382629688092,0.6388254722571878,-0.23647975629679036,0.6555892724004855,0.0,0.0,Vmag_get_voltage_magnitude_series__angle_get_voltage_angle_series,true,Unknown,Ybus EMT reconstruction using exact complex bus-voltage phasors when available; otherwise diagnostic fallback
3.42,-0.0007842952318250496,-0.016764780070900542,-0.0007842952318250496,-0.016764780070900542,-0.0007842952318250496,-0.016764780070900542,-0.2372640515286154,0.6388244923295849,-0.23647975629679036,0.6555892724004855,0.0,0.0,Vmag_get_voltage_magnitude_series__angle_get_voltage_angle_series,true,Unknown,Ybus EMT reconstruction using exact complex bus-voltage phasors when available; otherwise diagnostic fallback
3.43,-0.0007845222449143208,-0.01676575473366093,-0.0007845222449143208,-0.01676575473366093,-0.0007845222449143208,-0.01676575473366093,-0.23726427854170468,0.6388235176668245,-0.23647975629679036,0.6555892724004855,0.0,0.0,Vmag_get_voltage_magnitude_series__angle_get_voltage_angle_series,true,Unknown,Ybus EMT reconstruction using exact complex bus-voltage phasors when available; otherwise diagnostic fallback
3.44,-0.0007847509835113564,-0.01676672400804735,-0.0007847509835113564,-0.01676672400804735,-0.0007847509835113564,-0.01676672400804735,-0.2372645072803017,0.6388225483924381,-0.23647975629679036,0.6555892724004855,0.0,0.0,Vmag_get_voltage_magnitude_series__angle_get_voltage_angle_series,true,Unknown,Ybus EMT reconstruction using exact complex bus-voltage phasors when available; otherwise diagnostic fallback
3.45,-0.0007849814022404811,-0.016767687771184314,-0.0007849814022404811,-0.016767687771184314,-0.0007849814022404811,-0.016767687771184314,-0.23726473769903084,0.6388215846293012,-0.23647975629679036,0.6555892724004855,0.0,0.0,Vmag_get_voltage_magnitude_series__angle_get_voltage_angle_series,true,Unknown,Ybus EMT reconstruction using exact complex bus-voltage phasors when available; otherwise diagnostic fallback
3.46,-0.0007852134519677478,-0.016768645903487256,-0.0007852134519677478,-0.016768645903487256,-0.0007852134519677478,-0.016768645903487256,-0.2372649697487581,0.6388206264969982,-0.23647975629679036,0.6555892724004855,0.0,0.0,Vmag_get_voltage_magnitude_series__angle_get_voltage_angle_series,true,Unknown,Ybus EMT reconstruction using exact complex bus-voltage phasors when available; otherwise diagnostic fallback
3.47,-0.0007854470838565275,-0.016769598274317454,-0.0007854470838565275,-0.016769598274317454,-0.0007854470838565275,-0.016769598274317454,-0.23726520338064688,0.638819674126168,-0.23647975629679036,0.6555892724004855,0.0,0.0,Vmag_get_voltage_magnitude_series__angle_get_voltage_angle_series,true,Unknown,Ybus EMT reconstruction using exact complex bus-voltage phasors when available; otherwise diagnostic fallback
3.48,-0.0007856822455032386,-0.016770544755750127,-0.0007856822455032386,-0.016770544755750127,-0.0007856822455032386,-0.016770544755750127,-0.2372654385422936,0.6388187276447354,-0.23647975629679036,0.6555892724004855,0.0,0.0,Vmag_get_voltage_magnitude_series__angle_get_voltage_angle_series,true,Unknown,Ybus EMT reconstruction using exact complex bus-voltage phasors when available; otherwise diagnostic fallback
3.49,-0.0007859188767818659,-0.01677148523562977,-0.0007859188767818659,-0.01677148523562977,-0.0007859188767818659,-0.01677148523562977,-0.23726567517357222,0.6388177871648557,-0.23647975629679036,0.6555892724004855,0.0,0.0,Vmag_get_voltage_magnitude_series__angle_get_voltage_angle_series,true,Unknown,Ybus EMT reconstruction using exact complex bus-voltage phasors when available; otherwise diagnostic fallback
3.5,-0.0007861569249380529,-0.016772419601213562,-0.0007861569249380529,-0.016772419601213562,-0.0007861569249380529,-0.016772419601213562,-0.2372659132217284,0.6388168527992719,-0.23647975629679036,0.6555892724004855,0.0,0.0,Vmag_get_voltage_magnitude_series__angle_get_voltage_angle_series,true,Unknown,Ybus EMT reconstruction using exact complex bus-voltage phasors when available; otherwise diagnostic fallback
3.51,-0.0007863963371219918,-0.016773347747325196,-0.0007863963371219918,-0.016773347747325196,-0.0007863963371219918,-0.016773347747325196,-0.23726615263391235,0.6388159246531603,-0.23647975629679036,0.6555892724004855,0.0,0.0,Vmag_get_voltage_magnitude_series__angle_get_voltage_angle_series,true,Unknown,Ybus EMT reconstruction using exact complex bus-voltage phasors when available; otherwise diagnostic fallback
3.52,-0.0007866370560050684,-0.016774269572798595,-0.0007866370560050684,-0.016774269572798595,-0.0007866370560050684,-0.016774269572798595,-0.23726639335279542,0.6388150028276869,-0.23647975629679036,0.6555892724004855,0.0,0.0,Vmag_get_voltage_magnitude_series__angle_get_voltage_angle_series,true,Unknown,Ybus EMT reconstruction using exact complex bus-voltage phasors when available; otherwise diagnostic fallback
3.53,-0.0007868790227944233,-0.016775184984842095,-0.0007868790227944233,-0.016775184984842095,-0.0007868790227944233,-0.016775184984842095,-0.23726663531958478,0.6388140874156434,-0.23647975629679036,0.6555892724004855,0.0,0.0,Vmag_get_voltage_magnitude_series__angle_get_voltage_angle_series,true,Unknown,Ybus EMT reconstruction using exact complex bus-voltage phasors when available; otherwise diagnostic fallback
3.54,-0.0007871221830054176,-0.016776093907753253,-0.0007871221830054176,-0.016776093907753253,-0.0007871221830054176,-0.016776093907753253,-0.23726687847979577,0.6388131784927322,-0.23647975629679036,0.6555892724004855,0.0,0.0,Vmag_get_voltage_magnitude_series__angle_get_voltage_angle_series,true,Unknown,Ybus EMT reconstruction using exact complex bus-voltage phasors when available; otherwise diagnostic fallback
3.55,-0.0007873664836455241,-0.016776996272388378,-0.0007873664836455241,-0.016776996272388378,-0.0007873664836455241,-0.016776996272388378,-0.23726712278043588,0.6388122761280971,-0.23647975629679036,0.6555892724004855,0.0,0.0,Vmag_get_voltage_magnitude_series__angle_get_voltage_angle_series,true,Unknown,Ybus EMT reconstruction using exact complex bus-voltage phasors when available; otherwise diagnostic fallback
3.56,-0.0007876118738951998,-0.01677789201124369,-0.0007876118738951998,-0.01677789201124369,-0.0007876118738951998,-0.01677789201124369,-0.23726736817068556,0.6388113803892418,-0.23647975629679036,0.6555892724004855,0.0,0.0,Vmag_get_voltage_magnitude_series__angle_get_voltage_angle_series,true,Unknown,Ybus EMT reconstruction using exact complex bus-voltage phasors when available; otherwise diagnostic fallback
3.57,-0.0007878582968650627,-0.016778781074353932,-0.0007878582968650627,-0.016778781074353932,-0.0007878582968650627,-0.016778781074353932,-0.23726761459365542,0.6388104913261315,-0.23647975629679036,0.6555892724004855,0.0,0.0,Vmag_get_voltage_magnitude_series__angle_get_voltage_angle_series,true,Unknown,Ybus EMT reconstruction using exact complex bus-voltage phasors when available; otherwise diagnostic fallback
3.58,-0.0007881056980253709,-0.016779663429602132,-0.0007881056980253709,-0.016779663429602132,-0.0007881056980253709,-0.016779663429602132,-0.23726786199481573,0.6388096089708833,-0.23647975629679036,0.6555892724004855,0.0,0.0,Vmag_get_voltage_magnitude_series__angle_get_voltage_angle_series,true,Unknown,Ybus EMT reconstruction using exact complex bus-voltage phasors when available; otherwise diagnostic fallback
3.59,-0.000788354032711519,-0.016780539051689303,-0.000788354032711519,-0.016780539051689303,-0.000788354032711519,-0.016780539051689303,-0.23726811032950187,0.6388087333487962,-0.23647975629679036,0.6555892724004855,0.0,0.0,Vmag_get_voltage_magnitude_series__angle_get_voltage_angle_series,true,Unknown,Ybus EMT reconstruction using exact complex bus-voltage phasors when available; otherwise diagnostic fallback
3.6,-0.00078860325832944,-0.016781407919011726,-0.00078860325832944,-0.016781407919011726,-0.00078860325832944,-0.016781407919011726,-0.2372683595551198,0.6388078644814738,-0.23647975629679036,0.6555892724004855,0.0,0.0,Vmag_get_voltage_magnitude_series__angle_get_voltage_angle_series,true,Unknown,Ybus EMT reconstruction using exact complex bus-voltage phasors when available; otherwise diagnostic fallback
3.61,-0.0007888533267959852,-0.016782270025257007,-0.0007888533267959852,-0.016782270025257007,-0.0007888533267959852,-0.016782270025257007,-0.23726860962358634,0.6388070023752285,-0.23647975629679036,0.6555892724004855,0.0,0.0,Vmag_get_voltage_magnitude_series__angle_get_voltage_angle_series,true,Unknown,Ybus EMT reconstruction using exact complex bus-voltage phasors when available; otherwise diagnostic fallback
3.62,-0.0007891041817896238,-0.016783125384167374,-0.0007891041817896238,-0.016783125384167374,-0.0007891041817896238,-0.016783125384167374,-0.23726886047857998,0.6388061470163181,-0.23647975629679036,0.6555892724004855,0.0,0.0,Vmag_get_voltage_magnitude_series__angle_get_voltage_angle_series,true,Unknown,Ybus EMT reconstruction using exact complex bus-voltage phasors when available; otherwise diagnostic fallback
3.63,-0.000789355790734525,-0.016783974015260328,-0.000789355790734525,-0.016783974015260328,-0.000789355790734525,-0.016783974015260328,-0.23726911208752488,0.6388052983852252,-0.23647975629679036,0.6555892724004855,0.0,0.0,Vmag_get_voltage_magnitude_series__angle_get_voltage_angle_series,true,Unknown,Ybus EMT reconstruction using exact complex bus-voltage phasors when available; otherwise diagnostic fallback
3.64,-0.0007896081283299827,-0.016784815950154464,-0.0007896081283299827,-0.016784815950154464,-0.0007896081283299827,-0.016784815950154464,-0.23726936442512034,0.638804456450331,-0.23647975629679036,0.6555892724004855,0.0,0.0,Vmag_get_voltage_magnitude_series__angle_get_voltage_angle_series,true,Unknown,Ybus EMT reconstruction using exact complex bus-voltage phasors when available; otherwise diagnostic fallback
3.65,-0.000789861143549897,-0.016785651217667064,-0.000789861143549897,-0.016785651217667064,-0.000789861143549897,-0.016785651217667064,-0.23726961744034025,0.6388036211828184,-0.23647975629679036,0.6555892724004855,0.0,0.0,Vmag_get_voltage_magnitude_series__angle_get_voltage_angle_series,true,Unknown,Ybus EMT reconstruction using exact complex bus-voltage phasors when available; otherwise diagnostic fallback
3.66,-0.0007901148035304173,-0.016786479873637683,-0.0007901148035304173,-0.016786479873637683,-0.0007901148035304173,-0.016786479873637683,-0.23726987110032077,0.6388027925268478,-0.23647975629679036,0.6555892724004855,0.0,0.0,Vmag_get_voltage_magnitude_series__angle_get_voltage_angle_series,true,Unknown,Ybus EMT reconstruction using exact complex bus-voltage phasors when available; otherwise diagnostic fallback
3.67,-0.0007903690750811765,-0.01678730198402678,-0.0007903690750811765,-0.01678730198402678,-0.0007903690750811765,-0.01678730198402678,-0.23727012537187153,0.6388019704164587,-0.23647975629679036,0.6555892724004855,0.0,0.0,Vmag_get_voltage_magnitude_series__angle_get_voltage_angle_series,true,Unknown,Ybus EMT reconstruction using exact complex bus-voltage phasors when available; otherwise diagnostic fallback
3.68,-0.0007906239341088084,-0.01678811761345922,-0.0007906239341088084,-0.01678811761345922,-0.0007906239341088084,-0.01678811761345922,-0.23727038023089916,0.6388011547870263,-0.23647975629679036,0.6555892724004855,0.0,0.0,Vmag_get_voltage_magnitude_series__angle_get_voltage_angle_series,true,Unknown,Ybus EMT reconstruction using exact complex bus-voltage phasors when available; otherwise diagnostic fallback
3.69,-0.0007908793571062278,-0.016788926831604045,-0.0007908793571062278,-0.016788926831604045,-0.0007908793571062278,-0.016788926831604045,-0.23727063565389658,0.6388003455688814,-0.23647975629679036,0.6555892724004855,0.0,0.0,Vmag_get_voltage_magnitude_series__angle_get_voltage_angle_series,true,Unknown,Ybus EMT reconstruction using exact complex bus-voltage phasors when available; otherwise diagnostic fallback
3.7,-0.0007911353127783849,-0.016789729726307323,-0.0007911353127783849,-0.016789729726307323,-0.0007911353127783849,-0.016789729726307323,-0.23727089160956874,0.6387995426741782,-0.23647975629679036,0.6555892724004855,0.0,0.0,Vmag_get_voltage_magnitude_series__angle_get_voltage_angle_series,true,Unknown,Ybus EMT reconstruction using exact complex bus-voltage phasors when available; otherwise diagnostic fallback
3.71,-0.0007913917753882005,-0.016790526393677174,-0.0007913917753882005,-0.016790526393677174,-0.0007913917753882005,-0.016790526393677174,-0.23727114807217856,0.6387987460068083,-0.23647975629679036,0.6555892724004855,0.0,0.0,Vmag_get_voltage_magnitude_series__angle_get_voltage_angle_series,true,Unknown,Ybus EMT reconstruction using exact complex bus-voltage phasors when available; otherwise diagnostic fallback
3.72,-0.0007916487348557377,-0.016791316927135536,-0.0007916487348557377,-0.016791316927135536,-0.0007916487348557377,-0.016791316927135536,-0.2372714050316461,0.6387979554733499,-0.23647975629679036,0.6555892724004855,0.0,0.0,Vmag_get_voltage_magnitude_series__angle_get_voltage_angle_series,true,Unknown,Ybus EMT reconstruction using exact complex bus-voltage phasors when available; otherwise diagnostic fallback
3.73,-0.0007919061705999875,-0.016792101426418404,-0.0007919061705999875,-0.016792101426418404,-0.0007919061705999875,-0.016792101426418404,-0.23727166246739034,0.6387971709740671,-0.23647975629679036,0.6555892724004855,0.0,0.0,Vmag_get_voltage_magnitude_series__angle_get_voltage_angle_series,true,Unknown,Ybus EMT reconstruction using exact complex bus-voltage phasors when available; otherwise diagnostic fallback
3.74,-0.0007921640637243432,-0.01679287999637802,-0.0007921640637243432,-0.01679287999637802,-0.0007921640637243432,-0.01679287999637802,-0.2372719203605147,0.6387963924041075,-0.23647975629679036,0.6555892724004855,0.0,0.0,Vmag_get_voltage_magnitude_series__angle_get_voltage_angle_series,true,Unknown,Ybus EMT reconstruction using exact complex bus-voltage phasors when available; otherwise diagnostic fallback
3.75,-0.0007924224006811698,-0.01679365274979927,-0.0007924224006811698,-0.01679365274979927,-0.0007924224006811698,-0.01679365274979927,-0.23727217869747153,0.6387956196506862,-0.23647975629679036,0.6555892724004855,0.0,0.0,Vmag_get_voltage_magnitude_series__angle_get_voltage_angle_series,true,Unknown,Ybus EMT reconstruction using exact complex bus-voltage phasors when available; otherwise diagnostic fallback
3.76,-0.0007926811713220017,-0.016794419799255778,-0.0007926811713220017,-0.016794419799255778,-0.0007926811713220017,-0.016794419799255778,-0.23727243746811236,0.6387948526012297,-0.23647975629679036,0.6555892724004855,0.0,0.0,Vmag_get_voltage_magnitude_series__angle_get_voltage_angle_series,true,Unknown,Ybus EMT reconstruction using exact complex bus-voltage phasors when available; otherwise diagnostic fallback
3.77,-0.000792940365631406,-0.016795181257033054,-0.000792940365631406,-0.016795181257033054,-0.000792940365631406,-0.016795181257033054,-0.23727269666242176,0.6387940911434524,-0.23647975629679036,0.6555892724004855,0.0,0.0,Vmag_get_voltage_magnitude_series__angle_get_voltage_angle_series,true,Unknown,Ybus EMT reconstruction using exact complex bus-voltage phasors when available; otherwise diagnostic fallback
3.78,-0.0007931999720543204,-0.01679593723821038,-0.0007931999720543204,-0.01679593723821038,-0.0007931999720543204,-0.01679593723821038,-0.23727295626884468,0.6387933351622751,-0.23647975629679036,0.6555892724004855,0.0,0.0,Vmag_get_voltage_magnitude_series__angle_get_voltage_angle_series,true,Unknown,Ybus EMT reconstruction using exact complex bus-voltage phasors when available; otherwise diagnostic fallback
3.79,-0.0007934599830960731,-0.016796687859521264,-0.0007934599830960731,-0.016796687859521264,-0.0007934599830960731,-0.016796687859521264,-0.23727321627988643,0.6387925845409642,-0.23647975629679036,0.6555892724004855,0.0,0.0,Vmag_get_voltage_magnitude_series__angle_get_voltage_angle_series,true,Unknown,Ybus EMT reconstruction using exact complex bus-voltage phasors when available; otherwise diagnostic fallback
3.8,-0.0007937203922628311,-0.016797433235987702,-0.0007937203922628311,-0.016797433235987702,-0.0007937203922628311,-0.016797433235987702,-0.2372734766890532,0.6387918391644978,-0.23647975629679036,0.6555892724004855,0.0,0.0,Vmag_get_voltage_magnitude_series__angle_get_voltage_angle_series,true,Unknown,Ybus EMT reconstruction using exact complex bus-voltage phasors when available; otherwise diagnostic fallback
3.81,-0.0007939811939733366,-0.016798173481718415,-0.0007939811939733366,-0.016798173481718415,-0.0007939811939733366,-0.016798173481718415,-0.2372737374907637,0.6387910989187671,-0.23647975629679036,0.6555892724004855,0.0,0.0,Vmag_get_voltage_magnitude_series__angle_get_voltage_angle_series,true,Unknown,Ybus EMT reconstruction using exact complex bus-voltage phasors when available; otherwise diagnostic fallback
3.82,-0.0007942423828508904,-0.01679890870882328,-0.0007942423828508904,-0.01679890870882328,-0.0007942423828508904,-0.01679890870882328,-0.23727399867964125,0.6387903636916622,-0.23647975629679036,0.6555892724004855,0.0,0.0,Vmag_get_voltage_magnitude_series__angle_get_voltage_angle_series,true,Unknown,Ybus EMT reconstruction using exact complex bus-voltage phasors when available; otherwise diagnostic fallback
3.83,-0.0007945039538730381,-0.016799639027503477,-0.0007945039538730381,-0.016799639027503477,-0.0007945039538730381,-0.016799639027503477,-0.2372742602506634,0.638789633372982,-0.23647975629679036,0.6555892724004855,0.0,0.0,Vmag_get_voltage_magnitude_series__angle_get_voltage_angle_series,true,Unknown,Ybus EMT reconstruction using exact complex bus-voltage phasors when available; otherwise diagnostic fallback
3.84,-0.0007947659032250809,-0.01680036454491529,-0.0007947659032250809,-0.01680036454491529,-0.0007947659032250809,-0.01680036454491529,-0.23727452220001544,0.6387889078555702,-0.23647975629679036,0.6555892724004855,0.0,0.0,Vmag_get_voltage_magnitude_series__angle_get_voltage_angle_series,true,Unknown,Ybus EMT reconstruction using exact complex bus-voltage phasors when available; otherwise diagnostic fallback
3.85,-0.0007950282278038068,-0.016801085365469648,-0.0007950282278038068,-0.016801085365469648,-0.0007950282278038068,-0.016801085365469648,-0.23727478452459416,0.6387881870350158,-0.23647975629679036,0.6555892724004855,0.0,0.0,Vmag_get_voltage_magnitude_series__angle_get_voltage_angle_series,true,Unknown,Ybus EMT reconstruction using exact complex bus-voltage phasors when available; otherwise diagnostic fallback
3.86,-0.0007952909237458339,-0.016801801587718934,-0.0007952909237458339,-0.016801801587718934,-0.0007952909237458339,-0.016801801587718934,-0.2372750472205362,0.6387874708127665,-0.23647975629679036,0.6555892724004855,0.0,0.0,Vmag_get_voltage_magnitude_series__angle_get_voltage_angle_series,true,Unknown,Ybus EMT reconstruction using exact complex bus-voltage phasors when available; otherwise diagnostic fallback
3.87,-0.0007955539872991635,-0.016802513306609534,-0.0007955539872991635,-0.016802513306609534,-0.0007955539872991635,-0.016802513306609534,-0.23727531028408952,0.6387867590938759,-0.23647975629679036,0.6555892724004855,0.0,0.0,Vmag_get_voltage_magnitude_series__angle_get_voltage_angle_series,true,Unknown,Ybus EMT reconstruction using exact complex bus-voltage phasors when available; otherwise diagnostic fallback
3.88,-0.0007958174131935392,-0.016803220614934222,-0.0007958174131935392,-0.016803220614934222,-0.0007958174131935392,-0.016803220614934222,-0.2372755737099839,0.6387860517855513,-0.23647975629679036,0.6555892724004855,0.0,0.0,Vmag_get_voltage_magnitude_series__angle_get_voltage_angle_series,true,Unknown,Ybus EMT reconstruction using exact complex bus-voltage phasors when available; otherwise diagnostic fallback
3.89,-0.0007960811997163031,-0.01680392359785865,-0.0007960811997163031,-0.01680392359785865,-0.0007960811997163031,-0.01680392359785865,-0.23727583749650666,0.6387853488026268,-0.23647975629679036,0.6555892724004855,0.0,0.0,Vmag_get_voltage_magnitude_series__angle_get_voltage_angle_series,true,Unknown,Ybus EMT reconstruction using exact complex bus-voltage phasors when available; otherwise diagnostic fallback
3.9,-0.0007963453424787992,-0.01680462233439295,-0.0007963453424787992,-0.01680462233439295,-0.0007963453424787992,-0.01680462233439295,-0.23727610163926915,0.6387846500660925,-0.23647975629679036,0.6555892724004855,0.0,0.0,Vmag_get_voltage_magnitude_series__angle_get_voltage_angle_series,true,Unknown,Ybus EMT reconstruction using exact complex bus-voltage phasors when available; otherwise diagnostic fallback
3.91,-0.0007966098351840367,-0.01680531689984288,-0.0007966098351840367,-0.01680531689984288,-0.0007966098351840367,-0.01680531689984288,-0.2372763661319744,0.6387839555006426,-0.23647975629679036,0.6555892724004855,0.0,0.0,Vmag_get_voltage_magnitude_series__angle_get_voltage_angle_series,true,Unknown,Ybus EMT reconstruction using exact complex bus-voltage phasors when available; otherwise diagnostic fallback
3.92,-0.0007968746725499631,-0.01680600736439697,-0.0007968746725499631,-0.01680600736439697,-0.0007968746725499631,-0.01680600736439697,-0.23727663096934032,0.6387832650360885,-0.23647975629679036,0.6555892724004855,0.0,0.0,Vmag_get_voltage_magnitude_series__angle_get_voltage_angle_series,true,Unknown,Ybus EMT reconstruction using exact complex bus-voltage phasors when available; otherwise diagnostic fallback
3.93,-0.0007971398491827264,-0.016806693792261518,-0.0007971398491827264,-0.016806693792261518,-0.0007971398491827264,-0.016806693792261518,-0.23727689614597308,0.638782578608224,-0.23647975629679036,0.6555892724004855,0.0,0.0,Vmag_get_voltage_magnitude_series__angle_get_voltage_angle_series,true,Unknown,Ybus EMT reconstruction using exact complex bus-voltage phasors when available; otherwise diagnostic fallback
3.94,-0.0007974053581894236,-0.016807376240989602,-0.0007974053581894236,-0.016807376240989602,-0.0007974053581894236,-0.016807376240989602,-0.23727716165497978,0.6387818961594959,-0.23647975629679036,0.6555892724004855,0.0,0.0,Vmag_get_voltage_magnitude_series__angle_get_voltage_angle_series,true,Unknown,Ybus EMT reconstruction using exact complex bus-voltage phasors when available; otherwise diagnostic fallback
3.95,-0.0007976711920697488,-0.016808054761325186,-0.0007976711920697488,-0.016808054761325186,-0.0007976711920697488,-0.016808054761325186,-0.2372774274888601,0.6387812176391603,-0.23647975629679036,0.6555892724004855,0.0,0.0,Vmag_get_voltage_magnitude_series__angle_get_voltage_angle_series,true,Unknown,Ybus EMT reconstruction using exact complex bus-voltage phasors when available; otherwise diagnostic fallback
3.96,-0.0007979373400134604,-0.016808729401695532,-0.0007979373400134604,-0.016808729401695532,-0.0007979373400134604,-0.016808729401695532,-0.23727769363680382,0.63878054299879,-0.23647975629679036,0.6555892724004855,0.0,0.0,Vmag_get_voltage_magnitude_series__angle_get_voltage_angle_series,true,Unknown,Ybus EMT reconstruction using exact complex bus-voltage phasors when available; otherwise diagnostic fallback
3.97,-0.0007982037942324827,-0.01680940020427224,-0.0007982037942324827,-0.01680940020427224,-0.0007982037942324827,-0.01680940020427224,-0.23727796009102284,0.6387798721962132,-0.23647975629679036,0.6555892724004855,0.0,0.0,Vmag_get_voltage_magnitude_series__angle_get_voltage_angle_series,true,Unknown,Ybus EMT reconstruction using exact complex bus-voltage phasors when available; otherwise diagnostic fallback
3.98,-0.0007984705444549489,-0.016810067204215184,-0.0007984705444549489,-0.016810067204215184,-0.0007984705444549489,-0.016810067204215184,-0.2372782268412453,0.6387792051962703,-0.23647975629679036,0.6555892724004855,0.0,0.0,Vmag_get_voltage_magnitude_series__angle_get_voltage_angle_series,true,Unknown,Ybus EMT reconstruction using exact complex bus-voltage phasors when available; otherwise diagnostic fallback
3.99,-0.0007987375792486151,-0.01681073043009751,-0.0007987375792486151,-0.01681073043009751,-0.0007987375792486151,-0.01681073043009751,-0.23727849387603897,0.638778541970388,-0.23647975629679036,0.6555892724004855,0.0,0.0,Vmag_get_voltage_magnitude_series__angle_get_voltage_angle_series,true,Unknown,Ybus EMT reconstruction using exact complex bus-voltage phasors when available; otherwise diagnostic fallback
4.0,-0.0007990048846331643,-0.016811389909974994,-0.0007990048846331643,-0.016811389909974994,-0.0007990048846331643,-0.016811389909974994,-0.23727876118142352,0.6387778824905105,-0.23647975629679036,0.6555892724004855,0.0,0.0,Vmag_get_voltage_magnitude_series__angle_get_voltage_angle_series,true,Unknown,Ybus EMT reconstruction using exact complex bus-voltage phasors when available; otherwise diagnostic fallback
4.01,-0.0007992724477044466,-0.0168120456646782,-0.0007992724477044466,-0.0168120456646782,-0.0007992724477044466,-0.0168120456646782,-0.2372790287444948,0.6387772267358073,-0.23647975629679036,0.6555892724004855,0.0,0.0,Vmag_get_voltage_magnitude_series__angle_get_voltage_angle_series,true,Unknown,Ybus EMT reconstruction using exact complex bus-voltage phasors when available; otherwise diagnostic fallback
4.02,-0.0007995402547922859,-0.0168126977115286,-0.0007995402547922859,-0.0168126977115286,-0.0007995402547922859,-0.0168126977115286,-0.23727929655158264,0.6387765746889569,-0.23647975629679036,0.6555892724004855,0.0,0.0,Vmag_get_voltage_magnitude_series__angle_get_voltage_angle_series,true,Unknown,Ybus EMT reconstruction using exact complex bus-voltage phasors when available; otherwise diagnostic fallback
4.03,-0.0007998082899123571,-0.01681334606237972,-0.0007998082899123571,-0.01681334606237972,-0.0007998082899123571,-0.01681334606237972,-0.2372795645867027,0.6387759263381058,-0.23647975629679036,0.6555892724004855,0.0,0.0,Vmag_get_voltage_magnitude_series__angle_get_voltage_angle_series,true,Unknown,Ybus EMT reconstruction using exact complex bus-voltage phasors when available; otherwise diagnostic fallback
4.04,-0.000800076535948907,-0.016813990725674244,-0.000800076535948907,-0.016813990725674244,-0.000800076535948907,-0.016813990725674244,-0.23727983283273926,0.6387752816748112,-0.23647975629679036,0.6555892724004855,0.0,0.0,Vmag_get_voltage_magnitude_series__angle_get_voltage_angle_series,true,Unknown,Ybus EMT reconstruction using exact complex bus-voltage phasors when available; otherwise diagnostic fallback
4.05,-0.0008003449756143477,-0.016814631708242933,-0.0008003449756143477,-0.016814631708242933,-0.0008003449756143477,-0.016814631708242933,-0.2372801012724047,0.6387746406922425,-0.23647975629679036,0.6555892724004855,0.0,0.0,Vmag_get_voltage_magnitude_series__angle_get_voltage_angle_series,true,Unknown,Ybus EMT reconstruction using exact complex bus-voltage phasors when available; otherwise diagnostic fallback
4.06,-0.0008006135911562129,-0.016815269013004452,-0.0008006135911562129,-0.016815269013004452,-0.0008006135911562129,-0.016815269013004452,-0.23728036988794657,0.638774003387481,-0.23647975629679036,0.6555892724004855,0.0,0.0,Vmag_get_voltage_magnitude_series__angle_get_voltage_angle_series,true,Unknown,Ybus EMT reconstruction using exact complex bus-voltage phasors when available; otherwise diagnostic fallback
4.07,-0.0008008823644921614,-0.016815902638537494,-0.0008008823644921614,-0.016815902638537494,-0.0008008823644921614,-0.016815902638537494,-0.23728063866128252,0.638773369761948,-0.23647975629679036,0.6555892724004855,0.0,0.0,Vmag_get_voltage_magnitude_series__angle_get_voltage_angle_series,true,Unknown,Ybus EMT reconstruction using exact complex bus-voltage phasors when available; otherwise diagnostic fallback
4.08,-0.000801151273970846,-0.01681653258229232,-0.000801151273970846,-0.01681653258229232,-0.000801151273970846,-0.01681653258229232,-0.2372809075707612,0.6387727398181932,-0.23647975629679036,0.6555892724004855,0.0,0.0,Vmag_get_voltage_magnitude_series__angle_get_voltage_angle_series,true,Unknown,Ybus EMT reconstruction using exact complex bus-voltage phasors when available; otherwise diagnostic fallback
4.09,-0.0008014202992824293,-0.016817158841081703,-0.0008014202992824293,-0.016817158841081703,-0.0008014202992824293,-0.016817158841081703,-0.23728117659607278,0.6387721135594038,-0.23647975629679036,0.6555892724004855,0.0,0.0,Vmag_get_voltage_magnitude_series__angle_get_voltage_angle_series,true,Unknown,Ybus EMT reconstruction using exact complex bus-voltage phasors when available; otherwise diagnostic fallback
4.1,-0.0008016894199988356,-0.01681778140954282,-0.0008016894199988356,-0.01681778140954282,-0.0008016894199988356,-0.01681778140954282,-0.2372814457167892,0.6387714909909427,-0.23647975629679036,0.6555892724004855,0.0,0.0,Vmag_get_voltage_magnitude_series__angle_get_voltage_angle_series,true,Unknown,Ybus EMT reconstruction using exact complex bus-voltage phasors when available; otherwise diagnostic fallback
4.11,-0.0008019586145091573,-0.016818400279792867,-0.0008019586145091573,-0.016818400279792867,-0.0008019586145091573,-0.016818400279792867,-0.2372817149112995,0.6387708721206926,-0.23647975629679036,0.6555892724004855,0.0,0.0,Vmag_get_voltage_magnitude_series__angle_get_voltage_angle_series,true,Unknown,Ybus EMT reconstruction using exact complex bus-voltage phasors when available; otherwise diagnostic fallback
4.12,-0.0008022278599502386,-0.01681901544406239,-0.0008022278599502386,-0.01681901544406239,-0.0008022278599502386,-0.01681901544406239,-0.2372819841567406,0.6387702569564231,-0.23647975629679036,0.6555892724004855,0.0,0.0,Vmag_get_voltage_magnitude_series__angle_get_voltage_angle_series,true,Unknown,Ybus EMT reconstruction using exact complex bus-voltage phasors when available; otherwise diagnostic fallback
4.13,-0.0008024971337542153,-0.016819626894459483,-0.0008024971337542153,-0.016819626894459483,-0.0008024971337542153,-0.016819626894459483,-0.23728225343054457,0.638769645506026,-0.23647975629679036,0.6555892724004855,0.0,0.0,Vmag_get_voltage_magnitude_series__angle_get_voltage_angle_series,true,Unknown,Ybus EMT reconstruction using exact complex bus-voltage phasors when available; otherwise diagnostic fallback
4.14,-0.0008027664130623724,-0.016820234622671126,-0.0008027664130623724,-0.016820234622671126,-0.0008027664130623724,-0.016820234622671126,-0.23728252270985273,0.6387690377778144,-0.23647975629679036,0.6555892724004855,0.0,0.0,Vmag_get_voltage_magnitude_series__angle_get_voltage_angle_series,true,Unknown,Ybus EMT reconstruction using exact complex bus-voltage phasors when available; otherwise diagnostic fallback
4.15,-0.0008030356746008271,-0.016820838620554723,-0.0008030356746008271,-0.016820838620554723,-0.0008030356746008271,-0.016820838620554723,-0.23728279197139118,0.6387684337799308,-0.23647975629679036,0.6555892724004855,0.0,0.0,Vmag_get_voltage_magnitude_series__angle_get_voltage_angle_series,true,Unknown,Ybus EMT reconstruction using exact complex bus-voltage phasors when available; otherwise diagnostic fallback
4.16,-0.0008033048948823118,-0.016821438880535333,-0.0008033048948823118,-0.016821438880535333,-0.0008033048948823118,-0.016821438880535333,-0.23728306119167267,0.6387678335199501,-0.23647975629679036,0.6555892724004855,0.0,0.0,Vmag_get_voltage_magnitude_series__angle_get_voltage_angle_series,true,Unknown,Ybus EMT reconstruction using exact complex bus-voltage phasors when available; otherwise diagnostic fallback
4.17,-0.0008035740502948252,-0.016822035395620327,-0.0008035740502948252,-0.016822035395620327,-0.0008035740502948252,-0.016822035395620327,-0.23728333034708518,0.6387672370048652,-0.23647975629679036,0.6555892724004855,0.0,0.0,Vmag_get_voltage_magnitude_series__angle_get_voltage_angle_series,true,Unknown,Ybus EMT reconstruction using exact complex bus-voltage phasors when available; otherwise diagnostic fallback
4.18,-0.000803843117249653,-0.016822628160267694,-0.000803843117249653,-0.016822628160267694,-0.000803843117249653,-0.016822628160267694,-0.23728359941404,0.6387666442402178,-0.23647975629679036,0.6555892724004855,0.0,0.0,Vmag_get_voltage_magnitude_series__angle_get_voltage_angle_series,true,Unknown,Ybus EMT reconstruction using exact complex bus-voltage phasors when available; otherwise diagnostic fallback
4.19,-0.0008041120721564987,-0.01682321716991253,-0.0008041120721564987,-0.01682321716991253,-0.0008041120721564987,-0.01682321716991253,-0.23728386836894685,0.638766055230573,-0.23647975629679036,0.6555892724004855,0.0,0.0,Vmag_get_voltage_magnitude_series__angle_get_voltage_angle_series,true,Unknown,Ybus EMT reconstruction using exact complex bus-voltage phasors when available; otherwise diagnostic fallback
4.2,-0.0008043808916325945,-0.01682380242147974,-0.0008043808916325945,-0.01682380242147974,-0.0008043808916325945,-0.01682380242147974,-0.23728413718842295,0.6387654699790057,-0.23647975629679036,0.6555892724004855,0.0,0.0,Vmag_get_voltage_magnitude_series__angle_get_voltage_angle_series,true,Unknown,Ybus EMT reconstruction using exact complex bus-voltage phasors when available; otherwise diagnostic fallback
4.21,-0.0008046495522198993,-0.016824383913674912,-0.0008046495522198993,-0.016824383913674912,-0.0008046495522198993,-0.016824383913674912,-0.23728440584901025,0.6387648884868106,-0.23647975629679036,0.6555892724004855,0.0,0.0,Vmag_get_voltage_magnitude_series__angle_get_voltage_angle_series,true,Unknown,Ybus EMT reconstruction using exact complex bus-voltage phasors when available; otherwise diagnostic fallback
4.22,-0.0008049180309342152,-0.016824961647054937,-0.0008049180309342152,-0.016824961647054937,-0.0008049180309342152,-0.016824961647054937,-0.23728467432772457,0.6387643107534305,-0.23647975629679036,0.6555892724004855,0.0,0.0,Vmag_get_voltage_magnitude_series__angle_get_voltage_angle_series,true,Unknown,Ybus EMT reconstruction using exact complex bus-voltage phasors when available; otherwise diagnostic fallback
4.23,-0.0008051863050238528,-0.016825535624085952,-0.0008051863050238528,-0.016825535624085952,-0.0008051863050238528,-0.016825535624085952,-0.2372849426018142,0.6387637367763995,-0.23647975629679036,0.6555892724004855,0.0,0.0,Vmag_get_voltage_magnitude_series__angle_get_voltage_angle_series,true,Unknown,Ybus EMT reconstruction using exact complex bus-voltage phasors when available; otherwise diagnostic fallback
4.24,-0.0008054543520600033,-0.016826105849329087,-0.0008054543520600033,-0.016826105849329087,-0.0008054543520600033,-0.016826105849329087,-0.23728521064885036,0.6387631665511564,-0.23647975629679036,0.6555892724004855,0.0,0.0,Vmag_get_voltage_magnitude_series__angle_get_voltage_angle_series,true,Unknown,Ybus EMT reconstruction using exact complex bus-voltage phasors when available; otherwise diagnostic fallback
4.25,-0.0008057221500786249,-0.016826672329572467,-0.0008057221500786249,-0.016826672329572467,-0.0008057221500786249,-0.016826672329572467,-0.23728547844686898,0.638762600070913,-0.23647975629679036,0.6555892724004855,0.0,0.0,Vmag_get_voltage_magnitude_series__angle_get_voltage_angle_series,true,Unknown,Ybus EMT reconstruction using exact complex bus-voltage phasors when available; otherwise diagnostic fallback
4.26,-0.0008059896773909558,-0.01682723507355144,-0.0008059896773909558,-0.01682723507355144,-0.0008059896773909558,-0.01682723507355144,-0.2372857459741813,0.638762037326934,-0.23647975629679036,0.6555892724004855,0.0,0.0,Vmag_get_voltage_magnitude_series__angle_get_voltage_angle_series,true,Unknown,Ybus EMT reconstruction using exact complex bus-voltage phasors when available; otherwise diagnostic fallback
4.27,-0.0008062569130056207,-0.01682779409276791,-0.0008062569130056207,-0.01682779409276791,-0.0008062569130056207,-0.01682779409276791,-0.23728601320979598,0.6387614783077176,-0.23647975629679036,0.6555892724004855,0.0,0.0,Vmag_get_voltage_magnitude_series__angle_get_voltage_angle_series,true,Unknown,Ybus EMT reconstruction using exact complex bus-voltage phasors when available; otherwise diagnostic fallback
4.28,-0.0008065238364091676,-0.01682834940059308,-0.0008065238364091676,-0.01682834940059308,-0.0008065238364091676,-0.01682834940059308,-0.23728628013319952,0.6387609229998924,-0.23647975629679036,0.6555892724004855,0.0,0.0,Vmag_get_voltage_magnitude_series__angle_get_voltage_angle_series,true,Unknown,Ybus EMT reconstruction using exact complex bus-voltage phasors when available; otherwise diagnostic fallback
4.29,-0.0008067904276210791,-0.01682890101276502,-0.0008067904276210791,-0.01682890101276502,-0.0008067904276210791,-0.01682890101276502,-0.23728654672441143,0.6387603713877205,-0.23647975629679036,0.6555892724004855,0.0,0.0,Vmag_get_voltage_magnitude_series__angle_get_voltage_angle_series,true,Unknown,Ybus EMT reconstruction using exact complex bus-voltage phasors when available; otherwise diagnostic fallback
4.3,-0.0008070566671885271,-0.0168294489472387,-0.0008070566671885271,-0.0168294489472387,-0.0008070566671885271,-0.0168294489472387,-0.23728681296397888,0.6387598234532468,-0.23647975629679036,0.6555892724004855,0.0,0.0,Vmag_get_voltage_magnitude_series__angle_get_voltage_angle_series,true,Unknown,Ybus EMT reconstruction using exact complex bus-voltage phasors when available; otherwise diagnostic fallback
4.31,-0.0008073225363336156,-0.01682999322416634,-0.0008073225363336156,-0.01682999322416634,-0.0008073225363336156,-0.01682999322416634,-0.23728707883312397,0.6387592791763191,-0.23647975629679036,0.6555892724004855,0.0,0.0,Vmag_get_voltage_magnitude_series__angle_get_voltage_angle_series,true,Unknown,Ybus EMT reconstruction using exact complex bus-voltage phasors when available; otherwise diagnostic fallback
4.32,-0.0008075880169257088,-0.01683053386582134,-0.0008075880169257088,-0.01683053386582134,-0.0008075880169257088,-0.01683053386582134,-0.23728734431371606,0.6387587385346641,-0.23647975629679036,0.6555892724004855,0.0,0.0,Vmag_get_voltage_magnitude_series__angle_get_voltage_angle_series,true,Unknown,Ybus EMT reconstruction using exact complex bus-voltage phasors when available; otherwise diagnostic fallback
4.33,-0.0008078530913794013,-0.016831070896397793,-0.0008078530913794013,-0.016831070896397793,-0.0008078530913794013,-0.016831070896397793,-0.23728760938816976,0.6387582015040877,-0.23647975629679036,0.6555892724004855,0.0,0.0,Vmag_get_voltage_magnitude_series__angle_get_voltage_angle_series,true,Unknown,Ybus EMT reconstruction using exact complex bus-voltage phasors when available; otherwise diagnostic fallback
4.34,-0.0008081177428017894,-0.016831604342022688,-0.0008081177428017894,-0.016831604342022688,-0.0008081177428017894,-0.016831604342022688,-0.23728787403959214,0.6387576680584628,-0.23647975629679036,0.6555892724004855,0.0,0.0,Vmag_get_voltage_magnitude_series__angle_get_voltage_angle_series,true,Unknown,Ybus EMT reconstruction using exact complex bus-voltage phasors when available; otherwise diagnostic fallback
4.35,-0.0008083819549135896,-0.016832134230631457,-0.0008083819549135896,-0.016832134230631457,-0.0008083819549135896,-0.016832134230631457,-0.23728813825170395,0.638757138169854,-0.23647975629679036,0.6555892724004855,0.0,0.0,Vmag_get_voltage_magnitude_series__angle_get_voltage_angle_series,true,Unknown,Ybus EMT reconstruction using exact complex bus-voltage phasors when available; otherwise diagnostic fallback
4.36,-0.000808645712083278,-0.016832660591798665,-0.000808645712083278,-0.016832660591798665,-0.000808645712083278,-0.016832660591798665,-0.23728840200887363,0.6387566118086868,-0.23647975629679036,0.6555892724004855,0.0,0.0,Vmag_get_voltage_magnitude_series__angle_get_voltage_angle_series,true,Unknown,Ybus EMT reconstruction using exact complex bus-voltage phasors when available; otherwise diagnostic fallback
4.37,-0.0008089089992687759,-0.016833183456500533,-0.0008089089992687759,-0.016833183456500533,-0.0008089089992687759,-0.016833183456500533,-0.23728866529605913,0.638756088943985,-0.23647975629679036,0.6555892724004855,0.0,0.0,Vmag_get_voltage_magnitude_series__angle_get_voltage_angle_series,true,Unknown,Ybus EMT reconstruction using exact complex bus-voltage phasors when available; otherwise diagnostic fallback
4.38,-0.0008091718020721561,-0.016833702857300348,-0.0008091718020721561,-0.016833702857300348,-0.0008091718020721561,-0.016833702857300348,-0.2372889280988625,0.6387555695431851,-0.23647975629679036,0.6555892724004855,0.0,0.0,Vmag_get_voltage_magnitude_series__angle_get_voltage_angle_series,true,Unknown,Ybus EMT reconstruction using exact complex bus-voltage phasors when available; otherwise diagnostic fallback
4.39,-0.000809434106689183,-0.01683421882767755,-0.000809434106689183,-0.01683421882767755,-0.000809434106689183,-0.01683421882767755,-0.23728919040347954,0.6387550535728079,-0.23647975629679036,0.6555892724004855,0.0,0.0,Vmag_get_voltage_magnitude_series__angle_get_voltage_angle_series,true,Unknown,Ybus EMT reconstruction using exact complex bus-voltage phasors when available; otherwise diagnostic fallback
4.4,-0.0008096958998531634,-0.016834731402367575,-0.0008096958998531634,-0.016834731402367575,-0.0008096958998531634,-0.016834731402367575,-0.23728945219664352,0.6387545409981179,-0.23647975629679036,0.6555892724004855,0.0,0.0,Vmag_get_voltage_magnitude_series__angle_get_voltage_angle_series,true,Unknown,Ybus EMT reconstruction using exact complex bus-voltage phasors when available; otherwise diagnostic fallback
4.41,-0.0008099571688766349,-0.016835240616790093,-0.0008099571688766349,-0.016835240616790093,-0.0008099571688766349,-0.016835240616790093,-0.237289713465667,0.6387540317836954,-0.23647975629679036,0.6555892724004855,0.0,0.0,Vmag_get_voltage_magnitude_series__angle_get_voltage_angle_series,true,Unknown,Ybus EMT reconstruction using exact complex bus-voltage phasors when available; otherwise diagnostic fallback
4.42,-0.0008102179015745115,-0.01683574650719999,-0.0008102179015745115,-0.01683574650719999,-0.0008102179015745115,-0.01683574650719999,-0.23728997419836487,0.6387535258932855,-0.23647975629679036,0.6555892724004855,0.0,0.0,Vmag_get_voltage_magnitude_series__angle_get_voltage_angle_series,true,Unknown,Ybus EMT reconstruction using exact complex bus-voltage phasors when available; otherwise diagnostic fallback
4.43,-0.0008104780862894789,-0.016836249110319113,-0.0008104780862894789,-0.016836249110319113,-0.0008104780862894789,-0.016836249110319113,-0.23729023438307983,0.6387530232901664,-0.23647975629679036,0.6555892724004855,0.0,0.0,Vmag_get_voltage_magnitude_series__angle_get_voltage_angle_series,true,Unknown,Ybus EMT reconstruction using exact complex bus-voltage phasors when available; otherwise diagnostic fallback
4.44,-0.0008107377118153625,-0.016836748463181728,-0.0008107377118153625,-0.016836748463181728,-0.0008107377118153625,-0.016836748463181728,-0.23729049400860572,0.6387525239373038,-0.23647975629679036,0.6555892724004855,0.0,0.0,Vmag_get_voltage_magnitude_series__angle_get_voltage_angle_series,true,Unknown,Ybus EMT reconstruction using exact complex bus-voltage phasors when available; otherwise diagnostic fallback
4.45,-0.000810996767347888,-0.016837244603043033,-0.000810996767347888,-0.016837244603043033,-0.000810996767347888,-0.016837244603043033,-0.23729075306413824,0.6387520277974424,-0.23647975629679036,0.6555892724004855,0.0,0.0,Vmag_get_voltage_magnitude_series__angle_get_voltage_angle_series,true,Unknown,Ybus EMT reconstruction using exact complex bus-voltage phasors when available; otherwise diagnostic fallback
4.46,-0.0008112552425482977,-0.0168377375672506,-0.0008112552425482977,-0.0168377375672506,-0.0008112552425482977,-0.0168377375672506,-0.23729101153933865,0.6387515348332349,-0.23647975629679036,0.6555892724004855,0.0,0.0,Vmag_get_voltage_magnitude_series__angle_get_voltage_angle_series,true,Unknown,Ybus EMT reconstruction using exact complex bus-voltage phasors when available; otherwise diagnostic fallback
4.47,-0.0008115131274109288,-0.016838227392993232,-0.0008115131274109288,-0.016838227392993232,-0.0008115131274109288,-0.016838227392993232,-0.23729126942420128,0.6387510450074922,-0.23647975629679036,0.6555892724004855,0.0,0.0,Vmag_get_voltage_magnitude_series__angle_get_voltage_angle_series,true,Unknown,Ybus EMT reconstruction using exact complex bus-voltage phasors when available; otherwise diagnostic fallback
4.48,-0.0008117704122418135,-0.016838714117056397,-0.0008117704122418135,-0.016838714117056397,-0.0008117704122418135,-0.016838714117056397,-0.23729152670903217,0.6387505582834291,-0.23647975629679036,0.6555892724004855,0.0,0.0,Vmag_get_voltage_magnitude_series__angle_get_voltage_angle_series,true,Unknown,Ybus EMT reconstruction using exact complex bus-voltage phasors when available; otherwise diagnostic fallback
4.49,-0.0008120270876627589,-0.016839197776068793,-0.0008120270876627589,-0.016839197776068793,-0.0008120270876627589,-0.016839197776068793,-0.23729178338445311,0.6387500746244167,-0.23647975629679036,0.6555892724004855,0.0,0.0,Vmag_get_voltage_magnitude_series__angle_get_voltage_angle_series,true,Unknown,Ybus EMT reconstruction using exact complex bus-voltage phasors when available; otherwise diagnostic fallback
4.5,-0.0008122831446013001,-0.016839678405899505,-0.0008122831446013001,-0.016839678405899505,-0.0008122831446013001,-0.016839678405899505,-0.23729203944139166,0.638749593994586,-0.23647975629679036,0.6555892724004855,0.0,0.0,Vmag_get_voltage_magnitude_series__angle_get_voltage_angle_series,true,Unknown,Ybus EMT reconstruction using exact complex bus-voltage phasors when available; otherwise diagnostic fallback
4.51,-0.0008125385741707403,-0.016840156041802667,-0.0008125385741707403,-0.016840156041802667,-0.0008125385741707403,-0.016840156041802667,-0.2372922948709611,0.6387491163586828,-0.23647975629679036,0.6555892724004855,0.0,0.0,Vmag_get_voltage_magnitude_series__angle_get_voltage_angle_series,true,Unknown,Ybus EMT reconstruction using exact complex bus-voltage phasors when available; otherwise diagnostic fallback
4.52,-0.0008127933676147225,-0.016840630718344074,-0.0008127933676147225,-0.016840630718344074,-0.0008127933676147225,-0.016840630718344074,-0.23729254966440508,0.6387486416821414,-0.23647975629679036,0.6555892724004855,0.0,0.0,Vmag_get_voltage_magnitude_series__angle_get_voltage_angle_series,true,Unknown,Ybus EMT reconstruction using exact complex bus-voltage phasors when available; otherwise diagnostic fallback
4.53,-0.0008130475165290807,-0.016841102469121072,-0.0008130475165290807,-0.016841102469121072,-0.0008130475165290807,-0.016841102469121072,-0.23729280381331944,0.6387481699313644,-0.23647975629679036,0.6555892724004855,0.0,0.0,Vmag_get_voltage_magnitude_series__angle_get_voltage_angle_series,true,Unknown,Ybus EMT reconstruction using exact complex bus-voltage phasors when available; otherwise diagnostic fallback
4.54,-0.0008133010124464213,-0.016841571326713378,-0.0008133010124464213,-0.016841571326713378,-0.0008133010124464213,-0.016841571326713378,-0.23729305730923678,0.6387477010737721,-0.23647975629679036,0.6555892724004855,0.0,0.0,Vmag_get_voltage_magnitude_series__angle_get_voltage_angle_series,true,Unknown,Ybus EMT reconstruction using exact complex bus-voltage phasors when available; otherwise diagnostic fallback
4.55,-0.0008135538470977755,-0.016842037322754022,-0.0008135538470977755,-0.016842037322754022,-0.0008135538470977755,-0.016842037322754022,-0.23729331014388813,0.6387472350777315,-0.23647975629679036,0.6555892724004855,0.0,0.0,Vmag_get_voltage_magnitude_series__angle_get_voltage_angle_series,true,Unknown,Ybus EMT reconstruction using exact complex bus-voltage phasors when available; otherwise diagnostic fallback
4.56,-0.0008138060122873381,-0.016842500487711076,-0.0008138060122873381,-0.016842500487711076,-0.0008138060122873381,-0.016842500487711076,-0.2372935623090777,0.6387467719127744,-0.23647975629679036,0.6555892724004855,0.0,0.0,Vmag_get_voltage_magnitude_series__angle_get_voltage_angle_series,true,Unknown,Ybus EMT reconstruction using exact complex bus-voltage phasors when available; otherwise diagnostic fallback
4.57,-0.0008140574998962147,-0.016842960850887434,-0.0008140574998962147,-0.016842960850887434,-0.0008140574998962147,-0.016842960850887434,-0.23729381379668657,0.638746311549598,-0.23647975629679036,0.6555892724004855,0.0,0.0,Vmag_get_voltage_magnitude_series__angle_get_voltage_angle_series,true,Unknown,Ybus EMT reconstruction using exact complex bus-voltage phasors when available; otherwise diagnostic fallback
4.58,-0.0008143083016564912,-0.016843418440258273,-0.0008143083016564912,-0.016843418440258273,-0.0008143083016564912,-0.016843418440258273,-0.23729406459844685,0.6387458539602272,-0.23647975629679036,0.6555892724004855,0.0,0.0,Vmag_get_voltage_magnitude_series__angle_get_voltage_angle_series,true,Unknown,Ybus EMT reconstruction using exact complex bus-voltage phasors when available; otherwise diagnostic fallback
4.59,-0.0008145584095051173,-0.016843873282785804,-0.0008145584095051173,-0.016843873282785804,-0.0008145584095051173,-0.016843873282785804,-0.23729431470629547,0.6387453991176997,-0.23647975629679036,0.6555892724004855,0.0,0.0,Vmag_get_voltage_magnitude_series__angle_get_voltage_angle_series,true,Unknown,Ybus EMT reconstruction using exact complex bus-voltage phasors when available; otherwise diagnostic fallback
4.6,-0.0008148078152967475,-0.016844325403938987,-0.0008148078152967475,-0.016844325403938987,-0.0008148078152967475,-0.016844325403938987,-0.2372945641120871,0.6387449469965465,-0.23647975629679036,0.6555892724004855,0.0,0.0,Vmag_get_voltage_magnitude_series__angle_get_voltage_angle_series,true,Unknown,Ybus EMT reconstruction using exact complex bus-voltage phasors when available; otherwise diagnostic fallback
4.61,-0.0008150565108339392,-0.01684477482801494,-0.0008150565108339392,-0.01684477482801494,-0.0008150565108339392,-0.01684477482801494,-0.2372948128076243,0.6387444975724705,-0.23647975629679036,0.6555892724004855,0.0,0.0,Vmag_get_voltage_magnitude_series__angle_get_voltage_angle_series,true,Unknown,Ybus EMT reconstruction using exact complex bus-voltage phasors when available; otherwise diagnostic fallback
4.62,-0.0008153044878564664,-0.016845221577979186,-0.0008153044878564664,-0.016845221577979186,-0.0008153044878564664,-0.016845221577979186,-0.23729506078464682,0.6387440508225063,-0.23647975629679036,0.6555892724004855,0.0,0.0,Vmag_get_voltage_magnitude_series__angle_get_voltage_angle_series,true,Unknown,Ybus EMT reconstruction using exact complex bus-voltage phasors when available; otherwise diagnostic fallback
4.63,-0.0008155517380220856,-0.016845665675516264,-0.0008155517380220856,-0.016845665675516264,-0.0008155517380220856,-0.016845665675516264,-0.23729530803481244,0.6387436067249692,-0.23647975629679036,0.6555892724004855,0.0,0.0,Vmag_get_voltage_magnitude_series__angle_get_voltage_angle_series,true,Unknown,Ybus EMT reconstruction using exact complex bus-voltage phasors when available; otherwise diagnostic fallback
4.64,-0.0008157982529700125,-0.016846107141165412,-0.0008157982529700125,-0.016846107141165412,-0.0008157982529700125,-0.016846107141165412,-0.23729555454976037,0.6387431652593201,-0.23647975629679036,0.6555892724004855,0.0,0.0,Vmag_get_voltage_magnitude_series__angle_get_voltage_angle_series,true,Unknown,Ybus EMT reconstruction using exact complex bus-voltage phasors when available; otherwise diagnostic fallback
4.65,-0.0008160440242334366,-0.016846545994151585,-0.0008160440242334366,-0.016846545994151585,-0.0008160440242334366,-0.016846545994151585,-0.2372958003210238,0.6387427264063339,-0.23647975629679036,0.6555892724004855,0.0,0.0,Vmag_get_voltage_magnitude_series__angle_get_voltage_angle_series,true,Unknown,Ybus EMT reconstruction using exact complex bus-voltage phasors when available; otherwise diagnostic fallback
4.66,-0.0008162890432351633,-0.016846982252445408,-0.0008162890432351633,-0.016846982252445408,-0.0008162890432351633,-0.016846982252445408,-0.23729604534002552,0.6387422901480401,-0.23647975629679036,0.6555892724004855,0.0,0.0,Vmag_get_voltage_magnitude_series__angle_get_voltage_angle_series,true,Unknown,Ybus EMT reconstruction using exact complex bus-voltage phasors when available; otherwise diagnostic fallback
4.67,-0.0008165333013059328,-0.016847415933081034,-0.0008165333013059328,-0.016847415933081034,-0.0008165333013059328,-0.016847415933081034,-0.2372962895980963,0.6387418564674044,-0.23647975629679036,0.6555892724004855,0.0,0.0,Vmag_get_voltage_magnitude_series__angle_get_voltage_angle_series,true,Unknown,Ybus EMT reconstruction using exact complex bus-voltage phasors when available; otherwise diagnostic fallback
4.68,-0.0008167767897165612,-0.016847847051825182,-0.0008167767897165612,-0.016847847051825182,-0.0008167767897165612,-0.016847847051825182,-0.23729653308650692,0.6387414253486603,-0.23647975629679036,0.6555892724004855,0.0,0.0,Vmag_get_voltage_magnitude_series__angle_get_voltage_angle_series,true,Unknown,Ybus EMT reconstruction using exact complex bus-voltage phasors when available; otherwise diagnostic fallback
4.69,-0.0008170194995705815,-0.016848275623515985,-0.0008170194995705815,-0.016848275623515985,-0.0008170194995705815,-0.016848275623515985,-0.23729677579636094,0.6387409967769695,-0.23647975629679036,0.6555892724004855,0.0,0.0,Vmag_get_voltage_magnitude_series__angle_get_voltage_angle_series,true,Unknown,Ybus EMT reconstruction using exact complex bus-voltage phasors when available; otherwise diagnostic fallback
4.7,-0.0008172614219608687,-0.01684870166198371,-0.0008172614219608687,-0.01684870166198371,-0.0008172614219608687,-0.01684870166198371,-0.23729701771875122,0.6387405707385018,-0.23647975629679036,0.6555892724004855,0.0,0.0,Vmag_get_voltage_magnitude_series__angle_get_voltage_angle_series,true,Unknown,Ybus EMT reconstruction using exact complex bus-voltage phasors when available; otherwise diagnostic fallback
4.71,-0.0008175025478607545,-0.016849125180178337,-0.0008175025478607545,-0.016849125180178337,-0.0008175025478607545,-0.016849125180178337,-0.2372972588446511,0.6387401472203071,-0.23647975629679036,0.6555892724004855,0.0,0.0,Vmag_get_voltage_magnitude_series__angle_get_voltage_angle_series,true,Unknown,Ybus EMT reconstruction using exact complex bus-voltage phasors when available; otherwise diagnostic fallback
4.72,-0.000817742868109872,-0.016849546190216613,-0.000817742868109872,-0.016849546190216613,-0.000817742868109872,-0.016849546190216613,-0.23729749916490023,0.6387397262102689,-0.23647975629679036,0.6555892724004855,0.0,0.0,Vmag_get_voltage_magnitude_series__angle_get_voltage_angle_series,true,Unknown,Ybus EMT reconstruction using exact complex bus-voltage phasors when available; otherwise diagnostic fallback
4.73,-0.0008179823735685876,-0.016849964703537612,-0.0008179823735685876,-0.016849964703537612,-0.0008179823735685876,-0.016849964703537612,-0.23729773867035894,0.6387393076969479,-0.23647975629679036,0.6555892724004855,0.0,0.0,Vmag_get_voltage_magnitude_series__angle_get_voltage_angle_series,true,Unknown,Ybus EMT reconstruction using exact complex bus-voltage phasors when available; otherwise diagnostic fallback
4.74,-0.000818221054970647,-0.016850380730823344,-0.000818221054970647,-0.016850380730823344,-0.000818221054970647,-0.016850380730823344,-0.237297977351761,0.6387388916696621,-0.23647975629679036,0.6555892724004855,0.0,0.0,Vmag_get_voltage_magnitude_series__angle_get_voltage_angle_series,true,Unknown,Ybus EMT reconstruction using exact complex bus-voltage phasors when available; otherwise diagnostic fallback
4.75,-0.0008184589030003353,-0.01685079428214098,-0.0008184589030003353,-0.01685079428214098,-0.0008184589030003353,-0.01685079428214098,-0.2372982151997907,0.6387384781183445,-0.23647975629679036,0.6555892724004855,0.0,0.0,Vmag_get_voltage_magnitude_series__angle_get_voltage_angle_series,true,Unknown,Ybus EMT reconstruction using exact complex bus-voltage phasors when available; otherwise diagnostic fallback
4.76,-0.0008186959083023859,-0.016851205367144906,-0.0008186959083023859,-0.016851205367144906,-0.0008186959083023859,-0.016851205367144906,-0.23729845220509274,0.6387380670333406,-0.23647975629679036,0.6555892724004855,0.0,0.0,Vmag_get_voltage_magnitude_series__angle_get_voltage_angle_series,true,Unknown,Ybus EMT reconstruction using exact complex bus-voltage phasors when available; otherwise diagnostic fallback
4.77,-0.0008189320615291096,-0.01685161399502577,-0.0008189320615291096,-0.01685161399502577,-0.0008189320615291096,-0.01685161399502577,-0.23729868835831947,0.6387376584054597,-0.23647975629679036,0.6555892724004855,0.0,0.0,Vmag_get_voltage_magnitude_series__angle_get_voltage_angle_series,true,Unknown,Ybus EMT reconstruction using exact complex bus-voltage phasors when available; otherwise diagnostic fallback
4.78,-0.0008191673533033406,-0.01685202017451315,-0.0008191673533033406,-0.01685202017451315,-0.0008191673533033406,-0.01685202017451315,-0.2372989236500937,0.6387372522259723,-0.23647975629679036,0.6555892724004855,0.0,0.0,Vmag_get_voltage_magnitude_series__angle_get_voltage_angle_series,true,Unknown,Ybus EMT reconstruction using exact complex bus-voltage phasors when available; otherwise diagnostic fallback
4.79,-0.0008194017741645632,-0.01685242391416053,-0.0008194017741645632,-0.01685242391416053,-0.0008194017741645632,-0.01685242391416053,-0.23729915807095492,0.638736848486325,-0.23647975629679036,0.6555892724004855,0.0,0.0,Vmag_get_voltage_magnitude_series__angle_get_voltage_angle_series,true,Unknown,Ybus EMT reconstruction using exact complex bus-voltage phasors when available; otherwise diagnostic fallback
4.8,-0.0008196353147865987,-0.016852825222288148,-0.0008196353147865987,-0.016852825222288148,-0.0008196353147865987,-0.016852825222288148,-0.23729939161157695,0.6387364471781973,-0.23647975629679036,0.6555892724004855,0.0,0.0,Vmag_get_voltage_magnitude_series__angle_get_voltage_angle_series,true,Unknown,Ybus EMT reconstruction using exact complex bus-voltage phasors when available; otherwise diagnostic fallback
4.81,-0.0008198679657974994,-0.016853224107122866,-0.0008198679657974994,-0.016853224107122866,-0.0008198679657974994,-0.016853224107122866,-0.23729962426258785,0.6387360482933626,-0.23647975629679036,0.6555892724004855,0.0,0.0,Vmag_get_voltage_magnitude_series__angle_get_voltage_angle_series,true,Unknown,Ybus EMT reconstruction using exact complex bus-voltage phasors when available; otherwise diagnostic fallback
4.82,-0.0008200997179435565,-0.0168536205766997,-0.0008200997179435565,-0.0168536205766997,-0.0008200997179435565,-0.0168536205766997,-0.2372998560147339,0.6387356518237858,-0.23647975629679036,0.6555892724004855,0.0,0.0,Vmag_get_voltage_magnitude_series__angle_get_voltage_angle_series,true,Unknown,Ybus EMT reconstruction using exact complex bus-voltage phasors when available; otherwise diagnostic fallback
4.83,-0.0008203305619037538,-0.016854014639121617,-0.0008203305619037538,-0.016854014639121617,-0.0008203305619037538,-0.016854014639121617,-0.2373000868586941,0.6387352577613639,-0.23647975629679036,0.6555892724004855,0.0,0.0,Vmag_get_voltage_magnitude_series__angle_get_voltage_angle_series,true,Unknown,Ybus EMT reconstruction using exact complex bus-voltage phasors when available; otherwise diagnostic fallback
4.84,-0.0008205604885751505,-0.016854406302612923,-0.0008205604885751505,-0.016854406302612923,-0.0008205604885751505,-0.016854406302612923,-0.2373003167853655,0.6387348660978726,-0.23647975629679036,0.6555892724004855,0.0,0.0,Vmag_get_voltage_magnitude_series__angle_get_voltage_angle_series,true,Unknown,Ybus EMT reconstruction using exact complex bus-voltage phasors when available; otherwise diagnostic fallback
4.85,-0.0008207894888603573,-0.016854795575367176,-0.0008207894888603573,-0.016854795575367176,-0.0008207894888603573,-0.016854795575367176,-0.2373005457856507,0.6387344768251183,-0.23647975629679036,0.6555892724004855,0.0,0.0,Vmag_get_voltage_magnitude_series__angle_get_voltage_angle_series,true,Unknown,Ybus EMT reconstruction using exact complex bus-voltage phasors when available; otherwise diagnostic fallback
4.86,-0.000821017553766179,-0.01685518246585127,-0.000821017553766179,-0.01685518246585127,-0.000821017553766179,-0.01685518246585127,-0.23730077385055653,0.6387340899346342,-0.23647975629679036,0.6555892724004855,0.0,0.0,Vmag_get_voltage_magnitude_series__angle_get_voltage_angle_series,true,Unknown,Ybus EMT reconstruction using exact complex bus-voltage phasors when available; otherwise diagnostic fallback
4.87,-0.0008212446744736701,-0.01685556698273072,-0.0008212446744736701,-0.01685556698273072,-0.0008212446744736701,-0.01685556698273072,-0.23730100097126403,0.6387337054177548,-0.23647975629679036,0.6555892724004855,0.0,0.0,Vmag_get_voltage_magnitude_series__angle_get_voltage_angle_series,true,Unknown,Ybus EMT reconstruction using exact complex bus-voltage phasors when available; otherwise diagnostic fallback
4.88,-0.0008214708422449035,-0.016855949134832127,-0.0008214708422449035,-0.016855949134832127,-0.0008214708422449035,-0.016855949134832127,-0.23730122713903526,0.6387333232656534,-0.23647975629679036,0.6555892724004855,0.0,0.0,Vmag_get_voltage_magnitude_series__angle_get_voltage_angle_series,true,Unknown,Ybus EMT reconstruction using exact complex bus-voltage phasors when available; otherwise diagnostic fallback
4.89,-0.0008216960485159519,-0.016856328931379227,-0.0008216960485159519,-0.016856328931379227,-0.0008216960485159519,-0.016856328931379227,-0.2373014523453063,0.6387329434691063,-0.23647975629679036,0.6555892724004855,0.0,0.0,Vmag_get_voltage_magnitude_series__angle_get_voltage_angle_series,true,Unknown,Ybus EMT reconstruction using exact complex bus-voltage phasors when available; otherwise diagnostic fallback
4.9,-0.0008219202848632756,-0.016856706381855213,-0.0008219202848632756,-0.016856706381855213,-0.0008219202848632756,-0.016856706381855213,-0.23730167658165363,0.6387325660186303,-0.23647975629679036,0.6555892724004855,0.0,0.0,Vmag_get_voltage_magnitude_series__angle_get_voltage_angle_series,true,Unknown,Ybus EMT reconstruction using exact complex bus-voltage phasors when available; otherwise diagnostic fallback
4.91,-0.0008221435430460222,-0.016857081496065462,-0.0008221435430460222,-0.016857081496065462,-0.0008221435430460222,-0.016857081496065462,-0.23730189983983638,0.63873219090442,-0.23647975629679036,0.6555892724004855,0.0,0.0,Vmag_get_voltage_magnitude_series__angle_get_voltage_angle_series,true,Unknown,Ybus EMT reconstruction using exact complex bus-voltage phasors when available; otherwise diagnostic fallback
4.92,-0.0008223658150065538,-0.016857454284244122,-0.0008223658150065538,-0.016857454284244122,-0.0008223658150065538,-0.016857454284244122,-0.2373021221117969,0.6387318181162414,-0.23647975629679036,0.6555892724004855,0.0,0.0,Vmag_get_voltage_magnitude_series__angle_get_voltage_angle_series,true,Unknown,Ybus EMT reconstruction using exact complex bus-voltage phasors when available; otherwise diagnostic fallback
4.93,-0.0008225870928537382,-0.016857824756890794,-0.0008225870928537382,-0.016857824756890794,-0.0008225870928537382,-0.016857824756890794,-0.2373023433896441,0.6387314476435947,-0.23647975629679036,0.6555892724004855,0.0,0.0,Vmag_get_voltage_magnitude_series__angle_get_voltage_angle_series,true,Unknown,Ybus EMT reconstruction using exact complex bus-voltage phasors when available; otherwise diagnostic fallback
4.94,-0.0008228073689284243,-0.01685819292497781,-0.0008228073689284243,-0.01685819292497781,-0.0008228073689284243,-0.01685819292497781,-0.23730256366571878,0.6387310794755077,-0.23647975629679036,0.6555892724004855,0.0,0.0,Vmag_get_voltage_magnitude_series__angle_get_voltage_angle_series,true,Unknown,Ybus EMT reconstruction using exact complex bus-voltage phasors when available; otherwise diagnostic fallback
4.95,-0.0008230266357441007,-0.01685855879988507,-0.0008230266357441007,-0.01685855879988507,-0.0008230266357441007,-0.01685855879988507,-0.23730278293253446,0.6387307136006004,-0.23647975629679036,0.6555892724004855,0.0,0.0,Vmag_get_voltage_magnitude_series__angle_get_voltage_angle_series,true,Unknown,Ybus EMT reconstruction using exact complex bus-voltage phasors when available; otherwise diagnostic fallback
4.96,-0.0008232448860566455,-0.016858922393239606,-0.0008232448860566455,-0.016858922393239606,-0.0008232448860566455,-0.016858922393239606,-0.237303001182847,0.6387303500072459,-0.23647975629679036,0.6555892724004855,0.0,0.0,Vmag_get_voltage_magnitude_series__angle_get_voltage_angle_series,true,Unknown,Ybus EMT reconstruction using exact complex bus-voltage phasors when available; otherwise diagnostic fallback
4.97,-0.0008234621127689301,-0.016859283717232776,-0.0008234621127689301,-0.016859283717232776,-0.0008234621127689301,-0.016859283717232776,-0.23730321840955929,0.6387299886832527,-0.23647975629679036,0.6555892724004855,0.0,0.0,Vmag_get_voltage_magnitude_series__angle_get_voltage_angle_series,true,Unknown,Ybus EMT reconstruction using exact complex bus-voltage phasors when available; otherwise diagnostic fallback
4.98,-0.0008236783090866118,-0.016859642784354922,-0.0008236783090866118,-0.016859642784354922,-0.0008236783090866118,-0.016859642784354922,-0.23730343460587697,0.6387296296161306,-0.23647975629679036,0.6555892724004855,0.0,0.0,Vmag_get_voltage_magnitude_series__angle_get_voltage_angle_series,true,Unknown,Ybus EMT reconstruction using exact complex bus-voltage phasors when available; otherwise diagnostic fallback
4.99,-0.0008238934684303978,-0.016859999607428566,-0.0008238934684303978,-0.016859999607428566,-0.0008238934684303978,-0.016859999607428566,-0.23730364976522075,0.6387292727930569,-0.23647975629679036,0.6555892724004855,0.0,0.0,Vmag_get_voltage_magnitude_series__angle_get_voltage_angle_series,true,Unknown,Ybus EMT reconstruction using exact complex bus-voltage phasors when available; otherwise diagnostic fallback
5.0,-0.0008241075843566092,-0.01686035419955889,-0.0008241075843566092,-0.01686035419955889,-0.0008241075843566092,-0.01686035419955889,-0.23730386388114696,0.6387289182009266,-0.23647975629679036,0.6555892724004855,0.0,0.0,Vmag_get_voltage_magnitude_series__angle_get_voltage_angle_series,true,Unknown,Ybus EMT reconstruction using exact complex bus-voltage phasors when available; otherwise diagnostic fallback
5.01,-0.0008243206507441148,-0.016860706574366224,-0.0008243206507441148,-0.016860706574366224,-0.0008243206507441148,-0.016860706574366224,-0.23730407694753447,0.6387285658261193,-0.23647975629679036,0.6555892724004855,0.0,0.0,Vmag_get_voltage_magnitude_series__angle_get_voltage_angle_series,true,Unknown,Ybus EMT reconstruction using exact complex bus-voltage phasors when available; otherwise diagnostic fallback
5.02,-0.0008245326616461712,-0.01686105674560323,-0.0008245326616461712,-0.01686105674560323,-0.0008245326616461712,-0.01686105674560323,-0.23730428895843653,0.6387282156548822,-0.23647975629679036,0.6555892724004855,0.0,0.0,Vmag_get_voltage_magnitude_series__angle_get_voltage_angle_series,true,Unknown,Ybus EMT reconstruction using exact complex bus-voltage phasors when available; otherwise diagnostic fallback
5.03,-0.0008247436113825724,-0.01686140472740716,-0.0008247436113825724,-0.01686140472740716,-0.0008247436113825724,-0.01686140472740716,-0.23730449990817293,0.6387278676730783,-0.23647975629679036,0.6555892724004855,0.0,0.0,Vmag_get_voltage_magnitude_series__angle_get_voltage_angle_series,true,Unknown,Ybus EMT reconstruction using exact complex bus-voltage phasors when available; otherwise diagnostic fallback
5.04,-0.000824953494429348,-0.016861750534041042,-0.000824953494429348,-0.016861750534041042,-0.000824953494429348,-0.016861750534041042,-0.2373047097912197,0.6387275218664444,-0.23647975629679036,0.6555892724004855,0.0,0.0,Vmag_get_voltage_magnitude_series__angle_get_voltage_angle_series,true,Unknown,Ybus EMT reconstruction using exact complex bus-voltage phasors when available; otherwise diagnostic fallback
5.05,-0.0008251623055205437,-0.016862094180083886,-0.0008251623055205437,-0.016862094180083886,-0.0008251623055205437,-0.016862094180083886,-0.2373049186023109,0.6387271782204016,-0.23647975629679036,0.6555892724004855,0.0,0.0,Vmag_get_voltage_magnitude_series__angle_get_voltage_angle_series,true,Unknown,Ybus EMT reconstruction using exact complex bus-voltage phasors when available; otherwise diagnostic fallback
5.06,-0.0008253700396148866,-0.016862435680324084,-0.0008253700396148866,-0.016862435680324084,-0.0008253700396148866,-0.016862435680324084,-0.23730512633640524,0.6387268367201614,-0.23647975629679036,0.6555892724004855,0.0,0.0,Vmag_get_voltage_magnitude_series__angle_get_voltage_angle_series,true,Unknown,Ybus EMT reconstruction using exact complex bus-voltage phasors when available; otherwise diagnostic fallback
5.07,-0.000825576691857538,-0.01686277504955014,-0.000825576691857538,-0.01686277504955014,-0.000825576691857538,-0.01686277504955014,-0.2373053329886479,0.6387264973509353,-0.23647975629679036,0.6555892724004855,0.0,0.0,Vmag_get_voltage_magnitude_series__angle_get_voltage_angle_series,true,Unknown,Ybus EMT reconstruction using exact complex bus-voltage phasors when available; otherwise diagnostic fallback
5.08,-0.0008257822575893914,-0.016863112302850203,-0.0008257822575893914,-0.016863112302850203,-0.0008257822575893914,-0.016863112302850203,-0.23730553855437975,0.6387261600976353,-0.23647975629679036,0.6555892724004855,0.0,0.0,Vmag_get_voltage_magnitude_series__angle_get_voltage_angle_series,true,Unknown,Ybus EMT reconstruction using exact complex bus-voltage phasors when available; otherwise diagnostic fallback
5.09,-0.0008259867323942849,-0.01686344745525259,-0.0008259867323942849,-0.01686344745525259,-0.0008259867323942849,-0.01686344745525259,-0.23730574302918464,0.6387258249452329,-0.23647975629679036,0.6555892724004855,0.0,0.0,Vmag_get_voltage_magnitude_series__angle_get_voltage_angle_series,true,Unknown,Ybus EMT reconstruction using exact complex bus-voltage phasors when available; otherwise diagnostic fallback
5.1,-0.0008261901120109605,-0.016863780521919725,-0.0008261901120109605,-0.016863780521919725,-0.0008261901120109605,-0.016863780521919725,-0.23730594640880132,0.6387254918785658,-0.23647975629679036,0.6555892724004855,0.0,0.0,Vmag_get_voltage_magnitude_series__angle_get_voltage_angle_series,true,Unknown,Ybus EMT reconstruction using exact complex bus-voltage phasors when available; otherwise diagnostic fallback
5.11,-0.0008263923923433059,-0.0168641115180036,-0.0008263923923433059,-0.0168641115180036,-0.0008263923923433059,-0.0168641115180036,-0.23730614868913366,0.6387251608824819,-0.23647975629679036,0.6555892724004855,0.0,0.0,Vmag_get_voltage_magnitude_series__angle_get_voltage_angle_series,true,Unknown,Ybus EMT reconstruction using exact complex bus-voltage phasors when available; otherwise diagnostic fallback
5.12,-0.0008265935695658533,-0.016864440458672525,-0.0008265935695658533,-0.016864440458672525,-0.0008265935695658533,-0.016864440458672525,-0.2373063498663562,0.638724831941813,-0.23647975629679036,0.6555892724004855,0.0,0.0,Vmag_get_voltage_magnitude_series__angle_get_voltage_angle_series,true,Unknown,Ybus EMT reconstruction using exact complex bus-voltage phasors when available; otherwise diagnostic fallback
5.13,-0.0008267936399196374,-0.0168647673589426,-0.0008267936399196374,-0.0168647673589426,-0.0008267936399196374,-0.0168647673589426,-0.23730654993671,0.6387245050415429,-0.23647975629679036,0.6555892724004855,0.0,0.0,Vmag_get_voltage_magnitude_series__angle_get_voltage_angle_series,true,Unknown,Ybus EMT reconstruction using exact complex bus-voltage phasors when available; otherwise diagnostic fallback
5.14,-0.0008269925998435346,-0.016865092233904977,-0.0008269925998435346,-0.016865092233904977,-0.0008269925998435346,-0.016865092233904977,-0.2373067488966339,0.6387241801665805,-0.23647975629679036,0.6555892724004855,0.0,0.0,Vmag_get_voltage_magnitude_series__angle_get_voltage_angle_series,true,Unknown,Ybus EMT reconstruction using exact complex bus-voltage phasors when available; otherwise diagnostic fallback
5.15,-0.0008271904459865032,-0.01686541509846129,-0.0008271904459865032,-0.01686541509846129,-0.0008271904459865032,-0.01686541509846129,-0.23730694674277686,0.6387238573020242,-0.23647975629679036,0.6555892724004855,0.0,0.0,Vmag_get_voltage_magnitude_series__angle_get_voltage_angle_series,true,Unknown,Ybus EMT reconstruction using exact complex bus-voltage phasors when available; otherwise diagnostic fallback
5.16,-0.0008273871750737738,-0.01686573596725527,-0.0008273871750737738,-0.01686573596725527,-0.0008273871750737738,-0.01686573596725527,-0.23730714347186413,0.6387235364332302,-0.23647975629679036,0.6555892724004855,0.0,0.0,Vmag_get_voltage_magnitude_series__angle_get_voltage_angle_series,true,Unknown,Ybus EMT reconstruction using exact complex bus-voltage phasors when available; otherwise diagnostic fallback
5.17,-0.0008275827839962779,-0.016866054854990487,-0.0008275827839962779,-0.016866054854990487,-0.0008275827839962779,-0.016866054854990487,-0.23730733908078663,0.638723217545495,-0.23647975629679036,0.6555892724004855,0.0,0.0,Vmag_get_voltage_magnitude_series__angle_get_voltage_angle_series,true,Unknown,Ybus EMT reconstruction using exact complex bus-voltage phasors when available; otherwise diagnostic fallback
5.18,-0.0008277772697822261,-0.016866371775950073,-0.0008277772697822261,-0.016866371775950073,-0.0008277772697822261,-0.016866371775950073,-0.23730753356657258,0.6387229006245354,-0.23647975629679036,0.6555892724004855,0.0,0.0,Vmag_get_voltage_magnitude_series__angle_get_voltage_angle_series,true,Unknown,Ybus EMT reconstruction using exact complex bus-voltage phasors when available; otherwise diagnostic fallback
5.19,-0.0008279706296128453,-0.01686668674436198,-0.0008279706296128453,-0.01686668674436198,-0.0008279706296128453,-0.01686668674436198,-0.2373077269264032,0.6387225856561235,-0.23647975629679036,0.6555892724004855,0.0,0.0,Vmag_get_voltage_magnitude_series__angle_get_voltage_angle_series,true,Unknown,Ybus EMT reconstruction using exact complex bus-voltage phasors when available; otherwise diagnostic fallback
5.2,-0.0008281628607229863,-0.016866999774194036,-0.0008281628607229863,-0.016866999774194036,-0.0008281628607229863,-0.016866999774194036,-0.23730791915751334,0.6387222726262914,-0.23647975629679036,0.6555892724004855,0.0,0.0,Vmag_get_voltage_magnitude_series__angle_get_voltage_angle_series,true,Unknown,Ybus EMT reconstruction using exact complex bus-voltage phasors when available; otherwise diagnostic fallback
5.21,-0.0008283539605088985,-0.016867310879077224,-0.0008283539605088985,-0.016867310879077224,-0.0008283539605088985,-0.016867310879077224,-0.23730811025729925,0.6387219615214083,-0.23647975629679036,0.6555892724004855,0.0,0.0,Vmag_get_voltage_magnitude_series__angle_get_voltage_angle_series,true,Unknown,Ybus EMT reconstruction using exact complex bus-voltage phasors when available; otherwise diagnostic fallback
5.22,-0.0008285439264565653,-0.016867620072454903,-0.0008285439264565653,-0.016867620072454903,-0.0008285439264565653,-0.016867620072454903,-0.23730830022324692,0.6387216523280306,-0.23647975629679036,0.6555892724004855,0.0,0.0,Vmag_get_voltage_magnitude_series__angle_get_voltage_angle_series,true,Unknown,Ybus EMT reconstruction using exact complex bus-voltage phasors when available; otherwise diagnostic fallback
5.23,-0.0008287327561736779,-0.01686792736741949,-0.0008287327561736779,-0.01686792736741949,-0.0008287327561736779,-0.01686792736741949,-0.23730848905296403,0.638721345033066,-0.23647975629679036,0.6555892724004855,0.0,0.0,Vmag_get_voltage_magnitude_series__angle_get_voltage_angle_series,true,Unknown,Ybus EMT reconstruction using exact complex bus-voltage phasors when available; otherwise diagnostic fallback
5.24,-0.0008289204472828327,-0.016868232776720782,-0.0008289204472828327,-0.016868232776720782,-0.0008289204472828327,-0.016868232776720782,-0.2373086767440732,0.6387210396237647,-0.23647975629679036,0.6555892724004855,0.0,0.0,Vmag_get_voltage_magnitude_series__angle_get_voltage_angle_series,true,Unknown,Ybus EMT reconstruction using exact complex bus-voltage phasors when available; otherwise diagnostic fallback
5.25,-0.0008291069975878695,-0.01686853631300389,-0.0008291069975878695,-0.01686853631300389,-0.0008291069975878695,-0.01686853631300389,-0.23730886329437823,0.6387207360874816,-0.23647975629679036,0.6555892724004855,0.0,0.0,Vmag_get_voltage_magnitude_series__angle_get_voltage_angle_series,true,Unknown,Ybus EMT reconstruction using exact complex bus-voltage phasors when available; otherwise diagnostic fallback
5.26,-0.0008292924048959871,-0.016868837988388452,-0.0008292924048959871,-0.016868837988388452,-0.0008292924048959871,-0.016868837988388452,-0.23730904870168634,0.638720434412097,-0.23647975629679036,0.6555892724004855,0.0,0.0,Vmag_get_voltage_magnitude_series__angle_get_voltage_angle_series,true,Unknown,Ybus EMT reconstruction using exact complex bus-voltage phasors when available; otherwise diagnostic fallback
5.27,-0.0008294766671985976,-0.016869137814699564,-0.0008294766671985976,-0.016869137814699564,-0.0008294766671985976,-0.016869137814699564,-0.23730923296398895,0.6387201345857859,-0.23647975629679036,0.6555892724004855,0.0,0.0,Vmag_get_voltage_magnitude_series__angle_get_voltage_angle_series,true,Unknown,Ybus EMT reconstruction using exact complex bus-voltage phasors when available; otherwise diagnostic fallback
5.28,-0.000829659782399822,-0.016869435803514965,-0.000829659782399822,-0.016869435803514965,-0.000829659782399822,-0.016869435803514965,-0.23730941607919018,0.6387198365969705,-0.23647975629679036,0.6555892724004855,0.0,0.0,Vmag_get_voltage_magnitude_series__angle_get_voltage_angle_series,true,Unknown,Ybus EMT reconstruction using exact complex bus-voltage phasors when available; otherwise diagnostic fallback
5.29,-0.0008298417485747556,-0.016869731966122292,-0.0008298417485747556,-0.016869731966122292,-0.0008298417485747556,-0.016869731966122292,-0.2373095980453651,0.6387195404343632,-0.23647975629679036,0.6555892724004855,0.0,0.0,Vmag_get_voltage_magnitude_series__angle_get_voltage_angle_series,true,Unknown,Ybus EMT reconstruction using exact complex bus-voltage phasors when available; otherwise diagnostic fallback
5.3,-0.0008300225638695202,-0.016870026313327124,-0.0008300225638695202,-0.016870026313327124,-0.0008300225638695202,-0.016870026313327124,-0.23730977886065988,0.6387192460871584,-0.23647975629679036,0.6555892724004855,0.0,0.0,Vmag_get_voltage_magnitude_series__angle_get_voltage_angle_series,true,Unknown,Ybus EMT reconstruction using exact complex bus-voltage phasors when available; otherwise diagnostic fallback
5.31,-0.0008302022264481956,-0.016870318855758293,-0.0008302022264481956,-0.016870318855758293,-0.0008302022264481956,-0.016870318855758293,-0.23730995852323855,0.6387189535447272,-0.23647975629679036,0.6555892724004855,0.0,0.0,Vmag_get_voltage_magnitude_series__angle_get_voltage_angle_series,true,Unknown,Ybus EMT reconstruction using exact complex bus-voltage phasors when available; otherwise diagnostic fallback
5.32,-0.0008303807345459713,-0.016870609603682696,-0.0008303807345459713,-0.016870609603682696,-0.0008303807345459713,-0.016870609603682696,-0.23731013703133633,0.6387186627968028,-0.23647975629679036,0.6555892724004855,0.0,0.0,Vmag_get_voltage_magnitude_series__angle_get_voltage_angle_series,true,Unknown,Ybus EMT reconstruction using exact complex bus-voltage phasors when available; otherwise diagnostic fallback
5.33,-0.0008305580864745032,-0.016870898567058257,-0.0008305580864745032,-0.016870898567058257,-0.0008305580864745032,-0.016870898567058257,-0.23731031438326486,0.6387183738334272,-0.23647975629679036,0.6555892724004855,0.0,0.0,Vmag_get_voltage_magnitude_series__angle_get_voltage_angle_series,true,Unknown,Ybus EMT reconstruction using exact complex bus-voltage phasors when available; otherwise diagnostic fallback
5.34,-0.0008307342805556339,-0.016871185755616747,-0.0008307342805556339,-0.016871185755616747,-0.0008307342805556339,-0.016871185755616747,-0.237310490577346,0.6387180866448687,-0.23647975629679036,0.6555892724004855,0.0,0.0,Vmag_get_voltage_magnitude_series__angle_get_voltage_angle_series,true,Unknown,Ybus EMT reconstruction using exact complex bus-voltage phasors when available; otherwise diagnostic fallback
5.35,-0.000830909315221201,-0.016871471178624753,-0.000830909315221201,-0.016871471178624753,-0.000830909315221201,-0.016871471178624753,-0.23731066561201156,0.6387178012218607,-0.23647975629679036,0.6555892724004855,0.0,0.0,Vmag_get_voltage_magnitude_series__angle_get_voltage_angle_series,true,Unknown,Ybus EMT reconstruction using exact complex bus-voltage phasors when available; otherwise diagnostic fallback
5.36,-0.0008310831888898307,-0.016871754845240283,-0.0008310831888898307,-0.016871754845240283,-0.0008310831888898307,-0.016871754845240283,-0.2373108394856802,0.6387175175552452,-0.23647975629679036,0.6555892724004855,0.0,0.0,Vmag_get_voltage_magnitude_series__angle_get_voltage_angle_series,true,Unknown,Ybus EMT reconstruction using exact complex bus-voltage phasors when available; otherwise diagnostic fallback
5.37,-0.0008312559000963615,-0.016872036764391307,-0.0008312559000963615,-0.016872036764391307,-0.0008312559000963615,-0.016872036764391307,-0.23731101219688672,0.6387172356360942,-0.23647975629679036,0.6555892724004855,0.0,0.0,Vmag_get_voltage_magnitude_series__angle_get_voltage_angle_series,true,Unknown,Ybus EMT reconstruction using exact complex bus-voltage phasors when available; otherwise diagnostic fallback
5.38,-0.0008314274474084116,-0.016872316944589794,-0.0008314274474084116,-0.016872316944589794,-0.0008314274474084116,-0.016872316944589794,-0.23731118374419877,0.6387169554558957,-0.23647975629679036,0.6555892724004855,0.0,0.0,Vmag_get_voltage_magnitude_series__angle_get_voltage_angle_series,true,Unknown,Ybus EMT reconstruction using exact complex bus-voltage phasors when available; otherwise diagnostic fallback
5.39,-0.0008315978294275994,-0.016872595394271994,-0.0008315978294275994,-0.016872595394271994,-0.0008315978294275994,-0.016872595394271994,-0.23731135412621795,0.6387166770062135,-0.23647975629679036,0.6555892724004855,0.0,0.0,Vmag_get_voltage_magnitude_series__angle_get_voltage_angle_series,true,Unknown,Ybus EMT reconstruction using exact complex bus-voltage phasors when available; otherwise diagnostic fallback
5.4,-0.0008317670448092507,-0.01687287212156452,-0.0008317670448092507,-0.01687287212156452,-0.0008317670448092507,-0.01687287212156452,-0.2373115233415996,0.638716400278921,-0.23647975629679036,0.6555892724004855,0.0,0.0,Vmag_get_voltage_magnitude_series__angle_get_voltage_angle_series,true,Unknown,Ybus EMT reconstruction using exact complex bus-voltage phasors when available; otherwise diagnostic fallback
5.41,-0.0008319350922992574,-0.01687314713440824,-0.0008319350922992574,-0.01687314713440824,-0.0008319350922992574,-0.01687314713440824,-0.2373116913890896,0.6387161252660772,-0.23647975629679036,0.6555892724004855,0.0,0.0,Vmag_get_voltage_magnitude_series__angle_get_voltage_angle_series,true,Unknown,Ybus EMT reconstruction using exact complex bus-voltage phasors when available; otherwise diagnostic fallback
5.42,-0.0008321019706667154,-0.01687342044055673,-0.0008321019706667154,-0.01687342044055673,-0.0008321019706667154,-0.01687342044055673,-0.23731185826745707,0.6387158519599287,-0.23647975629679036,0.6555892724004855,0.0,0.0,Vmag_get_voltage_magnitude_series__angle_get_voltage_angle_series,true,Unknown,Ybus EMT reconstruction using exact complex bus-voltage phasors when available; otherwise diagnostic fallback
5.43,-0.0008322676787547723,-0.01687369204767486,-0.0008322676787547723,-0.01687369204767486,-0.0008322676787547723,-0.01687369204767486,-0.23731202397554513,0.6387155803528106,-0.23647975629679036,0.6555892724004855,0.0,0.0,Vmag_get_voltage_magnitude_series__angle_get_voltage_angle_series,true,Unknown,Ybus EMT reconstruction using exact complex bus-voltage phasors when available; otherwise diagnostic fallback
5.44,-0.0008324322154510955,-0.016873961963190576,-0.0008324322154510955,-0.016873961963190576,-0.0008324322154510955,-0.016873961963190576,-0.23731218851224145,0.6387153104372949,-0.23647975629679036,0.6555892724004855,0.0,0.0,Vmag_get_voltage_magnitude_series__angle_get_voltage_angle_series,true,Unknown,Ybus EMT reconstruction using exact complex bus-voltage phasors when available; otherwise diagnostic fallback
5.45,-0.0008325955797283957,-0.016874230194422024,-0.0008325955797283957,-0.016874230194422024,-0.0008325955797283957,-0.016874230194422024,-0.23731235187651875,0.6387150422060635,-0.23647975629679036,0.6555892724004855,0.0,0.0,Vmag_get_voltage_magnitude_series__angle_get_voltage_angle_series,true,Unknown,Ybus EMT reconstruction using exact complex bus-voltage phasors when available; otherwise diagnostic fallback
5.46,-0.0008327577706254419,-0.01687449674853203,-0.0008327577706254419,-0.01687449674853203,-0.0008327577706254419,-0.01687449674853203,-0.2373125140674158,0.6387147756519534,-0.23647975629679036,0.6555892724004855,0.0,0.0,Vmag_get_voltage_magnitude_series__angle_get_voltage_angle_series,true,Unknown,Ybus EMT reconstruction using exact complex bus-voltage phasors when available; otherwise diagnostic fallback
5.47,-0.0008329187872104793,-0.016874761632649782,-0.0008329187872104793,-0.016874761632649782,-0.0008329187872104793,-0.016874761632649782,-0.23731267508400083,0.6387145107678357,-0.23647975629679036,0.6555892724004855,0.0,0.0,Vmag_get_voltage_magnitude_series__angle_get_voltage_angle_series,true,Unknown,Ybus EMT reconstruction using exact complex bus-voltage phasors when available; otherwise diagnostic fallback
5.48,-0.0008330786286663006,-0.016875024853794662,-0.0008330786286663006,-0.016875024853794662,-0.0008330786286663006,-0.016875024853794662,-0.23731283492545666,0.6387142475466908,-0.23647975629679036,0.6555892724004855,0.0,0.0,Vmag_get_voltage_magnitude_series__angle_get_voltage_angle_series,true,Unknown,Ybus EMT reconstruction using exact complex bus-voltage phasors when available; otherwise diagnostic fallback
5.49,-0.0008332372942040922,-0.0168752864188203,-0.0008332372942040922,-0.0168752864188203,-0.0008332372942040922,-0.0168752864188203,-0.23731299359099445,0.6387139859816652,-0.23647975629679036,0.6555892724004855,0.0,0.0,Vmag_get_voltage_magnitude_series__angle_get_voltage_angle_series,true,Unknown,Ybus EMT reconstruction using exact complex bus-voltage phasors when available; otherwise diagnostic fallback
5.5,-0.0008333947831565824,-0.016875546334655045,-0.0008333947831565824,-0.016875546334655045,-0.0008333947831565824,-0.016875546334655045,-0.23731315107994694,0.6387137260658304,-0.23647975629679036,0.6555892724004855,0.0,0.0,Vmag_get_voltage_magnitude_series__angle_get_voltage_angle_series,true,Unknown,Ybus EMT reconstruction using exact complex bus-voltage phasors when available; otherwise diagnostic fallback
5.51,-0.0008335510949034342,-0.016875804608138312,-0.0008335510949034342,-0.016875804608138312,-0.0008335510949034342,-0.016875804608138312,-0.2373133073916938,0.6387134677923472,-0.23647975629679036,0.6555892724004855,0.0,0.0,Vmag_get_voltage_magnitude_series__angle_get_voltage_angle_series,true,Unknown,Ybus EMT reconstruction using exact complex bus-voltage phasors when available; otherwise diagnostic fallback
5.52,-0.0008337062288883423,-0.01687606124597385,-0.0008337062288883423,-0.01687606124597385,-0.0008337062288883423,-0.01687606124597385,-0.2373134625256787,0.6387132111545116,-0.23647975629679036,0.6555892724004855,0.0,0.0,Vmag_get_voltage_magnitude_series__angle_get_voltage_angle_series,true,Unknown,Ybus EMT reconstruction using exact complex bus-voltage phasors when available; otherwise diagnostic fallback
5.53,-0.0008338601846742955,-0.01687631625501107,-0.0008338601846742955,-0.01687631625501107,-0.0008338601846742955,-0.01687631625501107,-0.23731361648146465,0.6387129561454744,-0.23647975629679036,0.6555892724004855,0.0,0.0,Vmag_get_voltage_magnitude_series__angle_get_voltage_angle_series,true,Unknown,Ybus EMT reconstruction using exact complex bus-voltage phasors when available; otherwise diagnostic fallback
5.54,-0.0008340129618998604,-0.016876569641944283,-0.0008340129618998604,-0.016876569641944283,-0.0008340129618998604,-0.016876569641944283,-0.23731376925869022,0.6387127027585412,-0.23647975629679036,0.6555892724004855,0.0,0.0,Vmag_get_voltage_magnitude_series__angle_get_voltage_angle_series,true,Unknown,Ybus EMT reconstruction using exact complex bus-voltage phasors when available; otherwise diagnostic fallback
5.55,-0.0008341645602702175,-0.016876821413465026,-0.0008341645602702175,-0.016876821413465026,-0.0008341645602702175,-0.016876821413465026,-0.23731392085706057,0.6387124509870205,-0.23647975629679036,0.6555892724004855,0.0,0.0,Vmag_get_voltage_magnitude_series__angle_get_voltage_angle_series,true,Unknown,Ybus EMT reconstruction using exact complex bus-voltage phasors when available; otherwise diagnostic fallback
5.56,-0.000834314979570483,-0.01687707157638485,-0.000834314979570483,-0.01687707157638485,-0.000834314979570483,-0.01687707157638485,-0.23731407127636084,0.6387122008241006,-0.23647975629679036,0.6555892724004855,0.0,0.0,Vmag_get_voltage_magnitude_series__angle_get_voltage_angle_series,true,Unknown,Ybus EMT reconstruction using exact complex bus-voltage phasors when available; otherwise diagnostic fallback
5.57,-0.0008344642197345986,-0.01687732013747023,-0.0008344642197345986,-0.01687732013747023,-0.0008344642197345986,-0.01687732013747023,-0.23731422051652495,0.6387119522630152,-0.23647975629679036,0.6555892724004855,0.0,0.0,Vmag_get_voltage_magnitude_series__angle_get_voltage_angle_series,true,Unknown,Ybus EMT reconstruction using exact complex bus-voltage phasors when available; otherwise diagnostic fallback
5.58,-0.0008346122807026679,-0.016877567103421698,-0.0008346122807026679,-0.016877567103421698,-0.0008346122807026679,-0.016877567103421698,-0.23731436857749302,0.6387117052970638,-0.23647975629679036,0.6555892724004855,0.0,0.0,Vmag_get_voltage_magnitude_series__angle_get_voltage_angle_series,true,Unknown,Ybus EMT reconstruction using exact complex bus-voltage phasors when available; otherwise diagnostic fallback
5.59,-0.0008347591625709749,-0.016877812481040255,-0.0008347591625709749,-0.016877812481040255,-0.0008347591625709749,-0.016877812481040255,-0.23731451545936133,0.6387114599194452,-0.23647975629679036,0.6555892724004855,0.0,0.0,Vmag_get_voltage_magnitude_series__angle_get_voltage_angle_series,true,Unknown,Ybus EMT reconstruction using exact complex bus-voltage phasors when available; otherwise diagnostic fallback
5.6,-0.0008349048655167945,-0.016878056277146558,-0.0008349048655167945,-0.016878056277146558,-0.0008349048655167945,-0.016878056277146558,-0.23731466116230715,0.6387112161233389,-0.23647975629679036,0.6555892724004855,0.0,0.0,Vmag_get_voltage_magnitude_series__angle_get_voltage_angle_series,true,Unknown,Ybus EMT reconstruction using exact complex bus-voltage phasors when available; otherwise diagnostic fallback
5.61,-0.0008350493897803513,-0.01687829849858813,-0.0008350493897803513,-0.01687829849858813,-0.0008350493897803513,-0.01687829849858813,-0.2373148056865707,0.6387109739018973,-0.23647975629679036,0.6555892724004855,0.0,0.0,Vmag_get_voltage_magnitude_series__angle_get_voltage_angle_series,true,Unknown,Ybus EMT reconstruction using exact complex bus-voltage phasors when available; otherwise diagnostic fallback
5.62,-0.0008351927357494182,-0.01687853915220827,-0.0008351927357494182,-0.01687853915220827,-0.0008351927357494182,-0.01687853915220827,-0.23731494903253977,0.6387107332482772,-0.23647975629679036,0.6555892724004855,0.0,0.0,Vmag_get_voltage_magnitude_series__angle_get_voltage_angle_series,true,Unknown,Ybus EMT reconstruction using exact complex bus-voltage phasors when available; otherwise diagnostic fallback
5.63,-0.0008353349038632552,-0.016878778244973303,-0.0008353349038632552,-0.016878778244973303,-0.0008353349038632552,-0.016878778244973303,-0.2373150912006536,0.6387104941555122,-0.23647975629679036,0.6555892724004855,0.0,0.0,Vmag_get_voltage_magnitude_series__angle_get_voltage_angle_series,true,Unknown,Ybus EMT reconstruction using exact complex bus-voltage phasors when available; otherwise diagnostic fallback
5.64,-0.000835475894686466,-0.016879015783713314,-0.000835475894686466,-0.016879015783713314,-0.000835475894686466,-0.016879015783713314,-0.23731523219147682,0.6387102566167722,-0.23647975629679036,0.6555892724004855,0.0,0.0,Vmag_get_voltage_magnitude_series__angle_get_voltage_angle_series,true,Unknown,Ybus EMT reconstruction using exact complex bus-voltage phasors when available; otherwise diagnostic fallback
5.65,-0.0008356157088745542,-0.0168792517753813,-0.0008356157088745542,-0.0168792517753813,-0.0008356157088745542,-0.0168792517753813,-0.2373153720056649,0.6387100206251042,-0.23647975629679036,0.6555892724004855,0.0,0.0,Vmag_get_voltage_magnitude_series__angle_get_voltage_angle_series,true,Unknown,Ybus EMT reconstruction using exact complex bus-voltage phasors when available; otherwise diagnostic fallback
5.66,-0.0008357543471591289,-0.016879486227011853,-0.0008357543471591289,-0.016879486227011853,-0.0008357543471591289,-0.016879486227011853,-0.23731551064394948,0.6387097861734736,-0.23647975629679036,0.6555892724004855,0.0,0.0,Vmag_get_voltage_magnitude_series__angle_get_voltage_angle_series,true,Unknown,Ybus EMT reconstruction using exact complex bus-voltage phasors when available; otherwise diagnostic fallback
5.67,-0.0008358918103990032,-0.016879719145637018,-0.0008358918103990032,-0.016879719145637018,-0.0008358918103990032,-0.016879719145637018,-0.23731564810718936,0.6387095532548485,-0.23647975629679036,0.6555892724004855,0.0,0.0,Vmag_get_voltage_magnitude_series__angle_get_voltage_angle_series,true,Unknown,Ybus EMT reconstruction using exact complex bus-voltage phasors when available; otherwise diagnostic fallback
5.68,-0.0008360280995165781,-0.016879950538181254,-0.0008360280995165781,-0.016879950538181254,-0.0008360280995165781,-0.016879950538181254,-0.23731578439630693,0.6387093218623042,-0.23647975629679036,0.6555892724004855,0.0,0.0,Vmag_get_voltage_magnitude_series__angle_get_voltage_angle_series,true,Unknown,Ybus EMT reconstruction using exact complex bus-voltage phasors when available; otherwise diagnostic fallback
5.69,-0.0008361632155748366,-0.016880180411851797,-0.0008361632155748366,-0.016880180411851797,-0.0008361632155748366,-0.016880180411851797,-0.2373159195123652,0.6387090919886337,-0.23647975629679036,0.6555892724004855,0.0,0.0,Vmag_get_voltage_magnitude_series__angle_get_voltage_angle_series,true,Unknown,Ybus EMT reconstruction using exact complex bus-voltage phasors when available; otherwise diagnostic fallback
5.7,-0.0008362971597011548,-0.016880408773512934,-0.0008362971597011548,-0.016880408773512934,-0.0008362971597011548,-0.016880408773512934,-0.2373160534564915,0.6387088636269725,-0.23647975629679036,0.6555892724004855,0.0,0.0,Vmag_get_voltage_magnitude_series__angle_get_voltage_angle_series,true,Unknown,Ybus EMT reconstruction using exact complex bus-voltage phasors when available; otherwise diagnostic fallback
5.71,-0.0008364299331101166,-0.016880635630376895,-0.0008364299331101166,-0.016880635630376895,-0.0008364299331101166,-0.016880635630376895,-0.23731618622990047,0.6387086367701086,-0.23647975629679036,0.6555892724004855,0.0,0.0,Vmag_get_voltage_magnitude_series__angle_get_voltage_angle_series,true,Unknown,Ybus EMT reconstruction using exact complex bus-voltage phasors when available; otherwise diagnostic fallback
5.72,-0.0008365615371352941,-0.016880860989419766,-0.0008365615371352941,-0.016880860989419766,-0.0008365615371352941,-0.016880860989419766,-0.23731631783392565,0.6387084114110657,-0.23647975629679036,0.6555892724004855,0.0,0.0,Vmag_get_voltage_magnitude_series__angle_get_voltage_angle_series,true,Unknown,Ybus EMT reconstruction using exact complex bus-voltage phasors when available; otherwise diagnostic fallback
5.73,-0.0008366919731682132,-0.01688108485774198,-0.0008366919731682132,-0.01688108485774198,-0.0008366919731682132,-0.01688108485774198,-0.23731644826995857,0.6387081875427435,-0.23647975629679036,0.6555892724004855,0.0,0.0,Vmag_get_voltage_magnitude_series__angle_get_voltage_angle_series,true,Unknown,Ybus EMT reconstruction using exact complex bus-voltage phasors when available; otherwise diagnostic fallback
5.74,-0.0008368212427306287,-0.016881307242462618,-0.0008368212427306287,-0.016881307242462618,-0.0008368212427306287,-0.016881307242462618,-0.23731657753952098,0.6387079651580229,-0.23647975629679036,0.6555892724004855,0.0,0.0,Vmag_get_voltage_magnitude_series__angle_get_voltage_angle_series,true,Unknown,Ybus EMT reconstruction using exact complex bus-voltage phasors when available; otherwise diagnostic fallback
5.75,-0.0008369493473921186,-0.01688152815053512,-0.0008369493473921186,-0.01688152815053512,-0.0008369493473921186,-0.01688152815053512,-0.23731670564418247,0.6387077442499504,-0.23647975629679036,0.6555892724004855,0.0,0.0,Vmag_get_voltage_magnitude_series__angle_get_voltage_angle_series,true,Unknown,Ybus EMT reconstruction using exact complex bus-voltage phasors when available; otherwise diagnostic fallback
5.76,-0.00083707628884086,-0.016881747589041596,-0.00083707628884086,-0.016881747589041596,-0.00083707628884086,-0.016881747589041596,-0.23731683258563122,0.6387075248114439,-0.23647975629679036,0.6555892724004855,0.0,0.0,Vmag_get_voltage_magnitude_series__angle_get_voltage_angle_series,true,Unknown,Ybus EMT reconstruction using exact complex bus-voltage phasors when available; otherwise diagnostic fallback
5.77,-0.0008372020688252046,-0.016881965564962464,-0.0008372020688252046,-0.016881965564962464,-0.0008372020688252046,-0.016881965564962464,-0.23731695836561556,0.638707306835523,-0.23647975629679036,0.6555892724004855,0.0,0.0,Vmag_get_voltage_magnitude_series__angle_get_voltage_angle_series,true,Unknown,Ybus EMT reconstruction using exact complex bus-voltage phasors when available; otherwise diagnostic fallback
5.78,-0.0008373266892156561,-0.016882182085226738,-0.0008373266892156561,-0.016882182085226738,-0.0008373266892156561,-0.016882182085226738,-0.237317082986006,0.6387070903152587,-0.23647975629679036,0.6555892724004855,0.0,0.0,Vmag_get_voltage_magnitude_series__angle_get_voltage_angle_series,true,Unknown,Ybus EMT reconstruction using exact complex bus-voltage phasors when available; otherwise diagnostic fallback
5.79,-0.0008374501518787214,-0.0168823971568397,-0.0008374501518787214,-0.0168823971568397,-0.0008374501518787214,-0.0168823971568397,-0.23731720644866908,0.6387068752436458,-0.23647975629679036,0.6555892724004855,0.0,0.0,Vmag_get_voltage_magnitude_series__angle_get_voltage_angle_series,true,Unknown,Ybus EMT reconstruction using exact complex bus-voltage phasors when available; otherwise diagnostic fallback
5.8,-0.0008375724588905176,-0.016882610786634333,-0.0008375724588905176,-0.016882610786634333,-0.0008375724588905176,-0.016882610786634333,-0.23731732875568087,0.6387066616138511,-0.23647975629679036,0.6555892724004855,0.0,0.0,Vmag_get_voltage_magnitude_series__angle_get_voltage_angle_series,true,Unknown,Ybus EMT reconstruction using exact complex bus-voltage phasors when available; otherwise diagnostic fallback
5.81,-0.0008376936122833634,-0.016882822981465817,-0.0008376936122833634,-0.016882822981465817,-0.0008376936122833634,-0.016882822981465817,-0.23731744990907372,0.6387064494190197,-0.23647975629679036,0.6555892724004855,0.0,0.0,Vmag_get_voltage_magnitude_series__angle_get_voltage_angle_series,true,Unknown,Ybus EMT reconstruction using exact complex bus-voltage phasors when available; otherwise diagnostic fallback
5.82,-0.0008378136142090375,-0.016883033748070875,-0.0008378136142090375,-0.016883033748070875,-0.0008378136142090375,-0.016883033748070875,-0.2373175699109994,0.6387062386524146,-0.23647975629679036,0.6555892724004855,0.0,0.0,Vmag_get_voltage_magnitude_series__angle_get_voltage_angle_series,true,Unknown,Ybus EMT reconstruction using exact complex bus-voltage phasors when available; otherwise diagnostic fallback
5.83,-0.0008379324669418042,-0.016883243093231193,-0.0008379324669418042,-0.016883243093231193,-0.0008379324669418042,-0.016883243093231193,-0.23731768876373216,0.6387060293072543,-0.23647975629679036,0.6555892724004855,0.0,0.0,Vmag_get_voltage_magnitude_series__angle_get_voltage_angle_series,true,Unknown,Ybus EMT reconstruction using exact complex bus-voltage phasors when available; otherwise diagnostic fallback
5.84,-0.0008380501726949763,-0.016883451023531948,-0.0008380501726949763,-0.016883451023531948,-0.0008380501726949763,-0.016883451023531948,-0.23731780646948533,0.6387058213769535,-0.23647975629679036,0.6555892724004855,0.0,0.0,Vmag_get_voltage_magnitude_series__angle_get_voltage_angle_series,true,Unknown,Ybus EMT reconstruction using exact complex bus-voltage phasors when available; otherwise diagnostic fallback
5.85,-0.0008381667339121823,-0.016883657545592068,-0.0008381667339121823,-0.016883657545592068,-0.0008381667339121823,-0.016883657545592068,-0.23731792303070254,0.6387056148548934,-0.23647975629679036,0.6555892724004855,0.0,0.0,Vmag_get_voltage_magnitude_series__angle_get_voltage_angle_series,true,Unknown,Ybus EMT reconstruction using exact complex bus-voltage phasors when available; otherwise diagnostic fallback
5.86,-0.0008382821529774598,-0.016883862665935334,-0.0008382821529774598,-0.016883862665935334,-0.0008382821529774598,-0.016883862665935334,-0.23731803844976782,0.6387054097345501,-0.23647975629679036,0.6555892724004855,0.0,0.0,Vmag_get_voltage_magnitude_series__angle_get_voltage_angle_series,true,Unknown,Ybus EMT reconstruction using exact complex bus-voltage phasors when available; otherwise diagnostic fallback
5.87,-0.0008383964324039372,-0.016884066390964292,-0.0008383964324039372,-0.016884066390964292,-0.0008383964324039372,-0.016884066390964292,-0.2373181527291943,0.6387052060095212,-0.23647975629679036,0.6555892724004855,0.0,0.0,Vmag_get_voltage_magnitude_series__angle_get_voltage_angle_series,true,Unknown,Ybus EMT reconstruction using exact complex bus-voltage phasors when available; otherwise diagnostic fallback
5.88,-0.0008385095747623084,-0.01688426872704718,-0.0008385095747623084,-0.01688426872704718,-0.0008385095747623084,-0.01688426872704718,-0.23731826587155266,0.6387050036734383,-0.23647975629679036,0.6555892724004855,0.0,0.0,Vmag_get_voltage_magnitude_series__angle_get_voltage_angle_series,true,Unknown,Ybus EMT reconstruction using exact complex bus-voltage phasors when available; otherwise diagnostic fallback
5.89,-0.0008386215826606536,-0.01688446968038071,-0.0008386215826606536,-0.01688446968038071,-0.0008386215826606536,-0.01688446968038071,-0.237318377879451,0.6387048027201048,-0.23647975629679036,0.6555892724004855,0.0,0.0,Vmag_get_voltage_magnitude_series__angle_get_voltage_angle_series,true,Unknown,Ybus EMT reconstruction using exact complex bus-voltage phasors when available; otherwise diagnostic fallback
5.9,-0.0008387324587436629,-0.01688466925722809,-0.0008387324587436629,-0.01688466925722809,-0.0008387324587436629,-0.01688466925722809,-0.23731848875553402,0.6387046031432574,-0.23647975629679036,0.6555892724004855,0.0,0.0,Vmag_get_voltage_magnitude_series__angle_get_voltage_angle_series,true,Unknown,Ybus EMT reconstruction using exact complex bus-voltage phasors when available; otherwise diagnostic fallback
5.91,-0.0008388422057626077,-0.016884867463742292,-0.0008388422057626077,-0.016884867463742292,-0.0008388422057626077,-0.016884867463742292,-0.23731859850255296,0.6387044049367432,-0.23647975629679036,0.6555892724004855,0.0,0.0,Vmag_get_voltage_magnitude_series__angle_get_voltage_angle_series,true,Unknown,Ybus EMT reconstruction using exact complex bus-voltage phasors when available; otherwise diagnostic fallback
5.92,-0.0008389508265370382,-0.01688506430579295,-0.0008389508265370382,-0.01688506430579295,-0.0008389508265370382,-0.01688506430579295,-0.2373187071233274,0.6387042080946925,-0.23647975629679036,0.6555892724004855,0.0,0.0,Vmag_get_voltage_magnitude_series__angle_get_voltage_angle_series,true,Unknown,Ybus EMT reconstruction using exact complex bus-voltage phasors when available; otherwise diagnostic fallback
5.93,-0.0008390583238755134,-0.016885259789278906,-0.0008390583238755134,-0.016885259789278906,-0.0008390583238755134,-0.016885259789278906,-0.23731881462066587,0.6387040126112066,-0.23647975629679036,0.6555892724004855,0.0,0.0,Vmag_get_voltage_magnitude_series__angle_get_voltage_angle_series,true,Unknown,Ybus EMT reconstruction using exact complex bus-voltage phasors when available; otherwise diagnostic fallback
5.94,-0.0008391647006456004,-0.016885453920160054,-0.0008391647006456004,-0.016885453920160054,-0.0008391647006456004,-0.016885453920160054,-0.23731892099743596,0.6387038184803254,-0.23647975629679036,0.6555892724004855,0.0,0.0,Vmag_get_voltage_magnitude_series__angle_get_voltage_angle_series,true,Unknown,Ybus EMT reconstruction using exact complex bus-voltage phasors when available; otherwise diagnostic fallback
5.95,-0.0008392699598309683,-0.016885646704033697,-0.0008392699598309683,-0.016885646704033697,-0.0008392699598309683,-0.016885646704033697,-0.23731902625662132,0.6387036256964518,-0.23647975629679036,0.6555892724004855,0.0,0.0,Vmag_get_voltage_magnitude_series__angle_get_voltage_angle_series,true,Unknown,Ybus EMT reconstruction using exact complex bus-voltage phasors when available; otherwise diagnostic fallback
5.96,-0.0008393741043860592,-0.016885838146645904,-0.0008393741043860592,-0.016885838146645904,-0.0008393741043860592,-0.016885838146645904,-0.23731913040117641,0.6387034342538396,-0.23647975629679036,0.6555892724004855,0.0,0.0,Vmag_get_voltage_magnitude_series__angle_get_voltage_angle_series,true,Unknown,Ybus EMT reconstruction using exact complex bus-voltage phasors when available; otherwise diagnostic fallback
5.97,-0.0008394771373800569,-0.0168860282534794,-0.0008394771373800569,-0.0168860282534794,-0.0008394771373800569,-0.0168860282534794,-0.2373192334341704,0.6387032441470061,-0.23647975629679036,0.6555892724004855,0.0,0.0,Vmag_get_voltage_magnitude_series__angle_get_voltage_angle_series,true,Unknown,Ybus EMT reconstruction using exact complex bus-voltage phasors when available; otherwise diagnostic fallback
5.98,-0.0008395790618861976,-0.01688621703007054,-0.0008395790618861976,-0.01688621703007054,-0.0008395790618861976,-0.01688621703007054,-0.23731933535867655,0.6387030553704149,-0.23647975629679036,0.6555892724004855,0.0,0.0,Vmag_get_voltage_magnitude_series__angle_get_voltage_angle_series,true,Unknown,Ybus EMT reconstruction using exact complex bus-voltage phasors when available; otherwise diagnostic fallback
5.99,-0.0008396798810090533,-0.016886404481721518,-0.0008396798810090533,-0.016886404481721518,-0.0008396798810090533,-0.016886404481721518,-0.2373194361777994,0.638702867918764,-0.23647975629679036,0.6555892724004855,0.0,0.0,Vmag_get_voltage_magnitude_series__angle_get_voltage_angle_series,true,Unknown,Ybus EMT reconstruction using exact complex bus-voltage phasors when available; otherwise diagnostic fallback
6.0,-0.0008397795979501188,-0.016886590613765406,-0.0008397795979501188,-0.016886590613765406,-0.0008397795979501188,-0.016886590613765406,-0.23731953589474047,0.6387026817867201,-0.23647975629679036,0.6555892724004855,0.0,0.0,Vmag_get_voltage_magnitude_series__angle_get_voltage_angle_series,true,Unknown,Ybus EMT reconstruction using exact complex bus-voltage phasors when available; otherwise diagnostic fallback
6.01,-0.0008398782158979823,-0.01688677543139938,-0.0008398782158979823,-0.01688677543139938,-0.0008398782158979823,-0.01688677543139938,-0.23731963451268834,0.6387024969690861,-0.23647975629679036,0.6555892724004855,0.0,0.0,Vmag_get_voltage_magnitude_series__angle_get_voltage_angle_series,true,Unknown,Ybus EMT reconstruction using exact complex bus-voltage phasors when available; otherwise diagnostic fallback
6.02,-0.0008399757381420125,-0.016886958939787866,-0.0008399757381420125,-0.016886958939787866,-0.0008399757381420125,-0.016886958939787866,-0.23731973203493237,0.6387023134606976,-0.23647975629679036,0.6555892724004855,0.0,0.0,Vmag_get_voltage_magnitude_series__angle_get_voltage_angle_series,true,Unknown,Ybus EMT reconstruction using exact complex bus-voltage phasors when available; otherwise diagnostic fallback
6.03,-0.0008400721679698853,-0.016887141143938966,-0.0008400721679698853,-0.016887141143938966,-0.0008400721679698853,-0.016887141143938966,-0.23731982846476024,0.6387021312565465,-0.23647975629679036,0.6555892724004855,0.0,0.0,Vmag_get_voltage_magnitude_series__angle_get_voltage_angle_series,true,Unknown,Ybus EMT reconstruction using exact complex bus-voltage phasors when available; otherwise diagnostic fallback
6.04,-0.0008401675087110483,-0.016887322048904974,-0.0008401675087110483,-0.016887322048904974,-0.0008401675087110483,-0.016887322048904974,-0.2373199238055014,0.6387019503515805,-0.23647975629679036,0.6555892724004855,0.0,0.0,Vmag_get_voltage_magnitude_series__angle_get_voltage_angle_series,true,Unknown,Ybus EMT reconstruction using exact complex bus-voltage phasors when available; otherwise diagnostic fallback
6.05,-0.0008402617637591481,-0.016887501659493598,-0.0008402617637591481,-0.016887501659493598,-0.0008402617637591481,-0.016887501659493598,-0.2373200180605495,0.6387017707409919,-0.23647975629679036,0.6555892724004855,0.0,0.0,Vmag_get_voltage_magnitude_series__angle_get_voltage_angle_series,true,Unknown,Ybus EMT reconstruction using exact complex bus-voltage phasors when available; otherwise diagnostic fallback
6.06,-0.0008403549365123553,-0.016887679980683856,-0.0008403549365123553,-0.016887679980683856,-0.0008403549365123553,-0.016887679980683856,-0.2373201112333027,0.6387015924198016,-0.23647975629679036,0.6555892724004855,0.0,0.0,Vmag_get_voltage_magnitude_series__angle_get_voltage_angle_series,true,Unknown,Ybus EMT reconstruction using exact complex bus-voltage phasors when available; otherwise diagnostic fallback
6.07,-0.0008404470304668454,-0.016887857017188757,-0.0008404470304668454,-0.016887857017188757,-0.0008404470304668454,-0.016887857017188757,-0.2373202033272572,0.6387014153832967,-0.23647975629679036,0.6555892724004855,0.0,0.0,Vmag_get_voltage_magnitude_series__angle_get_voltage_angle_series,true,Unknown,Ybus EMT reconstruction using exact complex bus-voltage phasors when available; otherwise diagnostic fallback
6.08,-0.0008405380491409431,-0.016888032773693773,-0.0008405380491409431,-0.016888032773693773,-0.0008405380491409431,-0.016888032773693773,-0.2373202943459313,0.6387012396267917,-0.23647975629679036,0.6555892724004855,0.0,0.0,Vmag_get_voltage_magnitude_series__angle_get_voltage_angle_series,true,Unknown,Ybus EMT reconstruction using exact complex bus-voltage phasors when available; otherwise diagnostic fallback
6.09,-0.0008406279960071761,-0.01688820725487472,-0.0008406279960071761,-0.01688820725487472,-0.0008406279960071761,-0.01688820725487472,-0.23732038429279753,0.6387010651456108,-0.23647975629679036,0.6555892724004855,0.0,0.0,Vmag_get_voltage_magnitude_series__angle_get_voltage_angle_series,true,Unknown,Ybus EMT reconstruction using exact complex bus-voltage phasors when available; otherwise diagnostic fallback
6.1,-0.0008407168746711602,-0.016888380465444275,-0.0008407168746711602,-0.016888380465444275,-0.0008407168746711602,-0.016888380465444275,-0.23732047317146152,0.6387008919350412,-0.23647975629679036,0.6555892724004855,0.0,0.0,Vmag_get_voltage_magnitude_series__angle_get_voltage_angle_series,true,Unknown,Ybus EMT reconstruction using exact complex bus-voltage phasors when available; otherwise diagnostic fallback
6.11,-0.0008408046887873055,-0.016888552409874635,-0.0008408046887873055,-0.016888552409874635,-0.0008408046887873055,-0.016888552409874635,-0.23732056098557766,0.6387007199906108,-0.23647975629679036,0.6555892724004855,0.0,0.0,Vmag_get_voltage_magnitude_series__angle_get_voltage_angle_series,true,Unknown,Ybus EMT reconstruction using exact complex bus-voltage phasors when available; otherwise diagnostic fallback
6.12,-0.0008408914419654745,-0.016888723092695734,-0.0008408914419654745,-0.016888723092695734,-0.0008408914419654745,-0.016888723092695734,-0.23732064773875583,0.6387005493077897,-0.23647975629679036,0.6555892724004855,0.0,0.0,Vmag_get_voltage_magnitude_series__angle_get_voltage_angle_series,true,Unknown,Ybus EMT reconstruction using exact complex bus-voltage phasors when available; otherwise diagnostic fallback
6.13,-0.0008409771379395137,-0.0168888925184163,-0.0008409771379395137,-0.0168888925184163,-0.0008409771379395137,-0.0168888925184163,-0.23732073343472987,0.6387003798820692,-0.23647975629679036,0.6555892724004855,0.0,0.0,Vmag_get_voltage_magnitude_series__angle_get_voltage_angle_series,true,Unknown,Ybus EMT reconstruction using exact complex bus-voltage phasors when available; otherwise diagnostic fallback
6.14,-0.0008410617804310294,-0.016889060691529956,-0.0008410617804310294,-0.016889060691529956,-0.0008410617804310294,-0.016889060691529956,-0.23732081807722138,0.6387002117089555,-0.23647975629679036,0.6555892724004855,0.0,0.0,Vmag_get_voltage_magnitude_series__angle_get_voltage_angle_series,true,Unknown,Ybus EMT reconstruction using exact complex bus-voltage phasors when available; otherwise diagnostic fallback
6.15,-0.0008411453731928253,-0.016889227616290525,-0.0008411453731928253,-0.016889227616290525,-0.0008411453731928253,-0.016889227616290525,-0.23732090166998318,0.638700044784195,-0.23647975629679036,0.6555892724004855,0.0,0.0,Vmag_get_voltage_magnitude_series__angle_get_voltage_angle_series,true,Unknown,Ybus EMT reconstruction using exact complex bus-voltage phasors when available; otherwise diagnostic fallback
6.16,-0.0008412279200614159,-0.01688939329718553,-0.0008412279200614159,-0.01688939329718553,-0.0008412279200614159,-0.01688939329718553,-0.23732098421685177,0.6386998791033,-0.23647975629679036,0.6555892724004855,0.0,0.0,Vmag_get_voltage_magnitude_series__angle_get_voltage_angle_series,true,Unknown,Ybus EMT reconstruction using exact complex bus-voltage phasors when available; otherwise diagnostic fallback
6.17,-0.0008413094248854169,-0.01688955773855383,-0.0008413094248854169,-0.01688955773855383,-0.0008413094248854169,-0.01688955773855383,-0.23732106572167577,0.6386997146619317,-0.23647975629679036,0.6555892724004855,0.0,0.0,Vmag_get_voltage_magnitude_series__angle_get_voltage_angle_series,true,Unknown,Ybus EMT reconstruction using exact complex bus-voltage phasors when available; otherwise diagnostic fallback
6.18,-0.0008413898915402285,-0.016889720944696318,-0.0008413898915402285,-0.016889720944696318,-0.0008413898915402285,-0.016889720944696318,-0.23732114618833058,0.6386995514557892,-0.23647975629679036,0.6555892724004855,0.0,0.0,Vmag_get_voltage_magnitude_series__angle_get_voltage_angle_series,true,Unknown,Ybus EMT reconstruction using exact complex bus-voltage phasors when available; otherwise diagnostic fallback
6.19,-0.0008414693239706117,-0.01688988291996374,-0.0008414693239706117,-0.01688988291996374,-0.0008414693239706117,-0.01688988291996374,-0.23732122562076097,0.6386993894805217,-0.23647975629679036,0.6555892724004855,0.0,0.0,Vmag_get_voltage_magnitude_series__angle_get_voltage_angle_series,true,Unknown,Ybus EMT reconstruction using exact complex bus-voltage phasors when available; otherwise diagnostic fallback
6.2,-0.0008415477261139448,-0.016890043668560506,-0.0008415477261139448,-0.016890043668560506,-0.0008415477261139448,-0.016890043668560506,-0.2373213040229043,0.638699228731925,-0.23647975629679036,0.6555892724004855,0.0,0.0,Vmag_get_voltage_magnitude_series__angle_get_voltage_angle_series,true,Unknown,Ybus EMT reconstruction using exact complex bus-voltage phasors when available; otherwise diagnostic fallback
6.21,-0.0008416251020053611,-0.016890203194770415,-0.0008416251020053611,-0.016890203194770415,-0.0008416251020053611,-0.016890203194770415,-0.23732138139879572,0.6386990692057151,-0.23647975629679036,0.6555892724004855,0.0,0.0,Vmag_get_voltage_magnitude_series__angle_get_voltage_angle_series,true,Unknown,Ybus EMT reconstruction using exact complex bus-voltage phasors when available; otherwise diagnostic fallback
6.22,-0.0008417014556661995,-0.01689036150288714,-0.0008417014556661995,-0.01689036150288714,-0.0008417014556661995,-0.01689036150288714,-0.23732145775245655,0.6386989108975983,-0.23647975629679036,0.6555892724004855,0.0,0.0,Vmag_get_voltage_magnitude_series__angle_get_voltage_angle_series,true,Unknown,Ybus EMT reconstruction using exact complex bus-voltage phasors when available; otherwise diagnostic fallback
6.23,-0.0008417767911831908,-0.016890518597153625,-0.0008417767911831908,-0.016890518597153625,-0.0008417767911831908,-0.016890518597153625,-0.23732153308797355,0.6386987538033319,-0.23647975629679036,0.6555892724004855,0.0,0.0,Vmag_get_voltage_magnitude_series__angle_get_voltage_angle_series,true,Unknown,Ybus EMT reconstruction using exact complex bus-voltage phasors when available; otherwise diagnostic fallback
6.24,-0.0008418511126839501,-0.016890674481681467,-0.0008418511126839501,-0.016890674481681467,-0.0008418511126839501,-0.016890674481681467,-0.2373216074094743,0.638698597918804,-0.23647975629679036,0.6555892724004855,0.0,0.0,Vmag_get_voltage_magnitude_series__angle_get_voltage_angle_series,true,Unknown,Ybus EMT reconstruction using exact complex bus-voltage phasors when available; otherwise diagnostic fallback
6.25,-0.0008419244243056123,-0.016890829160837062,-0.0008419244243056123,-0.016890829160837062,-0.0008419244243056123,-0.016890829160837062,-0.23732168072109597,0.6386984432396484,-0.23647975629679036,0.6555892724004855,0.0,0.0,Vmag_get_voltage_magnitude_series__angle_get_voltage_angle_series,true,Unknown,Ybus EMT reconstruction using exact complex bus-voltage phasors when available; otherwise diagnostic fallback
6.26,-0.0008419967302648323,-0.016890982638745555,-0.0008419967302648323,-0.016890982638745555,-0.0008419967302648323,-0.016890982638745555,-0.2373217530270552,0.6386982897617399,-0.23647975629679036,0.6555892724004855,0.0,0.0,Vmag_get_voltage_magnitude_series__angle_get_voltage_angle_series,true,Unknown,Ybus EMT reconstruction using exact complex bus-voltage phasors when available; otherwise diagnostic fallback
6.27,-0.0008420680347563381,-0.016891134919582607,-0.0008420680347563381,-0.016891134919582607,-0.0008420680347563381,-0.016891134919582607,-0.2373218243315467,0.6386981374809029,-0.23647975629679036,0.6555892724004855,0.0,0.0,Vmag_get_voltage_magnitude_series__angle_get_voltage_angle_series,true,Unknown,Ybus EMT reconstruction using exact complex bus-voltage phasors when available; otherwise diagnostic fallback
6.28,-0.0008421383420819106,-0.0168912860076601,-0.0008421383420819106,-0.0168912860076601,-0.0008421383420819106,-0.0168912860076601,-0.23732189463887227,0.6386979863928254,-0.23647975629679036,0.6555892724004855,0.0,0.0,Vmag_get_voltage_magnitude_series__angle_get_voltage_angle_series,true,Unknown,Ybus EMT reconstruction using exact complex bus-voltage phasors when available; otherwise diagnostic fallback
6.29,-0.0008422076565297587,-0.016891435907024133,-0.0008422076565297587,-0.016891435907024133,-0.0008422076565297587,-0.016891435907024133,-0.23732196395332011,0.6386978364934613,-0.23647975629679036,0.6555892724004855,0.0,0.0,Vmag_get_voltage_magnitude_series__angle_get_voltage_angle_series,true,Unknown,Ybus EMT reconstruction using exact complex bus-voltage phasors when available; otherwise diagnostic fallback
6.3,-0.0008422759824563697,-0.01689158462194884,-0.0008422759824563697,-0.01689158462194884,-0.0008422759824563697,-0.01689158462194884,-0.23732203227924673,0.6386976877785366,-0.23647975629679036,0.6555892724004855,0.0,0.0,Vmag_get_voltage_magnitude_series__angle_get_voltage_angle_series,true,Unknown,Ybus EMT reconstruction using exact complex bus-voltage phasors when available; otherwise diagnostic fallback
6.31,-0.0008423433242222556,-0.01689173215664319,-0.0008423433242222556,-0.01689173215664319,-0.0008423433242222556,-0.01689173215664319,-0.2373220996210126,0.6386975402438423,-0.23647975629679036,0.6555892724004855,0.0,0.0,Vmag_get_voltage_magnitude_series__angle_get_voltage_angle_series,true,Unknown,Ybus EMT reconstruction using exact complex bus-voltage phasors when available; otherwise diagnostic fallback
6.32,-0.0008424096862504893,-0.016891878515244096,-0.0008424096862504893,-0.016891878515244096,-0.0008424096862504893,-0.016891878515244096,-0.23732216598304084,0.6386973938852414,-0.23647975629679036,0.6555892724004855,0.0,0.0,Vmag_get_voltage_magnitude_series__angle_get_voltage_angle_series,true,Unknown,Ybus EMT reconstruction using exact complex bus-voltage phasors when available; otherwise diagnostic fallback
6.33,-0.000842475072974469,-0.016892023701832626,-0.000842475072974469,-0.016892023701832626,-0.000842475072974469,-0.016892023701832626,-0.23732223136976482,0.6386972486986529,-0.23647975629679036,0.6555892724004855,0.0,0.0,Vmag_get_voltage_magnitude_series__angle_get_voltage_angle_series,true,Unknown,Ybus EMT reconstruction using exact complex bus-voltage phasors when available; otherwise diagnostic fallback
6.34,-0.0008425394888850746,-0.016892167720766627,-0.0008425394888850746,-0.016892167720766627,-0.0008425394888850746,-0.016892167720766627,-0.23732229578567543,0.6386971046797189,-0.23647975629679036,0.6555892724004855,0.0,0.0,Vmag_get_voltage_magnitude_series__angle_get_voltage_angle_series,true,Unknown,Ybus EMT reconstruction using exact complex bus-voltage phasors when available; otherwise diagnostic fallback
6.35,-0.000842602938509629,-0.016892310576070102,-0.000842602938509629,-0.016892310576070102,-0.000842602938509629,-0.016892310576070102,-0.23732235923529998,0.6386969618244154,-0.23647975629679036,0.6555892724004855,0.0,0.0,Vmag_get_voltage_magnitude_series__angle_get_voltage_angle_series,true,Unknown,Ybus EMT reconstruction using exact complex bus-voltage phasors when available; otherwise diagnostic fallback
6.36,-0.0008426654263965494,-0.016892452271913716,-0.0008426654263965494,-0.016892452271913716,-0.0008426654263965494,-0.016892452271913716,-0.2373224217231869,0.6386968201285718,-0.23647975629679036,0.6555892724004855,0.0,0.0,Vmag_get_voltage_magnitude_series__angle_get_voltage_angle_series,true,Unknown,Ybus EMT reconstruction using exact complex bus-voltage phasors when available; otherwise diagnostic fallback
6.37,-0.000842726957101414,-0.016892592812566165,-0.000842726957101414,-0.016892592812566165,-0.000842726957101414,-0.016892592812566165,-0.23732248325389177,0.6386966795879193,-0.23647975629679036,0.6555892724004855,0.0,0.0,Vmag_get_voltage_magnitude_series__angle_get_voltage_angle_series,true,Unknown,Ybus EMT reconstruction using exact complex bus-voltage phasors when available; otherwise diagnostic fallback
6.38,-0.0008427875352665093,-0.016892732202029692,-0.0008427875352665093,-0.016892732202029692,-0.0008427875352665093,-0.016892732202029692,-0.23732254383205686,0.6386965401984558,-0.23647975629679036,0.6555892724004855,0.0,0.0,Vmag_get_voltage_magnitude_series__angle_get_voltage_angle_series,true,Unknown,Ybus EMT reconstruction using exact complex bus-voltage phasors when available; otherwise diagnostic fallback
6.39,-0.0008428471655170799,-0.016892870444548347,-0.0008428471655170799,-0.016892870444548347,-0.0008428471655170799,-0.016892870444548347,-0.23732260346230744,0.6386964019559371,-0.23647975629679036,0.6555892724004855,0.0,0.0,Vmag_get_voltage_magnitude_series__angle_get_voltage_angle_series,true,Unknown,Ybus EMT reconstruction using exact complex bus-voltage phasors when available; otherwise diagnostic fallback
6.4,-0.0008429058525815936,-0.01689300754419898,-0.0008429058525815936,-0.01689300754419898,-0.0008429058525815936,-0.01689300754419898,-0.23732266214937195,0.6386962648562865,-0.23647975629679036,0.6555892724004855,0.0,0.0,Vmag_get_voltage_magnitude_series__angle_get_voltage_angle_series,true,Unknown,Ybus EMT reconstruction using exact complex bus-voltage phasors when available; otherwise diagnostic fallback
6.41,-0.000842963601100255,-0.016893143505148367,-0.000842963601100255,-0.016893143505148367,-0.000842963601100255,-0.016893143505148367,-0.2373227198978906,0.6386961288953371,-0.23647975629679036,0.6555892724004855,0.0,0.0,Vmag_get_voltage_magnitude_series__angle_get_voltage_angle_series,true,Unknown,Ybus EMT reconstruction using exact complex bus-voltage phasors when available; otherwise diagnostic fallback
6.42,-0.0008430204158339227,-0.016893278331487793,-0.0008430204158339227,-0.016893278331487793,-0.0008430204158339227,-0.016893278331487793,-0.23732277671262428,0.6386959940689977,-0.23647975629679036,0.6555892724004855,0.0,0.0,Vmag_get_voltage_magnitude_series__angle_get_voltage_angle_series,true,Unknown,Ybus EMT reconstruction using exact complex bus-voltage phasors when available; otherwise diagnostic fallback
6.43,-0.0008430763015731535,-0.016893412027353616,-0.0008430763015731535,-0.016893412027353616,-0.0008430763015731535,-0.016893412027353616,-0.2373228325983635,0.6386958603731319,-0.23647975629679036,0.6555892724004855,0.0,0.0,Vmag_get_voltage_magnitude_series__angle_get_voltage_angle_series,true,Unknown,Ybus EMT reconstruction using exact complex bus-voltage phasors when available; otherwise diagnostic fallback
6.44,-0.0008431312630823862,-0.016893544596798704,-0.0008431312630823862,-0.016893544596798704,-0.0008431312630823862,-0.016893544596798704,-0.23732288755987274,0.6386957278036868,-0.23647975629679036,0.6555892724004855,0.0,0.0,Vmag_get_voltage_magnitude_series__angle_get_voltage_angle_series,true,Unknown,Ybus EMT reconstruction using exact complex bus-voltage phasors when available; otherwise diagnostic fallback
6.45,-0.0008431853051694416,-0.016893676043975847,-0.0008431853051694416,-0.016893676043975847,-0.0008431853051694416,-0.016893676043975847,-0.2373229416019598,0.6386955963565096,-0.23647975629679036,0.6555892724004855,0.0,0.0,Vmag_get_voltage_magnitude_series__angle_get_voltage_angle_series,true,Unknown,Ybus EMT reconstruction using exact complex bus-voltage phasors when available; otherwise diagnostic fallback
6.46,-0.0008432384327395903,-0.016893806372908715,-0.0008432384327395903,-0.016893806372908715,-0.0008432384327395903,-0.016893806372908715,-0.23732299472952995,0.6386954660275768,-0.23647975629679036,0.6555892724004855,0.0,0.0,Vmag_get_voltage_magnitude_series__angle_get_voltage_angle_series,true,Unknown,Ybus EMT reconstruction using exact complex bus-voltage phasors when available; otherwise diagnostic fallback
6.47,-0.0008432906505595472,-0.016893935587662168,-0.0008432906505595472,-0.016893935587662168,-0.0008432906505595472,-0.016893935587662168,-0.2373230469473499,0.6386953368128233,-0.23647975629679036,0.6555892724004855,0.0,0.0,Vmag_get_voltage_magnitude_series__angle_get_voltage_angle_series,true,Unknown,Ybus EMT reconstruction using exact complex bus-voltage phasors when available; otherwise diagnostic fallback
6.48,-0.0008433419636237061,-0.016894063692290295,-0.0008433419636237061,-0.016894063692290295,-0.0008433419636237061,-0.016894063692290295,-0.23732309826041406,0.6386952087081952,-0.23647975629679036,0.6555892724004855,0.0,0.0,Vmag_get_voltage_magnitude_series__angle_get_voltage_angle_series,true,Unknown,Ybus EMT reconstruction using exact complex bus-voltage phasors when available; otherwise diagnostic fallback
6.49,-0.0008433923768108031,-0.016894190690794564,-0.0008433923768108031,-0.016894190690794564,-0.0008433923768108031,-0.016894190690794564,-0.23732314867360116,0.6386950817096909,-0.23647975629679036,0.6555892724004855,0.0,0.0,Vmag_get_voltage_magnitude_series__angle_get_voltage_angle_series,true,Unknown,Ybus EMT reconstruction using exact complex bus-voltage phasors when available; otherwise diagnostic fallback
6.5,-0.0008434418950563349,-0.016894316587216518,-0.0008434418950563349,-0.016894316587216518,-0.0008434418950563349,-0.016894316587216518,-0.2373231981918467,0.638694955813269,-0.23647975629679036,0.6555892724004855,0.0,0.0,Vmag_get_voltage_magnitude_series__angle_get_voltage_angle_series,true,Unknown,Ybus EMT reconstruction using exact complex bus-voltage phasors when available; otherwise diagnostic fallback
6.51,-0.0008434905233439538,-0.016894441385559067,-0.0008434905233439538,-0.016894441385559067,-0.0008434905233439538,-0.016894441385559067,-0.2373232468201343,0.6386948310149264,-0.23647975629679036,0.6555892724004855,0.0,0.0,Vmag_get_voltage_magnitude_series__angle_get_voltage_angle_series,true,Unknown,Ybus EMT reconstruction using exact complex bus-voltage phasors when available; otherwise diagnostic fallback
6.52,-0.0008435382666217017,-0.0168945650897373,-0.0008435382666217017,-0.0168945650897373,-0.0008435382666217017,-0.0168945650897373,-0.23732329456341206,0.6386947073107482,-0.23647975629679036,0.6555892724004855,0.0,0.0,Vmag_get_voltage_magnitude_series__angle_get_voltage_angle_series,true,Unknown,Ybus EMT reconstruction using exact complex bus-voltage phasors when available; otherwise diagnostic fallback
6.53,-0.0008435851299286867,-0.01689468770381397,-0.0008435851299286867,-0.01689468770381397,-0.0008435851299286867,-0.01689468770381397,-0.23732334142671904,0.6386945846966715,-0.23647975629679036,0.6555892724004855,0.0,0.0,Vmag_get_voltage_magnitude_series__angle_get_voltage_angle_series,true,Unknown,Ybus EMT reconstruction using exact complex bus-voltage phasors when available; otherwise diagnostic fallback
6.54,-0.0008436311182635492,-0.016894809231671637,-0.0008436311182635492,-0.016894809231671637,-0.0008436311182635492,-0.016894809231671637,-0.2373233874150539,0.6386944631688138,-0.23647975629679036,0.6555892724004855,0.0,0.0,Vmag_get_voltage_magnitude_series__angle_get_voltage_angle_series,true,Unknown,Ybus EMT reconstruction using exact complex bus-voltage phasors when available; otherwise diagnostic fallback
6.55,-0.0008436762366995088,-0.016894929677245596,-0.0008436762366995088,-0.016894929677245596,-0.0008436762366995088,-0.016894929677245596,-0.23732343253348986,0.6386943427232399,-0.23647975629679036,0.6555892724004855,0.0,0.0,Vmag_get_voltage_magnitude_series__angle_get_voltage_angle_series,true,Unknown,Ybus EMT reconstruction using exact complex bus-voltage phasors when available; otherwise diagnostic fallback
6.56,-0.0008437204902539963,-0.01689504904446537,-0.0008437204902539963,-0.01689504904446537,-0.0008437204902539963,-0.01689504904446537,-0.23732347678704435,0.6386942233560201,-0.23647975629679036,0.6555892724004855,0.0,0.0,Vmag_get_voltage_magnitude_series__angle_get_voltage_angle_series,true,Unknown,Ybus EMT reconstruction using exact complex bus-voltage phasors when available; otherwise diagnostic fallback
6.57,-0.0008437638840374517,-0.016895167337146355,-0.0008437638840374517,-0.016895167337146355,-0.0008437638840374517,-0.016895167337146355,-0.2373235201808278,0.6386941050633391,-0.23647975629679036,0.6555892724004855,0.0,0.0,Vmag_get_voltage_magnitude_series__angle_get_voltage_angle_series,true,Unknown,Ybus EMT reconstruction using exact complex bus-voltage phasors when available; otherwise diagnostic fallback
6.58,-0.0008438064231255926,-0.0168952845592234,-0.0008438064231255926,-0.0168952845592234,-0.0008438064231255926,-0.0168952845592234,-0.23732356271991595,0.6386939878412621,-0.23647975629679036,0.6555892724004855,0.0,0.0,Vmag_get_voltage_magnitude_series__angle_get_voltage_angle_series,true,Unknown,Ybus EMT reconstruction using exact complex bus-voltage phasors when available; otherwise diagnostic fallback
6.59,-0.0008438481126414044,-0.016895400714522557,-0.0008438481126414044,-0.016895400714522557,-0.0008438481126414044,-0.016895400714522557,-0.23732360440943176,0.6386938716859629,-0.23647975629679036,0.6555892724004855,0.0,0.0,Vmag_get_voltage_magnitude_series__angle_get_voltage_angle_series,true,Unknown,Ybus EMT reconstruction using exact complex bus-voltage phasors when available; otherwise diagnostic fallback
6.6,-0.000843888957674066,-0.01689551580687343,-0.000843888957674066,-0.01689551580687343,-0.000843888957674066,-0.01689551580687343,-0.23732364525446442,0.638693756593612,-0.23647975629679036,0.6555892724004855,0.0,0.0,Vmag_get_voltage_magnitude_series__angle_get_voltage_angle_series,true,Unknown,Ybus EMT reconstruction using exact complex bus-voltage phasors when available; otherwise diagnostic fallback
6.61,-0.0008439289633827562,-0.016895629840100956,-0.0008439289633827562,-0.016895629840100956,-0.0008439289633827562,-0.016895629840100956,-0.2373236852601731,0.6386936425603845,-0.23647975629679036,0.6555892724004855,0.0,0.0,Vmag_get_voltage_magnitude_series__angle_get_voltage_angle_series,true,Unknown,Ybus EMT reconstruction using exact complex bus-voltage phasors when available; otherwise diagnostic fallback
6.62,-0.0008439681349233785,-0.01689574281795536,-0.0008439681349233785,-0.01689574281795536,-0.0008439681349233785,-0.01689574281795536,-0.23732372443171373,0.6386935295825301,-0.23647975629679036,0.6555892724004855,0.0,0.0,Vmag_get_voltage_magnitude_series__angle_get_voltage_angle_series,true,Unknown,Ybus EMT reconstruction using exact complex bus-voltage phasors when available; otherwise diagnostic fallback
6.63,-0.0008440064774397349,-0.01689585474425992,-0.0008440064774397349,-0.01689585474425992,-0.0008440064774397349,-0.01689585474425992,-0.2373237627742301,0.6386934176562256,-0.23647975629679036,0.6555892724004855,0.0,0.0,Vmag_get_voltage_magnitude_series__angle_get_voltage_angle_series,true,Unknown,Ybus EMT reconstruction using exact complex bus-voltage phasors when available; otherwise diagnostic fallback
6.64,-0.000844043996148347,-0.01689596562271012,-0.000844043996148347,-0.01689596562271012,-0.000844043996148347,-0.01689596562271012,-0.2373238002929387,0.6386933067777754,-0.23647975629679036,0.6555892724004855,0.0,0.0,Vmag_get_voltage_magnitude_series__angle_get_voltage_angle_series,true,Unknown,Ybus EMT reconstruction using exact complex bus-voltage phasors when available; otherwise diagnostic fallback
6.65,-0.0008440806961792779,-0.01689607545708116,-0.0008440806961792779,-0.01689607545708116,-0.0008440806961792779,-0.01689607545708116,-0.23732383699296963,0.6386931969434043,-0.23647975629679036,0.6555892724004855,0.0,0.0,Vmag_get_voltage_magnitude_series__angle_get_voltage_angle_series,true,Unknown,Ybus EMT reconstruction using exact complex bus-voltage phasors when available; otherwise diagnostic fallback
6.66,-0.0008441165827622332,-0.016896184251087742,-0.0008441165827622332,-0.016896184251087742,-0.0008441165827622332,-0.016896184251087742,-0.2373238728795526,0.6386930881493977,-0.23647975629679036,0.6555892724004855,0.0,0.0,Vmag_get_voltage_magnitude_series__angle_get_voltage_angle_series,true,Unknown,Ybus EMT reconstruction using exact complex bus-voltage phasors when available; otherwise diagnostic fallback
6.67,-0.0008441516610989408,-0.01689629200842624,-0.0008441516610989408,-0.01689629200842624,-0.0008441516610989408,-0.01689629200842624,-0.2373239079578893,0.6386929803920592,-0.23647975629679036,0.6555892724004855,0.0,0.0,Vmag_get_voltage_magnitude_series__angle_get_voltage_angle_series,true,Unknown,Ybus EMT reconstruction using exact complex bus-voltage phasors when available; otherwise diagnostic fallback
6.68,-0.0008441859364004545,-0.0168963987327323,-0.0008441859364004545,-0.0168963987327323,-0.0008441859364004545,-0.0168963987327323,-0.2373239422331908,0.6386928736677532,-0.23647975629679036,0.6555892724004855,0.0,0.0,Vmag_get_voltage_magnitude_series__angle_get_voltage_angle_series,true,Unknown,Ybus EMT reconstruction using exact complex bus-voltage phasors when available; otherwise diagnostic fallback
6.69,-0.0008442194138844616,-0.016896504427771686,-0.0008442194138844616,-0.016896504427771686,-0.0008442194138844616,-0.016896504427771686,-0.23732397571067482,0.6386927679727138,-0.23647975629679036,0.6555892724004855,0.0,0.0,Vmag_get_voltage_magnitude_series__angle_get_voltage_angle_series,true,Unknown,Ybus EMT reconstruction using exact complex bus-voltage phasors when available; otherwise diagnostic fallback
6.7,-0.000844252098811421,-0.01689660909717494,-0.000844252098811421,-0.01689660909717494,-0.000844252098811421,-0.01689660909717494,-0.23732400839560178,0.6386926633033105,-0.23647975629679036,0.6555892724004855,0.0,0.0,Vmag_get_voltage_magnitude_series__angle_get_voltage_angle_series,true,Unknown,Ybus EMT reconstruction using exact complex bus-voltage phasors when available; otherwise diagnostic fallback
6.71,-0.0008442839964138971,-0.016896712744529085,-0.0008442839964138971,-0.016896712744529085,-0.0008442839964138971,-0.016896712744529085,-0.23732404029320425,0.6386925596559564,-0.23647975629679036,0.6555892724004855,0.0,0.0,Vmag_get_voltage_magnitude_series__angle_get_voltage_angle_series,true,Unknown,Ybus EMT reconstruction using exact complex bus-voltage phasors when available; otherwise diagnostic fallback
6.72,-0.0008443151119433279,-0.016896815373510288,-0.0008443151119433279,-0.016896815373510288,-0.0008443151119433279,-0.016896815373510288,-0.23732407140873368,0.6386924570269752,-0.23647975629679036,0.6555892724004855,0.0,0.0,Vmag_get_voltage_magnitude_series__angle_get_voltage_angle_series,true,Unknown,Ybus EMT reconstruction using exact complex bus-voltage phasors when available; otherwise diagnostic fallback
6.73,-0.0008443454506441017,-0.016896916987745203,-0.0008443454506441017,-0.016896916987745203,-0.0008443454506441017,-0.016896916987745203,-0.23732410174743446,0.6386923554127403,-0.23647975629679036,0.6555892724004855,0.0,0.0,Vmag_get_voltage_magnitude_series__angle_get_voltage_angle_series,true,Unknown,Ybus EMT reconstruction using exact complex bus-voltage phasors when available; otherwise diagnostic fallback
6.74,-0.0008443750178034337,-0.016897017590764785,-0.0008443750178034337,-0.016897017590764785,-0.0008443750178034337,-0.016897017590764785,-0.2373241313145938,0.6386922548097207,-0.23647975629679036,0.6555892724004855,0.0,0.0,Vmag_get_voltage_magnitude_series__angle_get_voltage_angle_series,true,Unknown,Ybus EMT reconstruction using exact complex bus-voltage phasors when available; otherwise diagnostic fallback
6.75,-0.0008444038186769809,-0.01689711718625997,-0.0008444038186769809,-0.01689711718625997,-0.0008444038186769809,-0.01689711718625997,-0.23732416011546734,0.6386921552142255,-0.23647975629679036,0.6555892724004855,0.0,0.0,Vmag_get_voltage_magnitude_series__angle_get_voltage_angle_series,true,Unknown,Ybus EMT reconstruction using exact complex bus-voltage phasors when available; otherwise diagnostic fallback
6.76,-0.0008444318585625332,-0.016897215777747276,-0.0008444318585625332,-0.016897215777747276,-0.0008444318585625332,-0.016897215777747276,-0.2373241881553529,0.6386920566227382,-0.23647975629679036,0.6555892724004855,0.0,0.0,Vmag_get_voltage_magnitude_series__angle_get_voltage_angle_series,true,Unknown,Ybus EMT reconstruction using exact complex bus-voltage phasors when available; otherwise diagnostic fallback
6.77,-0.000844459142708115,-0.016897313368852807,-0.000844459142708115,-0.016897313368852807,-0.000844459142708115,-0.016897313368852807,-0.23732421543949847,0.6386919590316327,-0.23647975629679036,0.6555892724004855,0.0,0.0,Vmag_get_voltage_magnitude_series__angle_get_voltage_angle_series,true,Unknown,Ybus EMT reconstruction using exact complex bus-voltage phasors when available; otherwise diagnostic fallback
6.78,-0.0008444856764386055,-0.016897409963103183,-0.0008444856764386055,-0.016897409963103183,-0.0008444856764386055,-0.016897409963103183,-0.23732424197322896,0.6386918624373823,-0.23647975629679036,0.6555892724004855,0.0,0.0,Vmag_get_voltage_magnitude_series__angle_get_voltage_angle_series,true,Unknown,Ybus EMT reconstruction using exact complex bus-voltage phasors when available; otherwise diagnostic fallback
6.79,-0.0008445114650380281,-0.01689750556411318,-0.0008445114650380281,-0.01689750556411318,-0.0008445114650380281,-0.01689750556411318,-0.23732426776182838,0.6386917668363723,-0.23647975629679036,0.6555892724004855,0.0,0.0,Vmag_get_voltage_magnitude_series__angle_get_voltage_angle_series,true,Unknown,Ybus EMT reconstruction using exact complex bus-voltage phasors when available; otherwise diagnostic fallback
6.8,-0.0008445365138062821,-0.016897600175387106,-0.0008445365138062821,-0.016897600175387106,-0.0008445365138062821,-0.016897600175387106,-0.23732429281059664,0.6386916722250984,-0.23647975629679036,0.6555892724004855,0.0,0.0,Vmag_get_voltage_magnitude_series__angle_get_voltage_angle_series,true,Unknown,Ybus EMT reconstruction using exact complex bus-voltage phasors when available; otherwise diagnostic fallback
6.81,-0.0008445608280367445,-0.016897693800495328,-0.0008445608280367445,-0.016897693800495328,-0.0008445608280367445,-0.016897693800495328,-0.2373243171248271,0.6386915785999902,-0.23647975629679036,0.6555892724004855,0.0,0.0,Vmag_get_voltage_magnitude_series__angle_get_voltage_angle_series,true,Unknown,Ybus EMT reconstruction using exact complex bus-voltage phasors when available; otherwise diagnostic fallback
6.82,-0.000844584413050381,-0.016897786443009988,-0.000844584413050381,-0.016897786443009988,-0.000844584413050381,-0.016897786443009988,-0.23732434070984074,0.6386914859574755,-0.23647975629679036,0.6555892724004855,0.0,0.0,Vmag_get_voltage_magnitude_series__angle_get_voltage_angle_series,true,Unknown,Ybus EMT reconstruction using exact complex bus-voltage phasors when available; otherwise diagnostic fallback
6.83,-0.0008446072741571664,-0.016897878106423736,-0.0008446072741571664,-0.016897878106423736,-0.0008446072741571664,-0.016897878106423736,-0.23732436357094752,0.6386913942940617,-0.23647975629679036,0.6555892724004855,0.0,0.0,Vmag_get_voltage_magnitude_series__angle_get_voltage_angle_series,true,Unknown,Ybus EMT reconstruction using exact complex bus-voltage phasors when available; otherwise diagnostic fallback
6.84,-0.0008446294166476187,-0.016897968794313267,-0.0008446294166476187,-0.016897968794313267,-0.0008446294166476187,-0.016897968794313267,-0.23732438571343797,0.6386913036061722,-0.23647975629679036,0.6555892724004855,0.0,0.0,Vmag_get_voltage_magnitude_series__angle_get_voltage_angle_series,true,Unknown,Ybus EMT reconstruction using exact complex bus-voltage phasors when available; otherwise diagnostic fallback
6.85,-0.0008446508458582469,-0.016898058510303238,-0.0008446508458582469,-0.016898058510303238,-0.0008446508458582469,-0.016898058510303238,-0.2373244071426486,0.6386912138901822,-0.23647975629679036,0.6555892724004855,0.0,0.0,Vmag_get_voltage_magnitude_series__angle_get_voltage_angle_series,true,Unknown,Ybus EMT reconstruction using exact complex bus-voltage phasors when available; otherwise diagnostic fallback
6.86,-0.0008446715671427407,-0.016898147257754847,-0.0008446715671427407,-0.016898147257754847,-0.0008446715671427407,-0.016898147257754847,-0.2373244278639331,0.6386911251427306,-0.23647975629679036,0.6555892724004855,0.0,0.0,Vmag_get_voltage_magnitude_series__angle_get_voltage_angle_series,true,Unknown,Ybus EMT reconstruction using exact complex bus-voltage phasors when available; otherwise diagnostic fallback
6.87,-0.0008446915857860116,-0.016898235040302634,-0.0008446915857860116,-0.016898235040302634,-0.0008446915857860116,-0.016898235040302634,-0.23732444788257637,0.6386910373601828,-0.23647975629679036,0.6555892724004855,0.0,0.0,Vmag_get_voltage_magnitude_series__angle_get_voltage_angle_series,true,Unknown,Ybus EMT reconstruction using exact complex bus-voltage phasors when available; otherwise diagnostic fallback
6.88,-0.0008447109070919556,-0.01689832186149065,-0.0008447109070919556,-0.01689832186149065,-0.0008447109070919556,-0.01689832186149065,-0.2373244672038823,0.6386909505389948,-0.23647975629679036,0.6555892724004855,0.0,0.0,Vmag_get_voltage_magnitude_series__angle_get_voltage_angle_series,true,Unknown,Ybus EMT reconstruction using exact complex bus-voltage phasors when available; otherwise diagnostic fallback
6.89,-0.0008447295364192309,-0.016898407724875164,-0.0008447295364192309,-0.016898407724875164,-0.0008447295364192309,-0.016898407724875164,-0.2373244858332096,0.6386908646756103,-0.23647975629679036,0.6555892724004855,0.0,0.0,Vmag_get_voltage_magnitude_series__angle_get_voltage_angle_series,true,Unknown,Ybus EMT reconstruction using exact complex bus-voltage phasors when available; otherwise diagnostic fallback
6.9,-0.0008447474791382636,-0.016898492633989237,-0.0008447474791382636,-0.016898492633989237,-0.0008447474791382636,-0.016898492633989237,-0.23732450377592862,0.6386907797664962,-0.23647975629679036,0.6555892724004855,0.0,0.0,Vmag_get_voltage_magnitude_series__angle_get_voltage_angle_series,true,Unknown,Ybus EMT reconstruction using exact complex bus-voltage phasors when available; otherwise diagnostic fallback
6.91,-0.0008447647405240566,-0.016898576592302983,-0.0008447647405240566,-0.016898576592302983,-0.0008447647405240566,-0.016898576592302983,-0.2373245210373144,0.6386906958081825,-0.23647975629679036,0.6555892724004855,0.0,0.0,Vmag_get_voltage_magnitude_series__angle_get_voltage_angle_series,true,Unknown,Ybus EMT reconstruction using exact complex bus-voltage phasors when available; otherwise diagnostic fallback
6.92,-0.0008447813258887771,-0.01689865960344239,-0.0008447813258887771,-0.01689865960344239,-0.0008447813258887771,-0.01689865960344239,-0.23732453762267913,0.6386906127970431,-0.23647975629679036,0.6555892724004855,0.0,0.0,Vmag_get_voltage_magnitude_series__angle_get_voltage_angle_series,true,Unknown,Ybus EMT reconstruction using exact complex bus-voltage phasors when available; otherwise diagnostic fallback
6.93,-0.0008447972405964121,-0.01689874167092953,-0.0008447972405964121,-0.01689874167092953,-0.0008447972405964121,-0.01689874167092953,-0.23732455353738677,0.638690530729556,-0.23647975629679036,0.6555892724004855,0.0,0.0,Vmag_get_voltage_magnitude_series__angle_get_voltage_angle_series,true,Unknown,Ybus EMT reconstruction using exact complex bus-voltage phasors when available; otherwise diagnostic fallback
6.94,-0.0008448124899811116,-0.01689882279827737,-0.0008448124899811116,-0.01689882279827737,-0.0008448124899811116,-0.01689882279827737,-0.23732456878677147,0.6386904496022081,-0.23647975629679036,0.6555892724004855,0.0,0.0,Vmag_get_voltage_magnitude_series__angle_get_voltage_angle_series,true,Unknown,Ybus EMT reconstruction using exact complex bus-voltage phasors when available; otherwise diagnostic fallback
6.95,-0.0008448270793894319,-0.016898902989154307,-0.0008448270793894319,-0.016898902989154307,-0.0008448270793894319,-0.016898902989154307,-0.2373245833761798,0.6386903694113312,-0.23647975629679036,0.6555892724004855,0.0,0.0,Vmag_get_voltage_magnitude_series__angle_get_voltage_angle_series,true,Unknown,Ybus EMT reconstruction using exact complex bus-voltage phasors when available; otherwise diagnostic fallback
6.96,-0.0008448410141168317,-0.016898982246964178,-0.0008448410141168317,-0.016898982246964178,-0.0008448410141168317,-0.016898982246964178,-0.2373245973109072,0.6386902901535213,-0.23647975629679036,0.6555892724004855,0.0,0.0,Vmag_get_voltage_magnitude_series__angle_get_voltage_angle_series,true,Unknown,Ybus EMT reconstruction using exact complex bus-voltage phasors when available; otherwise diagnostic fallback
6.97,-0.0008448542995128094,-0.01689906057536328,-0.0008448542995128094,-0.01689906057536328,-0.0008448542995128094,-0.01689906057536328,-0.23732461059630316,0.6386902118251222,-0.23647975629679036,0.6555892724004855,0.0,0.0,Vmag_get_voltage_magnitude_series__angle_get_voltage_angle_series,true,Unknown,Ybus EMT reconstruction using exact complex bus-voltage phasors when available; otherwise diagnostic fallback
6.98,-0.0008448669408995524,-0.016899137977883227,-0.0008448669408995524,-0.016899137977883227,-0.0008448669408995524,-0.016899137977883227,-0.2373246232376899,0.6386901344226023,-0.23647975629679036,0.6555892724004855,0.0,0.0,Vmag_get_voltage_magnitude_series__angle_get_voltage_angle_series,true,Unknown,Ybus EMT reconstruction using exact complex bus-voltage phasors when available; otherwise diagnostic fallback
6.99,-0.0008448789436276971,-0.016899214458112044,-0.0008448789436276971,-0.016899214458112044,-0.0008448789436276971,-0.016899214458112044,-0.23732463524041805,0.6386900579423734,-0.23647975629679036,0.6555892724004855,0.0,0.0,Vmag_get_voltage_magnitude_series__angle_get_voltage_angle_series,true,Unknown,Ybus EMT reconstruction using exact complex bus-voltage phasors when available; otherwise diagnostic fallback
7.0,-0.00084489031299112,-0.0168992900195587,-0.00084489031299112,-0.0168992900195587,-0.00084489031299112,-0.0168992900195587,-0.23732464660978148,0.6386899823809268,-0.23647975629679036,0.6555892724004855,0.0,0.0,Vmag_get_voltage_magnitude_series__angle_get_voltage_angle_series,true,Unknown,Ybus EMT reconstruction using exact complex bus-voltage phasors when available; otherwise diagnostic fallback
7.01,-0.0008449010543294388,-0.01689936466588715,-0.0008449010543294388,-0.01689936466588715,-0.0008449010543294388,-0.01689936466588715,-0.2373246573511198,0.6386899077345983,-0.23647975629679036,0.6555892724004855,0.0,0.0,Vmag_get_voltage_magnitude_series__angle_get_voltage_angle_series,true,Unknown,Ybus EMT reconstruction using exact complex bus-voltage phasors when available; otherwise diagnostic fallback
7.02,-0.0008449111729654235,-0.01689943840061514,-0.0008449111729654235,-0.01689943840061514,-0.0008449111729654235,-0.01689943840061514,-0.23732466746975578,0.6386898339998703,-0.23647975629679036,0.6555892724004855,0.0,0.0,Vmag_get_voltage_magnitude_series__angle_get_voltage_angle_series,true,Unknown,Ybus EMT reconstruction using exact complex bus-voltage phasors when available; otherwise diagnostic fallback
7.03,-0.000844920674229116,-0.016899511227365882,-0.000844920674229116,-0.016899511227365882,-0.000844920674229116,-0.016899511227365882,-0.23732467697101947,0.6386897611731196,-0.23647975629679036,0.6555892724004855,0.0,0.0,Vmag_get_voltage_magnitude_series__angle_get_voltage_angle_series,true,Unknown,Ybus EMT reconstruction using exact complex bus-voltage phasors when available; otherwise diagnostic fallback
7.04,-0.0008449295633969067,-0.01689958314973805,-0.0008449295633969067,-0.01689958314973805,-0.0008449295633969067,-0.01689958314973805,-0.23732468586018726,0.6386896892507474,-0.23647975629679036,0.6555892724004855,0.0,0.0,Vmag_get_voltage_magnitude_series__angle_get_voltage_angle_series,true,Unknown,Ybus EMT reconstruction using exact complex bus-voltage phasors when available; otherwise diagnostic fallback
7.05,-0.0008449378458393053,-0.016899654171199208,-0.0008449378458393053,-0.016899654171199208,-0.0008449378458393053,-0.016899654171199208,-0.23732469414262966,0.6386896182292863,-0.23647975629679036,0.6555892724004855,0.0,0.0,Vmag_get_voltage_magnitude_series__angle_get_voltage_angle_series,true,Unknown,Ybus EMT reconstruction using exact complex bus-voltage phasors when available; otherwise diagnostic fallback
7.06,-0.0008449455267975636,-0.016899724295505014,-0.0008449455267975636,-0.016899724295505014,-0.0008449455267975636,-0.016899724295505014,-0.23732470182358792,0.6386895481049805,-0.23647975629679036,0.6555892724004855,0.0,0.0,Vmag_get_voltage_magnitude_series__angle_get_voltage_angle_series,true,Unknown,Ybus EMT reconstruction using exact complex bus-voltage phasors when available; otherwise diagnostic fallback
7.07,-0.0008449526116303951,-0.016899793526126028,-0.0008449526116303951,-0.016899793526126028,-0.0008449526116303951,-0.016899793526126028,-0.23732470890842075,0.6386894788743595,-0.23647975629679036,0.6555892724004855,0.0,0.0,Vmag_get_voltage_magnitude_series__angle_get_voltage_angle_series,true,Unknown,Ybus EMT reconstruction using exact complex bus-voltage phasors when available; otherwise diagnostic fallback
7.08,-0.0008449591056014505,-0.01689986186679271,-0.0008449591056014505,-0.01689986186679271,-0.0008449591056014505,-0.01689986186679271,-0.2373247154023918,0.6386894105336928,-0.23647975629679036,0.6555892724004855,0.0,0.0,Vmag_get_voltage_magnitude_series__angle_get_voltage_angle_series,true,Unknown,Ybus EMT reconstruction using exact complex bus-voltage phasors when available; otherwise diagnostic fallback
7.09,-0.000844965014016652,-0.016899929321004703,-0.000844965014016652,-0.016899929321004703,-0.000844965014016652,-0.016899929321004703,-0.237324721310807,0.6386893430794808,-0.23647975629679036,0.6555892724004855,0.0,0.0,Vmag_get_voltage_magnitude_series__angle_get_voltage_angle_series,true,Unknown,Ybus EMT reconstruction using exact complex bus-voltage phasors when available; otherwise diagnostic fallback
7.1,-0.0008449703421671007,-0.016899995892418418,-0.0008449703421671007,-0.016899995892418418,-0.0008449703421671007,-0.016899995892418418,-0.23732472663895746,0.6386892765080671,-0.23647975629679036,0.6555892724004855,0.0,0.0,Vmag_get_voltage_magnitude_series__angle_get_voltage_angle_series,true,Unknown,Ybus EMT reconstruction using exact complex bus-voltage phasors when available; otherwise diagnostic fallback
7.11,-0.0008449750953497814,-0.016900061584676385,-0.0008449750953497814,-0.016900061584676385,-0.0008449750953497814,-0.016900061584676385,-0.23732473139214014,0.6386892108158091,-0.23647975629679036,0.6555892724004855,0.0,0.0,Vmag_get_voltage_magnitude_series__angle_get_voltage_angle_series,true,Unknown,Ybus EMT reconstruction using exact complex bus-voltage phasors when available; otherwise diagnostic fallback
7.12,-0.0008449792788079169,-0.016900126401298676,-0.0008449792788079169,-0.016900126401298676,-0.0008449792788079169,-0.016900126401298676,-0.23732473557559827,0.6386891459991868,-0.23647975629679036,0.6555892724004855,0.0,0.0,Vmag_get_voltage_magnitude_series__angle_get_voltage_angle_series,true,Unknown,Ybus EMT reconstruction using exact complex bus-voltage phasors when available; otherwise diagnostic fallback
7.13,-0.0008449828978442098,-0.016900190345976784,-0.0008449828978442098,-0.016900190345976784,-0.0008449828978442098,-0.016900190345976784,-0.23732473919463457,0.6386890820545087,-0.23647975629679036,0.6555892724004855,0.0,0.0,Vmag_get_voltage_magnitude_series__angle_get_voltage_angle_series,true,Unknown,Ybus EMT reconstruction using exact complex bus-voltage phasors when available; otherwise diagnostic fallback
7.14,-0.0008449859576722674,-0.016900253422319933,-0.0008449859576722674,-0.016900253422319933,-0.0008449859576722674,-0.016900253422319933,-0.23732474225446262,0.6386890189781655,-0.23647975629679036,0.6555892724004855,0.0,0.0,Vmag_get_voltage_magnitude_series__angle_get_voltage_angle_series,true,Unknown,Ybus EMT reconstruction using exact complex bus-voltage phasors when available; otherwise diagnostic fallback
7.15,-0.0008449884635971239,-0.016900315633982976,-0.0008449884635971239,-0.016900315633982976,-0.0008449884635971239,-0.016900315633982976,-0.23732474476038748,0.6386889567665025,-0.23647975629679036,0.6555892724004855,0.0,0.0,Vmag_get_voltage_magnitude_series__angle_get_voltage_angle_series,true,Unknown,Ybus EMT reconstruction using exact complex bus-voltage phasors when available; otherwise diagnostic fallback
7.16,-0.0008449904208295278,-0.016900376984502752,-0.0008449904208295278,-0.016900376984502752,-0.0008449904208295278,-0.016900376984502752,-0.23732474671761988,0.6386888954159827,-0.23647975629679036,0.6555892724004855,0.0,0.0,Vmag_get_voltage_magnitude_series__angle_get_voltage_angle_series,true,Unknown,Ybus EMT reconstruction using exact complex bus-voltage phasors when available; otherwise diagnostic fallback
7.17,-0.000844991834623221,-0.0169004374775914,-0.000844991834623221,-0.0169004374775914,-0.000844991834623221,-0.0169004374775914,-0.23732474813141358,0.6386888349228941,-0.23647975629679036,0.6555892724004855,0.0,0.0,Vmag_get_voltage_magnitude_series__angle_get_voltage_angle_series,true,Unknown,Ybus EMT reconstruction using exact complex bus-voltage phasors when available; otherwise diagnostic fallback
7.18,-0.0008449927102103794,-0.01690049711681285,-0.0008449927102103794,-0.01690049711681285,-0.0008449927102103794,-0.01690049711681285,-0.23732474900700073,0.6386887752836726,-0.23647975629679036,0.6555892724004855,0.0,0.0,Vmag_get_voltage_magnitude_series__angle_get_voltage_angle_series,true,Unknown,Ybus EMT reconstruction using exact complex bus-voltage phasors when available; otherwise diagnostic fallback
7.19,-0.0008449930528033334,-0.0169005559058788,-0.0008449930528033334,-0.0169005559058788,-0.0008449930528033334,-0.0169005559058788,-0.2373247493495937,0.6386887164946067,-0.23647975629679036,0.6555892724004855,0.0,0.0,Vmag_get_voltage_magnitude_series__angle_get_voltage_angle_series,true,Unknown,Ybus EMT reconstruction using exact complex bus-voltage phasors when available; otherwise diagnostic fallback
7.2,-0.0008449928676227958,-0.016900613848354062,-0.0008449928676227958,-0.016900613848354062,-0.0008449928676227958,-0.016900613848354062,-0.23732474916441315,0.6386886585521314,-0.23647975629679036,0.6555892724004855,0.0,0.0,Vmag_get_voltage_magnitude_series__angle_get_voltage_angle_series,true,Unknown,Ybus EMT reconstruction using exact complex bus-voltage phasors when available; otherwise diagnostic fallback
7.21,-0.0008449921598559229,-0.01690067094794523,-0.0008449921598559229,-0.01690067094794523,-0.0008449921598559229,-0.01690067094794523,-0.23732474845664628,0.6386886014525402,-0.23647975629679036,0.6555892724004855,0.0,0.0,Vmag_get_voltage_magnitude_series__angle_get_voltage_angle_series,true,Unknown,Ybus EMT reconstruction using exact complex bus-voltage phasors when available; otherwise diagnostic fallback
7.22,-0.0008449909347115203,-0.016900727208258526,-0.0008449909347115203,-0.016900727208258526,-0.0008449909347115203,-0.016900727208258526,-0.23732474723150188,0.638688545192227,-0.23647975629679036,0.6555892724004855,0.0,0.0,Vmag_get_voltage_magnitude_series__angle_get_voltage_angle_series,true,Unknown,Ybus EMT reconstruction using exact complex bus-voltage phasors when available; otherwise diagnostic fallback
7.23,-0.0008449891973476842,-0.016900782632902622,-0.0008449891973476842,-0.016900782632902622,-0.0008449891973476842,-0.016900782632902622,-0.23732474549413804,0.6386884897675829,-0.23647975629679036,0.6555892724004855,0.0,0.0,Vmag_get_voltage_magnitude_series__angle_get_voltage_angle_series,true,Unknown,Ybus EMT reconstruction using exact complex bus-voltage phasors when available; otherwise diagnostic fallback
7.24,-0.0008449869529646714,-0.01690083722558522,-0.0008449869529646714,-0.01690083722558522,-0.0008449869529646714,-0.01690083722558522,-0.23732474324975503,0.6386884351749003,-0.23647975629679036,0.6555892724004855,0.0,0.0,Vmag_get_voltage_magnitude_series__angle_get_voltage_angle_series,true,Unknown,Ybus EMT reconstruction using exact complex bus-voltage phasors when available; otherwise diagnostic fallback
7.25,-0.0008449842066916846,-0.016900890989931305,-0.0008449842066916846,-0.016900890989931305,-0.0008449842066916846,-0.016900890989931305,-0.23732474050348204,0.6386883814105542,-0.23647975629679036,0.6555892724004855,0.0,0.0,Vmag_get_voltage_magnitude_series__angle_get_voltage_angle_series,true,Unknown,Ybus EMT reconstruction using exact complex bus-voltage phasors when available; otherwise diagnostic fallback
7.26,-0.0008449809636955075,-0.016900943929517465,-0.0008449809636955075,-0.016900943929517465,-0.0008449809636955075,-0.016900943929517465,-0.23732473726048586,0.638688328470968,-0.23647975629679036,0.6555892724004855,0.0,0.0,Vmag_get_voltage_magnitude_series__angle_get_voltage_angle_series,true,Unknown,Ybus EMT reconstruction using exact complex bus-voltage phasors when available; otherwise diagnostic fallback
7.27,-0.0008449772291180824,-0.01690099604811912,-0.0008449772291180824,-0.01690099604811912,-0.0008449772291180824,-0.01690099604811912,-0.23732473352590844,0.6386882763523664,-0.23647975629679036,0.6555892724004855,0.0,0.0,Vmag_get_voltage_magnitude_series__angle_get_voltage_angle_series,true,Unknown,Ybus EMT reconstruction using exact complex bus-voltage phasors when available; otherwise diagnostic fallback
7.28,-0.0008449730080566098,-0.01690104734925224,-0.0008449730080566098,-0.01690104734925224,-0.0008449730080566098,-0.01690104734925224,-0.23732472930484697,0.6386882250512332,-0.23647975629679036,0.6555892724004855,0.0,0.0,Vmag_get_voltage_magnitude_series__angle_get_voltage_angle_series,true,Unknown,Ybus EMT reconstruction using exact complex bus-voltage phasors when available; otherwise diagnostic fallback
7.29,-0.0008449683056442336,-0.01690109783666016,-0.0008449683056442336,-0.01690109783666016,-0.0008449683056442336,-0.01690109783666016,-0.2373247246024346,0.6386881745638253,-0.23647975629679036,0.6555892724004855,0.0,0.0,Vmag_get_voltage_magnitude_series__angle_get_voltage_angle_series,true,Unknown,Ybus EMT reconstruction using exact complex bus-voltage phasors when available; otherwise diagnostic fallback
7.3,-0.0008449631269715763,-0.016901147514028603,-0.0008449631269715763,-0.016901147514028603,-0.0008449631269715763,-0.016901147514028603,-0.23732471942376193,0.6386881248864569,-0.23647975629679036,0.6555892724004855,0.0,0.0,Vmag_get_voltage_magnitude_series__angle_get_voltage_angle_series,true,Unknown,Ybus EMT reconstruction using exact complex bus-voltage phasors when available; otherwise diagnostic fallback
7.31,-0.0008449574771255963,-0.01690119638493892,-0.0008449574771255963,-0.01690119638493892,-0.0008449574771255963,-0.01690119638493892,-0.23732471377391595,0.6386880760155466,-0.23647975629679036,0.6555892724004855,0.0,0.0,Vmag_get_voltage_magnitude_series__angle_get_voltage_angle_series,true,Unknown,Ybus EMT reconstruction using exact complex bus-voltage phasors when available; otherwise diagnostic fallback
7.32,-0.0008449513611809845,-0.016901244453057074,-0.0008449513611809845,-0.016901244453057074,-0.0008449513611809845,-0.016901244453057074,-0.23732470765797134,0.6386880279474284,-0.23647975629679036,0.6555892724004855,0.0,0.0,Vmag_get_voltage_magnitude_series__angle_get_voltage_angle_series,true,Unknown,Ybus EMT reconstruction using exact complex bus-voltage phasors when available; otherwise diagnostic fallback
7.33,-0.0008449447841867852,-0.01690129172213084,-0.0008449447841867852,-0.01690129172213084,-0.0008449447841867852,-0.01690129172213084,-0.23732470108097714,0.6386879806783546,-0.23647975629679036,0.6555892724004855,0.0,0.0,Vmag_get_voltage_magnitude_series__angle_get_voltage_angle_series,true,Unknown,Ybus EMT reconstruction using exact complex bus-voltage phasors when available; otherwise diagnostic fallback
7.34,-0.0008449377512068645,-0.01690133819570372,-0.0008449377512068645,-0.01690133819570372,-0.0008449377512068645,-0.01690133819570372,-0.23732469404799722,0.6386879342047818,-0.23647975629679036,0.6555892724004855,0.0,0.0,Vmag_get_voltage_magnitude_series__angle_get_voltage_angle_series,true,Unknown,Ybus EMT reconstruction using exact complex bus-voltage phasors when available; otherwise diagnostic fallback
7.35,-0.0008449302672607351,-0.016901383877536924,-0.0008449302672607351,-0.016901383877536924,-0.0008449302672607351,-0.016901383877536924,-0.2373246865640511,0.6386878885229486,-0.23647975629679036,0.6555892724004855,0.0,0.0,Vmag_get_voltage_magnitude_series__angle_get_voltage_angle_series,true,Unknown,Ybus EMT reconstruction using exact complex bus-voltage phasors when available; otherwise diagnostic fallback
7.36,-0.000844922337366466,-0.01690142877120282,-0.000844922337366466,-0.01690142877120282,-0.000844922337366466,-0.01690142877120282,-0.23732467863415682,0.6386878436292827,-0.23647975629679036,0.6555892724004855,0.0,0.0,Vmag_get_voltage_magnitude_series__angle_get_voltage_angle_series,true,Unknown,Ybus EMT reconstruction using exact complex bus-voltage phasors when available; otherwise diagnostic fallback
7.37,-0.000844913966509292,-0.01690147288046362,-0.000844913966509292,-0.01690147288046362,-0.000844913966509292,-0.01690147288046362,-0.23732467026329965,0.6386877995200219,-0.23647975629679036,0.6555892724004855,0.0,0.0,Vmag_get_voltage_magnitude_series__angle_get_voltage_angle_series,true,Unknown,Ybus EMT reconstruction using exact complex bus-voltage phasors when available; otherwise diagnostic fallback
7.38,-0.0008449051597139434,-0.01690151620896585,-0.0008449051597139434,-0.01690151620896585,-0.0008449051597139434,-0.01690151620896585,-0.2373246614565043,0.6386877561915196,-0.23647975629679036,0.6555892724004855,0.0,0.0,Vmag_get_voltage_magnitude_series__angle_get_voltage_angle_series,true,Unknown,Ybus EMT reconstruction using exact complex bus-voltage phasors when available; otherwise diagnostic fallback
7.39,-0.0008448959219286845,-0.016901558760384905,-0.0008448959219286845,-0.016901558760384905,-0.0008448959219286845,-0.016901558760384905,-0.23732465221871904,0.6386877136401006,-0.23647975629679036,0.6555892724004855,0.0,0.0,Vmag_get_voltage_magnitude_series__angle_get_voltage_angle_series,true,Unknown,Ybus EMT reconstruction using exact complex bus-voltage phasors when available; otherwise diagnostic fallback
7.4,-0.0008448862581163508,-0.016901600538379857,-0.0008448862581163508,-0.016901600538379857,-0.0008448862581163508,-0.016901600538379857,-0.2373246425549067,0.6386876718621056,-0.23647975629679036,0.6555892724004855,0.0,0.0,Vmag_get_voltage_magnitude_series__angle_get_voltage_angle_series,true,Unknown,Ybus EMT reconstruction using exact complex bus-voltage phasors when available; otherwise diagnostic fallback
7.41,-0.0008448761731989496,-0.016901641546659962,-0.0008448761731989496,-0.016901641546659962,-0.0008448761731989496,-0.016901641546659962,-0.2373246324699893,0.6386876308538255,-0.23647975629679036,0.6555892724004855,0.0,0.0,Vmag_get_voltage_magnitude_series__angle_get_voltage_angle_series,true,Unknown,Ybus EMT reconstruction using exact complex bus-voltage phasors when available; otherwise diagnostic fallback
7.42,-0.0008448656721338488,-0.016901681788902945,-0.0008448656721338488,-0.016901681788902945,-0.0008448656721338488,-0.016901681788902945,-0.2373246219689242,0.6386875906115825,-0.23647975629679036,0.6555892724004855,0.0,0.0,Vmag_get_voltage_magnitude_series__angle_get_voltage_angle_series,true,Unknown,Ybus EMT reconstruction using exact complex bus-voltage phasors when available; otherwise diagnostic fallback
7.43,-0.0008448547598035039,-0.0169017212688104,-0.0008448547598035039,-0.0169017212688104,-0.0008448547598035039,-0.0169017212688104,-0.23732461105659386,0.6386875511316751,-0.23647975629679036,0.6555892724004855,0.0,0.0,Vmag_get_voltage_magnitude_series__angle_get_voltage_angle_series,true,Unknown,Ybus EMT reconstruction using exact complex bus-voltage phasors when available; otherwise diagnostic fallback
7.44,-0.0008448434411301164,-0.016901759990082366,-0.0008448434411301164,-0.016901759990082366,-0.0008448434411301164,-0.016901759990082366,-0.23732459973792047,0.6386875124104031,-0.23647975629679036,0.6555892724004855,0.0,0.0,Vmag_get_voltage_magnitude_series__angle_get_voltage_angle_series,true,Unknown,Ybus EMT reconstruction using exact complex bus-voltage phasors when available; otherwise diagnostic fallback
7.45,-0.0008448317209707734,-0.0169017979563989,-0.0008448317209707734,-0.0169017979563989,-0.0008448317209707734,-0.0169017979563989,-0.23732458801776113,0.6386874744440866,-0.23647975629679036,0.6555892724004855,0.0,0.0,Vmag_get_voltage_magnitude_series__angle_get_voltage_angle_series,true,Unknown,Ybus EMT reconstruction using exact complex bus-voltage phasors when available; otherwise diagnostic fallback
7.46,-0.0008448196041841438,-0.016901835171462376,-0.0008448196041841438,-0.016901835171462376,-0.0008448196041841438,-0.016901835171462376,-0.2373245759009745,0.6386874372290231,-0.23647975629679036,0.6555892724004855,0.0,0.0,Vmag_get_voltage_magnitude_series__angle_get_voltage_angle_series,true,Unknown,Ybus EMT reconstruction using exact complex bus-voltage phasors when available; otherwise diagnostic fallback
7.47,-0.0008448070956159348,-0.01690187163899215,-0.0008448070956159348,-0.01690187163899215,-0.0008448070956159348,-0.01690187163899215,-0.2373245633924063,0.6386874007614933,-0.23647975629679036,0.6555892724004855,0.0,0.0,Vmag_get_voltage_magnitude_series__angle_get_voltage_angle_series,true,Unknown,Ybus EMT reconstruction using exact complex bus-voltage phasors when available; otherwise diagnostic fallback
7.48,-0.0008447942001159892,-0.01690190736269348,-0.0008447942001159892,-0.01690190736269348,-0.0008447942001159892,-0.01690190736269348,-0.23732455049690634,0.638687365037792,-0.23647975629679036,0.6555892724004855,0.0,0.0,Vmag_get_voltage_magnitude_series__angle_get_voltage_angle_series,true,Unknown,Ybus EMT reconstruction using exact complex bus-voltage phasors when available; otherwise diagnostic fallback
7.49,-0.0008447809224571834,-0.016901942346298715,-0.0008447809224571834,-0.016901942346298715,-0.0008447809224571834,-0.016901942346298715,-0.23732453721924754,0.6386873300541868,-0.23647975629679036,0.6555892724004855,0.0,0.0,Vmag_get_voltage_magnitude_series__angle_get_voltage_angle_series,true,Unknown,Ybus EMT reconstruction using exact complex bus-voltage phasors when available; otherwise diagnostic fallback
7.5,-0.0008447672674703477,-0.016901976593451495,-0.0008447672674703477,-0.016901976593451495,-0.0008447672674703477,-0.016901976593451495,-0.2373245235642607,0.638687295807034,-0.23647975629679036,0.6555892724004855,0.0,0.0,Vmag_get_voltage_magnitude_series__angle_get_voltage_angle_series,true,Unknown,Ybus EMT reconstruction using exact complex bus-voltage phasors when available; otherwise diagnostic fallback
7.51,-0.0008447532399010194,-0.016902010107949006,-0.0008447532399010194,-0.016902010107949006,-0.0008447532399010194,-0.016902010107949006,-0.23732450953669137,0.6386872622925365,-0.23647975629679036,0.6555892724004855,0.0,0.0,Vmag_get_voltage_magnitude_series__angle_get_voltage_angle_series,true,Unknown,Ybus EMT reconstruction using exact complex bus-voltage phasors when available; otherwise diagnostic fallback
7.52,-0.0008447388444932369,-0.016902042893502722,-0.0008447388444932369,-0.016902042893502722,-0.0008447388444932369,-0.016902042893502722,-0.2373244951412836,0.6386872295069828,-0.23647975629679036,0.6555892724004855,0.0,0.0,Vmag_get_voltage_magnitude_series__angle_get_voltage_angle_series,true,Unknown,Ybus EMT reconstruction using exact complex bus-voltage phasors when available; otherwise diagnostic fallback
7.53,-0.0008447240860196548,-0.01690207495380569,-0.0008447240860196548,-0.01690207495380569,-0.0008447240860196548,-0.01690207495380569,-0.23732448038281,0.6386871974466798,-0.23647975629679036,0.6555892724004855,0.0,0.0,Vmag_get_voltage_magnitude_series__angle_get_voltage_angle_series,true,Unknown,Ybus EMT reconstruction using exact complex bus-voltage phasors when available; otherwise diagnostic fallback
7.54,-0.0008447089692037446,-0.016902106292665198,-0.0008447089692037446,-0.016902106292665198,-0.0008447089692037446,-0.016902106292665198,-0.2373244652659941,0.6386871661078203,-0.23647975629679036,0.6555892724004855,0.0,0.0,Vmag_get_voltage_magnitude_series__angle_get_voltage_angle_series,true,Unknown,Ybus EMT reconstruction using exact complex bus-voltage phasors when available; otherwise diagnostic fallback
7.55,-0.0008446934987195731,-0.016902136913770516,-0.0008446934987195731,-0.016902136913770516,-0.0008446934987195731,-0.016902136913770516,-0.23732444979550993,0.638687135486715,-0.23647975629679036,0.6555892724004855,0.0,0.0,Vmag_get_voltage_magnitude_series__angle_get_voltage_angle_series,true,Unknown,Ybus EMT reconstruction using exact complex bus-voltage phasors when available; otherwise diagnostic fallback
7.56,-0.0008446776792882527,-0.016902166820880193,-0.0008446776792882527,-0.016902166820880193,-0.0008446776792882527,-0.016902166820880193,-0.2373244339760786,0.6386871055796053,-0.23647975629679036,0.6555892724004855,0.0,0.0,Vmag_get_voltage_magnitude_series__angle_get_voltage_angle_series,true,Unknown,Ybus EMT reconstruction using exact complex bus-voltage phasors when available; otherwise diagnostic fallback
7.57,-0.0008446615155299764,-0.016902196017702376,-0.0008446615155299764,-0.016902196017702376,-0.0008446615155299764,-0.016902196017702376,-0.23732441781232033,0.6386870763827831,-0.23647975629679036,0.6555892724004855,0.0,0.0,Vmag_get_voltage_magnitude_series__angle_get_voltage_angle_series,true,Unknown,Ybus EMT reconstruction using exact complex bus-voltage phasors when available; otherwise diagnostic fallback
7.58,-0.0008446450121439297,-0.016902224508102748,-0.0008446450121439297,-0.016902224508102748,-0.0008446450121439297,-0.016902224508102748,-0.23732440130893429,0.6386870478923827,-0.23647975629679036,0.6555892724004855,0.0,0.0,Vmag_get_voltage_magnitude_series__angle_get_voltage_angle_series,true,Unknown,Ybus EMT reconstruction using exact complex bus-voltage phasors when available; otherwise diagnostic fallback
7.59,-0.0008446281737148897,-0.01690225229572062,-0.0008446281737148897,-0.01690225229572062,-0.0008446281737148897,-0.01690225229572062,-0.23732438447050525,0.6386870201047649,-0.23647975629679036,0.6555892724004855,0.0,0.0,Vmag_get_voltage_magnitude_series__angle_get_voltage_angle_series,true,Unknown,Ybus EMT reconstruction using exact complex bus-voltage phasors when available; otherwise diagnostic fallback
7.6,-0.0008446110048696276,-0.01690227938445854,-0.0008446110048696276,-0.01690227938445854,-0.0008446110048696276,-0.01690227938445854,-0.23732436730165998,0.6386869930160269,-0.23647975629679036,0.6555892724004855,0.0,0.0,Vmag_get_voltage_magnitude_series__angle_get_voltage_angle_series,true,Unknown,Ybus EMT reconstruction using exact complex bus-voltage phasors when available; otherwise diagnostic fallback
7.61,-0.0008445935102012747,-0.016902305777916515,-0.0008445935102012747,-0.016902305777916515,-0.0008445935102012747,-0.016902305777916515,-0.23732434980699163,0.638686966622569,-0.23647975629679036,0.6555892724004855,0.0,0.0,Vmag_get_voltage_magnitude_series__angle_get_voltage_angle_series,true,Unknown,Ybus EMT reconstruction using exact complex bus-voltage phasors when available; otherwise diagnostic fallback
7.62,-0.0008445756942795091,-0.01690233147996867,-0.0008445756942795091,-0.01690233147996867,-0.0008445756942795091,-0.01690233147996867,-0.23732433199106986,0.6386869409205168,-0.23647975629679036,0.6555892724004855,0.0,0.0,Vmag_get_voltage_magnitude_series__angle_get_voltage_angle_series,true,Unknown,Ybus EMT reconstruction using exact complex bus-voltage phasors when available; otherwise diagnostic fallback
7.63,-0.0008445575616472245,-0.016902356494393422,-0.0008445575616472245,-0.016902356494393422,-0.0008445575616472245,-0.016902356494393422,-0.23732431385843758,0.6386869159060921,-0.23647975629679036,0.6555892724004855,0.0,0.0,Vmag_get_voltage_magnitude_series__angle_get_voltage_angle_series,true,Unknown,Ybus EMT reconstruction using exact complex bus-voltage phasors when available; otherwise diagnostic fallback
7.64,-0.0008445391168512006,-0.01690238082495521,-0.0008445391168512006,-0.01690238082495521,-0.0008445391168512006,-0.01690238082495521,-0.23732429541364156,0.6386868915755303,-0.23647975629679036,0.6555892724004855,0.0,0.0,Vmag_get_voltage_magnitude_series__angle_get_voltage_angle_series,true,Unknown,Ybus EMT reconstruction using exact complex bus-voltage phasors when available; otherwise diagnostic fallback
7.65,-0.0008445203643969723,-0.016902404475412025,-0.0008445203643969723,-0.016902404475412025,-0.0008445203643969723,-0.016902404475412025,-0.23732427666118733,0.6386868679250735,-0.23647975629679036,0.6555892724004855,0.0,0.0,Vmag_get_voltage_magnitude_series__angle_get_voltage_angle_series,true,Unknown,Ybus EMT reconstruction using exact complex bus-voltage phasors when available; otherwise diagnostic fallback
7.66,-0.0008445013087945152,-0.016902427449642654,-0.0008445013087945152,-0.016902427449642654,-0.0008445013087945152,-0.016902427449642654,-0.23732425760558487,0.6386868449508428,-0.23647975629679036,0.6555892724004855,0.0,0.0,Vmag_get_voltage_magnitude_series__angle_get_voltage_angle_series,true,Unknown,Ybus EMT reconstruction using exact complex bus-voltage phasors when available; otherwise diagnostic fallback
7.67,-0.0008444819544649595,-0.016902449751366122,-0.0008444819544649595,-0.016902449751366122,-0.0008444819544649595,-0.016902449751366122,-0.23732423825125532,0.6386868226491194,-0.23647975629679036,0.6555892724004855,0.0,0.0,Vmag_get_voltage_magnitude_series__angle_get_voltage_angle_series,true,Unknown,Ybus EMT reconstruction using exact complex bus-voltage phasors when available; otherwise diagnostic fallback
7.68,-0.0008444623059126188,-0.016902471384389606,-0.0008444623059126188,-0.016902471384389606,-0.0008444623059126188,-0.016902471384389606,-0.23732421860270297,0.6386868010160959,-0.23647975629679036,0.6555892724004855,0.0,0.0,Vmag_get_voltage_magnitude_series__angle_get_voltage_angle_series,true,Unknown,Ybus EMT reconstruction using exact complex bus-voltage phasors when available; otherwise diagnostic fallback
7.69,-0.000844442367551268,-0.016902492352592557,-0.000844442367551268,-0.016902492352592557,-0.000844442367551268,-0.016902492352592557,-0.23732419866434162,0.6386867800478929,-0.23647975629679036,0.6555892724004855,0.0,0.0,Vmag_get_voltage_magnitude_series__angle_get_voltage_angle_series,true,Unknown,Ybus EMT reconstruction using exact complex bus-voltage phasors when available; otherwise diagnostic fallback
7.7,-0.0008444221437902133,-0.01690251265967102,-0.0008444221437902133,-0.01690251265967102,-0.0008444221437902133,-0.01690251265967102,-0.23732417844058057,0.6386867597408145,-0.23647975629679036,0.6555892724004855,0.0,0.0,Vmag_get_voltage_magnitude_series__angle_get_voltage_angle_series,true,Unknown,Ybus EMT reconstruction using exact complex bus-voltage phasors when available; otherwise diagnostic fallback
7.71,-0.0008444016390095899,-0.016902532309555185,-0.0008444016390095899,-0.016902532309555185,-0.0008444016390095899,-0.016902532309555185,-0.23732415793579995,0.6386867400909303,-0.23647975629679036,0.6555892724004855,0.0,0.0,Vmag_get_voltage_magnitude_series__angle_get_voltage_angle_series,true,Unknown,Ybus EMT reconstruction using exact complex bus-voltage phasors when available; otherwise diagnostic fallback
7.72,-0.0008443808575934464,-0.016902551305947533,-0.0008443808575934464,-0.016902551305947533,-0.0008443808575934464,-0.016902551305947533,-0.2373241371543838,0.638686721094538,-0.23647975629679036,0.6555892724004855,0.0,0.0,Vmag_get_voltage_magnitude_series__angle_get_voltage_angle_series,true,Unknown,Ybus EMT reconstruction using exact complex bus-voltage phasors when available; otherwise diagnostic fallback
7.73,-0.0008443598038852806,-0.016902569652778365,-0.0008443598038852806,-0.016902569652778365,-0.0008443598038852806,-0.016902569652778365,-0.23732411610067564,0.6386867027477071,-0.23647975629679036,0.6555892724004855,0.0,0.0,Vmag_get_voltage_magnitude_series__angle_get_voltage_angle_series,true,Unknown,Ybus EMT reconstruction using exact complex bus-voltage phasors when available; otherwise diagnostic fallback
7.74,-0.0008443384822308664,-0.01690258735383321,-0.0008443384822308664,-0.01690258735383321,-0.0008443384822308664,-0.01690258735383321,-0.23732409477902122,0.6386866850466523,-0.23647975629679036,0.6555892724004855,0.0,0.0,Vmag_get_voltage_magnitude_series__angle_get_voltage_angle_series,true,Unknown,Ybus EMT reconstruction using exact complex bus-voltage phasors when available; otherwise diagnostic fallback
7.75,-0.000844316896909364,-0.016902604412918243,-0.000844316896909364,-0.016902604412918243,-0.000844316896909364,-0.016902604412918243,-0.23732407319369972,0.6386866679875672,-0.23647975629679036,0.6555892724004855,0.0,0.0,Vmag_get_voltage_magnitude_series__angle_get_voltage_angle_series,true,Unknown,Ybus EMT reconstruction using exact complex bus-voltage phasors when available; otherwise diagnostic fallback
7.76,-0.0008442950522027926,-0.016902620833888826,-0.0008442950522027926,-0.016902620833888826,-0.0008442950522027926,-0.016902620833888826,-0.23732405134899315,0.6386866515665967,-0.23647975629679036,0.6555892724004855,0.0,0.0,Vmag_get_voltage_magnitude_series__angle_get_voltage_angle_series,true,Unknown,Ybus EMT reconstruction using exact complex bus-voltage phasors when available; otherwise diagnostic fallback
7.77,-0.0008442729524143211,-0.016902636620604317,-0.0008442729524143211,-0.016902636620604317,-0.0008442729524143211,-0.016902636620604317,-0.23732402924920468,0.6386866357798812,-0.23647975629679036,0.6555892724004855,0.0,0.0,Vmag_get_voltage_magnitude_series__angle_get_voltage_angle_series,true,Unknown,Ybus EMT reconstruction using exact complex bus-voltage phasors when available; otherwise diagnostic fallback
7.78,-0.0008442506017646845,-0.01690265177684247,-0.0008442506017646845,-0.01690265177684247,-0.0008442506017646845,-0.01690265177684247,-0.23732400689855504,0.638686620623643,-0.23647975629679036,0.6555892724004855,0.0,0.0,Vmag_get_voltage_magnitude_series__angle_get_voltage_angle_series,true,Unknown,Ybus EMT reconstruction using exact complex bus-voltage phasors when available; otherwise diagnostic fallback
7.79,-0.0008442280044591577,-0.01690266630644588,-0.0008442280044591577,-0.01690266630644588,-0.0008442280044591577,-0.01690266630644588,-0.2373239843012495,0.6386866060940396,-0.23647975629679036,0.6555892724004855,0.0,0.0,Vmag_get_voltage_magnitude_series__angle_get_voltage_angle_series,true,Unknown,Ybus EMT reconstruction using exact complex bus-voltage phasors when available; otherwise diagnostic fallback
7.8,-0.000844205164687778,-0.016902680213338073,-0.000844205164687778,-0.016902680213338073,-0.000844205164687778,-0.016902680213338073,-0.23732396146147813,0.6386865921871474,-0.23647975629679036,0.6555892724004855,0.0,0.0,Vmag_get_voltage_magnitude_series__angle_get_voltage_angle_series,true,Unknown,Ybus EMT reconstruction using exact complex bus-voltage phasors when available; otherwise diagnostic fallback
7.81,-0.0008441820866645633,-0.016902693501328114,-0.0008441820866645633,-0.016902693501328114,-0.0008441820866645633,-0.016902693501328114,-0.23732393838345492,0.6386865788991574,-0.23647975629679036,0.6555892724004855,0.0,0.0,Vmag_get_voltage_magnitude_series__angle_get_voltage_angle_series,true,Unknown,Ybus EMT reconstruction using exact complex bus-voltage phasors when available; otherwise diagnostic fallback
7.82,-0.0008441587745383616,-0.016902706174285576,-0.0008441587745383616,-0.016902706174285576,-0.0008441587745383616,-0.016902706174285576,-0.23732391507132872,0.6386865662261999,-0.23647975629679036,0.6555892724004855,0.0,0.0,Vmag_get_voltage_magnitude_series__angle_get_voltage_angle_series,true,Unknown,Ybus EMT reconstruction using exact complex bus-voltage phasors when available; otherwise diagnostic fallback
7.83,-0.0008441352324127238,-0.016902718236006753,-0.0008441352324127238,-0.016902718236006753,-0.0008441352324127238,-0.016902718236006753,-0.23732389152920308,0.6386865541644787,-0.23647975629679036,0.6555892724004855,0.0,0.0,Vmag_get_voltage_magnitude_series__angle_get_voltage_angle_series,true,Unknown,Ybus EMT reconstruction using exact complex bus-voltage phasors when available; otherwise diagnostic fallback
7.84,-0.0008441114644104353,-0.01690272969041906,-0.0008441114644104353,-0.01690272969041906,-0.0008441114644104353,-0.01690272969041906,-0.2373238677612008,0.6386865427100664,-0.23647975629679036,0.6555892724004855,0.0,0.0,Vmag_get_voltage_magnitude_series__angle_get_voltage_angle_series,true,Unknown,Ybus EMT reconstruction using exact complex bus-voltage phasors when available; otherwise diagnostic fallback
7.85,-0.0008440874746240556,-0.016902740541384187,-0.0008440874746240556,-0.016902740541384187,-0.0008440874746240556,-0.016902740541384187,-0.2373238437714144,0.6386865318591013,-0.23647975629679036,0.6555892724004855,0.0,0.0,Vmag_get_voltage_magnitude_series__angle_get_voltage_angle_series,true,Unknown,Ybus EMT reconstruction using exact complex bus-voltage phasors when available; otherwise diagnostic fallback
7.86,-0.0008440632671243564,-0.01690275079267589,-0.0008440632671243564,-0.01690275079267589,-0.0008440632671243564,-0.01690275079267589,-0.2373238195639147,0.6386865216078096,-0.23647975629679036,0.6555892724004855,0.0,0.0,Vmag_get_voltage_magnitude_series__angle_get_voltage_angle_series,true,Unknown,Ybus EMT reconstruction using exact complex bus-voltage phasors when available; otherwise diagnostic fallback
7.87,-0.0008440388459457215,-0.016902760448260334,-0.0008440388459457215,-0.016902760448260334,-0.0008440388459457215,-0.016902760448260334,-0.23732379514273608,0.6386865119522251,-0.23647975629679036,0.6555892724004855,0.0,0.0,Vmag_get_voltage_magnitude_series__angle_get_voltage_angle_series,true,Unknown,Ybus EMT reconstruction using exact complex bus-voltage phasors when available; otherwise diagnostic fallback
7.88,-0.0008440142150964447,-0.016902769511928373,-0.0008440142150964447,-0.016902769511928373,-0.0008440142150964447,-0.016902769511928373,-0.2373237705118868,0.6386865028885571,-0.23647975629679036,0.6555892724004855,0.0,0.0,Vmag_get_voltage_magnitude_series__angle_get_voltage_angle_series,true,Unknown,Ybus EMT reconstruction using exact complex bus-voltage phasors when available; otherwise diagnostic fallback
7.89,-0.000843989378603277,-0.016902777987588546,-0.000843989378603277,-0.016902777987588546,-0.000843989378603277,-0.016902777987588546,-0.23732374567539363,0.6386864944128969,-0.23647975629679036,0.6555892724004855,0.0,0.0,Vmag_get_voltage_magnitude_series__angle_get_voltage_angle_series,true,Unknown,Ybus EMT reconstruction using exact complex bus-voltage phasors when available; otherwise diagnostic fallback
7.9,-0.0008439643404101471,-0.01690278587908689,-0.0008439643404101471,-0.01690278587908689,-0.0008439643404101471,-0.01690278587908689,-0.2373237206372005,0.6386864865213986,-0.23647975629679036,0.6555892724004855,0.0,0.0,Vmag_get_voltage_magnitude_series__angle_get_voltage_angle_series,true,Unknown,Ybus EMT reconstruction using exact complex bus-voltage phasors when available; otherwise diagnostic fallback
7.91,-0.0008439391044795519,-0.01690279319032728,-0.0008439391044795519,-0.01690279319032728,-0.0008439391044795519,-0.01690279319032728,-0.2373236954012699,0.6386864792101582,-0.23647975629679036,0.6555892724004855,0.0,0.0,Vmag_get_voltage_magnitude_series__angle_get_voltage_angle_series,true,Unknown,Ybus EMT reconstruction using exact complex bus-voltage phasors when available; otherwise diagnostic fallback
7.92,-0.0008439136747352138,-0.016902799925173295,-0.0008439136747352138,-0.016902799925173295,-0.0008439136747352138,-0.016902799925173295,-0.23732366997152557,0.6386864724753122,-0.23647975629679036,0.6555892724004855,0.0,0.0,Vmag_get_voltage_magnitude_series__angle_get_voltage_angle_series,true,Unknown,Ybus EMT reconstruction using exact complex bus-voltage phasors when available; otherwise diagnostic fallback
7.93,-0.0008438880550850625,-0.01690280608745265,-0.0008438880550850625,-0.01690280608745265,-0.0008438880550850625,-0.01690280608745265,-0.23732364435187542,0.6386864663130328,-0.23647975629679036,0.6555892724004855,0.0,0.0,Vmag_get_voltage_magnitude_series__angle_get_voltage_angle_series,true,Unknown,Ybus EMT reconstruction using exact complex bus-voltage phasors when available; otherwise diagnostic fallback
7.94,-0.0008438622494152392,-0.016902811681121177,-0.0008438622494152392,-0.016902811681121177,-0.0008438622494152392,-0.016902811681121177,-0.2373236185462056,0.6386864607193643,-0.23647975629679036,0.6555892724004855,0.0,0.0,Vmag_get_voltage_magnitude_series__angle_get_voltage_angle_series,true,Unknown,Ybus EMT reconstruction using exact complex bus-voltage phasors when available; otherwise diagnostic fallback
7.95,-0.0008438362615602601,-0.01690281670996807,-0.0008438362615602601,-0.01690281670996807,-0.0008438362615602601,-0.01690281670996807,-0.23732359255835062,0.6386864556905174,-0.23647975629679036,0.6555892724004855,0.0,0.0,Vmag_get_voltage_magnitude_series__angle_get_voltage_angle_series,true,Unknown,Ybus EMT reconstruction using exact complex bus-voltage phasors when available; otherwise diagnostic fallback
7.96,-0.0008438100953815642,-0.016902821177946614,-0.0008438100953815642,-0.016902821177946614,-0.0008438100953815642,-0.016902821177946614,-0.23732356639217192,0.6386864512225389,-0.23647975629679036,0.6555892724004855,0.0,0.0,Vmag_get_voltage_magnitude_series__angle_get_voltage_angle_series,true,Unknown,Ybus EMT reconstruction using exact complex bus-voltage phasors when available; otherwise diagnostic fallback
7.97,-0.0008437837546843019,-0.016902825088910167,-0.0008437837546843019,-0.016902825088910167,-0.0008437837546843019,-0.016902825088910167,-0.23732354005147466,0.6386864473115753,-0.23647975629679036,0.6555892724004855,0.0,0.0,Vmag_get_voltage_magnitude_series__angle_get_voltage_angle_series,true,Unknown,Ybus EMT reconstruction using exact complex bus-voltage phasors when available; otherwise diagnostic fallback
7.98,-0.0008437572432390683,-0.016902828446723084,-0.0008437572432390683,-0.016902828446723084,-0.0008437572432390683,-0.016902828446723084,-0.23732351354002942,0.6386864439537624,-0.23647975629679036,0.6555892724004855,0.0,0.0,Vmag_get_voltage_magnitude_series__angle_get_voltage_angle_series,true,Unknown,Ybus EMT reconstruction using exact complex bus-voltage phasors when available; otherwise diagnostic fallback
7.99,-0.0008437305648337778,-0.016902831255288464,-0.0008437305648337778,-0.016902831255288464,-0.0008437305648337778,-0.016902831255288464,-0.23732348686162413,0.638686441145197,-0.23647975629679036,0.6555892724004855,0.0,0.0,Vmag_get_voltage_magnitude_series__angle_get_voltage_angle_series,true,Unknown,Ybus EMT reconstruction using exact complex bus-voltage phasors when available; otherwise diagnostic fallback
8.0,-0.000843703723167194,-0.016902833518477767,-0.000843703723167194,-0.016902833518477767,-0.000843703723167194,-0.016902833518477767,-0.23732346001995755,0.6386864388820077,-0.23647975629679036,0.6555892724004855,0.0,0.0,Vmag_get_voltage_magnitude_series__angle_get_voltage_angle_series,true,Unknown,Ybus EMT reconstruction using exact complex bus-voltage phasors when available; otherwise diagnostic fallback
8.01,-0.000843676721991593,-0.016902835240164893,-0.000843676721991593,-0.016902835240164893,-0.000843676721991593,-0.016902835240164893,-0.23732343301878195,0.6386864371603206,-0.23647975629679036,0.6555892724004855,0.0,0.0,Vmag_get_voltage_magnitude_series__angle_get_voltage_angle_series,true,Unknown,Ybus EMT reconstruction using exact complex bus-voltage phasors when available; otherwise diagnostic fallback
8.02,-0.0008436495649832565,-0.016902836424234957,-0.0008436495649832565,-0.016902836424234957,-0.0008436495649832565,-0.016902836424234957,-0.2373234058617736,0.6386864359762505,-0.23647975629679036,0.6555892724004855,0.0,0.0,Vmag_get_voltage_magnitude_series__angle_get_voltage_angle_series,true,Unknown,Ybus EMT reconstruction using exact complex bus-voltage phasors when available; otherwise diagnostic fallback
8.03,-0.0008436222558225182,-0.01690283707457718,-0.0008436222558225182,-0.01690283707457718,-0.0008436222558225182,-0.01690283707457718,-0.23732337855261287,0.6386864353259083,-0.23647975629679036,0.6555892724004855,0.0,0.0,Vmag_get_voltage_magnitude_series__angle_get_voltage_angle_series,true,Unknown,Ybus EMT reconstruction using exact complex bus-voltage phasors when available; otherwise diagnostic fallback
8.04,-0.00084359479814064,-0.01690283719508523,-0.00084359479814064,-0.01690283719508523,-0.00084359479814064,-0.01690283719508523,-0.237323351094931,0.6386864352054002,-0.23647975629679036,0.6555892724004855,0.0,0.0,Vmag_get_voltage_magnitude_series__angle_get_voltage_angle_series,true,Unknown,Ybus EMT reconstruction using exact complex bus-voltage phasors when available; otherwise diagnostic fallback
8.05,-0.000843567195565248,-0.016902836789582487,-0.000843567195565248,-0.016902836789582487,-0.000843567195565248,-0.016902836789582487,-0.2373233234923556,0.638686435610903,-0.23647975629679036,0.6555892724004855,0.0,0.0,Vmag_get_voltage_magnitude_series__angle_get_voltage_angle_series,true,Unknown,Ybus EMT reconstruction using exact complex bus-voltage phasors when available; otherwise diagnostic fallback
8.06,-0.0008435394516706218,-0.016902835862053323,-0.0008435394516706218,-0.016902835862053323,-0.0008435394516706218,-0.016902835862053323,-0.23732329574846098,0.6386864365384322,-0.23647975629679036,0.6555892724004855,0.0,0.0,Vmag_get_voltage_magnitude_series__angle_get_voltage_angle_series,true,Unknown,Ybus EMT reconstruction using exact complex bus-voltage phasors when available; otherwise diagnostic fallback
8.07,-0.0008435115700695384,-0.016902834416313794,-0.0008435115700695384,-0.016902834416313794,-0.0008435115700695384,-0.016902834416313794,-0.2373232678668599,0.6386864379841717,-0.23647975629679036,0.6555892724004855,0.0,0.0,Vmag_get_voltage_magnitude_series__angle_get_voltage_angle_series,true,Unknown,Ybus EMT reconstruction using exact complex bus-voltage phasors when available; otherwise diagnostic fallback
8.08,-0.0008434835542528996,-0.016902832456232364,-0.0008434835542528996,-0.016902832456232364,-0.0008434835542528996,-0.016902832456232364,-0.23732323985104326,0.6386864399442531,-0.23647975629679036,0.6555892724004855,0.0,0.0,Vmag_get_voltage_magnitude_series__angle_get_voltage_angle_series,true,Unknown,Ybus EMT reconstruction using exact complex bus-voltage phasors when available; otherwise diagnostic fallback
8.09,-0.0008434554077877965,-0.016902829985739,-0.0008434554077877965,-0.016902829985739,-0.0008434554077877965,-0.016902829985739,-0.23732321170457815,0.6386864424147465,-0.23647975629679036,0.6555892724004855,0.0,0.0,Vmag_get_voltage_magnitude_series__angle_get_voltage_angle_series,true,Unknown,Ybus EMT reconstruction using exact complex bus-voltage phasors when available; otherwise diagnostic fallback
8.1,-0.0008434271341694333,-0.016902827008658083,-0.0008434271341694333,-0.016902827008658083,-0.0008434271341694333,-0.016902827008658083,-0.2373231834309598,0.6386864453918274,-0.23647975629679036,0.6555892724004855,0.0,0.0,Vmag_get_voltage_magnitude_series__angle_get_voltage_angle_series,true,Unknown,Ybus EMT reconstruction using exact complex bus-voltage phasors when available; otherwise diagnostic fallback
8.11,-0.000843398736842027,-0.016902823528953226,-0.000843398736842027,-0.016902823528953226,-0.000843398736842027,-0.016902823528953226,-0.23732315503363238,0.6386864488715323,-0.23647975629679036,0.6555892724004855,0.0,0.0,Vmag_get_voltage_magnitude_series__angle_get_voltage_angle_series,true,Unknown,Ybus EMT reconstruction using exact complex bus-voltage phasors when available; otherwise diagnostic fallback
8.12,-0.0008433702192980619,-0.0169028195504507,-0.0008433702192980619,-0.0169028195504507,-0.0008433702192980619,-0.0169028195504507,-0.23732312651608842,0.6386864528500348,-0.23647975629679036,0.6555892724004855,0.0,0.0,Vmag_get_voltage_magnitude_series__angle_get_voltage_angle_series,true,Unknown,Ybus EMT reconstruction using exact complex bus-voltage phasors when available; otherwise diagnostic fallback
8.13,-0.0008433415849221637,-0.016902815076991984,-0.0008433415849221637,-0.016902815076991984,-0.0008433415849221637,-0.016902815076991984,-0.23732309788171252,0.6386864573234935,-0.23647975629679036,0.6555892724004855,0.0,0.0,Vmag_get_voltage_magnitude_series__angle_get_voltage_angle_series,true,Unknown,Ybus EMT reconstruction using exact complex bus-voltage phasors when available; otherwise diagnostic fallback
8.14,-0.0008433128371527765,-0.01690281011251704,-0.0008433128371527765,-0.01690281011251704,-0.0008433128371527765,-0.01690281011251704,-0.23732306913394313,0.6386864622879684,-0.23647975629679036,0.6555892724004855,0.0,0.0,Vmag_get_voltage_magnitude_series__angle_get_voltage_angle_series,true,Unknown,Ybus EMT reconstruction using exact complex bus-voltage phasors when available; otherwise diagnostic fallback
8.15,-0.0008432839793081071,-0.0169028046609232,-0.0008432839793081071,-0.0169028046609232,-0.0008432839793081071,-0.0169028046609232,-0.23732304027609846,0.6386864677395623,-0.23647975629679036,0.6555892724004855,0.0,0.0,Vmag_get_voltage_magnitude_series__angle_get_voltage_angle_series,true,Unknown,Ybus EMT reconstruction using exact complex bus-voltage phasors when available; otherwise diagnostic fallback
8.16,-0.0008432550148115003,-0.016902798726034618,-0.0008432550148115003,-0.016902798726034618,-0.0008432550148115003,-0.016902798726034618,-0.23732301131160186,0.6386864736744509,-0.23647975629679036,0.6555892724004855,0.0,0.0,Vmag_get_voltage_magnitude_series__angle_get_voltage_angle_series,true,Unknown,Ybus EMT reconstruction using exact complex bus-voltage phasors when available; otherwise diagnostic fallback
8.17,-0.0008432259469483283,-0.016902792311773607,-0.0008432259469483283,-0.016902792311773607,-0.0008432259469483283,-0.016902792311773607,-0.23732298224373868,0.6386864800887119,-0.23647975629679036,0.6555892724004855,0.0,0.0,Vmag_get_voltage_magnitude_series__angle_get_voltage_angle_series,true,Unknown,Ybus EMT reconstruction using exact complex bus-voltage phasors when available; otherwise diagnostic fallback
8.18,-0.0008431967790411554,-0.01690278542197743,-0.0008431967790411554,-0.01690278542197743,-0.0008431967790411554,-0.01690278542197743,-0.2373229530758315,0.638686486978508,-0.23647975629679036,0.6555892724004855,0.0,0.0,Vmag_get_voltage_magnitude_series__angle_get_voltage_angle_series,true,Unknown,Ybus EMT reconstruction using exact complex bus-voltage phasors when available; otherwise diagnostic fallback
8.19,-0.0008431675143542039,-0.016902778060535195,-0.0008431675143542039,-0.016902778060535195,-0.0008431675143542039,-0.016902778060535195,-0.23732292381114456,0.6386864943399503,-0.23647975629679036,0.6555892724004855,0.0,0.0,Vmag_get_voltage_magnitude_series__angle_get_voltage_angle_series,true,Unknown,Ybus EMT reconstruction using exact complex bus-voltage phasors when available; otherwise diagnostic fallback
8.2,-0.0008431381561604945,-0.016902770231317032,-0.0008431381561604945,-0.016902770231317032,-0.0008431381561604945,-0.016902770231317032,-0.23732289445295085,0.6386865021691684,-0.23647975629679036,0.6555892724004855,0.0,0.0,Vmag_get_voltage_magnitude_series__angle_get_voltage_angle_series,true,Unknown,Ybus EMT reconstruction using exact complex bus-voltage phasors when available; otherwise diagnostic fallback
8.21,-0.0008431087076588017,-0.016902761938202504,-0.0008431087076588017,-0.016902761938202504,-0.0008431087076588017,-0.016902761938202504,-0.23732286500444916,0.638686510462283,-0.23647975629679036,0.6555892724004855,0.0,0.0,Vmag_get_voltage_magnitude_series__angle_get_voltage_angle_series,true,Unknown,Ybus EMT reconstruction using exact complex bus-voltage phasors when available; otherwise diagnostic fallback
8.22,-0.000843079172076322,-0.01690275318499246,-0.000843079172076322,-0.01690275318499246,-0.000843079172076322,-0.01690275318499246,-0.23732283546886668,0.638686519215493,-0.23647975629679036,0.6555892724004855,0.0,0.0,Vmag_get_voltage_magnitude_series__angle_get_voltage_angle_series,true,Unknown,Ybus EMT reconstruction using exact complex bus-voltage phasors when available; otherwise diagnostic fallback
8.23,-0.0008430495525891257,-0.016902743975702794,-0.0008430495525891257,-0.016902743975702794,-0.0008430495525891257,-0.016902743975702794,-0.23732280584937948,0.6386865284247827,-0.23647975629679036,0.6555892724004855,0.0,0.0,Vmag_get_voltage_magnitude_series__angle_get_voltage_angle_series,true,Unknown,Ybus EMT reconstruction using exact complex bus-voltage phasors when available; otherwise diagnostic fallback
8.24,-0.0008430198523756982,-0.016902734314057977,-0.0008430198523756982,-0.016902734314057977,-0.0008430198523756982,-0.016902734314057977,-0.23732277614916605,0.6386865380864275,-0.23647975629679036,0.6555892724004855,0.0,0.0,Vmag_get_voltage_magnitude_series__angle_get_voltage_angle_series,true,Unknown,Ybus EMT reconstruction using exact complex bus-voltage phasors when available; otherwise diagnostic fallback
8.25,-0.0008429900745543506,-0.0169027242039681,-0.0008429900745543506,-0.0169027242039681,-0.0008429900745543506,-0.0169027242039681,-0.2373227463713447,0.6386865481965174,-0.23647975629679036,0.6555892724004855,0.0,0.0,Vmag_get_voltage_magnitude_series__angle_get_voltage_angle_series,true,Unknown,Ybus EMT reconstruction using exact complex bus-voltage phasors when available; otherwise diagnostic fallback
8.26,-0.0008429602221609322,-0.016902713649313617,-0.0008429602221609322,-0.016902713649313617,-0.0008429602221609322,-0.016902713649313617,-0.2373227165189513,0.6386865587511719,-0.23647975629679036,0.6555892724004855,0.0,0.0,Vmag_get_voltage_magnitude_series__angle_get_voltage_angle_series,true,Unknown,Ybus EMT reconstruction using exact complex bus-voltage phasors when available; otherwise diagnostic fallback
8.27,-0.0008429302983928577,-0.0169027026539752,-0.0008429302983928577,-0.0169027026539752,-0.0008429302983928577,-0.0169027026539752,-0.2373226865951832,0.6386865697465103,-0.23647975629679036,0.6555892724004855,0.0,0.0,Vmag_get_voltage_magnitude_series__angle_get_voltage_angle_series,true,Unknown,Ybus EMT reconstruction using exact complex bus-voltage phasors when available; otherwise diagnostic fallback
8.28,-0.0008429003062464524,-0.0169026912217648,-0.0008429003062464524,-0.0169026912217648,-0.0008429003062464524,-0.0169026912217648,-0.2373226566030368,0.6386865811787207,-0.23647975629679036,0.6555892724004855,0.0,0.0,Vmag_get_voltage_magnitude_series__angle_get_voltage_angle_series,true,Unknown,Ybus EMT reconstruction using exact complex bus-voltage phasors when available; otherwise diagnostic fallback
8.29,-0.0008428702487767725,-0.0169026793565199,-0.0008428702487767725,-0.0169026793565199,-0.0008428702487767725,-0.0169026793565199,-0.23732262654556713,0.6386865930439656,-0.23647975629679036,0.6555892724004855,0.0,0.0,Vmag_get_voltage_magnitude_series__angle_get_voltage_angle_series,true,Unknown,Ybus EMT reconstruction using exact complex bus-voltage phasors when available; otherwise diagnostic fallback
8.3,-0.0008428401289637955,-0.01690266706213739,-0.0008428401289637955,-0.01690266706213739,-0.0008428401289637955,-0.01690266706213739,-0.23732259642575415,0.6386866053383481,-0.23647975629679036,0.6555892724004855,0.0,0.0,Vmag_get_voltage_magnitude_series__angle_get_voltage_angle_series,true,Unknown,Ybus EMT reconstruction using exact complex bus-voltage phasors when available; otherwise diagnostic fallback
8.31,-0.0008428099498274388,-0.016902654342504153,-0.0008428099498274388,-0.016902654342504153,-0.0008428099498274388,-0.016902654342504153,-0.2373225662466178,0.6386866180579813,-0.23647975629679036,0.6555892724004855,0.0,0.0,Vmag_get_voltage_magnitude_series__angle_get_voltage_angle_series,true,Unknown,Ybus EMT reconstruction using exact complex bus-voltage phasors when available; otherwise diagnostic fallback
8.32,-0.0008427797143049087,-0.016902641201344992,-0.0008427797143049087,-0.016902641201344992,-0.0008427797143049087,-0.016902641201344992,-0.23732253601109526,0.6386866311991405,-0.23647975629679036,0.6555892724004855,0.0,0.0,Vmag_get_voltage_magnitude_series__angle_get_voltage_angle_series,true,Unknown,Ybus EMT reconstruction using exact complex bus-voltage phasors when available; otherwise diagnostic fallback
8.33,-0.000842749425346706,-0.016902627642574553,-0.000842749425346706,-0.016902627642574553,-0.000842749425346706,-0.016902627642574553,-0.23732250572213706,0.6386866447579109,-0.23647975629679036,0.6555892724004855,0.0,0.0,Vmag_get_voltage_magnitude_series__angle_get_voltage_angle_series,true,Unknown,Ybus EMT reconstruction using exact complex bus-voltage phasors when available; otherwise diagnostic fallback
8.34,-0.0008427190858342481,-0.01690261367004997,-0.0008427190858342481,-0.01690261367004997,-0.0008427190858342481,-0.01690261367004997,-0.2373224753826246,0.6386866587304355,-0.23647975629679036,0.6555892724004855,0.0,0.0,Vmag_get_voltage_magnitude_series__angle_get_voltage_angle_series,true,Unknown,Ybus EMT reconstruction using exact complex bus-voltage phasors when available; otherwise diagnostic fallback
8.35,-0.0008426886986950544,-0.01690259928756499,-0.0008426886986950544,-0.01690259928756499,-0.0008426886986950544,-0.01690259928756499,-0.2373224449954854,0.6386866731129205,-0.23647975629679036,0.6555892724004855,0.0,0.0,Vmag_get_voltage_magnitude_series__angle_get_voltage_angle_series,true,Unknown,Ybus EMT reconstruction using exact complex bus-voltage phasors when available; otherwise diagnostic fallback
8.36,-0.0008426582667716565,-0.01690258449900317,-0.0008426582667716565,-0.01690258449900317,-0.0008426582667716565,-0.01690258449900317,-0.237322414563562,0.6386866879014823,-0.23647975629679036,0.6555892724004855,0.0,0.0,Vmag_get_voltage_magnitude_series__angle_get_voltage_angle_series,true,Unknown,Ybus EMT reconstruction using exact complex bus-voltage phasors when available; otherwise diagnostic fallback
8.37,-0.0008426277928914039,-0.016902569308165694,-0.0008426277928914039,-0.016902569308165694,-0.0008426277928914039,-0.016902569308165694,-0.23732238408968176,0.6386867030923198,-0.23647975629679036,0.6555892724004855,0.0,0.0,Vmag_get_voltage_magnitude_series__angle_get_voltage_angle_series,true,Unknown,Ybus EMT reconstruction using exact complex bus-voltage phasors when available; otherwise diagnostic fallback
8.38,-0.0008425972798827008,-0.01690255371886029,-0.0008425972798827008,-0.01690255371886029,-0.0008425972798827008,-0.01690255371886029,-0.23732235357667306,0.6386867186816252,-0.23647975629679036,0.6555892724004855,0.0,0.0,Vmag_get_voltage_magnitude_series__angle_get_voltage_angle_series,true,Unknown,Ybus EMT reconstruction using exact complex bus-voltage phasors when available; otherwise diagnostic fallback
8.39,-0.0008425667305358431,-0.01690253773490824,-0.0008425667305358431,-0.01690253773490824,-0.0008425667305358431,-0.01690253773490824,-0.2373223230273262,0.6386867346655772,-0.23647975629679036,0.6555892724004855,0.0,0.0,Vmag_get_voltage_magnitude_series__angle_get_voltage_angle_series,true,Unknown,Ybus EMT reconstruction using exact complex bus-voltage phasors when available; otherwise diagnostic fallback
8.4,-0.0008425361476182835,-0.016902521360166234,-0.0008425361476182835,-0.016902521360166234,-0.0008425361476182835,-0.016902521360166234,-0.23732229244440864,0.6386867510403192,-0.23647975629679036,0.6555892724004855,0.0,0.0,Vmag_get_voltage_magnitude_series__angle_get_voltage_angle_series,true,Unknown,Ybus EMT reconstruction using exact complex bus-voltage phasors when available; otherwise diagnostic fallback
8.41,-0.0008425055338267817,-0.016902504598382606,-0.0008425055338267817,-0.016902504598382606,-0.0008425055338267817,-0.016902504598382606,-0.23732226183061714,0.6386867678021029,-0.23647975629679036,0.6555892724004855,0.0,0.0,Vmag_get_voltage_magnitude_series__angle_get_voltage_angle_series,true,Unknown,Ybus EMT reconstruction using exact complex bus-voltage phasors when available; otherwise diagnostic fallback
8.42,-0.0008424748919286795,-0.01690248745346279,-0.0008424748919286795,-0.01690248745346279,-0.0008424748919286795,-0.01690248745346279,-0.23732223118871903,0.6386867849470227,-0.23647975629679036,0.6555892724004855,0.0,0.0,Vmag_get_voltage_magnitude_series__angle_get_voltage_angle_series,true,Unknown,Ybus EMT reconstruction using exact complex bus-voltage phasors when available; otherwise diagnostic fallback
8.43,-0.0008424442246244279,-0.01690246992914346,-0.0008424442246244279,-0.01690246992914346,-0.0008424442246244279,-0.01690246992914346,-0.23732220052141478,0.638686802471342,-0.23647975629679036,0.6555892724004855,0.0,0.0,Vmag_get_voltage_magnitude_series__angle_get_voltage_angle_series,true,Unknown,Ybus EMT reconstruction using exact complex bus-voltage phasors when available; otherwise diagnostic fallback
8.44,-0.000842413534527936,-0.016902452029235904,-0.000842413534527936,-0.016902452029235904,-0.000842413534527936,-0.016902452029235904,-0.2373221698313183,0.6386868203712496,-0.23647975629679036,0.6555892724004855,0.0,0.0,Vmag_get_voltage_magnitude_series__angle_get_voltage_angle_series,true,Unknown,Ybus EMT reconstruction using exact complex bus-voltage phasors when available; otherwise diagnostic fallback
8.45,-0.0008423828243026288,-0.016902433757504,-0.0008423828243026288,-0.016902433757504,-0.0008423828243026288,-0.016902433757504,-0.23732213912109298,0.6386868386429815,-0.23647975629679036,0.6555892724004855,0.0,0.0,Vmag_get_voltage_magnitude_series__angle_get_voltage_angle_series,true,Unknown,Ybus EMT reconstruction using exact complex bus-voltage phasors when available; otherwise diagnostic fallback
8.46,-0.0008423520965710196,-0.01690241511777868,-0.0008423520965710196,-0.01690241511777868,-0.0008423520965710196,-0.01690241511777868,-0.23732210839336138,0.6386868572827068,-0.23647975629679036,0.6555892724004855,0.0,0.0,Vmag_get_voltage_magnitude_series__angle_get_voltage_angle_series,true,Unknown,Ybus EMT reconstruction using exact complex bus-voltage phasors when available; otherwise diagnostic fallback
8.47,-0.0008423213539538177,-0.016902396113872897,-0.0008423213539538177,-0.016902396113872897,-0.0008423213539538177,-0.016902396113872897,-0.23732207765074417,0.6386868762866126,-0.23647975629679036,0.6555892724004855,0.0,0.0,Vmag_get_voltage_magnitude_series__angle_get_voltage_angle_series,true,Unknown,Ybus EMT reconstruction using exact complex bus-voltage phasors when available; otherwise diagnostic fallback
8.48,-0.0008422905989876328,-0.016902376749504566,-0.0008422905989876328,-0.016902376749504566,-0.0008422905989876328,-0.016902376749504566,-0.237322046895778,0.6386868956509809,-0.23647975629679036,0.6555892724004855,0.0,0.0,Vmag_get_voltage_magnitude_series__angle_get_voltage_angle_series,true,Unknown,Ybus EMT reconstruction using exact complex bus-voltage phasors when available; otherwise diagnostic fallback
8.49,-0.0008422598342208432,-0.016902357028435566,-0.0008422598342208432,-0.016902357028435566,-0.0008422598342208432,-0.016902357028435566,-0.2373220161310112,0.6386869153720499,-0.23647975629679036,0.6555892724004855,0.0,0.0,Vmag_get_voltage_magnitude_series__angle_get_voltage_angle_series,true,Unknown,Ybus EMT reconstruction using exact complex bus-voltage phasors when available; otherwise diagnostic fallback
8.5,-0.0008422290621838135,-0.01690233695449228,-0.0008422290621838135,-0.01690233695449228,-0.0008422290621838135,-0.01690233695449228,-0.23732198535897417,0.6386869354459932,-0.23647975629679036,0.6555892724004855,0.0,0.0,Vmag_get_voltage_magnitude_series__angle_get_voltage_angle_series,true,Unknown,Ybus EMT reconstruction using exact complex bus-voltage phasors when available; otherwise diagnostic fallback
8.51,-0.0008421982853794308,-0.016902316531477113,-0.0008421982853794308,-0.016902316531477113,-0.0008421982853794308,-0.016902316531477113,-0.2373219545821698,0.6386869558690084,-0.23647975629679036,0.6555892724004855,0.0,0.0,Vmag_get_voltage_magnitude_series__angle_get_voltage_angle_series,true,Unknown,Ybus EMT reconstruction using exact complex bus-voltage phasors when available; otherwise diagnostic fallback
8.52,-0.0008421675063044753,-0.01690229576299962,-0.0008421675063044753,-0.01690229576299962,-0.0008421675063044753,-0.01690229576299962,-0.23732192380309483,0.6386869766374859,-0.23647975629679036,0.6555892724004855,0.0,0.0,Vmag_get_voltage_magnitude_series__angle_get_voltage_angle_series,true,Unknown,Ybus EMT reconstruction using exact complex bus-voltage phasors when available; otherwise diagnostic fallback
8.53,-0.0008421367273259428,-0.016902274652892957,-0.0008421367273259428,-0.016902274652892957,-0.0008421367273259428,-0.016902274652892957,-0.2373218930241163,0.6386869977475925,-0.23647975629679036,0.6555892724004855,0.0,0.0,Vmag_get_voltage_magnitude_series__angle_get_voltage_angle_series,true,Unknown,Ybus EMT reconstruction using exact complex bus-voltage phasors when available; otherwise diagnostic fallback
8.54,-0.0008421059509550188,-0.016902253204954976,-0.0008421059509550188,-0.016902253204954976,-0.0008421059509550188,-0.016902253204954976,-0.23732186224774537,0.6386870191955305,-0.23647975629679036,0.6555892724004855,0.0,0.0,Vmag_get_voltage_magnitude_series__angle_get_voltage_angle_series,true,Unknown,Ybus EMT reconstruction using exact complex bus-voltage phasors when available; otherwise diagnostic fallback
8.55,-0.0008420751795661652,-0.016902231422821545,-0.0008420751795661652,-0.016902231422821545,-0.0008420751795661652,-0.016902231422821545,-0.23732183147635652,0.6386870409776639,-0.23647975629679036,0.6555892724004855,0.0,0.0,Vmag_get_voltage_magnitude_series__angle_get_voltage_angle_series,true,Unknown,Ybus EMT reconstruction using exact complex bus-voltage phasors when available; otherwise diagnostic fallback
8.56,-0.0008420444155104179,-0.01690220931027764,-0.0008420444155104179,-0.01690220931027764,-0.0008420444155104179,-0.01690220931027764,-0.23732180071230077,0.6386870630902078,-0.23647975629679036,0.6555892724004855,0.0,0.0,Vmag_get_voltage_magnitude_series__angle_get_voltage_angle_series,true,Unknown,Ybus EMT reconstruction using exact complex bus-voltage phasors when available; otherwise diagnostic fallback
8.57,-0.0008420136611823614,-0.016902186871095348,-0.0008420136611823614,-0.016902186871095348,-0.0008420136611823614,-0.016902186871095348,-0.23732176995797272,0.6386870855293901,-0.23647975629679036,0.6555892724004855,0.0,0.0,Vmag_get_voltage_magnitude_series__angle_get_voltage_angle_series,true,Unknown,Ybus EMT reconstruction using exact complex bus-voltage phasors when available; otherwise diagnostic fallback
8.58,-0.0008419829188833217,-0.016902164108900997,-0.0008419829188833217,-0.016902164108900997,-0.0008419829188833217,-0.016902164108900997,-0.23732173921567368,0.6386871082915845,-0.23647975629679036,0.6555892724004855,0.0,0.0,Vmag_get_voltage_magnitude_series__angle_get_voltage_angle_series,true,Unknown,Ybus EMT reconstruction using exact complex bus-voltage phasors when available; otherwise diagnostic fallback
8.59,-0.000841952190937606,-0.016902141027465234,-0.000841952190937606,-0.016902141027465234,-0.000841952190937606,-0.016902141027465234,-0.23732170848772796,0.6386871313730202,-0.23647975629679036,0.6555892724004855,0.0,0.0,Vmag_get_voltage_magnitude_series__angle_get_voltage_angle_series,true,Unknown,Ybus EMT reconstruction using exact complex bus-voltage phasors when available; otherwise diagnostic fallback
8.6,-0.0008419214796339669,-0.01690211763046956,-0.0008419214796339669,-0.01690211763046956,-0.0008419214796339669,-0.01690211763046956,-0.23732167777642432,0.6386871547700159,-0.23647975629679036,0.6555892724004855,0.0,0.0,Vmag_get_voltage_magnitude_series__angle_get_voltage_angle_series,true,Unknown,Ybus EMT reconstruction using exact complex bus-voltage phasors when available; otherwise diagnostic fallback
8.61,-0.0008418907872120851,-0.01690209392160147,-0.0008418907872120851,-0.01690209392160147,-0.0008418907872120851,-0.01690209392160147,-0.23732164708400244,0.638687178478884,-0.23647975629679036,0.6555892724004855,0.0,0.0,Vmag_get_voltage_magnitude_series__angle_get_voltage_angle_series,true,Unknown,Ybus EMT reconstruction using exact complex bus-voltage phasors when available; otherwise diagnostic fallback
8.62,-0.0008418601159083383,-0.016902069904524142,-0.0008418601159083383,-0.016902069904524142,-0.0008418601159083383,-0.016902069904524142,-0.2373216164126987,0.6386872024959613,-0.23647975629679036,0.6555892724004855,0.0,0.0,Vmag_get_voltage_magnitude_series__angle_get_voltage_angle_series,true,Unknown,Ybus EMT reconstruction using exact complex bus-voltage phasors when available; otherwise diagnostic fallback
8.63,-0.0008418294679582439,-0.016902045583054526,-0.0008418294679582439,-0.016902045583054526,-0.0008418294679582439,-0.016902045583054526,-0.2373215857647486,0.638687226817431,-0.23647975629679036,0.6555892724004855,0.0,0.0,Vmag_get_voltage_magnitude_series__angle_get_voltage_angle_series,true,Unknown,Ybus EMT reconstruction using exact complex bus-voltage phasors when available; otherwise diagnostic fallback
8.64,-0.0008417988455381997,-0.016902020960697595,-0.0008417988455381997,-0.016902020960697595,-0.0008417988455381997,-0.016902020960697595,-0.23732155514232856,0.6386872514397879,-0.23647975629679036,0.6555892724004855,0.0,0.0,Vmag_get_voltage_magnitude_series__angle_get_voltage_angle_series,true,Unknown,Ybus EMT reconstruction using exact complex bus-voltage phasors when available; otherwise diagnostic fallback
8.65,-0.0008417682507863289,-0.016901996041230882,-0.0008417682507863289,-0.016901996041230882,-0.0008417682507863289,-0.016901996041230882,-0.23732152454757668,0.6386872763592546,-0.23647975629679036,0.6555892724004855,0.0,0.0,Vmag_get_voltage_magnitude_series__angle_get_voltage_angle_series,true,Unknown,Ybus EMT reconstruction using exact complex bus-voltage phasors when available; otherwise diagnostic fallback
8.66,-0.0008417376858204373,-0.016901970828356094,-0.0008417376858204373,-0.016901970828356094,-0.0008417376858204373,-0.016901970828356094,-0.2373214939826108,0.6386873015721294,-0.23647975629679036,0.6555892724004855,0.0,0.0,Vmag_get_voltage_magnitude_series__angle_get_voltage_angle_series,true,Unknown,Ybus EMT reconstruction using exact complex bus-voltage phasors when available; otherwise diagnostic fallback
8.67,-0.0008417071529560061,-0.01690194532551459,-0.0008417071529560061,-0.01690194532551459,-0.0008417071529560061,-0.01690194532551459,-0.23732146344974636,0.6386873270749709,-0.23647975629679036,0.6555892724004855,0.0,0.0,Vmag_get_voltage_magnitude_series__angle_get_voltage_angle_series,true,Unknown,Ybus EMT reconstruction using exact complex bus-voltage phasors when available; otherwise diagnostic fallback
8.68,-0.0008416766540547682,-0.0169019195364698,-0.0008416766540547682,-0.0169019195364698,-0.0008416766540547682,-0.0169019195364698,-0.23732143295084512,0.6386873528640157,-0.23647975629679036,0.6555892724004855,0.0,0.0,Vmag_get_voltage_magnitude_series__angle_get_voltage_angle_series,true,Unknown,Ybus EMT reconstruction using exact complex bus-voltage phasors when available; otherwise diagnostic fallback
8.69,-0.0008416461912576223,-0.016901893464936313,-0.0008416461912576223,-0.016901893464936313,-0.0008416461912576223,-0.016901893464936313,-0.23732140248804798,0.6386873789355492,-0.23647975629679036,0.6555892724004855,0.0,0.0,Vmag_get_voltage_magnitude_series__angle_get_voltage_angle_series,true,Unknown,Ybus EMT reconstruction using exact complex bus-voltage phasors when available; otherwise diagnostic fallback
8.7,-0.0008416157666383539,-0.016901867114466285,-0.0008416157666383539,-0.016901867114466285,-0.0008416157666383539,-0.016901867114466285,-0.2373213720634287,0.6386874052860192,-0.23647975629679036,0.6555892724004855,0.0,0.0,Vmag_get_voltage_magnitude_series__angle_get_voltage_angle_series,true,Unknown,Ybus EMT reconstruction using exact complex bus-voltage phasors when available; otherwise diagnostic fallback
8.71,-0.0008415853822419106,-0.016901840488689923,-0.0008415853822419106,-0.016901840488689923,-0.0008415853822419106,-0.016901840488689923,-0.23732134167903227,0.6386874319117956,-0.23647975629679036,0.6555892724004855,0.0,0.0,Vmag_get_voltage_magnitude_series__angle_get_voltage_angle_series,true,Unknown,Ybus EMT reconstruction using exact complex bus-voltage phasors when available; otherwise diagnostic fallback
8.72,-0.0008415550400323879,-0.016901813591214898,-0.0008415550400323879,-0.016901813591214898,-0.0008415550400323879,-0.016901813591214898,-0.23732131133682274,0.6386874588092706,-0.23647975629679036,0.6555892724004855,0.0,0.0,Vmag_get_voltage_magnitude_series__angle_get_voltage_angle_series,true,Unknown,Ybus EMT reconstruction using exact complex bus-voltage phasors when available; otherwise diagnostic fallback
8.73,-0.0008415247420235916,-0.016901786425600696,-0.0008415247420235916,-0.016901786425600696,-0.0008415247420235916,-0.016901786425600696,-0.23732128103881395,0.6386874859748848,-0.23647975629679036,0.6555892724004855,0.0,0.0,Vmag_get_voltage_magnitude_series__angle_get_voltage_angle_series,true,Unknown,Ybus EMT reconstruction using exact complex bus-voltage phasors when available; otherwise diagnostic fallback
8.74,-0.0008414944901203869,-0.016901758995509053,-0.0008414944901203869,-0.016901758995509053,-0.0008414944901203869,-0.016901758995509053,-0.23732125078691074,0.6386875134049764,-0.23647975629679036,0.6555892724004855,0.0,0.0,Vmag_get_voltage_magnitude_series__angle_get_voltage_angle_series,true,Unknown,Ybus EMT reconstruction using exact complex bus-voltage phasors when available; otherwise diagnostic fallback
8.75,-0.0008414642863076027,-0.01690173130447903,-0.0008414642863076027,-0.01690173130447903,-0.0008414642863076027,-0.01690173130447903,-0.23732122058309796,0.6386875410960065,-0.23647975629679036,0.6555892724004855,0.0,0.0,Vmag_get_voltage_magnitude_series__angle_get_voltage_angle_series,true,Unknown,Ybus EMT reconstruction using exact complex bus-voltage phasors when available; otherwise diagnostic fallback
8.76,-0.0008414341324777808,-0.016901703356099973,-0.0008414341324777808,-0.016901703356099973,-0.0008414341324777808,-0.016901703356099973,-0.23732119042926814,0.6386875690443855,-0.23647975629679036,0.6555892724004855,0.0,0.0,Vmag_get_voltage_magnitude_series__angle_get_voltage_angle_series,true,Unknown,Ybus EMT reconstruction using exact complex bus-voltage phasors when available; otherwise diagnostic fallback
8.77,-0.0008414040305185222,-0.016901675153928042,-0.0008414040305185222,-0.016901675153928042,-0.0008414040305185222,-0.016901675153928042,-0.23732116032730888,0.6386875972465574,-0.23647975629679036,0.6555892724004855,0.0,0.0,Vmag_get_voltage_magnitude_series__angle_get_voltage_angle_series,true,Unknown,Ybus EMT reconstruction using exact complex bus-voltage phasors when available; otherwise diagnostic fallback
8.78,-0.0008413739823006083,-0.016901646701479867,-0.0008413739823006083,-0.016901646701479867,-0.0008413739823006083,-0.016901646701479867,-0.23732113027909096,0.6386876256990056,-0.23647975629679036,0.6555892724004855,0.0,0.0,Vmag_get_voltage_magnitude_series__angle_get_voltage_angle_series,true,Unknown,Ybus EMT reconstruction using exact complex bus-voltage phasors when available; otherwise diagnostic fallback
8.79,-0.0008413439896653718,-0.016901618002409857,-0.0008413439896653718,-0.016901618002409857,-0.0008413439896653718,-0.016901618002409857,-0.23732110028645573,0.6386876543980756,-0.23647975629679036,0.6555892724004855,0.0,0.0,Vmag_get_voltage_magnitude_series__angle_get_voltage_angle_series,true,Unknown,Ybus EMT reconstruction using exact complex bus-voltage phasors when available; otherwise diagnostic fallback
8.8,-0.0008413140544560604,-0.01690158906014594,-0.0008413140544560604,-0.01690158906014594,-0.0008413140544560604,-0.01690158906014594,-0.23732107035124642,0.6386876833403395,-0.23647975629679036,0.6555892724004855,0.0,0.0,Vmag_get_voltage_magnitude_series__angle_get_voltage_angle_series,true,Unknown,Ybus EMT reconstruction using exact complex bus-voltage phasors when available; otherwise diagnostic fallback
8.81,-0.0008412841784327385,-0.01690155987827069,-0.0008412841784327385,-0.01690155987827069,-0.0008412841784327385,-0.01690155987827069,-0.2373210404752231,0.6386877125222148,-0.23647975629679036,0.6555892724004855,0.0,0.0,Vmag_get_voltage_magnitude_series__angle_get_voltage_angle_series,true,Unknown,Ybus EMT reconstruction using exact complex bus-voltage phasors when available; otherwise diagnostic fallback
8.82,-0.0008412543634564174,-0.016901530460262215,-0.0008412543634564174,-0.016901530460262215,-0.0008412543634564174,-0.016901530460262215,-0.23732101066024677,0.6386877419402233,-0.23647975629679036,0.6555892724004855,0.0,0.0,Vmag_get_voltage_magnitude_series__angle_get_voltage_angle_series,true,Unknown,Ybus EMT reconstruction using exact complex bus-voltage phasors when available; otherwise diagnostic fallback
8.83,-0.0008412246111384469,-0.016901500809610948,-0.0008412246111384469,-0.016901500809610948,-0.0008412246111384469,-0.016901500809610948,-0.2373209809079288,0.6386877715908745,-0.23647975629679036,0.6555892724004855,0.0,0.0,Vmag_get_voltage_magnitude_series__angle_get_voltage_angle_series,true,Unknown,Ybus EMT reconstruction using exact complex bus-voltage phasors when available; otherwise diagnostic fallback
8.84,-0.0008411949232986771,-0.01690147092991401,-0.0008411949232986771,-0.01690147092991401,-0.0008411949232986771,-0.01690147092991401,-0.23732095122008903,0.6386878014705715,-0.23647975629679036,0.6555892724004855,0.0,0.0,Vmag_get_voltage_magnitude_series__angle_get_voltage_angle_series,true,Unknown,Ybus EMT reconstruction using exact complex bus-voltage phasors when available; otherwise diagnostic fallback
8.85,-0.000841165301686625,-0.01690144082459666,-0.000841165301686625,-0.01690144082459666,-0.000841165301686625,-0.01690144082459666,-0.23732092159847698,0.6386878315758888,-0.23647975629679036,0.6555892724004855,0.0,0.0,Vmag_get_voltage_magnitude_series__angle_get_voltage_angle_series,true,Unknown,Ybus EMT reconstruction using exact complex bus-voltage phasors when available; otherwise diagnostic fallback
8.86,-0.0008411357479366499,-0.01690141049707483,-0.0008411357479366499,-0.01690141049707483,-0.0008411357479366499,-0.01690141049707483,-0.237320892044727,0.6386878619034106,-0.23647975629679036,0.6555892724004855,0.0,0.0,Vmag_get_voltage_magnitude_series__angle_get_voltage_angle_series,true,Unknown,Ybus EMT reconstruction using exact complex bus-voltage phasors when available; otherwise diagnostic fallback
8.87,-0.000841106263730268,-0.016901379950855278,-0.000841106263730268,-0.016901379950855278,-0.000841106263730268,-0.016901379950855278,-0.23732086256052062,0.6386878924496302,-0.23647975629679036,0.6555892724004855,0.0,0.0,Vmag_get_voltage_magnitude_series__angle_get_voltage_angle_series,true,Unknown,Ybus EMT reconstruction using exact complex bus-voltage phasors when available; otherwise diagnostic fallback
8.88,-0.0008410768506760535,-0.016901349189420434,-0.0008410768506760535,-0.016901349189420434,-0.0008410768506760535,-0.016901349189420434,-0.2373208331474664,0.638687923211065,-0.23647975629679036,0.6555892724004855,0.0,0.0,Vmag_get_voltage_magnitude_series__angle_get_voltage_angle_series,true,Unknown,Ybus EMT reconstruction using exact complex bus-voltage phasors when available; otherwise diagnostic fallback
8.89,-0.0008410475104813075,-0.016901318216273054,-0.0008410475104813075,-0.016901318216273054,-0.0008410475104813075,-0.016901318216273054,-0.23732080380727166,0.6386879541842124,-0.23647975629679036,0.6555892724004855,0.0,0.0,Vmag_get_voltage_magnitude_series__angle_get_voltage_angle_series,true,Unknown,Ybus EMT reconstruction using exact complex bus-voltage phasors when available; otherwise diagnostic fallback
8.9,-0.000841018244675612,-0.016901287034680523,-0.000841018244675612,-0.016901287034680523,-0.000841018244675612,-0.016901287034680523,-0.23732077454146597,0.638687985365805,-0.23647975629679036,0.6555892724004855,0.0,0.0,Vmag_get_voltage_magnitude_series__angle_get_voltage_angle_series,true,Unknown,Ybus EMT reconstruction using exact complex bus-voltage phasors when available; otherwise diagnostic fallback
8.91,-0.000840989054864294,-0.016901255648183677,-0.000840989054864294,-0.016901255648183677,-0.000840989054864294,-0.016901255648183677,-0.23732074535165465,0.6386880167523018,-0.23647975629679036,0.6555892724004855,0.0,0.0,Vmag_get_voltage_magnitude_series__angle_get_voltage_angle_series,true,Unknown,Ybus EMT reconstruction using exact complex bus-voltage phasors when available; otherwise diagnostic fallback
8.92,-0.0008409599426316694,-0.016901224060178355,-0.0008409599426316694,-0.016901224060178355,-0.0008409599426316694,-0.016901224060178355,-0.23732071623942202,0.6386880483403071,-0.23647975629679036,0.6555892724004855,0.0,0.0,Vmag_get_voltage_magnitude_series__angle_get_voltage_angle_series,true,Unknown,Ybus EMT reconstruction using exact complex bus-voltage phasors when available; otherwise diagnostic fallback
8.93,-0.0008409309094693507,-0.016901192274005328,-0.0008409309094693507,-0.016901192274005328,-0.0008409309094693507,-0.016901192274005328,-0.2373206872062597,0.6386880801264802,-0.23647975629679036,0.6555892724004855,0.0,0.0,Vmag_get_voltage_magnitude_series__angle_get_voltage_angle_series,true,Unknown,Ybus EMT reconstruction using exact complex bus-voltage phasors when available; otherwise diagnostic fallback
8.94,-0.0008409019569097509,-0.016901160293139594,-0.0008409019569097509,-0.016901160293139594,-0.0008409019569097509,-0.016901160293139594,-0.2373206582537001,0.6386881121073459,-0.23647975629679036,0.6555892724004855,0.0,0.0,Vmag_get_voltage_magnitude_series__angle_get_voltage_angle_series,true,Unknown,Ybus EMT reconstruction using exact complex bus-voltage phasors when available; otherwise diagnostic fallback
8.95,-0.0008408730864615244,-0.016901128120844322,-0.0008408730864615244,-0.016901128120844322,-0.0008408730864615244,-0.016901128120844322,-0.23732062938325188,0.6386881442796412,-0.23647975629679036,0.6555892724004855,0.0,0.0,Vmag_get_voltage_magnitude_series__angle_get_voltage_angle_series,true,Unknown,Ybus EMT reconstruction using exact complex bus-voltage phasors when available; otherwise diagnostic fallback
8.96,-0.0008408442995982424,-0.016901095760643137,-0.0008408442995982424,-0.016901095760643137,-0.0008408442995982424,-0.016901095760643137,-0.2373206005963886,0.6386881766398423,-0.23647975629679036,0.6555892724004855,0.0,0.0,Vmag_get_voltage_magnitude_series__angle_get_voltage_angle_series,true,Unknown,Ybus EMT reconstruction using exact complex bus-voltage phasors when available; otherwise diagnostic fallback
8.97,-0.00084081559776919,-0.016901063215723267,-0.00084081559776919,-0.016901063215723267,-0.00084081559776919,-0.016901063215723267,-0.23732057189455955,0.6386882091847622,-0.23647975629679036,0.6555892724004855,0.0,0.0,Vmag_get_voltage_magnitude_series__angle_get_voltage_angle_series,true,Unknown,Ybus EMT reconstruction using exact complex bus-voltage phasors when available; otherwise diagnostic fallback
8.98,-0.0008407869824084979,-0.0169010304895163,-0.0008407869824084979,-0.0169010304895163,-0.0008407869824084979,-0.0169010304895163,-0.23732054327919885,0.6386882419109692,-0.23647975629679036,0.6555892724004855,0.0,0.0,Vmag_get_voltage_magnitude_series__angle_get_voltage_angle_series,true,Unknown,Ybus EMT reconstruction using exact complex bus-voltage phasors when available; otherwise diagnostic fallback
8.99,-0.0008407584549237068,-0.016900997585382216,-0.0008407584549237068,-0.016900997585382216,-0.0008407584549237068,-0.016900997585382216,-0.23732051475171406,0.6386882748151033,-0.23647975629679036,0.6555892724004855,0.0,0.0,Vmag_get_voltage_magnitude_series__angle_get_voltage_angle_series,true,Unknown,Ybus EMT reconstruction using exact complex bus-voltage phasors when available; otherwise diagnostic fallback
9.0,-0.0008407300167131426,-0.01690096450652734,-0.0008407300167131426,-0.01690096450652734,-0.0008407300167131426,-0.01690096450652734,-0.2373204863135035,0.6386883078939581,-0.23647975629679036,0.6555892724004855,0.0,0.0,Vmag_get_voltage_magnitude_series__angle_get_voltage_angle_series,true,Unknown,Ybus EMT reconstruction using exact complex bus-voltage phasors when available; otherwise diagnostic fallback
9.01,-0.0008407016691504565,-0.01690093125636638,-0.0008407016691504565,-0.01690093125636638,-0.0008407016691504565,-0.01690093125636638,-0.2373204579659408,0.6386883411441191,-0.23647975629679036,0.6555892724004855,0.0,0.0,Vmag_get_voltage_magnitude_series__angle_get_voltage_angle_series,true,Unknown,Ybus EMT reconstruction using exact complex bus-voltage phasors when available; otherwise diagnostic fallback
9.02,-0.0008406734135690819,-0.016900897838123763,-0.0008406734135690819,-0.016900897838123763,-0.0008406734135690819,-0.016900897838123763,-0.23732042971035944,0.6386883745623617,-0.23647975629679036,0.6555892724004855,0.0,0.0,Vmag_get_voltage_magnitude_series__angle_get_voltage_angle_series,true,Unknown,Ybus EMT reconstruction using exact complex bus-voltage phasors when available; otherwise diagnostic fallback
9.03,-0.0008406452513053941,-0.016900864255120718,-0.0008406452513053941,-0.016900864255120718,-0.0008406452513053941,-0.016900864255120718,-0.23732040154809575,0.6386884081453648,-0.23647975629679036,0.6555892724004855,0.0,0.0,Vmag_get_voltage_magnitude_series__angle_get_voltage_angle_series,true,Unknown,Ybus EMT reconstruction using exact complex bus-voltage phasors when available; otherwise diagnostic fallback
9.04,-0.0008406171836689014,-0.01690083051061253,-0.0008406171836689014,-0.01690083051061253,-0.0008406171836689014,-0.01690083051061253,-0.23732037348045926,0.638688441889873,-0.23647975629679036,0.6555892724004855,0.0,0.0,Vmag_get_voltage_magnitude_series__angle_get_voltage_angle_series,true,Unknown,Ybus EMT reconstruction using exact complex bus-voltage phasors when available; otherwise diagnostic fallback
9.05,-0.0008405892119799363,-0.016900796607877466,-0.0008405892119799363,-0.016900796607877466,-0.0008405892119799363,-0.016900796607877466,-0.2373203455087703,0.638688475792608,-0.23647975629679036,0.6555892724004855,0.0,0.0,Vmag_get_voltage_magnitude_series__angle_get_voltage_angle_series,true,Unknown,Ybus EMT reconstruction using exact complex bus-voltage phasors when available; otherwise diagnostic fallback
9.06,-0.0008405613374775078,-0.016900762550092097,-0.0008405613374775078,-0.016900762550092097,-0.0008405613374775078,-0.016900762550092097,-0.23732031763426786,0.6386885098503934,-0.23647975629679036,0.6555892724004855,0.0,0.0,Vmag_get_voltage_magnitude_series__angle_get_voltage_angle_series,true,Unknown,Ybus EMT reconstruction using exact complex bus-voltage phasors when available; otherwise diagnostic fallback
9.07,-0.0008405335613966558,-0.016900728340522364,-0.0008405335613966558,-0.016900728340522364,-0.0008405335613966558,-0.016900728340522364,-0.237320289858187,0.6386885440599631,-0.23647975629679036,0.6555892724004855,0.0,0.0,Vmag_get_voltage_magnitude_series__angle_get_voltage_angle_series,true,Unknown,Ybus EMT reconstruction using exact complex bus-voltage phasors when available; otherwise diagnostic fallback
9.08,-0.000840505884996734,-0.016900693982418336,-0.000840505884996734,-0.016900693982418336,-0.000840505884996734,-0.016900693982418336,-0.2373202621817871,0.6386885784180671,-0.23647975629679036,0.6555892724004855,0.0,0.0,Vmag_get_voltage_magnitude_series__angle_get_voltage_angle_series,true,Unknown,Ybus EMT reconstruction using exact complex bus-voltage phasors when available; otherwise diagnostic fallback
9.09,-0.0008404783094530799,-0.01690065947895103,-0.0008404783094530799,-0.01690065947895103,-0.0008404783094530799,-0.01690065947895103,-0.23732023460624344,0.6386886129215344,-0.23647975629679036,0.6555892724004855,0.0,0.0,Vmag_get_voltage_magnitude_series__angle_get_voltage_angle_series,true,Unknown,Ybus EMT reconstruction using exact complex bus-voltage phasors when available; otherwise diagnostic fallback
9.1,-0.0008404508360216612,-0.01690062483331789,-0.0008404508360216612,-0.01690062483331789,-0.0008404508360216612,-0.01690062483331789,-0.23732020713281202,0.6386886475671676,-0.23647975629679036,0.6555892724004855,0.0,0.0,Vmag_get_voltage_magnitude_series__angle_get_voltage_angle_series,true,Unknown,Ybus EMT reconstruction using exact complex bus-voltage phasors when available; otherwise diagnostic fallback
9.11,-0.0008404234657881093,-0.01690059004872102,-0.0008404234657881093,-0.01690059004872102,-0.0008404234657881093,-0.01690059004872102,-0.23732017976257846,0.6386886823517645,-0.23647975629679036,0.6555892724004855,0.0,0.0,Vmag_get_voltage_magnitude_series__angle_get_voltage_angle_series,true,Unknown,Ybus EMT reconstruction using exact complex bus-voltage phasors when available; otherwise diagnostic fallback
9.12,-0.0008403961999846055,-0.01690055512828348,-0.0008403961999846055,-0.01690055512828348,-0.0008403961999846055,-0.01690055512828348,-0.23732015249677496,0.638688717272202,-0.23647975629679036,0.6555892724004855,0.0,0.0,Vmag_get_voltage_magnitude_series__angle_get_voltage_angle_series,true,Unknown,Ybus EMT reconstruction using exact complex bus-voltage phasors when available; otherwise diagnostic fallback
9.13,-0.0008403690396626973,-0.016900520075177172,-0.0008403690396626973,-0.016900520075177172,-0.0008403690396626973,-0.016900520075177172,-0.23732012533645305,0.6386887523253083,-0.23647975629679036,0.6555892724004855,0.0,0.0,Vmag_get_voltage_magnitude_series__angle_get_voltage_angle_series,true,Unknown,Ybus EMT reconstruction using exact complex bus-voltage phasors when available; otherwise diagnostic fallback
9.14,-0.0008403419859888406,-0.016900484892554357,-0.0008403419859888406,-0.016900484892554357,-0.0008403419859888406,-0.016900484892554357,-0.2373200982827792,0.6386887875079311,-0.23647975629679036,0.6555892724004855,0.0,0.0,Vmag_get_voltage_magnitude_series__angle_get_voltage_angle_series,true,Unknown,Ybus EMT reconstruction using exact complex bus-voltage phasors when available; otherwise diagnostic fallback
9.15,-0.0008403150400614345,-0.016900449583472255,-0.0008403150400614345,-0.016900449583472255,-0.0008403150400614345,-0.016900449583472255,-0.2373200713368518,0.6386888228170132,-0.23647975629679036,0.6555892724004855,0.0,0.0,Vmag_get_voltage_magnitude_series__angle_get_voltage_angle_series,true,Unknown,Ybus EMT reconstruction using exact complex bus-voltage phasors when available; otherwise diagnostic fallback
9.16,-0.0008402882029130976,-0.0169004141511363,-0.0008402882029130976,-0.0169004141511363,-0.0008402882029130976,-0.0169004141511363,-0.23732004449970345,0.6386888582493492,-0.23647975629679036,0.6555892724004855,0.0,0.0,Vmag_get_voltage_magnitude_series__angle_get_voltage_angle_series,true,Unknown,Ybus EMT reconstruction using exact complex bus-voltage phasors when available; otherwise diagnostic fallback
9.17,-0.0008402614756218285,-0.016900378598593946,-0.0008402614756218285,-0.016900378598593946,-0.0008402614756218285,-0.016900378598593946,-0.23732001777241218,0.6386888938018915,-0.23647975629679036,0.6555892724004855,0.0,0.0,Vmag_get_voltage_magnitude_series__angle_get_voltage_angle_series,true,Unknown,Ybus EMT reconstruction using exact complex bus-voltage phasors when available; otherwise diagnostic fallback
9.18,-0.0008402348592202735,-0.016900342928973466,-0.0008402348592202735,-0.016900342928973466,-0.0008402348592202735,-0.016900342928973466,-0.23731999115601063,0.638688929471512,-0.23647975629679036,0.6555892724004855,0.0,0.0,Vmag_get_voltage_magnitude_series__angle_get_voltage_angle_series,true,Unknown,Ybus EMT reconstruction using exact complex bus-voltage phasors when available; otherwise diagnostic fallback
9.19,-0.0008402083547360273,-0.016900307145283233,-0.0008402083547360273,-0.016900307145283233,-0.0008402083547360273,-0.016900307145283233,-0.23731996465152638,0.6386889652552022,-0.23647975629679036,0.6555892724004855,0.0,0.0,Vmag_get_voltage_magnitude_series__angle_get_voltage_angle_series,true,Unknown,Ybus EMT reconstruction using exact complex bus-voltage phasors when available; otherwise diagnostic fallback
9.2,-0.000840181963155745,-0.016900271250582022,-0.000840181963155745,-0.016900271250582022,-0.000840181963155745,-0.016900271250582022,-0.2373199382599461,0.6386890011499035,-0.23647975629679036,0.6555892724004855,0.0,0.0,Vmag_get_voltage_magnitude_series__angle_get_voltage_angle_series,true,Unknown,Ybus EMT reconstruction using exact complex bus-voltage phasors when available; otherwise diagnostic fallback
9.21,-0.0008401556854648051,-0.016900235247927164,-0.0008401556854648051,-0.016900235247927164,-0.0008401556854648051,-0.016900235247927164,-0.23731991198225516,0.6386890371525583,-0.23647975629679036,0.6555892724004855,0.0,0.0,Vmag_get_voltage_magnitude_series__angle_get_voltage_angle_series,true,Unknown,Ybus EMT reconstruction using exact complex bus-voltage phasors when available; otherwise diagnostic fallback
9.22,-0.0008401295225983763,-0.016900199140418626,-0.0008401295225983763,-0.016900199140418626,-0.0008401295225983763,-0.016900199140418626,-0.23731988581938873,0.6386890732600669,-0.23647975629679036,0.6555892724004855,0.0,0.0,Vmag_get_voltage_magnitude_series__angle_get_voltage_angle_series,true,Unknown,Ybus EMT reconstruction using exact complex bus-voltage phasors when available; otherwise diagnostic fallback
9.23,-0.0008401034755444459,-0.01690016293096075,-0.0008401034755444459,-0.01690016293096075,-0.0008401034755444459,-0.01690016293096075,-0.2373198597723348,0.6386891094695247,-0.23647975629679036,0.6555892724004855,0.0,0.0,Vmag_get_voltage_magnitude_series__angle_get_voltage_angle_series,true,Unknown,Ybus EMT reconstruction using exact complex bus-voltage phasors when available; otherwise diagnostic fallback
9.24,-0.0008400775452059306,-0.016900126622553358,-0.0008400775452059306,-0.016900126622553358,-0.0008400775452059306,-0.016900126622553358,-0.23731983384199629,0.6386891457779321,-0.23647975629679036,0.6555892724004855,0.0,0.0,Vmag_get_voltage_magnitude_series__angle_get_voltage_angle_series,true,Unknown,Ybus EMT reconstruction using exact complex bus-voltage phasors when available; otherwise diagnostic fallback
9.25,-0.0008400517324906043,-0.016900090218215813,-0.0008400517324906043,-0.016900090218215813,-0.0008400517324906043,-0.016900090218215813,-0.23731980802928096,0.6386891821822697,-0.23647975629679036,0.6555892724004855,0.0,0.0,Vmag_get_voltage_magnitude_series__angle_get_voltage_angle_series,true,Unknown,Ybus EMT reconstruction using exact complex bus-voltage phasors when available; otherwise diagnostic fallback
9.26,-0.0008400260382619984,-0.01690005372098724,-0.0008400260382619984,-0.01690005372098724,-0.0008400260382619984,-0.01690005372098724,-0.23731978233505235,0.6386892186794982,-0.23647975629679036,0.6555892724004855,0.0,0.0,Vmag_get_voltage_magnitude_series__angle_get_voltage_angle_series,true,Unknown,Ybus EMT reconstruction using exact complex bus-voltage phasors when available; otherwise diagnostic fallback
9.27,-0.0008400004634271374,-0.016900017133717915,-0.0008400004634271374,-0.016900017133717915,-0.0008400004634271374,-0.016900017133717915,-0.2373197567602175,0.6386892552667676,-0.23647975629679036,0.6555892724004855,0.0,0.0,Vmag_get_voltage_magnitude_series__angle_get_voltage_angle_series,true,Unknown,Ybus EMT reconstruction using exact complex bus-voltage phasors when available; otherwise diagnostic fallback
9.28,-0.0008399750088334823,-0.016899980459374464,-0.0008399750088334823,-0.016899980459374464,-0.0008399750088334823,-0.016899980459374464,-0.23731973130562384,0.638689291941111,-0.23647975629679036,0.6555892724004855,0.0,0.0,Vmag_get_voltage_magnitude_series__angle_get_voltage_angle_series,true,Unknown,Ybus EMT reconstruction using exact complex bus-voltage phasors when available; otherwise diagnostic fallback
9.29,-0.0008399496752904134,-0.016899943700892095,-0.0008399496752904134,-0.016899943700892095,-0.0008399496752904134,-0.016899943700892095,-0.23731970597208077,0.6386893286995934,-0.23647975629679036,0.6555892724004855,0.0,0.0,Vmag_get_voltage_magnitude_series__angle_get_voltage_angle_series,true,Unknown,Ybus EMT reconstruction using exact complex bus-voltage phasors when available; otherwise diagnostic fallback
9.3,-0.0008399244636510816,-0.016899906861155722,-0.0008399244636510816,-0.016899906861155722,-0.0008399244636510816,-0.016899906861155722,-0.23731968076044144,0.6386893655393298,-0.23647975629679036,0.6555892724004855,0.0,0.0,Vmag_get_voltage_magnitude_series__angle_get_voltage_angle_series,true,Unknown,Ybus EMT reconstruction using exact complex bus-voltage phasors when available; otherwise diagnostic fallback
9.31,-0.000839899374682096,-0.016899869943115875,-0.000839899374682096,-0.016899869943115875,-0.000839899374682096,-0.016899869943115875,-0.23731965567147245,0.6386894024573696,-0.23647975629679036,0.6555892724004855,0.0,0.0,Vmag_get_voltage_magnitude_series__angle_get_voltage_angle_series,true,Unknown,Ybus EMT reconstruction using exact complex bus-voltage phasors when available; otherwise diagnostic fallback
9.32,-0.0008398744091761556,-0.01689983294963704,-0.0008398744091761556,-0.01689983294963704,-0.0008398744091761556,-0.01689983294963704,-0.2373196307059665,0.6386894394508484,-0.23647975629679036,0.6555892724004855,0.0,0.0,Vmag_get_voltage_magnitude_series__angle_get_voltage_angle_series,true,Unknown,Ybus EMT reconstruction using exact complex bus-voltage phasors when available; otherwise diagnostic fallback
9.33,-0.0008398495679174944,-0.016899795883535296,-0.0008398495679174944,-0.016899795883535296,-0.0008398495679174944,-0.016899795883535296,-0.23731960586470785,0.6386894765169502,-0.23647975629679036,0.6555892724004855,0.0,0.0,Vmag_get_voltage_magnitude_series__angle_get_voltage_angle_series,true,Unknown,Ybus EMT reconstruction using exact complex bus-voltage phasors when available; otherwise diagnostic fallback
9.34,-0.0008398248516207629,-0.016899758747675686,-0.0008398248516207629,-0.016899758747675686,-0.0008398248516207629,-0.016899758747675686,-0.23731958114841112,0.6386895136528098,-0.23647975629679036,0.6555892724004855,0.0,0.0,Vmag_get_voltage_magnitude_series__angle_get_voltage_angle_series,true,Unknown,Ybus EMT reconstruction using exact complex bus-voltage phasors when available; otherwise diagnostic fallback
9.35,-0.0008398002610410793,-0.016899721544940127,-0.0008398002610410793,-0.016899721544940127,-0.0008398002610410793,-0.016899721544940127,-0.23731955655783143,0.6386895508555454,-0.23647975629679036,0.6555892724004855,0.0,0.0,Vmag_get_voltage_magnitude_series__angle_get_voltage_angle_series,true,Unknown,Ybus EMT reconstruction using exact complex bus-voltage phasors when available; otherwise diagnostic fallback
9.36,-0.0008397757969011432,-0.016899684278110172,-0.0008397757969011432,-0.016899684278110172,-0.0008397757969011432,-0.016899684278110172,-0.2373195320936915,0.6386895881223753,-0.23647975629679036,0.6555892724004855,0.0,0.0,Vmag_get_voltage_magnitude_series__angle_get_voltage_angle_series,true,Unknown,Ybus EMT reconstruction using exact complex bus-voltage phasors when available; otherwise diagnostic fallback
9.37,-0.0008397514598592337,-0.016899646949964375,-0.0008397514598592337,-0.016899646949964375,-0.0008397514598592337,-0.016899646949964375,-0.2373195077566496,0.6386896254505211,-0.23647975629679036,0.6555892724004855,0.0,0.0,Vmag_get_voltage_magnitude_series__angle_get_voltage_angle_series,true,Unknown,Ybus EMT reconstruction using exact complex bus-voltage phasors when available; otherwise diagnostic fallback
9.38,-0.0008397272506178999,-0.016899609563319706,-0.0008397272506178999,-0.016899609563319706,-0.0008397272506178999,-0.016899609563319706,-0.23731948354740826,0.6386896628371658,-0.23647975629679036,0.6555892724004855,0.0,0.0,Vmag_get_voltage_magnitude_series__angle_get_voltage_angle_series,true,Unknown,Ybus EMT reconstruction using exact complex bus-voltage phasors when available; otherwise diagnostic fallback
9.39,-0.0008397031698418878,-0.016899572120981032,-0.0008397031698418878,-0.016899572120981032,-0.0008397031698418878,-0.016899572120981032,-0.23731945946663224,0.6386897002795044,-0.23647975629679036,0.6555892724004855,0.0,0.0,Vmag_get_voltage_magnitude_series__angle_get_voltage_angle_series,true,Unknown,Ybus EMT reconstruction using exact complex bus-voltage phasors when available; otherwise diagnostic fallback
9.4,-0.0008396792181832868,-0.016899534625658852,-0.0008396792181832868,-0.016899534625658852,-0.0008396792181832868,-0.016899534625658852,-0.23731943551497364,0.6386897377748266,-0.23647975629679036,0.6555892724004855,0.0,0.0,Vmag_get_voltage_magnitude_series__angle_get_voltage_angle_series,true,Unknown,Ybus EMT reconstruction using exact complex bus-voltage phasors when available; otherwise diagnostic fallback
9.41,-0.0008396553962612963,-0.01689949708006766,-0.0008396553962612963,-0.01689949708006766,-0.0008396553962612963,-0.01689949708006766,-0.23731941169305165,0.6386897753204178,-0.23647975629679036,0.6555892724004855,0.0,0.0,Vmag_get_voltage_magnitude_series__angle_get_voltage_angle_series,true,Unknown,Ybus EMT reconstruction using exact complex bus-voltage phasors when available; otherwise diagnostic fallback
9.42,-0.0008396317046990842,-0.016899459487003665,-0.0008396317046990842,-0.016899459487003665,-0.0008396317046990842,-0.016899459487003665,-0.23731938800148944,0.6386898129134818,-0.23647975629679036,0.6555892724004855,0.0,0.0,Vmag_get_voltage_magnitude_series__angle_get_voltage_angle_series,true,Unknown,Ybus EMT reconstruction using exact complex bus-voltage phasors when available; otherwise diagnostic fallback
9.43,-0.000839608144106857,-0.01689942184915405,-0.000839608144106857,-0.01689942184915405,-0.000839608144106857,-0.01689942184915405,-0.2373193644408972,0.6386898505513314,-0.23647975629679036,0.6555892724004855,0.0,0.0,Vmag_get_voltage_magnitude_series__angle_get_voltage_angle_series,true,Unknown,Ybus EMT reconstruction using exact complex bus-voltage phasors when available; otherwise diagnostic fallback
9.44,-0.0008395847150104441,-0.016899384169173692,-0.0008395847150104441,-0.016899384169173692,-0.0008395847150104441,-0.016899384169173692,-0.2373193410118008,0.6386898882313118,-0.23647975629679036,0.6555892724004855,0.0,0.0,Vmag_get_voltage_magnitude_series__angle_get_voltage_angle_series,true,Unknown,Ybus EMT reconstruction using exact complex bus-voltage phasors when available; otherwise diagnostic fallback
9.45,-0.0008395614180223832,-0.01689934644976554,-0.0008395614180223832,-0.01689934644976554,-0.0008395614180223832,-0.01689934644976554,-0.23731931771481274,0.6386899259507199,-0.23647975629679036,0.6555892724004855,0.0,0.0,Vmag_get_voltage_magnitude_series__angle_get_voltage_angle_series,true,Unknown,Ybus EMT reconstruction using exact complex bus-voltage phasors when available; otherwise diagnostic fallback
9.46,-0.0008395382537224605,-0.016899308693622106,-0.0008395382537224605,-0.016899308693622106,-0.0008395382537224605,-0.016899308693622106,-0.23731929455051282,0.6386899637068634,-0.23647975629679036,0.6555892724004855,0.0,0.0,Vmag_get_voltage_magnitude_series__angle_get_voltage_angle_series,true,Unknown,Ybus EMT reconstruction using exact complex bus-voltage phasors when available; otherwise diagnostic fallback
9.47,-0.0008395152225684488,-0.016899270903327435,-0.0008395152225684488,-0.016899270903327435,-0.0008395152225684488,-0.016899270903327435,-0.2373192715193588,0.638690001497158,-0.23647975629679036,0.6555892724004855,0.0,0.0,Vmag_get_voltage_magnitude_series__angle_get_voltage_angle_series,true,Unknown,Ybus EMT reconstruction using exact complex bus-voltage phasors when available; otherwise diagnostic fallback
9.48,-0.0008394923251304198,-0.0168992330815817,-0.0008394923251304198,-0.0168992330815817,-0.0008394923251304198,-0.0168992330815817,-0.23731924862192078,0.6386900393189038,-0.23647975629679036,0.6555892724004855,0.0,0.0,Vmag_get_voltage_magnitude_series__angle_get_voltage_angle_series,true,Unknown,Ybus EMT reconstruction using exact complex bus-voltage phasors when available; otherwise diagnostic fallback
9.49,-0.0008394695619031167,-0.01689919523092509,-0.0008394695619031167,-0.01689919523092509,-0.0008394695619031167,-0.01689919523092509,-0.23731922585869347,0.6386900771695604,-0.23647975629679036,0.6555892724004855,0.0,0.0,Vmag_get_voltage_magnitude_series__angle_get_voltage_angle_series,true,Unknown,Ybus EMT reconstruction using exact complex bus-voltage phasors when available; otherwise diagnostic fallback
9.5,-0.0008394469333799781,-0.016899157353971184,-0.0008394469333799781,-0.016899157353971184,-0.0008394469333799781,-0.016899157353971184,-0.23731920323017033,0.6386901150465143,-0.23647975629679036,0.6555892724004855,0.0,0.0,Vmag_get_voltage_magnitude_series__angle_get_voltage_angle_series,true,Unknown,Ybus EMT reconstruction using exact complex bus-voltage phasors when available; otherwise diagnostic fallback
9.51,-0.0008394244399972939,-0.016899119453283373,-0.0008394244399972939,-0.016899119453283373,-0.0008394244399972939,-0.016899119453283373,-0.23731918073678765,0.6386901529472021,-0.23647975629679036,0.6555892724004855,0.0,0.0,Vmag_get_voltage_magnitude_series__angle_get_voltage_angle_series,true,Unknown,Ybus EMT reconstruction using exact complex bus-voltage phasors when available; otherwise diagnostic fallback
9.52,-0.0008394020822572457,-0.016899081531505322,-0.0008394020822572457,-0.016899081531505322,-0.0008394020822572457,-0.016899081531505322,-0.2373191583790476,0.6386901908689802,-0.23647975629679036,0.6555892724004855,0.0,0.0,Vmag_get_voltage_magnitude_series__angle_get_voltage_angle_series,true,Unknown,Ybus EMT reconstruction using exact complex bus-voltage phasors when available; otherwise diagnostic fallback
9.53,-0.0008393798605903224,-0.016899043591104057,-0.0008393798605903224,-0.016899043591104057,-0.0008393798605903224,-0.016899043591104057,-0.23731913615738068,0.6386902288093814,-0.23647975629679036,0.6555892724004855,0.0,0.0,Vmag_get_voltage_magnitude_series__angle_get_voltage_angle_series,true,Unknown,Ybus EMT reconstruction using exact complex bus-voltage phasors when available; otherwise diagnostic fallback
9.54,-0.000839357775396371,-0.016899005634680053,-0.000839357775396371,-0.016899005634680053,-0.000839357775396371,-0.016899005634680053,-0.23731911407218673,0.6386902667658054,-0.23647975629679036,0.6555892724004855,0.0,0.0,Vmag_get_voltage_magnitude_series__angle_get_voltage_angle_series,true,Unknown,Ybus EMT reconstruction using exact complex bus-voltage phasors when available; otherwise diagnostic fallback
9.55,-0.0008393358271213402,-0.016898967664668807,-0.0008393358271213402,-0.016898967664668807,-0.0008393358271213402,-0.016898967664668807,-0.2373190921239117,0.6386903047358167,-0.23647975629679036,0.6555892724004855,0.0,0.0,Vmag_get_voltage_magnitude_series__angle_get_voltage_angle_series,true,Unknown,Ybus EMT reconstruction using exact complex bus-voltage phasors when available; otherwise diagnostic fallback
9.56,-0.000839314016146564,-0.01689892968361062,-0.000839314016146564,-0.01689892968361062,-0.000839314016146564,-0.01689892968361062,-0.23731907031293692,0.6386903427168749,-0.23647975629679036,0.6555892724004855,0.0,0.0,Vmag_get_voltage_magnitude_series__angle_get_voltage_angle_series,true,Unknown,Ybus EMT reconstruction using exact complex bus-voltage phasors when available; otherwise diagnostic fallback
9.57,-0.0008392923428608146,-0.01689889169403669,-0.0008392923428608146,-0.01689889169403669,-0.0008392923428608146,-0.01689889169403669,-0.23731904863965117,0.6386903807064488,-0.23647975629679036,0.6555892724004855,0.0,0.0,Vmag_get_voltage_magnitude_series__angle_get_voltage_angle_series,true,Unknown,Ybus EMT reconstruction using exact complex bus-voltage phasors when available; otherwise diagnostic fallback
9.58,-0.0008392708076417066,-0.01689885369827071,-0.0008392708076417066,-0.01689885369827071,-0.0008392708076417066,-0.01689885369827071,-0.23731902710443206,0.6386904187022148,-0.23647975629679036,0.6555892724004855,0.0,0.0,Vmag_get_voltage_magnitude_series__angle_get_voltage_angle_series,true,Unknown,Ybus EMT reconstruction using exact complex bus-voltage phasors when available; otherwise diagnostic fallback
9.59,-0.0008392494108097892,-0.016898815698872527,-0.0008392494108097892,-0.016898815698872527,-0.0008392494108097892,-0.016898815698872527,-0.23731900570760014,0.638690456701613,-0.23647975629679036,0.6555892724004855,0.0,0.0,Vmag_get_voltage_magnitude_series__angle_get_voltage_angle_series,true,Unknown,Ybus EMT reconstruction using exact complex bus-voltage phasors when available; otherwise diagnostic fallback
9.6,-0.0008392281527331014,-0.01689877769828052,-0.0008392281527331014,-0.01689877769828052,-0.0008392281527331014,-0.01689877769828052,-0.23731898444952346,0.638690494702205,-0.23647975629679036,0.6555892724004855,0.0,0.0,Vmag_get_voltage_magnitude_series__angle_get_voltage_angle_series,true,Unknown,Ybus EMT reconstruction using exact complex bus-voltage phasors when available; otherwise diagnostic fallback
9.61,-0.0008392070337427671,-0.016898739698844367,-0.0008392070337427671,-0.016898739698844367,-0.0008392070337427671,-0.016898739698844367,-0.23731896333053312,0.6386905327016411,-0.23647975629679036,0.6555892724004855,0.0,0.0,Vmag_get_voltage_magnitude_series__angle_get_voltage_angle_series,true,Unknown,Ybus EMT reconstruction using exact complex bus-voltage phasors when available; otherwise diagnostic fallback
9.62,-0.0008391860541366314,-0.016898701702978025,-0.0008391860541366314,-0.016898701702978025,-0.0008391860541366314,-0.016898701702978025,-0.237318942350927,0.6386905706975075,-0.23647975629679036,0.6555892724004855,0.0,0.0,Vmag_get_voltage_magnitude_series__angle_get_voltage_angle_series,true,Unknown,Ybus EMT reconstruction using exact complex bus-voltage phasors when available; otherwise diagnostic fallback
9.63,-0.0008391652141939154,-0.016898663713116435,-0.0008391652141939154,-0.016898663713116435,-0.0008391652141939154,-0.016898663713116435,-0.23731892151098427,0.638690608687369,-0.23647975629679036,0.6555892724004855,0.0,0.0,Vmag_get_voltage_magnitude_series__angle_get_voltage_angle_series,true,Unknown,Ybus EMT reconstruction using exact complex bus-voltage phasors when available; otherwise diagnostic fallback
9.64,-0.0008391445142330589,-0.01689862573158818,-0.0008391445142330589,-0.01689862573158818,-0.0008391445142330589,-0.01689862573158818,-0.23731890081102341,0.6386906466688973,-0.23647975629679036,0.6555892724004855,0.0,0.0,Vmag_get_voltage_magnitude_series__angle_get_voltage_angle_series,true,Unknown,Ybus EMT reconstruction using exact complex bus-voltage phasors when available; otherwise diagnostic fallback
9.65,-0.0008391239545133544,-0.016898587760668216,-0.0008391239545133544,-0.016898587760668216,-0.0008391239545133544,-0.016898587760668216,-0.2373188802513037,0.6386906846398173,-0.23647975629679036,0.6555892724004855,0.0,0.0,Vmag_get_voltage_magnitude_series__angle_get_voltage_angle_series,true,Unknown,Ybus EMT reconstruction using exact complex bus-voltage phasors when available; otherwise diagnostic fallback
9.66,-0.0008391035353056964,-0.016898549802784046,-0.0008391035353056964,-0.016898549802784046,-0.0008391035353056964,-0.016898549802784046,-0.23731885983209605,0.6386907225977014,-0.23647975629679036,0.6555892724004855,0.0,0.0,Vmag_get_voltage_magnitude_series__angle_get_voltage_angle_series,true,Unknown,Ybus EMT reconstruction using exact complex bus-voltage phasors when available; otherwise diagnostic fallback
9.67,-0.0008390832568206941,-0.01689851186023572,-0.0008390832568206941,-0.01689851186023572,-0.0008390832568206941,-0.01689851186023572,-0.23731883955361105,0.6386907605402498,-0.23647975629679036,0.6555892724004855,0.0,0.0,Vmag_get_voltage_magnitude_series__angle_get_voltage_angle_series,true,Unknown,Ybus EMT reconstruction using exact complex bus-voltage phasors when available; otherwise diagnostic fallback
9.68,-0.0008390631192994324,-0.016898473935253566,-0.0008390631192994324,-0.016898473935253566,-0.0008390631192994324,-0.016898473935253566,-0.2373188194160898,0.6386907984652319,-0.23647975629679036,0.6555892724004855,0.0,0.0,Vmag_get_voltage_magnitude_series__angle_get_voltage_angle_series,true,Unknown,Ybus EMT reconstruction using exact complex bus-voltage phasors when available; otherwise diagnostic fallback
9.69,-0.0008390431229653716,-0.016898436030160835,-0.0008390431229653716,-0.016898436030160835,-0.0008390431229653716,-0.016898436030160835,-0.23731879941975573,0.6386908363703246,-0.23647975629679036,0.6555892724004855,0.0,0.0,Vmag_get_voltage_magnitude_series__angle_get_voltage_angle_series,true,Unknown,Ybus EMT reconstruction using exact complex bus-voltage phasors when available; otherwise diagnostic fallback
9.7,-0.0008390232680140775,-0.016898398147240923,-0.0008390232680140775,-0.016898398147240923,-0.0008390232680140775,-0.016898398147240923,-0.23731877956480443,0.6386908742532446,-0.23647975629679036,0.6555892724004855,0.0,0.0,Vmag_get_voltage_magnitude_series__angle_get_voltage_angle_series,true,Unknown,Ybus EMT reconstruction using exact complex bus-voltage phasors when available; otherwise diagnostic fallback
9.71,-0.0008390035546474439,-0.01689836028869196,-0.0008390035546474439,-0.01689836028869196,-0.0008390035546474439,-0.01689836028869196,-0.2373187598514378,0.6386909121117935,-0.23647975629679036,0.6555892724004855,0.0,0.0,Vmag_get_voltage_magnitude_series__angle_get_voltage_angle_series,true,Unknown,Ybus EMT reconstruction using exact complex bus-voltage phasors when available; otherwise diagnostic fallback
9.72,-0.000838983983028202,-0.0168983224567838,-0.000838983983028202,-0.0168983224567838,-0.000838983983028202,-0.0168983224567838,-0.23731874027981856,0.6386909499437017,-0.23647975629679036,0.6555892724004855,0.0,0.0,Vmag_get_voltage_magnitude_series__angle_get_voltage_angle_series,true,Unknown,Ybus EMT reconstruction using exact complex bus-voltage phasors when available; otherwise diagnostic fallback
9.73,-0.0008389645533373458,-0.01689828465368537,-0.0008389645533373458,-0.01689828465368537,-0.0008389645533373458,-0.01689828465368537,-0.2373187208501277,0.6386909877468001,-0.23647975629679036,0.6555892724004855,0.0,0.0,Vmag_get_voltage_magnitude_series__angle_get_voltage_angle_series,true,Unknown,Ybus EMT reconstruction using exact complex bus-voltage phasors when available; otherwise diagnostic fallback
9.74,-0.0008389452657211749,-0.016898246881620782,-0.0008389452657211749,-0.016898246881620782,-0.0008389452657211749,-0.016898246881620782,-0.23731870156251153,0.6386910255188647,-0.23647975629679036,0.6555892724004855,0.0,0.0,Vmag_get_voltage_magnitude_series__angle_get_voltage_angle_series,true,Unknown,Ybus EMT reconstruction using exact complex bus-voltage phasors when available; otherwise diagnostic fallback
9.75,-0.0008389261203042009,-0.016898209142752085,-0.0008389261203042009,-0.016898209142752085,-0.0008389261203042009,-0.016898209142752085,-0.23731868241709456,0.6386910632577334,-0.23647975629679036,0.6555892724004855,0.0,0.0,Vmag_get_voltage_magnitude_series__angle_get_voltage_angle_series,true,Unknown,Ybus EMT reconstruction using exact complex bus-voltage phasors when available; otherwise diagnostic fallback
9.76,-0.0008389071172330009,-0.01689817143922867,-0.0008389071172330009,-0.01689817143922867,-0.0008389071172330009,-0.01689817143922867,-0.23731866341402336,0.6386911009612568,-0.23647975629679036,0.6555892724004855,0.0,0.0,Vmag_get_voltage_magnitude_series__angle_get_voltage_angle_series,true,Unknown,Ybus EMT reconstruction using exact complex bus-voltage phasors when available; otherwise diagnostic fallback
9.77,-0.0008388882566260081,-0.01689813377320304,-0.0008388882566260081,-0.01689813377320304,-0.0008388882566260081,-0.01689813377320304,-0.23731864455341636,0.6386911386272824,-0.23647975629679036,0.6555892724004855,0.0,0.0,Vmag_get_voltage_magnitude_series__angle_get_voltage_angle_series,true,Unknown,Ybus EMT reconstruction using exact complex bus-voltage phasors when available; otherwise diagnostic fallback
9.78,-0.0008388695385563583,-0.016898096146742647,-0.0008388695385563583,-0.016898096146742647,-0.0008388695385563583,-0.016898096146742647,-0.2373186258353467,0.6386911762537428,-0.23647975629679036,0.6555892724004855,0.0,0.0,Vmag_get_voltage_magnitude_series__angle_get_voltage_angle_series,true,Unknown,Ybus EMT reconstruction using exact complex bus-voltage phasors when available; otherwise diagnostic fallback
9.79,-0.0008388509631249152,-0.016898058562042517,-0.0008388509631249152,-0.016898058562042517,-0.0008388509631249152,-0.016898058562042517,-0.23731860725991527,0.638691213838443,-0.23647975629679036,0.6555892724004855,0.0,0.0,Vmag_get_voltage_magnitude_series__angle_get_voltage_angle_series,true,Unknown,Ybus EMT reconstruction using exact complex bus-voltage phasors when available; otherwise diagnostic fallback
9.8,-0.0008388325304393152,-0.01689802102115845,-0.0008388325304393152,-0.01689802102115845,-0.0008388325304393152,-0.01689802102115845,-0.23731858882722967,0.638691251379327,-0.23647975629679036,0.6555892724004855,0.0,0.0,Vmag_get_voltage_magnitude_series__angle_get_voltage_angle_series,true,Unknown,Ybus EMT reconstruction using exact complex bus-voltage phasors when available; otherwise diagnostic fallback
9.81,-0.0008388142405300336,-0.01689798352614391,-0.0008388142405300336,-0.01689798352614391,-0.0008388142405300336,-0.01689798352614391,-0.2373185705373204,0.6386912888743416,-0.23647975629679036,0.6555892724004855,0.0,0.0,Vmag_get_voltage_magnitude_series__angle_get_voltage_angle_series,true,Unknown,Ybus EMT reconstruction using exact complex bus-voltage phasors when available; otherwise diagnostic fallback
9.82,-0.0008387960934783667,-0.016897946079051596,-0.0008387960934783667,-0.016897946079051596,-0.0008387960934783667,-0.016897946079051596,-0.23731855239026872,0.6386913263214339,-0.23647975629679036,0.6555892724004855,0.0,0.0,Vmag_get_voltage_magnitude_series__angle_get_voltage_angle_series,true,Unknown,Ybus EMT reconstruction using exact complex bus-voltage phasors when available; otherwise diagnostic fallback
9.83,-0.0008387780892820662,-0.016897908681931084,-0.0008387780892820662,-0.016897908681931084,-0.0008387780892820662,-0.016897908681931084,-0.23731853438607242,0.6386913637185544,-0.23647975629679036,0.6555892724004855,0.0,0.0,Vmag_get_voltage_magnitude_series__angle_get_voltage_angle_series,true,Unknown,Ybus EMT reconstruction using exact complex bus-voltage phasors when available; otherwise diagnostic fallback
9.84,-0.0008387602280353901,-0.016897871336786885,-0.0008387602280353901,-0.016897871336786885,-0.0008387602280353901,-0.016897871336786885,-0.23731851652482575,0.6386914010636986,-0.23647975629679036,0.6555892724004855,0.0,0.0,Vmag_get_voltage_magnitude_series__angle_get_voltage_angle_series,true,Unknown,Ybus EMT reconstruction using exact complex bus-voltage phasors when available; otherwise diagnostic fallback
9.85,-0.0008387425097158008,-0.01689783404561984,-0.0008387425097158008,-0.01689783404561984,-0.0008387425097158008,-0.01689783404561984,-0.23731849880650616,0.6386914383548656,-0.23647975629679036,0.6555892724004855,0.0,0.0,Vmag_get_voltage_magnitude_series__angle_get_voltage_angle_series,true,Unknown,Ybus EMT reconstruction using exact complex bus-voltage phasors when available; otherwise diagnostic fallback
9.86,-0.0008387249343376757,-0.016897796810453336,-0.0008387249343376757,-0.016897796810453336,-0.0008387249343376757,-0.016897796810453336,-0.23731848123112803,0.6386914755900321,-0.23647975629679036,0.6555892724004855,0.0,0.0,Vmag_get_voltage_magnitude_series__angle_get_voltage_angle_series,true,Unknown,Ybus EMT reconstruction using exact complex bus-voltage phasors when available; otherwise diagnostic fallback
9.87,-0.0008387075019046508,-0.01689775963323037,-0.0008387075019046508,-0.01689775963323037,-0.0008387075019046508,-0.01689775963323037,-0.237318463798695,0.6386915127672551,-0.23647975629679036,0.6555892724004855,0.0,0.0,Vmag_get_voltage_magnitude_series__angle_get_voltage_angle_series,true,Unknown,Ybus EMT reconstruction using exact complex bus-voltage phasors when available; otherwise diagnostic fallback
9.88,-0.0008386902124083995,-0.01689772251587285,-0.0008386902124083995,-0.01689772251587285,-0.0008386902124083995,-0.01689772251587285,-0.23731844650919875,0.6386915498846126,-0.23647975629679036,0.6555892724004855,0.0,0.0,Vmag_get_voltage_magnitude_series__angle_get_voltage_angle_series,true,Unknown,Ybus EMT reconstruction using exact complex bus-voltage phasors when available; otherwise diagnostic fallback
9.89,-0.0008386730657974351,-0.01689768546030479,-0.0008386730657974351,-0.01689768546030479,-0.0008386730657974351,-0.01689768546030479,-0.2373184293625878,0.6386915869401807,-0.23647975629679036,0.6555892724004855,0.0,0.0,Vmag_get_voltage_magnitude_series__angle_get_voltage_angle_series,true,Unknown,Ybus EMT reconstruction using exact complex bus-voltage phasors when available; otherwise diagnostic fallback
9.9,-0.0008386560620732841,-0.01689764846852948,-0.0008386560620732841,-0.01689764846852948,-0.0008386560620732841,-0.01689764846852948,-0.23731841235886364,0.638691623931956,-0.23647975629679036,0.6555892724004855,0.0,0.0,Vmag_get_voltage_magnitude_series__angle_get_voltage_angle_series,true,Unknown,Ybus EMT reconstruction using exact complex bus-voltage phasors when available; otherwise diagnostic fallback
9.91,-0.0008386392011697219,-0.016897611542279756,-0.0008386392011697219,-0.016897611542279756,-0.0008386392011697219,-0.016897611542279756,-0.23731839549796008,0.6386916608582057,-0.23647975629679036,0.6555892724004855,0.0,0.0,Vmag_get_voltage_magnitude_series__angle_get_voltage_angle_series,true,Unknown,Ybus EMT reconstruction using exact complex bus-voltage phasors when available; otherwise diagnostic fallback
9.92,-0.0008386224830128075,-0.016897574683620187,-0.0008386224830128075,-0.016897574683620187,-0.0008386224830128075,-0.016897574683620187,-0.23731837877980316,0.6386916977168653,-0.23647975629679036,0.6555892724004855,0.0,0.0,Vmag_get_voltage_magnitude_series__angle_get_voltage_angle_series,true,Unknown,Ybus EMT reconstruction using exact complex bus-voltage phasors when available; otherwise diagnostic fallback
9.93,-0.0008386059075719543,-0.01689753789427495,-0.0008386059075719543,-0.01689753789427495,-0.0008386059075719543,-0.01689753789427495,-0.2373183622043623,0.6386917345062105,-0.23647975629679036,0.6555892724004855,0.0,0.0,Vmag_get_voltage_magnitude_series__angle_get_voltage_angle_series,true,Unknown,Ybus EMT reconstruction using exact complex bus-voltage phasors when available; otherwise diagnostic fallback
9.94,-0.0008385894747284239,-0.0168975011761473,-0.0008385894747284239,-0.0168975011761473,-0.0008385894747284239,-0.0168975011761473,-0.23731834577151878,0.6386917712243382,-0.23647975629679036,0.6555892724004855,0.0,0.0,Vmag_get_voltage_magnitude_series__angle_get_voltage_angle_series,true,Unknown,Ybus EMT reconstruction using exact complex bus-voltage phasors when available; otherwise diagnostic fallback
9.95,-0.0008385731844286481,-0.016897464531064443,-0.0008385731844286481,-0.016897464531064443,-0.0008385731844286481,-0.016897464531064443,-0.237318329481219,0.638691807869421,-0.23647975629679036,0.6555892724004855,0.0,0.0,Vmag_get_voltage_magnitude_series__angle_get_voltage_angle_series,true,Unknown,Ybus EMT reconstruction using exact complex bus-voltage phasors when available; otherwise diagnostic fallback
9.96,-0.000838557036562465,-0.016897427960838818,-0.000838557036562465,-0.016897427960838818,-0.000838557036562465,-0.016897427960838818,-0.23731831333335282,0.6386918444396467,-0.23647975629679036,0.6555892724004855,0.0,0.0,Vmag_get_voltage_magnitude_series__angle_get_voltage_angle_series,true,Unknown,Ybus EMT reconstruction using exact complex bus-voltage phasors when available; otherwise diagnostic fallback
9.97,-0.0008385410310101094,-0.01689739146718694,-0.0008385410310101094,-0.01689739146718694,-0.0008385410310101094,-0.01689739146718694,-0.23731829732780046,0.6386918809332985,-0.23647975629679036,0.6555892724004855,0.0,0.0,Vmag_get_voltage_magnitude_series__angle_get_voltage_angle_series,true,Unknown,Ybus EMT reconstruction using exact complex bus-voltage phasors when available; otherwise diagnostic fallback
9.98,-0.0008385251676615302,-0.016897355051972096,-0.0008385251676615302,-0.016897355051972096,-0.0008385251676615302,-0.016897355051972096,-0.23731828146445189,0.6386919173485134,-0.23647975629679036,0.6555892724004855,0.0,0.0,Vmag_get_voltage_magnitude_series__angle_get_voltage_angle_series,true,Unknown,Ybus EMT reconstruction using exact complex bus-voltage phasors when available; otherwise diagnostic fallback
9.99,-0.0008385094463830844,-0.016897318716893706,-0.0008385094463830844,-0.016897318716893706,-0.0008385094463830844,-0.016897318716893706,-0.23731826574317344,0.6386919536835918,-0.23647975629679036,0.6555892724004855,0.0,0.0,Vmag_get_voltage_magnitude_series__angle_get_voltage_angle_series,true,Unknown,Ybus EMT reconstruction using exact complex bus-voltage phasors when available; otherwise diagnostic fallback
10.0,-0.000838493866846951,-0.016897282463606444,-0.000838493866846951,-0.016897282463606444,-0.000838493866846951,-0.016897282463606444,-0.2373182501636373,0.638691989936879,-0.23647975629679036,0.6555892724004855,0.0,0.0,Vmag_get_voltage_magnitude_series__angle_get_voltage_angle_series,true,Unknown,Ybus EMT reconstruction using exact complex bus-voltage phasors when available; otherwise diagnostic fallback
