t_s,delta_p_pu,delta_q_pu,delta_p_network_pu,delta_q_network_pu,delta_p_with_load_pu,delta_q_with_load_pu,p_network_abs_pu,q_network_abs_pu,p_network_ref_pu,q_network_ref_pu,delta_p_load_pu,delta_q_load_pu,angle_source,angle_is_exact_bus_voltage,asset_type,source
0.0,-0.0003743721560223179,-8.857961255226421e-5,-0.0003743721560223179,-8.857961255226421e-5,-0.0003743721560223179,-8.857961255226421e-5,-6.2803743721560155,-1.030088579612555,-6.279999999999993,-1.0300000000000027,0.0,0.0,Vmag_get_voltage_magnitude_series__angle_get_voltage_angle_series,true,Unknown,Ybus EMT reconstruction using exact complex bus-voltage phasors when available; otherwise diagnostic fallback
0.01,-0.00037437215601077156,-8.857961251518276e-5,-0.00037437215601077156,-8.857961251518276e-5,-0.00037437215601077156,-8.857961251518276e-5,-6.280374372156004,-1.0300885796125179,-6.279999999999993,-1.0300000000000027,0.0,0.0,Vmag_get_voltage_magnitude_series__angle_get_voltage_angle_series,true,Unknown,Ybus EMT reconstruction using exact complex bus-voltage phasors when available; otherwise diagnostic fallback
0.02,-0.00037437215601876517,-8.857961257668912e-5,-0.00037437215601876517,-8.857961257668912e-5,-0.00037437215601876517,-8.857961257668912e-5,-6.280374372156012,-1.0300885796125794,-6.279999999999993,-1.0300000000000027,0.0,0.0,Vmag_get_voltage_magnitude_series__angle_get_voltage_angle_series,true,Unknown,Ybus EMT reconstruction using exact complex bus-voltage phasors when available; otherwise diagnostic fallback
0.03,-0.00037437215602320606,-8.85796125691396e-5,-0.00037437215602320606,-8.85796125691396e-5,-0.00037437215602320606,-8.85796125691396e-5,-6.280374372156016,-1.0300885796125718,-6.279999999999993,-1.0300000000000027,0.0,0.0,Vmag_get_voltage_magnitude_series__angle_get_voltage_angle_series,true,Unknown,Ybus EMT reconstruction using exact complex bus-voltage phasors when available; otherwise diagnostic fallback
0.04,-0.00037437215601165974,-8.857961254382651e-5,-0.00037437215601165974,-8.857961254382651e-5,-0.00037437215601165974,-8.857961254382651e-5,-6.280374372156005,-1.0300885796125465,-6.279999999999993,-1.0300000000000027,0.0,0.0,Vmag_get_voltage_magnitude_series__angle_get_voltage_angle_series,true,Unknown,Ybus EMT reconstruction using exact complex bus-voltage phasors when available; otherwise diagnostic fallback
0.05,-0.00037437215601610063,-8.85796125567051e-5,-0.00037437215601610063,-8.85796125567051e-5,-0.00037437215601610063,-8.85796125567051e-5,-6.280374372156009,-1.0300885796125594,-6.279999999999993,-1.0300000000000027,0.0,0.0,Vmag_get_voltage_magnitude_series__angle_get_voltage_angle_series,true,Unknown,Ybus EMT reconstruction using exact complex bus-voltage phasors when available; otherwise diagnostic fallback
0.06,-0.00037437215601610063,-8.857961254471469e-5,-0.00037437215601610063,-8.857961254471469e-5,-0.00037437215601610063,-8.857961254471469e-5,-6.280374372156009,-1.0300885796125474,-6.279999999999993,-1.0300000000000027,0.0,0.0,Vmag_get_voltage_magnitude_series__angle_get_voltage_angle_series,true,Unknown,Ybus EMT reconstruction using exact complex bus-voltage phasors when available; otherwise diagnostic fallback
0.07,-0.00037437215601610063,-8.857961256980573e-5,-0.00037437215601610063,-8.857961256980573e-5,-0.00037437215601610063,-8.857961256980573e-5,-6.280374372156009,-1.0300885796125725,-6.279999999999993,-1.0300000000000027,0.0,0.0,Vmag_get_voltage_magnitude_series__angle_get_voltage_angle_series,true,Unknown,Ybus EMT reconstruction using exact complex bus-voltage phasors when available; otherwise diagnostic fallback
0.08,-0.0003743721560169888,-8.857961256780733e-5,-0.0003743721560169888,-8.857961256780733e-5,-0.0003743721560169888,-8.857961256780733e-5,-6.28037437215601,-1.0300885796125705,-6.279999999999993,-1.0300000000000027,0.0,0.0,Vmag_get_voltage_magnitude_series__angle_get_voltage_angle_series,true,Unknown,Ybus EMT reconstruction using exact complex bus-voltage phasors when available; otherwise diagnostic fallback
0.09,-0.00037437215601165974,-8.857961258423863e-5,-0.00037437215601165974,-8.857961258423863e-5,-0.00037437215601165974,-8.857961258423863e-5,-6.280374372156005,-1.030088579612587,-6.279999999999993,-1.0300000000000027,0.0,0.0,Vmag_get_voltage_magnitude_series__angle_get_voltage_angle_series,true,Unknown,Ybus EMT reconstruction using exact complex bus-voltage phasors when available; otherwise diagnostic fallback
0.1,-0.0003743721560143243,-8.857961254449265e-5,-0.0003743721560143243,-8.857961254449265e-5,-0.0003743721560143243,-8.857961254449265e-5,-6.2803743721560075,-1.0300885796125472,-6.279999999999993,-1.0300000000000027,0.0,0.0,Vmag_get_voltage_magnitude_series__angle_get_voltage_angle_series,true,Unknown,Ybus EMT reconstruction using exact complex bus-voltage phasors when available; otherwise diagnostic fallback
0.11,0.055435224071831435,0.0090653400536016,0.055435224071831435,0.0090653400536016,0.055435224071831435,0.0090653400536016,-6.224564775928162,-1.020934659946401,-6.279999999999993,-1.0300000000000027,0.0,0.0,Vmag_get_voltage_magnitude_series__angle_get_voltage_angle_series,true,Unknown,Ybus EMT reconstruction using exact complex bus-voltage phasors when available; otherwise diagnostic fallback
0.12,0.05317308158992695,0.008694291924713271,0.05317308158992695,0.008694291924713271,0.05317308158992695,0.008694291924713271,-6.226826918410066,-1.0213057080752894,-6.279999999999993,-1.0300000000000027,0.0,0.0,Vmag_get_voltage_magnitude_series__angle_get_voltage_angle_series,true,Unknown,Ybus EMT reconstruction using exact complex bus-voltage phasors when available; otherwise diagnostic fallback
0.13,0.052094234508939685,0.008517335446085905,0.052094234508939685,0.008517335446085905,0.052094234508939685,0.008517335446085905,-6.2279057654910535,-1.0214826645539168,-6.279999999999993,-1.0300000000000027,0.0,0.0,Vmag_get_voltage_magnitude_series__angle_get_voltage_angle_series,true,Unknown,Ybus EMT reconstruction using exact complex bus-voltage phasors when available; otherwise diagnostic fallback
0.14,0.05134528314952114,0.00839449693270411,0.05134528314952114,0.00839449693270411,0.05134528314952114,0.00839449693270411,-6.228654716850472,-1.0216055030672986,-6.279999999999993,-1.0300000000000027,0.0,0.0,Vmag_get_voltage_magnitude_series__angle_get_voltage_angle_series,true,Unknown,Ybus EMT reconstruction using exact complex bus-voltage phasors when available; otherwise diagnostic fallback
0.15,0.04997746049249585,0.008170151828104322,0.04997746049249585,0.008170151828104322,0.04997746049249585,0.008170151828104322,-6.230022539507497,-1.0218298481718984,-6.279999999999993,-1.0300000000000027,0.0,0.0,Vmag_get_voltage_magnitude_series__angle_get_voltage_angle_series,true,Unknown,Ybus EMT reconstruction using exact complex bus-voltage phasors when available; otherwise diagnostic fallback
0.16,0.04898238783368658,0.00800694622159459,0.04898238783368658,0.00800694622159459,0.04898238783368658,0.00800694622159459,-6.231017612166307,-1.021993053778408,-6.279999999999993,-1.0300000000000027,0.0,0.0,Vmag_get_voltage_magnitude_series__angle_get_voltage_angle_series,true,Unknown,Ybus EMT reconstruction using exact complex bus-voltage phasors when available; otherwise diagnostic fallback
0.17,0.047936674927900214,0.007835435618325448,0.047936674927900214,0.007835435618325448,0.047936674927900214,0.007835435618325448,-6.232063325072093,-1.0221645643816772,-6.279999999999993,-1.0300000000000027,0.0,0.0,Vmag_get_voltage_magnitude_series__angle_get_voltage_angle_series,true,Unknown,Ybus EMT reconstruction using exact complex bus-voltage phasors when available; otherwise diagnostic fallback
0.18,0.047012621062163085,0.0076838802951082474,0.047012621062163085,0.0076838802951082474,0.047012621062163085,0.0076838802951082474,-6.23298737893783,-1.0223161197048944,-6.279999999999993,-1.0300000000000027,0.0,0.0,Vmag_get_voltage_magnitude_series__angle_get_voltage_angle_series,true,Unknown,Ybus EMT reconstruction using exact complex bus-voltage phasors when available; otherwise diagnostic fallback
0.19,0.04619024179210296,0.00754900203934894,0.04619024179210296,0.00754900203934894,0.04619024179210296,0.00754900203934894,-6.23380975820789,-1.0224509979606538,-6.279999999999993,-1.0300000000000027,0.0,0.0,Vmag_get_voltage_magnitude_series__angle_get_voltage_angle_series,true,Unknown,Ybus EMT reconstruction using exact complex bus-voltage phasors when available; otherwise diagnostic fallback
0.2,0.04549445976041788,0.00743488841942086,0.04549445976041788,0.00743488841942086,0.04549445976041788,0.00743488841942086,-6.234505540239575,-1.0225651115805818,-6.279999999999993,-1.0300000000000027,0.0,0.0,Vmag_get_voltage_magnitude_series__angle_get_voltage_angle_series,true,Unknown,Ybus EMT reconstruction using exact complex bus-voltage phasors when available; otherwise diagnostic fallback
0.21,0.04489514586739762,0.007336597418805768,0.04489514586739762,0.007336597418805768,0.04489514586739762,0.007336597418805768,-6.2351048541325955,-1.022663402581197,-6.279999999999993,-1.0300000000000027,0.0,0.0,Vmag_get_voltage_magnitude_series__angle_get_voltage_angle_series,true,Unknown,Ybus EMT reconstruction using exact complex bus-voltage phasors when available; otherwise diagnostic fallback
0.22,0.04437266175361643,0.007250907741428447,0.04437266175361643,0.007250907741428447,0.04437266175361643,0.007250907741428447,-6.235627338246377,-1.0227490922585742,-6.279999999999993,-1.0300000000000027,0.0,0.0,Vmag_get_voltage_magnitude_series__angle_get_voltage_angle_series,true,Unknown,Ybus EMT reconstruction using exact complex bus-voltage phasors when available; otherwise diagnostic fallback
0.23,0.043902611071402475,0.007173817713300057,0.043902611071402475,0.007173817713300057,0.043902611071402475,0.007173817713300057,-6.236097388928591,-1.0228261822867026,-6.279999999999993,-1.0300000000000027,0.0,0.0,Vmag_get_voltage_magnitude_series__angle_get_voltage_angle_series,true,Unknown,Ybus EMT reconstruction using exact complex bus-voltage phasors when available; otherwise diagnostic fallback
0.24,0.04346484144407192,0.007102021797829261,0.04346484144407192,0.007102021797829261,0.04346484144407192,0.007102021797829261,-6.236535158555921,-1.0228979782021734,-6.279999999999993,-1.0300000000000027,0.0,0.0,Vmag_get_voltage_magnitude_series__angle_get_voltage_angle_series,true,Unknown,Ybus EMT reconstruction using exact complex bus-voltage phasors when available; otherwise diagnostic fallback
0.25,0.04304117820060238,0.007032538878833039,0.04304117820060238,0.007032538878833039,0.04304117820060238,0.007032538878833039,-6.236958821799391,-1.0229674611211697,-6.279999999999993,-1.0300000000000027,0.0,0.0,Vmag_get_voltage_magnitude_series__angle_get_voltage_angle_series,true,Unknown,Ybus EMT reconstruction using exact complex bus-voltage phasors when available; otherwise diagnostic fallback
0.26,0.042617466446222,0.00696304720230656,0.042617466446222,0.00696304720230656,0.042617466446222,0.00696304720230656,-6.237382533553771,-1.0230369527976961,-6.279999999999993,-1.0300000000000027,0.0,0.0,Vmag_get_voltage_magnitude_series__angle_get_voltage_angle_series,true,Unknown,Ybus EMT reconstruction using exact complex bus-voltage phasors when available; otherwise diagnostic fallback
0.27,0.04218305580431814,0.006891799860412107,0.04218305580431814,0.006891799860412107,0.04218305580431814,0.006891799860412107,-6.237816944195675,-1.0231082001395906,-6.279999999999993,-1.0300000000000027,0.0,0.0,Vmag_get_voltage_magnitude_series__angle_get_voltage_angle_series,true,Unknown,Ybus EMT reconstruction using exact complex bus-voltage phasors when available; otherwise diagnostic fallback
0.28,0.041730941339155336,0.006817647902660928,0.041730941339155336,0.006817647902660928,0.041730941339155336,0.006817647902660928,-6.238269058660838,-1.0231823520973418,-6.279999999999993,-1.0300000000000027,0.0,0.0,Vmag_get_voltage_magnitude_series__angle_get_voltage_angle_series,true,Unknown,Ybus EMT reconstruction using exact complex bus-voltage phasors when available; otherwise diagnostic fallback
0.29,0.041257241826553326,0.0067399547574995555,0.041257241826553326,0.0067399547574995555,0.041257241826553326,0.0067399547574995555,-6.23874275817344,-1.0232600452425031,-6.279999999999993,-1.0300000000000027,0.0,0.0,Vmag_get_voltage_magnitude_series__angle_get_voltage_angle_series,true,Unknown,Ybus EMT reconstruction using exact complex bus-voltage phasors when available; otherwise diagnostic fallback
0.3,0.04076075406088098,0.0066585231248950105,0.04076075406088098,0.0066585231248950105,0.04076075406088098,0.0066585231248950105,-6.239239245939112,-1.0233414768751077,-6.279999999999993,-1.0300000000000027,0.0,0.0,Vmag_get_voltage_magnitude_series__angle_get_voltage_angle_series,true,Unknown,Ybus EMT reconstruction using exact complex bus-voltage phasors when available; otherwise diagnostic fallback
0.31,0.040242349782865006,0.00657349605548041,0.040242349782865006,0.00657349605548041,0.040242349782865006,0.00657349605548041,-6.239757650217128,-1.0234265039445223,-6.279999999999993,-1.0300000000000027,0.0,0.0,Vmag_get_voltage_magnitude_series__angle_get_voltage_angle_series,true,Unknown,Ybus EMT reconstruction using exact complex bus-voltage phasors when available; otherwise diagnostic fallback
0.32,0.03970439818019411,0.0064852622237718816,0.03970439818019411,0.0064852622237718816,0.03970439818019411,0.0064852622237718816,-6.240295601819799,-1.0235147377762308,-6.279999999999993,-1.0300000000000027,0.0,0.0,Vmag_get_voltage_magnitude_series__angle_get_voltage_angle_series,true,Unknown,Ybus EMT reconstruction using exact complex bus-voltage phasors when available; otherwise diagnostic fallback
0.33,0.039150208982643875,0.006394364579983325,0.039150208982643875,0.006394364579983325,0.039150208982643875,0.006394364579983325,-6.240849791017349,-1.0236056354200194,-6.279999999999993,-1.0300000000000027,0.0,0.0,Vmag_get_voltage_magnitude_series__angle_get_voltage_angle_series,true,Unknown,Ybus EMT reconstruction using exact complex bus-voltage phasors when available; otherwise diagnostic fallback
0.34,0.03858354356493532,0.006301420156587634,0.03858354356493532,0.006301420156587634,0.03858354356493532,0.006301420156587634,-6.241416456435058,-1.023698579843415,-6.279999999999993,-1.0300000000000027,0.0,0.0,Vmag_get_voltage_magnitude_series__angle_get_voltage_angle_series,true,Unknown,Ybus EMT reconstruction using exact complex bus-voltage phasors when available; otherwise diagnostic fallback
0.35,0.03800820695355789,0.006207053145134589,0.03800820695355789,0.006207053145134589,0.03800820695355789,0.006207053145134589,-6.241991793046435,-1.023792946854868,-6.279999999999993,-1.0300000000000027,0.0,0.0,Vmag_get_voltage_magnitude_series__angle_get_voltage_angle_series,true,Unknown,Ybus EMT reconstruction using exact complex bus-voltage phasors when available; otherwise diagnostic fallback
0.36,0.03742773003982247,0.006111842769551901,0.03742773003982247,0.006111842769551901,0.03742773003982247,0.006111842769551901,-6.242572269960171,-1.0238881572304508,-6.279999999999993,-1.0300000000000027,0.0,0.0,Vmag_get_voltage_magnitude_series__angle_get_voltage_angle_series,true,Unknown,Ybus EMT reconstruction using exact complex bus-voltage phasors when available; otherwise diagnostic fallback
0.37,0.036845140614995664,0.006016285728705828,0.036845140614995664,0.006016285728705828,0.036845140614995664,0.006016285728705828,-6.2431548593849975,-1.0239837142712969,-6.279999999999993,-1.0300000000000027,0.0,0.0,Vmag_get_voltage_magnitude_series__angle_get_voltage_angle_series,true,Unknown,Ybus EMT reconstruction using exact complex bus-voltage phasors when available; otherwise diagnostic fallback
0.38,0.03626281889311311,0.0059207724964807085,0.03626281889311311,0.0059207724964807085,0.03626281889311311,0.0059207724964807085,-6.24373718110688,-1.024079227503522,-6.279999999999993,-1.0300000000000027,0.0,0.0,Vmag_get_voltage_magnitude_series__angle_get_voltage_angle_series,true,Unknown,Ybus EMT reconstruction using exact complex bus-voltage phasors when available; otherwise diagnostic fallback
0.39,0.03568242584289294,0.0058255755662453,0.03568242584289294,0.0058255755662453,0.03568242584289294,0.0058255755662453,-6.2443175741571,-1.0241744244337574,-6.279999999999993,-1.0300000000000027,0.0,0.0,Vmag_get_voltage_magnitude_series__angle_get_voltage_angle_series,true,Unknown,Ybus EMT reconstruction using exact complex bus-voltage phasors when available; otherwise diagnostic fallback
0.4,0.035104893867505815,0.005730847920622617,0.035104893867505815,0.005730847920622617,0.035104893867505815,0.005730847920622617,-6.244895106132487,-1.02426915207938,-6.279999999999993,-1.0300000000000027,0.0,0.0,Vmag_get_voltage_magnitude_series__angle_get_voltage_angle_series,true,Unknown,Ybus EMT reconstruction using exact complex bus-voltage phasors when available; otherwise diagnostic fallback
0.41,0.034530467982519575,0.0056366297853880365,0.034530467982519575,0.0056366297853880365,0.034530467982519575,0.0056366297853880365,-6.245469532017474,-1.0243633702146147,-6.279999999999993,-1.0300000000000027,0.0,0.0,Vmag_get_voltage_magnitude_series__angle_get_voltage_angle_series,true,Unknown,Ybus EMT reconstruction using exact complex bus-voltage phasors when available; otherwise diagnostic fallback
0.42,0.033958782524173614,0.005542861211448535,0.033958782524173614,0.005542861211448535,0.033958782524173614,0.005542861211448535,-6.2460412174758195,-1.0244571387885542,-6.279999999999993,-1.0300000000000027,0.0,0.0,Vmag_get_voltage_magnitude_series__angle_get_voltage_angle_series,true,Unknown,Ybus EMT reconstruction using exact complex bus-voltage phasors when available; otherwise diagnostic fallback
0.43,0.0333889661361324,0.00544939929537791,0.0333889661361324,0.00544939929537791,0.0333889661361324,0.00544939929537791,-6.246611033863861,-1.0245506007046248,-6.279999999999993,-1.0300000000000027,0.0,0.0,Vmag_get_voltage_magnitude_series__angle_get_voltage_angle_series,true,Unknown,Ybus EMT reconstruction using exact complex bus-voltage phasors when available; otherwise diagnostic fallback
0.44,0.032819761628807065,0.005356037839428396,0.032819761628807065,0.005356037839428396,0.032819761628807065,0.005356037839428396,-6.247180238371186,-1.0246439621605743,-6.279999999999993,-1.0300000000000027,0.0,0.0,Vmag_get_voltage_magnitude_series__angle_get_voltage_angle_series,true,Unknown,Ybus EMT reconstruction using exact complex bus-voltage phasors when available; otherwise diagnostic fallback
0.45,0.03224965385738443,0.005262528327443894,0.03224965385738443,0.005262528327443894,0.03224965385738443,0.005262528327443894,-6.247750346142609,-1.0247374716725588,-6.279999999999993,-1.0300000000000027,0.0,0.0,Vmag_get_voltage_magnitude_series__angle_get_voltage_angle_series,true,Unknown,Ybus EMT reconstruction using exact complex bus-voltage phasors when available; otherwise diagnostic fallback
0.46,0.031676997748272484,0.0051686009253302245,0.031676997748272484,0.0051686009253302245,0.031676997748272484,0.0051686009253302245,-6.248323002251721,-1.0248313990746725,-6.279999999999993,-1.0300000000000027,0.0,0.0,Vmag_get_voltage_magnitude_series__angle_get_voltage_angle_series,true,Unknown,Ybus EMT reconstruction using exact complex bus-voltage phasors when available; otherwise diagnostic fallback
0.47,0.031100140127503728,0.005073984464259773,0.031100140127503728,0.005073984464259773,0.031100140127503728,0.005073984464259773,-6.248899859872489,-1.024926015535743,-6.279999999999993,-1.0300000000000027,0.0,0.0,Vmag_get_voltage_magnitude_series__angle_get_voltage_angle_series,true,Unknown,Ybus EMT reconstruction using exact complex bus-voltage phasors when available; otherwise diagnostic fallback
0.48,0.030517531506042417,0.00497842477759014,0.030517531506042417,0.00497842477759014,0.030517531506042417,0.00497842477759014,-6.249482468493951,-1.0250215752224126,-6.279999999999993,-1.0300000000000027,0.0,0.0,Vmag_get_voltage_magnitude_series__angle_get_voltage_angle_series,true,Unknown,Ybus EMT reconstruction using exact complex bus-voltage phasors when available; otherwise diagnostic fallback
0.49,0.029927822975354346,0.004881700594905336,0.029927822975354346,0.004881700594905336,0.029927822975354346,0.004881700594905336,-6.250072177024639,-1.0251182994050974,-6.279999999999993,-1.0300000000000027,0.0,0.0,Vmag_get_voltage_magnitude_series__angle_get_voltage_angle_series,true,Unknown,Ybus EMT reconstruction using exact complex bus-voltage phasors when available; otherwise diagnostic fallback
0.5,0.02932994676172207,0.004783636755774756,0.02932994676172207,0.004783636755774756,0.02932994676172207,0.004783636755774756,-6.250670053238271,-1.025216363244228,-6.279999999999993,-1.0300000000000027,0.0,0.0,Vmag_get_voltage_magnitude_series__angle_get_voltage_angle_series,true,Unknown,Ybus EMT reconstruction using exact complex bus-voltage phasors when available; otherwise diagnostic fallback
0.51,0.028723178336784727,0.0046841143986180445,0.028723178336784727,0.0046841143986180445,0.028723178336784727,0.0046841143986180445,-6.251276821663208,-1.0253158856013846,-6.279999999999993,-1.0300000000000027,0.0,0.0,Vmag_get_voltage_magnitude_series__angle_get_voltage_angle_series,true,Unknown,Ybus EMT reconstruction using exact complex bus-voltage phasors when available; otherwise diagnostic fallback
0.52,0.028107179355816747,0.004583078004330554,0.028107179355816747,0.004583078004330554,0.028107179355816747,0.004583078004330554,-6.251892820644176,-1.0254169219956721,-6.279999999999993,-1.0300000000000027,0.0,0.0,Vmag_get_voltage_magnitude_series__angle_get_voltage_angle_series,true,Unknown,Ybus EMT reconstruction using exact complex bus-voltage phasors when available; otherwise diagnostic fallback
0.53,0.027482022010728357,0.004480539391525262,0.027482022010728357,0.004480539391525262,0.027482022010728357,0.004480539391525262,-6.252517977989265,-1.0255194606084774,-6.279999999999993,-1.0300000000000027,0.0,0.0,Vmag_get_voltage_magnitude_series__angle_get_voltage_angle_series,true,Unknown,Ybus EMT reconstruction using exact complex bus-voltage phasors when available; otherwise diagnostic fallback
0.54,0.026848195501075978,0.004376578778738649,0.026848195501075978,0.004376578778738649,0.026848195501075978,0.004376578778738649,-6.253151804498917,-1.025623421221264,-6.279999999999993,-1.0300000000000027,0.0,0.0,Vmag_get_voltage_magnitude_series__angle_get_voltage_angle_series,true,Unknown,Ybus EMT reconstruction using exact complex bus-voltage phasors when available; otherwise diagnostic fallback
0.55,0.026206596041452812,0.004271343145990647,0.026206596041452812,0.004271343145990647,0.026206596041452812,0.004271343145990647,-6.25379340395854,-1.025728656854012,-6.279999999999993,-1.0300000000000027,0.0,0.0,Vmag_get_voltage_magnitude_series__angle_get_voltage_angle_series,true,Unknown,Ybus EMT reconstruction using exact complex bus-voltage phasors when available; otherwise diagnostic fallback
0.56,0.025558502318022924,0.004165042209420378,0.025558502318022924,0.004165042209420378,0.025558502318022924,0.004165042209420378,-6.25444149768197,-1.0258349577905823,-6.279999999999993,-1.0300000000000027,0.0,0.0,Vmag_get_voltage_magnitude_series__angle_get_voltage_angle_series,true,Unknown,Ybus EMT reconstruction using exact complex bus-voltage phasors when available; otherwise diagnostic fallback
0.57,0.02490553920807237,0.004057942471102027,0.02490553920807237,0.004057942471102027,0.02490553920807237,0.004057942471102027,-6.255094460791921,-1.0259420575289007,-6.279999999999993,-1.0300000000000027,0.0,0.0,Vmag_get_voltage_magnitude_series__angle_get_voltage_angle_series,true,Unknown,Ybus EMT reconstruction using exact complex bus-voltage phasors when available; otherwise diagnostic fallback
0.58,0.024249631737546018,0.003950359667035608,0.024249631737546018,0.003950359667035608,0.024249631737546018,0.003950359667035608,-6.255750368262447,-1.026049640332967,-6.279999999999993,-1.0300000000000027,0.0,0.0,Vmag_get_voltage_magnitude_series__angle_get_voltage_angle_series,true,Unknown,Ybus EMT reconstruction using exact complex bus-voltage phasors when available; otherwise diagnostic fallback
0.59,0.023592951864961798,0.0038426500384600715,0.023592951864961798,0.0038426500384600715,0.023592951864961798,0.0038426500384600715,-6.256407048135031,-1.0261573499615426,-6.279999999999993,-1.0300000000000027,0.0,0.0,Vmag_get_voltage_magnitude_series__angle_get_voltage_angle_series,true,Unknown,Ybus EMT reconstruction using exact complex bus-voltage phasors when available; otherwise diagnostic fallback
0.6,0.0229378614096456,0.003735200971156205,0.0229378614096456,0.003735200971156205,0.0229378614096456,0.003735200971156205,-6.2570621385903475,-1.0262647990288465,-6.279999999999993,-1.0300000000000027,0.0,0.0,Vmag_get_voltage_magnitude_series__angle_get_voltage_angle_series,true,Unknown,Ybus EMT reconstruction using exact complex bus-voltage phasors when available; otherwise diagnostic fallback
0.61,0.022286852487022557,0.003628421225039702,0.022286852487022557,0.003628421225039702,0.022286852487022557,0.003628421225039702,-6.257713147512971,-1.026371578774963,-6.279999999999993,-1.0300000000000027,0.0,0.0,Vmag_get_voltage_magnitude_series__angle_get_voltage_angle_series,true,Unknown,Ybus EMT reconstruction using exact complex bus-voltage phasors when available; otherwise diagnostic fallback
0.62,0.021642488417306538,0.0035227312420131884,0.021642488417306538,0.0035227312420131884,0.021642488417306538,0.0035227312420131884,-6.258357511582687,-1.0264772687579895,-6.279999999999993,-1.0300000000000027,0.0,0.0,Vmag_get_voltage_magnitude_series__angle_get_voltage_angle_series,true,Unknown,Ybus EMT reconstruction using exact complex bus-voltage phasors when available; otherwise diagnostic fallback
0.63,0.021007346783440184,0.0034185538056410447,0.021007346783440184,0.0034185538056410447,0.021007346783440184,0.0034185538056410447,-6.258992653216553,-1.0265814461943616,-6.279999999999993,-1.0300000000000027,0.0,0.0,Vmag_get_voltage_magnitude_series__angle_get_voltage_angle_series,true,Unknown,Ybus EMT reconstruction using exact complex bus-voltage phasors when available; otherwise diagnostic fallback
0.64,0.020383966049812408,0.0033163052854512376,0.020383966049812408,0.0033163052854512376,0.020383966049812408,0.0033163052854512376,-6.259616033950181,-1.0266836947145515,-6.279999999999993,-1.0300000000000027,0.0,0.0,Vmag_get_voltage_magnitude_series__angle_get_voltage_angle_series,true,Unknown,Ybus EMT reconstruction using exact complex bus-voltage phasors when available; otherwise diagnostic fallback
0.65,0.019774797396013177,0.0032163877361999216,0.019774797396013177,0.0032163877361999216,0.019774797396013177,0.0032163877361999216,-6.26022520260398,-1.0267836122638028,-6.279999999999993,-1.0300000000000027,0.0,0.0,Vmag_get_voltage_magnitude_series__angle_get_voltage_angle_series,true,Unknown,Ybus EMT reconstruction using exact complex bus-voltage phasors when available; otherwise diagnostic fallback
0.66,0.01918216210985957,0.003119181908853408,0.01918216210985957,0.003119181908853408,0.01918216210985957,0.003119181908853408,-6.260817837890134,-1.0268808180911493,-6.279999999999993,-1.0300000000000027,0.0,0.0,Vmag_get_voltage_magnitude_series__angle_get_voltage_angle_series,true,Unknown,Ybus EMT reconstruction using exact complex bus-voltage phasors when available; otherwise diagnostic fallback
0.67,0.018608215804026607,0.0030250413815393618,0.018608215804026607,0.0030250413815393618,0.018608215804026607,0.0030250413815393618,-6.2613917841959665,-1.0269749586184633,-6.279999999999993,-1.0300000000000027,0.0,0.0,Vmag_get_voltage_magnitude_series__angle_get_voltage_angle_series,true,Unknown,Ybus EMT reconstruction using exact complex bus-voltage phasors when available; otherwise diagnostic fallback
0.68,0.018054918999017566,0.0029342877335218898,0.018054918999017566,0.0029342877335218898,0.018054918999017566,0.0029342877335218898,-6.261945081000976,-1.0270657122664808,-6.279999999999993,-1.0300000000000027,0.0,0.0,Vmag_get_voltage_magnitude_series__angle_get_voltage_angle_series,true,Unknown,Ybus EMT reconstruction using exact complex bus-voltage phasors when available; otherwise diagnostic fallback
0.69,0.017524014727396064,0.0028472068719949117,0.017524014727396064,0.0028472068719949117,0.017524014727396064,0.0028472068719949117,-6.262475985272597,-1.0271527931280078,-6.279999999999993,-1.0300000000000027,0.0,0.0,Vmag_get_voltage_magnitude_series__angle_get_voltage_angle_series,true,Unknown,Ybus EMT reconstruction using exact complex bus-voltage phasors when available; otherwise diagnostic fallback
0.7,0.01701701263958988,0.0027640464246534435,0.01701701263958988,0.0027640464246534435,0.01701701263958988,0.0027640464246534435,-6.262982987360403,-1.0272359535753492,-6.279999999999993,-1.0300000000000027,0.0,0.0,Vmag_get_voltage_magnitude_series__angle_get_voltage_angle_series,true,Unknown,Ybus EMT reconstruction using exact complex bus-voltage phasors when available; otherwise diagnostic fallback
0.71,0.016535179168072567,0.002685014126060592,0.016535179168072567,0.002685014126060592,0.016535179168072567,0.002685014126060592,-6.263464820831921,-1.027314985873942,-6.279999999999993,-1.0300000000000027,0.0,0.0,Vmag_get_voltage_magnitude_series__angle_get_voltage_angle_series,true,Unknown,Ybus EMT reconstruction using exact complex bus-voltage phasors when available; otherwise diagnostic fallback
0.72,0.016079533564613335,0.0026102771676006498,0.016079533564613335,0.0026102771676006498,0.016079533564613335,0.0026102771676006498,-6.26392046643538,-1.027389722832402,-6.279999999999993,-1.0300000000000027,0.0,0.0,Vmag_get_voltage_magnitude_series__angle_get_voltage_angle_series,true,Unknown,Ybus EMT reconstruction using exact complex bus-voltage phasors when available; otherwise diagnostic fallback
0.73,0.015650848714321874,0.0025399623308026698,0.015650848714321874,0.0025399623308026698,0.015650848714321874,0.0025399623308026698,-6.264349151285671,-1.0274600376692,-6.279999999999993,-1.0300000000000027,0.0,0.0,Vmag_get_voltage_magnitude_series__angle_get_voltage_angle_series,true,Unknown,Ybus EMT reconstruction using exact complex bus-voltage phasors when available; otherwise diagnostic fallback
0.74,0.015249656511088894,0.002474156868863986,0.015249656511088894,0.002474156868863986,0.015249656511088894,0.002474156868863986,-6.264750343488904,-1.0275258431311387,-6.279999999999993,-1.0300000000000027,0.0,0.0,Vmag_get_voltage_magnitude_series__angle_get_voltage_angle_series,true,Unknown,Ybus EMT reconstruction using exact complex bus-voltage phasors when available; otherwise diagnostic fallback
0.75,0.014876256984855729,0.0024129100034857576,0.014876256984855729,0.0024129100034857576,0.014876256984855729,0.0024129100034857576,-6.265123743015137,-1.027587089996517,-6.279999999999993,-1.0300000000000027,0.0,0.0,Vmag_get_voltage_magnitude_series__angle_get_voltage_angle_series,true,Unknown,Ybus EMT reconstruction using exact complex bus-voltage phasors when available; otherwise diagnostic fallback
0.76,0.014530730079379772,0.0023562348567252034,0.014530730079379772,0.0023562348567252034,0.014530730079379772,0.0023562348567252034,-6.265469269920613,-1.0276437651432775,-6.279999999999993,-1.0300000000000027,0.0,0.0,Vmag_get_voltage_magnitude_series__angle_get_voltage_angle_series,true,Unknown,Ybus EMT reconstruction using exact complex bus-voltage phasors when available; otherwise diagnostic fallback
0.77,0.014212950066549546,0.0023041108152819234,0.014212950066549546,0.0023041108152819234,0.014212950066549546,0.0023041108152819234,-6.265787049933444,-1.0276958891847208,-6.279999999999993,-1.0300000000000027,0.0,0.0,Vmag_get_voltage_magnitude_series__angle_get_voltage_angle_series,true,Unknown,Ybus EMT reconstruction using exact complex bus-voltage phasors when available; otherwise diagnostic fallback
0.78,0.01392260151935698,0.0022564861502480937,0.01392260151935698,0.0022564861502480937,0.01392260151935698,0.0022564861502480937,-6.266077398480636,-1.0277435138497546,-6.279999999999993,-1.0300000000000027,0.0,0.0,Vmag_get_voltage_magnitude_series__angle_get_voltage_angle_series,true,Unknown,Ybus EMT reconstruction using exact complex bus-voltage phasors when available; otherwise diagnostic fallback
0.79,0.013659196330184642,0.0022132808083636935,0.013659196330184642,0.0022132808083636935,0.013659196330184642,0.0022132808083636935,-6.2663408036698085,-1.027786719191639,-6.279999999999993,-1.0300000000000027,0.0,0.0,Vmag_get_voltage_magnitude_series__angle_get_voltage_angle_series,true,Unknown,Ybus EMT reconstruction using exact complex bus-voltage phasors when available; otherwise diagnostic fallback
0.8,0.013422091465312036,0.00217438932447922,0.013422091465312036,0.00217438932447922,0.013422091465312036,0.00217438932447922,-6.266577908534681,-1.0278256106755235,-6.279999999999993,-1.0300000000000027,0.0,0.0,Vmag_get_voltage_magnitude_series__angle_get_voltage_angle_series,true,Unknown,Ybus EMT reconstruction using exact complex bus-voltage phasors when available; otherwise diagnostic fallback
0.81,0.013210506717913795,0.0021396837332490204,0.013210506717913795,0.0021396837332490204,0.013210506717913795,0.0021396837332490204,-6.266789493282079,-1.0278603162667537,-6.279999999999993,-1.0300000000000027,0.0,0.0,Vmag_get_voltage_magnitude_series__angle_get_voltage_angle_series,true,Unknown,Ybus EMT reconstruction using exact complex bus-voltage phasors when available; otherwise diagnostic fallback
0.82,0.013023542410814493,0.0021090164726118577,0.013023542410814493,0.0021090164726118577,0.013023542410814493,0.0021090164726118577,-6.266976457589179,-1.0278909835273908,-6.279999999999993,-1.0300000000000027,0.0,0.0,Vmag_get_voltage_magnitude_series__angle_get_voltage_angle_series,true,Unknown,Ybus EMT reconstruction using exact complex bus-voltage phasors when available; otherwise diagnostic fallback
0.83,0.012860196524377088,0.002082223193736965,0.012860196524377088,0.002082223193736965,0.012860196524377088,0.002082223193736965,-6.267139803475616,-1.0279177768062657,-6.279999999999993,-1.0300000000000027,0.0,0.0,Vmag_get_voltage_magnitude_series__angle_get_voltage_angle_series,true,Unknown,Ybus EMT reconstruction using exact complex bus-voltage phasors when available; otherwise diagnostic fallback
0.84,0.012719381045005917,0.0020591254419735083,0.012719381045005917,0.0020591254419735083,0.012719381045005917,0.0020591254419735083,-6.267280618954987,-1.0279408745580292,-6.279999999999993,-1.0300000000000027,0.0,0.0,Vmag_get_voltage_magnitude_series__angle_get_voltage_angle_series,true,Unknown,Ybus EMT reconstruction using exact complex bus-voltage phasors when available; otherwise diagnostic fallback
0.85,0.012599937521207139,0.002039533208844757,0.012599937521207139,0.002039533208844757,0.012599937521207139,0.002039533208844757,-6.267400062478786,-1.027960466791158,-6.279999999999993,-1.0300000000000027,0.0,0.0,Vmag_get_voltage_magnitude_series__angle_get_voltage_angle_series,true,Unknown,Ybus EMT reconstruction using exact complex bus-voltage phasors when available; otherwise diagnostic fallback
0.86,0.012500651520120698,0.0020232473030497022,0.012500651520120698,0.0020232473030497022,0.012500651520120698,0.0020232473030497022,-6.2674993484798724,-1.027976752696953,-6.279999999999993,-1.0300000000000027,0.0,0.0,Vmag_get_voltage_magnitude_series__angle_get_voltage_angle_series,true,Unknown,Ybus EMT reconstruction using exact complex bus-voltage phasors when available; otherwise diagnostic fallback
0.87,0.012420266060714447,0.0020100615541194244,0.012420266060714447,0.0020100615541194244,0.012420266060714447,0.0020100615541194244,-6.267579733939279,-1.0279899384458833,-6.279999999999993,-1.0300000000000027,0.0,0.0,Vmag_get_voltage_magnitude_series__angle_get_voltage_angle_series,true,Unknown,Ybus EMT reconstruction using exact complex bus-voltage phasors when available; otherwise diagnostic fallback
0.88,0.012357493891250293,0.0019997648257676914,0.012357493891250293,0.0019997648257676914,0.012357493891250293,0.0019997648257676914,-6.267642506108743,-1.028000235174235,-6.279999999999993,-1.0300000000000027,0.0,0.0,Vmag_get_voltage_magnitude_series__angle_get_voltage_angle_series,true,Unknown,Ybus EMT reconstruction using exact complex bus-voltage phasors when available; otherwise diagnostic fallback
0.89,0.012311028733779317,0.0019921428609395164,0.012311028733779317,0.0019921428609395164,0.012311028733779317,0.0019921428609395164,-6.267688971266214,-1.0280078571390632,-6.279999999999993,-1.0300000000000027,0.0,0.0,Vmag_get_voltage_magnitude_series__angle_get_voltage_angle_series,true,Unknown,Ybus EMT reconstruction using exact complex bus-voltage phasors when available; otherwise diagnostic fallback
0.9,0.012279555430103173,0.00198697994527941,0.012279555430103173,0.00198697994527941,0.012279555430103173,0.00198697994527941,-6.26772044456989,-1.0280130200547233,-6.279999999999993,-1.0300000000000027,0.0,0.0,Vmag_get_voltage_magnitude_series__angle_get_voltage_angle_series,true,Unknown,Ybus EMT reconstruction using exact complex bus-voltage phasors when available; otherwise diagnostic fallback
0.91,0.012261759082918822,0.0019840604071397205,0.012261759082918822,0.0019840604071397205,0.012261759082918822,0.0019840604071397205,-6.267738240917074,-1.028015939592863,-6.279999999999993,-1.0300000000000027,0.0,0.0,Vmag_get_voltage_magnitude_series__angle_get_voltage_angle_series,true,Unknown,Ybus EMT reconstruction using exact complex bus-voltage phasors when available; otherwise diagnostic fallback
0.92,0.01225633330458109,0.0019831699701426952,0.01225633330458109,0.0019831699701426952,0.01225633330458109,0.0019831699701426952,-6.267743666695412,-1.02801683002986,-6.279999999999993,-1.0300000000000027,0.0,0.0,Vmag_get_voltage_magnitude_series__angle_get_voltage_angle_series,true,Unknown,Ybus EMT reconstruction using exact complex bus-voltage phasors when available; otherwise diagnostic fallback
0.93,0.012261987533624286,0.0019840969536015773,0.012261987533624286,0.0019840969536015773,0.012261987533624286,0.0019840969536015773,-6.267738012466369,-1.0280159030464011,-6.279999999999993,-1.0300000000000027,0.0,0.0,Vmag_get_voltage_magnitude_series__angle_get_voltage_angle_series,true,Unknown,Ybus EMT reconstruction using exact complex bus-voltage phasors when available; otherwise diagnostic fallback
0.94,0.012277453620467504,0.0019866333524447555,0.012277453620467504,0.0019866333524447555,0.012277453620467504,0.0019866333524447555,-6.267722546379526,-1.028013366647558,-6.279999999999993,-1.0300000000000027,0.0,0.0,Vmag_get_voltage_magnitude_series__angle_get_voltage_angle_series,true,Unknown,Ybus EMT reconstruction using exact complex bus-voltage phasors when available; otherwise diagnostic fallback
0.95,0.012301491682690902,0.0019905757978386784,0.012301491682690902,0.0019905757978386784,0.012301491682690902,0.0019905757978386784,-6.267698508317302,-1.028009424202164,-6.279999999999993,-1.0300000000000027,0.0,0.0,Vmag_get_voltage_magnitude_series__angle_get_voltage_angle_series,true,Unknown,Ybus EMT reconstruction using exact complex bus-voltage phasors when available; otherwise diagnostic fallback
0.96,0.012332895305077862,0.001995726410231269,0.012332895305077862,0.001995726410231269,0.012332895305077862,0.001995726410231269,-6.267667104694915,-1.0280042735897714,-6.279999999999993,-1.0300000000000027,0.0,0.0,Vmag_get_voltage_magnitude_series__angle_get_voltage_angle_series,true,Unknown,Ybus EMT reconstruction using exact complex bus-voltage phasors when available; otherwise diagnostic fallback
0.97,0.012370496172986023,0.0020018935587873266,0.012370496172986023,0.0020018935587873266,0.012370496172986023,0.0020018935587873266,-6.267629503827007,-1.0279981064412154,-6.279999999999993,-1.0300000000000027,0.0,0.0,Vmag_get_voltage_magnitude_series__angle_get_voltage_angle_series,true,Unknown,Ybus EMT reconstruction using exact complex bus-voltage phasors when available; otherwise diagnostic fallback
0.98,0.012413168201001135,0.002008892539327123,0.012413168201001135,0.002008892539327123,0.012413168201001135,0.002008892539327123,-6.267586831798992,-1.0279911074606756,-6.279999999999993,-1.0300000000000027,0.0,0.0,Vmag_get_voltage_magnitude_series__angle_get_voltage_angle_series,true,Unknown,Ybus EMT reconstruction using exact complex bus-voltage phasors when available; otherwise diagnostic fallback
0.99,0.012459831174841618,0.0020165461711976196,0.012459831174841618,0.0020165461711976196,0.012459831174841618,0.0020165461711976196,-6.2675401688251515,-1.027983453828805,-6.279999999999993,-1.0300000000000027,0.0,0.0,Vmag_get_voltage_magnitude_series__angle_get_voltage_angle_series,true,Unknown,Ybus EMT reconstruction using exact complex bus-voltage phasors when available; otherwise diagnostic fallback
1.0,0.012509453929086867,0.002024685318575914,0.012509453929086867,0.002024685318575914,0.012509453929086867,0.002024685318575914,-6.267490546070906,-1.0279753146814268,-6.279999999999993,-1.0300000000000027,0.0,0.0,Vmag_get_voltage_magnitude_series__angle_get_voltage_angle_series,true,Unknown,Ybus EMT reconstruction using exact complex bus-voltage phasors when available; otherwise diagnostic fallback
1.01,0.01256105721163081,0.0020331493605756368,0.01256105721163081,0.0020331493605756368,0.01256105721163081,0.0020331493605756368,-6.267438942788362,-1.027966850639427,-6.279999999999993,-1.0300000000000027,0.0,0.0,Vmag_get_voltage_magnitude_series__angle_get_voltage_angle_series,true,Unknown,Ybus EMT reconstruction using exact complex bus-voltage phasors when available; otherwise diagnostic fallback
1.02,0.012613716094568517,0.0020417865862976114,0.012613716094568517,0.0020417865862976114,0.012613716094568517,0.0020417865862976114,-6.267386283905425,-1.027958213413705,-6.279999999999993,-1.0300000000000027,0.0,0.0,Vmag_get_voltage_magnitude_series__angle_get_voltage_angle_series,true,Unknown,Ybus EMT reconstruction using exact complex bus-voltage phasors when available; otherwise diagnostic fallback
1.03,0.012666562024763905,0.002050454531455248,0.012666562024763905,0.002050454531455248,0.012666562024763905,0.002050454531455248,-6.267333437975229,-1.0279495454685474,-6.279999999999993,-1.0300000000000027,0.0,0.0,Vmag_get_voltage_magnitude_series__angle_get_voltage_angle_series,true,Unknown,Ybus EMT reconstruction using exact complex bus-voltage phasors when available; otherwise diagnostic fallback
1.04,0.01271878462163123,0.0020590202731944895,0.01271878462163123,0.0020590202731944895,0.01271878462163123,0.0020590202731944895,-6.267281215378362,-1.0279409797268082,-6.279999999999993,-1.0300000000000027,0.0,0.0,Vmag_get_voltage_magnitude_series__angle_get_voltage_angle_series,true,Unknown,Ybus EMT reconstruction using exact complex bus-voltage phasors when available; otherwise diagnostic fallback
1.05,0.01276963299947731,0.0020673606471424133,0.01276963299947731,0.0020673606471424133,0.01276963299947731,0.0020673606471424133,-6.267230367000516,-1.0279326393528603,-6.279999999999993,-1.0300000000000027,0.0,0.0,Vmag_get_voltage_magnitude_series__angle_get_voltage_angle_series,true,Unknown,Ybus EMT reconstruction using exact complex bus-voltage phasors when available; otherwise diagnostic fallback
1.06,0.012818416870486793,0.0020753624279883365,0.012818416870486793,0.0020753624279883365,0.012818416870486793,0.0020753624279883365,-6.267181583129506,-1.0279246375720144,-6.279999999999993,-1.0300000000000027,0.0,0.0,Vmag_get_voltage_magnitude_series__angle_get_voltage_angle_series,true,Unknown,Ybus EMT reconstruction using exact complex bus-voltage phasors when available; otherwise diagnostic fallback
1.07,0.012864507260060165,0.002082922447262492,0.012864507260060165,0.002082922447262492,0.012864507260060165,0.002082922447262492,-6.267135492739933,-1.0279170775527402,-6.279999999999993,-1.0300000000000027,0.0,0.0,Vmag_get_voltage_magnitude_series__angle_get_voltage_angle_series,true,Unknown,Ybus EMT reconstruction using exact complex bus-voltage phasors when available; otherwise diagnostic fallback
1.08,0.012907336882451936,0.002089947654471347,0.012907336882451936,0.002089947654471347,0.012907336882451936,0.002089947654471347,-6.267092663117541,-1.0279100523455313,-6.279999999999993,-1.0300000000000027,0.0,0.0,Vmag_get_voltage_magnitude_series__angle_get_voltage_angle_series,true,Unknown,Ybus EMT reconstruction using exact complex bus-voltage phasors when available; otherwise diagnostic fallback
1.09,0.01294640022948279,0.0020963551322912277,0.01294640022948279,0.0020963551322912277,0.01294640022948279,0.0020963551322912277,-6.26705359977051,-1.0279036448677115,-6.279999999999993,-1.0300000000000027,0.0,0.0,Vmag_get_voltage_magnitude_series__angle_get_voltage_angle_series,true,Unknown,Ybus EMT reconstruction using exact complex bus-voltage phasors when available; otherwise diagnostic fallback
1.1,0.012981253265354376,0.0021020720459234976,0.012981253265354376,0.0021020720459234976,0.012981253265354376,0.0021020720459234976,-6.267018746734639,-1.0278979279540792,-6.279999999999993,-1.0300000000000027,0.0,0.0,Vmag_get_voltage_magnitude_series__angle_get_voltage_angle_series,true,Unknown,Ybus EMT reconstruction using exact complex bus-voltage phasors when available; otherwise diagnostic fallback
1.11,0.0130115128762327,0.002107035553416736,0.0130115128762327,0.002107035553416736,0.0130115128762327,0.002107035553416736,-6.26698848712376,-1.027892964446586,-6.279999999999993,-1.0300000000000027,0.0,0.0,Vmag_get_voltage_magnitude_series__angle_get_voltage_angle_series,true,Unknown,Ybus EMT reconstruction using exact complex bus-voltage phasors when available; otherwise diagnostic fallback
1.12,0.013036855947536452,0.002111192653561078,0.013036855947536452,0.002111192653561078,0.013036855947536452,0.002111192653561078,-6.266963144052457,-1.0278888073464416,-6.279999999999993,-1.0300000000000027,0.0,0.0,Vmag_get_voltage_magnitude_series__angle_get_voltage_angle_series,true,Unknown,Ybus EMT reconstruction using exact complex bus-voltage phasors when available; otherwise diagnostic fallback
1.13,0.013057018108189489,0.002114499980909068,0.013057018108189489,0.002114499980909068,0.013057018108189489,0.002114499980909068,-6.266942981891804,-1.0278855000190936,-6.279999999999993,-1.0300000000000027,0.0,0.0,Vmag_get_voltage_magnitude_series__angle_get_voltage_angle_series,true,Unknown,Ybus EMT reconstruction using exact complex bus-voltage phasors when available; otherwise diagnostic fallback
1.14,0.013071792266323712,0.0021169235648803575,0.013071792266323712,0.0021169235648803575,0.013071792266323712,0.0021169235648803575,-6.266928207733669,-1.0278830764351223,-6.279999999999993,-1.0300000000000027,0.0,0.0,Vmag_get_voltage_magnitude_series__angle_get_voltage_angle_series,true,Unknown,Ybus EMT reconstruction using exact complex bus-voltage phasors when available; otherwise diagnostic fallback
1.15,0.013081026778436033,0.002118438529735922,0.013081026778436033,0.002118438529735922,0.013081026778436033,0.002118438529735922,-6.266918973221557,-1.0278815614702668,-6.279999999999993,-1.0300000000000027,0.0,0.0,Vmag_get_voltage_magnitude_series__angle_get_voltage_angle_series,true,Unknown,Ybus EMT reconstruction using exact complex bus-voltage phasors when available; otherwise diagnostic fallback
1.16,0.013084623363452508,0.002119028752546548,0.013084623363452508,0.002119028752546548,0.013084623363452508,0.002119028752546548,-6.266915376636541,-1.0278809712474561,-6.279999999999993,-1.0300000000000027,0.0,0.0,Vmag_get_voltage_magnitude_series__angle_get_voltage_angle_series,true,Unknown,Ybus EMT reconstruction using exact complex bus-voltage phasors when available; otherwise diagnostic fallback
1.17,0.013082534813637636,0.0021186864875903932,0.013082534813637636,0.0021186864875903932,0.013082534813637636,0.0021186864875903932,-6.2669174651863555,-1.0278813135124123,-6.279999999999993,-1.0300000000000027,0.0,0.0,Vmag_get_voltage_magnitude_series__angle_get_voltage_angle_series,true,Unknown,Ybus EMT reconstruction using exact complex bus-voltage phasors when available; otherwise diagnostic fallback
1.18,0.013074762428189501,0.002117411945433023,0.013074762428189501,0.002117411945433023,0.013074762428189501,0.002117411945433023,-6.266925237571804,-1.0278825880545697,-6.279999999999993,-1.0300000000000027,0.0,0.0,Vmag_get_voltage_magnitude_series__angle_get_voltage_angle_series,true,Unknown,Ybus EMT reconstruction using exact complex bus-voltage phasors when available; otherwise diagnostic fallback
1.19,0.013061353283270627,0.0021152128452446295,0.013061353283270627,0.0021152128452446295,0.013061353283270627,0.0021152128452446295,-6.2669386467167225,-1.027884787154758,-6.279999999999993,-1.0300000000000027,0.0,0.0,Vmag_get_voltage_magnitude_series__angle_get_voltage_angle_series,true,Unknown,Ybus EMT reconstruction using exact complex bus-voltage phasors when available; otherwise diagnostic fallback
1.2,0.013042397294753094,0.002112103933104681,0.013042397294753094,0.002112103933104681,0.013042397294753094,0.002112103933104681,-6.26695760270524,-1.027887896066898,-6.279999999999993,-1.0300000000000027,0.0,0.0,Vmag_get_voltage_magnitude_series__angle_get_voltage_angle_series,true,Unknown,Ybus EMT reconstruction using exact complex bus-voltage phasors when available; otherwise diagnostic fallback
1.21,0.013018024148026441,0.002108106478262206,0.013018024148026441,0.002108106478262206,0.013018024148026441,0.002108106478262206,-6.266981975851967,-1.0278918935217405,-6.279999999999993,-1.0300000000000027,0.0,0.0,Vmag_get_voltage_magnitude_series__angle_get_voltage_angle_series,true,Unknown,Ybus EMT reconstruction using exact complex bus-voltage phasors when available; otherwise diagnostic fallback
1.22,0.012988400125747646,0.0021032477528701854,0.012988400125747646,0.0021032477528701854,0.012988400125747646,0.0021032477528701854,-6.2670115998742455,-1.0278967522471325,-6.279999999999993,-1.0300000000000027,0.0,0.0,Vmag_get_voltage_magnitude_series__angle_get_voltage_angle_series,true,Unknown,Ybus EMT reconstruction using exact complex bus-voltage phasors when available; otherwise diagnostic fallback
1.23,0.012953724805970346,0.0020975604905171252,0.012953724805970346,0.0020975604905171252,0.012953724805970346,0.0020975604905171252,-6.267046275194023,-1.0279024395094856,-6.279999999999993,-1.0300000000000027,0.0,0.0,Vmag_get_voltage_magnitude_series__angle_get_voltage_angle_series,true,Unknown,Ybus EMT reconstruction using exact complex bus-voltage phasors when available; otherwise diagnostic fallback
1.24,0.012914227719136306,0.0020910823376902865,0.012914227719136306,0.0020910823376902865,0.012914227719136306,0.0020910823376902865,-6.267085772280857,-1.0279089176623124,-6.279999999999993,-1.0300000000000027,0.0,0.0,Vmag_get_voltage_magnitude_series__angle_get_voltage_angle_series,true,Unknown,Ybus EMT reconstruction using exact complex bus-voltage phasors when available; otherwise diagnostic fallback
1.25,0.012870164969606357,0.0020838553000681603,0.012870164969606357,0.0020838553000681603,0.012870164969606357,0.0020838553000681603,-6.267129835030387,-1.0279161446999345,-6.279999999999993,-1.0300000000000027,0.0,0.0,Vmag_get_voltage_magnitude_series__angle_get_voltage_angle_series,true,Unknown,Ybus EMT reconstruction using exact complex bus-voltage phasors when available; otherwise diagnostic fallback
1.26,0.012821815846540296,0.0020759251859396866,0.012821815846540296,0.0020759251859396866,0.012821815846540296,0.0020759251859396866,-6.267178184153453,-1.027924074814063,-6.279999999999993,-1.0300000000000027,0.0,0.0,Vmag_get_voltage_magnitude_series__angle_get_voltage_angle_series,true,Unknown,Ybus EMT reconstruction using exact complex bus-voltage phasors when available; otherwise diagnostic fallback
1.27,0.012769479439926457,0.002067341051856575,0.012769479439926457,0.002067341051856575,0.012769479439926457,0.002067341051856575,-6.267230520560067,-1.0279326589481461,-6.279999999999993,-1.0300000000000027,0.0,0.0,Vmag_get_voltage_magnitude_series__angle_get_voltage_angle_series,true,Unknown,Ybus EMT reconstruction using exact complex bus-voltage phasors when available; otherwise diagnostic fallback
1.28,0.012713471318435587,0.0020581546572984166,0.012713471318435587,0.0020581546572984166,0.012713471318435587,0.0020581546572984166,-6.2672865286815576,-1.0279418453427043,-6.279999999999993,-1.0300000000000027,0.0,0.0,Vmag_get_voltage_magnitude_series__angle_get_voltage_angle_series,true,Unknown,Ybus EMT reconstruction using exact complex bus-voltage phasors when available; otherwise diagnostic fallback
1.29,0.012654120264783408,0.0020484199291948,0.012654120264783408,0.0020484199291948,0.012654120264783408,0.0020484199291948,-6.26734587973521,-1.027951580070808,-6.279999999999993,-1.0300000000000027,0.0,0.0,Vmag_get_voltage_magnitude_series__angle_get_voltage_angle_series,true,Unknown,Ybus EMT reconstruction using exact complex bus-voltage phasors when available; otherwise diagnostic fallback
1.3,0.012591765087125673,0.002038192439384856,0.012591765087125673,0.002038192439384856,0.012591765087125673,0.002038192439384856,-6.2674082349128675,-1.0279618075606178,-6.279999999999993,-1.0300000000000027,0.0,0.0,Vmag_get_voltage_magnitude_series__angle_get_voltage_angle_series,true,Unknown,Ybus EMT reconstruction using exact complex bus-voltage phasors when available; otherwise diagnostic fallback
1.31,0.012526751562631944,0.0020275289026370213,0.012526751562631944,0.0020275289026370213,0.012526751562631944,0.0020275289026370213,-6.267473248437361,-1.0279724710973657,-6.279999999999993,-1.0300000000000027,0.0,0.0,Vmag_get_voltage_magnitude_series__angle_get_voltage_angle_series,true,Unknown,Ybus EMT reconstruction using exact complex bus-voltage phasors when available; otherwise diagnostic fallback
1.32,0.012459429473469896,0.0020164866908409795,0.012459429473469896,0.0020164866908409795,0.012459429473469896,0.0020164866908409795,-6.267540570526523,-1.0279835133091617,-6.279999999999993,-1.0300000000000027,0.0,0.0,Vmag_get_voltage_magnitude_series__angle_get_voltage_angle_series,true,Unknown,Ybus EMT reconstruction using exact complex bus-voltage phasors when available; otherwise diagnostic fallback
1.33,0.012390149806487116,0.0020051233737314877,0.012390149806487116,0.0020051233737314877,0.012390149806487116,0.0020051233737314877,-6.267609850193506,-1.0279948766262712,-6.279999999999993,-1.0300000000000027,0.0,0.0,Vmag_get_voltage_magnitude_series__angle_get_voltage_angle_series,true,Unknown,Ybus EMT reconstruction using exact complex bus-voltage phasors when available; otherwise diagnostic fallback
1.34,0.012319262096426975,0.001993496282814755,0.012319262096426975,0.001993496282814755,0.012319262096426975,0.001993496282814755,-6.267680737903566,-1.028006503717188,-6.279999999999993,-1.0300000000000027,0.0,0.0,Vmag_get_voltage_magnitude_series__angle_get_voltage_angle_series,true,Unknown,Ybus EMT reconstruction using exact complex bus-voltage phasors when available; otherwise diagnostic fallback
1.35,0.012247111925200116,0.0019816621017139102,0.012247111925200116,0.0019816621017139102,0.012247111925200116,0.0019816621017139102,-6.267752888074793,-1.0280183378982888,-6.279999999999993,-1.0300000000000027,0.0,0.0,Vmag_get_voltage_magnitude_series__angle_get_voltage_angle_series,true,Unknown,Ybus EMT reconstruction using exact complex bus-voltage phasors when available; otherwise diagnostic fallback
1.36,0.012174038607966509,0.0019696764858803117,0.012174038607966509,0.0019696764858803117,0.012174038607966509,0.0019696764858803117,-6.267825961392027,-1.0280303235141224,-6.279999999999993,-1.0300000000000027,0.0,0.0,Vmag_get_voltage_magnitude_series__angle_get_voltage_angle_series,true,Unknown,Ybus EMT reconstruction using exact complex bus-voltage phasors when available; otherwise diagnostic fallback
1.37,0.01210037304619771,0.0019575937111944164,0.01210037304619771,0.0019575937111944164,0.01210037304619771,0.0019575937111944164,-6.267899626953795,-1.0280424062888083,-6.279999999999993,-1.0300000000000027,0.0,0.0,Vmag_get_voltage_magnitude_series__angle_get_voltage_angle_series,true,Unknown,Ybus EMT reconstruction using exact complex bus-voltage phasors when available; otherwise diagnostic fallback
1.38,0.01202643576874518,0.0019454663519904436,0.01202643576874518,0.0019454663519904436,0.01202643576874518,0.0019454663519904436,-6.267973564231248,-1.0280545336480122,-6.279999999999993,-1.0300000000000027,0.0,0.0,Vmag_get_voltage_magnitude_series__angle_get_voltage_angle_series,true,Unknown,Ybus EMT reconstruction using exact complex bus-voltage phasors when available; otherwise diagnostic fallback
1.39,0.011952535163193723,0.0019333449915976963,0.011952535163193723,0.0019333449915976963,0.011952535163193723,0.0019333449915976963,-6.268047464836799,-1.028066655008405,-6.279999999999993,-1.0300000000000027,0.0,0.0,Vmag_get_voltage_magnitude_series__angle_get_voltage_angle_series,true,Unknown,Ybus EMT reconstruction using exact complex bus-voltage phasors when available; otherwise diagnostic fallback
1.4,0.011878965895833815,0.0019212779623998255,0.011878965895833815,0.0019212779623998255,0.011878965895833815,0.0019212779623998255,-6.268121034104159,-1.0280787220376029,-6.279999999999993,-1.0300000000000027,0.0,0.0,Vmag_get_voltage_magnitude_series__angle_get_voltage_angle_series,true,Unknown,Ybus EMT reconstruction using exact complex bus-voltage phasors when available; otherwise diagnostic fallback
1.41,0.01180600751504901,0.0019093111176140543,0.01180600751504901,0.0019093111176140543,0.01180600751504901,0.0019093111176140543,-6.268193992484944,-1.0280906888823886,-6.279999999999993,-1.0300000000000027,0.0,0.0,Vmag_get_voltage_magnitude_series__angle_get_voltage_angle_series,true,Unknown,Ybus EMT reconstruction using exact complex bus-voltage phasors when available; otherwise diagnostic fallback
1.42,0.011733923244110933,0.0018974876325208445,0.011733923244110933,0.0018974876325208445,0.011733923244110933,0.0018974876325208445,-6.268266076755882,-1.0281025123674818,-6.279999999999993,-1.0300000000000027,0.0,0.0,Vmag_get_voltage_magnitude_series__angle_get_voltage_angle_series,true,Unknown,Ybus EMT reconstruction using exact complex bus-voltage phasors when available; otherwise diagnostic fallback
1.43,0.011662958976272009,0.001885847840114252,0.011662958976272009,0.001885847840114252,0.011662958976272009,0.001885847840114252,-6.268337041023721,-1.0281141521598884,-6.279999999999993,-1.0300000000000027,0.0,0.0,Vmag_get_voltage_magnitude_series__angle_get_voltage_angle_series,true,Unknown,Ybus EMT reconstruction using exact complex bus-voltage phasors when available; otherwise diagnostic fallback
1.44,0.01159334241668919,0.0018744290902110716,0.01159334241668919,0.0018744290902110716,0.01159334241668919,0.0018744290902110716,-6.268406657583304,-1.0281255709097916,-6.279999999999993,-1.0300000000000027,0.0,0.0,Vmag_get_voltage_magnitude_series__angle_get_voltage_angle_series,true,Unknown,Ybus EMT reconstruction using exact complex bus-voltage phasors when available; otherwise diagnostic fallback
1.45,0.011525282427901296,0.0018632656418142712,0.011525282427901296,0.0018632656418142712,0.011525282427901296,0.0018632656418142712,-6.268474717572092,-1.0281367343581884,-6.279999999999993,-1.0300000000000027,0.0,0.0,Vmag_get_voltage_magnitude_series__angle_get_voltage_angle_series,true,Unknown,Ybus EMT reconstruction using exact complex bus-voltage phasors when available; otherwise diagnostic fallback
1.46,0.011458968546995685,0.0018523885843415577,0.011458968546995685,0.0018523885843415577,0.011458968546995685,0.0018523885843415577,-6.2685410314529975,-1.0281476114156611,-6.279999999999993,-1.0300000000000027,0.0,0.0,Vmag_get_voltage_magnitude_series__angle_get_voltage_angle_series,true,Unknown,Ybus EMT reconstruction using exact complex bus-voltage phasors when available; otherwise diagnostic fallback
1.47,0.011394570641351187,0.0018418257809726946,0.011394570641351187,0.0018418257809726946,0.011394570641351187,0.0018418257809726946,-6.268605429358642,-1.02815817421903,-6.279999999999993,-1.0300000000000027,0.0,0.0,Vmag_get_voltage_magnitude_series__angle_get_voltage_angle_series,true,Unknown,Ybus EMT reconstruction using exact complex bus-voltage phasors when available; otherwise diagnostic fallback
1.48,0.011332238738532396,0.0018316018405573065,0.011332238738532396,0.0018316018405573065,0.011332238738532396,0.0018316018405573065,-6.268667761261461,-1.0281683981594454,-6.279999999999993,-1.0300000000000027,0.0,0.0,Vmag_get_voltage_magnitude_series__angle_get_voltage_angle_series,true,Unknown,Ybus EMT reconstruction using exact complex bus-voltage phasors when available; otherwise diagnostic fallback
1.49,0.01127210301210635,0.0018217381156893087,0.01127210301210635,0.0018217381156893087,0.01127210301210635,0.0018217381156893087,-6.268727896987887,-1.0281782618843134,-6.279999999999993,-1.0300000000000027,0.0,0.0,Vmag_get_voltage_magnitude_series__angle_get_voltage_angle_series,true,Unknown,Ybus EMT reconstruction using exact complex bus-voltage phasors when available; otherwise diagnostic fallback
1.5,0.011214273886123394,0.0018122527193502602,0.011214273886123394,0.0018122527193502602,0.011214273886123394,0.0018122527193502602,-6.26878572611387,-1.0281877472806524,-6.279999999999993,-1.0300000000000027,0.0,0.0,Vmag_get_voltage_magnitude_series__angle_get_voltage_angle_series,true,Unknown,Ybus EMT reconstruction using exact complex bus-voltage phasors when available; otherwise diagnostic fallback
1.51,0.011158842286304704,0.0018031605664483585,0.011158842286304704,0.0018031605664483585,0.011158842286304704,0.0018031605664483585,-6.268841157713688,-1.0281968394335543,-6.279999999999993,-1.0300000000000027,0.0,0.0,Vmag_get_voltage_magnitude_series__angle_get_voltage_angle_series,true,Unknown,Ybus EMT reconstruction using exact complex bus-voltage phasors when available; otherwise diagnostic fallback
1.52,0.011105880001043289,0.0017944734329866652,0.011105880001043289,0.0017944734329866652,0.011105880001043289,0.0017944734329866652,-6.26889411999895,-1.028205526567016,-6.279999999999993,-1.0300000000000027,0.0,0.0,Vmag_get_voltage_magnitude_series__angle_get_voltage_angle_series,true,Unknown,Ybus EMT reconstruction using exact complex bus-voltage phasors when available; otherwise diagnostic fallback
1.53,0.011055440164643215,0.0017862000351702711,0.011055440164643215,0.0017862000351702711,0.011055440164643215,0.0017862000351702711,-6.26894455983535,-1.0282137999648324,-6.279999999999993,-1.0300000000000027,0.0,0.0,Vmag_get_voltage_magnitude_series__angle_get_voltage_angle_series,true,Unknown,Ybus EMT reconstruction using exact complex bus-voltage phasors when available; otherwise diagnostic fallback
1.54,0.011007557837939608,0.0017783461247542487,0.011007557837939608,0.0017783461247542487,0.011007557837939608,0.0017783461247542487,-6.2689924421620535,-1.0282216538752484,-6.279999999999993,-1.0300000000000027,0.0,0.0,Vmag_get_voltage_magnitude_series__angle_get_voltage_angle_series,true,Unknown,Ybus EMT reconstruction using exact complex bus-voltage phasors when available; otherwise diagnostic fallback
1.55,0.010962250677256868,0.0017709145986055663,0.010962250677256868,0.0017709145986055663,0.010962250677256868,0.0017709145986055663,-6.269037749322736,-1.0282290854013971,-6.279999999999993,-1.0300000000000027,0.0,0.0,Vmag_get_voltage_magnitude_series__angle_get_voltage_angle_series,true,Unknown,Ybus EMT reconstruction using exact complex bus-voltage phasors when available; otherwise diagnostic fallback
1.56,0.010919519699498892,0.0017639056245448703,0.010919519699498892,0.0017639056245448703,0.010919519699498892,0.0017639056245448703,-6.269080480300494,-1.0282360943754578,-6.279999999999993,-1.0300000000000027,0.0,0.0,Vmag_get_voltage_magnitude_series__angle_get_voltage_angle_series,true,Unknown,Ybus EMT reconstruction using exact complex bus-voltage phasors when available; otherwise diagnostic fallback
1.57,0.010879350106815622,0.0017573167761872899,0.010879350106815622,0.0017573167761872899,0.010879350106815622,0.0017573167761872899,-6.2691206498931775,-1.0282426832238154,-6.279999999999993,-1.0300000000000027,0.0,0.0,Vmag_get_voltage_magnitude_series__angle_get_voltage_angle_series,true,Unknown,Ybus EMT reconstruction using exact complex bus-voltage phasors when available; otherwise diagnostic fallback
1.58,0.010841712178227603,0.0017511431794361432,0.010841712178227603,0.0017511431794361432,0.010841712178227603,0.0017511431794361432,-6.2691582878217655,-1.0282488568205665,-6.279999999999993,-1.0300000000000027,0.0,0.0,Vmag_get_voltage_magnitude_series__angle_get_voltage_angle_series,true,Unknown,Ybus EMT reconstruction using exact complex bus-voltage phasors when available; otherwise diagnostic fallback
1.59,0.010806562221889138,0.0017453776686475742,0.010806562221889138,0.0017453776686475742,0.010806562221889138,0.0017453776686475742,-6.269193437778104,-1.0282546223313551,-6.279999999999993,-1.0300000000000027,0.0,0.0,Vmag_get_voltage_magnitude_series__angle_get_voltage_angle_series,true,Unknown,Ybus EMT reconstruction using exact complex bus-voltage phasors when available; otherwise diagnostic fallback
1.6,0.010773843567218222,0.001740010949290216,0.010773843567218222,0.001740010949290216,0.010773843567218222,0.001740010949290216,-6.269226156432775,-1.0282599890507125,-6.279999999999993,-1.0300000000000027,0.0,0.0,Vmag_get_voltage_magnitude_series__angle_get_voltage_angle_series,true,Unknown,Ybus EMT reconstruction using exact complex bus-voltage phasors when available; otherwise diagnostic fallback
1.61,0.010743487590488598,0.0017350317659989845,0.010743487590488598,0.0017350317659989845,0.010743487590488598,0.0017350317659989845,-6.2692565124095045,-1.0282649682340037,-6.279999999999993,-1.0300000000000027,0.0,0.0,Vmag_get_voltage_magnitude_series__angle_get_voltage_angle_series,true,Unknown,Ybus EMT reconstruction using exact complex bus-voltage phasors when available; otherwise diagnostic fallback
1.62,0.010715414773668996,0.0017304270768578878,0.010715414773668996,0.0017304270768578878,0.010715414773668996,0.0017304270768578878,-6.269284585226324,-1.0282695729231448,-6.279999999999993,-1.0300000000000027,0.0,0.0,Vmag_get_voltage_magnitude_series__angle_get_voltage_angle_series,true,Unknown,Ybus EMT reconstruction using exact complex bus-voltage phasors when available; otherwise diagnostic fallback
1.63,0.01068953577977716,0.0017261822288978657,0.01068953577977716,0.0017261822288978657,0.01068953577977716,0.0017261822288978657,-6.269310464220216,-1.0282738177711048,-6.279999999999993,-1.0300000000000027,0.0,0.0,Vmag_get_voltage_magnitude_series__angle_get_voltage_angle_series,true,Unknown,Ybus EMT reconstruction using exact complex bus-voltage phasors when available; otherwise diagnostic fallback
1.64,0.010665752535179429,0.0017222811364083768,0.010665752535179429,0.0017222811364083768,0.010665752535179429,0.0017222811364083768,-6.269334247464814,-1.0282777188635943,-6.279999999999993,-1.0300000000000027,0.0,0.0,Vmag_get_voltage_magnitude_series__angle_get_voltage_angle_series,true,Unknown,Ybus EMT reconstruction using exact complex bus-voltage phasors when available; otherwise diagnostic fallback
1.65,0.010643959320781882,0.001718706459545416,0.010643959320781882,0.001718706459545416,0.010643959320781882,0.001718706459545416,-6.269356040679211,-1.0282812935404573,-6.279999999999993,-1.0300000000000027,0.0,0.0,Vmag_get_voltage_magnitude_series__angle_get_voltage_angle_series,true,Unknown,Ybus EMT reconstruction using exact complex bus-voltage phasors when available; otherwise diagnostic fallback
1.66,0.010624043856718224,0.0017154397821308454,0.010624043856718224,0.0017154397821308454,0.010624043856718224,0.0017154397821308454,-6.269375956143275,-1.0282845602178718,-6.279999999999993,-1.0300000000000027,0.0,0.0,Vmag_get_voltage_magnitude_series__angle_get_voltage_angle_series,true,Unknown,Ybus EMT reconstruction using exact complex bus-voltage phasors when available; otherwise diagnostic fallback
1.67,0.010605888372616334,0.0017124617874904047,0.010605888372616334,0.0017124617874904047,0.010605888372616334,0.0017124617874904047,-6.269394111627377,-1.0282875382125123,-6.279999999999993,-1.0300000000000027,0.0,0.0,Vmag_get_voltage_magnitude_series__angle_get_voltage_angle_series,true,Unknown,Ybus EMT reconstruction using exact complex bus-voltage phasors when available; otherwise diagnostic fallback
1.68,0.010589370666665765,0.0017097524319786839,0.010589370666665765,0.0017097524319786839,0.010589370666665765,0.0017097524319786839,-6.269410629333327,-1.028290247568024,-6.279999999999993,-1.0300000000000027,0.0,0.0,Vmag_get_voltage_magnitude_series__angle_get_voltage_angle_series,true,Unknown,Ybus EMT reconstruction using exact complex bus-voltage phasors when available; otherwise diagnostic fallback
1.69,0.010574365132765884,0.0017072911135793678,0.010574365132765884,0.0017072911135793678,0.010574365132765884,0.0017072911135793678,-6.269425634867227,-1.0282927088864233,-6.279999999999993,-1.0300000000000027,0.0,0.0,Vmag_get_voltage_magnitude_series__angle_get_voltage_angle_series,true,Unknown,Ybus EMT reconstruction using exact complex bus-voltage phasors when available; otherwise diagnostic fallback
1.7,0.010560743768862402,0.0017050568371812513,0.010560743768862402,0.0017050568371812513,0.010560743768862402,0.0017050568371812513,-6.269439256231131,-1.0282949431628214,-6.279999999999993,-1.0300000000000027,0.0,0.0,Vmag_get_voltage_magnitude_series__angle_get_voltage_angle_series,true,Unknown,Ybus EMT reconstruction using exact complex bus-voltage phasors when available; otherwise diagnostic fallback
1.71,0.01054837714112189,0.001703028372678217,0.01054837714112189,0.001703028372678217,0.01054837714112189,0.001703028372678217,-6.269451622858871,-1.0282969716273245,-6.279999999999993,-1.0300000000000027,0.0,0.0,Vmag_get_voltage_magnitude_series__angle_get_voltage_angle_series,true,Unknown,Ybus EMT reconstruction using exact complex bus-voltage phasors when available; otherwise diagnostic fallback
1.72,0.010537135314248047,0.0017011844079377614,0.010537135314248047,0.0017011844079377614,0.010537135314248047,0.0017011844079377614,-6.269462864685745,-1.028298815592065,-6.279999999999993,-1.0300000000000027,0.0,0.0,Vmag_get_voltage_magnitude_series__angle_get_voltage_angle_series,true,Unknown,Ybus EMT reconstruction using exact complex bus-voltage phasors when available; otherwise diagnostic fallback
1.73,0.0105268887412171,0.0016995036941840347,0.0105268887412171,0.0016995036941840347,0.0105268887412171,0.0016995036941840347,-6.269473111258776,-1.0283004963058187,-6.279999999999993,-1.0300000000000027,0.0,0.0,Vmag_get_voltage_magnitude_series__angle_get_voltage_angle_series,true,Unknown,Ybus EMT reconstruction using exact complex bus-voltage phasors when available; otherwise diagnostic fallback
1.74,0.010517509099694955,0.001697965183565353,0.010517509099694955,0.001697965183565353,0.010517509099694955,0.001697965183565353,-6.269482490900298,-1.0283020348164373,-6.279999999999993,-1.0300000000000027,0.0,0.0,Vmag_get_voltage_magnitude_series__angle_get_voltage_angle_series,true,Unknown,Ybus EMT reconstruction using exact complex bus-voltage phasors when available; otherwise diagnostic fallback
1.75,0.010508870086783695,0.0016965481594211074,0.010508870086783695,0.0016965481594211074,0.010508870086783695,0.0016965481594211074,-6.2694911299132094,-1.0283034518405816,-6.279999999999993,-1.0300000000000027,0.0,0.0,Vmag_get_voltage_magnitude_series__angle_get_voltage_angle_series,true,Unknown,Ybus EMT reconstruction using exact complex bus-voltage phasors when available; otherwise diagnostic fallback
1.76,0.010500848154047837,0.0016952323568806271,0.010500848154047837,0.0016952323568806271,0.010500848154047837,0.0016952323568806271,-6.269499151845945,-1.028304767643122,-6.279999999999993,-1.0300000000000027,0.0,0.0,Vmag_get_voltage_magnitude_series__angle_get_voltage_angle_series,true,Unknown,Ybus EMT reconstruction using exact complex bus-voltage phasors when available; otherwise diagnostic fallback
1.77,0.010493323194959103,0.001693998075537273,0.010493323194959103,0.001693998075537273,0.010493323194959103,0.001693998075537273,-6.269506676805034,-1.0283060019244654,-6.279999999999993,-1.0300000000000027,0.0,0.0,Vmag_get_voltage_magnitude_series__angle_get_voltage_angle_series,true,Unknown,Ybus EMT reconstruction using exact complex bus-voltage phasors when available; otherwise diagnostic fallback
1.78,0.0104861791729558,0.001692826282550186,0.0104861791729558,0.001692826282550186,0.0104861791729558,0.001692826282550186,-6.269513820827037,-1.0283071737174525,-6.279999999999993,-1.0300000000000027,0.0,0.0,Vmag_get_voltage_magnitude_series__angle_get_voltage_angle_series,true,Unknown,Ybus EMT reconstruction using exact complex bus-voltage phasors when available; otherwise diagnostic fallback
1.79,0.010479304688949753,0.0016916987056452282,0.010479304688949753,0.0016916987056452282,0.010479304688949753,0.0016916987056452282,-6.269520695311043,-1.0283083012943575,-6.279999999999993,-1.0300000000000027,0.0,0.0,Vmag_get_voltage_magnitude_series__angle_get_voltage_angle_series,true,Unknown,Ybus EMT reconstruction using exact complex bus-voltage phasors when available; otherwise diagnostic fallback
1.8,0.01047259349898333,0.001690597918220682,0.01047259349898333,0.001690597918220682,0.01047259349898333,0.001690597918220682,-6.26952740650101,-1.028309402081782,-6.279999999999993,-1.0300000000000027,0.0,0.0,Vmag_get_voltage_magnitude_series__angle_get_voltage_angle_series,true,Unknown,Ybus EMT reconstruction using exact complex bus-voltage phasors when available; otherwise diagnostic fallback
1.81,0.010465944965912577,0.0016895074129827936,0.010465944965912577,0.0016895074129827936,0.010465944965912577,0.0016895074129827936,-6.269534055034081,-1.02831049258702,-6.279999999999993,-1.0300000000000027,0.0,0.0,Vmag_get_voltage_magnitude_series__angle_get_voltage_angle_series,true,Unknown,Ybus EMT reconstruction using exact complex bus-voltage phasors when available; otherwise diagnostic fallback
1.82,0.010459264453023032,0.0016884116672144511,0.010459264453023032,0.0016884116672144511,0.010459264453023032,0.0016884116672144511,-6.26954073554697,-1.0283115883327882,-6.279999999999993,-1.0300000000000027,0.0,0.0,Vmag_get_voltage_magnitude_series__angle_get_voltage_angle_series,true,Unknown,Ybus EMT reconstruction using exact complex bus-voltage phasors when available; otherwise diagnostic fallback
1.83,0.01045246366603969,0.0016872961982203893,0.01045246366603969,0.0016872961982203893,0.01045246366603969,0.0016872961982203893,-6.2695475363339535,-1.0283127038017823,-6.279999999999993,-1.0300000000000027,0.0,0.0,Vmag_get_voltage_magnitude_series__angle_get_voltage_angle_series,true,Unknown,Ybus EMT reconstruction using exact complex bus-voltage phasors when available; otherwise diagnostic fallback
1.84,0.010445460927676287,0.0016861476087426386,0.010445460927676287,0.0016861476087426386,0.010445460927676287,0.0016861476087426386,-6.269554539072317,-1.02831385239126,-6.279999999999993,-1.0300000000000027,0.0,0.0,Vmag_get_voltage_magnitude_series__angle_get_voltage_angle_series,true,Unknown,Ybus EMT reconstruction using exact complex bus-voltage phasors when available; otherwise diagnostic fallback
1.85,0.010438181404446745,0.001684953623928509,0.010438181404446745,0.001684953623928509,0.010438181404446745,0.001684953623928509,-6.269561818595546,-1.0283150463760742,-6.279999999999993,-1.0300000000000027,0.0,0.0,Vmag_get_voltage_magnitude_series__angle_get_voltage_angle_series,true,Unknown,Ybus EMT reconstruction using exact complex bus-voltage phasors when available; otherwise diagnostic fallback
1.86,0.010430557269803131,0.0016837031184109286,0.010430557269803131,0.0016837031184109286,0.010430557269803131,0.0016837031184109286,-6.26956944273019,-1.0283162968815918,-6.279999999999993,-1.0300000000000027,0.0,0.0,Vmag_get_voltage_magnitude_series__angle_get_voltage_angle_series,true,Unknown,Ybus EMT reconstruction using exact complex bus-voltage phasors when available; otherwise diagnostic fallback
1.87,0.010422527822044891,0.0016823861352326386,0.010422527822044891,0.0016823861352326386,0.010422527822044891,0.0016823861352326386,-6.269577472177948,-1.02831761386477,-6.279999999999993,-1.0300000000000027,0.0,0.0,Vmag_get_voltage_magnitude_series__angle_get_voltage_angle_series,true,Unknown,Ybus EMT reconstruction using exact complex bus-voltage phasors when available; otherwise diagnostic fallback
1.88,0.010414039544165199,0.0016809938960515858,0.010414039544165199,0.0016809938960515858,0.010414039544165199,0.0016809938960515858,-6.269585960455828,-1.028319006103951,-6.279999999999993,-1.0300000000000027,0.0,0.0,Vmag_get_voltage_magnitude_series__angle_get_voltage_angle_series,true,Unknown,Ybus EMT reconstruction using exact complex bus-voltage phasors when available; otherwise diagnostic fallback
1.89,0.010405046113169725,0.001679518802473412,0.010405046113169725,0.001679518802473412,0.010405046113169725,0.001679518802473412,-6.269594953886823,-1.0283204811975293,-6.279999999999993,-1.0300000000000027,0.0,0.0,Vmag_get_voltage_magnitude_series__angle_get_voltage_angle_series,true,Unknown,Ybus EMT reconstruction using exact complex bus-voltage phasors when available; otherwise diagnostic fallback
1.9,0.01039550836935188,0.0016779544309246663,0.01039550836935188,0.0016779544309246663,0.01039550836935188,0.0016779544309246663,-6.269604491630641,-1.028322045569078,-6.279999999999993,-1.0300000000000027,0.0,0.0,Vmag_get_voltage_magnitude_series__angle_get_voltage_angle_series,true,Unknown,Ybus EMT reconstruction using exact complex bus-voltage phasors when available; otherwise diagnostic fallback
1.91,0.010385394232190315,0.001676295519147386,0.010385394232190315,0.001676295519147386,0.010385394232190315,0.001676295519147386,-6.269614605767803,-1.0283237044808553,-6.279999999999993,-1.0300000000000027,0.0,0.0,Vmag_get_voltage_magnitude_series__angle_get_voltage_angle_series,true,Unknown,Ybus EMT reconstruction using exact complex bus-voltage phasors when available; otherwise diagnostic fallback
1.92,0.010374678576097196,0.0016745379456846177,0.010374678576097196,0.0016745379456846177,0.010374678576097196,0.0016745379456846177,-6.269625321423896,-1.028325462054318,-6.279999999999993,-1.0300000000000027,0.0,0.0,Vmag_get_voltage_magnitude_series__angle_get_voltage_angle_series,true,Unknown,Ybus EMT reconstruction using exact complex bus-voltage phasors when available; otherwise diagnostic fallback
1.93,0.010363343070515008,0.0016726787034357926,0.010363343070515008,0.0016726787034357926,0.010363343070515008,0.0016726787034357926,-6.269636656929478,-1.028327321296567,-6.279999999999993,-1.0300000000000027,0.0,0.0,Vmag_get_voltage_magnitude_series__angle_get_voltage_angle_series,true,Unknown,Ybus EMT reconstruction using exact complex bus-voltage phasors when available; otherwise diagnostic fallback
1.94,0.010351375977227129,0.0016707158667250699,0.010351375977227129,0.0016707158667250699,0.010351375977227129,0.0016707158667250699,-6.269648624022766,-1.0283292841332776,-6.279999999999993,-1.0300000000000027,0.0,0.0,Vmag_get_voltage_magnitude_series__angle_get_voltage_angle_series,true,Unknown,Ybus EMT reconstruction using exact complex bus-voltage phasors when available; otherwise diagnostic fallback
1.95,0.010338771919139234,0.0016686485532855233,0.010338771919139234,0.0016686485532855233,0.010338771919139234,0.0016686485532855233,-6.269661228080854,-1.0283313514467172,-6.279999999999993,-1.0300000000000027,0.0,0.0,Vmag_get_voltage_magnitude_series__angle_get_voltage_angle_series,true,Unknown,Ybus EMT reconstruction using exact complex bus-voltage phasors when available; otherwise diagnostic fallback
1.96,0.010325531613435857,0.0016664768803822394,0.010325531613435857,0.0016664768803822394,0.010325531613435857,0.0016664768803822394,-6.269674468386557,-1.0283335231196205,-6.279999999999993,-1.0300000000000027,0.0,0.0,Vmag_get_voltage_magnitude_series__angle_get_voltage_angle_series,true,Unknown,Ybus EMT reconstruction using exact complex bus-voltage phasors when available; otherwise diagnostic fallback
1.97,0.010311661579483378,0.0016642019170838296,0.010311661579483378,0.0016642019170838296,0.010311661579483378,0.0016642019170838296,-6.26968833842051,-1.0283357980829189,-6.279999999999993,-1.0300000000000027,0.0,0.0,Vmag_get_voltage_magnitude_series__angle_get_voltage_angle_series,true,Unknown,Ybus EMT reconstruction using exact complex bus-voltage phasors when available; otherwise diagnostic fallback
1.98,0.010297173824812766,0.0016618256325631187,0.010297173824812766,0.0016618256325631187,0.010297173824812766,0.0016618256325631187,-6.26970282617518,-1.0283381743674396,-6.279999999999993,-1.0300000000000027,0.0,0.0,Vmag_get_voltage_magnitude_series__angle_get_voltage_angle_series,true,Unknown,Ybus EMT reconstruction using exact complex bus-voltage phasors when available; otherwise diagnostic fallback
1.99,0.0102820855040342,0.0016593508403899282,0.0102820855040342,0.0016593508403899282,0.0102820855040342,0.0016593508403899282,-6.269717914495959,-1.0283406491596128,-6.279999999999993,-1.0300000000000027,0.0,0.0,Vmag_get_voltage_magnitude_series__angle_get_voltage_angle_series,true,Unknown,Ybus EMT reconstruction using exact complex bus-voltage phasors when available; otherwise diagnostic fallback
2.0,0.010266418564008006,0.0016567811398615628,0.010266418564008006,0.0016567811398615628,0.010266418564008006,0.0016567811398615628,-6.269733581435985,-1.0283432188601411,-6.279999999999993,-1.0300000000000027,0.0,0.0,Vmag_get_voltage_magnitude_series__angle_get_voltage_angle_series,true,Unknown,Ybus EMT reconstruction using exact complex bus-voltage phasors when available; otherwise diagnostic fallback
2.01,0.010250199370828383,0.0016541208556635212,0.010250199370828383,0.0016541208556635212,0.010250199370828383,0.0016541208556635212,-6.269749800629165,-1.0283458791443392,-6.279999999999993,-1.0300000000000027,0.0,0.0,Vmag_get_voltage_magnitude_series__angle_get_voltage_angle_series,true,Unknown,Ybus EMT reconstruction using exact complex bus-voltage phasors when available; otherwise diagnostic fallback
2.02,0.010233458328062994,0.0016513749743549688,0.010233458328062994,0.0016513749743549688,0.010233458328062994,0.0016513749743549688,-6.26976654167193,-1.0283486250256477,-6.279999999999993,-1.0300000000000027,0.0,0.0,Vmag_get_voltage_magnitude_series__angle_get_voltage_angle_series,true,Unknown,Ybus EMT reconstruction using exact complex bus-voltage phasors when available; otherwise diagnostic fallback
2.03,0.010216229481775585,0.0016485490800095537,0.010216229481775585,0.0016485490800095537,0.010216229481775585,0.0016485490800095537,-6.269783770518218,-1.0283514509199931,-6.279999999999993,-1.0300000000000027,0.0,0.0,Vmag_get_voltage_magnitude_series__angle_get_voltage_angle_series,true,Unknown,Ybus EMT reconstruction using exact complex bus-voltage phasors when available; otherwise diagnostic fallback
2.04,0.010198550122729522,0.0016456492891563368,0.010198550122729522,0.0016456492891563368,0.010198550122729522,0.0016456492891563368,-6.269801449877264,-1.0283543507108464,-6.279999999999993,-1.0300000000000027,0.0,0.0,Vmag_get_voltage_magnitude_series__angle_get_voltage_angle_series,true,Unknown,Ybus EMT reconstruction using exact complex bus-voltage phasors when available; otherwise diagnostic fallback
2.05,0.010180460383974577,0.0016426821842736583,0.010180460383974577,0.0016426821842736583,0.010180460383974577,0.0016426821842736583,-6.269819539616019,-1.028357317815729,-6.279999999999993,-1.0300000000000027,0.0,0.0,Vmag_get_voltage_magnitude_series__angle_get_voltage_angle_series,true,Unknown,Ybus EMT reconstruction using exact complex bus-voltage phasors when available; otherwise diagnostic fallback
2.06,0.010162002836413997,0.0016396547478378931,0.010162002836413997,0.0016396547478378931,0.010162002836413997,0.0016396547478378931,-6.269837997163579,-1.0283603452521648,-6.279999999999993,-1.0300000000000027,0.0,0.0,Vmag_get_voltage_magnitude_series__angle_get_voltage_angle_series,true,Unknown,Ybus EMT reconstruction using exact complex bus-voltage phasors when available; otherwise diagnostic fallback
2.07,0.010143222089940451,0.0016365742968720287,0.010143222089940451,0.0016365742968720287,0.010143222089940451,0.0016365742968720287,-6.269856777910053,-1.0283634257031307,-6.279999999999993,-1.0300000000000027,0.0,0.0,Vmag_get_voltage_magnitude_series__angle_get_voltage_angle_series,true,Unknown,Ybus EMT reconstruction using exact complex bus-voltage phasors when available; otherwise diagnostic fallback
2.08,0.010124164394267332,0.0016334484171729446,0.010124164394267332,0.0016334484171729446,0.010124164394267332,0.0016334484171729446,-6.269875835605726,-1.0283665515828297,-6.279999999999993,-1.0300000000000027,0.0,0.0,Vmag_get_voltage_magnitude_series__angle_get_voltage_angle_series,true,Unknown,Ybus EMT reconstruction using exact complex bus-voltage phasors when available; otherwise diagnostic fallback
2.09,0.010104877250732613,0.0016302849001981201,0.010104877250732613,0.0016302849001981201,0.010104877250732613,0.0016302849001981201,-6.2698951227492605,-1.0283697150998046,-6.279999999999993,-1.0300000000000027,0.0,0.0,Vmag_get_voltage_magnitude_series__angle_get_voltage_angle_series,true,Unknown,Ybus EMT reconstruction using exact complex bus-voltage phasors when available; otherwise diagnostic fallback
2.1,0.010085409031383108,0.0016270916797913593,0.010085409031383108,0.0016270916797913593,0.010085409031383108,0.0016270916797913593,-6.26991459096861,-1.0283729083202113,-6.279999999999993,-1.0300000000000027,0.0,0.0,Vmag_get_voltage_magnitude_series__angle_get_voltage_angle_series,true,Unknown,Ybus EMT reconstruction using exact complex bus-voltage phasors when available; otherwise diagnostic fallback
2.11,0.010065808608219484,0.0016238767722056568,0.010065808608219484,0.0016238767722056568,0.010065808608219484,0.0016238767722056568,-6.269934191391774,-1.028376123227797,-6.279999999999993,-1.0300000000000027,0.0,0.0,Vmag_get_voltage_magnitude_series__angle_get_voltage_angle_series,true,Unknown,Ybus EMT reconstruction using exact complex bus-voltage phasors when available; otherwise diagnostic fallback
2.12,0.010046124997837858,0.0016206482172940184,0.010046124997837858,0.0016206482172940184,0.010046124997837858,0.0016206482172940184,-6.269953875002155,-1.0283793517827087,-6.279999999999993,-1.0300000000000027,0.0,0.0,Vmag_get_voltage_magnitude_series__angle_get_voltage_angle_series,true,Unknown,Ybus EMT reconstruction using exact complex bus-voltage phasors when available; otherwise diagnostic fallback
2.13,0.010026407018093764,0.0016174140222295907,0.010026407018093764,0.0016174140222295907,0.010026407018093764,0.0016174140222295907,-6.269973592981899,-1.028382585977773,-6.279999999999993,-1.0300000000000027,0.0,0.0,Vmag_get_voltage_magnitude_series__angle_get_voltage_angle_series,true,Unknown,Ybus EMT reconstruction using exact complex bus-voltage phasors when available; otherwise diagnostic fallback
2.14,0.010006702963464065,0.0016141821084938446,0.010006702963464065,0.0016141821084938446,0.010006702963464065,0.0016141821084938446,-6.269993297036529,-1.0283858178915088,-6.279999999999993,-1.0300000000000027,0.0,0.0,Vmag_get_voltage_magnitude_series__angle_get_voltage_angle_series,true,Unknown,Ybus EMT reconstruction using exact complex bus-voltage phasors when available; otherwise diagnostic fallback
2.15,0.009987060296351657,0.001610960261032579,0.009987060296351657,0.001610960261032579,0.009987060296351657,0.001610960261032579,-6.2700129397036415,-1.0283890397389701,-6.279999999999993,-1.0300000000000027,0.0,0.0,Vmag_get_voltage_magnitude_series__angle_get_voltage_angle_series,true,Unknown,Ybus EMT reconstruction using exact complex bus-voltage phasors when available; otherwise diagnostic fallback
2.16,0.009967525358377749,0.00160775608103636,0.009967525358377749,0.00160775608103636,0.009967525358377749,0.00160775608103636,-6.270032474641615,-1.0283922439189663,-6.279999999999993,-1.0300000000000027,0.0,0.0,Vmag_get_voltage_magnitude_series__angle_get_voltage_angle_series,true,Unknown,Ybus EMT reconstruction using exact complex bus-voltage phasors when available; otherwise diagnostic fallback
2.17,0.009948143101205176,0.0016045769416297428,0.009948143101205176,0.0016045769416297428,0.009948143101205176,0.0016045769416297428,-6.270051856898788,-1.028395423058373,-6.279999999999993,-1.0300000000000027,0.0,0.0,Vmag_get_voltage_magnitude_series__angle_get_voltage_angle_series,true,Unknown,Ybus EMT reconstruction using exact complex bus-voltage phasors when available; otherwise diagnostic fallback
2.18,0.009928956837433667,0.001601429947228672,0.009928956837433667,0.001601429947228672,0.009928956837433667,0.001601429947228672,-6.2700710431625595,-1.028398570052774,-6.279999999999993,-1.0300000000000027,0.0,0.0,Vmag_get_voltage_magnitude_series__angle_get_voltage_angle_series,true,Unknown,Ybus EMT reconstruction using exact complex bus-voltage phasors when available; otherwise diagnostic fallback
2.19,0.009910008016159821,0.0015983218964314982,0.009910008016159821,0.0015983218964314982,0.009910008016159821,0.0015983218964314982,-6.270089991983833,-1.0284016781035712,-6.279999999999993,-1.0300000000000027,0.0,0.0,Vmag_get_voltage_magnitude_series__angle_get_voltage_angle_series,true,Unknown,Ybus EMT reconstruction using exact complex bus-voltage phasors when available; otherwise diagnostic fallback
2.2,0.00989133601594272,0.0015952592484402839,0.00989133601594272,0.0015952592484402839,0.00989133601594272,0.0015952592484402839,-6.27010866398405,-1.0284047407515624,-6.279999999999993,-1.0300000000000027,0.0,0.0,Vmag_get_voltage_magnitude_series__angle_get_voltage_angle_series,true,Unknown,Ybus EMT reconstruction using exact complex bus-voltage phasors when available; otherwise diagnostic fallback
2.21,0.009872977963680363,0.00159224809291314,0.009872977963680363,0.00159224809291314,0.009872977963680363,0.00159224809291314,-6.270127022036313,-1.0284077519070896,-6.279999999999993,-1.0300000000000027,0.0,0.0,Vmag_get_voltage_magnitude_series__angle_get_voltage_angle_series,true,Unknown,Ybus EMT reconstruction using exact complex bus-voltage phasors when available; otherwise diagnostic fallback
2.22,0.009854968576556544,0.0015892941246167247,0.009854968576556544,0.0015892941246167247,0.009854968576556544,0.0015892941246167247,-6.270145031423437,-1.028410705875386,-6.279999999999993,-1.0300000000000027,0.0,0.0,Vmag_get_voltage_magnitude_series__angle_get_voltage_angle_series,true,Unknown,Ybus EMT reconstruction using exact complex bus-voltage phasors when available; otherwise diagnostic fallback
2.23,0.009837340023476138,0.001586402619862426,0.009837340023476138,0.001586402619862426,0.009837340023476138,0.001586402619862426,-6.270162659976517,-1.0284135973801403,-6.279999999999993,-1.0300000000000027,0.0,0.0,Vmag_get_voltage_magnitude_series__angle_get_voltage_angle_series,true,Unknown,Ybus EMT reconstruction using exact complex bus-voltage phasors when available; otherwise diagnostic fallback
2.24,0.009820121812380123,0.0015835784188733548,0.009820121812380123,0.0015835784188733548,0.009820121812380123,0.0015835784188733548,-6.270179878187613,-1.0284164215811293,-6.279999999999993,-1.0300000000000027,0.0,0.0,Vmag_get_voltage_magnitude_series__angle_get_voltage_angle_series,true,Unknown,Ybus EMT reconstruction using exact complex bus-voltage phasors when available; otherwise diagnostic fallback
2.25,0.009803340699193086,0.0015808259104761468,0.009803340699193086,0.0015808259104761468,0.009803340699193086,0.0015808259104761468,-6.2701966593008,-1.0284191740895265,-6.279999999999993,-1.0300000000000027,0.0,0.0,Vmag_get_voltage_magnitude_series__angle_get_voltage_angle_series,true,Unknown,Ybus EMT reconstruction using exact complex bus-voltage phasors when available; otherwise diagnostic fallback
2.26,0.009787020617606501,0.001578149020255326,0.009787020617606501,0.001578149020255326,0.009787020617606501,0.001578149020255326,-6.270212979382387,-1.0284218509797474,-6.279999999999993,-1.0300000000000027,0.0,0.0,Vmag_get_voltage_magnitude_series__angle_get_voltage_angle_series,true,Unknown,Ybus EMT reconstruction using exact complex bus-voltage phasors when available; otherwise diagnostic fallback
2.27,0.009771182632331232,0.0015755512036743635,0.009771182632331232,0.0015755512036743635,0.009771182632331232,0.0015755512036743635,-6.270228817367662,-1.0284244487963283,-6.279999999999993,-1.0300000000000027,0.0,0.0,Vmag_get_voltage_magnitude_series__angle_get_voltage_angle_series,true,Unknown,Ybus EMT reconstruction using exact complex bus-voltage phasors when available; otherwise diagnostic fallback
2.28,0.009755844911935263,0.0015730354408407532,0.009755844911935263,0.0015730354408407532,0.009755844911935263,0.0015730354408407532,-6.270244155088058,-1.028426964559162,-6.279999999999993,-1.0300000000000027,0.0,0.0,Vmag_get_voltage_magnitude_series__angle_get_voltage_angle_series,true,Unknown,Ybus EMT reconstruction using exact complex bus-voltage phasors when available; otherwise diagnostic fallback
2.29,0.009741022722821846,0.001570604235926254,0.009741022722821846,0.001570604235926254,0.009741022722821846,0.001570604235926254,-6.270258977277171,-1.0284293957640764,-6.279999999999993,-1.0300000000000027,0.0,0.0,Vmag_get_voltage_magnitude_series__angle_get_voltage_angle_series,true,Unknown,Ybus EMT reconstruction using exact complex bus-voltage phasors when available; otherwise diagnostic fallback
2.3,0.00972672844239586,0.001568259619300294,0.00972672844239586,0.001568259619300294,0.00972672844239586,0.001568259619300294,-6.270273271557597,-1.0284317403807024,-6.279999999999993,-1.0300000000000027,0.0,0.0,Vmag_get_voltage_magnitude_series__angle_get_voltage_angle_series,true,Unknown,Ybus EMT reconstruction using exact complex bus-voltage phasors when available; otherwise diagnostic fallback
2.31,0.009712971589687314,0.0015660031523856421,0.009712971589687314,0.0015660031523856421,0.009712971589687314,0.0015660031523856421,-6.270287028410306,-1.028433996847617,-6.279999999999993,-1.0300000000000027,0.0,0.0,Vmag_get_voltage_magnitude_series__angle_get_voltage_angle_series,true,Unknown,Ybus EMT reconstruction using exact complex bus-voltage phasors when available; otherwise diagnostic fallback
2.32,0.009699758876942965,0.0015638359364158472,0.009699758876942965,0.0015638359364158472,0.009699758876942965,0.0015638359364158472,-6.27030024112305,-1.0284361640635868,-6.279999999999993,-1.0300000000000027,0.0,0.0,Vmag_get_voltage_magnitude_series__angle_get_voltage_angle_series,true,Unknown,Ybus EMT reconstruction using exact complex bus-voltage phasors when available; otherwise diagnostic fallback
2.33,0.009687094272472052,0.0015617586222760327,0.009687094272472052,0.0015617586222760327,0.009687094272472052,0.0015617586222760327,-6.270312905727521,-1.0284382413777267,-6.279999999999993,-1.0300000000000027,0.0,0.0,Vmag_get_voltage_magnitude_series__angle_get_voltage_angle_series,true,Unknown,Ybus EMT reconstruction using exact complex bus-voltage phasors when available; otherwise diagnostic fallback
2.34,0.009674979083083457,0.0015597714245028094,0.009674979083083457,0.0015597714245028094,0.009674979083083457,0.0015597714245028094,-6.27032502091691,-1.0284402285754999,-6.279999999999993,-1.0300000000000027,0.0,0.0,Vmag_get_voltage_magnitude_series__angle_get_voltage_angle_series,true,Unknown,Ybus EMT reconstruction using exact complex bus-voltage phasors when available; otherwise diagnostic fallback
2.35,0.009663412049631503,0.001557874136711046,0.009663412049631503,0.001557874136711046,0.009663412049631503,0.001557874136711046,-6.270336587950362,-1.0284421258632916,-6.279999999999993,-1.0300000000000027,0.0,0.0,Vmag_get_voltage_magnitude_series__angle_get_voltage_angle_series,true,Unknown,Ybus EMT reconstruction using exact complex bus-voltage phasors when available; otherwise diagnostic fallback
2.36,0.009652389453775001,0.0015560661490556793,0.009652389453775001,0.0015560661490556793,0.009652389453775001,0.0015560661490556793,-6.270347610546218,-1.028443933850947,-6.279999999999993,-1.0300000000000027,0.0,0.0,Vmag_get_voltage_magnitude_series__angle_get_voltage_angle_series,true,Unknown,Ybus EMT reconstruction using exact complex bus-voltage phasors when available; otherwise diagnostic fallback
2.37,0.00964190523877928,0.00155434646834407,0.00964190523877928,0.00155434646834407,0.00964190523877928,0.00155434646834407,-6.270358094761214,-1.0284456535316586,-6.279999999999993,-1.0300000000000027,0.0,0.0,Vmag_get_voltage_magnitude_series__angle_get_voltage_angle_series,true,Unknown,Ybus EMT reconstruction using exact complex bus-voltage phasors when available; otherwise diagnostic fallback
2.38,0.009631951138471706,0.001552713738744771,0.009631951138471706,0.001552713738744771,0.009631951138471706,0.001552713738744771,-6.270368048861521,-1.028447286261258,-6.279999999999993,-1.0300000000000027,0.0,0.0,Vmag_get_voltage_magnitude_series__angle_get_voltage_angle_series,true,Unknown,Ybus EMT reconstruction using exact complex bus-voltage phasors when available; otherwise diagnostic fallback
2.39,0.009622516817929139,0.0015511662651908065,0.009622516817929139,0.0015511662651908065,0.009622516817929139,0.0015511662651908065,-6.270377483182064,-1.0284488337348119,-6.279999999999993,-1.0300000000000027,0.0,0.0,Vmag_get_voltage_magnitude_series__angle_get_voltage_angle_series,true,Unknown,Ybus EMT reconstruction using exact complex bus-voltage phasors when available; otherwise diagnostic fallback
2.4,0.00961359001852724,0.001549702037078049,0.00961359001852724,0.001549702037078049,0.00961359001852724,0.001549702037078049,-6.270386409981466,-1.0284502979629246,-6.279999999999993,-1.0300000000000027,0.0,0.0,Vmag_get_voltage_magnitude_series__angle_get_voltage_angle_series,true,Unknown,Ybus EMT reconstruction using exact complex bus-voltage phasors when available; otherwise diagnostic fallback
2.41,0.009605156712265916,0.0015483187536375898,0.009605156712265916,0.0015483187536375898,0.009605156712265916,0.0015483187536375898,-6.270394843287727,-1.028451681246365,-6.279999999999993,-1.0300000000000027,0.0,0.0,Vmag_get_voltage_magnitude_series__angle_get_voltage_angle_series,true,Unknown,Ybus EMT reconstruction using exact complex bus-voltage phasors when available; otherwise diagnostic fallback
2.42,0.009597201260196364,0.0015470138497410968,0.009597201260196364,0.0015470138497410968,0.009597201260196364,0.0015470138497410968,-6.270402798739797,-1.0284529861502616,-6.279999999999993,-1.0300000000000027,0.0,0.0,Vmag_get_voltage_magnitude_series__angle_get_voltage_angle_series,true,Unknown,Ybus EMT reconstruction using exact complex bus-voltage phasors when available; otherwise diagnostic fallback
2.43,0.009589706574500312,0.0015457845227035971,0.009589706574500312,0.0015457845227035971,0.009589706574500312,0.0015457845227035971,-6.270410293425493,-1.028454215477299,-6.279999999999993,-1.0300000000000027,0.0,0.0,Vmag_get_voltage_magnitude_series__angle_get_voltage_angle_series,true,Unknown,Ybus EMT reconstruction using exact complex bus-voltage phasors when available; otherwise diagnostic fallback
2.44,0.009582654283529557,0.0015446277591688595,0.009582654283529557,0.0015446277591688595,0.009582654283529557,0.0015446277591688595,-6.270417345716464,-1.0284553722408338,-6.279999999999993,-1.0300000000000027,0.0,0.0,Vmag_get_voltage_magnitude_series__angle_get_voltage_angle_series,true,Unknown,Ybus EMT reconstruction using exact complex bus-voltage phasors when available; otherwise diagnostic fallback
2.45,0.00957602489792908,0.0015435403625596589,0.00957602489792908,0.0015435403625596589,0.00957602489792908,0.0015435403625596589,-6.270423975102064,-1.028456459637443,-6.279999999999993,-1.0300000000000027,0.0,0.0,Vmag_get_voltage_magnitude_series__angle_get_voltage_angle_series,true,Unknown,Ybus EMT reconstruction using exact complex bus-voltage phasors when available; otherwise diagnostic fallback
2.46,0.009569797978190131,0.0015425189803304207,0.009569797978190131,0.0015425189803304207,0.009569797978190131,0.0015425189803304207,-6.270430202021803,-1.0284574810196723,-6.279999999999993,-1.0300000000000027,0.0,0.0,Vmag_get_voltage_magnitude_series__angle_get_voltage_angle_series,true,Unknown,Ybus EMT reconstruction using exact complex bus-voltage phasors when available; otherwise diagnostic fallback
2.47,0.009563952299419753,0.0015415601311035143,0.009563952299419753,0.0015415601311035143,0.009563952299419753,0.0015415601311035143,-6.270436047700573,-1.0284584398688992,-6.279999999999993,-1.0300000000000027,0.0,0.0,Vmag_get_voltage_magnitude_series__angle_get_voltage_angle_series,true,Unknown,Ybus EMT reconstruction using exact complex bus-voltage phasors when available; otherwise diagnostic fallback
2.48,0.009558466015620937,0.0015406602317631357,0.009558466015620937,0.0015406602317631357,0.009558466015620937,0.0015406602317631357,-6.270441533984372,-1.0284593397682396,-6.279999999999993,-1.0300000000000027,0.0,0.0,Vmag_get_voltage_magnitude_series__angle_get_voltage_angle_series,true,Unknown,Ybus EMT reconstruction using exact complex bus-voltage phasors when available; otherwise diagnostic fallback
2.49,0.00955331682105598,0.0015398156236092753,0.00955331682105598,0.0015398156236092753,0.00955331682105598,0.0015398156236092753,-6.270446683178937,-1.0284601843763934,-6.279999999999993,-1.0300000000000027,0.0,0.0,Vmag_get_voltage_magnitude_series__angle_get_voltage_angle_series,true,Unknown,Ybus EMT reconstruction using exact complex bus-voltage phasors when available; otherwise diagnostic fallback
2.5,0.009548482106494838,0.001539022598194828,0.009548482106494838,0.001539022598194828,0.009548482106494838,0.001539022598194828,-6.270451517893498,-1.0284609774018079,-6.279999999999993,-1.0300000000000027,0.0,0.0,Vmag_get_voltage_magnitude_series__angle_get_voltage_angle_series,true,Unknown,Ybus EMT reconstruction using exact complex bus-voltage phasors when available; otherwise diagnostic fallback
2.51,0.009543939112125699,0.0015382774225103368,0.009543939112125699,0.0015382774225103368,0.009543939112125699,0.0015382774225103368,-6.2704560608878674,-1.0284617225774924,-6.279999999999993,-1.0300000000000027,0.0,0.0,Vmag_get_voltage_magnitude_series__angle_get_voltage_angle_series,true,Unknown,Ybus EMT reconstruction using exact complex bus-voltage phasors when available; otherwise diagnostic fallback
2.52,0.009539665073931225,0.0015375763626515049,0.009539665073931225,0.0015375763626515049,0.009539665073931225,0.0015375763626515049,-6.270460334926062,-1.0284624236373512,-6.279999999999993,-1.0300000000000027,0.0,0.0,Vmag_get_voltage_magnitude_series__angle_get_voltage_angle_series,true,Unknown,Ybus EMT reconstruction using exact complex bus-voltage phasors when available; otherwise diagnostic fallback
2.53,0.009535637364001204,0.0015369157071953854,0.009535637364001204,0.0015369157071953854,0.009535637364001204,0.0015369157071953854,-6.270464362635992,-1.0284630842928073,-6.279999999999993,-1.0300000000000027,0.0,0.0,Vmag_get_voltage_magnitude_series__angle_get_voltage_angle_series,true,Unknown,Ybus EMT reconstruction using exact complex bus-voltage phasors when available; otherwise diagnostic fallback
2.54,0.009531833624070174,0.0015362917887098426,0.009531833624070174,0.0015362917887098426,0.009531833624070174,0.0015362917887098426,-6.270468166375923,-1.0284637082112928,-6.279999999999993,-1.0300000000000027,0.0,0.0,Vmag_get_voltage_magnitude_series__angle_get_voltage_angle_series,true,Unknown,Ybus EMT reconstruction using exact complex bus-voltage phasors when available; otherwise diagnostic fallback
2.55,0.009528231890910455,0.001535701004866885,0.009528231890910455,0.001535701004866885,0.009528231890910455,0.001535701004866885,-6.270471768109083,-1.0284642989951358,-6.279999999999993,-1.0300000000000027,0.0,0.0,Vmag_get_voltage_magnitude_series__angle_get_voltage_angle_series,true,Unknown,Ybus EMT reconstruction using exact complex bus-voltage phasors when available; otherwise diagnostic fallback
2.56,0.009524810714371057,0.0015351398372633884,0.009524810714371057,0.0015351398372633884,0.009524810714371057,0.0015351398372633884,-6.270475189285622,-1.0284648601627393,-6.279999999999993,-1.0300000000000027,0.0,0.0,Vmag_get_voltage_magnitude_series__angle_get_voltage_angle_series,true,Unknown,Ybus EMT reconstruction using exact complex bus-voltage phasors when available; otherwise diagnostic fallback
2.57,0.00952154926574078,0.0015346048694446779,0.00952154926574078,0.0015346048694446779,0.00952154926574078,0.0015346048694446779,-6.270478450734252,-1.028465395130558,-6.279999999999993,-1.0300000000000027,0.0,0.0,Vmag_get_voltage_magnitude_series__angle_get_voltage_angle_series,true,Unknown,Ybus EMT reconstruction using exact complex bus-voltage phasors when available; otherwise diagnostic fallback
2.58,0.009518427438496957,0.0015340928035103563,0.009518427438496957,0.0015340928035103563,0.009518427438496957,0.0015340928035103563,-6.270481572561496,-1.0284659071964923,-6.279999999999993,-1.0300000000000027,0.0,0.0,Vmag_get_voltage_magnitude_series__angle_get_voltage_angle_series,true,Unknown,Ybus EMT reconstruction using exact complex bus-voltage phasors when available; otherwise diagnostic fallback
2.59,0.00951542593869803,0.0015336004747243948,0.00951542593869803,0.0015336004747243948,0.00951542593869803,0.0015336004747243948,-6.270484574061295,-1.0284663995252783,-6.279999999999993,-1.0300000000000027,0.0,0.0,Vmag_get_voltage_magnitude_series__angle_get_voltage_angle_series,true,Unknown,Ybus EMT reconstruction using exact complex bus-voltage phasors when available; otherwise diagnostic fallback
2.6,0.009512526366252771,0.0015331248650680696,0.009512526366252771,0.0015331248650680696,0.009512526366252771,0.0015331248650680696,-6.27048747363374,-1.0284668751349346,-6.279999999999993,-1.0300000000000027,0.0,0.0,Vmag_get_voltage_magnitude_series__angle_get_voltage_angle_series,true,Unknown,Ybus EMT reconstruction using exact complex bus-voltage phasors when available; otherwise diagnostic fallback
2.61,0.009509711287338796,0.0015326631149323866,0.009509711287338796,0.0015326631149323866,0.009509711287338796,0.0015326631149323866,-6.270490288712654,-1.0284673368850703,-6.279999999999993,-1.0300000000000027,0.0,0.0,Vmag_get_voltage_magnitude_series__angle_get_voltage_angle_series,true,Unknown,Ybus EMT reconstruction using exact complex bus-voltage phasors when available; otherwise diagnostic fallback
2.62,0.00950696429568687,0.0015322125332719594,0.00950696429568687,0.0015322125332719594,0.00950696429568687,0.0015322125332719594,-6.270493035704306,-1.0284677874667307,-6.279999999999993,-1.0300000000000027,0.0,0.0,Vmag_get_voltage_magnitude_series__angle_get_voltage_angle_series,true,Unknown,Ybus EMT reconstruction using exact complex bus-voltage phasors when available; otherwise diagnostic fallback
2.63,0.009504270065237463,0.0015317706062034642,0.009504270065237463,0.0015317706062034642,0.009504270065237463,0.0015317706062034642,-6.270495729934756,-1.0284682293937992,-6.279999999999993,-1.0300000000000027,0.0,0.0,Vmag_get_voltage_magnitude_series__angle_get_voltage_angle_series,true,Unknown,Ybus EMT reconstruction using exact complex bus-voltage phasors when available; otherwise diagnostic fallback
2.64,0.009501614393415458,0.0015313350041228357,0.009501614393415458,0.0015313350041228357,0.009501614393415458,0.0015313350041228357,-6.270498385606578,-1.0284686649958799,-6.279999999999993,-1.0300000000000027,0.0,0.0,Vmag_get_voltage_magnitude_series__angle_get_voltage_angle_series,true,Unknown,Ybus EMT reconstruction using exact complex bus-voltage phasors when available; otherwise diagnostic fallback
2.65,0.009498984233628605,0.00153090358704433,0.009498984233628605,0.00153090358704433,0.009498984233628605,0.00153090358704433,-6.2705010157663645,-1.0284690964129584,-6.279999999999993,-1.0300000000000027,0.0,0.0,Vmag_get_voltage_magnitude_series__angle_get_voltage_angle_series,true,Unknown,Ybus EMT reconstruction using exact complex bus-voltage phasors when available; otherwise diagnostic fallback
2.66,0.009496367719695087,0.0015304744086510613,0.009496367719695087,0.0015304744086510613,0.009496367719695087,0.0015304744086510613,-6.270503632280298,-1.0284695255913516,-6.279999999999993,-1.0300000000000027,0.0,0.0,Vmag_get_voltage_magnitude_series__angle_get_voltage_angle_series,true,Unknown,Ybus EMT reconstruction using exact complex bus-voltage phasors when available; otherwise diagnostic fallback
2.67,0.00949375418045939,0.0015300457184852512,0.00949375418045939,0.0015300457184852512,0.00949375418045939,0.0015300457184852512,-6.270506245819534,-1.0284699542815174,-6.279999999999993,-1.0300000000000027,0.0,0.0,Vmag_get_voltage_magnitude_series__angle_get_voltage_angle_series,true,Unknown,Ybus EMT reconstruction using exact complex bus-voltage phasors when available; otherwise diagnostic fallback
2.68,0.009491134146102809,0.0015296159632891548,0.009491134146102809,0.0015296159632891548,0.009491134146102809,0.0015296159632891548,-6.27050886585389,-1.0284703840367135,-6.279999999999993,-1.0300000000000027,0.0,0.0,Vmag_get_voltage_magnitude_series__angle_get_voltage_angle_series,true,Unknown,Ybus EMT reconstruction using exact complex bus-voltage phasors when available; otherwise diagnostic fallback
2.69,0.009488499345687629,0.0015291837863669056,0.009488499345687629,0.0015291837863669056,0.009488499345687629,0.0015291837863669056,-6.2705115006543055,-1.0284708162136358,-6.279999999999993,-1.0300000000000027,0.0,0.0,Vmag_get_voltage_magnitude_series__angle_get_voltage_angle_series,true,Unknown,Ybus EMT reconstruction using exact complex bus-voltage phasors when available; otherwise diagnostic fallback
2.7,0.009485842696197011,0.001528748025899196,0.009485842696197011,0.001528748025899196,0.009485842696197011,0.001528748025899196,-6.270514157303796,-1.0284712519741035,-6.279999999999993,-1.0300000000000027,0.0,0.0,Vmag_get_voltage_magnitude_series__angle_get_voltage_angle_series,true,Unknown,Ybus EMT reconstruction using exact complex bus-voltage phasors when available; otherwise diagnostic fallback
2.71,0.009483158285350513,0.0015283077121353017,0.009483158285350513,0.0015283077121353017,0.009483158285350513,0.0015283077121353017,-6.270516841714643,-1.0284716922878674,-6.279999999999993,-1.0300000000000027,0.0,0.0,Vmag_get_voltage_magnitude_series__angle_get_voltage_angle_series,true,Unknown,Ybus EMT reconstruction using exact complex bus-voltage phasors when available; otherwise diagnostic fallback
2.72,0.00948044134559023,0.0015278620629097794,0.00948044134559023,0.0015278620629097794,0.00948044134559023,0.0015278620629097794,-6.270519558654403,-1.028472137937093,-6.279999999999993,-1.0300000000000027,0.0,0.0,Vmag_get_voltage_magnitude_series__angle_get_voltage_angle_series,true,Unknown,Ybus EMT reconstruction using exact complex bus-voltage phasors when available; otherwise diagnostic fallback
2.73,0.009477688221992686,0.001527410478837199,0.009477688221992686,0.001527410478837199,0.009477688221992686,0.001527410478837199,-6.2705223117780005,-1.0284725895211655,-6.279999999999993,-1.0300000000000027,0.0,0.0,Vmag_get_voltage_magnitude_series__angle_get_voltage_angle_series,true,Unknown,Ybus EMT reconstruction using exact complex bus-voltage phasors when available; otherwise diagnostic fallback
2.74,0.009474896334696226,0.001526952536624382,0.009474896334696226,0.001526952536624382,0.009474896334696226,0.001526952536624382,-6.270525103665297,-1.0284730474633783,-6.279999999999993,-1.0300000000000027,0.0,0.0,Vmag_get_voltage_magnitude_series__angle_get_voltage_angle_series,true,Unknown,Ybus EMT reconstruction using exact complex bus-voltage phasors when available; otherwise diagnostic fallback
2.75,0.009472064134497415,0.0015264879821406119,0.009472064134497415,0.0015264879821406119,0.009472064134497415,0.0015264879821406119,-6.270527935865496,-1.028473512017862,-6.279999999999993,-1.0300000000000027,0.0,0.0,Vmag_get_voltage_magnitude_series__angle_get_voltage_angle_series,true,Unknown,Ybus EMT reconstruction using exact complex bus-voltage phasors when available; otherwise diagnostic fallback
2.76,0.009469191053971926,0.0015260167223041243,0.009469191053971926,0.0015260167223041243,0.009469191053971926,0.0015260167223041243,-6.270530808946021,-1.0284739832776986,-6.279999999999993,-1.0300000000000027,0.0,0.0,Vmag_get_voltage_magnitude_series__angle_get_voltage_angle_series,true,Unknown,Ybus EMT reconstruction using exact complex bus-voltage phasors when available; otherwise diagnostic fallback
2.77,0.00946627745396178,0.0015255388163408767,0.00946627745396178,0.0015255388163408767,0.00946627745396178,0.0015255388163408767,-6.270533722546031,-1.0284744611836618,-6.279999999999993,-1.0300000000000027,0.0,0.0,Vmag_get_voltage_magnitude_series__angle_get_voltage_angle_series,true,Unknown,Ybus EMT reconstruction using exact complex bus-voltage phasors when available; otherwise diagnostic fallback
2.78,0.009463324566254983,0.0015250544660381227,0.009463324566254983,0.0015250544660381227,0.009463324566254983,0.0015250544660381227,-6.270536675433738,-1.0284749455339646,-6.279999999999993,-1.0300000000000027,0.0,0.0,Vmag_get_voltage_magnitude_series__angle_get_voltage_angle_series,true,Unknown,Ybus EMT reconstruction using exact complex bus-voltage phasors when available; otherwise diagnostic fallback
2.79,0.009460334432334072,0.0015245640063894506,0.009460334432334072,0.0015245640063894506,0.009460334432334072,0.0015245640063894506,-6.270539665567659,-1.0284754359936132,-6.279999999999993,-1.0300000000000027,0.0,0.0,Vmag_get_voltage_magnitude_series__angle_get_voltage_angle_series,true,Unknown,Ybus EMT reconstruction using exact complex bus-voltage phasors when available; otherwise diagnostic fallback
2.8,0.009457309839979722,0.0015240678945220854,0.009457309839979722,0.0015240678945220854,0.009457309839979722,0.0015240678945220854,-6.270542690160013,-1.0284759321054806,-6.279999999999993,-1.0300000000000027,0.0,0.0,Vmag_get_voltage_magnitude_series__angle_get_voltage_angle_series,true,Unknown,Ybus EMT reconstruction using exact complex bus-voltage phasors when available; otherwise diagnostic fallback
2.81,0.00945425425707569,0.0015235666994231067,0.00945425425707569,0.0015235666994231067,0.00945425425707569,0.0015235666994231067,-6.2705457457429175,-1.0284764333005796,-6.279999999999993,-1.0300000000000027,0.0,0.0,Vmag_get_voltage_magnitude_series__angle_get_voltage_angle_series,true,Unknown,Ybus EMT reconstruction using exact complex bus-voltage phasors when available; otherwise diagnostic fallback
2.82,0.009451171764042421,0.0015230610901124653,0.009451171764042421,0.0015230610901124653,0.009451171764042421,0.0015230610901124653,-6.270548828235951,-1.0284769389098902,-6.279999999999993,-1.0300000000000027,0.0,0.0,Vmag_get_voltage_magnitude_series__angle_get_voltage_angle_series,true,Unknown,Ybus EMT reconstruction using exact complex bus-voltage phasors when available; otherwise diagnostic fallback
2.83,0.0094480669851702,0.0015225518251533732,0.0094480669851702,0.0015225518251533732,0.0094480669851702,0.0015225518251533732,-6.270551933014823,-1.0284774481748493,-6.279999999999993,-1.0300000000000027,0.0,0.0,Vmag_get_voltage_magnitude_series__angle_get_voltage_angle_series,true,Unknown,Ybus EMT reconstruction using exact complex bus-voltage phasors when available; otherwise diagnostic fallback
2.84,0.009444945018735496,0.0015220397408020059,0.009444945018735496,0.0015220397408020059,0.009444945018735496,0.0015220397408020059,-6.270555054981258,-1.0284779602592007,-6.279999999999993,-1.0300000000000027,0.0,0.0,Vmag_get_voltage_magnitude_series__angle_get_voltage_angle_series,true,Unknown,Ybus EMT reconstruction using exact complex bus-voltage phasors when available; otherwise diagnostic fallback
2.85,0.009441811367989494,0.001521525739673013,0.009441811367989494,0.001521525739673013,0.009441811367989494,0.001521525739673013,-6.270558188632004,-1.0284784742603297,-6.279999999999993,-1.0300000000000027,0.0,0.0,Vmag_get_voltage_magnitude_series__angle_get_voltage_angle_series,true,Unknown,Ybus EMT reconstruction using exact complex bus-voltage phasors when available; otherwise diagnostic fallback
2.86,0.009438671871991211,0.001521010779515608,0.009438671871991211,0.001521010779515608,0.009438671871991211,0.001521010779515608,-6.270561328128002,-1.028478989220487,-6.279999999999993,-1.0300000000000027,0.0,0.0,Vmag_get_voltage_magnitude_series__angle_get_voltage_angle_series,true,Unknown,Ybus EMT reconstruction using exact complex bus-voltage phasors when available; otherwise diagnostic fallback
2.87,0.009435532636990374,0.0015204958618220132,0.009435532636990374,0.0015204958618220132,0.009435532636990374,0.0015204958618220132,-6.270564467363003,-1.0284795041381807,-6.279999999999993,-1.0300000000000027,0.0,0.0,Vmag_get_voltage_magnitude_series__angle_get_voltage_angle_series,true,Unknown,Ybus EMT reconstruction using exact complex bus-voltage phasors when available; otherwise diagnostic fallback
2.88,0.009432399970045857,0.0015199820211913018,0.009432399970045857,0.0015199820211913018,0.009432399970045857,0.0015199820211913018,-6.270567600029947,-1.0284800179788114,-6.279999999999993,-1.0300000000000027,0.0,0.0,Vmag_get_voltage_magnitude_series__angle_get_voltage_angle_series,true,Unknown,Ybus EMT reconstruction using exact complex bus-voltage phasors when available; otherwise diagnostic fallback
2.89,0.009429280313488775,0.001519470314217175,0.009429280313488775,0.001519470314217175,0.009429280313488775,0.001519470314217175,-6.270570719686504,-1.0284805296857855,-6.279999999999993,-1.0300000000000027,0.0,0.0,Vmag_get_voltage_magnitude_series__angle_get_voltage_angle_series,true,Unknown,Ybus EMT reconstruction using exact complex bus-voltage phasors when available; otherwise diagnostic fallback
2.9,0.009426180182103394,0.0015189618095148294,0.009426180182103394,0.0015189618095148294,0.009426180182103394,0.0015189618095148294,-6.27057381981789,-1.0284810381904879,-6.279999999999993,-1.0300000000000027,0.0,0.0,Vmag_get_voltage_magnitude_series__angle_get_voltage_angle_series,true,Unknown,Ybus EMT reconstruction using exact complex bus-voltage phasors when available; otherwise diagnostic fallback
2.91,0.009423106102493861,0.0015184575776110432,0.009423106102493861,0.0015184575776110432,0.009423106102493861,0.0015184575776110432,-6.270576893897499,-1.0284815424223916,-6.279999999999993,-1.0300000000000027,0.0,0.0,Vmag_get_voltage_magnitude_series__angle_get_voltage_angle_series,true,Unknown,Ybus EMT reconstruction using exact complex bus-voltage phasors when available; otherwise diagnostic fallback
2.92,0.009420064555193619,0.0015179586814795254,0.009420064555193619,0.0015179586814795254,0.009420064555193619,0.0015179586814795254,-6.2705799354447995,-1.0284820413185232,-6.279999999999993,-1.0300000000000027,0.0,0.0,Vmag_get_voltage_magnitude_series__angle_get_voltage_angle_series,true,Unknown,Ybus EMT reconstruction using exact complex bus-voltage phasors when available; otherwise diagnostic fallback
2.93,0.009417061920363068,0.001517466167580972,0.009417061920363068,0.001517466167580972,0.009417061920363068,0.001517466167580972,-6.27058293807963,-1.0284825338324217,-6.279999999999993,-1.0300000000000027,0.0,0.0,Vmag_get_voltage_magnitude_series__angle_get_voltage_angle_series,true,Unknown,Ybus EMT reconstruction using exact complex bus-voltage phasors when available; otherwise diagnostic fallback
2.94,0.009414104426012315,0.001516981057512412,0.009414104426012315,0.001516981057512412,0.009414104426012315,0.001516981057512412,-6.270585895573981,-1.0284830189424903,-6.279999999999993,-1.0300000000000027,0.0,0.0,Vmag_get_voltage_magnitude_series__angle_get_voltage_angle_series,true,Unknown,Ybus EMT reconstruction using exact complex bus-voltage phasors when available; otherwise diagnostic fallback
2.95,0.009411198100637286,0.0015165043400078293,0.009411198100637286,0.0015165043400078293,0.009411198100637286,0.0015165043400078293,-6.270588801899356,-1.0284834956599949,-6.279999999999993,-1.0300000000000027,0.0,0.0,Vmag_get_voltage_magnitude_series__angle_get_voltage_angle_series,true,Unknown,Ybus EMT reconstruction using exact complex bus-voltage phasors when available; otherwise diagnostic fallback
2.96,0.00940834872900087,0.001516036963970624,0.00940834872900087,0.001516036963970624,0.00940834872900087,0.001516036963970624,-6.270591651270992,-1.028483963036032,-6.279999999999993,-1.0300000000000027,0.0,0.0,Vmag_get_voltage_magnitude_series__angle_get_voltage_angle_series,true,Unknown,Ybus EMT reconstruction using exact complex bus-voltage phasors when available; otherwise diagnostic fallback
2.97,0.009405561811979268,0.0015155798316364155,0.009405561811979268,0.0015155798316364155,0.009405561811979268,0.0015155798316364155,-6.270594438188014,-1.0284844201683663,-6.279999999999993,-1.0300000000000027,0.0,0.0,Vmag_get_voltage_magnitude_series__angle_get_voltage_angle_series,true,Unknown,Ybus EMT reconstruction using exact complex bus-voltage phasors when available; otherwise diagnostic fallback
2.98,0.009402842530692901,0.0015151337929715236,0.009402842530692901,0.0015151337929715236,0.009402842530692901,0.0015151337929715236,-6.2705971574693,-1.0284848662070312,-6.279999999999993,-1.0300000000000027,0.0,0.0,Vmag_get_voltage_magnitude_series__angle_get_voltage_angle_series,true,Unknown,Ybus EMT reconstruction using exact complex bus-voltage phasors when available; otherwise diagnostic fallback
2.99,0.009400195714227344,0.0015146996400423607,0.009400195714227344,0.0015146996400423607,0.009400195714227344,0.0015146996400423607,-6.270599804285766,-1.0284853003599603,-6.279999999999993,-1.0300000000000027,0.0,0.0,Vmag_get_voltage_magnitude_series__angle_get_voltage_angle_series,true,Unknown,Ybus EMT reconstruction using exact complex bus-voltage phasors when available; otherwise diagnostic fallback
3.0,0.00939762581196213,0.0015142781024788388,0.00939762581196213,0.0015142781024788388,0.00939762581196213,0.0015142781024788388,-6.270602374188031,-1.0284857218975239,-6.279999999999993,-1.0300000000000027,0.0,0.0,Vmag_get_voltage_magnitude_series__angle_get_voltage_angle_series,true,Unknown,Ybus EMT reconstruction using exact complex bus-voltage phasors when available; otherwise diagnostic fallback
3.01,0.009395136869743581,0.001513869844191218,0.009395136869743581,0.001513869844191218,0.009395136869743581,0.001513869844191218,-6.27060486313025,-1.0284861301558115,-6.279999999999993,-1.0300000000000027,0.0,0.0,Vmag_get_voltage_magnitude_series__angle_get_voltage_angle_series,true,Unknown,Ybus EMT reconstruction using exact complex bus-voltage phasors when available; otherwise diagnostic fallback
3.02,0.009392732510268509,0.0015134754591086264,0.009392732510268509,0.0015134754591086264,0.009392732510268509,0.0015134754591086264,-6.270607267489725,-1.028486524540894,-6.279999999999993,-1.0300000000000027,0.0,0.0,Vmag_get_voltage_magnitude_series__angle_get_voltage_angle_series,true,Unknown,Ybus EMT reconstruction using exact complex bus-voltage phasors when available; otherwise diagnostic fallback
3.03,0.009390415917958528,0.0015130954698856502,0.009390415917958528,0.0015130954698856502,0.009390415917958528,0.0015130954698856502,-6.270609584082035,-1.028486904530117,-6.279999999999993,-1.0300000000000027,0.0,0.0,Vmag_get_voltage_magnitude_series__angle_get_voltage_angle_series,true,Unknown,Ybus EMT reconstruction using exact complex bus-voltage phasors when available; otherwise diagnostic fallback
3.04,0.00938818982695544,0.00151273032479593,0.00938818982695544,0.00151273032479593,0.00938818982695544,0.00151273032479593,-6.270611810173038,-1.0284872696752068,-6.279999999999993,-1.0300000000000027,0.0,0.0,Vmag_get_voltage_magnitude_series__angle_get_voltage_angle_series,true,Unknown,Ybus EMT reconstruction using exact complex bus-voltage phasors when available; otherwise diagnostic fallback
3.05,0.009386056513990937,0.0015123803972987293,0.009386056513990937,0.0015123803972987293,0.009386056513990937,0.0015123803972987293,-6.270613943486002,-1.028487619602704,-6.279999999999993,-1.0300000000000027,0.0,0.0,Vmag_get_voltage_magnitude_series__angle_get_voltage_angle_series,true,Unknown,Ybus EMT reconstruction using exact complex bus-voltage phasors when available; otherwise diagnostic fallback
3.06,0.009384017794777044,0.0015120459853008583,0.009384017794777044,0.0015120459853008583,0.009384017794777044,0.0015120459853008583,-6.270615982205216,-1.0284879540147018,-6.279999999999993,-1.0300000000000027,0.0,0.0,Vmag_get_voltage_magnitude_series__angle_get_voltage_angle_series,true,Unknown,Ybus EMT reconstruction using exact complex bus-voltage phasors when available; otherwise diagnostic fallback
3.07,0.009382075023482095,0.0015117273109335194,0.009382075023482095,0.0015117273109335194,0.009382075023482095,0.0015117273109335194,-6.270617924976511,-1.0284882726890692,-6.279999999999993,-1.0300000000000027,0.0,0.0,Vmag_get_voltage_magnitude_series__angle_get_voltage_angle_series,true,Unknown,Ybus EMT reconstruction using exact complex bus-voltage phasors when available; otherwise diagnostic fallback
3.08,0.009380229096601411,0.0015114245212433097,0.009380229096601411,0.0015114245212433097,0.009380229096601411,0.0015114245212433097,-6.270619770903392,-1.0284885754787594,-6.279999999999993,-1.0300000000000027,0.0,0.0,Vmag_get_voltage_magnitude_series__angle_get_voltage_angle_series,true,Unknown,Ybus EMT reconstruction using exact complex bus-voltage phasors when available; otherwise diagnostic fallback
3.09,0.009378480459671046,0.001511137689351294,0.009378480459671046,0.001511137689351294,0.009378480459671046,0.001511137689351294,-6.270621519540322,-1.0284888623106514,-6.279999999999993,-1.0300000000000027,0.0,0.0,Vmag_get_voltage_magnitude_series__angle_get_voltage_angle_series,true,Unknown,Ybus EMT reconstruction using exact complex bus-voltage phasors when available; otherwise diagnostic fallback
3.1,0.009376829116967578,0.001510866815958467,0.009376829116967578,0.001510866815958467,0.009376829116967578,0.001510866815958467,-6.270623170883026,-1.0284891331840442,-6.279999999999993,-1.0300000000000027,0.0,0.0,Vmag_get_voltage_magnitude_series__angle_get_voltage_angle_series,true,Unknown,Ybus EMT reconstruction using exact complex bus-voltage phasors when available; otherwise diagnostic fallback
3.11,0.00937527464436183,0.001510611831541775,0.00937527464436183,0.001510611831541775,0.00937527464436183,0.001510611831541775,-6.270624725355631,-1.028489388168461,-6.279999999999993,-1.0300000000000027,0.0,0.0,Vmag_get_voltage_magnitude_series__angle_get_voltage_angle_series,true,Unknown,Ybus EMT reconstruction using exact complex bus-voltage phasors when available; otherwise diagnostic fallback
3.12,0.009373816204999663,0.0015103725987979377,0.009373816204999663,0.0015103725987979377,0.009373816204999663,0.0015103725987979377,-6.2706261837949935,-1.0284896274012048,-6.279999999999993,-1.0300000000000027,0.0,0.0,Vmag_get_voltage_magnitude_series__angle_get_voltage_angle_series,true,Unknown,Ybus EMT reconstruction using exact complex bus-voltage phasors when available; otherwise diagnostic fallback
3.13,0.009372452566917211,0.001510148915700782,0.009372452566917211,0.001510148915700782,0.009372452566917211,0.001510148915700782,-6.270627547433076,-1.028489851084302,-6.279999999999993,-1.0300000000000027,0.0,0.0,Vmag_get_voltage_magnitude_series__angle_get_voltage_angle_series,true,Unknown,Ybus EMT reconstruction using exact complex bus-voltage phasors when available; otherwise diagnostic fallback
3.14,0.009371182123211419,0.0015099405187639636,0.009371182123211419,0.0015099405187639636,0.009371182123211419,0.0015099405187639636,-6.270628817876782,-1.0284900594812387,-6.279999999999993,-1.0300000000000027,0.0,0.0,Vmag_get_voltage_magnitude_series__angle_get_voltage_angle_series,true,Unknown,Ybus EMT reconstruction using exact complex bus-voltage phasors when available; otherwise diagnostic fallback
3.15,0.00937000291436263,0.001509747086496649,0.00937000291436263,0.001509747086496649,0.00937000291436263,0.001509747086496649,-6.2706299970856305,-1.028490252913506,-6.279999999999993,-1.0300000000000027,0.0,0.0,Vmag_get_voltage_magnitude_series__angle_get_voltage_angle_series,true,Unknown,Ybus EMT reconstruction using exact complex bus-voltage phasors when available; otherwise diagnostic fallback
3.16,0.00936891265169848,0.0015095682435646296,0.00936891265169848,0.0015095682435646296,0.00936891265169848,0.0015095682435646296,-6.270631087348295,-1.028490431756438,-6.279999999999993,-1.0300000000000027,0.0,0.0,Vmag_get_voltage_magnitude_series__angle_get_voltage_angle_series,true,Unknown,Ybus EMT reconstruction using exact complex bus-voltage phasors when available; otherwise diagnostic fallback
3.17,0.009367908742776265,0.001509403564841083,0.009367908742776265,0.001509403564841083,0.009367908742776265,0.001509403564841083,-6.270632091257217,-1.0284905964351616,-6.279999999999993,-1.0300000000000027,0.0,0.0,Vmag_get_voltage_magnitude_series__angle_get_voltage_angle_series,true,Unknown,Ybus EMT reconstruction using exact complex bus-voltage phasors when available; otherwise diagnostic fallback
3.18,0.009366988317719205,0.0015092525794011546,0.009366988317719205,0.0015092525794011546,0.009366988317719205,0.0015092525794011546,-6.270633011682274,-1.0284907474206015,-6.279999999999993,-1.0300000000000027,0.0,0.0,Vmag_get_voltage_magnitude_series__angle_get_voltage_angle_series,true,Unknown,Ybus EMT reconstruction using exact complex bus-voltage phasors when available; otherwise diagnostic fallback
3.19,0.009366148256752638,0.001509114775765541,0.009366148256752638,0.001509114775765541,0.009366148256752638,0.001509114775765541,-6.2706338517432405,-1.0284908852242372,-6.279999999999993,-1.0300000000000027,0.0,0.0,Vmag_get_voltage_magnitude_series__angle_get_voltage_angle_series,true,Unknown,Ybus EMT reconstruction using exact complex bus-voltage phasors when available; otherwise diagnostic fallback
3.2,0.009365385218086608,0.0015089896057154384,0.009365385218086608,0.0015089896057154384,0.009365385218086608,0.0015089896057154384,-6.2706346147819065,-1.0284910103942873,-6.279999999999993,-1.0300000000000027,0.0,0.0,Vmag_get_voltage_magnitude_series__angle_get_voltage_angle_series,true,Unknown,Ybus EMT reconstruction using exact complex bus-voltage phasors when available; otherwise diagnostic fallback
3.21,0.009364695666513434,0.0015088764894277684,0.009364695666513434,0.0015088764894277684,0.009364695666513434,0.0015088764894277684,-6.27063530433348,-1.028491123510575,-6.279999999999993,-1.0300000000000027,0.0,0.0,Vmag_get_voltage_magnitude_series__angle_get_voltage_angle_series,true,Unknown,Ybus EMT reconstruction using exact complex bus-voltage phasors when available; otherwise diagnostic fallback
3.22,0.009364075902343671,0.001508774820045744,0.009364075902343671,0.001508774820045744,0.009364075902343671,0.001508774820045744,-6.2706359240976495,-1.028491225179957,-6.279999999999993,-1.0300000000000027,0.0,0.0,Vmag_get_voltage_magnitude_series__angle_get_voltage_angle_series,true,Unknown,Ybus EMT reconstruction using exact complex bus-voltage phasors when available; otherwise diagnostic fallback
3.23,0.009363522089978815,0.0015086839684141928,0.009363522089978815,0.0015086839684141928,0.009363522089978815,0.0015086839684141928,-6.270636477910014,-1.0284913160315885,-6.279999999999993,-1.0300000000000027,0.0,0.0,Vmag_get_voltage_magnitude_series__angle_get_voltage_angle_series,true,Unknown,Ybus EMT reconstruction using exact complex bus-voltage phasors when available; otherwise diagnostic fallback
3.24,0.009363030286534624,0.0015086032879396694,0.009363030286534624,0.0015086032879396694,0.009363030286534624,0.0015086032879396694,-6.2706369697134585,-1.028491396712063,-6.279999999999993,-1.0300000000000027,0.0,0.0,Vmag_get_voltage_magnitude_series__angle_get_voltage_angle_series,true,Unknown,Ybus EMT reconstruction using exact complex bus-voltage phasors when available; otherwise diagnostic fallback
3.25,0.009362596470158024,0.0015085321188426093,0.009362596470158024,0.0015085321188426093,0.009362596470158024,0.0015085321188426093,-6.270637403529835,-1.02849146788116,-6.279999999999993,-1.0300000000000027,0.0,0.0,Vmag_get_voltage_magnitude_series__angle_get_voltage_angle_series,true,Unknown,Ybus EMT reconstruction using exact complex bus-voltage phasors when available; otherwise diagnostic fallback
3.26,0.00936221656738212,0.00150846979306829,0.00936221656738212,0.00150846979306829,0.00936221656738212,0.00150846979306829,-6.270637783432611,-1.0284915302069344,-6.279999999999993,-1.0300000000000027,0.0,0.0,Vmag_get_voltage_magnitude_series__angle_get_voltage_angle_series,true,Unknown,Ybus EMT reconstruction using exact complex bus-voltage phasors when available; otherwise diagnostic fallback
3.27,0.009361886480105497,0.001508415638331373,0.009361886480105497,0.001508415638331373,0.009361886480105497,0.001508415638331373,-6.270638113519888,-1.0284915843616713,-6.279999999999993,-1.0300000000000027,0.0,0.0,Vmag_get_voltage_magnitude_series__angle_get_voltage_angle_series,true,Unknown,Ybus EMT reconstruction using exact complex bus-voltage phasors when available; otherwise diagnostic fallback
3.28,0.009361602111312983,0.0015083689826993485,0.009361602111312983,0.0015083689826993485,0.009361602111312983,0.0015083689826993485,-6.27063839788868,-1.0284916310173033,-6.279999999999993,-1.0300000000000027,0.0,0.0,Vmag_get_voltage_magnitude_series__angle_get_voltage_angle_series,true,Unknown,Ybus EMT reconstruction using exact complex bus-voltage phasors when available; otherwise diagnostic fallback
3.29,0.00936135938985938,0.001508329158416144,0.00936135938985938,0.001508329158416144,0.00936135938985938,0.001508329158416144,-6.270638640610134,-1.0284916708415865,-6.279999999999993,-1.0300000000000027,0.0,0.0,Vmag_get_voltage_magnitude_series__angle_get_voltage_angle_series,true,Unknown,Ybus EMT reconstruction using exact complex bus-voltage phasors when available; otherwise diagnostic fallback
3.3,0.009361154294065699,0.0015082955057945657,0.009361154294065699,0.0015082955057945657,0.009361154294065699,0.0015082955057945657,-6.2706388457059274,-1.0284917044942081,-6.279999999999993,-1.0300000000000027,0.0,0.0,Vmag_get_voltage_magnitude_series__angle_get_voltage_angle_series,true,Unknown,Ybus EMT reconstruction using exact complex bus-voltage phasors when available; otherwise diagnostic fallback
3.31,0.009360982873818813,0.001508267376980843,0.009360982873818813,0.001508267376980843,0.009360982873818813,0.001508267376980843,-6.270639017126174,-1.0284917326230218,-6.279999999999993,-1.0300000000000027,0.0,0.0,Vmag_get_voltage_magnitude_series__angle_get_voltage_angle_series,true,Unknown,Ybus EMT reconstruction using exact complex bus-voltage phasors when available; otherwise diagnostic fallback
3.32,0.00936084127138681,0.001508244139158732,0.00936084127138681,0.001508244139158732,0.00936084127138681,0.001508244139158732,-6.270639158728606,-1.028491755860844,-6.279999999999993,-1.0300000000000027,0.0,0.0,Vmag_get_voltage_magnitude_series__angle_get_voltage_angle_series,true,Unknown,Ybus EMT reconstruction using exact complex bus-voltage phasors when available; otherwise diagnostic fallback
3.33,0.009360725740473974,0.0015082251778588684,0.009360725740473974,0.0015082251778588684,0.009360725740473974,0.0015082251778588684,-6.270639274259519,-1.0284917748221438,-6.279999999999993,-1.0300000000000027,0.0,0.0,Vmag_get_voltage_magnitude_series__angle_get_voltage_angle_series,true,Unknown,Ybus EMT reconstruction using exact complex bus-voltage phasors when available; otherwise diagnostic fallback
3.34,0.00936063266393905,0.0015082098998302484,0.00936063266393905,0.0015082098998302484,0.00936063266393905,0.0015082098998302484,-6.270639367336054,-1.0284917901001724,-6.279999999999993,-1.0300000000000027,0.0,0.0,Vmag_get_voltage_magnitude_series__angle_get_voltage_angle_series,true,Unknown,Ybus EMT reconstruction using exact complex bus-voltage phasors when available; otherwise diagnostic fallback
3.35,0.009360558569654565,0.0015081977354751697,0.009360558569654565,0.0015081977354751697,0.009360558569654565,0.0015081977354751697,-6.270639441430339,-1.0284918022645275,-6.279999999999993,-1.0300000000000027,0.0,0.0,Vmag_get_voltage_magnitude_series__angle_get_voltage_angle_series,true,Unknown,Ybus EMT reconstruction using exact complex bus-voltage phasors when available; otherwise diagnostic fallback
3.36,0.009360500144587114,0.001508188141435829,0.009360500144587114,0.001508188141435829,0.009360500144587114,0.001508188141435829,-6.270639499855406,-1.0284918118585669,-6.279999999999993,-1.0300000000000027,0.0,0.0,Vmag_get_voltage_magnitude_series__angle_get_voltage_angle_series,true,Unknown,Ybus EMT reconstruction using exact complex bus-voltage phasors when available; otherwise diagnostic fallback
3.37,0.009360454247431704,0.0015081806024968003,0.009360454247431704,0.0015081806024968003,0.009360454247431704,0.0015081806024968003,-6.270639545752561,-1.028491819397506,-6.279999999999993,-1.0300000000000027,0.0,0.0,Vmag_get_voltage_magnitude_series__angle_get_voltage_angle_series,true,Unknown,Ybus EMT reconstruction using exact complex bus-voltage phasors when available; otherwise diagnostic fallback
3.38,0.00936041791909048,0.0015081746332139545,0.00936041791909048,0.0015081746332139545,0.00936041791909048,0.0015081746332139545,-6.270639582080903,-1.0284918253667887,-6.279999999999993,-1.0300000000000027,0.0,0.0,Vmag_get_voltage_magnitude_series__angle_get_voltage_angle_series,true,Unknown,Ybus EMT reconstruction using exact complex bus-voltage phasors when available; otherwise diagnostic fallback
3.39,0.009360388391777441,0.0015081697796006654,0.009360388391777441,0.0015081697796006654,0.009360388391777441,0.0015081697796006654,-6.270639611608216,-1.028491830220402,-6.279999999999993,-1.0300000000000027,0.0,0.0,Vmag_get_voltage_magnitude_series__angle_get_voltage_angle_series,true,Unknown,Ybus EMT reconstruction using exact complex bus-voltage phasors when available; otherwise diagnostic fallback
3.4,0.009360363096060809,0.0015081656202531324,0.009360363096060809,0.0015081656202531324,0.009360363096060809,0.0015081656202531324,-6.270639636903932,-1.0284918343797496,-6.279999999999993,-1.0300000000000027,0.0,0.0,Vmag_get_voltage_magnitude_series__angle_get_voltage_angle_series,true,Unknown,Ybus EMT reconstruction using exact complex bus-voltage phasors when available; otherwise diagnostic fallback
3.41,0.009360339666367068,0.0015081617671446335,0.009360339666367068,0.0015081617671446335,0.009360339666367068,0.0015081617671446335,-6.270639660333626,-1.028491838232858,-6.279999999999993,-1.0300000000000027,0.0,0.0,Vmag_get_voltage_magnitude_series__angle_get_voltage_angle_series,true,Unknown,Ybus EMT reconstruction using exact complex bus-voltage phasors when available; otherwise diagnostic fallback
3.42,0.009360315944741515,0.0015081578662936579,0.009360315944741515,0.0015081578662936579,0.009360315944741515,0.0015081578662936579,-6.270639684055252,-1.028491842133709,-6.279999999999993,-1.0300000000000027,0.0,0.0,Vmag_get_voltage_magnitude_series__angle_get_voltage_angle_series,true,Unknown,Ybus EMT reconstruction using exact complex bus-voltage phasors when available; otherwise diagnostic fallback
3.43,0.00936028998304117,0.0015081535981653627,0.00936028998304117,0.0015081535981653627,0.00936028998304117,0.0015081535981653627,-6.270639710016952,-1.0284918464018373,-6.279999999999993,-1.0300000000000027,0.0,0.0,Vmag_get_voltage_magnitude_series__angle_get_voltage_angle_series,true,Unknown,Ybus EMT reconstruction using exact complex bus-voltage phasors when available; otherwise diagnostic fallback
3.44,0.009360260043403734,0.0015081486777064335,0.009360260043403734,0.0015081486777064335,0.009360260043403734,0.0015081486777064335,-6.270639739956589,-1.0284918513222963,-6.279999999999993,-1.0300000000000027,0.0,0.0,Vmag_get_voltage_magnitude_series__angle_get_voltage_angle_series,true,Unknown,Ybus EMT reconstruction using exact complex bus-voltage phasors when available; otherwise diagnostic fallback
3.45,0.009360224597313227,0.0015081428541645625,0.009360224597313227,0.0015081428541645625,0.009360224597313227,0.0015081428541645625,-6.27063977540268,-1.0284918571458381,-6.279999999999993,-1.0300000000000027,0.0,0.0,Vmag_get_voltage_magnitude_series__angle_get_voltage_angle_series,true,Unknown,Ybus EMT reconstruction using exact complex bus-voltage phasors when available; otherwise diagnostic fallback
3.46,0.009360182323256971,0.0015081359108533032,0.009360182323256971,0.0015081359108533032,0.009360182323256971,0.0015081359108533032,-6.270639817676736,-1.0284918640891494,-6.279999999999993,-1.0300000000000027,0.0,0.0,Vmag_get_voltage_magnitude_series__angle_get_voltage_angle_series,true,Unknown,Ybus EMT reconstruction using exact complex bus-voltage phasors when available; otherwise diagnostic fallback
3.47,0.009360132102971264,0.0015081276642481267,0.009360132102971264,0.0015081276642481267,0.009360132102971264,0.0015081276642481267,-6.270639867897022,-1.0284918723357546,-6.279999999999993,-1.0300000000000027,0.0,0.0,Vmag_get_voltage_magnitude_series__angle_get_voltage_angle_series,true,Unknown,Ybus EMT reconstruction using exact complex bus-voltage phasors when available; otherwise diagnostic fallback
3.48,0.009360073016345005,0.001508117963475275,0.009360073016345005,0.001508117963475275,0.009360073016345005,0.001508117963475275,-6.270639926983648,-1.0284918820365274,-6.279999999999993,-1.0300000000000027,0.0,0.0,Vmag_get_voltage_magnitude_series__angle_get_voltage_angle_series,true,Unknown,Ybus EMT reconstruction using exact complex bus-voltage phasors when available; otherwise diagnostic fallback
3.49,0.009360004335376537,0.001508106689125377,0.009360004335376537,0.001508106689125377,0.009360004335376537,0.001508106689125377,-6.270639995664617,-1.0284918933108773,-6.279999999999993,-1.0300000000000027,0.0,0.0,Vmag_get_voltage_magnitude_series__angle_get_voltage_angle_series,true,Unknown,Ybus EMT reconstruction using exact complex bus-voltage phasors when available; otherwise diagnostic fallback
3.5,0.009359925516839063,0.0015080937520866033,0.009359925516839063,0.0015080937520866033,0.009359925516839063,0.0015080937520866033,-6.270640074483154,-1.028491906247916,-6.279999999999993,-1.0300000000000027,0.0,0.0,Vmag_get_voltage_magnitude_series__angle_get_voltage_angle_series,true,Unknown,Ybus EMT reconstruction using exact complex bus-voltage phasors when available; otherwise diagnostic fallback
3.51,0.009359836194120952,0.0015080790921144782,0.009359836194120952,0.0015080790921144782,0.009359836194120952,0.0015080790921144782,-6.270640163805872,-1.0284919209078882,-6.279999999999993,-1.0300000000000027,0.0,0.0,Vmag_get_voltage_magnitude_series__angle_get_voltage_angle_series,true,Unknown,Ybus EMT reconstruction using exact complex bus-voltage phasors when available; otherwise diagnostic fallback
3.52,0.009359736168076616,0.0015080626767611793,0.009359736168076616,0.0015080626767611793,0.009359736168076616,0.0015080626767611793,-6.2706402638319165,-1.0284919373232415,-6.279999999999993,-1.0300000000000027,0.0,0.0,Vmag_get_voltage_magnitude_series__angle_get_voltage_angle_series,true,Unknown,Ybus EMT reconstruction using exact complex bus-voltage phasors when available; otherwise diagnostic fallback
3.53,0.009359625397320492,0.0015080444990276387,0.009359625397320492,0.0015080444990276387,0.009359625397320492,0.0015080444990276387,-6.270640374602673,-1.028491955500975,-6.279999999999993,-1.0300000000000027,0.0,0.0,Vmag_get_voltage_magnitude_series__angle_get_voltage_angle_series,true,Unknown,Ybus EMT reconstruction using exact complex bus-voltage phasors when available; otherwise diagnostic fallback
3.54,0.009359503987592,0.0015080245763814393,0.009359503987592,0.0015080245763814393,0.009359503987592,0.0015080245763814393,-6.270640496012401,-1.0284919754236213,-6.279999999999993,-1.0300000000000027,0.0,0.0,Vmag_get_voltage_magnitude_series__angle_get_voltage_angle_series,true,Unknown,Ybus EMT reconstruction using exact complex bus-voltage phasors when available; otherwise diagnostic fallback
3.55,0.009359372180870018,0.0015080029483938162,0.009359372180870018,0.0015080029483938162,0.009359372180870018,0.0015080029483938162,-6.270640627819123,-1.0284919970516089,-6.279999999999993,-1.0300000000000027,0.0,0.0,Vmag_get_voltage_magnitude_series__angle_get_voltage_angle_series,true,Unknown,Ybus EMT reconstruction using exact complex bus-voltage phasors when available; otherwise diagnostic fallback
3.56,0.009359230343861213,0.0015079796753230124,0.009359230343861213,0.0015079796753230124,0.009359230343861213,0.0015079796753230124,-6.270640769656132,-1.0284920203246797,-6.279999999999993,-1.0300000000000027,0.0,0.0,Vmag_get_voltage_magnitude_series__angle_get_voltage_angle_series,true,Unknown,Ybus EMT reconstruction using exact complex bus-voltage phasors when available; otherwise diagnostic fallback
3.57,0.009359078956244105,0.0015079548357015415,0.009359078956244105,0.0015079548357015415,0.009359078956244105,0.0015079548357015415,-6.270640921043749,-1.0284920451643011,-6.279999999999993,-1.0300000000000027,0.0,0.0,Vmag_get_voltage_magnitude_series__angle_get_voltage_angle_series,true,Unknown,Ybus EMT reconstruction using exact complex bus-voltage phasors when available; otherwise diagnostic fallback
3.58,0.009358918598646682,0.0015079285249326446,0.009358918598646682,0.0015079285249326446,0.009358918598646682,0.0015079285249326446,-6.2706410814013465,-1.02849207147507,-6.279999999999993,-1.0300000000000027,0.0,0.0,Vmag_get_voltage_magnitude_series__angle_get_voltage_angle_series,true,Unknown,Ybus EMT reconstruction using exact complex bus-voltage phasors when available; otherwise diagnostic fallback
3.59,0.009358749940497013,0.0015079008526819315,0.009358749940497013,0.0015079008526819315,0.009358749940497013,0.0015079008526819315,-6.270641250059496,-1.0284920991473208,-6.279999999999993,-1.0300000000000027,0.0,0.0,Vmag_get_voltage_magnitude_series__angle_get_voltage_angle_series,true,Unknown,Ybus EMT reconstruction using exact complex bus-voltage phasors when available; otherwise diagnostic fallback
3.6,0.00935857372797333,0.0015078719414589603,0.00935857372797333,0.0015078719414589603,0.00935857372797333,0.0015078719414589603,-6.27064142627202,-1.0284921280585437,-6.279999999999993,-1.0300000000000027,0.0,0.0,Vmag_get_voltage_magnitude_series__angle_get_voltage_angle_series,true,Unknown,Ybus EMT reconstruction using exact complex bus-voltage phasors when available; otherwise diagnostic fallback
3.61,0.009358390771748049,0.0015078419241367769,0.009358390771748049,0.0015078419241367769,0.009358390771748049,0.0015078419241367769,-6.270641609228245,-1.028492158075866,-6.279999999999993,-1.0300000000000027,0.0,0.0,Vmag_get_voltage_magnitude_series__angle_get_voltage_angle_series,true,Unknown,Ybus EMT reconstruction using exact complex bus-voltage phasors when available; otherwise diagnostic fallback
3.62,0.009358201935180332,0.001507810942313892,0.009358201935180332,0.001507810942313892,0.009358201935180332,0.001507810942313892,-6.270641798064813,-1.0284921890576888,-6.279999999999993,-1.0300000000000027,0.0,0.0,Vmag_get_voltage_magnitude_series__angle_get_voltage_angle_series,true,Unknown,Ybus EMT reconstruction using exact complex bus-voltage phasors when available; otherwise diagnostic fallback
3.63,0.009358008122526407,0.0015077791443356414,0.009358008122526407,0.0015077791443356414,0.009358008122526407,0.0015077791443356414,-6.270641991877467,-1.028492220855667,-6.279999999999993,-1.0300000000000027,0.0,0.0,Vmag_get_voltage_magnitude_series__angle_get_voltage_angle_series,true,Unknown,Ybus EMT reconstruction using exact complex bus-voltage phasors when available; otherwise diagnostic fallback
3.64,0.009357810267480282,0.0015077466833794961,0.009357810267480282,0.0015077466833794961,0.009357810267480282,0.0015077466833794961,-6.270642189732513,-1.0284922533166232,-6.279999999999993,-1.0300000000000027,0.0,0.0,Vmag_get_voltage_magnitude_series__angle_get_voltage_angle_series,true,Unknown,Ybus EMT reconstruction using exact complex bus-voltage phasors when available; otherwise diagnostic fallback
3.65,0.009357609322340643,0.0015077137155852238,0.009357609322340643,0.0015077137155852238,0.009357609322340643,0.0015077137155852238,-6.2706423906776525,-1.0284922862844175,-6.279999999999993,-1.0300000000000027,0.0,0.0,Vmag_get_voltage_magnitude_series__angle_get_voltage_angle_series,true,Unknown,Ybus EMT reconstruction using exact complex bus-voltage phasors when available; otherwise diagnostic fallback
3.66,0.00935740624714132,0.00150768039844551,0.00935740624714132,0.00150768039844551,0.00935740624714132,0.00150768039844551,-6.270642593752852,-1.0284923196015572,-6.279999999999993,-1.0300000000000027,0.0,0.0,Vmag_get_voltage_magnitude_series__angle_get_voltage_angle_series,true,Unknown,Ybus EMT reconstruction using exact complex bus-voltage phasors when available; otherwise diagnostic fallback
3.67,0.009357201999820042,0.001507646889132408,0.009357201999820042,0.001507646889132408,0.009357201999820042,0.001507646889132408,-6.270642798000173,-1.0284923531108703,-6.279999999999993,-1.0300000000000027,0.0,0.0,Vmag_get_voltage_magnitude_series__angle_get_voltage_angle_series,true,Unknown,Ybus EMT reconstruction using exact complex bus-voltage phasors when available; otherwise diagnostic fallback
3.68,0.009356997526561273,0.0015076133427525118,0.009356997526561273,0.0015076133427525118,0.009356997526561273,0.0015076133427525118,-6.270643002473432,-1.0284923866572502,-6.279999999999993,-1.0300000000000027,0.0,0.0,Vmag_get_voltage_magnitude_series__angle_get_voltage_angle_series,true,Unknown,Ybus EMT reconstruction using exact complex bus-voltage phasors when available; otherwise diagnostic fallback
3.69,0.009356793752834491,0.0015075799112342914,0.009356793752834491,0.0015075799112342914,0.009356793752834491,0.0015075799112342914,-6.270643206247159,-1.0284924200887684,-6.279999999999993,-1.0300000000000027,0.0,0.0,Vmag_get_voltage_magnitude_series__angle_get_voltage_angle_series,true,Unknown,Ybus EMT reconstruction using exact complex bus-voltage phasors when available; otherwise diagnostic fallback
3.7,0.009356591575167883,0.0015075467414136234,0.009356591575167883,0.0015075467414136234,0.009356591575167883,0.0015075467414136234,-6.270643408424825,-1.028492453258589,-6.279999999999993,-1.0300000000000027,0.0,0.0,Vmag_get_voltage_magnitude_series__angle_get_voltage_angle_series,true,Unknown,Ybus EMT reconstruction using exact complex bus-voltage phasors when available; otherwise diagnostic fallback
3.71,0.009356391853473589,0.0015075139745805988,0.009356391853473589,0.0015075139745805988,0.009356391853473589,0.0015075139745805988,-6.2706436081465196,-1.028492486025422,-6.279999999999993,-1.0300000000000027,0.0,0.0,Vmag_get_voltage_magnitude_series__angle_get_voltage_angle_series,true,Unknown,Ybus EMT reconstruction using exact complex bus-voltage phasors when available; otherwise diagnostic fallback
3.72,0.009356195404060408,0.0015074817444367117,0.009356195404060408,0.0015074817444367117,0.009356195404060408,0.0015074817444367117,-6.270643804595933,-1.028492518255566,-6.279999999999993,-1.0300000000000027,0.0,0.0,Vmag_get_voltage_magnitude_series__angle_get_voltage_angle_series,true,Unknown,Ybus EMT reconstruction using exact complex bus-voltage phasors when available; otherwise diagnostic fallback
3.73,0.009356002993496482,0.0015074501768661541,0.009356002993496482,0.0015074501768661541,0.009356002993496482,0.0015074501768661541,-6.270643997006497,-1.0284925498231365,-6.279999999999993,-1.0300000000000027,0.0,0.0,Vmag_get_voltage_magnitude_series__angle_get_voltage_angle_series,true,Unknown,Ybus EMT reconstruction using exact complex bus-voltage phasors when available; otherwise diagnostic fallback
3.74,0.009355815333018214,0.001507419388434128,0.009355815333018214,0.001507419388434128,0.009355815333018214,0.001507419388434128,-6.270644184666975,-1.0284925806115686,-6.279999999999993,-1.0300000000000027,0.0,0.0,Vmag_get_voltage_magnitude_series__angle_get_voltage_angle_series,true,Unknown,Ybus EMT reconstruction using exact complex bus-voltage phasors when available; otherwise diagnostic fallback
3.75,0.009355633073764302,0.001507389486006705,0.009355633073764302,0.001507389486006705,0.009355633073764302,0.001507389486006705,-6.270644366926229,-1.028492610513996,-6.279999999999993,-1.0300000000000027,0.0,0.0,Vmag_get_voltage_magnitude_series__angle_get_voltage_angle_series,true,Unknown,Ybus EMT reconstruction using exact complex bus-voltage phasors when available; otherwise diagnostic fallback
3.76,0.00935545680280736,0.00150736056583467,0.00935545680280736,0.00150736056583467,0.00935545680280736,0.00150736056583467,-6.270644543197186,-1.028492639434168,-6.279999999999993,-1.0300000000000027,0.0,0.0,Vmag_get_voltage_magnitude_series__angle_get_voltage_angle_series,true,Unknown,Ybus EMT reconstruction using exact complex bus-voltage phasors when available; otherwise diagnostic fallback
3.77,0.009355287039682025,0.0015073327131245318,0.009355287039682025,0.0015073327131245318,0.009355287039682025,0.0015073327131245318,-6.270644712960311,-1.0284926672868782,-6.279999999999993,-1.0300000000000027,0.0,0.0,Vmag_get_voltage_magnitude_series__angle_get_voltage_angle_series,true,Unknown,Ybus EMT reconstruction using exact complex bus-voltage phasors when available; otherwise diagnostic fallback
3.78,0.009355124233877632,0.0015073060016419504,0.009355124233877632,0.0015073060016419504,0.009355124233877632,0.0015073060016419504,-6.2706448757661155,-1.0284926939983607,-6.279999999999993,-1.0300000000000027,0.0,0.0,Vmag_get_voltage_magnitude_series__angle_get_voltage_angle_series,true,Unknown,Ybus EMT reconstruction using exact complex bus-voltage phasors when available; otherwise diagnostic fallback
3.79,0.009354968762907312,0.0015072804933085049,0.009354968762907312,0.0015072804933085049,0.009354968762907312,0.0015072804933085049,-6.270645031237086,-1.0284927195066942,-6.279999999999993,-1.0300000000000027,0.0,0.0,Vmag_get_voltage_magnitude_series__angle_get_voltage_angle_series,true,Unknown,Ybus EMT reconstruction using exact complex bus-voltage phasors when available; otherwise diagnostic fallback
3.8,0.009354820931079644,0.0015072562379951915,0.009354820931079644,0.0015072562379951915,0.009354820931079644,0.0015072562379951915,-6.2706451790689135,-1.0284927437620075,-6.279999999999993,-1.0300000000000027,0.0,0.0,Vmag_get_voltage_magnitude_series__angle_get_voltage_angle_series,true,Unknown,Ybus EMT reconstruction using exact complex bus-voltage phasors when available; otherwise diagnostic fallback
3.81,0.009354680968923113,0.0015072332735928118,0.009354680968923113,0.0015072332735928118,0.009354680968923113,0.0015072332735928118,-6.27064531903107,-1.0284927667264099,-6.279999999999993,-1.0300000000000027,0.0,0.0,Vmag_get_voltage_magnitude_series__angle_get_voltage_angle_series,true,Unknown,Ybus EMT reconstruction using exact complex bus-voltage phasors when available; otherwise diagnostic fallback
3.82,0.00935454903316657,0.0015072116257961454,0.00935454903316657,0.0015072116257961454,0.00935454903316657,0.0015072116257961454,-6.270645450966827,-1.0284927883742065,-6.279999999999993,-1.0300000000000027,0.0,0.0,Vmag_get_voltage_magnitude_series__angle_get_voltage_angle_series,true,Unknown,Ybus EMT reconstruction using exact complex bus-voltage phasors when available; otherwise diagnostic fallback
3.83,0.009354425207511063,0.0015071913082709276,0.009354425207511063,0.0015071913082709276,0.009354425207511063,0.0015071913082709276,-6.270645574792482,-1.0284928086917318,-6.279999999999993,-1.0300000000000027,0.0,0.0,Vmag_get_voltage_magnitude_series__angle_get_voltage_angle_series,true,Unknown,Ybus EMT reconstruction using exact complex bus-voltage phasors when available; otherwise diagnostic fallback
3.84,0.009354309503767588,0.0015071723230577483,0.009354309503767588,0.0015071723230577483,0.009354309503767588,0.0015071723230577483,-6.2706456904962256,-1.028492827676945,-6.279999999999993,-1.0300000000000027,0.0,0.0,Vmag_get_voltage_magnitude_series__angle_get_voltage_angle_series,true,Unknown,Ybus EMT reconstruction using exact complex bus-voltage phasors when available; otherwise diagnostic fallback
3.85,0.009354201863581935,0.0015071546604490393,0.009354201863581935,0.0015071546604490393,0.009354201863581935,0.0015071546604490393,-6.270645798136411,-1.0284928453395537,-6.279999999999993,-1.0300000000000027,0.0,0.0,Vmag_get_voltage_magnitude_series__angle_get_voltage_angle_series,true,Unknown,Ybus EMT reconstruction using exact complex bus-voltage phasors when available; otherwise diagnostic fallback
3.86,0.009354102160696876,0.0015071382998808058,0.009354102160696876,0.0015071382998808058,0.009354102160696876,0.0015071382998808058,-6.270645897839296,-1.0284928617001219,-6.279999999999993,-1.0300000000000027,0.0,0.0,Vmag_get_voltage_magnitude_series__angle_get_voltage_angle_series,true,Unknown,Ybus EMT reconstruction using exact complex bus-voltage phasors when available; otherwise diagnostic fallback
3.87,0.009354010203565188,0.001507123209837813,0.009354010203565188,0.001507123209837813,0.009354010203565188,0.001507123209837813,-6.270645989796428,-1.0284928767901649,-6.279999999999993,-1.0300000000000027,0.0,0.0,Vmag_get_voltage_magnitude_series__angle_get_voltage_angle_series,true,Unknown,Ybus EMT reconstruction using exact complex bus-voltage phasors when available; otherwise diagnostic fallback
3.88,0.009353925738478708,0.001507109348756197,0.009353925738478708,0.001507109348756197,0.009353925738478708,0.001507109348756197,-6.270646074261514,-1.0284928906512465,-6.279999999999993,-1.0300000000000027,0.0,0.0,Vmag_get_voltage_magnitude_series__angle_get_voltage_angle_series,true,Unknown,Ybus EMT reconstruction using exact complex bus-voltage phasors when available; otherwise diagnostic fallback
3.89,0.009353848452958502,0.0015070966653818463,0.009353848452958502,0.0015070966653818463,0.009353848452958502,0.0015070966653818463,-6.270646151547035,-1.0284929033346208,-6.279999999999993,-1.0300000000000027,0.0,0.0,Vmag_get_voltage_magnitude_series__angle_get_voltage_angle_series,true,Unknown,Ybus EMT reconstruction using exact complex bus-voltage phasors when available; otherwise diagnostic fallback
3.9,0.0093537779794719,0.001507085099427652,0.0093537779794719,0.001507085099427652,0.0093537779794719,0.001507085099427652,-6.270646222020521,-1.028492914900575,-6.279999999999993,-1.0300000000000027,0.0,0.0,Vmag_get_voltage_magnitude_series__angle_get_voltage_angle_series,true,Unknown,Ybus EMT reconstruction using exact complex bus-voltage phasors when available; otherwise diagnostic fallback
3.91,0.009353713899515448,0.0015070745822480802,0.009353713899515448,0.0015070745822480802,0.009353713899515448,0.0015070745822480802,-6.270646286100478,-1.0284929254177546,-6.279999999999993,-1.0300000000000027,0.0,0.0,Vmag_get_voltage_magnitude_series__angle_get_voltage_angle_series,true,Unknown,Ybus EMT reconstruction using exact complex bus-voltage phasors when available; otherwise diagnostic fallback
3.92,0.009353655747771583,0.0015070650374924277,0.009353655747771583,0.0015070650374924277,0.009353655747771583,0.0015070650374924277,-6.270646344252222,-1.0284929349625103,-6.279999999999993,-1.0300000000000027,0.0,0.0,Vmag_get_voltage_magnitude_series__angle_get_voltage_angle_series,true,Unknown,Ybus EMT reconstruction using exact complex bus-voltage phasors when available; otherwise diagnostic fallback
3.93,0.009353603016573508,0.0015070563819781224,0.009353603016573508,0.0015070563819781224,0.009353603016573508,0.0015070563819781224,-6.27064639698342,-1.0284929436180246,-6.279999999999993,-1.0300000000000027,0.0,0.0,Vmag_get_voltage_magnitude_series__angle_get_voltage_angle_series,true,Unknown,Ybus EMT reconstruction using exact complex bus-voltage phasors when available; otherwise diagnostic fallback
3.94,0.009353555160442895,0.001507048526143695,0.009353555160442895,0.001507048526143695,0.009353555160442895,0.001507048526143695,-6.27064644483955,-1.028492951473859,-6.279999999999993,-1.0300000000000027,0.0,0.0,Vmag_get_voltage_magnitude_series__angle_get_voltage_angle_series,true,Unknown,Ybus EMT reconstruction using exact complex bus-voltage phasors when available; otherwise diagnostic fallback
3.95,0.009353511600765252,0.001507041375160334,0.009353511600765252,0.001507041375160334,0.009353511600765252,0.001507041375160334,-6.270646488399228,-1.0284929586248424,-6.279999999999993,-1.0300000000000027,0.0,0.0,Vmag_get_voltage_magnitude_series__angle_get_voltage_angle_series,true,Unknown,Ybus EMT reconstruction using exact complex bus-voltage phasors when available; otherwise diagnostic fallback
3.96,0.009353471730500829,0.0015070348293677593,0.009353471730500829,0.0015070348293677593,0.009353471730500829,0.0015070348293677593,-6.270646528269492,-1.028492965170635,-6.279999999999993,-1.0300000000000027,0.0,0.0,Vmag_get_voltage_magnitude_series__angle_get_voltage_angle_series,true,Unknown,Ybus EMT reconstruction using exact complex bus-voltage phasors when available; otherwise diagnostic fallback
3.97,0.009353434918820902,0.0015070287853988784,0.009353434918820902,0.0015070287853988784,0.009353434918820902,0.0015070287853988784,-6.270646565081172,-1.0284929712146038,-6.279999999999993,-1.0300000000000027,0.0,0.0,Vmag_get_voltage_magnitude_series__angle_get_voltage_angle_series,true,Unknown,Ybus EMT reconstruction using exact complex bus-voltage phasors when available; otherwise diagnostic fallback
3.98,0.00935340051598299,0.0015070231366360876,0.00935340051598299,0.0015070231366360876,0.00935340051598299,0.0015070231366360876,-6.27064659948401,-1.0284929768633666,-6.279999999999993,-1.0300000000000027,0.0,0.0,Vmag_get_voltage_magnitude_series__angle_get_voltage_angle_series,true,Unknown,Ybus EMT reconstruction using exact complex bus-voltage phasors when available; otherwise diagnostic fallback
3.99,0.00935336785783214,0.001507017774135866,0.00935336785783214,0.001507017774135866,0.00935336785783214,0.001507017774135866,-6.270646632142161,-1.0284929822258668,-6.279999999999993,-1.0300000000000027,0.0,0.0,Vmag_get_voltage_magnitude_series__angle_get_voltage_angle_series,true,Unknown,Ybus EMT reconstruction using exact complex bus-voltage phasors when available; otherwise diagnostic fallback
4.0,0.009353336270412349,0.001507012587349088,0.009353336270412349,0.001507012587349088,0.009353336270412349,0.001507012587349088,-6.270646663729581,-1.0284929874126536,-6.279999999999993,-1.0300000000000027,0.0,0.0,Vmag_get_voltage_magnitude_series__angle_get_voltage_angle_series,true,Unknown,Ybus EMT reconstruction using exact complex bus-voltage phasors when available; otherwise diagnostic fallback
4.01,0.00935330507444565,0.0015070074649210508,0.00935330507444565,0.0015070074649210508,0.00935330507444565,0.0015070074649210508,-6.2706466949255475,-1.0284929925350816,-6.279999999999993,-1.0300000000000027,0.0,0.0,Vmag_get_voltage_magnitude_series__angle_get_voltage_angle_series,true,Unknown,Ybus EMT reconstruction using exact complex bus-voltage phasors when available; otherwise diagnostic fallback
4.02,0.009353273589580269,0.0015070022951582107,0.009353273589580269,0.0015070022951582107,0.009353273589580269,0.0015070022951582107,-6.270646726410413,-1.0284929977048445,-6.279999999999993,-1.0300000000000027,0.0,0.0,Vmag_get_voltage_magnitude_series__angle_get_voltage_angle_series,true,Unknown,Ybus EMT reconstruction using exact complex bus-voltage phasors when available; otherwise diagnostic fallback
4.03,0.00935324113847269,0.001506996967041152,0.00935324113847269,0.001506996967041152,0.00935324113847269,0.001506996967041152,-6.2706467588615205,-1.0284930030329615,-6.279999999999993,-1.0300000000000027,0.0,0.0,Vmag_get_voltage_magnitude_series__angle_get_voltage_angle_series,true,Unknown,Ybus EMT reconstruction using exact complex bus-voltage phasors when available; otherwise diagnostic fallback
4.04,0.009353207050787127,0.0015069913705898497,0.009353207050787127,0.0015069913705898497,0.009353207050787127,0.0015069913705898497,-6.270646792949206,-1.0284930086294128,-6.279999999999993,-1.0300000000000027,0.0,0.0,Vmag_get_voltage_magnitude_series__angle_get_voltage_angle_series,true,Unknown,Ybus EMT reconstruction using exact complex bus-voltage phasors when available; otherwise diagnostic fallback
4.05,0.009353170666851263,0.0015069853975779868,0.009353170666851263,0.0015069853975779868,0.009353170666851263,0.0015069853975779868,-6.270646829333142,-1.0284930146024247,-6.279999999999993,-1.0300000000000027,0.0,0.0,Vmag_get_voltage_magnitude_series__angle_get_voltage_angle_series,true,Unknown,Ybus EMT reconstruction using exact complex bus-voltage phasors when available; otherwise diagnostic fallback
4.06,0.009353131341135246,0.001506978942200199,0.009353131341135246,0.001506978942200199,0.009353131341135246,0.001506978942200199,-6.270646868658858,-1.0284930210578025,-6.279999999999993,-1.0300000000000027,0.0,0.0,Vmag_get_voltage_magnitude_series__angle_get_voltage_angle_series,true,Unknown,Ybus EMT reconstruction using exact complex bus-voltage phasors when available; otherwise diagnostic fallback
4.07,0.00935308844545002,0.0015069719013527383,0.00935308844545002,0.0015069719013527383,0.00935308844545002,0.0015069719013527383,-6.270646911554543,-1.02849302809865,-6.279999999999993,-1.0300000000000027,0.0,0.0,Vmag_get_voltage_magnitude_series__angle_get_voltage_angle_series,true,Unknown,Ybus EMT reconstruction using exact complex bus-voltage phasors when available; otherwise diagnostic fallback
4.08,0.0093530413718943,0.0015069641753224783,0.0093530413718943,0.0015069641753224783,0.0093530413718943,0.0015069641753224783,-6.270646958628099,-1.0284930358246802,-6.279999999999993,-1.0300000000000027,0.0,0.0,Vmag_get_voltage_magnitude_series__angle_get_voltage_angle_series,true,Unknown,Ybus EMT reconstruction using exact complex bus-voltage phasors when available; otherwise diagnostic fallback
4.09,0.00935298953558128,0.0015069556682141272,0.00935298953558128,0.0015069556682141272,0.00935298953558128,0.0015069556682141272,-6.270647010464412,-1.0284930443317886,-6.279999999999993,-1.0300000000000027,0.0,0.0,Vmag_get_voltage_magnitude_series__angle_get_voltage_angle_series,true,Unknown,Ybus EMT reconstruction using exact complex bus-voltage phasors when available; otherwise diagnostic fallback
4.1,0.009352932376949674,0.0015069462881702744,0.009352932376949674,0.0015069462881702744,0.009352932376949674,0.0015069462881702744,-6.2706470676230435,-1.0284930537118324,-6.279999999999993,-1.0300000000000027,0.0,0.0,Vmag_get_voltage_magnitude_series__angle_get_voltage_angle_series,true,Unknown,Ybus EMT reconstruction using exact complex bus-voltage phasors when available; otherwise diagnostic fallback
4.11,0.009352869363914884,0.001506935947971355,0.009352869363914884,0.001506935947971355,0.009352869363914884,0.001506935947971355,-6.270647130636078,-1.0284930640520313,-6.279999999999993,-1.0300000000000027,0.0,0.0,Vmag_get_voltage_magnitude_series__angle_get_voltage_angle_series,true,Unknown,Ybus EMT reconstruction using exact complex bus-voltage phasors when available; otherwise diagnostic fallback
4.12,0.00935279999370131,0.0015069245651708751,0.00935279999370131,0.0015069245651708751,0.00935279999370131,0.0015069245651708751,-6.270647200006292,-1.0284930754348318,-6.279999999999993,-1.0300000000000027,0.0,0.0,Vmag_get_voltage_magnitude_series__angle_get_voltage_angle_series,true,Unknown,Ybus EMT reconstruction using exact complex bus-voltage phasors when available; otherwise diagnostic fallback
4.13,0.009352723794383344,0.0015069120623620869,0.009352723794383344,0.0015069120623620869,0.009352723794383344,0.0015069120623620869,-6.27064727620561,-1.0284930879376406,-6.279999999999993,-1.0300000000000027,0.0,0.0,Vmag_get_voltage_magnitude_series__angle_get_voltage_angle_series,true,Unknown,Ybus EMT reconstruction using exact complex bus-voltage phasors when available; otherwise diagnostic fallback
4.14,0.009352640326094175,0.0015068983673696135,0.009352640326094175,0.0015068983673696135,0.009352640326094175,0.0015068983673696135,-6.270647359673899,-1.028493101632633,-6.279999999999993,-1.0300000000000027,0.0,0.0,Vmag_get_voltage_magnitude_series__angle_get_voltage_angle_series,true,Unknown,Ybus EMT reconstruction using exact complex bus-voltage phasors when available; otherwise diagnostic fallback
4.15,0.009352549181986802,0.0015068834134275289,0.009352549181986802,0.0015068834134275289,0.009352549181986802,0.0015068834134275289,-6.270647450818006,-1.0284931165865752,-6.279999999999993,-1.0300000000000027,0.0,0.0,Vmag_get_voltage_magnitude_series__angle_get_voltage_angle_series,true,Unknown,Ybus EMT reconstruction using exact complex bus-voltage phasors when available; otherwise diagnostic fallback
4.16,0.009352449988985434,0.0015068671394078414,0.009352449988985434,0.0015068671394078414,0.009352449988985434,0.0015068671394078414,-6.270647550011008,-1.0284931328605948,-6.279999999999993,-1.0300000000000027,0.0,0.0,Vmag_get_voltage_magnitude_series__angle_get_voltage_angle_series,true,Unknown,Ybus EMT reconstruction using exact complex bus-voltage phasors when available; otherwise diagnostic fallback
4.17,0.009352342408146086,0.0015068494896393059,0.009352342408146086,0.0015068494896393059,0.009352342408146086,0.0015068494896393059,-6.270647657591847,-1.0284931505103634,-6.279999999999993,-1.0300000000000027,0.0,0.0,Vmag_get_voltage_magnitude_series__angle_get_voltage_angle_series,true,Unknown,Ybus EMT reconstruction using exact complex bus-voltage phasors when available; otherwise diagnostic fallback
4.18,0.009352226134898167,0.0015068304141943045,0.009352226134898167,0.0015068304141943045,0.009352226134898167,0.0015068304141943045,-6.270647773865095,-1.0284931695858084,-6.279999999999993,-1.0300000000000027,0.0,0.0,Vmag_get_voltage_magnitude_series__angle_get_voltage_angle_series,true,Unknown,Ybus EMT reconstruction using exact complex bus-voltage phasors when available; otherwise diagnostic fallback
4.19,0.009352100898851745,0.0015068098687771592,0.009352100898851745,0.0015068098687771592,0.009352100898851745,0.0015068098687771592,-6.270647899101141,-1.0284931901312255,-6.279999999999993,-1.0300000000000027,0.0,0.0,Vmag_get_voltage_magnitude_series__angle_get_voltage_angle_series,true,Unknown,Ybus EMT reconstruction using exact complex bus-voltage phasors when available; otherwise diagnostic fallback
4.2,0.009351966463631456,0.0015067878145731406,0.009351966463631456,0.0015067878145731406,0.009351966463631456,0.0015067878145731406,-6.270648033536362,-1.0284932121854296,-6.279999999999993,-1.0300000000000027,0.0,0.0,Vmag_get_voltage_magnitude_series__angle_get_voltage_angle_series,true,Unknown,Ybus EMT reconstruction using exact complex bus-voltage phasors when available; otherwise diagnostic fallback
4.21,0.009351822626231687,0.0015067642182711172,0.009351822626231687,0.0015067642182711172,0.009351822626231687,0.0015067642182711172,-6.2706481773737615,-1.0284932357817316,-6.279999999999993,-1.0300000000000027,0.0,0.0,Vmag_get_voltage_magnitude_series__angle_get_voltage_angle_series,true,Unknown,Ybus EMT reconstruction using exact complex bus-voltage phasors when available; otherwise diagnostic fallback
4.22,0.009351669216340674,0.0015067390519072354,0.009351669216340674,0.0015067390519072354,0.009351669216340674,0.0015067390519072354,-6.2706483307836525,-1.0284932609480955,-6.279999999999993,-1.0300000000000027,0.0,0.0,Vmag_get_voltage_magnitude_series__angle_get_voltage_angle_series,true,Unknown,Ybus EMT reconstruction using exact complex bus-voltage phasors when available; otherwise diagnostic fallback
4.23,0.009351506095411466,0.0015067122928356103,0.009351506095411466,0.0015067122928356103,0.009351506095411466,0.0015067122928356103,-6.270648493904582,-1.028493287707167,-6.279999999999993,-1.0300000000000027,0.0,0.0,Vmag_get_voltage_magnitude_series__angle_get_voltage_angle_series,true,Unknown,Ybus EMT reconstruction using exact complex bus-voltage phasors when available; otherwise diagnostic fallback
4.24,0.009351333155567687,0.0015066839233039975,0.009351333155567687,0.0015066839233039975,0.009351333155567687,0.0015066839233039975,-6.2706486668444255,-1.0284933160766987,-6.279999999999993,-1.0300000000000027,0.0,0.0,Vmag_get_voltage_magnitude_series__angle_get_voltage_angle_series,true,Unknown,Ybus EMT reconstruction using exact complex bus-voltage phasors when available; otherwise diagnostic fallback
4.25,0.00935115031834588,0.001506653930454016,0.00935115031834588,0.001506653930454016,0.00935115031834588,0.001506653930454016,-6.270648849681647,-1.0284933460695487,-6.279999999999993,-1.0300000000000027,0.0,0.0,Vmag_get_voltage_magnitude_series__angle_get_voltage_angle_series,true,Unknown,Ybus EMT reconstruction using exact complex bus-voltage phasors when available; otherwise diagnostic fallback
4.26,0.009350957533301951,0.0015066223060196116,0.009350957533301951,0.0015066223060196116,0.009350957533301951,0.0015066223060196116,-6.270649042466691,-1.028493377693983,-6.279999999999993,-1.0300000000000027,0.0,0.0,Vmag_get_voltage_magnitude_series__angle_get_voltage_angle_series,true,Unknown,Ybus EMT reconstruction using exact complex bus-voltage phasors when available; otherwise diagnostic fallback
4.27,0.009350754776570547,0.0015065890460572717,0.009350754776570547,0.0015065890460572717,0.009350754776570547,0.0015065890460572717,-6.270649245223423,-1.0284934109539454,-6.279999999999993,-1.0300000000000027,0.0,0.0,Vmag_get_voltage_magnitude_series__angle_get_voltage_angle_series,true,Unknown,Ybus EMT reconstruction using exact complex bus-voltage phasors when available; otherwise diagnostic fallback
4.28,0.009350542049172184,0.0015065541507737201,0.009350542049172184,0.0015065541507737201,0.009350542049172184,0.0015065541507737201,-6.270649457950821,-1.028493445849229,-6.279999999999993,-1.0300000000000027,0.0,0.0,Vmag_get_voltage_magnitude_series__angle_get_voltage_angle_series,true,Unknown,Ybus EMT reconstruction using exact complex bus-voltage phasors when available; otherwise diagnostic fallback
4.29,0.009350319375381666,0.0015065176241193523,0.009350319375381666,0.0015065176241193523,0.009350319375381666,0.0015065176241193523,-6.2706496806246115,-1.0284934823758833,-6.279999999999993,-1.0300000000000027,0.0,0.0,Vmag_get_voltage_magnitude_series__angle_get_voltage_angle_series,true,Unknown,Ybus EMT reconstruction using exact complex bus-voltage phasors when available; otherwise diagnostic fallback
4.3,0.009350086800908208,0.0015064794735530906,0.009350086800908208,0.0015064794735530906,0.009350086800908208,0.0015064794735530906,-6.270649913199085,-1.0284935205264496,-6.279999999999993,-1.0300000000000027,0.0,0.0,Vmag_get_voltage_magnitude_series__angle_get_voltage_angle_series,true,Unknown,Ybus EMT reconstruction using exact complex bus-voltage phasors when available; otherwise diagnostic fallback
4.31,0.009349844391111084,0.0015064397099291416,0.009349844391111084,0.0015064397099291416,0.009349844391111084,0.0015064397099291416,-6.270650155608882,-1.0284935602900735,-6.279999999999993,-1.0300000000000027,0.0,0.0,Vmag_get_voltage_magnitude_series__angle_get_voltage_angle_series,true,Unknown,Ybus EMT reconstruction using exact complex bus-voltage phasors when available; otherwise diagnostic fallback
4.32,0.009349592229176196,0.0015063983467746844,0.009349592229176196,0.0015063983467746844,0.009349592229176196,0.0015063983467746844,-6.270650407770817,-1.028493601653228,-6.279999999999993,-1.0300000000000027,0.0,0.0,Vmag_get_voltage_magnitude_series__angle_get_voltage_angle_series,true,Unknown,Ybus EMT reconstruction using exact complex bus-voltage phasors when available; otherwise diagnostic fallback
4.33,0.00934933041422692,0.0015063554002749946,0.00934933041422692,0.0015063554002749946,0.00934933041422692,0.0015063554002749946,-6.270650669585766,-1.0284936445997277,-6.279999999999993,-1.0300000000000027,0.0,0.0,Vmag_get_voltage_magnitude_series__angle_get_voltage_angle_series,true,Unknown,Ybus EMT reconstruction using exact complex bus-voltage phasors when available; otherwise diagnostic fallback
4.34,0.009349059059394982,0.0015063108892241495,0.009349059059394982,0.0015063108892241495,0.009349059059394982,0.0015063108892241495,-6.270650940940598,-1.0284936891107785,-6.279999999999993,-1.0300000000000027,0.0,0.0,Vmag_get_voltage_magnitude_series__angle_get_voltage_angle_series,true,Unknown,Ybus EMT reconstruction using exact complex bus-voltage phasors when available; otherwise diagnostic fallback
4.35,0.009348778290072524,0.0015062648339627671,0.009348778290072524,0.0015062648339627671,0.009348778290072524,0.0015062648339627671,-6.270651221709921,-1.02849373516604,-6.279999999999993,-1.0300000000000027,0.0,0.0,Vmag_get_voltage_magnitude_series__angle_get_voltage_angle_series,true,Unknown,Ybus EMT reconstruction using exact complex bus-voltage phasors when available; otherwise diagnostic fallback
4.36,0.009348488241974984,0.0015062172568651722,0.009348488241974984,0.0015062172568651722,0.009348488241974984,0.0015062172568651722,-6.270651511758018,-1.0284937827431375,-6.279999999999993,-1.0300000000000027,0.0,0.0,Vmag_get_voltage_magnitude_series__angle_get_voltage_angle_series,true,Unknown,Ybus EMT reconstruction using exact complex bus-voltage phasors when available; otherwise diagnostic fallback
4.37,0.009348189059348755,0.0015061681815113914,0.009348189059348755,0.0015061681815113914,0.009348189059348755,0.0015061681815113914,-6.270651810940644,-1.0284938318184913,-6.279999999999993,-1.0300000000000027,0.0,0.0,Vmag_get_voltage_magnitude_series__angle_get_voltage_angle_series,true,Unknown,Ybus EMT reconstruction using exact complex bus-voltage phasors when available; otherwise diagnostic fallback
4.38,0.00934788089326588,0.0015061176327997305,0.00934788089326588,0.0015061176327997305,0.00934788089326588,0.0015061176327997305,-6.270652119106727,-1.028493882367203,-6.279999999999993,-1.0300000000000027,0.0,0.0,Vmag_get_voltage_magnitude_series__angle_get_voltage_angle_series,true,Unknown,Ybus EMT reconstruction using exact complex bus-voltage phasors when available; otherwise diagnostic fallback
4.39,0.00934756389988145,0.0015060656362488878,0.00934756389988145,0.0015060656362488878,0.00934756389988145,0.0015060656362488878,-6.270652436100112,-1.0284939343637538,-6.279999999999993,-1.0300000000000027,0.0,0.0,Vmag_get_voltage_magnitude_series__angle_get_voltage_angle_series,true,Unknown,Ybus EMT reconstruction using exact complex bus-voltage phasors when available; otherwise diagnostic fallback
4.4,0.009347238238850863,0.0015060122180587943,0.009347238238850863,0.0015060122180587943,0.009347238238850863,0.0015060122180587943,-6.270652761761142,-1.028493987781944,-6.279999999999993,-1.0300000000000027,0.0,0.0,Vmag_get_voltage_magnitude_series__angle_get_voltage_angle_series,true,Unknown,Ybus EMT reconstruction using exact complex bus-voltage phasors when available; otherwise diagnostic fallback
4.41,0.009346904071709794,0.0015059574047320279,0.009346904071709794,0.0015059574047320279,0.009346904071709794,0.0015059574047320279,-6.270653095928283,-1.0284940425952707,-6.279999999999993,-1.0300000000000027,0.0,0.0,Vmag_get_voltage_magnitude_series__angle_get_voltage_angle_series,true,Unknown,Ybus EMT reconstruction using exact complex bus-voltage phasors when available; otherwise diagnostic fallback
4.42,0.009346561560485078,0.0015059012228344493,0.009346561560485078,0.0015059012228344493,0.009346561560485078,0.0015059012228344493,-6.270653438439508,-1.0284940987771682,-6.279999999999993,-1.0300000000000027,0.0,0.0,Vmag_get_voltage_magnitude_series__angle_get_voltage_angle_series,true,Unknown,Ybus EMT reconstruction using exact complex bus-voltage phasors when available; otherwise diagnostic fallback
4.43,0.009346210866245208,0.0015058436988253376,0.009346210866245208,0.0015058436988253376,0.009346210866245208,0.0015058436988253376,-6.270653789133748,-1.0284941563011774,-6.279999999999993,-1.0300000000000027,0.0,0.0,Vmag_get_voltage_magnitude_series__angle_get_voltage_angle_series,true,Unknown,Ybus EMT reconstruction using exact complex bus-voltage phasors when available; otherwise diagnostic fallback
4.44,0.009345852147914613,0.0015057848587236577,0.009345852147914613,0.0015057848587236577,0.009345852147914613,0.0015057848587236577,-6.2706541478520785,-1.028494215141279,-6.279999999999993,-1.0300000000000027,0.0,0.0,Vmag_get_voltage_magnitude_series__angle_get_voltage_angle_series,true,Unknown,Ybus EMT reconstruction using exact complex bus-voltage phasors when available; otherwise diagnostic fallback
4.45,0.009345485560992906,0.0015057247280576558,0.009345485560992906,0.0015057247280576558,0.009345485560992906,0.0015057247280576558,-6.270654514439,-1.028494275271945,-6.279999999999993,-1.0300000000000027,0.0,0.0,Vmag_get_voltage_magnitude_series__angle_get_voltage_angle_series,true,Unknown,Ybus EMT reconstruction using exact complex bus-voltage phasors when available; otherwise diagnostic fallback
4.46,0.009345111256583216,0.0015056633316314905,0.009345111256583216,0.0015056633316314905,0.009345111256583216,0.0015056633316314905,-6.27065488874341,-1.0284943366683712,-6.279999999999993,-1.0300000000000027,0.0,0.0,Vmag_get_voltage_magnitude_series__angle_get_voltage_angle_series,true,Unknown,Ybus EMT reconstruction using exact complex bus-voltage phasors when available; otherwise diagnostic fallback
4.47,0.009344729380367234,0.0015056006933222843,0.009344729380367234,0.0015056006933222843,0.009344729380367234,0.0015056006933222843,-6.270655270619626,-1.0284943993066804,-6.279999999999993,-1.0300000000000027,0.0,0.0,Vmag_get_voltage_magnitude_series__angle_get_voltage_angle_series,true,Unknown,Ybus EMT reconstruction using exact complex bus-voltage phasors when available; otherwise diagnostic fallback
4.48,0.00934434007176943,0.0015055368359366827,0.00934434007176943,0.0015055368359366827,0.00934434007176943,0.0015055368359366827,-6.270655659928224,-1.028494463164066,-6.279999999999993,-1.0300000000000027,0.0,0.0,Vmag_get_voltage_magnitude_series__angle_get_voltage_angle_series,true,Unknown,Ybus EMT reconstruction using exact complex bus-voltage phasors when available; otherwise diagnostic fallback
4.49,0.009343943463224313,0.0015054717812501561,0.009343943463224313,0.0015054717812501561,0.009343943463224313,0.0015054717812501561,-6.270656056536769,-1.0284945282187525,-6.279999999999993,-1.0300000000000027,0.0,0.0,Vmag_get_voltage_magnitude_series__angle_get_voltage_angle_series,true,Unknown,Ybus EMT reconstruction using exact complex bus-voltage phasors when available; otherwise diagnostic fallback
4.5,0.009343539679530721,0.0015054055497893959,0.009343539679530721,0.0015054055497893959,0.009343539679530721,0.0015054055497893959,-6.270656460320462,-1.0284945944502133,-6.279999999999993,-1.0300000000000027,0.0,0.0,Vmag_get_voltage_magnitude_series__angle_get_voltage_angle_series,true,Unknown,Ybus EMT reconstruction using exact complex bus-voltage phasors when available; otherwise diagnostic fallback
4.51,0.009343128837332237,0.0015053381605631966,0.009343128837332237,0.0015053381605631966,0.009343128837332237,0.0015053381605631966,-6.270656871162661,-1.0284946618394395,-6.279999999999993,-1.0300000000000027,0.0,0.0,Vmag_get_voltage_magnitude_series__angle_get_voltage_angle_series,true,Unknown,Ybus EMT reconstruction using exact complex bus-voltage phasors when available; otherwise diagnostic fallback
4.52,0.009342711044695307,0.0015052696314310499,0.009342711044695307,0.0015052696314310499,0.009342711044695307,0.0015052696314310499,-6.270657288955298,-1.0284947303685716,-6.279999999999993,-1.0300000000000027,0.0,0.0,Vmag_get_voltage_magnitude_series__angle_get_voltage_angle_series,true,Unknown,Ybus EMT reconstruction using exact complex bus-voltage phasors when available; otherwise diagnostic fallback
4.53,0.009342286400801925,0.0015051999785598014,0.009342286400801925,0.0015051999785598014,0.009342286400801925,0.0015051999785598014,-6.270657713599191,-1.028494800021443,-6.279999999999993,-1.0300000000000027,0.0,0.0,Vmag_get_voltage_magnitude_series__angle_get_voltage_angle_series,true,Unknown,Ybus EMT reconstruction using exact complex bus-voltage phasors when available; otherwise diagnostic fallback
4.54,0.009341854995704502,0.0015051292167507224,0.009341854995704502,0.0015051292167507224,0.009341854995704502,0.0015051292167507224,-6.270658145004289,-1.028494870783252,-6.279999999999993,-1.0300000000000027,0.0,0.0,Vmag_get_voltage_magnitude_series__angle_get_voltage_angle_series,true,Unknown,Ybus EMT reconstruction using exact complex bus-voltage phasors when available; otherwise diagnostic fallback
4.55,0.009341416910289446,0.00150505735932982,0.009341416910289446,0.00150505735932982,0.009341416910289446,0.00150505735932982,-6.270658583089704,-1.0284949426406729,-6.279999999999993,-1.0300000000000027,0.0,0.0,Vmag_get_voltage_magnitude_series__angle_get_voltage_angle_series,true,Unknown,Ybus EMT reconstruction using exact complex bus-voltage phasors when available; otherwise diagnostic fallback
4.56,0.009340972216117294,0.001504984417955768,0.009340972216117294,0.001504984417955768,0.009340972216117294,0.001504984417955768,-6.270659027783876,-1.028495015582047,-6.279999999999993,-1.0300000000000027,0.0,0.0,Vmag_get_voltage_magnitude_series__angle_get_voltage_angle_series,true,Unknown,Ybus EMT reconstruction using exact complex bus-voltage phasors when available; otherwise diagnostic fallback
4.57,0.009340520975627875,0.0015049104028639348,0.009340520975627875,0.0015049104028639348,0.009340520975627875,0.0015049104028639348,-6.270659479024365,-1.0284950895971388,-6.279999999999993,-1.0300000000000027,0.0,0.0,Vmag_get_voltage_magnitude_series__angle_get_voltage_angle_series,true,Unknown,Ybus EMT reconstruction using exact complex bus-voltage phasors when available; otherwise diagnostic fallback
4.58,0.009340063242181174,0.0015048353227802291,0.009340063242181174,0.0015048353227802291,0.009340063242181174,0.0015048353227802291,-6.270659936757812,-1.0284951646772225,-6.279999999999993,-1.0300000000000027,0.0,0.0,Vmag_get_voltage_magnitude_series__angle_get_voltage_angle_series,true,Unknown,Ybus EMT reconstruction using exact complex bus-voltage phasors when available; otherwise diagnostic fallback
4.59,0.00933959906032289,0.0015047591852097586,0.00933959906032289,0.0015047591852097586,0.00933959906032289,0.0015047591852097586,-6.27066040093967,-1.028495240814793,-6.279999999999993,-1.0300000000000027,0.0,0.0,Vmag_get_voltage_magnitude_series__angle_get_voltage_angle_series,true,Unknown,Ybus EMT reconstruction using exact complex bus-voltage phasors when available; otherwise diagnostic fallback
4.6,0.009339128466049118,0.0015046819958481894,0.009339128466049118,0.0015046819958481894,0.009339128466049118,0.0015046819958481894,-6.270660871533944,-1.0284953180041545,-6.279999999999993,-1.0300000000000027,0.0,0.0,Vmag_get_voltage_magnitude_series__angle_get_voltage_angle_series,true,Unknown,Ybus EMT reconstruction using exact complex bus-voltage phasors when available; otherwise diagnostic fallback
4.61,0.009338651487160732,0.001504603759277634,0.009338651487160732,0.001504603759277634,0.009338651487160732,0.001504603759277634,-6.270661348512832,-1.028495396240725,-6.279999999999993,-1.0300000000000027,0.0,0.0,Vmag_get_voltage_magnitude_series__angle_get_voltage_angle_series,true,Unknown,Ybus EMT reconstruction using exact complex bus-voltage phasors when available; otherwise diagnostic fallback
4.62,0.009338168143754544,0.0015045244788793877,0.009338168143754544,0.0015045244788793877,0.009338168143754544,0.0015045244788793877,-6.270661831856239,-1.0284954755211233,-6.279999999999993,-1.0300000000000027,0.0,0.0,Vmag_get_voltage_magnitude_series__angle_get_voltage_angle_series,true,Unknown,Ybus EMT reconstruction using exact complex bus-voltage phasors when available; otherwise diagnostic fallback
4.63,0.009337678448527065,0.0015044441567206857,0.009337678448527065,0.0015044441567206857,0.009337678448527065,0.0015044441567206857,-6.270662321551466,-1.028495555843282,-6.279999999999993,-1.0300000000000027,0.0,0.0,Vmag_get_voltage_magnitude_series__angle_get_voltage_angle_series,true,Unknown,Ybus EMT reconstruction using exact complex bus-voltage phasors when available; otherwise diagnostic fallback
4.64,0.009337182407390898,0.0015043627936892623,0.009337182407390898,0.0015043627936892623,0.009337182407390898,0.0015043627936892623,-6.270662817592602,-1.0284956372063134,-6.279999999999993,-1.0300000000000027,0.0,0.0,Vmag_get_voltage_magnitude_series__angle_get_voltage_angle_series,true,Unknown,Ybus EMT reconstruction using exact complex bus-voltage phasors when available; otherwise diagnostic fallback
4.65,0.009336680020041399,0.0015042803897744594,0.009336680020041399,0.0015042803897744594,0.009336680020041399,0.0015042803897744594,-6.270663319979952,-1.0284957196102282,-6.279999999999993,-1.0300000000000027,0.0,0.0,Vmag_get_voltage_magnitude_series__angle_get_voltage_angle_series,true,Unknown,Ybus EMT reconstruction using exact complex bus-voltage phasors when available; otherwise diagnostic fallback
4.66,0.009336171280399874,0.001504196944074332,0.009336171280399874,0.001504196944074332,0.009336171280399874,0.001504196944074332,-6.270663828719593,-1.0284958030559284,-6.279999999999993,-1.0300000000000027,0.0,0.0,Vmag_get_voltage_magnitude_series__angle_get_voltage_angle_series,true,Unknown,Ybus EMT reconstruction using exact complex bus-voltage phasors when available; otherwise diagnostic fallback
4.67,0.009335656177358764,0.0015041124546373297,0.009335656177358764,0.0015041124546373297,0.009335656177358764,0.0015041124546373297,-6.270664343822634,-1.0284958875453654,-6.279999999999993,-1.0300000000000027,0.0,0.0,Vmag_get_voltage_magnitude_series__angle_get_voltage_angle_series,true,Unknown,Ybus EMT reconstruction using exact complex bus-voltage phasors when available; otherwise diagnostic fallback
4.68,0.009335134695292346,0.0015040269190069733,0.009335134695292346,0.0015040269190069733,0.009335134695292346,0.0015040269190069733,-6.270664865304701,-1.0284959730809957,-6.279999999999993,-1.0300000000000027,0.0,0.0,Vmag_get_voltage_magnitude_series__angle_get_voltage_angle_series,true,Unknown,Ybus EMT reconstruction using exact complex bus-voltage phasors when available; otherwise diagnostic fallback
4.69,0.009334606814768165,0.0015039403338623636,0.009334606814768165,0.0015039403338623636,0.009334606814768165,0.0015039403338623636,-6.270665393185225,-1.0284960596661403,-6.279999999999993,-1.0300000000000027,0.0,0.0,Vmag_get_voltage_magnitude_series__angle_get_voltage_angle_series,true,Unknown,Ybus EMT reconstruction using exact complex bus-voltage phasors when available; otherwise diagnostic fallback
4.7,0.009334072513087932,0.001503852695611485,0.009334072513087932,0.001503852695611485,0.009334072513087932,0.001503852695611485,-6.270665927486905,-1.0284961473043912,-6.279999999999993,-1.0300000000000027,0.0,0.0,Vmag_get_voltage_magnitude_series__angle_get_voltage_angle_series,true,Unknown,Ybus EMT reconstruction using exact complex bus-voltage phasors when available; otherwise diagnostic fallback
4.71,0.009333531765035374,0.0015037640000257202,0.009333531765035374,0.0015037640000257202,0.009333531765035374,0.0015037640000257202,-6.270666468234958,-1.028496235999977,-6.279999999999993,-1.0300000000000027,0.0,0.0,Vmag_get_voltage_magnitude_series__angle_get_voltage_angle_series,true,Unknown,Ybus EMT reconstruction using exact complex bus-voltage phasors when available; otherwise diagnostic fallback
4.72,0.009332984543430456,0.0015036742427032568,0.009332984543430456,0.0015036742427032568,0.009332984543430456,0.0015036742427032568,-6.270667015456563,-1.0284963257572994,-6.279999999999993,-1.0300000000000027,0.0,0.0,Vmag_get_voltage_magnitude_series__angle_get_voltage_angle_series,true,Unknown,Ybus EMT reconstruction using exact complex bus-voltage phasors when available; otherwise diagnostic fallback
4.73,0.009332430819767978,0.0015035834189696118,0.009332430819767978,0.0015035834189696118,0.009332430819767978,0.0015035834189696118,-6.270667569180225,-1.028496416581033,-6.279999999999993,-1.0300000000000027,0.0,0.0,Vmag_get_voltage_magnitude_series__angle_get_voltage_angle_series,true,Unknown,Ybus EMT reconstruction using exact complex bus-voltage phasors when available; otherwise diagnostic fallback
4.74,0.009331870564828648,0.0015034915239413582,0.009331870564828648,0.0015034915239413582,0.009331870564828648,0.0015034915239413582,-6.2706681294351645,-1.0284965084760613,-6.279999999999993,-1.0300000000000027,0.0,0.0,Vmag_get_voltage_magnitude_series__angle_get_voltage_angle_series,true,Unknown,Ybus EMT reconstruction using exact complex bus-voltage phasors when available; otherwise diagnostic fallback
4.75,0.009331303749322117,0.0015033985529899763,0.009331303749322117,0.0015033985529899763,0.009331303749322117,0.0015033985529899763,-6.270668696250671,-1.0284966014470127,-6.279999999999993,-1.0300000000000027,0.0,0.0,Vmag_get_voltage_magnitude_series__angle_get_voltage_angle_series,true,Unknown,Ybus EMT reconstruction using exact complex bus-voltage phasors when available; otherwise diagnostic fallback
4.76,0.009330730344411009,0.0015033045011902946,0.009330730344411009,0.0015033045011902946,0.009330730344411009,0.0015033045011902946,-6.270669269655582,-1.0284966954988124,-6.279999999999993,-1.0300000000000027,0.0,0.0,Vmag_get_voltage_magnitude_series__angle_get_voltage_angle_series,true,Unknown,Ybus EMT reconstruction using exact complex bus-voltage phasors when available; otherwise diagnostic fallback
4.77,0.009330150322178099,0.0015032093641280664,0.009330150322178099,0.0015032093641280664,0.009330150322178099,0.0015032093641280664,-6.270669849677815,-1.0284967906358746,-6.279999999999993,-1.0300000000000027,0.0,0.0,Vmag_get_voltage_magnitude_series__angle_get_voltage_angle_series,true,Unknown,Ybus EMT reconstruction using exact complex bus-voltage phasors when available; otherwise diagnostic fallback
4.78,0.009329563656351958,0.0015031131373766105,0.009329563656351958,0.0015031131373766105,0.009329563656351958,0.0015031131373766105,-6.270670436343641,-1.028496886862626,-6.279999999999993,-1.0300000000000027,0.0,0.0,Vmag_get_voltage_magnitude_series__angle_get_voltage_angle_series,true,Unknown,Ybus EMT reconstruction using exact complex bus-voltage phasors when available; otherwise diagnostic fallback
4.79,0.00932897032258051,0.0015030158169961894,0.00932897032258051,0.0015030158169961894,0.00932897032258051,0.0015030158169961894,-6.270671029677413,-1.0284969841830065,-6.279999999999993,-1.0300000000000027,0.0,0.0,Vmag_get_voltage_magnitude_series__angle_get_voltage_angle_series,true,Unknown,Ybus EMT reconstruction using exact complex bus-voltage phasors when available; otherwise diagnostic fallback
4.8,0.009328370299029665,0.001502917399312187,0.009328370299029665,0.001502917399312187,0.009328370299029665,0.001502917399312187,-6.2706716297009635,-1.0284970826006905,-6.279999999999993,-1.0300000000000027,0.0,0.0,Vmag_get_voltage_magnitude_series__angle_get_voltage_angle_series,true,Unknown,Ybus EMT reconstruction using exact complex bus-voltage phasors when available; otherwise diagnostic fallback
4.81,0.009327763566685299,0.0015028178813840665,0.009327763566685299,0.0015028178813840665,0.009327763566685299,0.0015028178813840665,-6.270672236433308,-1.0284971821186186,-6.279999999999993,-1.0300000000000027,0.0,0.0,Vmag_get_voltage_magnitude_series__angle_get_voltage_angle_series,true,Unknown,Ybus EMT reconstruction using exact complex bus-voltage phasors when available; otherwise diagnostic fallback
4.82,0.009327150109836424,0.0015027172604928918,0.009327150109836424,0.0015027172604928918,0.009327150109836424,0.0015027172604928918,-6.270672849890157,-1.0284972827395098,-6.279999999999993,-1.0300000000000027,0.0,0.0,Vmag_get_voltage_magnitude_series__angle_get_voltage_angle_series,true,Unknown,Ybus EMT reconstruction using exact complex bus-voltage phasors when available; otherwise diagnostic fallback
4.83,0.009326529916380721,0.0015026155346855585,0.009326529916380721,0.0015026155346855585,0.009326529916380721,0.0015026155346855585,-6.270673470083612,-1.0284973844653171,-6.279999999999993,-1.0300000000000027,0.0,0.0,Vmag_get_voltage_magnitude_series__angle_get_voltage_angle_series,true,Unknown,Ybus EMT reconstruction using exact complex bus-voltage phasors when available; otherwise diagnostic fallback
4.84,0.009325902978084777,0.0015025127026448981,0.009325902978084777,0.0015025127026448981,0.009325902978084777,0.0015025127026448981,-6.270674097021908,-1.0284974872973578,-6.279999999999993,-1.0300000000000027,0.0,0.0,Vmag_get_voltage_magnitude_series__angle_get_voltage_angle_series,true,Unknown,Ybus EMT reconstruction using exact complex bus-voltage phasors when available; otherwise diagnostic fallback
4.85,0.009325269290893168,0.0015024087636656969,0.009325269290893168,0.0015024087636656969,0.009325269290893168,0.0015024087636656969,-6.2706747307091,-1.028497591236337,-6.279999999999993,-1.0300000000000027,0.0,0.0,Vmag_get_voltage_magnitude_series__angle_get_voltage_angle_series,true,Unknown,Ybus EMT reconstruction using exact complex bus-voltage phasors when available; otherwise diagnostic fallback
4.86,0.009324628855171824,0.0015023037178769627,0.009324628855171824,0.0015023037178769627,0.009324628855171824,0.0015023037178769627,-6.270675371144821,-1.0284976962821257,-6.279999999999993,-1.0300000000000027,0.0,0.0,Vmag_get_voltage_magnitude_series__angle_get_voltage_angle_series,true,Unknown,Ybus EMT reconstruction using exact complex bus-voltage phasors when available; otherwise diagnostic fallback
4.87,0.009323981675869675,0.0015021975659650355,0.009323981675869675,0.0015021975659650355,0.009323981675869675,0.0015021975659650355,-6.2706760183241235,-1.0284978024340377,-6.279999999999993,-1.0300000000000027,0.0,0.0,Vmag_get_voltage_magnitude_series__angle_get_voltage_angle_series,true,Unknown,Ybus EMT reconstruction using exact complex bus-voltage phasors when available; otherwise diagnostic fallback
4.88,0.009323327762632339,0.0015020903096218952,0.009323327762632339,0.0015020903096218952,0.009323327762632339,0.0015020903096218952,-6.270676672237361,-1.0284979096903808,-6.279999999999993,-1.0300000000000027,0.0,0.0,Vmag_get_voltage_magnitude_series__angle_get_voltage_angle_series,true,Unknown,Ybus EMT reconstruction using exact complex bus-voltage phasors when available; otherwise diagnostic fallback
4.89,0.009322667129979756,0.0015019819511576937,0.009322667129979756,0.0015019819511576937,0.009322667129979756,0.0015019819511576937,-6.270677332870013,-1.028498018048845,-6.279999999999993,-1.0300000000000027,0.0,0.0,Vmag_get_voltage_magnitude_series__angle_get_voltage_angle_series,true,Unknown,Ybus EMT reconstruction using exact complex bus-voltage phasors when available; otherwise diagnostic fallback
4.9,0.00932199979733106,0.001501872493767209,0.00932199979733106,0.001501872493767209,0.00932199979733106,0.001501872493767209,-6.270678000202662,-1.0284981275062355,-6.279999999999993,-1.0300000000000027,0.0,0.0,Vmag_get_voltage_magnitude_series__angle_get_voltage_angle_series,true,Unknown,Ybus EMT reconstruction using exact complex bus-voltage phasors when available; otherwise diagnostic fallback
4.91,0.009321325789080959,0.0015017619415242933,0.009321325789080959,0.0015017619415242933,0.009321325789080959,0.0015017619415242933,-6.270678674210912,-1.0284982380584784,-6.279999999999993,-1.0300000000000027,0.0,0.0,Vmag_get_voltage_magnitude_series__angle_get_voltage_angle_series,true,Unknown,Ybus EMT reconstruction using exact complex bus-voltage phasors when available; otherwise diagnostic fallback
4.92,0.009320645134537564,0.0015016502991060943,0.009320645134537564,0.0015016502991060943,0.009320645134537564,0.0015016502991060943,-6.270679354865456,-1.0284983497008966,-6.279999999999993,-1.0300000000000027,0.0,0.0,Vmag_get_voltage_magnitude_series__angle_get_voltage_angle_series,true,Unknown,Ybus EMT reconstruction using exact complex bus-voltage phasors when available; otherwise diagnostic fallback
4.93,0.00931995786797657,0.0015015375722513546,0.00931995786797657,0.0015015375722513546,0.00931995786797657,0.0015015375722513546,-6.270680042132017,-1.0284984624277513,-6.279999999999993,-1.0300000000000027,0.0,0.0,Vmag_get_voltage_magnitude_series__angle_get_voltage_angle_series,true,Unknown,Ybus EMT reconstruction using exact complex bus-voltage phasors when available; otherwise diagnostic fallback
4.94,0.009319264028516017,0.0015014237674051412,0.009319264028516017,0.0015014237674051412,0.009319264028516017,0.0015014237674051412,-6.270680735971477,-1.0284985762325976,-6.279999999999993,-1.0300000000000027,0.0,0.0,Vmag_get_voltage_magnitude_series__angle_get_voltage_angle_series,true,Unknown,Ybus EMT reconstruction using exact complex bus-voltage phasors when available; otherwise diagnostic fallback
4.95,0.009318563660073664,0.001501308891612707,0.009318563660073664,0.001501308891612707,0.009318563660073664,0.001501308891612707,-6.2706814363399195,-1.02849869110839,-6.279999999999993,-1.0300000000000027,0.0,0.0,Vmag_get_voltage_magnitude_series__angle_get_voltage_angle_series,true,Unknown,Ybus EMT reconstruction using exact complex bus-voltage phasors when available; otherwise diagnostic fallback
4.96,0.009317856811231984,0.0015011929529207269,0.009317856811231984,0.0015011929529207269,0.009317856811231984,0.0015011929529207269,-6.270682143188761,-1.028498807047082,-6.279999999999993,-1.0300000000000027,0.0,0.0,Vmag_get_voltage_magnitude_series__angle_get_voltage_angle_series,true,Unknown,Ybus EMT reconstruction using exact complex bus-voltage phasors when available; otherwise diagnostic fallback
4.97,0.00931714353509605,0.0015010759601024048,0.00931714353509605,0.0015010759601024048,0.00931714353509605,0.0015010759601024048,-6.270682856464897,-1.0284989240399003,-6.279999999999993,-1.0300000000000027,0.0,0.0,Vmag_get_voltage_magnitude_series__angle_get_voltage_angle_series,true,Unknown,Ybus EMT reconstruction using exact complex bus-voltage phasors when available; otherwise diagnostic fallback
4.98,0.009316423889134562,0.0015009579224949388,0.009316423889134562,0.0015009579224949388,0.009316423889134562,0.0015009579224949388,-6.270683576110859,-1.0284990420775078,-6.279999999999993,-1.0300000000000027,0.0,0.0,Vmag_get_voltage_magnitude_series__angle_get_voltage_angle_series,true,Unknown,Ybus EMT reconstruction using exact complex bus-voltage phasors when available; otherwise diagnostic fallback
4.99,0.009315697935013745,0.001500838850270414,0.009315697935013745,0.001500838850270414,0.009315697935013745,0.001500838850270414,-6.270684302064979,-1.0284991611497323,-6.279999999999993,-1.0300000000000027,0.0,0.0,Vmag_get_voltage_magnitude_series__angle_get_voltage_angle_series,true,Unknown,Ybus EMT reconstruction using exact complex bus-voltage phasors when available; otherwise diagnostic fallback
5.0,0.009314965738402847,0.0015007187541831168,0.009314965738402847,0.0015007187541831168,0.009314965738402847,0.0015007187541831168,-6.27068503426159,-1.0284992812458196,-6.279999999999993,-1.0300000000000027,0.0,0.0,Vmag_get_voltage_magnitude_series__angle_get_voltage_angle_series,true,Unknown,Ybus EMT reconstruction using exact complex bus-voltage phasors when available; otherwise diagnostic fallback
5.01,0.009314227368725447,0.0015005976455746417,0.009314227368725447,0.0015005976455746417,0.009314227368725447,0.0015005976455746417,-6.270685772631268,-1.028499402354428,-6.279999999999993,-1.0300000000000027,0.0,0.0,Vmag_get_voltage_magnitude_series__angle_get_voltage_angle_series,true,Unknown,Ybus EMT reconstruction using exact complex bus-voltage phasors when available; otherwise diagnostic fallback
5.02,0.0093134828989907,0.0015004755364649291,0.0093134828989907,0.0015004755364649291,0.0093134828989907,0.0015004755364649291,-6.270686517101002,-1.0284995244635378,-6.279999999999993,-1.0300000000000027,0.0,0.0,Vmag_get_voltage_magnitude_series__angle_get_voltage_angle_series,true,Unknown,Ybus EMT reconstruction using exact complex bus-voltage phasors when available; otherwise diagnostic fallback
5.03,0.009312732405503787,0.001500352439352648,0.009312732405503787,0.001500352439352648,0.009312732405503787,0.001500352439352648,-6.270687267594489,-1.02849964756065,-6.279999999999993,-1.0300000000000027,0.0,0.0,Vmag_get_voltage_magnitude_series__angle_get_voltage_angle_series,true,Unknown,Ybus EMT reconstruction using exact complex bus-voltage phasors when available; otherwise diagnostic fallback
5.04,0.009311975967624342,0.0015002283672771455,0.009311975967624342,0.0015002283672771455,0.009311975967624342,0.0015002283672771455,-6.270688024032369,-1.0284997716327255,-6.279999999999993,-1.0300000000000027,0.0,0.0,Vmag_get_voltage_magnitude_series__angle_get_voltage_angle_series,true,Unknown,Ybus EMT reconstruction using exact complex bus-voltage phasors when available; otherwise diagnostic fallback
5.05,0.00931121366759946,0.0015001033337227465,0.00931121366759946,0.0015001033337227465,0.00931121366759946,0.0015001033337227465,-6.270688786332394,-1.02849989666628,-6.279999999999993,-1.0300000000000027,0.0,0.0,Vmag_get_voltage_magnitude_series__angle_get_voltage_angle_series,true,Unknown,Ybus EMT reconstruction using exact complex bus-voltage phasors when available; otherwise diagnostic fallback
5.06,0.00931044559018801,0.001499977352557691,0.00931044559018801,0.001499977352557691,0.00931044559018801,0.001499977352557691,-6.270689554409805,-1.028500022647445,-6.279999999999993,-1.0300000000000027,0.0,0.0,Vmag_get_voltage_magnitude_series__angle_get_voltage_angle_series,true,Unknown,Ybus EMT reconstruction using exact complex bus-voltage phasors when available; otherwise diagnostic fallback
5.07,0.009309671822500754,0.0014998504380825395,0.009309671822500754,0.0014998504380825395,0.009309671822500754,0.0014998504380825395,-6.270690328177492,-1.0285001495619202,-6.279999999999993,-1.0300000000000027,0.0,0.0,Vmag_get_voltage_magnitude_series__angle_get_voltage_angle_series,true,Unknown,Ybus EMT reconstruction using exact complex bus-voltage phasors when available; otherwise diagnostic fallback
5.08,0.009308892453709028,0.0014997226049360268,0.009308892453709028,0.0014997226049360268,0.009308892453709028,0.0014997226049360268,-6.270691107546284,-1.0285002773950667,-6.279999999999993,-1.0300000000000027,0.0,0.0,Vmag_get_voltage_magnitude_series__angle_get_voltage_angle_series,true,Unknown,Ybus EMT reconstruction using exact complex bus-voltage phasors when available; otherwise diagnostic fallback
5.09,0.00930810757475431,0.0014995938680744114,0.00930810757475431,0.0014995938680744114,0.00930810757475431,0.0014995938680744114,-6.270691892425239,-1.0285004061319283,-6.279999999999993,-1.0300000000000027,0.0,0.0,Vmag_get_voltage_magnitude_series__angle_get_voltage_angle_series,true,Unknown,Ybus EMT reconstruction using exact complex bus-voltage phasors when available; otherwise diagnostic fallback
5.1,0.009307317278202554,0.001499464242529891,0.009307317278202554,0.001499464242529891,0.009307317278202554,0.001499464242529891,-6.270692682721791,-1.0285005357574728,-6.279999999999993,-1.0300000000000027,0.0,0.0,Vmag_get_voltage_magnitude_series__angle_get_voltage_angle_series,true,Unknown,Ybus EMT reconstruction using exact complex bus-voltage phasors when available; otherwise diagnostic fallback
5.11,0.00930652165789514,0.0014993337439503929,0.00930652165789514,0.0014993337439503929,0.00930652165789514,0.0014993337439503929,-6.270693478342098,-1.0285006662560523,-6.279999999999993,-1.0300000000000027,0.0,0.0,Vmag_get_voltage_magnitude_series__angle_get_voltage_angle_series,true,Unknown,Ybus EMT reconstruction using exact complex bus-voltage phasors when available; otherwise diagnostic fallback
5.12,0.009305720808726825,0.0014992023876190252,0.009305720808726825,0.0014992023876190252,0.009305720808726825,0.0014992023876190252,-6.270694279191266,-1.0285007976123837,-6.279999999999993,-1.0300000000000027,0.0,0.0,Vmag_get_voltage_magnitude_series__angle_get_voltage_angle_series,true,Unknown,Ybus EMT reconstruction using exact complex bus-voltage phasors when available; otherwise diagnostic fallback
5.13,0.009304914826505417,0.0014990701894970204,0.009304914826505417,0.0014990701894970204,0.009304914826505417,0.0014990701894970204,-6.270695085173488,-1.0285009298105057,-6.279999999999993,-1.0300000000000027,0.0,0.0,Vmag_get_voltage_magnitude_series__angle_get_voltage_angle_series,true,Unknown,Ybus EMT reconstruction using exact complex bus-voltage phasors when available; otherwise diagnostic fallback
5.14,0.009304103807591169,0.0014989371651947803,0.009304103807591169,0.0014989371651947803,0.009304103807591169,0.0014989371651947803,-6.270695896192402,-1.028501062834808,-6.279999999999993,-1.0300000000000027,0.0,0.0,Vmag_get_voltage_magnitude_series__angle_get_voltage_angle_series,true,Unknown,Ybus EMT reconstruction using exact complex bus-voltage phasors when available; otherwise diagnostic fallback
5.15,0.009303287848801745,0.001498803330703291,0.009303287848801745,0.001498803330703291,0.009303287848801745,0.001498803330703291,-6.270696712151191,-1.0285011966692994,-6.279999999999993,-1.0300000000000027,0.0,0.0,Vmag_get_voltage_magnitude_series__angle_get_voltage_angle_series,true,Unknown,Ybus EMT reconstruction using exact complex bus-voltage phasors when available; otherwise diagnostic fallback
5.16,0.009302467047199947,0.0014986687018943012,0.009302467047199947,0.0014986687018943012,0.009302467047199947,0.0014986687018943012,-6.270697532952793,-1.0285013312981084,-6.279999999999993,-1.0300000000000027,0.0,0.0,Vmag_get_voltage_magnitude_series__angle_get_voltage_angle_series,true,Unknown,Ybus EMT reconstruction using exact complex bus-voltage phasors when available; otherwise diagnostic fallback
5.17,0.009301641499809499,0.0014985332946853003,0.009301641499809499,0.0014985332946853003,0.009301641499809499,0.0014985332946853003,-6.270698358500184,-1.0285014667053174,-6.279999999999993,-1.0300000000000027,0.0,0.0,Vmag_get_voltage_magnitude_series__angle_get_voltage_angle_series,true,Unknown,Ybus EMT reconstruction using exact complex bus-voltage phasors when available; otherwise diagnostic fallback
5.18,0.009300811303554646,0.0014983971250186467,0.009300811303554646,0.0014983971250186467,0.009300811303554646,0.0014983971250186467,-6.2706991886964385,-1.028501602874984,-6.279999999999993,-1.0300000000000027,0.0,0.0,Vmag_get_voltage_magnitude_series__angle_get_voltage_angle_series,true,Unknown,Ybus EMT reconstruction using exact complex bus-voltage phasors when available; otherwise diagnostic fallback
5.19,0.009299976555031897,0.0014982602086652808,0.009299976555031897,0.0014982602086652808,0.009299976555031897,0.0014982602086652808,-6.270700023444961,-1.0285017397913374,-6.279999999999993,-1.0300000000000027,0.0,0.0,Vmag_get_voltage_magnitude_series__angle_get_voltage_angle_series,true,Unknown,Ybus EMT reconstruction using exact complex bus-voltage phasors when available; otherwise diagnostic fallback
5.2,0.009299137350406994,0.0014981225614205673,0.009299137350406994,0.0014981225614205673,0.009299137350406994,0.0014981225614205673,-6.270700862649586,-1.0285018774385821,-6.279999999999993,-1.0300000000000027,0.0,0.0,Vmag_get_voltage_magnitude_series__angle_get_voltage_angle_series,true,Unknown,Ybus EMT reconstruction using exact complex bus-voltage phasors when available; otherwise diagnostic fallback
5.21,0.009298293785210632,0.0014979841990292453,0.009298293785210632,0.0014979841990292453,0.009298293785210632,0.0014979841990292453,-6.2707017062147825,-1.0285020158009734,-6.279999999999993,-1.0300000000000027,0.0,0.0,Vmag_get_voltage_magnitude_series__angle_get_voltage_angle_series,true,Unknown,Ybus EMT reconstruction using exact complex bus-voltage phasors when available; otherwise diagnostic fallback
5.22,0.009297445954291383,0.001497845136994691,0.009297445954291383,0.001497845136994691,0.009297445954291383,0.001497845136994691,-6.270702554045702,-1.028502154863008,-6.279999999999993,-1.0300000000000027,0.0,0.0,Vmag_get_voltage_magnitude_series__angle_get_voltage_angle_series,true,Unknown,Ybus EMT reconstruction using exact complex bus-voltage phasors when available; otherwise diagnostic fallback
5.23,0.0092965939516505,0.0014977053906994886,0.0092965939516505,0.0014977053906994886,0.0092965939516505,0.0014977053906994886,-6.270703406048343,-1.0285022946093032,-6.279999999999993,-1.0300000000000027,0.0,0.0,Vmag_get_voltage_magnitude_series__angle_get_voltage_angle_series,true,Unknown,Ybus EMT reconstruction using exact complex bus-voltage phasors when available; otherwise diagnostic fallback
5.24,0.009295737870394838,0.0014975649754398468,0.009295737870394838,0.0014975649754398468,0.009295737870394838,0.0014975649754398468,-6.270704262129598,-1.0285024350245628,-6.279999999999993,-1.0300000000000027,0.0,0.0,Vmag_get_voltage_magnitude_series__angle_get_voltage_angle_series,true,Unknown,Ybus EMT reconstruction using exact complex bus-voltage phasors when available; otherwise diagnostic fallback
5.25,0.009294877802650703,0.0014974239063003658,0.009294877802650703,0.0014974239063003658,0.009294877802650703,0.0014974239063003658,-6.270705122197342,-1.0285025760937023,-6.279999999999993,-1.0300000000000027,0.0,0.0,Vmag_get_voltage_magnitude_series__angle_get_voltage_angle_series,true,Unknown,Ybus EMT reconstruction using exact complex bus-voltage phasors when available; otherwise diagnostic fallback
5.26,0.009294013839437731,0.0014972821982754958,0.009294013839437731,0.0014972821982754958,0.009294013839437731,0.0014972821982754958,-6.270705986160555,-1.0285027178017272,-6.279999999999993,-1.0300000000000027,0.0,0.0,Vmag_get_voltage_magnitude_series__angle_get_voltage_angle_series,true,Unknown,Ybus EMT reconstruction using exact complex bus-voltage phasors when available; otherwise diagnostic fallback
5.27,0.009293146070671554,0.0014971398661047797,0.009293146070671554,0.0014971398661047797,0.009293146070671554,0.0014971398661047797,-6.270706853929322,-1.028502860133898,-6.279999999999993,-1.0300000000000027,0.0,0.0,Vmag_get_voltage_magnitude_series__angle_get_voltage_angle_series,true,Unknown,Ybus EMT reconstruction using exact complex bus-voltage phasors when available; otherwise diagnostic fallback
5.28,0.009292274585096294,0.0014969969243276982,0.009292274585096294,0.0014969969243276982,0.009292274585096294,0.0014969969243276982,-6.270707725414897,-1.028503003075675,-6.279999999999993,-1.0300000000000027,0.0,0.0,Vmag_get_voltage_magnitude_series__angle_get_voltage_angle_series,true,Unknown,Ybus EMT reconstruction using exact complex bus-voltage phasors when available; otherwise diagnostic fallback
5.29,0.0092913994703272,0.0014968533872536938,0.0092913994703272,0.0014968533872536938,0.0092913994703272,0.0014968533872536938,-6.270708600529666,-1.028503146612749,-6.279999999999993,-1.0300000000000027,0.0,0.0,Vmag_get_voltage_magnitude_series__angle_get_voltage_angle_series,true,Unknown,Ybus EMT reconstruction using exact complex bus-voltage phasors when available; otherwise diagnostic fallback
5.3,0.009290520812650804,0.0014967092691036132,0.009290520812650804,0.0014967092691036132,0.009290520812650804,0.0014967092691036132,-6.270709479187342,-1.028503290730899,-6.279999999999993,-1.0300000000000027,0.0,0.0,Vmag_get_voltage_magnitude_series__angle_get_voltage_angle_series,true,Unknown,Ybus EMT reconstruction using exact complex bus-voltage phasors when available; otherwise diagnostic fallback
5.31,0.009289638697230984,0.001496564583807869,0.009289638697230984,0.001496564583807869,0.009289638697230984,0.001496564583807869,-6.270710361302762,-1.0285034354161948,-6.279999999999993,-1.0300000000000027,0.0,0.0,Vmag_get_voltage_magnitude_series__angle_get_voltage_angle_series,true,Unknown,Ybus EMT reconstruction using exact complex bus-voltage phasors when available; otherwise diagnostic fallback
5.32,0.009288753207973954,0.0014964193451625363,0.009288753207973954,0.0014964193451625363,0.009288753207973954,0.0014964193451625363,-6.270711246792019,-1.0285035806548402,-6.279999999999993,-1.0300000000000027,0.0,0.0,Vmag_get_voltage_magnitude_series__angle_get_voltage_angle_series,true,Unknown,Ybus EMT reconstruction using exact complex bus-voltage phasors when available; otherwise diagnostic fallback
5.33,0.009287864427583337,0.0014962735667258809,0.009287864427583337,0.0014962735667258809,0.009287864427583337,0.0014962735667258809,-6.27071213557241,-1.0285037264332768,-6.279999999999993,-1.0300000000000027,0.0,0.0,Vmag_get_voltage_magnitude_series__angle_get_voltage_angle_series,true,Unknown,Ybus EMT reconstruction using exact complex bus-voltage phasors when available; otherwise diagnostic fallback
5.34,0.009286972437537955,0.0014961272618461141,0.009286972437537955,0.0014961272618461141,0.009286972437537955,0.0014961272618461141,-6.270713027562455,-1.0285038727381566,-6.279999999999993,-1.0300000000000027,0.0,0.0,Vmag_get_voltage_magnitude_series__angle_get_voltage_angle_series,true,Unknown,Ybus EMT reconstruction using exact complex bus-voltage phasors when available; otherwise diagnostic fallback
5.35,0.009286077318209074,0.0014959804437262303,0.009286077318209074,0.0014959804437262303,0.009286077318209074,0.0014959804437262303,-6.270713922681784,-1.0285040195562765,-6.279999999999993,-1.0300000000000027,0.0,0.0,Vmag_get_voltage_magnitude_series__angle_get_voltage_angle_series,true,Unknown,Ybus EMT reconstruction using exact complex bus-voltage phasors when available; otherwise diagnostic fallback
5.36,0.009285179148800893,0.0014958331253536183,0.009285179148800893,0.0014958331253536183,0.009285179148800893,0.0014958331253536183,-6.270714820851192,-1.028504166874649,-6.279999999999993,-1.0300000000000027,0.0,0.0,Vmag_get_voltage_magnitude_series__angle_get_voltage_angle_series,true,Unknown,Ybus EMT reconstruction using exact complex bus-voltage phasors when available; otherwise diagnostic fallback
5.37,0.009284278007424263,0.0014956853194938446,0.009284278007424263,0.0014956853194938446,0.009284278007424263,0.0014956853194938446,-6.270715721992569,-1.0285043146805088,-6.279999999999993,-1.0300000000000027,0.0,0.0,Vmag_get_voltage_magnitude_series__angle_get_voltage_angle_series,true,Unknown,Ybus EMT reconstruction using exact complex bus-voltage phasors when available; otherwise diagnostic fallback
5.38,0.009283373971144648,0.0014955370388760603,0.009283373971144648,0.0014955370388760603,0.009283373971144648,0.0014955370388760603,-6.2707166260288485,-1.0285044629611266,-6.279999999999993,-1.0300000000000027,0.0,0.0,Vmag_get_voltage_magnitude_series__angle_get_voltage_angle_series,true,Unknown,Ybus EMT reconstruction using exact complex bus-voltage phasors when available; otherwise diagnostic fallback
5.39,0.009282467116042525,0.0014953882958586018,0.009282467116042525,0.0014953882958586018,0.009282467116042525,0.0014953882958586018,-6.270717532883951,-1.028504611704144,-6.279999999999993,-1.0300000000000027,0.0,0.0,Vmag_get_voltage_magnitude_series__angle_get_voltage_angle_series,true,Unknown,Ybus EMT reconstruction using exact complex bus-voltage phasors when available; otherwise diagnostic fallback
5.4,0.009281557517258676,0.0014952391028937306,0.009281557517258676,0.0014952391028937306,0.009281557517258676,0.0014952391028937306,-6.2707184424827345,-1.028504760897109,-6.279999999999993,-1.0300000000000027,0.0,0.0,Vmag_get_voltage_magnitude_series__angle_get_voltage_angle_series,true,Unknown,Ybus EMT reconstruction using exact complex bus-voltage phasors when available; otherwise diagnostic fallback
5.41,0.009280645249020836,0.0014950894720653363,0.009280645249020836,0.0014950894720653363,0.009280645249020836,0.0014950894720653363,-6.270719354750972,-1.0285049105279374,-6.279999999999993,-1.0300000000000027,0.0,0.0,Vmag_get_voltage_magnitude_series__angle_get_voltage_angle_series,true,Unknown,Ybus EMT reconstruction using exact complex bus-voltage phasors when available; otherwise diagnostic fallback
5.42,0.009279730384720963,0.0014949394154808449,0.009279730384720963,0.0014949394154808449,0.009279730384720963,0.0014949394154808449,-6.270720269615272,-1.0285050605845218,-6.279999999999993,-1.0300000000000027,0.0,0.0,Vmag_get_voltage_magnitude_series__angle_get_voltage_angle_series,true,Unknown,Ybus EMT reconstruction using exact complex bus-voltage phasors when available; otherwise diagnostic fallback
5.43,0.00927881299703781,0.0014947889449670182,0.00927881299703781,0.0014947889449670182,0.00927881299703781,0.0014947889449670182,-6.270721187002955,-1.0285052110550357,-6.279999999999993,-1.0300000000000027,0.0,0.0,Vmag_get_voltage_magnitude_series__angle_get_voltage_angle_series,true,Unknown,Ybus EMT reconstruction using exact complex bus-voltage phasors when available; otherwise diagnostic fallback
5.44,0.00927789315790406,0.0014946380724178976,0.00927789315790406,0.0014946380724178976,0.00927789315790406,0.0014946380724178976,-6.270722106842089,-1.0285053619275848,-6.279999999999993,-1.0300000000000027,0.0,0.0,Vmag_get_voltage_magnitude_series__angle_get_voltage_angle_series,true,Unknown,Ybus EMT reconstruction using exact complex bus-voltage phasors when available; otherwise diagnostic fallback
5.45,0.009276970938622675,0.0014944868094703967,0.009276970938622675,0.0014944868094703967,0.009276970938622675,0.0014944868094703967,-6.2707230290613705,-1.0285055131905323,-6.279999999999993,-1.0300000000000027,0.0,0.0,Vmag_get_voltage_magnitude_series__angle_get_voltage_angle_series,true,Unknown,Ybus EMT reconstruction using exact complex bus-voltage phasors when available; otherwise diagnostic fallback
5.46,0.009276046409871341,0.0014943351677632055,0.009276046409871341,0.0014943351677632055,0.009276046409871341,0.0014943351677632055,-6.270723953590122,-1.0285056648322395,-6.279999999999993,-1.0300000000000027,0.0,0.0,Vmag_get_voltage_magnitude_series__angle_get_voltage_angle_series,true,Unknown,Ybus EMT reconstruction using exact complex bus-voltage phasors when available; otherwise diagnostic fallback
5.47,0.009275119641888097,0.0014941831587338417,0.009275119641888097,0.0014941831587338417,0.009275119641888097,0.0014941831587338417,-6.270724880358105,-1.0285058168412688,-6.279999999999993,-1.0300000000000027,0.0,0.0,Vmag_get_voltage_magnitude_series__angle_get_voltage_angle_series,true,Unknown,Ybus EMT reconstruction using exact complex bus-voltage phasors when available; otherwise diagnostic fallback
5.48,0.009274190704384289,0.001494030793915746,0.009274190704384289,0.001494030793915746,0.009274190704384289,0.001494030793915746,-6.270725809295609,-1.028505969206087,-6.279999999999993,-1.0300000000000027,0.0,0.0,Vmag_get_voltage_magnitude_series__angle_get_voltage_angle_series,true,Unknown,Ybus EMT reconstruction using exact complex bus-voltage phasors when available; otherwise diagnostic fallback
5.49,0.009273259666712441,0.0014938780846127653,0.009273259666712441,0.0014938780846127653,0.009273259666712441,0.0014938780846127653,-6.270726740333281,-1.02850612191539,-6.279999999999993,-1.0300000000000027,0.0,0.0,Vmag_get_voltage_magnitude_series__angle_get_voltage_angle_series,true,Unknown,Ybus EMT reconstruction using exact complex bus-voltage phasors when available; otherwise diagnostic fallback
5.5,0.009272326597836944,0.001493725042172711,0.009272326597836944,0.001493725042172711,0.009272326597836944,0.001493725042172711,-6.270727673402156,-1.02850627495783,-6.279999999999993,-1.0300000000000027,0.0,0.0,Vmag_get_voltage_magnitude_series__angle_get_voltage_angle_series,true,Unknown,Ybus EMT reconstruction using exact complex bus-voltage phasors when available; otherwise diagnostic fallback
5.51,0.009271391566476161,0.0014935716778976538,0.009271391566476161,0.0014935716778976538,0.009271391566476161,0.0014935716778976538,-6.270728608433517,-1.028506428322105,-6.279999999999993,-1.0300000000000027,0.0,0.0,Vmag_get_voltage_magnitude_series__angle_get_voltage_angle_series,true,Unknown,Ybus EMT reconstruction using exact complex bus-voltage phasors when available; otherwise diagnostic fallback
5.52,0.009270454641082004,0.0014934180028747246,0.009270454641082004,0.0014934180028747246,0.009270454641082004,0.0014934180028747246,-6.270729545358911,-1.028506581997128,-6.279999999999993,-1.0300000000000027,0.0,0.0,Vmag_get_voltage_magnitude_series__angle_get_voltage_angle_series,true,Unknown,Ybus EMT reconstruction using exact complex bus-voltage phasors when available; otherwise diagnostic fallback
5.53,0.009269515889933189,0.0014932640284885945,0.009269515889933189,0.0014932640284885945,0.009269515889933189,0.0014932640284885945,-6.27073048411006,-1.028506735971514,-6.279999999999993,-1.0300000000000027,0.0,0.0,Vmag_get_voltage_magnitude_series__angle_get_voltage_angle_series,true,Unknown,Ybus EMT reconstruction using exact complex bus-voltage phasors when available; otherwise diagnostic fallback
5.54,0.009268575381122801,0.001493109765777545,0.009268575381122801,0.001493109765777545,0.009268575381122801,0.001493109765777545,-6.27073142461887,-1.0285068902342251,-6.279999999999993,-1.0300000000000027,0.0,0.0,Vmag_get_voltage_magnitude_series__angle_get_voltage_angle_series,true,Unknown,Ybus EMT reconstruction using exact complex bus-voltage phasors when available; otherwise diagnostic fallback
5.55,0.009267633182688861,0.0014929552259745904,0.009267633182688861,0.0014929552259745904,0.009267633182688861,0.0014929552259745904,-6.270732366817304,-1.028507044774028,-6.279999999999993,-1.0300000000000027,0.0,0.0,Vmag_get_voltage_magnitude_series__angle_get_voltage_angle_series,true,Unknown,Ybus EMT reconstruction using exact complex bus-voltage phasors when available; otherwise diagnostic fallback
5.56,0.009266689362567249,0.0014928004201952838,0.009266689362567249,0.0014928004201952838,0.009266689362567249,0.0014928004201952838,-6.270733310637426,-1.0285071995798074,-6.279999999999993,-1.0300000000000027,0.0,0.0,Vmag_get_voltage_magnitude_series__angle_get_voltage_angle_series,true,Unknown,Ybus EMT reconstruction using exact complex bus-voltage phasors when available; otherwise diagnostic fallback
5.57,0.00926574398868496,0.0014926453594787947,0.00926574398868496,0.0014926453594787947,0.00926574398868496,0.0014926453594787947,-6.270734256011308,-1.028507354640524,-6.279999999999993,-1.0300000000000027,0.0,0.0,Vmag_get_voltage_magnitude_series__angle_get_voltage_angle_series,true,Unknown,Ybus EMT reconstruction using exact complex bus-voltage phasors when available; otherwise diagnostic fallback
5.58,0.009264797128922808,0.0014924900551562814,0.009264797128922808,0.0014924900551562814,0.009264797128922808,0.0014924900551562814,-6.27073520287107,-1.0285075099448464,-6.279999999999993,-1.0300000000000027,0.0,0.0,Vmag_get_voltage_magnitude_series__angle_get_voltage_angle_series,true,Unknown,Ybus EMT reconstruction using exact complex bus-voltage phasors when available; otherwise diagnostic fallback
5.59,0.00926384885121756,0.0014923345182979997,0.00926384885121756,0.0014923345182979997,0.00926384885121756,0.0014923345182979997,-6.270736151148776,-1.0285076654817047,-6.279999999999993,-1.0300000000000027,0.0,0.0,Vmag_get_voltage_magnitude_series__angle_get_voltage_angle_series,true,Unknown,Ybus EMT reconstruction using exact complex bus-voltage phasors when available; otherwise diagnostic fallback
5.6,0.009262899223517529,0.001492178759922913,0.009262899223517529,0.001492178759922913,0.009262899223517529,0.001492178759922913,-6.270737100776476,-1.0285078212400798,-6.279999999999993,-1.0300000000000027,0.0,0.0,Vmag_get_voltage_magnitude_series__angle_get_voltage_angle_series,true,Unknown,Ybus EMT reconstruction using exact complex bus-voltage phasors when available; otherwise diagnostic fallback
5.61,0.009261948313869617,0.001492022791348191,0.009261948313869617,0.001492022791348191,0.009261948313869617,0.001492022791348191,-6.2707380516861235,-1.0285079772086545,-6.279999999999993,-1.0300000000000027,0.0,0.0,Vmag_get_voltage_magnitude_series__angle_get_voltage_angle_series,true,Unknown,Ybus EMT reconstruction using exact complex bus-voltage phasors when available; otherwise diagnostic fallback
5.62,0.009260996190342041,0.001491866623693161,0.009260996190342041,0.001491866623693161,0.009260996190342041,0.001491866623693161,-6.270739003809651,-1.0285081333763095,-6.279999999999993,-1.0300000000000027,0.0,0.0,Vmag_get_voltage_magnitude_series__angle_get_voltage_angle_series,true,Unknown,Ybus EMT reconstruction using exact complex bus-voltage phasors when available; otherwise diagnostic fallback
5.63,0.0092600429211247,0.0014917102681228922,0.0092600429211247,0.0014917102681228922,0.0092600429211247,0.0014917102681228922,-6.270739957078868,-1.0285082897318798,-6.279999999999993,-1.0300000000000027,0.0,0.0,Vmag_get_voltage_magnitude_series__angle_get_voltage_angle_series,true,Unknown,Ybus EMT reconstruction using exact complex bus-voltage phasors when available; otherwise diagnostic fallback
5.64,0.00925908857447677,0.0014915537358282105,0.00925908857447677,0.0014915537358282105,0.00925908857447677,0.0014915537358282105,-6.270740911425516,-1.0285084462641745,-6.279999999999993,-1.0300000000000027,0.0,0.0,Vmag_get_voltage_magnitude_series__angle_get_voltage_angle_series,true,Unknown,Ybus EMT reconstruction using exact complex bus-voltage phasors when available; otherwise diagnostic fallback
5.65,0.00925813321875335,0.0014913970379881736,0.00925813321875335,0.0014913970379881736,0.00925813321875335,0.0014913970379881736,-6.27074186678124,-1.0285086029620145,-6.279999999999993,-1.0300000000000027,0.0,0.0,Vmag_get_voltage_magnitude_series__angle_get_voltage_angle_series,true,Unknown,Ybus EMT reconstruction using exact complex bus-voltage phasors when available; otherwise diagnostic fallback
5.66,0.009257176922378818,0.0014912401859539237,0.009257176922378818,0.0014912401859539237,0.009257176922378818,0.0014912401859539237,-6.270742823077614,-1.0285087598140488,-6.279999999999993,-1.0300000000000027,0.0,0.0,Vmag_get_voltage_magnitude_series__angle_get_voltage_angle_series,true,Unknown,Ybus EMT reconstruction using exact complex bus-voltage phasors when available; otherwise diagnostic fallback
5.67,0.009256219753927653,0.0014910831908652167,0.009256219753927653,0.0014910831908652167,0.009256219753927653,0.0014910831908652167,-6.2707437802460655,-1.0285089168091375,-6.279999999999993,-1.0300000000000027,0.0,0.0,Vmag_get_voltage_magnitude_series__angle_get_voltage_angle_series,true,Unknown,Ybus EMT reconstruction using exact complex bus-voltage phasors when available; otherwise diagnostic fallback
5.68,0.009255261781943247,0.0014909260639466293,0.009255261781943247,0.0014909260639466293,0.009255261781943247,0.0014909260639466293,-6.27074473821805,-1.028509073936056,-6.279999999999993,-1.0300000000000027,0.0,0.0,Vmag_get_voltage_magnitude_series__angle_get_voltage_angle_series,true,Unknown,Ybus EMT reconstruction using exact complex bus-voltage phasors when available; otherwise diagnostic fallback
5.69,0.009254303075135972,0.0014907688165315403,0.009254303075135972,0.0014907688165315403,0.009254303075135972,0.0014907688165315403,-6.270745696924857,-1.0285092311834712,-6.279999999999993,-1.0300000000000027,0.0,0.0,Vmag_get_voltage_magnitude_series__angle_get_voltage_angle_series,true,Unknown,Ybus EMT reconstruction using exact complex bus-voltage phasors when available; otherwise diagnostic fallback
5.7,0.009253343702195771,0.001490611459867619,0.009253343702195771,0.001490611459867619,0.009253343702195771,0.001490611459867619,-6.270746656297797,-1.028509388540135,-6.279999999999993,-1.0300000000000027,0.0,0.0,Vmag_get_voltage_magnitude_series__angle_get_voltage_angle_series,true,Unknown,Ybus EMT reconstruction using exact complex bus-voltage phasors when available; otherwise diagnostic fallback
5.71,0.009252383731904068,0.0014904540052089743,0.009252383731904068,0.0014904540052089743,0.009252383731904068,0.0014904540052089743,-6.270747616268089,-1.0285095459947937,-6.279999999999993,-1.0300000000000027,0.0,0.0,Vmag_get_voltage_magnitude_series__angle_get_voltage_angle_series,true,Unknown,Ybus EMT reconstruction using exact complex bus-voltage phasors when available; otherwise diagnostic fallback
5.72,0.009251423233015643,0.0014902964638812133,0.009251423233015643,0.0014902964638812133,0.009251423233015643,0.0014902964638812133,-6.2707485767669775,-1.0285097035361215,-6.279999999999993,-1.0300000000000027,0.0,0.0,Vmag_get_voltage_magnitude_series__angle_get_voltage_angle_series,true,Unknown,Ybus EMT reconstruction using exact complex bus-voltage phasors when available; otherwise diagnostic fallback
5.73,0.009250462274365212,0.0014901388471708632,0.009250462274365212,0.0014901388471708632,0.009250462274365212,0.0014901388471708632,-6.270749537725628,-1.0285098611528318,-6.279999999999993,-1.0300000000000027,0.0,0.0,Vmag_get_voltage_magnitude_series__angle_get_voltage_angle_series,true,Unknown,Ybus EMT reconstruction using exact complex bus-voltage phasors when available; otherwise diagnostic fallback
5.74,0.009249500924658705,0.0014899811662967277,0.009249500924658705,0.0014899811662967277,0.009249500924658705,0.0014899811662967277,-6.270750499075334,-1.028510018833706,-6.279999999999993,-1.0300000000000027,0.0,0.0,Vmag_get_voltage_magnitude_series__angle_get_voltage_angle_series,true,Unknown,Ybus EMT reconstruction using exact complex bus-voltage phasors when available; otherwise diagnostic fallback
5.75,0.009248539252648236,0.0014898234325761983,0.009248539252648236,0.0014898234325761983,0.009248539252648236,0.0014898234325761983,-6.270751460747345,-1.0285101765674265,-6.279999999999993,-1.0300000000000027,0.0,0.0,Vmag_get_voltage_magnitude_series__angle_get_voltage_angle_series,true,Unknown,Ybus EMT reconstruction using exact complex bus-voltage phasors when available; otherwise diagnostic fallback
5.76,0.009247577326943812,0.0014896656572278566,0.009247577326943812,0.0014896656572278566,0.009247577326943812,0.0014896656572278566,-6.270752422673049,-1.0285103343427748,-6.279999999999993,-1.0300000000000027,0.0,0.0,Vmag_get_voltage_magnitude_series__angle_get_voltage_angle_series,true,Unknown,Ybus EMT reconstruction using exact complex bus-voltage phasors when available; otherwise diagnostic fallback
5.77,0.009246615216125242,0.0014895078515495541,0.009246615216125242,0.0014895078515495541,0.009246615216125242,0.0014895078515495541,-6.270753384783868,-1.0285104921484531,-6.279999999999993,-1.0300000000000027,0.0,0.0,Vmag_get_voltage_magnitude_series__angle_get_voltage_angle_series,true,Unknown,Ybus EMT reconstruction using exact complex bus-voltage phasors when available; otherwise diagnostic fallback
5.78,0.009245652988608022,0.0014893500267187942,0.009245652988608022,0.0014893500267187942,0.009245652988608022,0.0014893500267187942,-6.270754347011385,-1.028510649973284,-6.279999999999993,-1.0300000000000027,0.0,0.0,Vmag_get_voltage_magnitude_series__angle_get_voltage_angle_series,true,Unknown,Ybus EMT reconstruction using exact complex bus-voltage phasors when available; otherwise diagnostic fallback
5.79,0.00924469071266465,0.0014891921939439445,0.00924469071266465,0.0014891921939439445,0.00924469071266465,0.0014891921939439445,-6.2707553092873285,-1.0285108078060587,-6.279999999999993,-1.0300000000000027,0.0,0.0,Vmag_get_voltage_magnitude_series__angle_get_voltage_angle_series,true,Unknown,Ybus EMT reconstruction using exact complex bus-voltage phasors when available; otherwise diagnostic fallback
5.8,0.009243728456438838,0.0014890343644220483,0.009243728456438838,0.0014890343644220483,0.009243728456438838,0.0014890343644220483,-6.270756271543554,-1.0285109656355806,-6.279999999999993,-1.0300000000000027,0.0,0.0,Vmag_get_voltage_magnitude_series__angle_get_voltage_angle_series,true,Unknown,Ybus EMT reconstruction using exact complex bus-voltage phasors when available; otherwise diagnostic fallback
5.81,0.009242766287770543,0.001488876549286422,0.009242766287770543,0.001488876549286422,0.009242766287770543,0.001488876549286422,-6.270757233712223,-1.0285111234507163,-6.279999999999993,-1.0300000000000027,0.0,0.0,Vmag_get_voltage_magnitude_series__angle_get_voltage_angle_series,true,Unknown,Ybus EMT reconstruction using exact complex bus-voltage phasors when available; otherwise diagnostic fallback
5.82,0.00924180427438337,0.0014887187595882256,0.00924180427438337,0.0014887187595882256,0.00924180427438337,0.0014887187595882256,-6.27075819572561,-1.0285112812404145,-6.279999999999993,-1.0300000000000027,0.0,0.0,Vmag_get_voltage_magnitude_series__angle_get_voltage_angle_series,true,Unknown,Ybus EMT reconstruction using exact complex bus-voltage phasors when available; otherwise diagnostic fallback
5.83,0.009240842483667855,0.0014885610064541144,0.009240842483667855,0.0014885610064541144,0.009240842483667855,0.0014885610064541144,-6.270759157516325,-1.0285114389935486,-6.279999999999993,-1.0300000000000027,0.0,0.0,Vmag_get_voltage_magnitude_series__angle_get_voltage_angle_series,true,Unknown,Ybus EMT reconstruction using exact complex bus-voltage phasors when available; otherwise diagnostic fallback
5.84,0.009239880982735649,0.0014884033007913633,0.009239880982735649,0.0014884033007913633,0.009239880982735649,0.0014884033007913633,-6.2707601190172575,-1.0285115966992113,-6.279999999999993,-1.0300000000000027,0.0,0.0,Vmag_get_voltage_magnitude_series__angle_get_voltage_angle_series,true,Unknown,Ybus EMT reconstruction using exact complex bus-voltage phasors when available; otherwise diagnostic fallback
5.85,0.00923891983841596,0.0014882456536633448,0.00923891983841596,0.0014882456536633448,0.00923891983841596,0.0014882456536633448,-6.270761080161577,-1.0285117543463393,-6.279999999999993,-1.0300000000000027,0.0,0.0,Vmag_get_voltage_magnitude_series__angle_get_voltage_angle_series,true,Unknown,Ybus EMT reconstruction using exact complex bus-voltage phasors when available; otherwise diagnostic fallback
5.86,0.009237959117164962,0.0014880880759851056,0.009237959117164962,0.0014880880759851056,0.009237959117164962,0.0014880880759851056,-6.270762040882828,-1.0285119119240176,-6.279999999999993,-1.0300000000000027,0.0,0.0,Vmag_get_voltage_magnitude_series__angle_get_voltage_angle_series,true,Unknown,Ybus EMT reconstruction using exact complex bus-voltage phasors when available; otherwise diagnostic fallback
5.87,0.009236998885081782,0.0014879305784898378,0.009236998885081782,0.0014879305784898378,0.009236998885081782,0.0014879305784898378,-6.270763001114911,-1.0285120694215129,-6.279999999999993,-1.0300000000000027,0.0,0.0,Vmag_get_voltage_magnitude_series__angle_get_voltage_angle_series,true,Unknown,Ybus EMT reconstruction using exact complex bus-voltage phasors when available; otherwise diagnostic fallback
5.88,0.0092360392078632,0.0014877731719764586,0.0092360392078632,0.0014877731719764586,0.0092360392078632,0.0014877731719764586,-6.27076396079213,-1.0285122268280262,-6.279999999999993,-1.0300000000000027,0.0,0.0,Vmag_get_voltage_magnitude_series__angle_get_voltage_angle_series,true,Unknown,Ybus EMT reconstruction using exact complex bus-voltage phasors when available; otherwise diagnostic fallback
5.89,0.0092350801508152,0.0014876158672092465,0.0092350801508152,0.0014876158672092465,0.0092350801508152,0.0014876158672092465,-6.270764919849178,-1.0285123841327934,-6.279999999999993,-1.0300000000000027,0.0,0.0,Vmag_get_voltage_magnitude_series__angle_get_voltage_angle_series,true,Unknown,Ybus EMT reconstruction using exact complex bus-voltage phasors when available; otherwise diagnostic fallback
5.9,0.009234121778784576,0.0014874586748474528,0.009234121778784576,0.0014874586748474528,0.009234121778784576,0.0014874586748474528,-6.270765878221209,-1.0285125413251552,-6.279999999999993,-1.0300000000000027,0.0,0.0,Vmag_get_voltage_magnitude_series__angle_get_voltage_angle_series,true,Unknown,Ybus EMT reconstruction using exact complex bus-voltage phasors when available; otherwise diagnostic fallback
5.91,0.009233164156149165,0.001487301605323399,0.009233164156149165,0.001487301605323399,0.009233164156149165,0.001487301605323399,-6.270766835843844,-1.0285126983946793,-6.279999999999993,-1.0300000000000027,0.0,0.0,Vmag_get_voltage_magnitude_series__angle_get_voltage_angle_series,true,Unknown,Ybus EMT reconstruction using exact complex bus-voltage phasors when available; otherwise diagnostic fallback
5.92,0.00923220734684893,0.0014871446692468204,0.00923220734684893,0.0014871446692468204,0.00923220734684893,0.0014871446692468204,-6.270767792653144,-1.0285128553307559,-6.279999999999993,-1.0300000000000027,0.0,0.0,Vmag_get_voltage_magnitude_series__angle_get_voltage_angle_series,true,Unknown,Ybus EMT reconstruction using exact complex bus-voltage phasors when available; otherwise diagnostic fallback
5.93,0.009231251414226094,0.0014869878769938616,0.009231251414226094,0.0014869878769938616,0.009231251414226094,0.0014869878769938616,-6.270768748585767,-1.0285130121230088,-6.279999999999993,-1.0300000000000027,0.0,0.0,Vmag_get_voltage_magnitude_series__angle_get_voltage_angle_series,true,Unknown,Ybus EMT reconstruction using exact complex bus-voltage phasors when available; otherwise diagnostic fallback
5.94,0.009230296421199213,0.0014868312388696125,0.009230296421199213,0.0014868312388696125,0.009230296421199213,0.0014868312388696125,-6.270769703578794,-1.028513168761133,-6.279999999999993,-1.0300000000000027,0.0,0.0,Vmag_get_voltage_magnitude_series__angle_get_voltage_angle_series,true,Unknown,Ybus EMT reconstruction using exact complex bus-voltage phasors when available; otherwise diagnostic fallback
5.95,0.009229342430089993,0.001486674765052376,0.009229342430089993,0.001486674765052376,0.009229342430089993,0.001486674765052376,-6.270770657569903,-1.0285133252349503,-6.279999999999993,-1.0300000000000027,0.0,0.0,Vmag_get_voltage_magnitude_series__angle_get_voltage_angle_series,true,Unknown,Ybus EMT reconstruction using exact complex bus-voltage phasors when available; otherwise diagnostic fallback
5.96,0.00922838950268634,0.0014865184656851493,0.00922838950268634,0.0014865184656851493,0.00922838950268634,0.0014865184656851493,-6.270771610497307,-1.0285134815343175,-6.279999999999993,-1.0300000000000027,0.0,0.0,Vmag_get_voltage_magnitude_series__angle_get_voltage_angle_series,true,Unknown,Ybus EMT reconstruction using exact complex bus-voltage phasors when available; otherwise diagnostic fallback
5.97,0.009227437700209506,0.0014863623508787338,0.009227437700209506,0.0014863623508787338,0.009227437700209506,0.0014863623508787338,-6.270772562299784,-1.028513637649124,-6.279999999999993,-1.0300000000000027,0.0,0.0,Vmag_get_voltage_magnitude_series__angle_get_voltage_angle_series,true,Unknown,Ybus EMT reconstruction using exact complex bus-voltage phasors when available; otherwise diagnostic fallback
5.98,0.009226487083273227,0.0014862064305292133,0.009226487083273227,0.0014862064305292133,0.009226487083273227,0.0014862064305292133,-6.27077351291672,-1.0285137935694735,-6.279999999999993,-1.0300000000000027,0.0,0.0,Vmag_get_voltage_magnitude_series__angle_get_voltage_angle_series,true,Unknown,Ybus EMT reconstruction using exact complex bus-voltage phasors when available; otherwise diagnostic fallback
5.99,0.00922553771190504,0.0014860507144462964,0.00922553771190504,0.0014860507144462964,0.00922553771190504,0.0014860507144462964,-6.270774462288088,-1.0285139492855564,-6.279999999999993,-1.0300000000000027,0.0,0.0,Vmag_get_voltage_magnitude_series__angle_get_voltage_angle_series,true,Unknown,Ybus EMT reconstruction using exact complex bus-voltage phasors when available; otherwise diagnostic fallback
6.0,0.009224589645547177,0.0014858952123995017,0.009224589645547177,0.0014858952123995017,0.009224589645547177,0.0014858952123995017,-6.270775410354446,-1.0285141047876032,-6.279999999999993,-1.0300000000000027,0.0,0.0,Vmag_get_voltage_magnitude_series__angle_get_voltage_angle_series,true,Unknown,Ybus EMT reconstruction using exact complex bus-voltage phasors when available; otherwise diagnostic fallback
6.01,0.009223642942974841,0.0014857399340444388,0.009223642942974841,0.0014857399340444388,0.009223642942974841,0.0014857399340444388,-6.270776357057018,-1.0285142600659583,-6.279999999999993,-1.0300000000000027,0.0,0.0,Vmag_get_voltage_magnitude_series__angle_get_voltage_angle_series,true,Unknown,Ybus EMT reconstruction using exact complex bus-voltage phasors when available; otherwise diagnostic fallback
6.02,0.00922269766238415,0.0014855848889521184,0.00922269766238415,0.0014855848889521184,0.00922269766238415,0.0014855848889521184,-6.270777302337609,-1.0285144151110506,-6.279999999999993,-1.0300000000000027,0.0,0.0,Vmag_get_voltage_magnitude_series__angle_get_voltage_angle_series,true,Unknown,Ybus EMT reconstruction using exact complex bus-voltage phasors when available; otherwise diagnostic fallback
6.03,0.009221753861318405,0.0014854300865509984,0.009221753861318405,0.0014854300865509984,0.009221753861318405,0.0014854300865509984,-6.270778246138675,-1.0285145699134517,-6.279999999999993,-1.0300000000000027,0.0,0.0,Vmag_get_voltage_magnitude_series__angle_get_voltage_angle_series,true,Unknown,Ybus EMT reconstruction using exact complex bus-voltage phasors when available; otherwise diagnostic fallback
6.04,0.009220811596675205,0.0014852755360852399,0.009220811596675205,0.0014852755360852399,0.009220811596675205,0.0014852755360852399,-6.270779188403318,-1.0285147244639175,-6.279999999999993,-1.0300000000000027,0.0,0.0,Vmag_get_voltage_magnitude_series__angle_get_voltage_angle_series,true,Unknown,Ybus EMT reconstruction using exact complex bus-voltage phasors when available; otherwise diagnostic fallback
6.05,0.009219870924733975,0.0014851212469579878,0.009219870924733975,0.0014851212469579878,0.009219870924733975,0.0014851212469579878,-6.270780129075259,-1.0285148787530447,-6.279999999999993,-1.0300000000000027,0.0,0.0,Vmag_get_voltage_magnitude_series__angle_get_voltage_angle_series,true,Unknown,Ybus EMT reconstruction using exact complex bus-voltage phasors when available; otherwise diagnostic fallback
6.06,0.009218931901076921,0.0014849672281085358,0.009218931901076921,0.0014849672281085358,0.009218931901076921,0.0014849672281085358,-6.270781068098916,-1.0285150327718942,-6.279999999999993,-1.0300000000000027,0.0,0.0,Vmag_get_voltage_magnitude_series__angle_get_voltage_angle_series,true,Unknown,Ybus EMT reconstruction using exact complex bus-voltage phasors when available; otherwise diagnostic fallback
6.07,0.009217994580667188,0.001484813488666692,0.009217994580667188,0.001484813488666692,0.009217994580667188,0.001484813488666692,-6.270782005419326,-1.028515186511336,-6.279999999999993,-1.0300000000000027,0.0,0.0,Vmag_get_voltage_magnitude_series__angle_get_voltage_angle_series,true,Unknown,Ybus EMT reconstruction using exact complex bus-voltage phasors when available; otherwise diagnostic fallback
6.08,0.009217059017816887,0.0014846600375004737,0.009217059017816887,0.0014846600375004737,0.009217059017816887,0.0014846600375004737,-6.270782940982176,-1.0285153399625022,-6.279999999999993,-1.0300000000000027,0.0,0.0,Vmag_get_voltage_magnitude_series__angle_get_voltage_angle_series,true,Unknown,Ybus EMT reconstruction using exact complex bus-voltage phasors when available; otherwise diagnostic fallback
6.09,0.009216125266165776,0.001484506883391079,0.009216125266165776,0.001484506883391079,0.009216125266165776,0.001484506883391079,-6.270783874733827,-1.0285154931166116,-6.279999999999993,-1.0300000000000027,0.0,0.0,Vmag_get_voltage_magnitude_series__angle_get_voltage_angle_series,true,Unknown,Ybus EMT reconstruction using exact complex bus-voltage phasors when available; otherwise diagnostic fallback
6.1,0.009215193378700803,0.0014843540350444329,0.009215193378700803,0.0014843540350444329,0.009215193378700803,0.0014843540350444329,-6.270784806621292,-1.0285156459649583,-6.279999999999993,-1.0300000000000027,0.0,0.0,Vmag_get_voltage_magnitude_series__angle_get_voltage_angle_series,true,Unknown,Ybus EMT reconstruction using exact complex bus-voltage phasors when available; otherwise diagnostic fallback
6.11,0.009214263407756995,0.0014842015010712029,0.009214263407756995,0.0014842015010712029,0.009214263407756995,0.0014842015010712029,-6.270785736592236,-1.0285157984989315,-6.279999999999993,-1.0300000000000027,0.0,0.0,Vmag_get_voltage_magnitude_series__angle_get_voltage_angle_series,true,Unknown,Ybus EMT reconstruction using exact complex bus-voltage phasors when available; otherwise diagnostic fallback
6.12,0.009213335404997025,0.001484049289903755,0.009213335404997025,0.001484049289903755,0.009213335404997025,0.001484049289903755,-6.270786664594996,-1.028515950710099,-6.279999999999993,-1.0300000000000027,0.0,0.0,Vmag_get_voltage_magnitude_series__angle_get_voltage_angle_series,true,Unknown,Ybus EMT reconstruction using exact complex bus-voltage phasors when available; otherwise diagnostic fallback
6.13,0.009212409421480494,0.001483897409899626,0.009212409421480494,0.001483897409899626,0.009212409421480494,0.001483897409899626,-6.270787590578513,-1.028516102590103,-6.279999999999993,-1.0300000000000027,0.0,0.0,Vmag_get_voltage_magnitude_series__angle_get_voltage_angle_series,true,Unknown,Ybus EMT reconstruction using exact complex bus-voltage phasors when available; otherwise diagnostic fallback
6.14,0.009211485507541362,0.0014837458694347827,0.009211485507541362,0.0014837458694347827,0.009211485507541362,0.0014837458694347827,-6.270788514492452,-1.028516254130568,-6.279999999999993,-1.0300000000000027,0.0,0.0,Vmag_get_voltage_magnitude_series__angle_get_voltage_angle_series,true,Unknown,Ybus EMT reconstruction using exact complex bus-voltage phasors when available; otherwise diagnostic fallback
6.15,0.00921056371291229,0.00148359467651904,0.00921056371291229,0.00148359467651904,0.00921056371291229,0.00148359467651904,-6.270789436287081,-1.0285164053234837,-6.279999999999993,-1.0300000000000027,0.0,0.0,Vmag_get_voltage_magnitude_series__angle_get_voltage_angle_series,true,Unknown,Ybus EMT reconstruction using exact complex bus-voltage phasors when available; otherwise diagnostic fallback
6.16,0.009209644086676683,0.001483443839281895,0.009209644086676683,0.001483443839281895,0.009209644086676683,0.001483443839281895,-6.2707903559133165,-1.0285165561607208,-6.279999999999993,-1.0300000000000027,0.0,0.0,Vmag_get_voltage_magnitude_series__angle_get_voltage_angle_series,true,Unknown,Ybus EMT reconstruction using exact complex bus-voltage phasors when available; otherwise diagnostic fallback
6.17,0.009208726677262469,0.0014832933656192537,0.009208726677262469,0.0014832933656192537,0.009208726677262469,0.0014832933656192537,-6.270791273322731,-1.0285167066343834,-6.279999999999993,-1.0300000000000027,0.0,0.0,Vmag_get_voltage_magnitude_series__angle_get_voltage_angle_series,true,Unknown,Ybus EMT reconstruction using exact complex bus-voltage phasors when available; otherwise diagnostic fallback
6.18,0.00920781153246164,0.0014831432634665465,0.00920781153246164,0.0014831432634665465,0.00920781153246164,0.0014831432634665465,-6.2707921884675315,-1.0285168567365361,-6.279999999999993,-1.0300000000000027,0.0,0.0,Vmag_get_voltage_magnitude_series__angle_get_voltage_angle_series,true,Unknown,Ybus EMT reconstruction using exact complex bus-voltage phasors when available; otherwise diagnostic fallback
6.19,0.009206898699440025,0.001482993540430133,0.009206898699440025,0.001482993540430133,0.009206898699440025,0.001482993540430133,-6.270793101300553,-1.0285170064595726,-6.279999999999993,-1.0300000000000027,0.0,0.0,Vmag_get_voltage_magnitude_series__angle_get_voltage_angle_series,true,Unknown,Ybus EMT reconstruction using exact complex bus-voltage phasors when available; otherwise diagnostic fallback
6.2,0.00920598822473817,0.0014828442042398304,0.00920598822473817,0.0014828442042398304,0.00920598822473817,0.0014828442042398304,-6.270794011775255,-1.0285171557957629,-6.279999999999993,-1.0300000000000027,0.0,0.0,Vmag_get_voltage_magnitude_series__angle_get_voltage_angle_series,true,Unknown,Ybus EMT reconstruction using exact complex bus-voltage phasors when available; otherwise diagnostic fallback
6.21,0.0092050801542376,0.0014826952624034107,0.0092050801542376,0.0014826952624034107,0.0092050801542376,0.0014826952624034107,-6.2707949198457555,-1.0285173047375993,-6.279999999999993,-1.0300000000000027,0.0,0.0,Vmag_get_voltage_magnitude_series__angle_get_voltage_angle_series,true,Unknown,Ybus EMT reconstruction using exact complex bus-voltage phasors when available; otherwise diagnostic fallback
6.22,0.009204174533250509,0.0014825467222909783,0.009204174533250509,0.0014825467222909783,0.009204174533250509,0.0014825467222909783,-6.270795825466743,-1.0285174532777117,-6.279999999999993,-1.0300000000000027,0.0,0.0,Vmag_get_voltage_magnitude_series__angle_get_voltage_angle_series,true,Unknown,Ybus EMT reconstruction using exact complex bus-voltage phasors when available; otherwise diagnostic fallback
6.23,0.0092032714064203,0.0014823985913217097,0.0092032714064203,0.0014823985913217097,0.0092032714064203,0.0014823985913217097,-6.270796728593573,-1.028517601408681,-6.279999999999993,-1.0300000000000027,0.0,0.0,Vmag_get_voltage_magnitude_series__angle_get_voltage_angle_series,true,Unknown,Ybus EMT reconstruction using exact complex bus-voltage phasors when available; otherwise diagnostic fallback
6.24,0.009202370817840588,0.0014822508766183518,0.009202370817840588,0.0014822508766183518,0.009202370817840588,0.0014822508766183518,-6.2707976291821526,-1.0285177491233843,-6.279999999999993,-1.0300000000000027,0.0,0.0,Vmag_get_voltage_magnitude_series__angle_get_voltage_angle_series,true,Unknown,Ybus EMT reconstruction using exact complex bus-voltage phasors when available; otherwise diagnostic fallback
6.25,0.009201472810961064,0.0014821035853960218,0.009201472810961064,0.0014821035853960218,0.009201472810961064,0.0014821035853960218,-6.270798527189032,-1.0285178964146067,-6.279999999999993,-1.0300000000000027,0.0,0.0,Vmag_get_voltage_magnitude_series__angle_get_voltage_angle_series,true,Unknown,Ybus EMT reconstruction using exact complex bus-voltage phasors when available; otherwise diagnostic fallback
6.26,0.009200577428623014,0.0014819567246353582,0.009200577428623014,0.0014819567246353582,0.009200577428623014,0.0014819567246353582,-6.27079942257137,-1.0285180432753673,-6.279999999999993,-1.0300000000000027,0.0,0.0,Vmag_get_voltage_magnitude_series__angle_get_voltage_angle_series,true,Unknown,Ybus EMT reconstruction using exact complex bus-voltage phasors when available; otherwise diagnostic fallback
6.27,0.009199684713099288,0.00148181030135075,0.009199684713099288,0.00148181030135075,0.009199684713099288,0.00148181030135075,-6.270800315286894,-1.028518189698652,-6.279999999999993,-1.0300000000000027,0.0,0.0,Vmag_get_voltage_magnitude_series__angle_get_voltage_angle_series,true,Unknown,Ybus EMT reconstruction using exact complex bus-voltage phasors when available; otherwise diagnostic fallback
6.28,0.009198794706057889,0.0014816643222737014,0.009198794706057889,0.0014816643222737014,0.009198794706057889,0.0014816643222737014,-6.270801205293935,-1.028518335677729,-6.279999999999993,-1.0300000000000027,0.0,0.0,Vmag_get_voltage_magnitude_series__angle_get_voltage_angle_series,true,Unknown,Ybus EMT reconstruction using exact complex bus-voltage phasors when available; otherwise diagnostic fallback
6.29,0.009197907448594833,0.0014815187941297214,0.009197907448594833,0.0014815187941297214,0.009197907448594833,0.0014815187941297214,-6.270802092551398,-1.028518481205873,-6.279999999999993,-1.0300000000000027,0.0,0.0,Vmag_get_voltage_magnitude_series__angle_get_voltage_angle_series,true,Unknown,Ybus EMT reconstruction using exact complex bus-voltage phasors when available; otherwise diagnostic fallback
6.3,0.009197022981212832,0.0014813737236918367,0.009197022981212832,0.0014813737236918367,0.009197022981212832,0.0014813737236918367,-6.27080297701878,-1.0285186262763109,-6.279999999999993,-1.0300000000000027,0.0,0.0,Vmag_get_voltage_magnitude_series__angle_get_voltage_angle_series,true,Unknown,Ybus EMT reconstruction using exact complex bus-voltage phasors when available; otherwise diagnostic fallback
6.31,0.009196141343854158,0.001481229117389793,0.009196141343854158,0.001481229117389793,0.009196141343854158,0.001481229117389793,-6.270803858656139,-1.028518770882613,-6.279999999999993,-1.0300000000000027,0.0,0.0,Vmag_get_voltage_magnitude_series__angle_get_voltage_angle_series,true,Unknown,Ybus EMT reconstruction using exact complex bus-voltage phasors when available; otherwise diagnostic fallback
6.32,0.009195262575889984,0.0014810849817223914,0.009195262575889984,0.0014810849817223914,0.009195262575889984,0.0014810849817223914,-6.270804737424103,-1.0285189150182803,-6.279999999999993,-1.0300000000000027,0.0,0.0,Vmag_get_voltage_magnitude_series__angle_get_voltage_angle_series,true,Unknown,Ybus EMT reconstruction using exact complex bus-voltage phasors when available; otherwise diagnostic fallback
6.33,0.009194386716108838,0.0014809413231260393,0.009194386716108838,0.0014809413231260393,0.009194386716108838,0.0014809413231260393,-6.270805613283884,-1.0285190586768767,-6.279999999999993,-1.0300000000000027,0.0,0.0,Vmag_get_voltage_magnitude_series__angle_get_voltage_angle_series,true,Unknown,Ybus EMT reconstruction using exact complex bus-voltage phasors when available; otherwise diagnostic fallback
6.34,0.009193513802735254,0.001480798147745599,0.009193513802735254,0.001480798147745599,0.009193513802735254,0.001480798147745599,-6.270806486197258,-1.028519201852257,-6.279999999999993,-1.0300000000000027,0.0,0.0,Vmag_get_voltage_magnitude_series__angle_get_voltage_angle_series,true,Unknown,Ybus EMT reconstruction using exact complex bus-voltage phasors when available; otherwise diagnostic fallback
6.35,0.009192643873488393,0.001480655461821856,0.009192643873488393,0.001480655461821856,0.009192643873488393,0.001480655461821856,-6.270807356126505,-1.0285193445381808,-6.279999999999993,-1.0300000000000027,0.0,0.0,Vmag_get_voltage_magnitude_series__angle_get_voltage_angle_series,true,Unknown,Ybus EMT reconstruction using exact complex bus-voltage phasors when available; otherwise diagnostic fallback
6.36,0.009191776965461251,0.001480513271421957,0.009191776965461251,0.001480513271421957,0.009191776965461251,0.001480513271421957,-6.270808223034532,-1.0285194867285807,-6.279999999999993,-1.0300000000000027,0.0,0.0,Vmag_get_voltage_magnitude_series__angle_get_voltage_angle_series,true,Unknown,Ybus EMT reconstruction using exact complex bus-voltage phasors when available; otherwise diagnostic fallback
6.37,0.009190913115245003,0.001480371582616824,0.009190913115245003,0.001480371582616824,0.009190913115245003,0.001480371582616824,-6.270809086884748,-1.0285196284173859,-6.279999999999993,-1.0300000000000027,0.0,0.0,Vmag_get_voltage_magnitude_series__angle_get_voltage_angle_series,true,Unknown,Ybus EMT reconstruction using exact complex bus-voltage phasors when available; otherwise diagnostic fallback
6.38,0.0091900523588766,0.001480230401243121,0.0091900523588766,0.001480230401243121,0.0091900523588766,0.001480230401243121,-6.2708099476411165,-1.0285197695987596,-6.279999999999993,-1.0300000000000027,0.0,0.0,Vmag_get_voltage_magnitude_series__angle_get_voltage_angle_series,true,Unknown,Ybus EMT reconstruction using exact complex bus-voltage phasors when available; otherwise diagnostic fallback
6.39,0.009189194731833439,0.0014800897331046503,0.009189194731833439,0.0014800897331046503,0.009189194731833439,0.0014800897331046503,-6.27081080526816,-1.028519910266898,-6.279999999999993,-1.0300000000000027,0.0,0.0,Vmag_get_voltage_magnitude_series__angle_get_voltage_angle_series,true,Unknown,Ybus EMT reconstruction using exact complex bus-voltage phasors when available; otherwise diagnostic fallback
6.4,0.009188340269099093,0.0014799495840138732,0.009188340269099093,0.0014799495840138732,0.009188340269099093,0.0014799495840138732,-6.270811659730894,-1.0285200504159888,-6.279999999999993,-1.0300000000000027,0.0,0.0,Vmag_get_voltage_magnitude_series__angle_get_voltage_angle_series,true,Unknown,Ybus EMT reconstruction using exact complex bus-voltage phasors when available; otherwise diagnostic fallback
6.41,0.009187489005042515,0.001479809959572087,0.009187489005042515,0.001479809959572087,0.009187489005042515,0.001479809959572087,-6.270812510994951,-1.0285201900404306,-6.279999999999993,-1.0300000000000027,0.0,0.0,Vmag_get_voltage_magnitude_series__angle_get_voltage_angle_series,true,Unknown,Ybus EMT reconstruction using exact complex bus-voltage phasors when available; otherwise diagnostic fallback
6.42,0.009186640973594784,0.0014796708653690427,0.009186640973594784,0.0014796708653690427,0.009186640973594784,0.0014796708653690427,-6.270813359026398,-1.0285203291346336,-6.279999999999993,-1.0300000000000027,0.0,0.0,Vmag_get_voltage_magnitude_series__angle_get_voltage_angle_series,true,Unknown,Ybus EMT reconstruction using exact complex bus-voltage phasors when available; otherwise diagnostic fallback
6.43,0.009185796208060815,0.001479532306770892,0.009185796208060815,0.001479532306770892,0.009185796208060815,0.001479532306770892,-6.270814203791932,-1.0285204676932318,-6.279999999999993,-1.0300000000000027,0.0,0.0,Vmag_get_voltage_magnitude_series__angle_get_voltage_angle_series,true,Unknown,Ybus EMT reconstruction using exact complex bus-voltage phasors when available; otherwise diagnostic fallback
6.44,0.009184954741299656,0.001479394289267466,0.009184954741299656,0.001479394289267466,0.009184954741299656,0.001479394289267466,-6.2708150452586935,-1.0285206057107352,-6.279999999999993,-1.0300000000000027,0.0,0.0,Vmag_get_voltage_magnitude_series__angle_get_voltage_angle_series,true,Unknown,Ybus EMT reconstruction using exact complex bus-voltage phasors when available; otherwise diagnostic fallback
6.45,0.009184116605585046,0.0014792568181201116,0.009184116605585046,0.0014792568181201116,0.009184116605585046,0.0014792568181201116,-6.270815883394408,-1.0285207431818826,-6.279999999999993,-1.0300000000000027,0.0,0.0,Vmag_get_voltage_magnitude_series__angle_get_voltage_angle_series,true,Unknown,Ybus EMT reconstruction using exact complex bus-voltage phasors when available; otherwise diagnostic fallback
6.46,0.009183281832714663,0.0014791198985737442,0.009183281832714663,0.0014791198985737442,0.009183281832714663,0.0014791198985737442,-6.2708167181672785,-1.028520880101429,-6.279999999999993,-1.0300000000000027,0.0,0.0,Vmag_get_voltage_magnitude_series__angle_get_voltage_angle_series,true,Unknown,Ybus EMT reconstruction using exact complex bus-voltage phasors when available; otherwise diagnostic fallback
6.47,0.009182450453904423,0.001478983535672329,0.009182450453904423,0.001478983535672329,0.009182450453904423,0.001478983535672329,-6.270817549546089,-1.0285210164643304,-6.279999999999993,-1.0300000000000027,0.0,0.0,Vmag_get_voltage_magnitude_series__angle_get_voltage_angle_series,true,Unknown,Ybus EMT reconstruction using exact complex bus-voltage phasors when available; otherwise diagnostic fallback
6.48,0.009181622499918163,0.0014788477345535345,0.009181622499918163,0.0014788477345535345,0.009181622499918163,0.0014788477345535345,-6.270818377500075,-1.0285211522654492,-6.279999999999993,-1.0300000000000027,0.0,0.0,Vmag_get_voltage_magnitude_series__angle_get_voltage_angle_series,true,Unknown,Ybus EMT reconstruction using exact complex bus-voltage phasors when available; otherwise diagnostic fallback
6.49,0.009180798000962831,0.0014787125001125556,0.009180798000962831,0.0014787125001125556,0.009180798000962831,0.0014787125001125556,-6.27081920199903,-1.0285212874998901,-6.279999999999993,-1.0300000000000027,0.0,0.0,Vmag_get_voltage_magnitude_series__angle_get_voltage_angle_series,true,Unknown,Ybus EMT reconstruction using exact complex bus-voltage phasors when available; otherwise diagnostic fallback
6.5,0.009179976986690264,0.0014785778372263803,0.009179976986690264,0.0014785778372263803,0.009179976986690264,0.0014785778372263803,-6.270820023013303,-1.0285214221627763,-6.279999999999993,-1.0300000000000027,0.0,0.0,Vmag_get_voltage_magnitude_series__angle_get_voltage_angle_series,true,Unknown,Ybus EMT reconstruction using exact complex bus-voltage phasors when available; otherwise diagnostic fallback
6.51,0.009179159486320643,0.0014784437506980552,0.009179159486320643,0.0014784437506980552,0.009179159486320643,0.0014784437506980552,-6.2708208405136725,-1.0285215562493046,-6.279999999999993,-1.0300000000000027,0.0,0.0,Vmag_get_voltage_magnitude_series__angle_get_voltage_angle_series,true,Unknown,Ybus EMT reconstruction using exact complex bus-voltage phasors when available; otherwise diagnostic fallback
6.52,0.009178345528524368,0.0014783102453002073,0.009178345528524368,0.0014783102453002073,0.009178345528524368,0.0014783102453002073,-6.270821654471469,-1.0285216897547025,-6.279999999999993,-1.0300000000000027,0.0,0.0,Vmag_get_voltage_magnitude_series__angle_get_voltage_angle_series,true,Unknown,Ybus EMT reconstruction using exact complex bus-voltage phasors when available; otherwise diagnostic fallback
6.53,0.009177535141420279,0.001478177325401564,0.009177535141420279,0.001478177325401564,0.009177535141420279,0.001478177325401564,-6.270822464858573,-1.0285218226746011,-6.279999999999993,-1.0300000000000027,0.0,0.0,Vmag_get_voltage_magnitude_series__angle_get_voltage_angle_series,true,Unknown,Ybus EMT reconstruction using exact complex bus-voltage phasors when available; otherwise diagnostic fallback
6.54,0.009176728352671581,0.0014780449958413655,0.009176728352671581,0.0014780449958413655,0.009176728352671581,0.0014780449958413655,-6.270823271647322,-1.0285219550041613,-6.279999999999993,-1.0300000000000027,0.0,0.0,Vmag_get_voltage_magnitude_series__angle_get_voltage_angle_series,true,Unknown,Ybus EMT reconstruction using exact complex bus-voltage phasors when available; otherwise diagnostic fallback
6.55,0.009175925189373935,0.0014779132608548906,0.009175925189373935,0.0014779132608548906,0.009175925189373935,0.0014779132608548906,-6.270824074810619,-1.0285220867391478,-6.279999999999993,-1.0300000000000027,0.0,0.0,Vmag_get_voltage_magnitude_series__angle_get_voltage_angle_series,true,Unknown,Ybus EMT reconstruction using exact complex bus-voltage phasors when available; otherwise diagnostic fallback
6.56,0.009175125678170026,0.0014777821248985745,0.009175125678170026,0.0014777821248985745,0.009175125678170026,0.0014777821248985745,-6.270824874321823,-1.0285222178751041,-6.279999999999993,-1.0300000000000027,0.0,0.0,Vmag_get_voltage_magnitude_series__angle_get_voltage_angle_series,true,Unknown,Ybus EMT reconstruction using exact complex bus-voltage phasors when available; otherwise diagnostic fallback
6.57,0.009174329845125229,0.0014776515922629851,0.009174329845125229,0.0014776515922629851,0.009174329845125229,0.0014776515922629851,-6.270825670154868,-1.0285223484077397,-6.279999999999993,-1.0300000000000027,0.0,0.0,Vmag_get_voltage_magnitude_series__angle_get_voltage_angle_series,true,Unknown,Ybus EMT reconstruction using exact complex bus-voltage phasors when available; otherwise diagnostic fallback
6.58,0.009173537715850166,0.0014775216670990243,0.009173537715850166,0.0014775216670990243,0.009173537715850166,0.0014775216670990243,-6.270826462284143,-1.0285224783329037,-6.279999999999993,-1.0300000000000027,0.0,0.0,Vmag_get_voltage_magnitude_series__angle_get_voltage_angle_series,true,Unknown,Ybus EMT reconstruction using exact complex bus-voltage phasors when available; otherwise diagnostic fallback
6.59,0.009172749315439432,0.0014773923535305045,0.009172749315439432,0.0014773923535305045,0.009172749315439432,0.0014773923535305045,-6.270827250684554,-1.0285226076464722,-6.279999999999993,-1.0300000000000027,0.0,0.0,Vmag_get_voltage_magnitude_series__angle_get_voltage_angle_series,true,Unknown,Ybus EMT reconstruction using exact complex bus-voltage phasors when available; otherwise diagnostic fallback
6.6,0.009171964668459154,0.0014772636556421581,0.009171964668459154,0.0014772636556421581,0.009171964668459154,0.0014772636556421581,-6.270828035331534,-1.0285227363443605,-6.279999999999993,-1.0300000000000027,0.0,0.0,Vmag_get_voltage_magnitude_series__angle_get_voltage_angle_series,true,Unknown,Ybus EMT reconstruction using exact complex bus-voltage phasors when available; otherwise diagnostic fallback
6.61,0.009171183798961202,0.0014771355772915662,0.009171183798961202,0.0014771355772915662,0.009171183798961202,0.0014771355772915662,-6.270828816201032,-1.0285228644227111,-6.279999999999993,-1.0300000000000027,0.0,0.0,Vmag_get_voltage_magnitude_series__angle_get_voltage_angle_series,true,Unknown,Ybus EMT reconstruction using exact complex bus-voltage phasors when available; otherwise diagnostic fallback
6.62,0.009170406730516056,0.0014770081224306786,0.009170406730516056,0.0014770081224306786,0.009170406730516056,0.0014770081224306786,-6.270829593269477,-1.028522991877572,-6.279999999999993,-1.0300000000000027,0.0,0.0,Vmag_get_voltage_magnitude_series__angle_get_voltage_angle_series,true,Unknown,Ybus EMT reconstruction using exact complex bus-voltage phasors when available; otherwise diagnostic fallback
6.63,0.0091696334861604,0.0014768812947283383,0.0091696334861604,0.0014768812947283383,0.0091696334861604,0.0014768812947283383,-6.270830366513833,-1.0285231187052744,-6.279999999999993,-1.0300000000000027,0.0,0.0,Vmag_get_voltage_magnitude_series__angle_get_voltage_angle_series,true,Unknown,Ybus EMT reconstruction using exact complex bus-voltage phasors when available; otherwise diagnostic fallback
6.64,0.009168864088437978,0.0014767550979855049,0.009168864088437978,0.0014767550979855049,0.009168864088437978,0.0014767550979855049,-6.270831135911555,-1.0285232449020172,-6.279999999999993,-1.0300000000000027,0.0,0.0,Vmag_get_voltage_magnitude_series__angle_get_voltage_angle_series,true,Unknown,Ybus EMT reconstruction using exact complex bus-voltage phasors when available; otherwise diagnostic fallback
6.65,0.009168098559389826,0.0014766295358272785,0.009168098559389826,0.0014766295358272785,0.009168098559389826,0.0014766295358272785,-6.270831901440603,-1.0285233704641754,-6.279999999999993,-1.0300000000000027,0.0,0.0,Vmag_get_voltage_magnitude_series__angle_get_voltage_angle_series,true,Unknown,Ybus EMT reconstruction using exact complex bus-voltage phasors when available; otherwise diagnostic fallback
6.66,0.009167336920521407,0.0014765046116647085,0.009167336920521407,0.0014765046116647085,0.009167336920521407,0.0014765046116647085,-6.270832663079472,-1.028523495388338,-6.279999999999993,-1.0300000000000027,0.0,0.0,Vmag_get_voltage_magnitude_series__angle_get_voltage_angle_series,true,Unknown,Ybus EMT reconstruction using exact complex bus-voltage phasors when available; otherwise diagnostic fallback
6.67,0.009166579192886104,0.0014763803290898103,0.009166579192886104,0.0014763803290898103,0.009166579192886104,0.0014763803290898103,-6.270833420807107,-1.0285236196709129,-6.279999999999993,-1.0300000000000027,0.0,0.0,Vmag_get_voltage_magnitude_series__angle_get_voltage_angle_series,true,Unknown,Ybus EMT reconstruction using exact complex bus-voltage phasors when available; otherwise diagnostic fallback
6.68,0.009165825397001726,0.001476256691337996,0.009165825397001726,0.001476256691337996,0.009165825397001726,0.001476256691337996,-6.270834174602991,-1.0285237433086647,-6.279999999999993,-1.0300000000000027,0.0,0.0,Vmag_get_voltage_magnitude_series__angle_get_voltage_angle_series,true,Unknown,Ybus EMT reconstruction using exact complex bus-voltage phasors when available; otherwise diagnostic fallback
6.69,0.009165075552838076,0.0014761337018041054,0.009165075552838076,0.0014761337018041054,0.009165075552838076,0.0014761337018041054,-6.270834924447155,-1.0285238662981986,-6.279999999999993,-1.0300000000000027,0.0,0.0,Vmag_get_voltage_magnitude_series__angle_get_voltage_angle_series,true,Unknown,Ybus EMT reconstruction using exact complex bus-voltage phasors when available; otherwise diagnostic fallback
6.7,0.009164329679950178,0.0014760113635874372,0.009164329679950178,0.0014760113635874372,0.009164329679950178,0.0014760113635874372,-6.270835670320043,-1.0285239886364153,-6.279999999999993,-1.0300000000000027,0.0,0.0,Vmag_get_voltage_magnitude_series__angle_get_voltage_angle_series,true,Unknown,Ybus EMT reconstruction using exact complex bus-voltage phasors when available; otherwise diagnostic fallback
6.71,0.00916358779732196,0.0014758896798559018,0.00916358779732196,0.0014758896798559018,0.00916358779732196,0.0014758896798559018,-6.270836412202671,-1.0285241103201468,-6.279999999999993,-1.0300000000000027,0.0,0.0,Vmag_get_voltage_magnitude_series__angle_get_voltage_angle_series,true,Unknown,Ybus EMT reconstruction using exact complex bus-voltage phasors when available; otherwise diagnostic fallback
6.72,0.009162849923462169,0.0014757686536626125,0.009162849923462169,0.0014757686536626125,0.009162849923462169,0.0014757686536626125,-6.270837150076531,-1.02852423134634,-6.279999999999993,-1.0300000000000027,0.0,0.0,Vmag_get_voltage_magnitude_series__angle_get_voltage_angle_series,true,Unknown,Ybus EMT reconstruction using exact complex bus-voltage phasors when available; otherwise diagnostic fallback
6.73,0.009162116076381288,0.00147564828794855,0.009162116076381288,0.00147564828794855,0.009162116076381288,0.00147564828794855,-6.270837883923612,-1.0285243517120541,-6.279999999999993,-1.0300000000000027,0.0,0.0,Vmag_get_voltage_magnitude_series__angle_get_voltage_angle_series,true,Unknown,Ybus EMT reconstruction using exact complex bus-voltage phasors when available; otherwise diagnostic fallback
6.74,0.009161386273563998,0.0014755285855478917,0.009161386273563998,0.0014755285855478917,0.009161386273563998,0.0014755285855478917,-6.270838613726429,-1.0285244714144548,-6.279999999999993,-1.0300000000000027,0.0,0.0,Vmag_get_voltage_magnitude_series__angle_get_voltage_angle_series,true,Unknown,Ybus EMT reconstruction using exact complex bus-voltage phasors when available; otherwise diagnostic fallback
6.75,0.00916066053201714,0.0014754095492939268,0.00916066053201714,0.0014754095492939268,0.00916066053201714,0.0014754095492939268,-6.270839339467976,-1.0285245904507088,-6.279999999999993,-1.0300000000000027,0.0,0.0,Vmag_get_voltage_magnitude_series__angle_get_voltage_angle_series,true,Unknown,Ybus EMT reconstruction using exact complex bus-voltage phasors when available; otherwise diagnostic fallback
6.76,0.009159938868258166,0.0014752911818656234,0.009159938868258166,0.0014752911818656234,0.009159938868258166,0.0014752911818656234,-6.270840061131735,-1.028524708818137,-6.279999999999993,-1.0300000000000027,0.0,0.0,Vmag_get_voltage_magnitude_series__angle_get_voltage_angle_series,true,Unknown,Ybus EMT reconstruction using exact complex bus-voltage phasors when available; otherwise diagnostic fallback
6.77,0.009159221298276954,0.0014751734859359544,0.009159221298276954,0.0014751734859359544,0.009159221298276954,0.0014751734859359544,-6.270840778701716,-1.0285248265140667,-6.279999999999993,-1.0300000000000027,0.0,0.0,Vmag_get_voltage_magnitude_series__angle_get_voltage_angle_series,true,Unknown,Ybus EMT reconstruction using exact complex bus-voltage phasors when available; otherwise diagnostic fallback
6.78,0.009158507837568663,0.001475056464008695,0.009158507837568663,0.001475056464008695,0.009158507837568663,0.001475056464008695,-6.2708414921624245,-1.028524943535994,-6.279999999999993,-1.0300000000000027,0.0,0.0,Vmag_get_voltage_magnitude_series__angle_get_voltage_angle_series,true,Unknown,Ybus EMT reconstruction using exact complex bus-voltage phasors when available; otherwise diagnostic fallback
6.79,0.009157798501171044,0.0014749401184663835,0.009157798501171044,0.0014749401184663835,0.009157798501171044,0.0014749401184663835,-6.270842201498822,-1.0285250598815363,-6.279999999999993,-1.0300000000000027,0.0,0.0,Vmag_get_voltage_magnitude_series__angle_get_voltage_angle_series,true,Unknown,Ybus EMT reconstruction using exact complex bus-voltage phasors when available; otherwise diagnostic fallback
6.8,0.009157093303614694,0.001474824451857204,0.009157093303614694,0.001474824451857204,0.009157093303614694,0.001474824451857204,-6.2708429066963784,-1.0285251755481455,-6.279999999999993,-1.0300000000000027,0.0,0.0,Vmag_get_voltage_magnitude_series__angle_get_voltage_angle_series,true,Unknown,Ybus EMT reconstruction using exact complex bus-voltage phasors when available; otherwise diagnostic fallback
6.81,0.009156392258916846,0.0014747094663669635,0.009156392258916846,0.0014747094663669635,0.009156392258916846,0.0014747094663669635,-6.270843607741076,-1.0285252905336357,-6.279999999999993,-1.0300000000000027,0.0,0.0,Vmag_get_voltage_magnitude_series__angle_get_voltage_angle_series,true,Unknown,Ybus EMT reconstruction using exact complex bus-voltage phasors when available; otherwise diagnostic fallback
6.82,0.00915569538062666,0.0014745951642529675,0.00915569538062666,0.0014745951642529675,0.00915569538062666,0.0014745951642529675,-6.2708443046193665,-1.0285254048357497,-6.279999999999993,-1.0300000000000027,0.0,0.0,Vmag_get_voltage_magnitude_series__angle_get_voltage_angle_series,true,Unknown,Ybus EMT reconstruction using exact complex bus-voltage phasors when available; otherwise diagnostic fallback
6.83,0.009155002681796809,0.0014744815476317452,0.009155002681796809,0.0014744815476317452,0.009155002681796809,0.0014744815476317452,-6.270844997318196,-1.028525518452371,-6.279999999999993,-1.0300000000000027,0.0,0.0,Vmag_get_voltage_magnitude_series__angle_get_voltage_angle_series,true,Unknown,Ybus EMT reconstruction using exact complex bus-voltage phasors when available; otherwise diagnostic fallback
6.84,0.009154314174971923,0.0014743686186498017,0.009154314174971923,0.0014743686186498017,0.009154314174971923,0.0014743686186498017,-6.270845685825021,-1.028525631381353,-6.279999999999993,-1.0300000000000027,0.0,0.0,Vmag_get_voltage_magnitude_series__angle_get_voltage_angle_series,true,Unknown,Ybus EMT reconstruction using exact complex bus-voltage phasors when available; otherwise diagnostic fallback
6.85,0.009153629872260538,0.0014742563791452223,0.009153629872260538,0.0014742563791452223,0.009153629872260538,0.0014742563791452223,-6.270846370127733,-1.0285257436208575,-6.279999999999993,-1.0300000000000027,0.0,0.0,Vmag_get_voltage_magnitude_series__angle_get_voltage_angle_series,true,Unknown,Ybus EMT reconstruction using exact complex bus-voltage phasors when available; otherwise diagnostic fallback
6.86,0.009152949785282694,0.0014741448311574867,0.009152949785282694,0.0014741448311574867,0.009152949785282694,0.0014741448311574867,-6.2708470502147104,-1.0285258551688452,-6.279999999999993,-1.0300000000000027,0.0,0.0,Vmag_get_voltage_magnitude_series__angle_get_voltage_angle_series,true,Unknown,Ybus EMT reconstruction using exact complex bus-voltage phasors when available; otherwise diagnostic fallback
6.87,0.009152273925122856,0.001474033976444522,0.009152273925122856,0.001474033976444522,0.009152273925122856,0.001474033976444522,-6.27084772607487,-1.0285259660235582,-6.279999999999993,-1.0300000000000027,0.0,0.0,Vmag_get_voltage_magnitude_series__angle_get_voltage_angle_series,true,Unknown,Ybus EMT reconstruction using exact complex bus-voltage phasors when available; otherwise diagnostic fallback
6.88,0.009151602302460482,0.0014739238167491564,0.009151602302460482,0.0014739238167491564,0.009151602302460482,0.0014739238167491564,-6.270848397697533,-1.0285260761832535,-6.279999999999993,-1.0300000000000027,0.0,0.0,Vmag_get_voltage_magnitude_series__angle_get_voltage_angle_series,true,Unknown,Ybus EMT reconstruction using exact complex bus-voltage phasors when available; otherwise diagnostic fallback
6.89,0.00915093492744834,0.0014738143537573745,0.00915093492744834,0.0014738143537573745,0.00915093492744834,0.0014738143537573745,-6.270849065072545,-1.0285261856462453,-6.279999999999993,-1.0300000000000027,0.0,0.0,Vmag_get_voltage_magnitude_series__angle_get_voltage_angle_series,true,Unknown,Ybus EMT reconstruction using exact complex bus-voltage phasors when available; otherwise diagnostic fallback
6.9,0.009150271809801325,0.0014737055890787776,0.009150271809801325,0.0014737055890787776,0.009150271809801325,0.0014737055890787776,-6.270849728190192,-1.028526294410924,-6.279999999999993,-1.0300000000000027,0.0,0.0,Vmag_get_voltage_magnitude_series__angle_get_voltage_angle_series,true,Unknown,Ybus EMT reconstruction using exact complex bus-voltage phasors when available; otherwise diagnostic fallback
6.91,0.009149612958788467,0.0014735975242041732,0.009149612958788467,0.0014735975242041732,0.009149612958788467,0.0014735975242041732,-6.270850387041205,-1.0285264024757985,-6.279999999999993,-1.0300000000000027,0.0,0.0,Vmag_get_voltage_magnitude_series__angle_get_voltage_angle_series,true,Unknown,Ybus EMT reconstruction using exact complex bus-voltage phasors when available; otherwise diagnostic fallback
6.92,0.009148958383104144,0.001473490160530444,0.009148958383104144,0.001473490160530444,0.009148958383104144,0.001473490160530444,-6.270851041616889,-1.0285265098394722,-6.279999999999993,-1.0300000000000027,0.0,0.0,Vmag_get_voltage_magnitude_series__angle_get_voltage_angle_series,true,Unknown,Ybus EMT reconstruction using exact complex bus-voltage phasors when available; otherwise diagnostic fallback
6.93,0.009148308091110557,0.001473383499486447,0.009148308091110557,0.001473383499486447,0.009148308091110557,0.001473383499486447,-6.270851691908883,-1.0285266165005162,-6.279999999999993,-1.0300000000000027,0.0,0.0,Vmag_get_voltage_magnitude_series__angle_get_voltage_angle_series,true,Unknown,Ybus EMT reconstruction using exact complex bus-voltage phasors when available; otherwise diagnostic fallback
6.94,0.009147662090646769,0.0014732775423595967,0.009147662090646769,0.0014732775423595967,0.009147662090646769,0.0014732775423595967,-6.270852337909346,-1.028526722457643,-6.279999999999993,-1.0300000000000027,0.0,0.0,Vmag_get_voltage_magnitude_series__angle_get_voltage_angle_series,true,Unknown,Ybus EMT reconstruction using exact complex bus-voltage phasors when available; otherwise diagnostic fallback
6.95,0.009147020389100646,0.0014731722903040811,0.009147020389100646,0.0014731722903040811,0.009147020389100646,0.0014731722903040811,-6.2708529796108925,-1.0285268277096986,-6.279999999999993,-1.0300000000000027,0.0,0.0,Vmag_get_voltage_magnitude_series__angle_get_voltage_angle_series,true,Unknown,Ybus EMT reconstruction using exact complex bus-voltage phasors when available; otherwise diagnostic fallback
6.96,0.009146382993419522,0.001473067744528711,0.009146382993419522,0.001473067744528711,0.009146382993419522,0.001473067744528711,-6.270853617006574,-1.028526932255474,-6.279999999999993,-1.0300000000000027,0.0,0.0,Vmag_get_voltage_magnitude_series__angle_get_voltage_angle_series,true,Unknown,Ybus EMT reconstruction using exact complex bus-voltage phasors when available; otherwise diagnostic fallback
6.97,0.00914574991008621,0.0014729639060739874,0.00914574991008621,0.0014729639060739874,0.00914574991008621,0.0014729639060739874,-6.270854250089907,-1.0285270360939287,-6.279999999999993,-1.0300000000000027,0.0,0.0,Vmag_get_voltage_magnitude_series__angle_get_voltage_angle_series,true,Unknown,Ybus EMT reconstruction using exact complex bus-voltage phasors when available; otherwise diagnostic fallback
6.98,0.009145121145164303,0.001472860775928897,0.009145121145164303,0.001472860775928897,0.009145121145164303,0.001472860775928897,-6.270854878854829,-1.0285271392240738,-6.279999999999993,-1.0300000000000027,0.0,0.0,Vmag_get_voltage_magnitude_series__angle_get_voltage_angle_series,true,Unknown,Ybus EMT reconstruction using exact complex bus-voltage phasors when available; otherwise diagnostic fallback
6.99,0.0091444967042289,0.0014727583549973833,0.0091444967042289,0.0014727583549973833,0.0091444967042289,0.0014727583549973833,-6.270855503295764,-1.0285272416450053,-6.279999999999993,-1.0300000000000027,0.0,0.0,Vmag_get_voltage_magnitude_series__angle_get_voltage_angle_series,true,Unknown,Ybus EMT reconstruction using exact complex bus-voltage phasors when available; otherwise diagnostic fallback
7.0,0.00914387659247673,0.0014726566440717015,0.00914387659247673,0.0014726566440717015,0.00914387659247673,0.0014726566440717015,-6.270856123407516,-1.028527343355931,-6.279999999999993,-1.0300000000000027,0.0,0.0,Vmag_get_voltage_magnitude_series__angle_get_voltage_angle_series,true,Unknown,Ybus EMT reconstruction using exact complex bus-voltage phasors when available; otherwise diagnostic fallback
7.01,0.009143260814635568,0.0014725556440513543,0.009143260814635568,0.0014725556440513543,0.009143260814635568,0.0014725556440513543,-6.270856739185358,-1.0285274443559513,-6.279999999999993,-1.0300000000000027,0.0,0.0,Vmag_get_voltage_magnitude_series__angle_get_voltage_angle_series,true,Unknown,Ybus EMT reconstruction using exact complex bus-voltage phasors when available; otherwise diagnostic fallback
7.02,0.00914264937499265,0.0014724553555776065,0.00914264937499265,0.0014724553555776065,0.00914264937499265,0.0014724553555776065,-6.2708573506250005,-1.028527544644425,-6.279999999999993,-1.0300000000000027,0.0,0.0,Vmag_get_voltage_magnitude_series__angle_get_voltage_angle_series,true,Unknown,Ybus EMT reconstruction using exact complex bus-voltage phasors when available; otherwise diagnostic fallback
7.03,0.009142042277442641,0.0014723557792450936,0.009142042277442641,0.0014723557792450936,0.009142042277442641,0.0014723557792450936,-6.2708579577225505,-1.0285276442207576,-6.279999999999993,-1.0300000000000027,0.0,0.0,Vmag_get_voltage_magnitude_series__angle_get_voltage_angle_series,true,Unknown,Ybus EMT reconstruction using exact complex bus-voltage phasors when available; otherwise diagnostic fallback
7.04,0.009141439525419237,0.0014722569157206156,0.009141439525419237,0.0014722569157206156,0.009141439525419237,0.0014722569157206156,-6.270858560474574,-1.028527743084282,-6.279999999999993,-1.0300000000000027,0.0,0.0,Vmag_get_voltage_magnitude_series__angle_get_voltage_angle_series,true,Unknown,Ybus EMT reconstruction using exact complex bus-voltage phasors when available; otherwise diagnostic fallback
7.05,0.009140841121975107,0.0014721587654165091,0.009140841121975107,0.0014721587654165091,0.009140841121975107,0.0014721587654165091,-6.270859158878018,-1.0285278412345862,-6.279999999999993,-1.0300000000000027,0.0,0.0,Vmag_get_voltage_magnitude_series__angle_get_voltage_angle_series,true,Unknown,Ybus EMT reconstruction using exact complex bus-voltage phasors when available; otherwise diagnostic fallback
7.06,0.009140247069728602,0.0014720613288663476,0.009140247069728602,0.0014720613288663476,0.009140247069728602,0.0014720613288663476,-6.2708597529302645,-1.0285279386711363,-6.279999999999993,-1.0300000000000027,0.0,0.0,Vmag_get_voltage_magnitude_series__angle_get_voltage_angle_series,true,Unknown,Ybus EMT reconstruction using exact complex bus-voltage phasors when available; otherwise diagnostic fallback
7.07,0.009139657370886844,0.0014719646062792968,0.009139657370886844,0.0014719646062792968,0.009139657370886844,0.0014719646062792968,-6.270860342629106,-1.0285280353937234,-6.279999999999993,-1.0300000000000027,0.0,0.0,Vmag_get_voltage_magnitude_series__angle_get_voltage_angle_series,true,Unknown,Ybus EMT reconstruction using exact complex bus-voltage phasors when available; otherwise diagnostic fallback
7.08,0.00913907202726616,0.0014718685980876778,0.00913907202726616,0.0014718685980876778,0.00913907202726616,0.0014718685980876778,-6.270860927972727,-1.028528131401915,-6.279999999999993,-1.0300000000000027,0.0,0.0,Vmag_get_voltage_magnitude_series__angle_get_voltage_angle_series,true,Unknown,Ybus EMT reconstruction using exact complex bus-voltage phasors when available; otherwise diagnostic fallback
7.09,0.009138491040255659,0.0014717733044149472,0.009138491040255659,0.0014717733044149472,0.009138491040255659,0.0014717733044149472,-6.2708615089597375,-1.0285282266955877,-6.279999999999993,-1.0300000000000027,0.0,0.0,Vmag_get_voltage_magnitude_series__angle_get_voltage_angle_series,true,Unknown,Ybus EMT reconstruction using exact complex bus-voltage phasors when available; otherwise diagnostic fallback
7.1,0.009137914410896286,0.001471678725543768,0.009137914410896286,0.001471678725543768,0.009137914410896286,0.001471678725543768,-6.270862085589097,-1.028528321274459,-6.279999999999993,-1.0300000000000027,0.0,0.0,Vmag_get_voltage_magnitude_series__angle_get_voltage_angle_series,true,Unknown,Ybus EMT reconstruction using exact complex bus-voltage phasors when available; otherwise diagnostic fallback
7.11,0.009137342139755589,0.001471584861444608,0.009137342139755589,0.001471584861444608,0.009137342139755589,0.001471584861444608,-6.2708626578602376,-1.028528415138558,-6.279999999999993,-1.0300000000000027,0.0,0.0,Vmag_get_voltage_magnitude_series__angle_get_voltage_angle_series,true,Unknown,Ybus EMT reconstruction using exact complex bus-voltage phasors when available; otherwise diagnostic fallback
7.12,0.009136774227089361,0.0014714917122280458,0.009136774227089361,0.0014714917122280458,0.009136774227089361,0.0014714917122280458,-6.270863225772904,-1.0285285082877746,-6.279999999999993,-1.0300000000000027,0.0,0.0,Vmag_get_voltage_magnitude_series__angle_get_voltage_angle_series,true,Unknown,Ybus EMT reconstruction using exact complex bus-voltage phasors when available; otherwise diagnostic fallback
7.13,0.009136210672725298,0.001471399277884089,0.009136210672725298,0.001471399277884089,0.009136210672725298,0.001471399277884089,-6.270863789327268,-1.0285286007221186,-6.279999999999993,-1.0300000000000027,0.0,0.0,Vmag_get_voltage_magnitude_series__angle_get_voltage_angle_series,true,Unknown,Ybus EMT reconstruction using exact complex bus-voltage phasors when available; otherwise diagnostic fallback
7.14,0.00913565147614559,0.0014713075583414614,0.00913565147614559,0.0014713075583414614,0.00913565147614559,0.0014713075583414614,-6.2708643485238476,-1.0285286924416612,-6.279999999999993,-1.0300000000000027,0.0,0.0,Vmag_get_voltage_magnitude_series__angle_get_voltage_angle_series,true,Unknown,Ybus EMT reconstruction using exact complex bus-voltage phasors when available; otherwise diagnostic fallback
7.15,0.00913509663640788,0.0014712165533237176,0.00913509663640788,0.0014712165533237176,0.00913509663640788,0.0014712165533237176,-6.270864903363585,-1.028528783446679,-6.279999999999993,-1.0300000000000027,0.0,0.0,Vmag_get_voltage_magnitude_series__angle_get_voltage_angle_series,true,Unknown,Ybus EMT reconstruction using exact complex bus-voltage phasors when available; otherwise diagnostic fallback
7.16,0.00913454615224385,0.0014711262627695731,0.00913454615224385,0.0014711262627695731,0.00913454615224385,0.0014711262627695731,-6.270865453847749,-1.0285288737372331,-6.279999999999993,-1.0300000000000027,0.0,0.0,Vmag_get_voltage_magnitude_series__angle_get_voltage_angle_series,true,Unknown,Ybus EMT reconstruction using exact complex bus-voltage phasors when available; otherwise diagnostic fallback
7.17,0.009134000022007704,0.0014710366863439628,0.009134000022007704,0.0014710366863439628,0.009134000022007704,0.0014710366863439628,-6.270865999977985,-1.0285289633136587,-6.279999999999993,-1.0300000000000027,0.0,0.0,Vmag_get_voltage_magnitude_series__angle_get_voltage_angle_series,true,Unknown,Ybus EMT reconstruction using exact complex bus-voltage phasors when available; otherwise diagnostic fallback
7.18,0.009133458243661075,0.0014709478237049378,0.009133458243661075,0.0014709478237049378,0.009133458243661075,0.0014709478237049378,-6.270866541756332,-1.0285290521762978,-6.279999999999993,-1.0300000000000027,0.0,0.0,Vmag_get_voltage_magnitude_series__angle_get_voltage_angle_series,true,Unknown,Ybus EMT reconstruction using exact complex bus-voltage phasors when available; otherwise diagnostic fallback
7.19,0.009132920814829859,0.0014708596744650304,0.009132920814829859,0.0014708596744650304,0.009132920814829859,0.0014708596744650304,-6.270867079185163,-1.0285291403255377,-6.279999999999993,-1.0300000000000027,0.0,0.0,Vmag_get_voltage_magnitude_series__angle_get_voltage_angle_series,true,Unknown,Ybus EMT reconstruction using exact complex bus-voltage phasors when available; otherwise diagnostic fallback
7.2,0.009132387732800673,0.0014707722381774868,0.009132387732800673,0.0014707722381774868,0.009132387732800673,0.0014707722381774868,-6.2708676122671925,-1.0285292277618252,-6.279999999999993,-1.0300000000000027,0.0,0.0,Vmag_get_voltage_magnitude_series__angle_get_voltage_angle_series,true,Unknown,Ybus EMT reconstruction using exact complex bus-voltage phasors when available; otherwise diagnostic fallback
7.21,0.009131858994484432,0.001470685514339154,0.009131858994484432,0.001470685514339154,0.009131858994484432,0.001470685514339154,-6.270868141005509,-1.0285293144856635,-6.279999999999993,-1.0300000000000027,0.0,0.0,Vmag_get_voltage_magnitude_series__angle_get_voltage_angle_series,true,Unknown,Ybus EMT reconstruction using exact complex bus-voltage phasors when available; otherwise diagnostic fallback
7.22,0.009131334596438556,0.0014705995023989171,0.009131334596438556,0.0014705995023989171,0.009131334596438556,0.0014705995023989171,-6.270868665403555,-1.0285294004976038,-6.279999999999993,-1.0300000000000027,0.0,0.0,Vmag_get_voltage_magnitude_series__angle_get_voltage_angle_series,true,Unknown,Ybus EMT reconstruction using exact complex bus-voltage phasors when available; otherwise diagnostic fallback
7.23,0.009130814534914045,0.001470514201777684,0.009130814534914045,0.001470514201777684,0.009130814534914045,0.001470514201777684,-6.270869185465079,-1.028529485798225,-6.279999999999993,-1.0300000000000027,0.0,0.0,Vmag_get_voltage_magnitude_series__angle_get_voltage_angle_series,true,Unknown,Ybus EMT reconstruction using exact complex bus-voltage phasors when available; otherwise diagnostic fallback
7.24,0.009130298805795967,0.0014704296116800908,0.009130298805795967,0.0014704296116800908,0.009130298805795967,0.0014704296116800908,-6.270869701194197,-1.0285295703883226,-6.279999999999993,-1.0300000000000027,0.0,0.0,Vmag_get_voltage_magnitude_series__angle_get_voltage_angle_series,true,Unknown,Ybus EMT reconstruction using exact complex bus-voltage phasors when available; otherwise diagnostic fallback
7.25,0.009129787404644318,0.0014703457315052848,0.009129787404644318,0.0014703457315052848,0.009129787404644318,0.0014703457315052848,-6.270870212595349,-1.0285296542684974,-6.279999999999993,-1.0300000000000027,0.0,0.0,Vmag_get_voltage_magnitude_series__angle_get_voltage_angle_series,true,Unknown,Ybus EMT reconstruction using exact complex bus-voltage phasors when available; otherwise diagnostic fallback
7.26,0.009129280326673594,0.0014702625603610908,0.009129280326673594,0.0014702625603610908,0.009129280326673594,0.0014702625603610908,-6.2708707196733195,-1.0285297374396416,-6.279999999999993,-1.0300000000000027,0.0,0.0,Vmag_get_voltage_magnitude_series__angle_get_voltage_angle_series,true,Unknown,Ybus EMT reconstruction using exact complex bus-voltage phasors when available; otherwise diagnostic fallback
7.27,0.009128777566791868,0.0014701800975152057,0.009128777566791868,0.0014701800975152057,0.009128777566791868,0.0014701800975152057,-6.270871222433201,-1.0285298199024875,-6.279999999999993,-1.0300000000000027,0.0,0.0,Vmag_get_voltage_magnitude_series__angle_get_voltage_angle_series,true,Unknown,Ybus EMT reconstruction using exact complex bus-voltage phasors when available; otherwise diagnostic fallback
7.28,0.00912827911957681,0.001470098342048809,0.00912827911957681,0.001470098342048809,0.00912827911957681,0.001470098342048809,-6.270871720880416,-1.0285299016579539,-6.279999999999993,-1.0300000000000027,0.0,0.0,Vmag_get_voltage_magnitude_series__angle_get_voltage_angle_series,true,Unknown,Ybus EMT reconstruction using exact complex bus-voltage phasors when available; otherwise diagnostic fallback
7.29,0.009127784979289011,0.001470017292993786,0.009127784979289011,0.001470017292993786,0.009127784979289011,0.001470017292993786,-6.270872215020704,-1.028529982707009,-6.279999999999993,-1.0300000000000027,0.0,0.0,Vmag_get_voltage_magnitude_series__angle_get_voltage_angle_series,true,Unknown,Ybus EMT reconstruction using exact complex bus-voltage phasors when available; otherwise diagnostic fallback
7.3,0.009127295139866654,0.0014699369493840209,0.009127295139866654,0.0014699369493840209,0.009127295139866654,0.0014699369493840209,-6.2708727048601265,-1.0285300630506187,-6.279999999999993,-1.0300000000000027,0.0,0.0,Vmag_get_voltage_magnitude_series__angle_get_voltage_angle_series,true,Unknown,Ybus EMT reconstruction using exact complex bus-voltage phasors when available; otherwise diagnostic fallback
7.31,0.00912680959496992,0.0014698573100953016,0.00912680959496992,0.0014698573100953016,0.00912680959496992,0.0014698573100953016,-6.270873190405023,-1.0285301426899074,-6.279999999999993,-1.0300000000000027,0.0,0.0,Vmag_get_voltage_magnitude_series__angle_get_voltage_angle_series,true,Unknown,Ybus EMT reconstruction using exact complex bus-voltage phasors when available; otherwise diagnostic fallback
7.32,0.009126328337888623,0.0014697783741486337,0.009126328337888623,0.0014697783741486337,0.009126328337888623,0.0014697783741486337,-6.2708736716621045,-1.028530221625854,-6.279999999999993,-1.0300000000000027,0.0,0.0,Vmag_get_voltage_magnitude_series__angle_get_voltage_angle_series,true,Unknown,Ybus EMT reconstruction using exact complex bus-voltage phasors when available; otherwise diagnostic fallback
7.33,0.009125851361645232,0.0014697001402961263,0.009125851361645232,0.0014697001402961263,0.009125851361645232,0.0014697001402961263,-6.270874148638348,-1.0285302998597066,-6.279999999999993,-1.0300000000000027,0.0,0.0,Vmag_get_voltage_magnitude_series__angle_get_voltage_angle_series,true,Unknown,Ybus EMT reconstruction using exact complex bus-voltage phasors when available; otherwise diagnostic fallback
7.34,0.009125378658994876,0.0014696226074524255,0.009125378658994876,0.0014696226074524255,0.009125378658994876,0.0014696226074524255,-6.270874621340998,-1.0285303773925503,-6.279999999999993,-1.0300000000000027,0.0,0.0,Vmag_get_voltage_magnitude_series__angle_get_voltage_angle_series,true,Unknown,Ybus EMT reconstruction using exact complex bus-voltage phasors when available; otherwise diagnostic fallback
7.35,0.009124910222309879,0.001469545774322123,0.009124910222309879,0.001469545774322123,0.009124910222309879,0.001469545774322123,-6.270875089777683,-1.0285304542256806,-6.279999999999993,-1.0300000000000027,0.0,0.0,Vmag_get_voltage_magnitude_series__angle_get_voltage_angle_series,true,Unknown,Ybus EMT reconstruction using exact complex bus-voltage phasors when available; otherwise diagnostic fallback
7.36,0.009124446043771606,0.0014694696395216589,0.009124446043771606,0.0014694696395216589,0.009124446043771606,0.0014694696395216589,-6.2708755539562215,-1.028530530360481,-6.279999999999993,-1.0300000000000027,0.0,0.0,Vmag_get_voltage_magnitude_series__angle_get_voltage_angle_series,true,Unknown,Ybus EMT reconstruction using exact complex bus-voltage phasors when available; otherwise diagnostic fallback
7.37,0.009123986115202598,0.0014693942019072814,0.009123986115202598,0.0014693942019072814,0.009123986115202598,0.0014693942019072814,-6.2708760138847905,-1.0285306057980954,-6.279999999999993,-1.0300000000000027,0.0,0.0,Vmag_get_voltage_magnitude_series__angle_get_voltage_angle_series,true,Unknown,Ybus EMT reconstruction using exact complex bus-voltage phasors when available; otherwise diagnostic fallback
7.38,0.009123530428152726,0.001469319459893148,0.009123530428152726,0.001469319459893148,0.009123530428152726,0.001469319459893148,-6.27087646957184,-1.0285306805401095,-6.279999999999993,-1.0300000000000027,0.0,0.0,Vmag_get_voltage_magnitude_series__angle_get_voltage_angle_series,true,Unknown,Ybus EMT reconstruction using exact complex bus-voltage phasors when available; otherwise diagnostic fallback
7.39,0.009123078973905407,0.0014692454122273713,0.009123078973905407,0.0014692454122273713,0.009123078973905407,0.0014692454122273713,-6.270876921026088,-1.0285307545877753,-6.279999999999993,-1.0300000000000027,0.0,0.0,Vmag_get_voltage_magnitude_series__angle_get_voltage_angle_series,true,Unknown,Ybus EMT reconstruction using exact complex bus-voltage phasors when available; otherwise diagnostic fallback
7.4,0.009122631743450071,0.0014691720572610478,0.009122631743450071,0.0014691720572610478,0.009122631743450071,0.0014691720572610478,-6.270877368256543,-1.0285308279427416,-6.279999999999993,-1.0300000000000027,0.0,0.0,Vmag_get_voltage_magnitude_series__angle_get_voltage_angle_series,true,Unknown,Ybus EMT reconstruction using exact complex bus-voltage phasors when available; otherwise diagnostic fallback
7.41,0.009122188727507918,0.0014690993936250507,0.009122188727507918,0.0014690993936250507,0.009122188727507918,0.0014690993936250507,-6.270877811272485,-1.0285309006063776,-6.279999999999993,-1.0300000000000027,0.0,0.0,Vmag_get_voltage_magnitude_series__angle_get_voltage_angle_series,true,Unknown,Ybus EMT reconstruction using exact complex bus-voltage phasors when available; otherwise diagnostic fallback
7.42,0.009121749916524813,0.0014690274196436093,0.009121749916524813,0.0014690274196436093,0.009121749916524813,0.0014690274196436093,-6.270878250083468,-1.028530972580359,-6.279999999999993,-1.0300000000000027,0.0,0.0,Vmag_get_voltage_magnitude_series__angle_get_voltage_angle_series,true,Unknown,Ybus EMT reconstruction using exact complex bus-voltage phasors when available; otherwise diagnostic fallback
7.43,0.009121315300665955,0.0014689561337732915,0.009121315300665955,0.0014689561337732915,0.009121315300665955,0.0014689561337732915,-6.270878684699327,-1.0285310438662294,-6.279999999999993,-1.0300000000000027,0.0,0.0,Vmag_get_voltage_magnitude_series__angle_get_voltage_angle_series,true,Unknown,Ybus EMT reconstruction using exact complex bus-voltage phasors when available; otherwise diagnostic fallback
7.44,0.009120884869853185,0.0014688855343392149,0.009120884869853185,0.0014688855343392149,0.009120884869853185,0.0014688855343392149,-6.27087911513014,-1.0285311144656635,-6.279999999999993,-1.0300000000000027,0.0,0.0,Vmag_get_voltage_magnitude_series__angle_get_voltage_angle_series,true,Unknown,Ybus EMT reconstruction using exact complex bus-voltage phasors when available; otherwise diagnostic fallback
7.45,0.009120458613710802,0.001468815619626751,0.009120458613710802,0.001468815619626751,0.009120458613710802,0.001468815619626751,-6.270879541386282,-1.028531184380376,-6.279999999999993,-1.0300000000000027,0.0,0.0,Vmag_get_voltage_magnitude_series__angle_get_voltage_angle_series,true,Unknown,Ybus EMT reconstruction using exact complex bus-voltage phasors when available; otherwise diagnostic fallback
7.46,0.00912003652164639,0.0014687463878657603,0.00912003652164639,0.0014687463878657603,0.00912003652164639,0.0014687463878657603,-6.270879963478347,-1.028531253612137,-6.279999999999993,-1.0300000000000027,0.0,0.0,Vmag_get_voltage_magnitude_series__angle_get_voltage_angle_series,true,Unknown,Ybus EMT reconstruction using exact complex bus-voltage phasors when available; otherwise diagnostic fallback
7.47,0.00911961858278687,0.0014686778373573794,0.00911961858278687,0.0014686778373573794,0.00911961858278687,0.0014686778373573794,-6.270880381417206,-1.0285313221626453,-6.279999999999993,-1.0300000000000027,0.0,0.0,Vmag_get_voltage_magnitude_series__angle_get_voltage_angle_series,true,Unknown,Ybus EMT reconstruction using exact complex bus-voltage phasors when available; otherwise diagnostic fallback
7.48,0.009119204786013135,0.0014686099662564178,0.009119204786013135,0.0014686099662564178,0.009119204786013135,0.0014686099662564178,-6.27088079521398,-1.0285313900337463,-6.279999999999993,-1.0300000000000027,0.0,0.0,Vmag_get_voltage_magnitude_series__angle_get_voltage_angle_series,true,Unknown,Ybus EMT reconstruction using exact complex bus-voltage phasors when available; otherwise diagnostic fallback
7.49,0.009118795119940515,0.001468542772589787,0.009118795119940515,0.001468542772589787,0.009118795119940515,0.001468542772589787,-6.270881204880053,-1.028531457227413,-6.279999999999993,-1.0300000000000027,0.0,0.0,Vmag_get_voltage_magnitude_series__angle_get_voltage_angle_series,true,Unknown,Ybus EMT reconstruction using exact complex bus-voltage phasors when available; otherwise diagnostic fallback
7.5,0.009118389572940089,0.0014684762546059993,0.009118389572940089,0.0014684762546059993,0.009118389572940089,0.0014684762546059993,-6.270881610427053,-1.0285315237453967,-6.279999999999993,-1.0300000000000027,0.0,0.0,Vmag_get_voltage_magnitude_series__angle_get_voltage_angle_series,true,Unknown,Ybus EMT reconstruction using exact complex bus-voltage phasors when available; otherwise diagnostic fallback
7.51,0.009117988133177768,0.0014684104102806739,0.009117988133177768,0.0014684104102806739,0.009117988133177768,0.0014684104102806739,-6.270882011866815,-1.028531589589722,-6.279999999999993,-1.0300000000000027,0.0,0.0,Vmag_get_voltage_magnitude_series__angle_get_voltage_angle_series,true,Unknown,Ybus EMT reconstruction using exact complex bus-voltage phasors when available; otherwise diagnostic fallback
7.52,0.009117590788521923,0.001468345237583879,0.009117590788521923,0.001468345237583879,0.009117590788521923,0.001468345237583879,-6.270882409211471,-1.0285316547624188,-6.279999999999993,-1.0300000000000027,0.0,0.0,Vmag_get_voltage_magnitude_series__angle_get_voltage_angle_series,true,Unknown,Ybus EMT reconstruction using exact complex bus-voltage phasors when available; otherwise diagnostic fallback
7.53,0.009117197526641974,0.0014682807345771653,0.009117197526641974,0.0014682807345771653,0.009117197526641974,0.0014682807345771653,-6.270882802473351,-1.0285317192654255,-6.279999999999993,-1.0300000000000027,0.0,0.0,Vmag_get_voltage_magnitude_series__angle_get_voltage_angle_series,true,Unknown,Ybus EMT reconstruction using exact complex bus-voltage phasors when available; otherwise diagnostic fallback
7.54,0.009116808334963089,0.001468216899195074,0.009116808334963089,0.001468216899195074,0.009116808334963089,0.001468216899195074,-6.27088319166503,-1.0285317831008076,-6.279999999999993,-1.0300000000000027,0.0,0.0,Vmag_get_voltage_magnitude_series__angle_get_voltage_angle_series,true,Unknown,Ybus EMT reconstruction using exact complex bus-voltage phasors when available; otherwise diagnostic fallback
7.55,0.009116423200678625,0.0014681537293104174,0.009116423200678625,0.0014681537293104174,0.009116423200678625,0.0014681537293104174,-6.2708835767993145,-1.0285318462706923,-6.279999999999993,-1.0300000000000027,0.0,0.0,Vmag_get_voltage_magnitude_series__angle_get_voltage_angle_series,true,Unknown,Ybus EMT reconstruction using exact complex bus-voltage phasors when available; otherwise diagnostic fallback
7.56,0.00911604211074124,0.0014680912227105214,0.00911604211074124,0.0014680912227105214,0.00911604211074124,0.0014680912227105214,-6.270883957889252,-1.0285319087772922,-6.279999999999993,-1.0300000000000027,0.0,0.0,Vmag_get_voltage_magnitude_series__angle_get_voltage_angle_series,true,Unknown,Ybus EMT reconstruction using exact complex bus-voltage phasors when available; otherwise diagnostic fallback
7.57,0.009115665051897537,0.001468029377345692,0.009115665051897537,0.001468029377345692,0.009115665051897537,0.001468029377345692,-6.270884334948096,-1.028531970622657,-6.279999999999993,-1.0300000000000027,0.0,0.0,Vmag_get_voltage_magnitude_series__angle_get_voltage_angle_series,true,Unknown,Ybus EMT reconstruction using exact complex bus-voltage phasors when available; otherwise diagnostic fallback
7.58,0.009115292010664966,0.0014679681908773556,0.009115292010664966,0.0014679681908773556,0.009115292010664966,0.0014679681908773556,-6.270884707989328,-1.0285320318091253,-6.279999999999993,-1.0300000000000027,0.0,0.0,Vmag_get_voltage_magnitude_series__angle_get_voltage_angle_series,true,Unknown,Ybus EMT reconstruction using exact complex bus-voltage phasors when available; otherwise diagnostic fallback
7.59,0.00911492297333627,0.0014679076611905373,0.00911492297333627,0.0014679076611905373,0.00911492297333627,0.0014679076611905373,-6.270885077026657,-1.0285320923388122,-6.279999999999993,-1.0300000000000027,0.0,0.0,Vmag_get_voltage_magnitude_series__angle_get_voltage_angle_series,true,Unknown,Ybus EMT reconstruction using exact complex bus-voltage phasors when available; otherwise diagnostic fallback
7.6,0.009114557926015898,0.0014678477859493277,0.009114557926015898,0.0014678477859493277,0.009114557926015898,0.0014678477859493277,-6.270885442073977,-1.0285321522140534,-6.279999999999993,-1.0300000000000027,0.0,0.0,Vmag_get_voltage_magnitude_series__angle_get_voltage_angle_series,true,Unknown,Ybus EMT reconstruction using exact complex bus-voltage phasors when available; otherwise diagnostic fallback
7.61,0.009114196854540069,0.0014677885628320286,0.009114196854540069,0.0014677885628320286,0.009114196854540069,0.0014677885628320286,-6.270885803145453,-1.0285322114371707,-6.279999999999993,-1.0300000000000027,0.0,0.0,Vmag_get_voltage_magnitude_series__angle_get_voltage_angle_series,true,Unknown,Ybus EMT reconstruction using exact complex bus-voltage phasors when available; otherwise diagnostic fallback
7.62,0.009113839744612662,0.001467729989448996,0.009113839744612662,0.001467729989448996,0.009113839744612662,0.001467729989448996,-6.2708861602553805,-1.0285322700105537,-6.279999999999993,-1.0300000000000027,0.0,0.0,Vmag_get_voltage_magnitude_series__angle_get_voltage_angle_series,true,Unknown,Ybus EMT reconstruction using exact complex bus-voltage phasors when available; otherwise diagnostic fallback
7.63,0.00911348658166311,0.0014676720634299034,0.00911348658166311,0.0014676720634299034,0.00911348658166311,0.0014676720634299034,-6.27088651341833,-1.0285323279365728,-6.279999999999993,-1.0300000000000027,0.0,0.0,Vmag_get_voltage_magnitude_series__angle_get_voltage_angle_series,true,Unknown,Ybus EMT reconstruction using exact complex bus-voltage phasors when available; otherwise diagnostic fallback
7.64,0.00911313735098318,0.0014676147824299601,0.00911313735098318,0.0014676147824299601,0.00911313735098318,0.0014676147824299601,-6.27088686264901,-1.0285323852175727,-6.279999999999993,-1.0300000000000027,0.0,0.0,Vmag_get_voltage_magnitude_series__angle_get_voltage_angle_series,true,Unknown,Ybus EMT reconstruction using exact complex bus-voltage phasors when available; otherwise diagnostic fallback
7.65,0.009112792037567097,0.0014675581439069774,0.009112792037567097,0.0014675581439069774,0.009112792037567097,0.0014675581439069774,-6.270887207962426,-1.0285324418560957,-6.279999999999993,-1.0300000000000027,0.0,0.0,Vmag_get_voltage_magnitude_series__angle_get_voltage_angle_series,true,Unknown,Ybus EMT reconstruction using exact complex bus-voltage phasors when available; otherwise diagnostic fallback
7.66,0.009112450626330926,0.0014675021454493287,0.009112450626330926,0.0014675021454493287,0.009112450626330926,0.0014675021454493287,-6.270887549373662,-1.0285324978545534,-6.279999999999993,-1.0300000000000027,0.0,0.0,Vmag_get_voltage_magnitude_series__angle_get_voltage_angle_series,true,Unknown,Ybus EMT reconstruction using exact complex bus-voltage phasors when available; otherwise diagnostic fallback
7.67,0.009112113101903851,0.0014674467844852934,0.009112113101903851,0.0014674467844852934,0.009112113101903851,0.0014674467844852934,-6.270887886898089,-1.0285325532155174,-6.279999999999993,-1.0300000000000027,0.0,0.0,Vmag_get_voltage_magnitude_series__angle_get_voltage_angle_series,true,Unknown,Ybus EMT reconstruction using exact complex bus-voltage phasors when available; otherwise diagnostic fallback
7.68,0.009111779448803148,0.0014673920585150935,0.009111779448803148,0.0014673920585150935,0.009111779448803148,0.0014673920585150935,-6.27088822055119,-1.0285326079414876,-6.279999999999993,-1.0300000000000027,0.0,0.0,Vmag_get_voltage_magnitude_series__angle_get_voltage_angle_series,true,Unknown,Ybus EMT reconstruction using exact complex bus-voltage phasors when available; otherwise diagnostic fallback
7.69,0.009111449651274306,0.0014673379649172702,0.009111449651274306,0.0014673379649172702,0.009111449651274306,0.0014673379649172702,-6.270888550348719,-1.0285326620350854,-6.279999999999993,-1.0300000000000027,0.0,0.0,Vmag_get_voltage_magnitude_series__angle_get_voltage_angle_series,true,Unknown,Ybus EMT reconstruction using exact complex bus-voltage phasors when available; otherwise diagnostic fallback
7.7,0.009111123693458012,0.0014672845010934576,0.009111123693458012,0.0014672845010934576,0.009111123693458012,0.0014672845010934576,-6.270888876306535,-1.0285327154989092,-6.279999999999993,-1.0300000000000027,0.0,0.0,Vmag_get_voltage_magnitude_series__angle_get_voltage_angle_series,true,Unknown,Ybus EMT reconstruction using exact complex bus-voltage phasors when available; otherwise diagnostic fallback
7.71,0.009110801559277348,0.0014672316644397387,0.009110801559277348,0.0014672316644397387,0.009110801559277348,0.0014672316644397387,-6.270889198440716,-1.028532768335563,-6.279999999999993,-1.0300000000000027,0.0,0.0,Vmag_get_voltage_magnitude_series__angle_get_voltage_angle_series,true,Unknown,Ybus EMT reconstruction using exact complex bus-voltage phasors when available; otherwise diagnostic fallback
7.72,0.009110483232470656,0.0014671794523126724,0.009110483232470656,0.0014671794523126724,0.009110483232470656,0.0014671794523126724,-6.2708895167675225,-1.02853282054769,-6.279999999999993,-1.0300000000000027,0.0,0.0,Vmag_get_voltage_magnitude_series__angle_get_voltage_angle_series,true,Unknown,Ybus EMT reconstruction using exact complex bus-voltage phasors when available; otherwise diagnostic fallback
7.73,0.009110168696642162,0.0014671278619549089,0.009110168696642162,0.0014671278619549089,0.009110168696642162,0.0014671278619549089,-6.270889831303351,-1.0285328721380478,-6.279999999999993,-1.0300000000000027,0.0,0.0,Vmag_get_voltage_magnitude_series__angle_get_voltage_angle_series,true,Unknown,Ybus EMT reconstruction using exact complex bus-voltage phasors when available; otherwise diagnostic fallback
7.74,0.009109857935183818,0.0014670768906521747,0.009109857935183818,0.0014670768906521747,0.009109857935183818,0.0014670768906521747,-6.270890142064809,-1.0285329231093505,-6.279999999999993,-1.0300000000000027,0.0,0.0,Vmag_get_voltage_magnitude_series__angle_get_voltage_angle_series,true,Unknown,Ybus EMT reconstruction using exact complex bus-voltage phasors when available; otherwise diagnostic fallback
7.75,0.009109550931348132,0.0014670265357088486,0.009109550931348132,0.0014670265357088486,0.009109550931348132,0.0014670265357088486,-6.270890449068645,-1.0285329734642938,-6.279999999999993,-1.0300000000000027,0.0,0.0,Vmag_get_voltage_magnitude_series__angle_get_voltage_angle_series,true,Unknown,Ybus EMT reconstruction using exact complex bus-voltage phasors when available; otherwise diagnostic fallback
7.76,0.009109247668216192,0.0014669767942934175,0.009109247668216192,0.0014669767942934175,0.009109247668216192,0.0014669767942934175,-6.270890752331777,-1.0285330232057093,-6.279999999999993,-1.0300000000000027,0.0,0.0,Vmag_get_voltage_magnitude_series__angle_get_voltage_angle_series,true,Unknown,Ybus EMT reconstruction using exact complex bus-voltage phasors when available; otherwise diagnostic fallback
7.77,0.00910894812869767,0.0014669276635876916,0.00910894812869767,0.0014669276635876916,0.00910894812869767,0.0014669276635876916,-6.2708910518712955,-1.028533072336415,-6.279999999999993,-1.0300000000000027,0.0,0.0,Vmag_get_voltage_magnitude_series__angle_get_voltage_angle_series,true,Unknown,Ybus EMT reconstruction using exact complex bus-voltage phasors when available; otherwise diagnostic fallback
7.78,0.009108652295584108,0.0014668791408267712,0.009108652295584108,0.0014668791408267712,0.009108652295584108,0.0014668791408267712,-6.270891347704409,-1.028533120859176,-6.279999999999993,-1.0300000000000027,0.0,0.0,Vmag_get_voltage_magnitude_series__angle_get_voltage_angle_series,true,Unknown,Ybus EMT reconstruction using exact complex bus-voltage phasors when available; otherwise diagnostic fallback
7.79,0.009108360151460104,0.0014668312231254088,0.009108360151460104,0.0014668312231254088,0.009108360151460104,0.0014668312231254088,-6.270891639848533,-1.0285331687768773,-6.279999999999993,-1.0300000000000027,0.0,0.0,Vmag_get_voltage_magnitude_series__angle_get_voltage_angle_series,true,Unknown,Ybus EMT reconstruction using exact complex bus-voltage phasors when available; otherwise diagnostic fallback
7.8,0.009108071678800123,0.0014667839076267786,0.009108071678800123,0.0014667839076267786,0.009108071678800123,0.0014667839076267786,-6.270891928321193,-1.028533216092376,-6.279999999999993,-1.0300000000000027,0.0,0.0,Vmag_get_voltage_magnitude_series__angle_get_voltage_angle_series,true,Unknown,Ybus EMT reconstruction using exact complex bus-voltage phasors when available; otherwise diagnostic fallback
7.81,0.00910778685992586,0.0014667371914784955,0.00910778685992586,0.0014667371914784955,0.00910778685992586,0.0014667371914784955,-6.270892213140067,-1.0285332628085242,-6.279999999999993,-1.0300000000000027,0.0,0.0,Vmag_get_voltage_magnitude_series__angle_get_voltage_angle_series,true,Unknown,Ybus EMT reconstruction using exact complex bus-voltage phasors when available; otherwise diagnostic fallback
7.82,0.00910750567700358,0.0014666910716891746,0.00910750567700358,0.0014666910716891746,0.00910750567700358,0.0014666910716891746,-6.27089249432299,-1.0285333089283135,-6.279999999999993,-1.0300000000000027,0.0,0.0,Vmag_get_voltage_magnitude_series__angle_get_voltage_angle_series,true,Unknown,Ybus EMT reconstruction using exact complex bus-voltage phasors when available; otherwise diagnostic fallback
7.83,0.009107228112071653,0.001466645545243228,0.009107228112071653,0.001466645545243228,0.009107228112071653,0.001466645545243228,-6.2708927718879215,-1.0285333544547595,-6.279999999999993,-1.0300000000000027,0.0,0.0,Vmag_get_voltage_magnitude_series__angle_get_voltage_angle_series,true,Unknown,Ybus EMT reconstruction using exact complex bus-voltage phasors when available; otherwise diagnostic fallback
7.84,0.00910695414700946,0.001466600609258073,0.00910695414700946,0.001466600609258073,0.00910695414700946,0.001466600609258073,-6.270893045852984,-1.0285333993907446,-6.279999999999993,-1.0300000000000027,0.0,0.0,Vmag_get_voltage_magnitude_series__angle_get_voltage_angle_series,true,Unknown,Ybus EMT reconstruction using exact complex bus-voltage phasors when available; otherwise diagnostic fallback
7.85,0.009106683763616452,0.00146655626077008,0.009106683763616452,0.00146655626077008,0.009106683763616452,0.00146655626077008,-6.270893316236377,-1.0285334437392326,-6.279999999999993,-1.0300000000000027,0.0,0.0,Vmag_get_voltage_magnitude_series__angle_get_voltage_angle_series,true,Unknown,Ybus EMT reconstruction using exact complex bus-voltage phasors when available; otherwise diagnostic fallback
7.86,0.009106416943491347,0.0014665124967518928,0.009106416943491347,0.0014665124967518928,0.009106416943491347,0.0014665124967518928,-6.270893583056502,-1.0285334875032508,-6.279999999999993,-1.0300000000000027,0.0,0.0,Vmag_get_voltage_magnitude_series__angle_get_voltage_angle_series,true,Unknown,Ybus EMT reconstruction using exact complex bus-voltage phasors when available; otherwise diagnostic fallback
7.87,0.009106153668172468,0.0014664693141368534,0.009106153668172468,0.0014664693141368534,0.009106153668172468,0.0014664693141368534,-6.270893846331821,-1.0285335306858658,-6.279999999999993,-1.0300000000000027,0.0,0.0,Vmag_get_voltage_magnitude_series__angle_get_voltage_angle_series,true,Unknown,Ybus EMT reconstruction using exact complex bus-voltage phasors when available; otherwise diagnostic fallback
7.88,0.009105893919010732,0.0014664267098376538,0.009105893919010732,0.0014664267098376538,0.009105893919010732,0.0014664267098376538,-6.270894106080982,-1.028533573290165,-6.279999999999993,-1.0300000000000027,0.0,0.0,Vmag_get_voltage_magnitude_series__angle_get_voltage_angle_series,true,Unknown,Ybus EMT reconstruction using exact complex bus-voltage phasors when available; otherwise diagnostic fallback
7.89,0.009105637677294887,0.0014663846808762315,0.009105637677294887,0.0014663846808762315,0.009105637677294887,0.0014663846808762315,-6.270894362322698,-1.0285336153191265,-6.279999999999993,-1.0300000000000027,0.0,0.0,Vmag_get_voltage_magnitude_series__angle_get_voltage_angle_series,true,Unknown,Ybus EMT reconstruction using exact complex bus-voltage phasors when available; otherwise diagnostic fallback
7.9,0.009105384924168902,0.0014663432240806795,0.009105384924168902,0.0014663432240806795,0.009105384924168902,0.0014663432240806795,-6.270894615075824,-1.028533656775922,-6.279999999999993,-1.0300000000000027,0.0,0.0,Vmag_get_voltage_magnitude_series__angle_get_voltage_angle_series,true,Unknown,Ybus EMT reconstruction using exact complex bus-voltage phasors when available; otherwise diagnostic fallback
7.91,0.009105135640656847,0.0014663023364016592,0.009105135640656847,0.0014663023364016592,0.009105135640656847,0.0014663023364016592,-6.270894864359336,-1.028533697663601,-6.279999999999993,-1.0300000000000027,0.0,0.0,Vmag_get_voltage_magnitude_series__angle_get_voltage_angle_series,true,Unknown,Ybus EMT reconstruction using exact complex bus-voltage phasors when available; otherwise diagnostic fallback
7.92,0.009104889807667327,0.001466262014655273,0.009104889807667327,0.001466262014655273,0.009104889807667327,0.001466262014655273,-6.270895110192326,-1.0285337379853474,-6.279999999999993,-1.0300000000000027,0.0,0.0,Vmag_get_voltage_magnitude_series__angle_get_voltage_angle_series,true,Unknown,Ybus EMT reconstruction using exact complex bus-voltage phasors when available; otherwise diagnostic fallback
7.93,0.009104647406053878,0.0014662222557386695,0.009104647406053878,0.0014662222557386695,0.009104647406053878,0.0014662222557386695,-6.270895352593939,-1.028533777744264,-6.279999999999993,-1.0300000000000027,0.0,0.0,Vmag_get_voltage_magnitude_series__angle_get_voltage_angle_series,true,Unknown,Ybus EMT reconstruction using exact complex bus-voltage phasors when available; otherwise diagnostic fallback
7.94,0.009104408416502174,0.0014661830564792755,0.009104408416502174,0.0014661830564792755,0.009104408416502174,0.0014661830564792755,-6.270895591583491,-1.0285338169435234,-6.279999999999993,-1.0300000000000027,0.0,0.0,Vmag_get_voltage_magnitude_series__angle_get_voltage_angle_series,true,Unknown,Ybus EMT reconstruction using exact complex bus-voltage phasors when available; otherwise diagnostic fallback
7.95,0.009104172819614398,0.0014661444136658819,0.009104172819614398,0.0014661444136658819,0.009104172819614398,0.0014661444136658819,-6.270895827180379,-1.0285338555863368,-6.279999999999993,-1.0300000000000027,0.0,0.0,Vmag_get_voltage_magnitude_series__angle_get_voltage_angle_series,true,Unknown,Ybus EMT reconstruction using exact complex bus-voltage phasors when available; otherwise diagnostic fallback
7.96,0.009103940595917237,0.0014661063241396821,0.009103940595917237,0.0014661063241396821,0.009103940595917237,0.0014661063241396821,-6.270896059404076,-1.028533893675863,-6.279999999999993,-1.0300000000000027,0.0,0.0,Vmag_get_voltage_magnitude_series__angle_get_voltage_angle_series,true,Unknown,Ybus EMT reconstruction using exact complex bus-voltage phasors when available; otherwise diagnostic fallback
7.97,0.009103711725803265,0.0014660687846410614,0.009103711725803265,0.0014660687846410614,0.009103711725803265,0.0014660687846410614,-6.27089628827419,-1.0285339312153616,-6.279999999999993,-1.0300000000000027,0.0,0.0,Vmag_get_voltage_magnitude_series__angle_get_voltage_angle_series,true,Unknown,Ybus EMT reconstruction using exact complex bus-voltage phasors when available; otherwise diagnostic fallback
7.98,0.009103486189619758,0.0014660317919976684,0.009103486189619758,0.0014660317919976684,0.009103486189619758,0.0014660317919976684,-6.270896513810373,-1.028533968208005,-6.279999999999993,-1.0300000000000027,0.0,0.0,Vmag_get_voltage_magnitude_series__angle_get_voltage_angle_series,true,Unknown,Ybus EMT reconstruction using exact complex bus-voltage phasors when available; otherwise diagnostic fallback
7.99,0.009103263967566555,0.0014659953429265737,0.009103263967566555,0.0014659953429265737,0.009103263967566555,0.0014659953429265737,-6.270896736032427,-1.0285340046570761,-6.279999999999993,-1.0300000000000027,0.0,0.0,Vmag_get_voltage_magnitude_series__angle_get_voltage_angle_series,true,Unknown,Ybus EMT reconstruction using exact complex bus-voltage phasors when available; otherwise diagnostic fallback
8.0,0.00910304503983106,0.0014659594341710491,0.00910304503983106,0.0014659594341710491,0.00910304503983106,0.0014659594341710491,-6.270896954960162,-1.0285340405658316,-6.279999999999993,-1.0300000000000027,0.0,0.0,Vmag_get_voltage_magnitude_series__angle_get_voltage_angle_series,true,Unknown,Ybus EMT reconstruction using exact complex bus-voltage phasors when available; otherwise diagnostic fallback
8.01,0.009102829386450573,0.0014659240624947945,0.009102829386450573,0.0014659240624947945,0.009102829386450573,0.0014659240624947945,-6.270897170613543,-1.028534075937508,-6.279999999999993,-1.0300000000000027,0.0,0.0,Vmag_get_voltage_magnitude_series__angle_get_voltage_angle_series,true,Unknown,Ybus EMT reconstruction using exact complex bus-voltage phasors when available; otherwise diagnostic fallback
8.02,0.009102616987398449,0.0014658892245946742,0.009102616987398449,0.0014658892245946742,0.009102616987398449,0.0014658892245946742,-6.270897383012595,-1.028534110775408,-6.279999999999993,-1.0300000000000027,0.0,0.0,Vmag_get_voltage_magnitude_series__angle_get_voltage_angle_series,true,Unknown,Ybus EMT reconstruction using exact complex bus-voltage phasors when available; otherwise diagnostic fallback
8.03,0.009102407822601855,0.0014658549171897572,0.009102407822601855,0.0014658549171897572,0.009102407822601855,0.0014658549171897572,-6.270897592177391,-1.028534145082813,-6.279999999999993,-1.0300000000000027,0.0,0.0,Vmag_get_voltage_magnitude_series__angle_get_voltage_angle_series,true,Unknown,Ybus EMT reconstruction using exact complex bus-voltage phasors when available; otherwise diagnostic fallback
8.04,0.00910220187186983,0.001465821136922285,0.00910220187186983,0.001465821136922285,0.00910220187186983,0.001465821136922285,-6.270897798128123,-1.0285341788630804,-6.279999999999993,-1.0300000000000027,0.0,0.0,Vmag_get_voltage_magnitude_series__angle_get_voltage_angle_series,true,Unknown,Ybus EMT reconstruction using exact complex bus-voltage phasors when available; otherwise diagnostic fallback
8.05,0.00910199911499987,0.0014657878805455216,0.00910199911499987,0.0014657878805455216,0.00910199911499987,0.0014657878805455216,-6.270898000884993,-1.0285342121194572,-6.279999999999993,-1.0300000000000027,0.0,0.0,Vmag_get_voltage_magnitude_series__angle_get_voltage_angle_series,true,Unknown,Ybus EMT reconstruction using exact complex bus-voltage phasors when available; otherwise diagnostic fallback
8.06,0.009101799531619825,0.0014657551446783934,0.009101799531619825,0.0014657551446783934,0.009101799531619825,0.0014657551446783934,-6.270898200468373,-1.0285342448553243,-6.279999999999993,-1.0300000000000027,0.0,0.0,Vmag_get_voltage_magnitude_series__angle_get_voltage_angle_series,true,Unknown,Ybus EMT reconstruction using exact complex bus-voltage phasors when available; otherwise diagnostic fallback
8.07,0.009101603101377087,0.0014657229259864568,0.009101603101377087,0.0014657229259864568,0.009101603101377087,0.0014657229259864568,-6.270898396898616,-1.0285342770740162,-6.279999999999993,-1.0300000000000027,0.0,0.0,Vmag_get_voltage_magnitude_series__angle_get_voltage_angle_series,true,Unknown,Ybus EMT reconstruction using exact complex bus-voltage phasors when available; otherwise diagnostic fallback
8.08,0.00910140980382046,0.001465691221100629,0.00910140980382046,0.001465691221100629,0.00910140980382046,0.001465691221100629,-6.270898590196173,-1.028534308778902,-6.279999999999993,-1.0300000000000027,0.0,0.0,Vmag_get_voltage_magnitude_series__angle_get_voltage_angle_series,true,Unknown,Ybus EMT reconstruction using exact complex bus-voltage phasors when available; otherwise diagnostic fallback
8.09,0.009101219618453449,0.0014656600267184405,0.009101219618453449,0.0014656600267184405,0.009101219618453449,0.0014656600267184405,-6.27089878038154,-1.0285343399732843,-6.279999999999993,-1.0300000000000027,0.0,0.0,Vmag_get_voltage_magnitude_series__angle_get_voltage_angle_series,true,Unknown,Ybus EMT reconstruction using exact complex bus-voltage phasors when available; otherwise diagnostic fallback
8.1,0.009101032524699626,0.001465629339332919,0.009101032524699626,0.001465629339332919,0.009101032524699626,0.001465629339332919,-6.2708989674752935,-1.0285343706606698,-6.279999999999993,-1.0300000000000027,0.0,0.0,Vmag_get_voltage_magnitude_series__angle_get_voltage_angle_series,true,Unknown,Ybus EMT reconstruction using exact complex bus-voltage phasors when available; otherwise diagnostic fallback
8.11,0.00910084850194881,0.001465599155751729,0.00910084850194881,0.001465599155751729,0.00910084850194881,0.001465599155751729,-6.270899151498044,-1.028534400844251,-6.279999999999993,-1.0300000000000027,0.0,0.0,Vmag_get_voltage_magnitude_series__angle_get_voltage_angle_series,true,Unknown,Ybus EMT reconstruction using exact complex bus-voltage phasors when available; otherwise diagnostic fallback
8.12,0.00910066752950911,0.001465569472467232,0.00910066752950911,0.001465569472467232,0.00910066752950911,0.001465569472467232,-6.270899332470484,-1.0285344305275355,-6.279999999999993,-1.0300000000000027,0.0,0.0,Vmag_get_voltage_magnitude_series__angle_get_voltage_angle_series,true,Unknown,Ybus EMT reconstruction using exact complex bus-voltage phasors when available; otherwise diagnostic fallback
8.13,0.009100489586653993,0.0014655402860228595,0.009100489586653993,0.0014655402860228595,0.009100489586653993,0.0014655402860228595,-6.270899510413339,-1.0285344597139798,-6.279999999999993,-1.0300000000000027,0.0,0.0,Vmag_get_voltage_magnitude_series__angle_get_voltage_angle_series,true,Unknown,Ybus EMT reconstruction using exact complex bus-voltage phasors when available; otherwise diagnostic fallback
8.14,0.009100314652640051,0.0014655115931614393,0.009100314652640051,0.0014655115931614393,0.009100314652640051,0.0014655115931614393,-6.270899685347353,-1.0285344884068413,-6.279999999999993,-1.0300000000000027,0.0,0.0,Vmag_get_voltage_magnitude_series__angle_get_voltage_angle_series,true,Unknown,Ybus EMT reconstruction using exact complex bus-voltage phasors when available; otherwise diagnostic fallback
8.15,0.009100142706614633,0.0014654833903791076,0.009100142706614633,0.0014654833903791076,0.009100142706614633,0.0014654833903791076,-6.2708998572933785,-1.0285345166096236,-6.279999999999993,-1.0300000000000027,0.0,0.0,Vmag_get_voltage_magnitude_series__angle_get_voltage_angle_series,true,Unknown,Ybus EMT reconstruction using exact complex bus-voltage phasors when available; otherwise diagnostic fallback
8.16,0.009099973727701105,0.0014654556742568214,0.009099973727701105,0.0014654556742568214,0.009099973727701105,0.0014654556742568214,-6.270900026272292,-1.0285345443257459,-6.279999999999993,-1.0300000000000027,0.0,0.0,Vmag_get_voltage_magnitude_series__angle_get_voltage_angle_series,true,Unknown,Ybus EMT reconstruction using exact complex bus-voltage phasors when available; otherwise diagnostic fallback
8.17,0.009099807695022832,0.0014654284413657681,0.009099807695022832,0.0014654284413657681,0.009099807695022832,0.0014654284413657681,-6.27090019230497,-1.028534571558637,-6.279999999999993,-1.0300000000000027,0.0,0.0,Vmag_get_voltage_magnitude_series__angle_get_voltage_angle_series,true,Unknown,Ybus EMT reconstruction using exact complex bus-voltage phasors when available; otherwise diagnostic fallback
8.18,0.009099644587602818,0.0014654016882886811,0.009099644587602818,0.0014654016882886811,0.009099644587602818,0.0014654016882886811,-6.27090035541239,-1.028534598311714,-6.279999999999993,-1.0300000000000027,0.0,0.0,Vmag_get_voltage_magnitude_series__angle_get_voltage_angle_series,true,Unknown,Ybus EMT reconstruction using exact complex bus-voltage phasors when available; otherwise diagnostic fallback
8.19,0.009099484384476497,0.0014653754115008244,0.009099484384476497,0.0014653754115008244,0.009099484384476497,0.0014653754115008244,-6.270900515615517,-1.0285346245885019,-6.279999999999993,-1.0300000000000027,0.0,0.0,Vmag_get_voltage_magnitude_series__angle_get_voltage_angle_series,true,Unknown,Ybus EMT reconstruction using exact complex bus-voltage phasors when available; otherwise diagnostic fallback
8.2,0.00909932706462424,0.0014653496077192685,0.00909932706462424,0.0014653496077192685,0.00909932706462424,0.0014653496077192685,-6.270900672935369,-1.0285346503922834,-6.279999999999993,-1.0300000000000027,0.0,0.0,Vmag_get_voltage_magnitude_series__angle_get_voltage_angle_series,true,Unknown,Ybus EMT reconstruction using exact complex bus-voltage phasors when available; otherwise diagnostic fallback
8.21,0.009099172606988226,0.0014653242733617677,0.009099172606988226,0.0014653242733617677,0.009099172606988226,0.0014653242733617677,-6.270900827393005,-1.028534675726641,-6.279999999999993,-1.0300000000000027,0.0,0.0,Vmag_get_voltage_magnitude_series__angle_get_voltage_angle_series,true,Unknown,Ybus EMT reconstruction using exact complex bus-voltage phasors when available; otherwise diagnostic fallback
8.22,0.00909902099049642,0.0014652994050114998,0.00909902099049642,0.0014652994050114998,0.00909902099049642,0.0014652994050114998,-6.270900979009497,-1.0285347005949912,-6.279999999999993,-1.0300000000000027,0.0,0.0,Vmag_get_voltage_magnitude_series__angle_get_voltage_angle_series,true,Unknown,Ybus EMT reconstruction using exact complex bus-voltage phasors when available; otherwise diagnostic fallback
8.23,0.009098872194032381,0.0014652749992147829,0.009098872194032381,0.0014652749992147829,0.009098872194032381,0.0014652749992147829,-6.270901127805961,-1.028534725000788,-6.279999999999993,-1.0300000000000027,0.0,0.0,Vmag_get_voltage_magnitude_series__angle_get_voltage_angle_series,true,Unknown,Ybus EMT reconstruction using exact complex bus-voltage phasors when available; otherwise diagnostic fallback
8.24,0.00909872619647345,0.0014652510525048346,0.00909872619647345,0.0014652510525048346,0.00909872619647345,0.0014652510525048346,-6.27090127380352,-1.0285347489474979,-6.279999999999993,-1.0300000000000027,0.0,0.0,Vmag_get_voltage_magnitude_series__angle_get_voltage_angle_series,true,Unknown,Ybus EMT reconstruction using exact complex bus-voltage phasors when available; otherwise diagnostic fallback
8.25,0.009098582976657,0.0014652275614215338,0.009098582976657,0.0014652275614215338,0.009098582976657,0.0014652275614215338,-6.270901417023336,-1.0285347724385812,-6.279999999999993,-1.0300000000000027,0.0,0.0,Vmag_get_voltage_magnitude_series__angle_get_voltage_angle_series,true,Unknown,Ybus EMT reconstruction using exact complex bus-voltage phasors when available; otherwise diagnostic fallback
8.26,0.009098442513419513,0.0014652045223790822,0.009098442513419513,0.0014652045223790822,0.009098442513419513,0.0014652045223790822,-6.270901557486574,-1.0285347954776236,-6.279999999999993,-1.0300000000000027,0.0,0.0,Vmag_get_voltage_magnitude_series__angle_get_voltage_angle_series,true,Unknown,Ybus EMT reconstruction using exact complex bus-voltage phasors when available; otherwise diagnostic fallback
8.27,0.009098304785556621,0.0014651819320563586,0.009098304785556621,0.0014651819320563586,0.009098304785556621,0.0014651819320563586,-6.2709016952144365,-1.0285348180679463,-6.279999999999993,-1.0300000000000027,0.0,0.0,Vmag_get_voltage_magnitude_series__angle_get_voltage_angle_series,true,Unknown,Ybus EMT reconstruction using exact complex bus-voltage phasors when available; otherwise diagnostic fallback
8.28,0.009098169771839082,0.0014651597869492772,0.009098169771839082,0.0014651597869492772,0.009098169771839082,0.0014651597869492772,-6.270901830228154,-1.0285348402130534,-6.279999999999993,-1.0300000000000027,0.0,0.0,Vmag_get_voltage_magnitude_series__angle_get_voltage_angle_series,true,Unknown,Ybus EMT reconstruction using exact complex bus-voltage phasors when available; otherwise diagnostic fallback
8.29,0.009098037451062524,0.0014651380834587169,0.009098037451062524,0.0014651380834587169,0.009098037451062524,0.0014651380834587169,-6.270901962548931,-1.028534861916544,-6.279999999999993,-1.0300000000000027,0.0,0.0,Vmag_get_voltage_magnitude_series__angle_get_voltage_angle_series,true,Unknown,Ybus EMT reconstruction using exact complex bus-voltage phasors when available; otherwise diagnostic fallback
8.3,0.009097907801989713,0.001465116818186063,0.009097907801989713,0.001465116818186063,0.009097907801989713,0.001465116818186063,-6.270902092198003,-1.0285348831818166,-6.279999999999993,-1.0300000000000027,0.0,0.0,Vmag_get_voltage_magnitude_series__angle_get_voltage_angle_series,true,Unknown,Ybus EMT reconstruction using exact complex bus-voltage phasors when available; otherwise diagnostic fallback
8.31,0.009097780803384303,0.0014650959876729708,0.009097780803384303,0.0014650959876729708,0.009097780803384303,0.0014650959876729708,-6.270902219196609,-1.0285349040123297,-6.279999999999993,-1.0300000000000027,0.0,0.0,Vmag_get_voltage_magnitude_series__angle_get_voltage_angle_series,true,Unknown,Ybus EMT reconstruction using exact complex bus-voltage phasors when available; otherwise diagnostic fallback
8.32,0.009097656433951329,0.0014650755883831579,0.009097656433951329,0.0014650755883831579,0.009097656433951329,0.0014650755883831579,-6.270902343566042,-1.0285349244116195,-6.279999999999993,-1.0300000000000027,0.0,0.0,Vmag_get_voltage_magnitude_series__angle_get_voltage_angle_series,true,Unknown,Ybus EMT reconstruction using exact complex bus-voltage phasors when available; otherwise diagnostic fallback
8.33,0.009097534672453556,0.0014650556168560591,0.009097534672453556,0.0014650556168560591,0.009097534672453556,0.0014650556168560591,-6.27090246532754,-1.0285349443831466,-6.279999999999993,-1.0300000000000027,0.0,0.0,Vmag_get_voltage_magnitude_series__angle_get_voltage_angle_series,true,Unknown,Ybus EMT reconstruction using exact complex bus-voltage phasors when available; otherwise diagnostic fallback
8.34,0.009097415497617334,0.0014650360696235598,0.009097415497617334,0.0014650360696235598,0.009097415497617334,0.0014650360696235598,-6.270902584502376,-1.0285349639303791,-6.279999999999993,-1.0300000000000027,0.0,0.0,Vmag_get_voltage_magnitude_series__angle_get_voltage_angle_series,true,Unknown,Ybus EMT reconstruction using exact complex bus-voltage phasors when available; otherwise diagnostic fallback
8.35,0.00909729888819033,0.0014650169431453808,0.00909729888819033,0.0014650169431453808,0.00909729888819033,0.0014650169431453808,-6.270902701111803,-1.0285349830568573,-6.279999999999993,-1.0300000000000027,0.0,0.0,Vmag_get_voltage_magnitude_series__angle_get_voltage_angle_series,true,Unknown,Ybus EMT reconstruction using exact complex bus-voltage phasors when available; otherwise diagnostic fallback
8.36,0.009097184822895343,0.0014649982339334233,0.009097184822895343,0.0014649982339334233,0.009097184822895343,0.0014649982339334233,-6.270902815177098,-1.0285350017660693,-6.279999999999993,-1.0300000000000027,0.0,0.0,Vmag_get_voltage_magnitude_series__angle_get_voltage_angle_series,true,Unknown,Ybus EMT reconstruction using exact complex bus-voltage phasors when available; otherwise diagnostic fallback
8.37,0.009097073280472934,0.0014649799385599849,0.009097073280472934,0.0014649799385599849,0.009097073280472934,0.0014649799385599849,-6.27090292671952,-1.0285350200614427,-6.279999999999993,-1.0300000000000027,0.0,0.0,Vmag_get_voltage_magnitude_series__angle_get_voltage_angle_series,true,Unknown,Ybus EMT reconstruction using exact complex bus-voltage phasors when available; otherwise diagnostic fallback
8.38,0.009096964239645011,0.0014649620534850083,0.009096964239645011,0.0014649620534850083,0.009096964239645011,0.0014649620534850083,-6.270903035760348,-1.0285350379465177,-6.279999999999993,-1.0300000000000027,0.0,0.0,Vmag_get_voltage_magnitude_series__angle_get_voltage_angle_series,true,Unknown,Ybus EMT reconstruction using exact complex bus-voltage phasors when available; otherwise diagnostic fallback
8.39,0.009096857679192105,0.0014649445751993007,0.009096857679192105,0.0014649445751993007,0.009096857679192105,0.0014649445751993007,-6.270903142320801,-1.0285350554248034,-6.279999999999993,-1.0300000000000027,0.0,0.0,Vmag_get_voltage_magnitude_series__angle_get_voltage_angle_series,true,Unknown,Ybus EMT reconstruction using exact complex bus-voltage phasors when available; otherwise diagnostic fallback
8.4,0.009096753577817474,0.0014649275003122408,0.009096753577817474,0.0014649275003122408,0.009096753577817474,0.0014649275003122408,-6.270903246422176,-1.0285350724996905,-6.279999999999993,-1.0300000000000027,0.0,0.0,Vmag_get_voltage_magnitude_series__angle_get_voltage_angle_series,true,Unknown,Ybus EMT reconstruction using exact complex bus-voltage phasors when available; otherwise diagnostic fallback
8.41,0.009096651914330955,0.0014649108253017573,0.009096651914330955,0.0014649108253017573,0.009096651914330955,0.0014649108253017573,-6.270903348085662,-1.028535089174701,-6.279999999999993,-1.0300000000000027,0.0,0.0,Vmag_get_voltage_magnitude_series__angle_get_voltage_angle_series,true,Unknown,Ybus EMT reconstruction using exact complex bus-voltage phasors when available; otherwise diagnostic fallback
8.42,0.009096552667475777,0.001464894546608475,0.009096552667475777,0.001464894546608475,0.009096552667475777,0.001464894546608475,-6.270903447332517,-1.0285351054533942,-6.279999999999993,-1.0300000000000027,0.0,0.0,Vmag_get_voltage_magnitude_series__angle_get_voltage_angle_series,true,Unknown,Ybus EMT reconstruction using exact complex bus-voltage phasors when available; otherwise diagnostic fallback
8.43,0.00909645581606533,0.0014648786607962538,0.00909645581606533,0.0014648786607962538,0.00909645581606533,0.0014648786607962538,-6.270903544183928,-1.0285351213392064,-6.279999999999993,-1.0300000000000027,0.0,0.0,Vmag_get_voltage_magnitude_series__angle_get_voltage_angle_series,true,Unknown,Ybus EMT reconstruction using exact complex bus-voltage phasors when available; otherwise diagnostic fallback
8.44,0.009096361338903236,0.001464863164487351,0.009096361338903236,0.001464863164487351,0.009096361338903236,0.001464863164487351,-6.27090363866109,-1.0285351368355153,-6.279999999999993,-1.0300000000000027,0.0,0.0,Vmag_get_voltage_magnitude_series__angle_get_voltage_angle_series,true,Unknown,Ybus EMT reconstruction using exact complex bus-voltage phasors when available; otherwise diagnostic fallback
8.45,0.009096269214809105,0.0014648480540695452,0.009096269214809105,0.0014648480540695452,0.009096269214809105,0.0014648480540695452,-6.270903730785184,-1.0285351519459331,-6.279999999999993,-1.0300000000000027,0.0,0.0,Vmag_get_voltage_magnitude_series__angle_get_voltage_angle_series,true,Unknown,Ybus EMT reconstruction using exact complex bus-voltage phasors when available; otherwise diagnostic fallback
8.46,0.009096179422613204,0.0014648333261733093,0.009096179422613204,0.0014648333261733093,0.009096179422613204,0.0014648333261733093,-6.27090382057738,-1.0285351666738294,-6.279999999999993,-1.0300000000000027,0.0,0.0,Vmag_get_voltage_magnitude_series__angle_get_voltage_angle_series,true,Unknown,Ybus EMT reconstruction using exact complex bus-voltage phasors when available; otherwise diagnostic fallback
8.47,0.009096091941198203,0.0014648189772186182,0.009096091941198203,0.0014648189772186182,0.009096091941198203,0.0014648189772186182,-6.270903908058795,-1.028535181022784,-6.279999999999993,-1.0300000000000027,0.0,0.0,Vmag_get_voltage_magnitude_series__angle_get_voltage_angle_series,true,Unknown,Ybus EMT reconstruction using exact complex bus-voltage phasors when available; otherwise diagnostic fallback
8.48,0.009096006749445884,0.0014648050039194338,0.009096006749445884,0.0014648050039194338,0.009096006749445884,0.0014648050039194338,-6.270903993250547,-1.0285351949960833,-6.279999999999993,-1.0300000000000027,0.0,0.0,Vmag_get_voltage_magnitude_series__angle_get_voltage_angle_series,true,Unknown,Ybus EMT reconstruction using exact complex bus-voltage phasors when available; otherwise diagnostic fallback
8.49,0.009095923826268226,0.0014647914026646447,0.009095923826268226,0.0014647914026646447,0.009095923826268226,0.0014647914026646447,-6.270904076173725,-1.028535208597338,-6.279999999999993,-1.0300000000000027,0.0,0.0,Vmag_get_voltage_magnitude_series__angle_get_voltage_angle_series,true,Unknown,Ybus EMT reconstruction using exact complex bus-voltage phasors when available; otherwise diagnostic fallback
8.5,0.009095843150607408,0.0014647781700234397,0.009095843150607408,0.0014647781700234397,0.009095843150607408,0.0014647781700234397,-6.270904156849386,-1.0285352218299793,-6.279999999999993,-1.0300000000000027,0.0,0.0,Vmag_get_voltage_magnitude_series__angle_get_voltage_angle_series,true,Unknown,Ybus EMT reconstruction using exact complex bus-voltage phasors when available; otherwise diagnostic fallback
8.51,0.009095764701445574,0.0014647653026131913,0.009095764701445574,0.0014647653026131913,0.009095764701445574,0.0014647653026131913,-6.270904235298548,-1.0285352346973895,-6.279999999999993,-1.0300000000000027,0.0,0.0,Vmag_get_voltage_magnitude_series__angle_get_voltage_angle_series,true,Unknown,Ybus EMT reconstruction using exact complex bus-voltage phasors when available; otherwise diagnostic fallback
8.52,0.009095688457757767,0.0014647527969362528,0.009095688457757767,0.0014647527969362528,0.009095688457757767,0.0014647527969362528,-6.270904311542235,-1.0285352472030664,-6.279999999999993,-1.0300000000000027,0.0,0.0,Vmag_get_voltage_magnitude_series__angle_get_voltage_angle_series,true,Unknown,Ybus EMT reconstruction using exact complex bus-voltage phasors when available; otherwise diagnostic fallback
8.53,0.009095614398566099,0.001464740649511631,0.009095614398566099,0.001464740649511631,0.009095614398566099,0.001464740649511631,-6.270904385601427,-1.028535259350491,-6.279999999999993,-1.0300000000000027,0.0,0.0,Vmag_get_voltage_magnitude_series__angle_get_voltage_angle_series,true,Unknown,Ybus EMT reconstruction using exact complex bus-voltage phasors when available; otherwise diagnostic fallback
8.54,0.009095542502973508,0.0014647288570259764,0.009095542502973508,0.0014647288570259764,0.009095542502973508,0.0014647288570259764,-6.27090445749702,-1.0285352711429767,-6.279999999999993,-1.0300000000000027,0.0,0.0,Vmag_get_voltage_magnitude_series__angle_get_voltage_angle_series,true,Unknown,Ybus EMT reconstruction using exact complex bus-voltage phasors when available; otherwise diagnostic fallback
8.55,0.009095472750074052,0.0014647174159563292,0.009095472750074052,0.0014647174159563292,0.009095472750074052,0.0014647174159563292,-6.270904527249919,-1.0285352825840464,-6.279999999999993,-1.0300000000000027,0.0,0.0,Vmag_get_voltage_magnitude_series__angle_get_voltage_angle_series,true,Unknown,Ybus EMT reconstruction using exact complex bus-voltage phasors when available; otherwise diagnostic fallback
8.56,0.009095405118985767,0.0014647063229324964,0.009095405118985767,0.0014647063229324964,0.009095405118985767,0.0014647063229324964,-6.270904594881007,-1.0285352936770702,-6.279999999999993,-1.0300000000000027,0.0,0.0,Vmag_get_voltage_magnitude_series__angle_get_voltage_angle_series,true,Unknown,Ybus EMT reconstruction using exact complex bus-voltage phasors when available; otherwise diagnostic fallback
8.57,0.00909533958887998,0.0014646955745070134,0.00909533958887998,0.0014646955745070134,0.00909533958887998,0.0014646955745070134,-6.270904660411113,-1.0285353044254957,-6.279999999999993,-1.0300000000000027,0.0,0.0,Vmag_get_voltage_magnitude_series__angle_get_voltage_angle_series,true,Unknown,Ybus EMT reconstruction using exact complex bus-voltage phasors when available; otherwise diagnostic fallback
8.58,0.009095276138993746,0.0014646851672528438,0.009095276138993746,0.0014646851672528438,0.009095276138993746,0.0014646851672528438,-6.270904723860999,-1.0285353148327498,-6.279999999999993,-1.0300000000000027,0.0,0.0,Vmag_get_voltage_magnitude_series__angle_get_voltage_angle_series,true,Unknown,Ybus EMT reconstruction using exact complex bus-voltage phasors when available; otherwise diagnostic fallback
8.59,0.009095214748591651,0.0014646750978026812,0.009095214748591651,0.0014646750978026812,0.009095214748591651,0.0014646750978026812,-6.2709047852514015,-1.0285353249022,-6.279999999999993,-1.0300000000000027,0.0,0.0,Vmag_get_voltage_magnitude_series__angle_get_voltage_angle_series,true,Unknown,Ybus EMT reconstruction using exact complex bus-voltage phasors when available; otherwise diagnostic fallback
8.6,0.009095155396947163,0.0014646653627161665,0.009095155396947163,0.0014646653627161665,0.009095155396947163,0.0014646653627161665,-6.270904844603046,-1.0285353346372865,-6.279999999999993,-1.0300000000000027,0.0,0.0,Vmag_get_voltage_magnitude_series__angle_get_voltage_angle_series,true,Unknown,Ybus EMT reconstruction using exact complex bus-voltage phasors when available; otherwise diagnostic fallback
8.61,0.009095098063437668,0.0014646559587028207,0.009095098063437668,0.0014646559587028207,0.009095098063437668,0.0014646559587028207,-6.2709049019365555,-1.0285353440412999,-6.279999999999993,-1.0300000000000027,0.0,0.0,Vmag_get_voltage_magnitude_series__angle_get_voltage_angle_series,true,Unknown,Ybus EMT reconstruction using exact complex bus-voltage phasors when available; otherwise diagnostic fallback
8.62,0.009095042727436997,0.001464646882278542,0.009095042727436997,0.001464646882278542,0.009095042727436997,0.001464646882278542,-6.270904957272556,-1.0285353531177241,-6.279999999999993,-1.0300000000000027,0.0,0.0,Vmag_get_voltage_magnitude_series__angle_get_voltage_angle_series,true,Unknown,Ybus EMT reconstruction using exact complex bus-voltage phasors when available; otherwise diagnostic fallback
8.63,0.009094989368398032,0.0014646381301417488,0.009094989368398032,0.0014646381301417488,0.009094989368398032,0.0014646381301417488,-6.270905010631595,-1.028535361869861,-6.279999999999993,-1.0300000000000027,0.0,0.0,Vmag_get_voltage_magnitude_series__angle_get_voltage_angle_series,true,Unknown,Ybus EMT reconstruction using exact complex bus-voltage phasors when available; otherwise diagnostic fallback
8.64,0.009094937965825167,0.0014646296988780616,0.009094937965825167,0.0014646296988780616,0.009094937965825167,0.0014646296988780616,-6.270905062034168,-1.0285353703011246,-6.279999999999993,-1.0300000000000027,0.0,0.0,Vmag_get_voltage_magnitude_series__angle_get_voltage_angle_series,true,Unknown,Ybus EMT reconstruction using exact complex bus-voltage phasors when available; otherwise diagnostic fallback
8.65,0.009094888499229015,0.001464621585205661,0.009094888499229015,0.001464621585205661,0.009094888499229015,0.001464621585205661,-6.270905111500764,-1.028535378414797,-6.279999999999993,-1.0300000000000027,0.0,0.0,Vmag_get_voltage_magnitude_series__angle_get_voltage_angle_series,true,Unknown,Ybus EMT reconstruction using exact complex bus-voltage phasors when available; otherwise diagnostic fallback
8.66,0.009094840948244531,0.0014646137857365904,0.009094840948244531,0.0014646137857365904,0.009094840948244531,0.0014646137857365904,-6.270905159051749,-1.028535386214266,-6.279999999999993,-1.0300000000000027,0.0,0.0,Vmag_get_voltage_magnitude_series__angle_get_voltage_angle_series,true,Unknown,Ybus EMT reconstruction using exact complex bus-voltage phasors when available; otherwise diagnostic fallback
8.67,0.009094795292492464,0.0014646062970340434,0.009094795292492464,0.0014646062970340434,0.009094795292492464,0.0014646062970340434,-6.270905204707501,-1.0285353937029686,-6.279999999999993,-1.0300000000000027,0.0,0.0,Vmag_get_voltage_magnitude_series__angle_get_voltage_angle_series,true,Unknown,Ybus EMT reconstruction using exact complex bus-voltage phasors when available; otherwise diagnostic fallback
8.68,0.009094751511720567,0.0014645991159778493,0.009094751511720567,0.0014645991159778493,0.009094751511720567,0.0014645991159778493,-6.270905248488273,-1.0285354008840248,-6.279999999999993,-1.0300000000000027,0.0,0.0,Vmag_get_voltage_magnitude_series__angle_get_voltage_angle_series,true,Unknown,Ybus EMT reconstruction using exact complex bus-voltage phasors when available; otherwise diagnostic fallback
8.69,0.009094709585654392,0.0014645922390565946,0.009094709585654392,0.0014645922390565946,0.009094709585654392,0.0014645922390565946,-6.270905290414339,-1.028535407760946,-6.279999999999993,-1.0300000000000027,0.0,0.0,Vmag_get_voltage_magnitude_series__angle_get_voltage_angle_series,true,Unknown,Ybus EMT reconstruction using exact complex bus-voltage phasors when available; otherwise diagnostic fallback
8.7,0.009094669494114527,0.0014645856630342013,0.009094669494114527,0.0014645856630342013,0.009094669494114527,0.0014645856630342013,-6.270905330505879,-1.0285354143369685,-6.279999999999993,-1.0300000000000027,0.0,0.0,Vmag_get_voltage_magnitude_series__angle_get_voltage_angle_series,true,Unknown,Ybus EMT reconstruction using exact complex bus-voltage phasors when available; otherwise diagnostic fallback
8.71,0.009094631217022808,0.0014645793846297384,0.009094631217022808,0.0014645793846297384,0.009094631217022808,0.0014645793846297384,-6.27090536878297,-1.028535420615373,-6.279999999999993,-1.0300000000000027,0.0,0.0,Vmag_get_voltage_magnitude_series__angle_get_voltage_angle_series,true,Unknown,Ybus EMT reconstruction using exact complex bus-voltage phasors when available; otherwise diagnostic fallback
8.72,0.009094594734295747,0.0014645734005958033,0.009094594734295747,0.0014645734005958033,0.009094594734295747,0.0014645734005958033,-6.270905405265697,-1.0285354265994069,-6.279999999999993,-1.0300000000000027,0.0,0.0,Vmag_get_voltage_magnitude_series__angle_get_voltage_angle_series,true,Unknown,Ybus EMT reconstruction using exact complex bus-voltage phasors when available; otherwise diagnostic fallback
8.73,0.009094560025934229,0.0014645677075202368,0.009094560025934229,0.0014645677075202368,0.009094560025934229,0.0014645677075202368,-6.270905439974059,-1.0285354322924825,-6.279999999999993,-1.0300000000000027,0.0,0.0,Vmag_get_voltage_magnitude_series__angle_get_voltage_angle_series,true,Unknown,Ybus EMT reconstruction using exact complex bus-voltage phasors when available; otherwise diagnostic fallback
8.74,0.009094527072014635,0.0014645623022411236,0.009094527072014635,0.0014645623022411236,0.009094527072014635,0.0014645623022411236,-6.2709054729279785,-1.0285354376977616,-6.279999999999993,-1.0300000000000027,0.0,0.0,Vmag_get_voltage_magnitude_series__angle_get_voltage_angle_series,true,Unknown,Ybus EMT reconstruction using exact complex bus-voltage phasors when available; otherwise diagnostic fallback
8.75,0.009094495852674633,0.001464557181469539,0.009094495852674633,0.001464557181469539,0.009094495852674633,0.001464557181469539,-6.2709055041473185,-1.0285354428185332,-6.279999999999993,-1.0300000000000027,0.0,0.0,Vmag_get_voltage_magnitude_series__angle_get_voltage_angle_series,true,Unknown,Ybus EMT reconstruction using exact complex bus-voltage phasors when available; otherwise diagnostic fallback
8.76,0.009094466348111396,0.001464552341938985,0.009094466348111396,0.001464552341938985,0.009094466348111396,0.001464552341938985,-6.270905533651882,-1.0285354476580637,-6.279999999999993,-1.0300000000000027,0.0,0.0,Vmag_get_voltage_magnitude_series__angle_get_voltage_angle_series,true,Unknown,Ybus EMT reconstruction using exact complex bus-voltage phasors when available; otherwise diagnostic fallback
8.77,0.009094438538600258,0.0014645477804138274,0.009094438538600258,0.0014645477804138274,0.009094438538600258,0.0014645477804138274,-6.270905561461393,-1.0285354522195889,-6.279999999999993,-1.0300000000000027,0.0,0.0,Vmag_get_voltage_magnitude_series__angle_get_voltage_angle_series,true,Unknown,Ybus EMT reconstruction using exact complex bus-voltage phasors when available; otherwise diagnostic fallback
8.78,0.009094412404457408,0.001464543493776338,0.009094412404457408,0.001464543493776338,0.009094412404457408,0.001464543493776338,-6.270905587595536,-1.0285354565062264,-6.279999999999993,-1.0300000000000027,0.0,0.0,Vmag_get_voltage_magnitude_series__angle_get_voltage_angle_series,true,Unknown,Ybus EMT reconstruction using exact complex bus-voltage phasors when available; otherwise diagnostic fallback
8.79,0.009094387926127823,0.0014645394785988142,0.009094387926127823,0.0014645394785988142,0.009094387926127823,0.0014645394785988142,-6.270905612073865,-1.0285354605214039,-6.279999999999993,-1.0300000000000027,0.0,0.0,Vmag_get_voltage_magnitude_series__angle_get_voltage_angle_series,true,Unknown,Ybus EMT reconstruction using exact complex bus-voltage phasors when available; otherwise diagnostic fallback
8.8,0.00909436508405026,0.0014645357318872065,0.00909436508405026,0.0014645357318872065,0.00909436508405026,0.0014645357318872065,-6.270905634915943,-1.0285354642681155,-6.279999999999993,-1.0300000000000027,0.0,0.0,Vmag_get_voltage_magnitude_series__angle_get_voltage_angle_series,true,Unknown,Ybus EMT reconstruction using exact complex bus-voltage phasors when available; otherwise diagnostic fallback
8.81,0.009094343858788712,0.0014645322502946367,0.009094343858788712,0.0014645322502946367,0.009094343858788712,0.0014645322502946367,-6.270905656141204,-1.028535467749708,-6.279999999999993,-1.0300000000000027,0.0,0.0,Vmag_get_voltage_magnitude_series__angle_get_voltage_angle_series,true,Unknown,Ybus EMT reconstruction using exact complex bus-voltage phasors when available; otherwise diagnostic fallback
8.82,0.009094324230972006,0.0014645290307924164,0.009094324230972006,0.0014645290307924164,0.009094324230972006,0.0014645290307924164,-6.270905675769021,-1.0285354709692103,-6.279999999999993,-1.0300000000000027,0.0,0.0,Vmag_get_voltage_magnitude_series__angle_get_voltage_angle_series,true,Unknown,Ybus EMT reconstruction using exact complex bus-voltage phasors when available; otherwise diagnostic fallback
8.83,0.00909430618129381,0.0014645260700973939,0.00909430618129381,0.0014645260700973939,0.00909430618129381,0.0014645260700973939,-6.270905693818699,-1.0285354739299053,-6.279999999999993,-1.0300000000000027,0.0,0.0,Vmag_get_voltage_magnitude_series__angle_get_voltage_angle_series,true,Unknown,Ybus EMT reconstruction using exact complex bus-voltage phasors when available; otherwise diagnostic fallback
8.84,0.00909428969053483,0.0014645233651482403,0.00909428969053483,0.0014645233651482403,0.00909428969053483,0.0014645233651482403,-6.270905710309458,-1.0285354766348545,-6.279999999999993,-1.0300000000000027,0.0,0.0,Vmag_get_voltage_magnitude_series__angle_get_voltage_angle_series,true,Unknown,Ybus EMT reconstruction using exact complex bus-voltage phasors when available; otherwise diagnostic fallback
8.85,0.009094274739533503,0.0014645209127150949,0.009094274739533503,0.0014645209127150949,0.009094274739533503,0.0014645209127150949,-6.27090572526046,-1.0285354790872876,-6.279999999999993,-1.0300000000000027,0.0,0.0,Vmag_get_voltage_magnitude_series__angle_get_voltage_angle_series,true,Unknown,Ybus EMT reconstruction using exact complex bus-voltage phasors when available; otherwise diagnostic fallback
8.86,0.009094261309204654,0.0014645187096702372,0.009094261309204654,0.0014645187096702372,0.009094261309204654,0.0014645187096702372,-6.2709057386907885,-1.0285354812903325,-6.279999999999993,-1.0300000000000027,0.0,0.0,Vmag_get_voltage_magnitude_series__angle_get_voltage_angle_series,true,Unknown,Ybus EMT reconstruction using exact complex bus-voltage phasors when available; otherwise diagnostic fallback
8.87,0.009094249380567021,0.0014645167529370173,0.009094249380567021,0.0014645167529370173,0.009094249380567021,0.0014645167529370173,-6.270905750619426,-1.0285354832470657,-6.279999999999993,-1.0300000000000027,0.0,0.0,Vmag_get_voltage_magnitude_series__angle_get_voltage_angle_series,true,Unknown,Ybus EMT reconstruction using exact complex bus-voltage phasors when available; otherwise diagnostic fallback
8.88,0.009094238934709509,0.0014645150394447803,0.009094238934709509,0.0014645150394447803,0.009094238934709509,0.0014645150394447803,-6.270905761065284,-1.028535484960558,-6.279999999999993,-1.0300000000000027,0.0,0.0,Vmag_get_voltage_magnitude_series__angle_get_voltage_angle_series,true,Unknown,Ybus EMT reconstruction using exact complex bus-voltage phasors when available; otherwise diagnostic fallback
8.89,0.009094229952782307,0.0014645135660391606,0.009094229952782307,0.0014645135660391606,0.009094229952782307,0.0014645135660391606,-6.270905770047211,-1.0285354864339635,-6.279999999999993,-1.0300000000000027,0.0,0.0,Vmag_get_voltage_magnitude_series__angle_get_voltage_angle_series,true,Unknown,Ybus EMT reconstruction using exact complex bus-voltage phasors when available; otherwise diagnostic fallback
8.9,0.009094222416065278,0.0014645123297400975,0.009094222416065278,0.0014645123297400975,0.009094222416065278,0.0014645123297400975,-6.270905777583928,-1.0285354876702626,-6.279999999999993,-1.0300000000000027,0.0,0.0,Vmag_get_voltage_magnitude_series__angle_get_voltage_angle_series,true,Unknown,Ybus EMT reconstruction using exact complex bus-voltage phasors when available; otherwise diagnostic fallback
8.91,0.009094216305835623,0.0014645113273596966,0.009094216305835623,0.0014645113273596966,0.009094216305835623,0.0014645113273596966,-6.2709057836941575,-1.028535488672643,-6.279999999999993,-1.0300000000000027,0.0,0.0,Vmag_get_voltage_magnitude_series__angle_get_voltage_angle_series,true,Unknown,Ybus EMT reconstruction using exact complex bus-voltage phasors when available; otherwise diagnostic fallback
8.92,0.009094211603540181,0.001464510555872156,0.009094211603540181,0.001464510555872156,0.009094211603540181,0.001464510555872156,-6.270905788396453,-1.0285354894441305,-6.279999999999993,-1.0300000000000027,0.0,0.0,Vmag_get_voltage_magnitude_series__angle_get_voltage_angle_series,true,Unknown,Ybus EMT reconstruction using exact complex bus-voltage phasors when available; otherwise diagnostic fallback
8.93,0.009094208290672867,0.0014645100123367172,0.009094208290672867,0.0014645100123367172,0.009094208290672867,0.0014645100123367172,-6.27090579170932,-1.028535489987666,-6.279999999999993,-1.0300000000000027,0.0,0.0,Vmag_get_voltage_magnitude_series__angle_get_voltage_angle_series,true,Unknown,Ybus EMT reconstruction using exact complex bus-voltage phasors when available; otherwise diagnostic fallback
8.94,0.009094206348787104,0.001464509693671845,0.009094206348787104,0.001464509693671845,0.009094206348787104,0.001464509693671845,-6.270905793651206,-1.0285354903063308,-6.279999999999993,-1.0300000000000027,0.0,0.0,Vmag_get_voltage_magnitude_series__angle_get_voltage_angle_series,true,Unknown,Ybus EMT reconstruction using exact complex bus-voltage phasors when available; otherwise diagnostic fallback
8.95,0.009094205759577534,0.0014645095968417454,0.009094205759577534,0.0014645095968417454,0.009094205759577534,0.0014645095968417454,-6.270905794240416,-1.028535490403161,-6.279999999999993,-1.0300000000000027,0.0,0.0,Vmag_get_voltage_magnitude_series__angle_get_voltage_angle_series,true,Unknown,Ybus EMT reconstruction using exact complex bus-voltage phasors when available; otherwise diagnostic fallback
8.96,0.009094206504781432,0.0014645097189485146,0.009094206504781432,0.0014645097189485146,0.009094206504781432,0.0014645097189485146,-6.270905793495212,-1.0285354902810542,-6.279999999999993,-1.0300000000000027,0.0,0.0,Vmag_get_voltage_magnitude_series__angle_get_voltage_angle_series,true,Unknown,Ybus EMT reconstruction using exact complex bus-voltage phasors when available; otherwise diagnostic fallback
8.97,0.009094208566255979,0.0014645100568071445,0.009094208566255979,0.0014645100568071445,0.009094208566255979,0.0014645100568071445,-6.270905791433737,-1.0285354899431955,-6.279999999999993,-1.0300000000000027,0.0,0.0,Vmag_get_voltage_magnitude_series__angle_get_voltage_angle_series,true,Unknown,Ybus EMT reconstruction using exact complex bus-voltage phasors when available; otherwise diagnostic fallback
8.98,0.009094211925920526,0.0014645106077588732,0.009094211925920526,0.0014645106077588732,0.009094211925920526,0.0014645106077588732,-6.270905788074073,-1.0285354893922438,-6.279999999999993,-1.0300000000000027,0.0,0.0,Vmag_get_voltage_magnitude_series__angle_get_voltage_angle_series,true,Unknown,Ybus EMT reconstruction using exact complex bus-voltage phasors when available; otherwise diagnostic fallback
8.99,0.00909421656577969,0.001464511368640009,0.00909421656577969,0.001464511368640009,0.00909421656577969,0.001464511368640009,-6.2709057834342135,-1.0285354886313627,-6.279999999999993,-1.0300000000000027,0.0,0.0,Vmag_get_voltage_magnitude_series__angle_get_voltage_angle_series,true,Unknown,Ybus EMT reconstruction using exact complex bus-voltage phasors when available; otherwise diagnostic fallback
9.0,0.009094222467949997,0.0014645123365499835,0.009094222467949997,0.0014645123365499835,0.009094222467949997,0.0014645123365499835,-6.270905777532043,-1.0285354876634527,-6.279999999999993,-1.0300000000000027,0.0,0.0,Vmag_get_voltage_magnitude_series__angle_get_voltage_angle_series,true,Unknown,Ybus EMT reconstruction using exact complex bus-voltage phasors when available; otherwise diagnostic fallback
9.01,0.009094229614646565,0.0014645135085833427,0.009094229614646565,0.0014645135085833427,0.009094229614646565,0.0014645135085833427,-6.270905770385347,-1.0285354864914193,-6.279999999999993,-1.0300000000000027,0.0,0.0,Vmag_get_voltage_magnitude_series__angle_get_voltage_angle_series,true,Unknown,Ybus EMT reconstruction using exact complex bus-voltage phasors when available; otherwise diagnostic fallback
9.02,0.00909423798814224,0.0014645148818497322,0.00909423798814224,0.0014645148818497322,0.00909423798814224,0.0014645148818497322,-6.270905762011851,-1.028535485118153,-6.279999999999993,-1.0300000000000027,0.0,0.0,Vmag_get_voltage_magnitude_series__angle_get_voltage_angle_series,true,Unknown,Ybus EMT reconstruction using exact complex bus-voltage phasors when available; otherwise diagnostic fallback
9.03,0.009094247570835101,0.0014645164534141664,0.009094247570835101,0.0014645164534141664,0.009094247570835101,0.0014645164534141664,-6.270905752429158,-1.0285354835465885,-6.279999999999993,-1.0300000000000027,0.0,0.0,Vmag_get_voltage_magnitude_series__angle_get_voltage_angle_series,true,Unknown,Ybus EMT reconstruction using exact complex bus-voltage phasors when available; otherwise diagnostic fallback
9.04,0.009094258345156092,0.0014645182204500173,0.009094258345156092,0.0014645182204500173,0.009094258345156092,0.0014645182204500173,-6.270905741654837,-1.0285354817795527,-6.279999999999993,-1.0300000000000027,0.0,0.0,Vmag_get_voltage_magnitude_series__angle_get_voltage_angle_series,true,Unknown,Ybus EMT reconstruction using exact complex bus-voltage phasors when available; otherwise diagnostic fallback
9.05,0.009094270293729778,0.001464520180114004,0.009094270293729778,0.001464520180114004,0.009094270293729778,0.001464520180114004,-6.270905729706263,-1.0285354798198887,-6.279999999999993,-1.0300000000000027,0.0,0.0,Vmag_get_voltage_magnitude_series__angle_get_voltage_angle_series,true,Unknown,Ybus EMT reconstruction using exact complex bus-voltage phasors when available; otherwise diagnostic fallback
9.06,0.009094283399170955,0.001464522329487572,0.009094283399170955,0.001464522329487572,0.009094283399170955,0.001464522329487572,-6.270905716600822,-1.0285354776705151,-6.279999999999993,-1.0300000000000027,0.0,0.0,Vmag_get_voltage_magnitude_series__angle_get_voltage_angle_series,true,Unknown,Ybus EMT reconstruction using exact complex bus-voltage phasors when available; otherwise diagnostic fallback
9.07,0.00909429764425429,0.0014645246658580025,0.00909429764425429,0.0014645246658580025,0.00909429764425429,0.0014645246658580025,-6.270905702355739,-1.0285354753341447,-6.279999999999993,-1.0300000000000027,0.0,0.0,Vmag_get_voltage_magnitude_series__angle_get_voltage_angle_series,true,Unknown,Ybus EMT reconstruction using exact complex bus-voltage phasors when available; otherwise diagnostic fallback
9.08,0.009094313011853927,0.0014645271862510079,0.009094313011853927,0.0014645271862510079,0.009094313011853927,0.0014645271862510079,-6.270905686988139,-1.0285354728137517,-6.279999999999993,-1.0300000000000027,0.0,0.0,Vmag_get_voltage_magnitude_series__angle_get_voltage_angle_series,true,Unknown,Ybus EMT reconstruction using exact complex bus-voltage phasors when available; otherwise diagnostic fallback
9.09,0.009094329484875097,0.001464529888027366,0.009094329484875097,0.001464529888027366,0.009094329484875097,0.001464529888027366,-6.270905670515118,-1.0285354701119753,-6.279999999999993,-1.0300000000000027,0.0,0.0,Vmag_get_voltage_magnitude_series__angle_get_voltage_angle_series,true,Unknown,Ybus EMT reconstruction using exact complex bus-voltage phasors when available; otherwise diagnostic fallback
9.1,0.009094347046400664,0.0014645327682709652,0.009094347046400664,0.0014645327682709652,0.009094347046400664,0.0014645327682709652,-6.2709056529535925,-1.0285354672317317,-6.279999999999993,-1.0300000000000027,0.0,0.0,Vmag_get_voltage_magnitude_series__angle_get_voltage_angle_series,true,Unknown,Ybus EMT reconstruction using exact complex bus-voltage phasors when available; otherwise diagnostic fallback
9.11,0.00909436567954014,0.0014645358243403628,0.00909436567954014,0.0014645358243403628,0.00909436567954014,0.0014645358243403628,-6.270905634320453,-1.0285354641756623,-6.279999999999993,-1.0300000000000027,0.0,0.0,Vmag_get_voltage_magnitude_series__angle_get_voltage_angle_series,true,Unknown,Ybus EMT reconstruction using exact complex bus-voltage phasors when available; otherwise diagnostic fallback
9.12,0.009094385367554914,0.001464539053400049,0.009094385367554914,0.001464539053400049,0.009094385367554914,0.001464539053400049,-6.270905614632438,-1.0285354609466026,-6.279999999999993,-1.0300000000000027,0.0,0.0,Vmag_get_voltage_magnitude_series__angle_get_voltage_angle_series,true,Unknown,Ybus EMT reconstruction using exact complex bus-voltage phasors when available; otherwise diagnostic fallback
9.13,0.009094406093753449,0.0014645424527379713,0.009094406093753449,0.0014645424527379713,0.009094406093753449,0.0014645424527379713,-6.27090559390624,-1.0285354575472647,-6.279999999999993,-1.0300000000000027,0.0,0.0,Vmag_get_voltage_magnitude_series__angle_get_voltage_angle_series,true,Unknown,Ybus EMT reconstruction using exact complex bus-voltage phasors when available; otherwise diagnostic fallback
9.14,0.009094427841612962,0.001464546019697588,0.009094427841612962,0.001464546019697588,0.009094427841612962,0.001464546019697588,-6.27090557215838,-1.028535453980305,-6.279999999999993,-1.0300000000000027,0.0,0.0,Vmag_get_voltage_magnitude_series__angle_get_voltage_angle_series,true,Unknown,Ybus EMT reconstruction using exact complex bus-voltage phasors when available; otherwise diagnostic fallback
9.15,0.009094450594633763,0.0014645497514891304,0.009094450594633763,0.0014645497514891304,0.009094450594633763,0.0014645497514891304,-6.270905549405359,-1.0285354502485136,-6.279999999999993,-1.0300000000000027,0.0,0.0,Vmag_get_voltage_magnitude_series__angle_get_voltage_angle_series,true,Unknown,Ybus EMT reconstruction using exact complex bus-voltage phasors when available; otherwise diagnostic fallback
9.16,0.009094474336456493,0.0014645536454975794,0.009094474336456493,0.0014645536454975794,0.009094474336456493,0.0014645536454975794,-6.270905525663537,-1.0285354463545051,-6.279999999999993,-1.0300000000000027,0.0,0.0,Vmag_get_voltage_magnitude_series__angle_get_voltage_angle_series,true,Unknown,Ybus EMT reconstruction using exact complex bus-voltage phasors when available; otherwise diagnostic fallback
9.17,0.009094499050834592,0.0014645576989724685,0.009094499050834592,0.0014645576989724685,0.009094499050834592,0.0014645576989724685,-6.2709055009491586,-1.0285354423010302,-6.279999999999993,-1.0300000000000027,0.0,0.0,Vmag_get_voltage_magnitude_series__angle_get_voltage_angle_series,true,Unknown,Ybus EMT reconstruction using exact complex bus-voltage phasors when available; otherwise diagnostic fallback
9.18,0.009094524721597885,0.0014645619093756057,0.009094524721597885,0.0014645619093756057,0.009094524721597885,0.0014645619093756057,-6.270905475278395,-1.028535438090627,-6.279999999999993,-1.0300000000000027,0.0,0.0,Vmag_get_voltage_magnitude_series__angle_get_voltage_angle_series,true,Unknown,Ybus EMT reconstruction using exact complex bus-voltage phasors when available; otherwise diagnostic fallback
9.19,0.009094551332656131,0.00146456627391367,0.009094551332656131,0.00146456627391367,0.009094551332656131,0.00146456627391367,-6.270905448667337,-1.028535433726089,-6.279999999999993,-1.0300000000000027,0.0,0.0,Vmag_get_voltage_magnitude_series__angle_get_voltage_angle_series,true,Unknown,Ybus EMT reconstruction using exact complex bus-voltage phasors when available; otherwise diagnostic fallback
9.2,0.009094578868077186,0.001464570790125741,0.009094578868077186,0.001464570790125741,0.009094578868077186,0.001464570790125741,-6.270905421131916,-1.028535429209877,-6.279999999999993,-1.0300000000000027,0.0,0.0,Vmag_get_voltage_magnitude_series__angle_get_voltage_angle_series,true,Unknown,Ybus EMT reconstruction using exact complex bus-voltage phasors when available; otherwise diagnostic fallback
9.21,0.009094607312001735,0.0014645754553763712,0.009094607312001735,0.0014645754553763712,0.009094607312001735,0.0014645754553763712,-6.270905392687991,-1.0285354245446263,-6.279999999999993,-1.0300000000000027,0.0,0.0,Vmag_get_voltage_magnitude_series__angle_get_voltage_angle_series,true,Unknown,Ybus EMT reconstruction using exact complex bus-voltage phasors when available; otherwise diagnostic fallback
9.22,0.00909463664865573,0.0014645802670150143,0.00909463664865573,0.0014645802670150143,0.00909463664865573,0.0014645802670150143,-6.270905363351337,-1.0285354197329877,-6.279999999999993,-1.0300000000000027,0.0,0.0,Vmag_get_voltage_magnitude_series__angle_get_voltage_angle_series,true,Unknown,Ybus EMT reconstruction using exact complex bus-voltage phasors when available; otherwise diagnostic fallback
9.23,0.009094666862417888,0.0014645852225410039,0.009094666862417888,0.0014645852225410039,0.009094666862417888,0.0014645852225410039,-6.270905333137575,-1.0285354147774617,-6.279999999999993,-1.0300000000000027,0.0,0.0,Vmag_get_voltage_magnitude_series__angle_get_voltage_angle_series,true,Unknown,Ybus EMT reconstruction using exact complex bus-voltage phasors when available; otherwise diagnostic fallback
9.24,0.009094697937699792,0.0014645903193830634,0.009094697937699792,0.0014645903193830634,0.009094697937699792,0.0014645903193830634,-6.270905302062293,-1.0285354096806196,-6.279999999999993,-1.0300000000000027,0.0,0.0,Vmag_get_voltage_magnitude_series__angle_get_voltage_angle_series,true,Unknown,Ybus EMT reconstruction using exact complex bus-voltage phasors when available; otherwise diagnostic fallback
9.25,0.00909472985907378,0.001464595554933057,0.00909472985907378,0.001464595554933057,0.00909472985907378,0.001464595554933057,-6.270905270140919,-1.0285354044450696,-6.279999999999993,-1.0300000000000027,0.0,0.0,Vmag_get_voltage_magnitude_series__angle_get_voltage_angle_series,true,Unknown,Ybus EMT reconstruction using exact complex bus-voltage phasors when available; otherwise diagnostic fallback
9.26,0.009094762611199236,0.0014646009268084459,0.009094762611199236,0.0014646009268084459,0.009094762611199236,0.0014646009268084459,-6.270905237388794,-1.0285353990731942,-6.279999999999993,-1.0300000000000027,0.0,0.0,Vmag_get_voltage_magnitude_series__angle_get_voltage_angle_series,true,Unknown,Ybus EMT reconstruction using exact complex bus-voltage phasors when available; otherwise diagnostic fallback
9.27,0.009094796178838571,0.001464606432459048,0.009094796178838571,0.001464606432459048,0.009094796178838571,0.001464606432459048,-6.270905203821155,-1.0285353935675436,-6.279999999999993,-1.0300000000000027,0.0,0.0,Vmag_get_voltage_magnitude_series__angle_get_voltage_angle_series,true,Unknown,Ybus EMT reconstruction using exact complex bus-voltage phasors when available; otherwise diagnostic fallback
9.28,0.009094830546842125,0.001464612069344673,0.009094830546842125,0.001464612069344673,0.009094830546842125,0.001464612069344673,-6.270905169453151,-1.028535387930658,-6.279999999999993,-1.0300000000000027,0.0,0.0,Vmag_get_voltage_magnitude_series__angle_get_voltage_angle_series,true,Unknown,Ybus EMT reconstruction using exact complex bus-voltage phasors when available; otherwise diagnostic fallback
9.29,0.009094865700197907,0.0014646178350443684,0.009094865700197907,0.0014646178350443684,0.009094865700197907,0.0014646178350443684,-6.270905134299795,-1.0285353821649583,-6.279999999999993,-1.0300000000000027,0.0,0.0,Vmag_get_voltage_magnitude_series__angle_get_voltage_angle_series,true,Unknown,Ybus EMT reconstruction using exact complex bus-voltage phasors when available; otherwise diagnostic fallback
9.3,0.009094901623992513,0.0014646237271309648,0.009094901623992513,0.0014646237271309648,0.009094901623992513,0.0014646237271309648,-6.270905098376001,-1.0285353762728717,-6.279999999999993,-1.0300000000000027,0.0,0.0,Vmag_get_voltage_magnitude_series__angle_get_voltage_angle_series,true,Unknown,Ybus EMT reconstruction using exact complex bus-voltage phasors when available; otherwise diagnostic fallback
9.31,0.009094938303383593,0.0014646297431553101,0.009094938303383593,0.0014646297431553101,0.009094938303383593,0.0014646297431553101,-6.2709050616966096,-1.0285353702568474,-6.279999999999993,-1.0300000000000027,0.0,0.0,Vmag_get_voltage_magnitude_series__angle_get_voltage_angle_series,true,Unknown,Ybus EMT reconstruction using exact complex bus-voltage phasors when available; otherwise diagnostic fallback
9.32,0.009094975723686005,0.0014646358806917892,0.009094975723686005,0.0014646358806917892,0.009094975723686005,0.0014646358806917892,-6.270905024276307,-1.028535364119311,-6.279999999999993,-1.0300000000000027,0.0,0.0,Vmag_get_voltage_magnitude_series__angle_get_voltage_angle_series,true,Unknown,Ybus EMT reconstruction using exact complex bus-voltage phasors when available; otherwise diagnostic fallback
9.33,0.009095013870260793,0.0014646421373802898,0.009095013870260793,0.0014646421373802898,0.009095013870260793,0.0014646421373802898,-6.270904986129732,-1.0285353578626224,-6.279999999999993,-1.0300000000000027,0.0,0.0,Vmag_get_voltage_magnitude_series__angle_get_voltage_angle_series,true,Unknown,Ybus EMT reconstruction using exact complex bus-voltage phasors when available; otherwise diagnostic fallback
9.34,0.009095052728632425,0.0014646485107301377,0.009095052728632425,0.0014646485107301377,0.009095052728632425,0.0014646485107301377,-6.270904947271361,-1.0285353514892726,-6.279999999999993,-1.0300000000000027,0.0,0.0,Vmag_get_voltage_magnitude_series__angle_get_voltage_angle_series,true,Unknown,Ybus EMT reconstruction using exact complex bus-voltage phasors when available; otherwise diagnostic fallback
9.35,0.00909509228442218,0.0014646549985750656,0.00909509228442218,0.0014646549985750656,0.00909509228442218,0.0014646549985750656,-6.270904907715571,-1.0285353450014276,-6.279999999999993,-1.0300000000000027,0.0,0.0,Vmag_get_voltage_magnitude_series__angle_get_voltage_angle_series,true,Unknown,Ybus EMT reconstruction using exact complex bus-voltage phasors when available; otherwise diagnostic fallback
9.36,0.009095132523314398,0.0014646615983855416,0.009095132523314398,0.0014646615983855416,0.009095132523314398,0.0014646615983855416,-6.270904867476679,-1.0285353384016171,-6.279999999999993,-1.0300000000000027,0.0,0.0,Vmag_get_voltage_magnitude_series__angle_get_voltage_angle_series,true,Unknown,Ybus EMT reconstruction using exact complex bus-voltage phasors when available; otherwise diagnostic fallback
9.37,0.009095173431140857,0.001464668307974648,0.009095173431140857,0.001464668307974648,0.009095173431140857,0.001464668307974648,-6.270904826568852,-1.028535331692028,-6.279999999999993,-1.0300000000000027,0.0,0.0,Vmag_get_voltage_magnitude_series__angle_get_voltage_angle_series,true,Unknown,Ybus EMT reconstruction using exact complex bus-voltage phasors when available; otherwise diagnostic fallback
9.38,0.009095214993838141,0.0014646751249836054,0.009095214993838141,0.0014646751249836054,0.009095214993838141,0.0014646751249836054,-6.270904785006155,-1.028535324875019,-6.279999999999993,-1.0300000000000027,0.0,0.0,Vmag_get_voltage_magnitude_series__angle_get_voltage_angle_series,true,Unknown,Ybus EMT reconstruction using exact complex bus-voltage phasors when available; otherwise diagnostic fallback
9.39,0.00909525719744142,0.0014646820470509692,0.00909525719744142,0.0014646820470509692,0.00909525719744142,0.0014646820470509692,-6.270904742802552,-1.0285353179529517,-6.279999999999993,-1.0300000000000027,0.0,0.0,Vmag_get_voltage_magnitude_series__angle_get_voltage_angle_series,true,Unknown,Ybus EMT reconstruction using exact complex bus-voltage phasors when available; otherwise diagnostic fallback
9.4,0.009095300028095998,0.0014646890720428907,0.009095300028095998,0.0014646890720428907,0.009095300028095998,0.0014646890720428907,-6.270904699971897,-1.0285353109279598,-6.279999999999993,-1.0300000000000027,0.0,0.0,Vmag_get_voltage_magnitude_series__angle_get_voltage_angle_series,true,Unknown,Ybus EMT reconstruction using exact complex bus-voltage phasors when available; otherwise diagnostic fallback
9.41,0.009095343472048434,0.0014646961976205741,0.009095343472048434,0.0014646961976205741,0.009095343472048434,0.0014646961976205741,-6.270904656527945,-1.0285353038023821,-6.279999999999993,-1.0300000000000027,0.0,0.0,Vmag_get_voltage_magnitude_series__angle_get_voltage_angle_series,true,Unknown,Ybus EMT reconstruction using exact complex bus-voltage phasors when available; otherwise diagnostic fallback
9.42,0.009095387515665188,0.0014647034214831933,0.009095387515665188,0.0014647034214831933,0.009095387515665188,0.0014647034214831933,-6.270904612484328,-1.0285352965785195,-6.279999999999993,-1.0300000000000027,0.0,0.0,Vmag_get_voltage_magnitude_series__angle_get_voltage_angle_series,true,Unknown,Ybus EMT reconstruction using exact complex bus-voltage phasors when available; otherwise diagnostic fallback
9.43,0.009095432145402427,0.00146471074149912,0.009095432145402427,0.00146471074149912,0.009095432145402427,0.00146471074149912,-6.270904567854591,-1.0285352892585036,-6.279999999999993,-1.0300000000000027,0.0,0.0,Vmag_get_voltage_magnitude_series__angle_get_voltage_angle_series,true,Unknown,Ybus EMT reconstruction using exact complex bus-voltage phasors when available; otherwise diagnostic fallback
9.44,0.009095477347858427,0.0014647181554754418,0.009095477347858427,0.0014647181554754418,0.009095477347858427,0.0014647181554754418,-6.270904522652135,-1.0285352818445272,-6.279999999999993,-1.0300000000000027,0.0,0.0,Vmag_get_voltage_magnitude_series__angle_get_voltage_angle_series,true,Unknown,Ybus EMT reconstruction using exact complex bus-voltage phasors when available; otherwise diagnostic fallback
9.45,0.009095523109685644,0.0014647256612410064,0.009095523109685644,0.0014647256612410064,0.009095523109685644,0.0014647256612410064,-6.2709044768903075,-1.0285352743387617,-6.279999999999993,-1.0300000000000027,0.0,0.0,Vmag_get_voltage_magnitude_series__angle_get_voltage_angle_series,true,Unknown,Ybus EMT reconstruction using exact complex bus-voltage phasors when available; otherwise diagnostic fallback
9.46,0.009095569417730154,0.0014647332565600468,0.009095569417730154,0.0014647332565600468,0.009095569417730154,0.0014647332565600468,-6.270904430582263,-1.0285352667434426,-6.279999999999993,-1.0300000000000027,0.0,0.0,Vmag_get_voltage_magnitude_series__angle_get_voltage_angle_series,true,Unknown,Ybus EMT reconstruction using exact complex bus-voltage phasors when available; otherwise diagnostic fallback
9.47,0.009095616258818495,0.0014647409393131472,0.009095616258818495,0.0014647409393131472,0.009095616258818495,0.0014647409393131472,-6.270904383741175,-1.0285352590606895,-6.279999999999993,-1.0300000000000027,0.0,0.0,Vmag_get_voltage_magnitude_series__angle_get_voltage_angle_series,true,Unknown,Ybus EMT reconstruction using exact complex bus-voltage phasors when available; otherwise diagnostic fallback
9.48,0.009095663620030336,0.0014647487073384813,0.009095663620030336,0.0014647487073384813,0.009095663620030336,0.0014647487073384813,-6.270904336379963,-1.0285352512926642,-6.279999999999993,-1.0300000000000027,0.0,0.0,Vmag_get_voltage_magnitude_series__angle_get_voltage_angle_series,true,Unknown,Ybus EMT reconstruction using exact complex bus-voltage phasors when available; otherwise diagnostic fallback
9.49,0.009095711488462221,0.0014647565585779176,0.009095711488462221,0.0014647565585779176,0.009095711488462221,0.0014647565585779176,-6.270904288511531,-1.0285352434414248,-6.279999999999993,-1.0300000000000027,0.0,0.0,Vmag_get_voltage_magnitude_series__angle_get_voltage_angle_series,true,Unknown,Ybus EMT reconstruction using exact complex bus-voltage phasors when available; otherwise diagnostic fallback
9.5,0.00909575985130573,0.001464764490964443,0.00909575985130573,0.001464764490964443,0.00909575985130573,0.001464764490964443,-6.270904240148687,-1.0285352355090382,-6.279999999999993,-1.0300000000000027,0.0,0.0,Vmag_get_voltage_magnitude_series__angle_get_voltage_angle_series,true,Unknown,Ybus EMT reconstruction using exact complex bus-voltage phasors when available; otherwise diagnostic fallback
9.51,0.00909580869596116,0.0014647725023537728,0.00909580869596116,0.0014647725023537728,0.00909580869596116,0.0014647725023537728,-6.270904191304032,-1.028535227497649,-6.279999999999993,-1.0300000000000027,0.0,0.0,Vmag_get_voltage_magnitude_series__angle_get_voltage_angle_series,true,Unknown,Ybus EMT reconstruction using exact complex bus-voltage phasors when available; otherwise diagnostic fallback
9.52,0.009095858009825264,0.0014647805907246347,0.009095858009825264,0.0014647805907246347,0.009095858009825264,0.0014647805907246347,-6.270904141990168,-1.028535219409278,-6.279999999999993,-1.0300000000000027,0.0,0.0,Vmag_get_voltage_magnitude_series__angle_get_voltage_angle_series,true,Unknown,Ybus EMT reconstruction using exact complex bus-voltage phasors when available; otherwise diagnostic fallback
9.53,0.009095907780451107,0.0014647887539298576,0.009095907780451107,0.0014647887539298576,0.009095907780451107,0.0014647887539298576,-6.270904092219542,-1.0285352112460728,-6.279999999999993,-1.0300000000000027,0.0,0.0,Vmag_get_voltage_magnitude_series__angle_get_voltage_angle_series,true,Unknown,Ybus EMT reconstruction using exact complex bus-voltage phasors when available; otherwise diagnostic fallback
9.54,0.009095957995527648,0.0014647969900845048,0.009095957995527648,0.0014647969900845048,0.009095957995527648,0.0014647969900845048,-6.2709040420044655,-1.0285352030099182,-6.279999999999993,-1.0300000000000027,0.0,0.0,Vmag_get_voltage_magnitude_series__angle_get_voltage_angle_series,true,Unknown,Ybus EMT reconstruction using exact complex bus-voltage phasors when available; otherwise diagnostic fallback
9.55,0.009096008642811348,0.0014648052971788506,0.009096008642811348,0.0014648052971788506,0.009096008642811348,0.0014648052971788506,-6.270903991357182,-1.0285351947028238,-6.279999999999993,-1.0300000000000027,0.0,0.0,Vmag_get_voltage_magnitude_series__angle_get_voltage_angle_series,true,Unknown,Ybus EMT reconstruction using exact complex bus-voltage phasors when available; otherwise diagnostic fallback
9.56,0.009096059710181237,0.0014648136730852634,0.009096059710181237,0.0014648136730852634,0.009096059710181237,0.0014648136730852634,-6.270903940289812,-1.0285351863269174,-6.279999999999993,-1.0300000000000027,0.0,0.0,Vmag_get_voltage_magnitude_series__angle_get_voltage_angle_series,true,Unknown,Ybus EMT reconstruction using exact complex bus-voltage phasors when available; otherwise diagnostic fallback
9.57,0.009096111185622036,0.0014648221159883068,0.009096111185622036,0.0014648221159883068,0.009096111185622036,0.0014648221159883068,-6.270903888814371,-1.0285351778840144,-6.279999999999993,-1.0300000000000027,0.0,0.0,Vmag_get_voltage_magnitude_series__angle_get_voltage_angle_series,true,Unknown,Ybus EMT reconstruction using exact complex bus-voltage phasors when available; otherwise diagnostic fallback
9.58,0.009096163057245477,0.0014648306238824738,0.009096163057245477,0.0014648306238824738,0.009096163057245477,0.0014648306238824738,-6.270903836942748,-1.0285351693761202,-6.279999999999993,-1.0300000000000027,0.0,0.0,Vmag_get_voltage_magnitude_series__angle_get_voltage_angle_series,true,Unknown,Ybus EMT reconstruction using exact complex bus-voltage phasors when available; otherwise diagnostic fallback
9.59,0.00909621531324234,0.00146483919478535,0.00909621531324234,0.00146483919478535,0.00909621531324234,0.00146483919478535,-6.270903784686751,-1.0285351608052173,-6.279999999999993,-1.0300000000000027,0.0,0.0,Vmag_get_voltage_magnitude_series__angle_get_voltage_angle_series,true,Unknown,Ybus EMT reconstruction using exact complex bus-voltage phasors when available; otherwise diagnostic fallback
9.6,0.009096267941926861,0.0014648478268173282,0.009096267941926861,0.0014648478268173282,0.009096267941926861,0.0014648478268173282,-6.270903732058066,-1.0285351521731854,-6.279999999999993,-1.0300000000000027,0.0,0.0,Vmag_get_voltage_magnitude_series__angle_get_voltage_angle_series,true,Unknown,Ybus EMT reconstruction using exact complex bus-voltage phasors when available; otherwise diagnostic fallback
9.61,0.009096320931731405,0.001464856518061497,0.009096320931731405,0.001464856518061497,0.009096320931731405,0.001464856518061497,-6.270903679068262,-1.0285351434819412,-6.279999999999993,-1.0300000000000027,0.0,0.0,Vmag_get_voltage_magnitude_series__angle_get_voltage_angle_series,true,Unknown,Ybus EMT reconstruction using exact complex bus-voltage phasors when available; otherwise diagnostic fallback
9.62,0.00909637427117449,0.0014648652667110795,0.00909637427117449,0.0014648652667110795,0.00909637427117449,0.0014648652667110795,-6.270903625728819,-1.0285351347332916,-6.279999999999993,-1.0300000000000027,0.0,0.0,Vmag_get_voltage_magnitude_series__angle_get_voltage_angle_series,true,Unknown,Ybus EMT reconstruction using exact complex bus-voltage phasors when available; otherwise diagnostic fallback
9.63,0.009096427948895425,0.0014648740707985386,0.009096427948895425,0.0014648740707985386,0.009096427948895425,0.0014648740707985386,-6.270903572051098,-1.0285351259292042,-6.279999999999993,-1.0300000000000027,0.0,0.0,Vmag_get_voltage_magnitude_series__angle_get_voltage_angle_series,true,Unknown,Ybus EMT reconstruction using exact complex bus-voltage phasors when available; otherwise diagnostic fallback
9.64,0.009096481953643654,0.0014648829286023624,0.009096481953643654,0.0014648829286023624,0.009096481953643654,0.0014648829286023624,-6.2709035180463495,-1.0285351170714003,-6.279999999999993,-1.0300000000000027,0.0,0.0,Vmag_get_voltage_magnitude_series__angle_get_voltage_angle_series,true,Unknown,Ybus EMT reconstruction using exact complex bus-voltage phasors when available; otherwise diagnostic fallback
9.65,0.009096536274255662,0.0014648918381450216,0.009096536274255662,0.0014648918381450216,0.009096536274255662,0.0014648918381450216,-6.2709034637257375,-1.0285351081618577,-6.279999999999993,-1.0300000000000027,0.0,0.0,Vmag_get_voltage_magnitude_series__angle_get_voltage_angle_series,true,Unknown,Ybus EMT reconstruction using exact complex bus-voltage phasors when available; otherwise diagnostic fallback
9.66,0.009096590899727808,0.0014649007976992312,0.009096590899727808,0.0014649007976992312,0.009096590899727808,0.0014649007976992312,-6.270903409100265,-1.0285350992023035,-6.279999999999993,-1.0300000000000027,0.0,0.0,Vmag_get_voltage_magnitude_series__angle_get_voltage_angle_series,true,Unknown,Ybus EMT reconstruction using exact complex bus-voltage phasors when available; otherwise diagnostic fallback
9.67,0.009096645819102633,0.001464909805456882,0.009096645819102633,0.001464909805456882,0.009096645819102633,0.001464909805456882,-6.2709033541808905,-1.0285350901945458,-6.279999999999993,-1.0300000000000027,0.0,0.0,Vmag_get_voltage_magnitude_series__angle_get_voltage_angle_series,true,Unknown,Ybus EMT reconstruction using exact complex bus-voltage phasors when available; otherwise diagnostic fallback
9.68,0.009096701021553244,0.0014649188596851381,0.009096701021553244,0.0014649188596851381,0.009096701021553244,0.0014649188596851381,-6.27090329897844,-1.0285350811403176,-6.279999999999993,-1.0300000000000027,0.0,0.0,Vmag_get_voltage_magnitude_series__angle_get_voltage_angle_series,true,Unknown,Ybus EMT reconstruction using exact complex bus-voltage phasors when available; otherwise diagnostic fallback
9.69,0.009096756496394853,0.0014649279585274844,0.009096756496394853,0.0014649279585274844,0.009096756496394853,0.0014649279585274844,-6.270903243503598,-1.0285350720414752,-6.279999999999993,-1.0300000000000027,0.0,0.0,Vmag_get_voltage_magnitude_series__angle_get_voltage_angle_series,true,Unknown,Ybus EMT reconstruction using exact complex bus-voltage phasors when available; otherwise diagnostic fallback
9.7,0.009096812232987972,0.0014649371003452316,0.009096812232987972,0.0014649371003452316,0.009096812232987972,0.0014649371003452316,-6.270903187767005,-1.0285350628996575,-6.279999999999993,-1.0300000000000027,0.0,0.0,Vmag_get_voltage_magnitude_series__angle_get_voltage_angle_series,true,Unknown,Ybus EMT reconstruction using exact complex bus-voltage phasors when available; otherwise diagnostic fallback
9.71,0.009096868220838772,0.0014649462833755678,0.009096868220838772,0.0014649462833755678,0.009096868220838772,0.0014649462833755678,-6.270903131779154,-1.0285350537166271,-6.279999999999993,-1.0300000000000027,0.0,0.0,Vmag_get_voltage_magnitude_series__angle_get_voltage_angle_series,true,Unknown,Ybus EMT reconstruction using exact complex bus-voltage phasors when available; otherwise diagnostic fallback
9.72,0.009096924449564447,0.0014649555059011998,0.009096924449564447,0.0014649555059011998,0.009096924449564447,0.0014649555059011998,-6.270903075550429,-1.0285350444941015,-6.279999999999993,-1.0300000000000027,0.0,0.0,Vmag_get_voltage_magnitude_series__angle_get_voltage_angle_series,true,Unknown,Ybus EMT reconstruction using exact complex bus-voltage phasors when available; otherwise diagnostic fallback
9.73,0.009096980908859464,0.0014649647663083076,0.009096980908859464,0.0014649647663083076,0.009096980908859464,0.0014649647663083076,-6.270903019091134,-1.0285350352336944,-6.279999999999993,-1.0300000000000027,0.0,0.0,Vmag_get_voltage_magnitude_series__angle_get_voltage_angle_series,true,Unknown,Ybus EMT reconstruction using exact complex bus-voltage phasors when available; otherwise diagnostic fallback
9.74,0.009097037588555068,0.0014649740627696861,0.009097037588555068,0.0014649740627696861,0.009097037588555068,0.0014649740627696861,-6.270902962411438,-1.028535025937233,-6.279999999999993,-1.0300000000000027,0.0,0.0,Vmag_get_voltage_magnitude_series__angle_get_voltage_angle_series,true,Unknown,Ybus EMT reconstruction using exact complex bus-voltage phasors when available; otherwise diagnostic fallback
9.75,0.00909709447857665,0.001464983393770103,0.00909709447857665,0.001464983393770103,0.00909709447857665,0.001464983393770103,-6.2709029055214165,-1.0285350166062326,-6.279999999999993,-1.0300000000000027,0.0,0.0,Vmag_get_voltage_magnitude_series__angle_get_voltage_angle_series,true,Unknown,Ybus EMT reconstruction using exact complex bus-voltage phasors when available; otherwise diagnostic fallback
9.76,0.009097151568935757,0.0014649927576406707,0.009097151568935757,0.0014649927576406707,0.009097151568935757,0.0014649927576406707,-6.270902848431057,-1.028535007242362,-6.279999999999993,-1.0300000000000027,0.0,0.0,Vmag_get_voltage_magnitude_series__angle_get_voltage_angle_series,true,Unknown,Ybus EMT reconstruction using exact complex bus-voltage phasors when available; otherwise diagnostic fallback
9.77,0.009097208849768279,0.0014650021527538026,0.009097208849768279,0.0014650021527538026,0.009097208849768279,0.0014650021527538026,-6.270902791150225,-1.0285349978472489,-6.279999999999993,-1.0300000000000027,0.0,0.0,Vmag_get_voltage_magnitude_series__angle_get_voltage_angle_series,true,Unknown,Ybus EMT reconstruction using exact complex bus-voltage phasors when available; otherwise diagnostic fallback
9.78,0.009097266311340668,0.0014650115774668127,0.009097266311340668,0.0014650115774668127,0.009097266311340668,0.0014650115774668127,-6.2709027336886525,-1.0285349884225359,-6.279999999999993,-1.0300000000000027,0.0,0.0,Vmag_get_voltage_magnitude_series__angle_get_voltage_angle_series,true,Unknown,Ybus EMT reconstruction using exact complex bus-voltage phasors when available; otherwise diagnostic fallback
9.79,0.009097323943985103,0.0014650210302686872,0.009097323943985103,0.0014650210302686872,0.009097323943985103,0.0014650210302686872,-6.270902676056008,-1.028534978969734,-6.279999999999993,-1.0300000000000027,0.0,0.0,Vmag_get_voltage_magnitude_series__angle_get_voltage_angle_series,true,Unknown,Ybus EMT reconstruction using exact complex bus-voltage phasors when available; otherwise diagnostic fallback
9.8,0.009097381738164323,0.0014650305095720295,0.009097381738164323,0.0014650305095720295,0.009097381738164323,0.0014650305095720295,-6.270902618261829,-1.0285349694904307,-6.279999999999993,-1.0300000000000027,0.0,0.0,Vmag_get_voltage_magnitude_series__angle_get_voltage_angle_series,true,Unknown,Ybus EMT reconstruction using exact complex bus-voltage phasors when available; otherwise diagnostic fallback
9.81,0.00909743968439436,0.001465040013881591,0.00909743968439436,0.001465040013881591,0.00909743968439436,0.001465040013881591,-6.270902560315599,-1.028534959986121,-6.279999999999993,-1.0300000000000027,0.0,0.0,Vmag_get_voltage_magnitude_series__angle_get_voltage_angle_series,true,Unknown,Ybus EMT reconstruction using exact complex bus-voltage phasors when available; otherwise diagnostic fallback
9.82,0.009097497773375984,0.00146504954152471,0.009097497773375984,0.00146504954152471,0.009097497773375984,0.00146504954152471,-6.270902502226617,-1.028534950458478,-6.279999999999993,-1.0300000000000027,0.0,0.0,Vmag_get_voltage_magnitude_series__angle_get_voltage_angle_series,true,Unknown,Ybus EMT reconstruction using exact complex bus-voltage phasors when available; otherwise diagnostic fallback
9.83,0.00909755599585882,0.001465059091056986,0.00909755599585882,0.001465059091056986,0.00909755599585882,0.001465059091056986,-6.270902444004134,-1.0285349409089457,-6.279999999999993,-1.0300000000000027,0.0,0.0,Vmag_get_voltage_magnitude_series__angle_get_voltage_angle_series,true,Unknown,Ybus EMT reconstruction using exact complex bus-voltage phasors when available; otherwise diagnostic fallback
9.84,0.009097614342738147,0.0014650686610302444,0.009097614342738147,0.0014650686610302444,0.009097614342738147,0.0014650686610302444,-6.270902385657255,-1.0285349313389724,-6.279999999999993,-1.0300000000000027,0.0,0.0,Vmag_get_voltage_magnitude_series__angle_get_voltage_angle_series,true,Unknown,Ybus EMT reconstruction using exact complex bus-voltage phasors when available; otherwise diagnostic fallback
9.85,0.009097672804946555,0.0014650782499538995,0.009097672804946555,0.0014650782499538995,0.009097672804946555,0.0014650782499538995,-6.270902327195047,-1.0285349217500488,-6.279999999999993,-1.0300000000000027,0.0,0.0,Vmag_get_voltage_magnitude_series__angle_get_voltage_angle_series,true,Unknown,Ybus EMT reconstruction using exact complex bus-voltage phasors when available; otherwise diagnostic fallback
9.86,0.009097731373577389,0.0014650878562563197,0.009097731373577389,0.0014650878562563197,0.009097731373577389,0.0014650878562563197,-6.270902268626416,-1.0285349121437464,-6.279999999999993,-1.0300000000000027,0.0,0.0,Vmag_get_voltage_magnitude_series__angle_get_voltage_angle_series,true,Unknown,Ybus EMT reconstruction using exact complex bus-voltage phasors when available; otherwise diagnostic fallback
9.87,0.009097790039825249,0.0014650974785628268,0.009097790039825249,0.0014650974785628268,0.009097790039825249,0.0014650974785628268,-6.270902209960168,-1.0285349025214399,-6.279999999999993,-1.0300000000000027,0.0,0.0,Vmag_get_voltage_magnitude_series__angle_get_voltage_angle_series,true,Unknown,Ybus EMT reconstruction using exact complex bus-voltage phasors when available; otherwise diagnostic fallback
9.88,0.009097848794927366,0.0014651071155209472,0.009097848794927366,0.0014651071155209472,0.009097848794927366,0.0014651071155209472,-6.270902151205066,-1.0285348928844817,-6.279999999999993,-1.0300000000000027,0.0,0.0,Vmag_get_voltage_magnitude_series__angle_get_voltage_angle_series,true,Unknown,Ybus EMT reconstruction using exact complex bus-voltage phasors when available; otherwise diagnostic fallback
9.89,0.009097907630311042,0.001465116765602792,0.009097907630311042,0.001465116765602792,0.009097907630311042,0.001465116765602792,-6.270902092369682,-1.0285348832344,-6.279999999999993,-1.0300000000000027,0.0,0.0,Vmag_get_voltage_magnitude_series__angle_get_voltage_angle_series,true,Unknown,Ybus EMT reconstruction using exact complex bus-voltage phasors when available; otherwise diagnostic fallback
9.9,0.009097966537435553,0.0014651264274720965,0.009097966537435553,0.0014651264274720965,0.009097966537435553,0.0014651264274720965,-6.270902033462558,-1.0285348735725306,-6.279999999999993,-1.0300000000000027,0.0,0.0,Vmag_get_voltage_magnitude_series__angle_get_voltage_angle_series,true,Unknown,Ybus EMT reconstruction using exact complex bus-voltage phasors when available; otherwise diagnostic fallback
9.91,0.009098025507901397,0.0014651360996813523,0.009098025507901397,0.0014651360996813523,0.009098025507901397,0.0014651360996813523,-6.270901974492092,-1.0285348639003213,-6.279999999999993,-1.0300000000000027,0.0,0.0,Vmag_get_voltage_magnitude_series__angle_get_voltage_angle_series,true,Unknown,Ybus EMT reconstruction using exact complex bus-voltage phasors when available; otherwise diagnostic fallback
9.92,0.009098084533383677,0.0014651457810208601,0.009098084533383677,0.0014651457810208601,0.009098084533383677,0.0014651457810208601,-6.2709019154666095,-1.0285348542189818,-6.279999999999993,-1.0300000000000027,0.0,0.0,Vmag_get_voltage_magnitude_series__angle_get_voltage_angle_series,true,Unknown,Ybus EMT reconstruction using exact complex bus-voltage phasors when available; otherwise diagnostic fallback
9.93,0.009098143605680065,0.001465155469971613,0.009098143605680065,0.001465155469971613,0.009098143605680065,0.001465155469971613,-6.270901856394313,-1.028534844530031,-6.279999999999993,-1.0300000000000027,0.0,0.0,Vmag_get_voltage_magnitude_series__angle_get_voltage_angle_series,true,Unknown,Ybus EMT reconstruction using exact complex bus-voltage phasors when available; otherwise diagnostic fallback
9.94,0.009098202716676163,0.0014651651652870523,0.009098202716676163,0.0014651651652870523,0.009098202716676163,0.0014651651652870523,-6.270901797283317,-1.0285348348347156,-6.279999999999993,-1.0300000000000027,0.0,0.0,Vmag_get_voltage_magnitude_series__angle_get_voltage_angle_series,true,Unknown,Ybus EMT reconstruction using exact complex bus-voltage phasors when available; otherwise diagnostic fallback
9.95,0.009098261858373924,0.0014651748656246966,0.009098261858373924,0.0014651748656246966,0.009098261858373924,0.0014651748656246966,-6.270901738141619,-1.028534825134378,-6.279999999999993,-1.0300000000000027,0.0,0.0,Vmag_get_voltage_magnitude_series__angle_get_voltage_angle_series,true,Unknown,Ybus EMT reconstruction using exact complex bus-voltage phasors when available; otherwise diagnostic fallback
9.96,0.009098321022851685,0.00146518456964162,0.009098321022851685,0.00146518456964162,0.009098321022851685,0.00146518456964162,-6.2709016789771415,-1.028534815430361,-6.279999999999993,-1.0300000000000027,0.0,0.0,Vmag_get_voltage_magnitude_series__angle_get_voltage_angle_series,true,Unknown,Ybus EMT reconstruction using exact complex bus-voltage phasors when available; otherwise diagnostic fallback
9.97,0.009098380202312129,0.0014651942762029524,0.009098380202312129,0.0014651942762029524,0.009098380202312129,0.0014651942762029524,-6.270901619797681,-1.0285348057237997,-6.279999999999993,-1.0300000000000027,0.0,0.0,Vmag_get_voltage_magnitude_series__angle_get_voltage_angle_series,true,Unknown,Ybus EMT reconstruction using exact complex bus-voltage phasors when available; otherwise diagnostic fallback
9.98,0.009098439389020996,0.0014652039838989328,0.009098439389020996,0.0014652039838989328,0.009098439389020996,0.0014652039838989328,-6.270901560610972,-1.0285347960161038,-6.279999999999993,-1.0300000000000027,0.0,0.0,Vmag_get_voltage_magnitude_series__angle_get_voltage_angle_series,true,Unknown,Ybus EMT reconstruction using exact complex bus-voltage phasors when available; otherwise diagnostic fallback
9.99,0.009098498575393243,0.0014652136915660474,0.009098498575393243,0.0014652136915660474,0.009098498575393243,0.0014652136915660474,-6.2709015014246,-1.0285347863084366,-6.279999999999993,-1.0300000000000027,0.0,0.0,Vmag_get_voltage_magnitude_series__angle_get_voltage_angle_series,true,Unknown,Ybus EMT reconstruction using exact complex bus-voltage phasors when available; otherwise diagnostic fallback
10.0,0.009098557753904224,0.0014652233979679519,0.009098557753904224,0.0014652233979679519,0.009098557753904224,0.0014652233979679519,-6.270901442246089,-1.0285347766020347,-6.279999999999993,-1.0300000000000027,0.0,0.0,Vmag_get_voltage_magnitude_series__angle_get_voltage_angle_series,true,Unknown,Ybus EMT reconstruction using exact complex bus-voltage phasors when available; otherwise diagnostic fallback
